CustomerID,GrossRevenue,SalesOrders,UnitsSold,ReturnValue,ReturnOrders,ReturnedUnits,NetRevenue,ReturnRate,ReturnValueRate,Recency,Frequency,Monetary,Segment,CustomerLifetimeDays,AverageOrderValue,CumulativeNetRevenue,CumulativeRevenuePct,RevenueRank
18102.0,608821.65,145,188340,-10606.43,8.0,1230.0,598215.22,0.05517241379310345,0.017421243150600837,1,145,608821.65,Champions,738,4198.77,598215.22,3.591925510009139,1
14646.0,528602.52,151,367193,-5260.45,12.0,2613.0,523342.07,0.07947019867549669,0.00995161733243345,2,151,528602.52,Champions,736,3500.678940397351,1121557.29,6.7342824224494295,2
14156.0,313759.82,156,165873,-17381.68,46.0,2082.0,296378.14,0.2948717948717949,0.05539804299989718,10,156,313759.82,Champions,729,2011.2808974358973,1417935.4300000002,8.513856338464237,3
14911.0,295832.39,398,149949,-25662.9,112.0,6472.0,270169.49,0.2814070351758794,0.08674810760241636,2,398,295832.39,Champions,737,743.2974623115579,1688104.9200000002,10.13606294691054,4
17450.0,246813.09,51,84700,-13393.7,10.0,3724.0,233419.38999999998,0.19607843137254902,0.05426657070741264,9,51,246813.09,Champions,430,4839.472352941177,1921524.31,11.537607129406886,5
13694.0,196482.81,143,189205,-5619.85,21.0,3667.0,190862.96,0.14685314685314685,0.028602247697902938,4,143,196482.81,Champions,732,1374.0056643356645,2112387.27,12.683625338271337,6
17511.0,175603.55,60,119656,-3717.57,25.0,1743.0,171885.97999999998,0.4166666666666667,0.021170243995636766,3,60,175603.55,Champions,735,2926.725833333333,2284273.25,13.715698103613082,7
12415.0,144458.37,28,91447,-1189.08,5.0,428.0,143269.29,0.17857142857142858,0.008231298747175398,25,28,144458.37,Champions,503,5159.2275,2427542.54,14.575944717786319,8
16684.0,147142.77,55,104810,-5640.52,10.0,3715.0,141502.25,0.18181818181818182,0.038333653770416316,5,55,147142.77,Champions,728,2675.3230909090908,2569044.79,15.425581310948711,9
15061.0,137818.52,127,80711,-1427.04,11.0,726.0,136391.47999999998,0.08661417322834646,0.010354486465244294,4,127,137818.52,Champions,735,1085.1851968503936,2705436.27,16.244530779268658,10
15311.0,116575.49,208,70931,-3258.09,62.0,1283.0,113317.40000000001,0.2980769230769231,0.027948327731669838,1,208,116575.49,Champions,738,560.4590865384615,2818753.67,16.924934162833374,11
13089.0,116647.53,203,60150,-3523.6699999999996,44.0,991.0,113123.86,0.21674876847290642,0.030207840663235643,3,203,116647.53,Champions,735,574.6183743842364,2931877.53,17.6041754541611,12
17949.0,118628.08,118,60658,-19732.49,20.0,6330.0,98895.59,0.1694915254237288,0.16633911633737983,2,118,118628.08,Champions,736,1005.3227118644068,3030773.1199999996,18.197984472508054,13
16029.0,122035.14,107,56386,-28058.15,18.0,6537.0,93976.98999999999,0.16822429906542055,0.22991861196701213,39,107,122035.14,Champions,693,1140.5153271028037,3124750.1099999994,18.762260232216864,14
14298.0,91194.49,82,100272,-705.1800000000001,2.0,418.0,90489.31000000001,0.024390243902439025,0.0077327040263068525,9,82,91194.49,Champions,720,1112.1279268292683,3215239.4199999995,19.305594554222452,15
15769.0,88704.32,46,49104,-4434.9400000000005,5.0,2014.0,84269.38,0.10869565217391304,0.049996888539363134,8,46,88704.32,Champions,721,1928.354782608696,3299508.7999999993,19.811581907293565,16
13798.0,75836.87,110,48347,-2261.95,15.0,936.0,73574.92,0.13636363636363635,0.029826521057633313,2,110,75836.87,Champions,730,689.4260909090908,3373083.7199999993,20.253355408216663,17
15838.0,74163.0,34,64664,-758.89,4.0,18840.0,73404.11,0.11764705882352941,0.01023273060690641,12,34,74163.0,Champions,713,2181.264705882353,3446487.829999999,20.694103296992406,18
12931.0,92347.34,57,62906,-21047.670000000002,14.0,14561.0,71299.67,0.24561403508771928,0.22791853019264013,22,57,92347.34,Champions,717,1620.1287719298246,3517787.499999999,21.122215279045008,19
17841.0,70081.86,211,37166,-1367.88,78.0,438.0,68713.98,0.3696682464454976,0.019518317578899876,2,211,70081.86,Champions,736,332.1415165876777,3586501.479999999,21.53480173523089,20
14088.0,64036.8,16,15276,-1636.78,4.0,97.0,62400.020000000004,0.25,0.02555999050545936,11,16,64036.8,Champions,411,4002.3,3648901.499999999,21.90947662842916,21
16422.0,63589.07,109,66273,-2540.93,37.0,3285.0,61048.14,0.3394495412844037,0.03995859665819928,18,109,63589.07,Champions,679,583.3859633027523,3709949.639999999,22.276034288738455,22
13081.0,59205.15,28,41423,-877.0,16.0,363.0,58328.15,0.5714285714285714,0.014812900566927032,12,28,59205.15,Champions,720,2114.469642857143,3768277.789999999,22.626260031802364,23
14096.0,65164.79,17,16352,-8043.88,17.0,17.0,57120.91,1.0,0.12343905351340809,5,17,65164.79,Champions,97,3833.222941176471,3825398.6999999993,22.969237018887274,24
16754.0,67502.47,29,67831,-10941.89,6.0,9361.0,56560.58,0.20689655172413793,0.1620961425559687,373,29,67502.47,At Risk High Value,269,2327.671379310345,3881959.2799999993,23.30884955860653,25
13777.0,56478.42,61,26742,-461.85,12.0,176.0,56016.57,0.19672131147540983,0.008177459638566377,1,61,56478.42,Champions,737,925.875737704918,3937975.849999999,23.645195642823865,26
17850.0,56600.08,155,22785,-801.1,4.0,176.0,55798.98,0.025806451612903226,0.014153690242133933,373,155,56600.08,At Risk High Value,362,365.1618064516129,3993774.829999999,23.98023522890208,27
14680.0,57369.38,58,27358,-2608.48,29.0,1343.0,54760.899999999994,0.5,0.04546815740382762,26,58,57369.38,Champions,710,989.1272413793102,4048535.729999999,24.30904176388302,28
17389.0,57215.33,61,17880,-2637.65,16.0,362.0,54577.68,0.26229508196721313,0.04610040700630408,1,61,57215.33,Champions,735,937.9562295081968,4103113.409999999,24.63674817207022,29
13093.0,54943.65,55,26227,-869.92,33.0,172.0,54073.73,0.6,0.015832948848502056,276,55,54943.65,At Risk High Value,460,998.9754545454546,4157187.139999999,24.961428661156315,30
16013.0,57140.44,84,25880,-4657.52,10.0,2009.0,52482.92,0.11904761904761904,0.08151004787502512,4,84,57140.44,Champions,728,680.2433333333333,4209670.06,25.27655728524544,31
13408.0,51733.462,106,29499,-880.61,29.0,162.0,50852.852,0.27358490566037735,0.01702205817967489,2,106,51733.462,Champions,734,488.0515283018868,4260522.912,25.581898323468298,32
12748.0,55511.09,336,38396,-6614.26,28.0,2026.0,48896.829999999994,0.08333333333333333,0.11915204691531009,1,336,55511.09,Champions,735,165.21157738095238,4309419.742,25.875494616514104,33
17404.0,47781.12,23,50679,-1774.3,5.0,674.0,46006.82,0.21739130434782608,0.037133913981087084,5,23,47781.12,Champions,697,2077.44,4355426.562,26.151738123645867,34
13881.0,45179.1,43,29760,-786.6,8.0,314.0,44392.5,0.18604651162790697,0.017410705392537702,4,43,45179.1,Champions,642,1050.6767441860466,4399819.062,26.41828860225636,35
16705.0,43515.051,42,22302,-861.91,19.0,301.0,42653.140999999996,0.4523809523809524,0.019807169707786853,1,42,43515.051,Champions,730,1036.072642857143,4442472.203,26.67439526774695,36
17381.0,40002.37,38,45767,-3.18,1.0,3.0,39999.19,0.02631578947368421,7.949528990407318e-05,9,38,40002.37,Champions,540,1052.693947368421,4482471.393,26.914566540789288,37
15039.0,39726.89,93,18036,-288.44,14.0,125.0,39438.45,0.15053763440860216,0.007260573379894575,10,93,39726.89,Champions,720,427.1708602150538,4521909.843,27.15137090466057,38
16210.0,38489.51,35,14263,-185.45,2.0,31.0,38304.060000000005,0.05714285714285714,0.004818195918836067,2,35,38489.51,Champions,736,1099.700285714286,4560213.903,27.381363933341653,39
14031.0,40919.58,44,14468,-2973.2,11.0,550.0,37946.380000000005,0.25,0.07265959230275579,8,44,40919.58,Champions,729,929.9904545454546,4598160.283,27.609209307009174,40
12471.0,39918.19,79,16858,-2015.1799999999998,50.0,433.0,37903.01,0.6329113924050633,0.05048274984411868,3,79,39918.19,Champions,730,505.2935443037975,4636063.293,27.836794269700583,41
17675.0,38259.6,70,16416,-653.76,20.0,190.0,37605.84,0.2857142857142857,0.01708747608443371,2,70,38259.6,Champions,728,546.5657142857143,4673669.132999999,28.062594903829087,42
17677.0,36675.06,54,21933,-826.28,37.0,190.0,35848.78,0.6851851851851852,0.022529751825900217,2,54,36675.06,Champions,722,679.1677777777777,4709517.913,28.27784544089283,43
13767.0,35540.53,73,15235,-424.85,23.0,96.0,35115.68,0.3150684931506849,0.01195395791790387,3,73,35540.53,Champions,736,486.85657534246576,4744633.592999999,28.488694149812865,44
12921.0,35921.04,74,21708,-1281.5900000000001,29.0,435.0,34639.45,0.3918918918918919,0.035677975916064794,10,74,35921.04,Champions,729,485.41945945945946,4779273.043,28.69668338169447,45
12678.0,34281.18,21,22372,-430.05,2.0,139.0,33851.13,0.09523809523809523,0.012544784047690308,43,21,34281.18,Champions,659,1632.4371428571428,4813124.1729999995,28.89993922227579,46
15856.0,33847.27,52,20225,-402.90000000000003,6.0,100.0,33444.369999999995,0.11538461538461539,0.011903471092351025,5,52,33847.27,Champions,732,650.9090384615384,4846568.543,29.100752711723928,47
16779.0,33165.94,53,19544,-286.63,9.0,127.0,32879.310000000005,0.16981132075471697,0.008642299901646085,3,53,33165.94,Champions,734,625.7724528301887,4879447.852999999,29.298173352978246,48
17428.0,31819.760000000002,45,17504,-581.7,6.0,113.0,31238.06,0.13333333333333333,0.018281093257774415,1,45,31819.76,Champions,738,707.1057777777778,4910685.912999999,29.485739267127332,49
14258.0,32051.34,25,17488,-1023.99,7.0,241.0,31027.35,0.28,0.03194843023723813,10,25,32051.34,Champions,726,1282.0536,4941713.262999998,29.67203999343279,50
12681.0,30868.28,45,17596,-316.52,11.0,96.0,30551.76,0.24444444444444444,0.010253891697237423,15,45,30868.28,Champions,712,685.9617777777778,4972265.022999998,29.855485085518,51
13902.0,34095.26,5,220600,-3684.0,3.0,2510.0,30411.260000000002,0.6,0.1080502099118763,633,5,34095.26,At Risk High Value,92,6819.052000000001,5002676.282999998,30.03808655892338,52
12709.0,30814.46,34,13911,-780.73,21.0,207.0,30033.73,0.6176470588235294,0.025336481638815026,16,34,30814.46,Champions,715,906.3076470588236,5032710.012999998,30.218421189907406,53
14606.0,30558.25,192,15474,-766.68,67.0,335.0,29791.57,0.3489583333333333,0.025089133049176572,2,192,30558.25,Champions,735,159.15755208333334,5062501.582999999,30.3973017945604,54
13078.0,29532.45,57,12183,-648.62,38.0,160.0,28883.83,0.6666666666666666,0.021962959388740183,4,57,29532.45,Champions,735,518.1131578947369,5091385.412999999,30.570731962057252,55
13098.0,28882.44,28,15968,-223.56,13.0,57.0,28658.879999999997,0.4642857142857143,0.007740343267397076,2,28,28882.44,Champions,316,1031.5157142857142,5120044.292999999,30.742811439005852,56
17857.0,28682.24,24,22060,-115.7,2.0,170.0,28566.54,0.08333333333333333,0.004033855096394145,5,24,28682.24,Champions,637,1195.0933333333337,5148610.832999999,30.91433646934309,57
15513.0,27750.55,35,10831,-486.1,6.0,216.0,27264.45,0.17142857142857143,0.017516769937893126,34,35,27750.55,Champions,662,792.8728571428571,5175875.282999999,31.078043226037394,58
17940.0,30306.79,16,85148,-3433.17,6.0,6.0,26873.620000000003,0.375,0.11328055528150623,50,16,30306.79,Champions,687,1894.174375,5202748.902999999,31.23940328174492,59
16333.0,26626.8,22,32184,0.0,0.0,0.0,26626.8,0.0,0.0,8,22,26626.8,Champions,302,1210.3090909090909,5229375.702999999,31.399281330601504,60
18251.0,26278.86,9,39639,0.0,0.0,0.0,26278.86,0.0,0.0,88,9,26278.86,Potential Loyalists,630,2919.873333333333,5255654.562999999,31.557070207333794,61
14527.0,27764.21,122,6755,-2017.76,68.0,207.0,25746.45,0.5573770491803278,0.07267485730730318,3,122,27764.21,Champions,735,227.57549180327868,5281401.012999999,31.711662279643782,62
12731.0,25775.71,17,11641,-102.5,2.0,71.0,25673.21,0.11764705882352941,0.003976612089443899,24,17,25775.71,Champions,624,1516.2182352941177,5307074.222999999,31.865814589447638,63
17865.0,26312.190000000002,46,12950,-725.3399999999999,16.0,158.0,25586.850000000002,0.34782608695652173,0.027566690571936423,31,46,26312.19,Champions,708,572.0041304347826,5332661.072999999,32.019448358972554,64
13802.0,26259.11,19,14129,-767.55,5.0,299.0,25491.56,0.2631578947368421,0.0292298558481228,139,19,26259.11,Potential Loyalists,523,1382.0584210526315,5358152.6329999985,32.17250996889603,65
14062.0,25585.65,24,12794,-169.37,3.0,101.0,25416.280000000002,0.125,0.006619726291886272,10,24,25585.65,Champions,720,1066.06875,5383568.912999999,32.32511956733041,66
12939.0,25264.8,20,10328,0.0,0.0,0.0,25264.8,0.0,0.0,65,20,25264.8,Potential Loyalists,632,1263.24,5408833.712999999,32.476819618735455,67
12621.0,24775.81,35,13933,-196.5,9.0,58.0,24579.31,0.2571428571428571,0.00793112313986909,2,35,24775.81,Champions,667,707.8802857142857,5433413.022999998,32.62440371164339,68
14895.0,25119.54,38,10714,-630.72,10.0,69.0,24488.82,0.2631578947368421,0.025108740048583694,8,38,25119.54,Champions,722,661.0405263157895,5457901.8429999985,32.77144446608629,69
17920.0,24256.74,54,12544,-6.55,2.0,3.0,24250.190000000002,0.037037037037037035,0.0002700280416906806,5,54,24256.74,Champions,729,449.1988888888889,5482152.032999999,32.91705238974221,70
13001.0,24042.65,33,13448,-36.05,4.0,21.0,24006.600000000002,0.12121212121212122,0.0014994187412785194,5,33,24042.65,Champions,732,728.5651515151516,5506158.6329999985,33.06119770077021,71
12682.0,24025.510000000002,52,10998,-88.1,1.0,9.0,23937.410000000003,0.019230769230769232,0.0036669356862767946,4,52,24025.51,Champions,735,462.0290384615385,5530096.042999999,33.204927567125914,72
15498.0,25949.58,44,12598,-2178.77,11.0,49.0,23770.81,0.25,0.0839616672023208,3,44,25949.58,Champions,721,589.7631818181818,5553866.852999998,33.347657099872634,73
15640.0,23828.03,29,12320,-119.22,5.0,53.0,23708.809999999998,0.1724137931034483,0.005003351095327646,5,29,23828.03,Champions,721,821.6562068965517,5577575.662999998,33.49001435960762,74
16525.0,24562.74,48,14628,-1231.9,6.0,938.0,23330.84,0.125,0.05015319952090035,3,48,24562.74,Champions,735,511.72375000000005,5600906.502999998,33.630102134983744,75
12409.0,23419.29,7,13143,-328.82,6.0,116.0,23090.47,0.8571428571428571,0.014040562288609091,79,7,23419.29,Potential Loyalists,487,3345.612857142857,5623996.972999997,33.76874663191095,76
16133.0,22992.26,56,13653,-763.38,22.0,200.0,22228.879999999997,0.39285714285714285,0.03320160784542277,4,56,22992.26,Champions,615,410.5760714285714,5646225.852999997,33.902217794899634,77
12540.0,22254.49,33,11019,-147.2,3.0,10.0,22107.29,0.09090909090909091,0.006614395566917057,20,33,22254.49,Champions,713,674.3784848484848,5668333.142999997,34.03495888247707,78
13340.0,22100.56,12,9636,0.0,0.0,0.0,22100.56,0.0,0.0,46,12,22100.56,Champions,610,1841.7133333333331,5690433.702999997,34.16765956041951,79
14051.0,22394.4,37,5923,-329.5,5.0,56.0,22064.9,0.13513513513513514,0.014713499803522307,1,37,22394.4,Champions,736,605.2540540540541,5712498.602999997,34.30014612133616,80
15159.0,22116.73,34,13512,-67.33,4.0,47.0,22049.399999999998,0.11764705882352941,0.0030443017570861517,2,34,22116.73,Champions,430,650.4920588235294,5734548.002999998,34.432539613999886,81
12482.0,23691.4,29,27042,-1797.8700000000001,3.0,3.0,21893.530000000002,0.10344827586206896,0.07588703073689188,577,29,23691.4,At Risk High Value,77,816.944827586207,5756441.532999998,34.56399720030328,82
13319.0,22082.5,58,9270,-376.40999999999997,20.0,77.0,21706.09,0.3448275862068966,0.017045624363183513,6,58,22082.5,Champions,728,380.7327586206897,5778147.622999998,34.69432932123051,83
15749.0,44534.3,3,18028,-22998.4,1.0,9014.0,21535.9,0.3333333333333333,0.5164199280105447,236,3,44534.3,At Risk,97,14844.766666666668,5799683.522999998,34.82363955274052,84
14667.0,21593.05,54,12705,-206.55,7.0,66.0,21386.5,0.12962962962962962,0.009565577813231573,11,54,21593.05,Champions,727,399.8712962962963,5821070.022999998,34.95205272638028,85
17340.0,22289.22,18,11162,-993.18,12.0,117.0,21296.04,0.6666666666666666,0.044558759795093765,30,18,22289.22,Champions,634,1238.29,5842366.062999998,35.079922741687106,86
15615.0,21373.97,47,12090,-91.89999999999999,7.0,35.0,21282.07,0.14893617021276595,0.004299622391160837,11,47,21373.97,Champions,727,454.7653191489362,5863648.1329999985,35.207708875478225,87
12753.0,21429.39,6,11421,-405.38,5.0,171.0,21024.01,0.8333333333333334,0.01891701070352446,23,6,21429.39,Champions,340,3571.565,5884672.142999998,35.333945512924,88
16839.0,22310.49,44,11527,-1342.22,7.0,516.0,20968.27,0.1590909090909091,0.060160937747221144,9,44,22310.49,Champions,658,507.05659090909097,5905640.412999998,35.45984746492341,89
14866.0,20850.22,19,9233,-192.45000000000002,1.0,183.0,20657.77,0.05263157894736842,0.009230118435201164,11,19,20850.22,Champions,460,1097.38,5926298.182999997,35.58388504966239,90
12433.0,20581.260000000002,10,17116,-152.4,1.0,1.0,20428.86,0.1,0.0074047944586483035,1,10,20581.26,Champions,476,2058.126,5946727.042999998,35.7065481664156,91
17243.0,20460.48,69,8024,-180.65,11.0,27.0,20279.829999999998,0.15942028985507245,0.008829216127871879,2,69,20460.48,Champions,737,296.5286956521739,5967006.872999998,35.828316446927836,92
12477.0,20276.37,9,6119,-102.72999999999999,3.0,33.0,20173.64,0.3333333333333333,0.005066488725546042,23,9,20276.37,Champions,601,2252.93,5987180.5129999975,35.94944711984141,93
15251.0,20324.54,21,12108,-228.94,10.0,128.0,20095.600000000002,0.47619047619047616,0.011264215573882606,10,21,20324.54,Champions,670,967.835238095238,6007276.112999997,36.07010920911245,94
18008.0,19759.079999999998,23,7825,0.0,0.0,0.0,19759.079999999998,0.0,0.0,71,23,19759.08,Potential Loyalists,632,859.0904347826087,6027035.192999997,36.188750696546215,95
17706.0,20749.98,31,8049,-1206.08,12.0,197.0,19543.9,0.3870967741935484,0.058124393372909276,5,31,20749.98,Champions,685,669.3541935483871,6046579.092999998,36.306100156453084,96
16843.0,19571.43,35,18502,-42.65,3.0,43.0,19528.78,0.08571428571428572,0.002179196921226502,43,35,19571.43,Champions,687,559.1837142857142,6066107.872999998,36.42335882978031,97
17139.0,19566.76,25,9853,-92.85000000000001,4.0,20.0,19473.91,0.16,0.004745292526713673,16,25,19566.76,Champions,682,782.6704,6085581.782999998,36.54028804149215,98
12557.0,18716.14,8,6782,0.0,0.0,0.0,18716.14,0.0,0.0,17,8,18716.14,Champions,706,2339.5175,6104297.922999998,36.65266729642802,99
14194.0,18670.59,36,10037,-227.72,18.0,110.0,18442.87,0.5,0.012196722224632429,5,36,18670.59,Champions,698,518.6275,6122740.792999998,36.76340572804262,100
14607.0,23763.13,22,15335,-5392.07,5.0,3879.0,18371.06,0.22727272727272727,0.22690908142151306,16,22,23763.13,Champions,709,1080.1422727272727,6141111.852999997,36.87371298344797,101
12357.0,18287.66,3,6587,0.0,0.0,0.0,18287.66,0.0,0.0,34,3,18287.66,Loyal Customers,355,6095.886666666666,6159399.5129999975,36.983519471608496,102
17581.0,18737.95,43,9960,-510.28000000000003,10.0,95.0,18227.670000000002,0.23255813953488372,0.02723243471137451,1,43,18737.95,Champions,736,435.76627906976745,6177627.182999997,37.092965755608134,103
16746.0,18046.75,42,11900,-34.55,4.0,8.0,18012.2,0.09523809523809523,0.0019144721348719298,5,42,18046.75,Champions,731,429.6845238095238,6195639.382999998,37.2011182708039,104
15808.0,18133.3,21,7080,-141.3,3.0,27.0,17992.0,0.14285714285714285,0.007792293735834074,307,21,18133.3,At Risk High Value,432,863.4904761904761,6213631.382999998,37.309149497050676,105
17377.0,18232.57,78,7524,-468.0,13.0,49.0,17764.57,0.16666666666666666,0.025668350649414758,24,78,18232.57,Champions,714,233.75089743589743,6231395.952999998,37.41581514182872,106
12647.0,17924.35,36,6878,-241.56,9.0,74.0,17682.789999999997,0.25,0.013476639320254292,23,36,17924.35,Champions,673,497.8986111111111,6249078.742999998,37.52198974649548,107
15078.0,17761.88,53,8990,-185.36,11.0,84.0,17576.52,0.20754716981132076,0.010435832242983289,8,53,17761.88,Champions,728,335.12981132075475,6266655.2629999975,37.627526263211294,108
16652.0,17550.39,16,7477,-237.56,8.0,31.0,17312.829999999998,0.5,0.013535881538814808,59,16,17550.39,Champions,574,1096.899375,6283968.092999998,37.73147947879055,109
18172.0,17467.24,52,7407,-178.01,11.0,30.0,17289.230000000003,0.21153846153846154,0.010191077697449624,15,52,17467.24,Champions,714,335.90846153846155,6301257.322999998,37.8352909904492,110
14952.0,17629.35,32,6977,-385.09999999999997,11.0,138.0,17244.25,0.34375,0.021844254042264744,60,32,17629.35,Potential Loyalists,677,550.9171875,6318501.572999998,37.938832424042246,111
17416.0,17298.45,22,8769,-76.98,3.0,38.0,17221.47,0.13636363636363635,0.004450109691908813,30,22,17298.45,Champions,696,786.2931818181819,6335723.042999998,38.04223707732549,112
17735.0,17244.93,26,10901,-82.35,3.0,29.0,17162.58,0.11538461538461539,0.004775316571305305,3,26,17244.93,Champions,495,663.2665384615385,6352885.622999998,38.1452881312916,113
15523.0,17259.19,16,15633,-139.95,2.0,23.0,17119.239999999998,0.125,0.008108723526422735,85,16,17259.19,Potential Loyalists,653,1078.699375,6370004.862999998,38.24807895441371,114
15189.0,17524.38,46,6902,-423.25,12.0,114.0,17101.13,0.2608695652173913,0.02415206700607953,2,46,17524.38,Champions,508,380.96478260869566,6387105.992999998,38.35076103778995,115
13027.0,17239.2,19,42840,-187.2,4.0,243.0,17052.0,0.21052631578947367,0.010858972574133369,114,19,17239.2,Potential Loyalists,575,907.3263157894736,6404157.992999998,38.45314812482641,116
12472.0,17880.59,19,11350,-923.9,18.0,440.0,16956.69,0.9473684210526315,0.05167055449512572,33,19,17880.59,Champions,693,941.0836842105264,6421114.682999998,38.554962932173375,117
15358.0,17050.41,42,15378,-212.21,13.0,158.0,16838.2,0.30952380952380953,0.012446035022031728,5,42,17050.41,Champions,728,405.9621428571429,6437952.8829999985,38.65606627775966,118
13113.0,18603.04,37,4540,-2025.48,23.0,503.0,16577.56,0.6216216216216216,0.10887897891957443,1,37,18603.04,Champions,621,502.7848648648649,6454530.442999998,38.7556046356398,119
16019.0,17329.16,27,6959,-825.7,8.0,349.0,16503.46,0.2962962962962963,0.04764801063640708,47,27,17329.16,Champions,679,641.8207407407407,6471033.902999998,38.85469806722687,120
16553.0,16584.01,33,16427,-88.14,3.0,25.0,16495.87,0.09090909090909091,0.0053147580108791545,164,33,16584.01,Potential Loyalists,503,502.54575757575753,6487529.772999998,38.95374592539203,121
13199.0,16432.89,67,12019,-27.91,2.0,9.0,16404.98,0.029850746268656716,0.0016984231014751513,4,67,16432.89,Champions,731,245.26701492537316,6503934.752999999,39.05224804333077,122
14961.0,16410.15,22,8372,-81.25,6.0,37.0,16328.900000000001,0.2727272727272727,0.004951203980463311,11,22,16410.15,Champions,725,745.9159090909092,6520263.652999999,39.15029334625768,123
16656.0,16833.170000000002,30,15433,-525.45,14.0,446.0,16307.720000000001,0.4666666666666667,0.031215154364864134,23,30,16833.170000000002,Champions,713,561.1056666666667,6536571.372999999,39.24821147592025,124
12901.0,17654.54,28,23075,-1361.44,8.0,2160.0,16293.1,0.2857142857142857,0.07711557480398809,9,28,17654.54,Champions,262,630.5192857142857,6552864.472999998,39.3460418212049,125
18092.0,16179.44,18,8830,-6.25,2.0,3.0,16173.19,0.1111111111111111,0.0003862927270659553,3,18,16179.44,Champions,733,898.8577777777778,6569037.662999999,39.44315217847602,126
16180.0,16249.87,13,9813,-79.6,3.0,28.0,16170.27,0.23076923076923078,0.00489850072646735,101,13,16249.87,Potential Loyalists,434,1249.99,6585207.932999998,39.54024500288917,127
15125.0,17024.87,24,8433,-900.54,12.0,298.0,16124.329999999998,0.5,0.05289555808649347,26,24,17024.87,Champions,593,709.3695833333333,6601332.262999998,39.63706198500943,128
14733.0,16165.17,15,6479,-134.37,3.0,39.0,16030.8,0.2,0.008312315923680357,17,15,16165.17,Champions,386,1077.678,6617363.062999998,39.73331737527826,129
12980.0,16245.78,21,1910,-336.39,5.0,27.0,15909.390000000001,0.23809523809523808,0.02070630034384314,158,21,16245.78,Potential Loyalists,580,773.6085714285715,6633272.452999998,39.828843770928444,130
13225.0,16260.07,16,7401,-380.79999999999995,1.0,64.0,15879.27,0.0625,0.02341933337310356,4,16,16260.07,Champions,719,1016.254375,6649151.722999997,39.924189313947764,131
17716.0,15956.970000000001,24,8819,-285.65,3.0,115.0,15671.320000000002,0.125,0.01790126822322784,23,24,15956.97,Champions,715,664.8737500000001,6664823.042999998,40.01828624127689,132
15044.0,16024.15,35,5241,-362.8,12.0,20.0,15661.35,0.34285714285714286,0.022640826502497793,20,35,16024.15,Champions,704,457.8328571428571,6680484.392999997,40.11232330470396,133
17107.0,16052.72,10,7530,-457.35,3.0,311.0,15595.369999999999,0.3,0.028490498806432805,34,10,16052.72,Champions,644,1605.272,6696079.7629999975,40.2059641975937,134
13564.0,17035.02,37,9133,-1462.83,17.0,104.0,15572.19,0.4594594594594595,0.08587192735905211,145,37,17035.02,Potential Loyalists,593,460.405945945946,6711651.952999998,40.29946590841228,135
14849.0,15763.45,43,12026,-221.01,7.0,151.0,15542.44,0.16279069767441862,0.014020407969067684,22,43,15763.45,Champions,677,366.5918604651162,6727194.392999998,40.39278898822925,136
13488.0,15587.880000000001,23,7891,-74.15,6.0,17.0,15513.730000000001,0.2608695652173913,0.004756900874268983,18,23,15587.88,Champions,666,677.7339130434783,6742708.122999999,40.485939681624174,137
12971.0,15972.79,116,14587,-490.05,4.0,1526.0,15482.740000000002,0.034482758620689655,0.03068030068635473,4,116,15972.79,Champions,721,137.6964655172414,6758190.862999999,40.578904298557255,138
14769.0,15514.11,17,11058,-75.21,4.0,53.0,15438.900000000001,0.23529411764705882,0.004847844961779953,3,17,15514.11,Champions,721,912.594705882353,6773629.762999999,40.671605682444614,139
12949.0,15526.7,22,8233,-135.7,6.0,36.0,15391.0,0.2727272727272727,0.008739783727385727,31,22,15526.7,Champions,706,705.7590909090909,6789020.762999999,40.76401945540839,140
15768.0,15308.89,34,4215,-41.63,2.0,3.0,15267.26,0.058823529411764705,0.0027193349746454515,116,34,15308.89,Potential Loyalists,621,450.2614705882353,6804288.022999999,40.855690243493555,141
16191.0,15677.820000000002,24,9348,-525.9,16.0,206.0,15151.920000000002,0.6666666666666666,0.03354420448761371,3,24,15677.820000000002,Champions,726,653.2425000000001,6819439.942999999,40.94666848368881,142
15601.0,14960.12,30,11061,-40.9,5.0,11.0,14919.220000000001,0.16666666666666666,0.0027339352892891233,12,30,14960.12,Champions,727,498.6706666666667,6834359.162999999,41.03624949920934,143
16126.0,14644.6,15,6140,0.0,0.0,0.0,14644.6,0.0,0.0,30,15,14644.6,Champions,708,976.3066666666668,6849003.762999998,41.12418158546397,144
16873.0,14617.39,12,8601,-70.36,5.0,18.0,14547.029999999999,0.4166666666666667,0.004813444807862416,5,12,14617.39,Champions,664,1218.1158333333333,6863550.792999999,41.2115278220774,145
18087.0,14761.52,17,7775,-349.9,4.0,347.0,14411.62,0.23529411764705882,0.023703521046613083,99,17,14761.52,Potential Loyalists,640,868.324705882353,6877962.412999999,41.298061002424355,146
16713.0,14529.99,32,8671,-180.15,9.0,25.0,14349.84,0.28125,0.012398494424290727,19,32,14529.99,Champions,706,454.0621875,6892312.252999999,41.38422323072833,147
12583.0,14447.44,27,8984,-102.54,4.0,52.0,14344.9,0.14814814814814814,0.007097451174740993,3,27,14447.44,Champions,731,535.0903703703704,6906657.152999999,41.47035579727943,148
12714.0,14093.710000000001,12,8774,0.0,0.0,0.0,14093.710000000001,0.0,0.0,10,12,14093.71,Champions,726,1174.4758333333334,6920750.862999999,41.554980117736655,149
13178.0,14059.19,21,8778,-61.300000000000004,4.0,29.0,13997.890000000001,0.19047619047619047,0.0043601373905609074,27,21,14059.19,Champions,697,669.4852380952382,6934748.752999999,41.63902909625863,150
12435.0,13925.93,6,4958,0.0,0.0,0.0,13925.93,0.0,0.0,80,6,13925.93,Potential Loyalists,658,2320.988333333333,6948674.682999998,41.72264599791086,151
13090.0,14100.14,24,3444,-331.81,6.0,82.0,13768.33,0.25,0.023532390458534454,9,24,14100.14,Champions,486,587.5058333333333,6962443.012999998,41.805316605584835,152
16558.0,13873.51,38,8088,-154.55,9.0,55.0,13718.960000000001,0.23684210526315788,0.011139935027256982,1,38,13873.51,Champions,736,365.09236842105264,6976161.972999998,41.88769077586221,153
17589.0,13837.94,18,8704,-145.05,3.0,52.0,13692.890000000001,0.16666666666666666,0.010482051519229018,61,18,13837.94,Potential Loyalists,582,768.7744444444445,6989854.862999998,41.969908411342544,154
12476.0,14083.91,23,5631,-399.79,15.0,96.0,13684.119999999999,0.6521739130434783,0.028386293294972775,16,23,14083.91,Champions,486,612.3439130434782,7003538.982999998,42.052073388204924,155
15093.0,14326.11,23,11657,-668.23,11.0,127.0,13657.880000000001,0.4782608695652174,0.046644204183829384,19,23,14326.11,Champions,713,622.8743478260869,7017196.862999998,42.1340808095217,156
15382.0,13733.550000000001,12,9178,-87.05,8.0,48.0,13646.500000000002,0.6666666666666666,0.006338492232525457,15,12,13733.55,Champions,721,1144.4625,7030843.362999998,42.216019900727595,157
15005.0,13977.08,56,8784,-341.68,20.0,103.0,13635.4,0.35714285714285715,0.024445735446888765,16,56,13977.08,Champions,723,249.59071428571428,7044478.762999998,42.297892343055594,158
18223.0,14000.85,26,6644,-503.27,26.0,184.0,13497.58,1.0,0.03594567472689158,5,26,14000.85,Champions,731,538.4942307692307,7057976.3429999985,42.3789372585049,159
15291.0,13846.56,40,5017,-395.32,13.0,349.0,13451.24,0.325,0.02855005142071388,26,40,13846.56,Champions,711,346.164,7071427.582999999,42.45970392989995,160
12567.0,13709.86,15,6086,-316.04,2.0,222.0,13393.82,0.13333333333333333,0.02305202241306622,23,15,13709.86,Champions,644,913.9906666666668,7084821.402999999,42.5401258284509,161
13629.0,13370.86,19,7722,0.0,0.0,0.0,13370.86,0.0,0.0,24,19,13370.86,Champions,643,703.7294736842106,7098192.262999999,42.620409865899425,162
15738.0,13372.97,41,9285,-30.85,4.0,21.0,13342.119999999999,0.0975609756097561,0.0023068921862533158,19,41,13372.97,Champions,711,326.17,7111534.382999999,42.700521336793805,163
15032.0,13780.65,8,8259,-495.0,2.0,300.0,13285.65,0.25,0.035919931207889326,257,8,13780.65,At Risk High Value,473,1722.58125,7124820.033,42.78029373902733,164
12744.0,25317.06,11,6994,-12158.9,3.0,7.0,13158.160000000002,0.2727272727272727,0.48026508607239543,52,11,25317.06,Champions,540,2301.550909090909,7137978.193,42.85930063986944,165
13969.0,13291.05,35,6773,-153.1,4.0,62.0,13137.949999999999,0.11428571428571428,0.011519029723009094,8,35,13291.05,Champions,617,379.7442857142857,7151116.143,42.93818619171853,166
13468.0,13375.51,72,5812,-298.9,15.0,60.0,13076.61,0.20833333333333334,0.022346811448684945,2,72,13375.51,Champions,735,185.7709722222222,7164192.7530000005,43.01670343346213,167
17133.0,14622.33,12,10107,-1650.24,1.0,1088.0,12972.09,0.08333333333333333,0.11285752681002276,16,12,14622.33,Champions,613,1218.5275,7177164.843,43.09459309496077,168
14110.0,12987.95,33,5825,-30.35,2.0,12.0,12957.6,0.06060606060606061,0.0023367814012219016,4,33,12987.95,Champions,735,393.57424242424247,7190122.443,43.17239575265393,169
14049.0,13023.4,13,8480,-175.0,5.0,55.0,12848.4,0.38461538461538464,0.013437351229325675,17,13,13023.4,Champions,601,1001.8,7202970.843,43.24954272949413,170
12989.0,13551.75,33,6935,-704.95,6.0,171.0,12846.8,0.18181818181818182,0.0520191119228144,4,33,13551.75,Champions,726,410.6590909090909,7215817.643,43.32668009928888,171
14299.0,14499.49,27,8228,-1671.72,14.0,195.0,12827.77,0.5185185185185185,0.11529508968936149,9,27,14499.49,Champions,729,537.0181481481482,7228645.413,43.40370320528663,172
13097.0,13324.1,28,5345,-527.49,12.0,46.0,12796.61,0.42857142857142855,0.03958916549710675,33,28,13324.1,Champions,706,475.8607142857143,7241442.023,43.48053921407397,173
13952.0,12823.521,14,5947,-32.629999999999995,3.0,9.0,12790.891000000001,0.21428571428571427,0.002544542953530469,218,14,12823.521,At Risk High Value,506,915.9657857142856,7254232.914,43.55734088367817,174
16549.0,12781.8,34,7087,-22.55,3.0,5.0,12759.25,0.08823529411764706,0.0017642272606362172,11,34,12781.8,Champions,611,375.9352941176471,7266992.164,43.63395256795391,175
17858.0,12754.9,30,5458,-74.35,2.0,3.0,12680.55,0.06666666666666667,0.005829132333456162,6,30,12754.9,Champions,728,425.1633333333333,7279672.714,43.71009170568088,176
13316.0,12940.82,10,19931,-284.64,2.0,49.0,12656.18,0.2,0.021995514967366826,38,10,12940.82,Champions,602,1294.082,7292328.893999999,43.786084516096615,177
18225.0,13044.8,26,7298,-403.35,8.0,69.0,12641.449999999999,0.3076923076923077,0.030920366736170737,4,26,13044.8,Champions,732,501.7230769230769,7304970.344,43.86198888165004,178
13668.0,12948.48,35,6096,-340.8,12.0,151.0,12607.68,0.34285714285714286,0.026319691577698697,3,35,12948.48,Champions,726,369.9565714285714,7317578.023999999,43.93769047850014,179
13013.0,12625.77,29,6463,-23.95,2.0,7.0,12601.82,0.06896551724137931,0.0018969140099970138,2,29,12625.77,Champions,724,435.3713793103448,7330179.844,44.01335688954622,180
16923.0,13157.130000000001,32,6190,-584.98,9.0,236.0,12572.150000000001,0.28125,0.04446106407704416,13,32,13157.13,Champions,665,411.1603125,7342751.994,44.088845149942976,181
12451.0,12669.88,8,9359,-123.35,2.0,133.0,12546.529999999999,0.25,0.00973568810438615,11,8,12669.88,Champions,519,1583.735,7355298.524,44.16417957752424,182
12683.0,12696.78,21,7683,-278.18,6.0,86.0,12418.6,0.2857142857142857,0.02190949201293556,5,21,12696.78,Champions,722,604.6085714285715,7367717.124,44.23874586177658,183
12437.0,12683.4,39,8000,-288.55,8.0,70.0,12394.85,0.20512820512820512,0.02275020893451283,2,39,12683.4,Champions,736,325.2153846153846,7380111.973999999,44.31316954144781,184
16000.0,12393.7,3,5110,0.0,0.0,0.0,12393.7,0.0,0.0,3,3,12393.7,Loyal Customers,0,4131.233333333334,7392505.674,44.38758631605512,185
14936.0,12410.81,12,6274,-32.349999999999994,2.0,3.0,12378.46,0.16666666666666666,0.002606598602347469,34,12,12410.81,Champions,550,1034.2341666666666,7404884.134,44.461911583554375,186
16161.0,12744.26,43,6343,-382.84,14.0,134.0,12361.42,0.32558139534883723,0.030040190642689334,2,43,12744.26,Champions,668,296.3781395348837,7417245.554,44.53613453601944,187
14040.0,12523.81,35,4972,-187.73,7.0,50.0,12336.08,0.2,0.014989847338789074,41,35,12523.81,Champions,698,357.82314285714284,7429581.634,44.610205336901956,188
14739.0,12287.5,25,10172,-17.930000000000003,3.0,8.0,12269.57,0.12,0.0014592065106815873,5,25,12287.5,Champions,733,491.5,7441851.204,44.68387678491334,189
15465.0,12636.15,32,2763,-429.5,7.0,42.0,12206.65,0.21875,0.0339897832805087,20,32,12636.15,Champions,710,394.8796875,7454057.854,44.75717043586182,190
12481.0,12344.89,15,7243,-144.35999999999999,3.0,138.0,12200.529999999999,0.2,0.011693907357619224,23,15,12344.89,Champions,585,822.9926666666667,7466258.384000001,44.830427339861416,191
16814.0,12198.14,36,4951,-8.5,1.0,1.0,12189.64,0.027777777777777776,0.0006968275491181443,15,36,12198.14,Champions,593,338.8372222222222,7478448.024,44.90361885590781,192
15194.0,12427.69,28,9169,-240.01000000000002,11.0,89.0,12187.68,0.39285714285714285,0.01931251906025979,4,28,12427.69,Champions,733,443.84607142857146,7490635.704,44.97679860332351,193
13854.0,12253.96,39,3710,-95.75,6.0,21.0,12158.21,0.15384615384615385,0.007813800599969317,9,39,12253.96,Champions,692,314.2041025641025,7502793.914,45.049801400970566,194
15144.0,12160.31,29,5251,-153.8,4.0,46.0,12006.51,0.13793103448275862,0.01264770388254905,9,29,12160.31,Champions,718,419.3210344827586,7514800.424,45.12189333061953,195
15023.0,12008.05,20,4984,-78.49000000000001,3.0,15.0,11929.56,0.15,0.0065364484658208466,4,20,12008.05,Champions,671,600.4024999999999,7526729.983999999,45.193523221425686,196
12474.0,12372.75,31,7940,-458.0,23.0,157.0,11914.75,0.7419354838709677,0.03701683134307248,18,31,12372.75,Champions,649,399.1209677419355,7538644.733999999,45.26506418701727,197
14735.0,12240.16,56,4513,-330.45,3.0,115.0,11909.71,0.05357142857142857,0.02699719611508346,4,56,12240.16,Champions,732,218.5742857142857,7550554.443999999,45.33657489041564,198
14543.0,14587.87,39,2639,-2682.16,11.0,589.0,11905.710000000001,0.28205128205128205,0.18386234590793582,29,39,14587.87,Champions,710,374.0479487179487,7562460.153999999,45.408061576200346,199
13687.0,11880.84,1,87167,0.0,0.0,0.0,11880.84,0.0,0.0,439,1,11880.84,Hibernating,0,11880.84,7574340.993999999,45.47939893247212,200
17044.0,11962.300000000001,12,5722,-94.69999999999999,4.0,30.0,11867.6,0.3333333333333333,0.007916537789555518,26,12,11962.3,Champions,707,996.8583333333336,7586208.593999999,45.55065679044267,201
13418.0,12182.9,31,7588,-317.43999999999994,6.0,83.0,11865.46,0.1935483870967742,0.026056193517142875,12,31,12182.9,Champions,717,392.9967741935484,7598074.053999999,45.621901798989924,202
13458.0,11959.27,16,6760,-108.65,8.0,48.0,11850.62,0.5,0.00908500267992946,8,16,11959.27,Champions,381,747.454375,7609924.673999999,45.69305770219049,203
16258.0,11942.52,15,7200,-109.0,1.0,20.0,11833.52,0.06666666666666667,0.009127051911991774,46,15,11942.52,Champions,594,796.168,7621758.193999998,45.76411093009265,204
14415.0,11980.09,23,6263,-176.47,9.0,58.0,11803.62,0.391304347826087,0.014730273311803167,2,23,11980.09,Champions,722,520.8734782608695,7633561.813999998,45.8349846263327,205
13050.0,12314.53,35,7197,-522.09,22.0,78.0,11792.44,0.6285714285714286,0.04239625872851014,15,35,12314.53,Champions,710,351.8437142857143,7645354.253999999,45.905791193342566,206
17338.0,11889.33,17,5780,-106.0,3.0,16.0,11783.33,0.17647058823529413,0.008915557058303538,18,17,11889.33,Champions,622,699.3723529411765,7657137.583999999,45.976543060237326,207
16523.0,11916.33,28,4979,-155.79,11.0,37.0,11760.539999999999,0.39285714285714285,0.013073656066926646,2,28,11916.33,Champions,683,425.5832142857143,7668898.123999999,46.047158086778246,208
18226.0,11878.88,26,7883,-130.3,12.0,53.0,11748.58,0.46153846153846156,0.0109690475869779,45,26,11878.88,Champions,600,456.88,7680646.703999999,46.11770130065432,209
15555.0,12062.69,36,9006,-368.27,10.0,305.0,11694.42,0.2777777777777778,0.030529674558493997,13,36,12062.69,Champions,721,335.07472222222225,7692341.123999999,46.18791931604142,210
14505.0,11879.08,19,5325,-283.04,8.0,79.0,11596.039999999999,0.42105263157894735,0.023826760994959208,18,19,11879.08,Champions,713,625.2147368421053,7703937.163999999,46.25754661822054,211
17364.0,11972.92,28,7464,-385.87,3.0,23.0,11587.05,0.10714285714285714,0.032228562455942245,1,28,11972.92,Champions,732,427.6042857142857,7715524.213999999,46.32711994081295,212
12705.0,11762.1,14,7188,-208.1,8.0,80.0,11554.0,0.5714285714285714,0.017692418870779877,16,14,11762.1,Champions,518,840.15,7727078.213999999,46.396494817872494,213
13576.0,11551.74,28,4614,-35.589999999999996,4.0,13.0,11516.15,0.14285714285714285,0.0030809211426157442,11,28,11551.74,Champions,721,412.5621428571429,7738594.363999999,46.46564242826277,214
13102.0,11696.92,37,6576,-256.8,5.0,66.0,11440.12,0.13513513513513514,0.0219544974232533,2,37,11696.92,Champions,581,316.132972972973,7750034.483999999,46.534333523861385,215
15218.0,11468.83,22,6530,-60.57,3.0,33.0,11408.26,0.13636363636363635,0.0052812710625233785,11,22,11468.83,Champions,672,521.3104545454545,7761442.743999999,46.60283331916719,216
14016.0,11403.41,11,5722,-23.7,2.0,2.0,11379.71,0.18181818181818182,0.0020783256938056247,162,11,11403.41,Potential Loyalists,539,1036.6736363636364,7772822.453999999,46.67116168875548,217
12668.0,11383.03,10,5049,-63.97,2.0,39.0,11319.060000000001,0.2,0.005619769077301913,12,10,11383.03,Champions,666,1138.303,7784141.513999999,46.73912589127665,218
13004.0,11650.85,36,8768,-506.86,10.0,326.0,11143.99,0.2777777777777778,0.043504122016848557,12,36,11650.85,Champions,713,323.63472222222225,7795285.503999999,46.80603890289191,219
15874.0,11284.76,21,5102,-149.76,4.0,48.0,11135.0,0.19047619047619047,0.013270995572790205,64,21,11284.76,Potential Loyalists,638,537.3695238095238,7806420.503999999,46.87289793492047,220
14134.0,11123.35,15,5814,0.0,0.0,0.0,11123.35,0.0,0.0,383,15,11123.35,At Risk High Value,347,741.5566666666667,7817543.853999998,46.93968701564924,221
18055.0,11143.12,14,3828,-32.050000000000004,1.0,5.0,11111.070000000002,0.07142857142857142,0.002876214202126514,8,14,11143.12,Champions,406,795.9371428571429,7828654.923999999,47.00640236230408,222
14426.0,11727.94,17,7023,-623.97,10.0,367.0,11103.970000000001,0.5882352941176471,0.05320371693579606,24,17,11727.94,Champions,622,689.8788235294118,7839758.893999998,47.07307507769466,223
12524.0,11126.11,17,7178,-34.75,1.0,5.0,11091.36,0.058823529411764705,0.003123283879091614,10,17,11126.11,Champions,660,654.4770588235294,7850850.253999999,47.13967207755818,224
18052.0,10877.18,1,17766,0.0,0.0,0.0,10877.18,0.0,0.0,565,1,10877.18,Hibernating,0,10877.18,7861727.4339999985,47.204983054298225,225
13941.0,11122.300000000001,15,5426,-276.15000000000003,2.0,93.0,10846.150000000001,0.13333333333333333,0.024828497702813267,22,15,11122.3,Champions,702,741.4866666666668,7872573.583999999,47.2701077144003,226
18229.0,10803.71,28,3183,0.0,0.0,0.0,10803.71,0.0,0.0,12,28,10803.71,Champions,725,385.84678571428566,7883377.293999999,47.33497754762143,227
16327.0,10695.24,16,8516,-25.82,4.0,13.0,10669.42,0.25,0.0024141580740591143,15,16,10695.24,Champions,711,668.4525,7894046.713999999,47.39904104950792,228
12431.0,10790.470000000001,27,4707,-138.56,6.0,68.0,10651.910000000002,0.2222222222222222,0.012840960588371034,36,27,10790.47,Champions,658,399.6470370370371,7904698.623999999,47.46299941429062,229
14796.0,10840.54,27,7622,-198.51999999999998,12.0,88.0,10642.02,0.4444444444444444,0.01831274087822193,2,27,10840.54,Champions,724,401.5014814814815,7915340.643999998,47.526898395523546,230
16033.0,10764.45,27,4252,-143.74,9.0,36.0,10620.710000000001,0.3333333333333333,0.013353213587317513,6,27,10764.45,Champions,480,398.6833333333333,7925961.353999998,47.59066942291968,231
15694.0,10810.81,24,2658,-244.34999999999997,5.0,43.0,10566.46,0.20833333333333334,0.02260237669517825,1,24,10810.81,Champions,732,450.4504166666666,7936527.813999998,47.654114711430545,232
16985.0,10923.16,23,3103,-377.4,3.0,5.0,10545.76,0.13043478260869565,0.03455044144734674,18,23,10923.16,Champions,712,474.92,7947073.573999998,47.71743570879072,233
16168.0,10636.47,66,5099,-97.39,7.0,20.0,10539.08,0.10606060606060606,0.009156233223992546,11,66,10636.47,Champions,726,161.15863636363636,7957612.653999998,47.78071659673607,234
17809.0,11337.39,20,3353,-838.54,4.0,44.0,10498.849999999999,0.2,0.07396234935906765,17,20,11337.39,Champions,721,566.8695,7968111.503999998,47.84375592753204,235
13324.0,10513.47,18,8448,-92.1,5.0,18.0,10421.369999999999,0.2777777777777778,0.008760190498474815,37,18,10513.47,Champions,527,584.0816666666666,7978532.873999998,47.906330037151385,236
15290.0,10496.28,26,6567,-140.7,4.0,71.0,10355.58,0.15384615384615385,0.01340474911111365,5,26,10496.28,Champions,649,403.70307692307694,7988888.453999998,47.96850911707005,237
15296.0,10323.03,12,5452,-118.9,8.0,26.0,10204.130000000001,0.6666666666666666,0.011517936109843719,51,12,10323.03,Champions,637,860.2525,7999092.583999998,48.02977883009147,238
17160.0,10209.16,17,8390,-7.800000000000001,1.0,4.0,10201.36,0.058823529411764705,0.0007640197626445272,32,17,10209.16,Champions,704,600.5388235294117,8009293.943999998,48.09103191091545,239
14422.0,10271.52,19,6067,-70.6,2.0,8.0,10200.92,0.10526315789473684,0.006873374145209277,1,19,10271.52,Champions,722,540.6063157894737,8019494.863999998,48.15228234980191,240
16984.0,10350.53,9,5127,-155.38,10.0,33.0,10195.150000000001,1.1111111111111112,0.01501179166670692,89,9,10350.53,Potential Loyalists,554,1150.058888888889,8029690.013999999,48.21349814328067,241
17448.0,14523.67,46,11534,-4361.29,8.0,30.0,10162.380000000001,0.17391304347826086,0.3002884257215979,498,46,14523.67,At Risk High Value,148,315.7319565217391,8039852.393999998,48.27451717245951,242
15719.0,10195.97,31,5356,-77.1,8.0,13.0,10118.869999999999,0.25806451612903225,0.007561811186184346,33,31,10195.97,Champions,706,328.9022580645161,8049971.263999999,48.33527495004575,243
15547.0,10057.05,26,7278,-13.5,2.0,2.0,10043.55,0.07692307692307693,0.001342341939236655,8,26,10057.05,Champions,726,386.80961538461537,8060014.813999998,48.39558047596676,244
12766.0,10068.28,9,5446,-41.849999999999994,2.0,19.0,10026.43,0.2222222222222222,0.0041566186081435945,4,9,10068.28,Champions,404,1118.697777777778,8070041.243999998,48.4557832065013,245
14085.0,10028.72,33,6540,-12.75,1.0,1.0,10015.97,0.030303030303030304,0.0012713486865721648,3,33,10028.72,Champions,729,303.90060606060604,8080057.213999998,48.51592313097611,246
16353.0,9999.460000000001,38,3531,-13.530000000000001,3.0,5.0,9985.93,0.07894736842105263,0.001353073065945561,4,38,9999.46,Champions,729,263.1436842105263,8090043.1439999975,48.57588268317234,247
13985.0,10020.86,22,4936,-38.550000000000004,2.0,9.0,9982.310000000001,0.09090909090909091,0.0038469752097125397,5,22,10020.86,Champions,664,455.4936363636364,8100025.453999997,48.63582049942819,248
16182.0,9971.65,9,5887,0.0,0.0,0.0,9971.65,0.0,0.0,73,9,9971.65,Potential Loyalists,568,1107.961111111111,8109997.1039999975,48.695694308743654,249
14101.0,9961.93,13,10542,-19.8,1.0,12.0,9942.130000000001,0.07692307692307693,0.001987566666298599,74,13,9961.93,Potential Loyalists,548,766.3023076923077,8119939.233999997,48.755390868070286,250
12839.0,10071.73,26,6849,-143.9,5.0,95.0,9927.83,0.19230769230769232,0.014287515650240824,3,26,10071.73,Champions,730,387.37423076923073,8129867.063999997,48.81500156442809,251
16782.0,10000.32,38,4112,-89.45,12.0,20.0,9910.869999999999,0.3157894736842105,0.008944713769159387,11,38,10000.32,Champions,720,263.1663157894737,8139777.933999998,48.87451042610397,252
13680.0,11419.67,12,5244,-1520.11,1.0,669.0,9899.56,0.08333333333333333,0.1331133036243604,2,12,11419.67,Champions,734,951.6391666666668,8149677.493999997,48.933951377977216,253
16131.0,9957.42,12,4768,-91.15,3.0,15.0,9866.27,0.25,0.009153977636777399,52,12,9957.42,Champions,686,829.785,8159543.763999997,48.99319244326077,254
12590.0,9864.26,2,4283,-10.780000000000001,3.0,6.0,9853.48,1.5,0.0010928341304872339,212,2,9864.26,Hibernating,0,4932.13,8169397.243999997,49.05235671222465,255
14755.0,9972.550000000001,25,4401,-121.1,5.0,35.0,9851.45,0.2,0.01214333345032113,10,25,9972.55,Champions,727,398.902,8179248.693999997,49.111508792249595,256
12490.0,9823.64,21,5906,-5.0,1.0,4.0,9818.64,0.047619047619047616,0.0005089763061349969,6,21,9823.64,Champions,733,467.79238095238094,8189067.333999997,49.17046386779848,257
14828.0,9839.460000000001,13,9718,-36.0,1.0,48.0,9803.460000000001,0.07692307692307693,0.0036587373697337046,197,13,9839.46,At Risk High Value,536,756.8815384615385,8198870.793999997,49.22932779650353,258
13599.0,10163.880000000001,33,6493,-377.29,19.0,224.0,9786.59,0.5757575757575758,0.03712066651711748,2,33,10163.88,Champions,737,307.99636363636364,8208657.383999997,49.288090430922956,259
12758.0,9903.24,7,6155,-124.24000000000001,1.0,64.0,9779.0,0.14285714285714285,0.01254538918576143,117,7,9903.24,Potential Loyalists,622,1414.7485714285715,8218436.383999997,49.34680749192047,260
17306.0,9782.35,21,13747,-30.58,2.0,21.0,9751.77,0.09523809523809523,0.0031260382218996456,11,21,9782.35,Champions,393,465.8261904761905,8228188.153999996,49.40536105301298,261
13018.0,9763.16,35,6746,-20.35,2.0,5.0,9742.81,0.05714285714285714,0.002084366127360404,17,35,9763.16,Champions,632,278.9474285714286,8237930.963999996,49.46386081465089,262
13327.0,9879.48,20,4479,-138.45,2.0,31.0,9741.029999999999,0.1,0.014013895468182535,39,20,9879.48,Champions,683,493.974,8247671.993999996,49.52234988845073,263
18260.0,9947.26,23,5244,-210.16,9.0,36.0,9737.1,0.391304347826087,0.021127426044961123,173,23,9947.26,Potential Loyalists,552,432.4895652173913,8257409.093999996,49.58081536494514,264
14329.0,9887.62,15,5913,-191.7,13.0,34.0,9695.92,0.8666666666666667,0.0193878810067539,18,15,9887.62,Champions,706,659.1746666666667,8267105.013999996,49.63903358010691,265
18109.0,9833.16,38,4877,-139.3,7.0,23.0,9693.86,0.18421052631578946,0.014166351406872259,2,38,9833.16,Champions,525,258.76736842105265,8276798.873999996,49.697239426197655,266
14944.0,9784.67,19,4864,-109.75,5.0,31.0,9674.92,0.2631578947368421,0.011216525442350125,30,19,9784.67,Champions,631,514.9826315789473,8286473.793999996,49.75533154888771,267
15805.0,10148.93,30,6205,-480.31,10.0,118.0,9668.62,0.3333333333333333,0.0473261713303767,24,30,10148.93,Champions,706,338.29766666666666,8296142.413999996,49.813385843836244,268
14045.0,11313.03,16,4587,-1652.4,3.0,340.0,9660.630000000001,0.1875,0.14606166517723368,110,16,11313.03,Potential Loyalists,591,707.064375,8305803.043999996,49.8713921636015,269
16701.0,9916.73,26,11046,-302.14,8.0,229.0,9614.59,0.3076923076923077,0.030467704576004388,9,26,9916.73,Champions,730,381.4126923076923,8315417.633999996,49.92912204063351,270
14135.0,9643.92,24,9355,-38.87,1.0,23.0,9605.05,0.041666666666666664,0.0040305187102340125,2,24,9643.92,Champions,736,401.83,8325022.683999996,49.98679463565694,271
17049.0,9942.53,19,4273,-353.7,6.0,59.0,9588.83,0.3157894736842105,0.03557444634313399,3,19,9942.53,Champions,643,523.291052631579,8334611.513999996,50.04436983925697,272
14091.0,9530.08,2,3316,0.0,0.0,0.0,9530.08,0.0,0.0,655,2,9530.08,Hibernating,44,4765.04,8344141.593999996,50.10159228415637,273
13267.0,9758.26,36,4104,-246.05,14.0,69.0,9512.210000000001,0.3888888888888889,0.025214536198051703,3,36,9758.26,Champions,730,271.0627777777778,8353653.803999996,50.15870743036673,274
17315.0,9599.58,43,5088,-92.05,6.0,33.0,9507.53,0.13953488372093023,0.009588961183718454,2,43,9599.58,Champions,437,223.2460465116279,8363161.333999996,50.21579447596911,275
14060.0,9519.08,30,8119,-15.940000000000001,2.0,14.0,9503.14,0.06666666666666667,0.0016745315723788435,5,30,9519.08,Champions,634,317.30266666666665,8372664.473999996,50.27285516224049,276
12539.0,11214.75,7,4535,-1715.85,1.0,1.0,9498.9,0.14285714285714285,0.1529993981140908,23,7,11214.75,Champions,694,1602.107142857143,8382163.373999996,50.3298903898414,277
14439.0,9443.04,5,2244,0.0,0.0,0.0,9443.04,0.0,0.0,320,5,9443.04,At Risk High Value,368,1888.608,8391606.413999995,50.38659021146753,278
13999.0,9502.26,29,5043,-64.25,7.0,20.0,9438.01,0.2413793103448276,0.00676154935773174,11,29,9502.26,Champions,724,327.6641379310345,8401044.423999995,50.443259830944484,279
13735.0,9762.77,13,4135,-340.41,9.0,88.0,9422.36,0.6923076923076923,0.03486817778151078,25,13,9762.77,Champions,702,750.9823076923077,8410466.783999994,50.49983548150798,280
15727.0,9371.71,15,5908,0.0,0.0,0.0,9371.71,0.0,0.0,17,15,9371.71,Champions,668,624.7806666666667,8419838.493999995,50.556107009038506,281
13174.0,9364.42,12,4468,0.0,0.0,0.0,9364.42,0.0,0.0,17,12,9364.42,Champions,719,780.3683333333333,8429202.913999995,50.61233476446814,282
17811.0,9519.8,47,5278,-161.27,13.0,50.0,9358.529999999999,0.2765957446808511,0.01694048194289796,5,47,9519.8,Champions,441,202.5489361702128,8438561.443999995,50.66852715396164,283
17757.0,9366.5,56,5151,-79.61,4.0,59.0,9286.89,0.07142857142857142,0.008499439491805904,2,56,9366.5,Champions,694,167.25892857142858,8447848.333999995,50.72428938799449,284
15981.0,9362.77,21,4827,-94.7,6.0,49.0,9268.07,0.2857142857142857,0.010114528072354656,25,21,9362.77,Champions,596,445.8461904761905,8457116.403999995,50.77993861915506,285
13758.0,9416.98,15,5068,-153.84,4.0,9.0,9263.14,0.26666666666666666,0.016336447565992496,12,15,9416.98,Champions,727,627.7986666666667,8466379.543999996,50.835558248606795,286
17504.0,9490.17,18,5420,-251.75,1.0,208.0,9238.42,0.05555555555555555,0.026527448928733627,207,18,9490.17,At Risk High Value,463,527.2316666666667,8475617.963999996,50.8910294492061,287
15570.0,9254.14,25,4244,-64.05,2.0,10.0,9190.09,0.08,0.006921226607766903,8,25,9254.14,Champions,614,370.1656,8484808.053999996,50.946210456988354,288
17230.0,9388.49,18,3753,-229.04000000000002,5.0,104.0,9159.449999999999,0.2777777777777778,0.02439582936127109,265,18,9388.49,At Risk High Value,467,521.5827777777778,8493967.503999995,51.00120748984995,289
15249.0,9266.0,18,4980,-118.85,3.0,33.0,9147.15,0.16666666666666666,0.012826462335419814,32,18,9266.0,Champions,592,514.7777777777778,8503114.653999995,51.05613066854955,290
12747.0,9257.04,26,2748,-111.95,6.0,25.0,9145.09,0.23076923076923078,0.012093498569737194,3,26,9257.04,Champions,730,356.04,8512259.743999995,51.11104147817811,291
14367.0,9227.82,16,4426,-93.7,3.0,28.0,9134.119999999999,0.1875,0.01015407756111411,9,16,9227.82,Champions,268,576.73875,8521393.863999994,51.165886419501206,292
13756.0,9188.75,23,5426,-60.300000000000004,2.0,26.0,9128.45,0.08695652173913043,0.006562372466331112,3,23,9188.75,Champions,722,399.5108695652174,8530522.313999994,51.220697315856945,293
17068.0,9153.83,47,4431,-34.65,2.0,13.0,9119.18,0.0425531914893617,0.003785300797589643,13,47,9153.83,Champions,609,194.7623404255319,8539641.493999993,51.27545255139301,294
13162.0,9275.49,16,5755,-158.54999999999998,3.0,87.0,9116.94,0.1875,0.01709343657316217,123,16,9275.49,Potential Loyalists,613,579.718125,8548758.433999993,51.330194337065436,295
16550.0,9368.24,18,5662,-265.81,11.0,61.0,9102.43,0.6111111111111112,0.02837352587038761,109,18,9368.24,Potential Loyalists,629,520.4577777777778,8557860.863999993,51.384848998844305,296
15260.0,9188.23,25,4722,-89.85,5.0,37.0,9098.38,0.2,0.009778814853350427,101,25,9188.23,Potential Loyalists,633,367.5292,8566959.243999993,51.439479342789355,297
16700.0,9167.710000000001,25,6882,-83.65,6.0,19.0,9084.060000000001,0.24,0.00912441602101288,9,25,9167.71,Champions,729,366.7084,8576043.303999994,51.494023703677485,298
16709.0,9056.01,14,3261,0.0,0.0,0.0,9056.01,0.0,0.0,85,14,9056.01,Potential Loyalists,646,646.8578571428571,8585099.313999994,51.54839964104981,299
15939.0,9060.39,16,6260,-12.75,1.0,3.0,9047.64,0.0625,0.0014072241923360916,90,16,9060.39,Potential Loyalists,285,566.274375,8594146.953999994,51.602725321565565,300
16186.0,9026.11,26,6825,-42.2,4.0,28.0,8983.91,0.15384615384615385,0.004675325250855573,23,26,9026.11,Champions,708,347.1580769230769,8603130.863999994,51.65666834145167,301
16722.0,8989.08,22,8580,-21.25,4.0,13.0,8967.83,0.18181818181818182,0.002363979406123875,18,22,8989.08,Champions,719,408.5945454545454,8612098.693999995,51.71051481053085,302
15150.0,8977.94,13,6167,-10.5,1.0,25.0,8967.44,0.07692307692307693,0.0011695333227889693,18,13,8977.94,Champions,526,690.6107692307693,8621066.133999994,51.764358937892695,303
15867.0,9034.95,31,5113,-89.1,4.0,17.0,8945.85,0.12903225806451613,0.009861703717231416,6,31,9034.95,Champions,720,291.45000000000005,8630011.983999994,51.81807343018481,304
14292.0,9226.25,16,3429,-338.35,11.0,56.0,8887.9,0.6875,0.036672537596531635,8,16,9226.25,Champions,623,576.640625,8638899.883999994,51.87143996729902,305
14709.0,8886.33,25,4141,-19.85,2.0,3.0,8866.48,0.08,0.0022337680459762355,16,25,8886.33,Champions,719,355.4532,8647766.363999994,51.92467789009206,306
15903.0,8939.84,12,3926,-80.02,3.0,9.0,8859.82,0.25,0.008950943193614202,10,12,8939.84,Champions,685,744.9866666666667,8656626.183999995,51.977875823558364,307
13269.0,8888.75,28,6563,-30.31,2.0,5.0,8858.44,0.07142857142857142,0.0034099282801293767,2,28,8888.75,Champions,736,317.4553571428572,8665484.623999994,52.031065470947944,308
13555.0,8891.84,13,4762,-92.85,3.0,19.0,8798.99,0.23076923076923078,0.010442158203476446,74,13,8891.84,Potential Loyalists,616,683.9876923076923,8674283.613999994,52.08389815655451,309
16532.0,8756.64,5,2544,0.0,0.0,0.0,8756.64,0.0,0.0,18,5,8756.64,Champions,603,1751.328,8683040.253999995,52.136476555676424,310
13069.0,9616.95,38,15354,-935.66,4.0,708.0,8681.29,0.10526315789473684,0.09729280073204082,1,38,9616.95,Champions,543,253.07763157894735,8691721.543999994,52.188602523001,311
13263.0,8676.2,39,5372,0.0,0.0,0.0,8676.2,0.0,0.0,2,39,8676.2,Champions,412,222.4666666666667,8700397.743999993,52.240697927912194,312
17576.0,8831.6,41,4640,-171.15,4.0,45.0,8660.45,0.0975609756097561,0.01937927442366049,9,41,8831.6,Champions,728,215.4048780487805,8709058.193999993,52.2926987634696,313
12359.0,8873.39,10,2739,-221.05,4.0,226.0,8652.34,0.4,0.024911561421283188,58,10,8873.39,Champions,677,887.3389999999999,8717710.533999993,52.34465090331531,314
15497.0,8657.39,9,2937,-13.93,2.0,5.0,8643.46,0.2222222222222222,0.0016090299732367376,18,9,8657.39,Champions,704,961.9322222222222,8726353.993999993,52.396549724058694,315
12957.0,8706.97,13,4686,-78.55,8.0,25.0,8628.42,0.6153846153846154,0.009021508056189467,10,13,8706.97,Champions,719,669.766923076923,8734982.413999993,52.44835823857472,316
15955.0,8658.36,22,4213,-35.75,3.0,15.0,8622.61,0.13636363636363635,0.004128957446906804,25,22,8658.36,Champions,630,393.5618181818182,8743605.023999993,52.500131867506894,317
15502.0,13933.27,14,5849,-5319.94,13.0,495.0,8613.330000000002,0.9285714285714286,0.3818156111235912,16,14,13933.27,Champions,539,995.2335714285716,8752218.353999993,52.55184977557538,318
17396.0,8807.1,14,2419,-232.5,2.0,82.0,8574.6,0.14285714285714285,0.026399155227032733,40,14,8807.1,Champions,402,629.0785714285714,8760792.953999992,52.603335133099584,319
18041.0,8633.66,38,7784,-82.72999999999999,2.0,297.0,8550.93,0.05263157894736842,0.009582262910515353,12,38,8633.66,Champions,683,227.2015789473684,8769343.883999992,52.65467836639495,320
16945.0,8548.16,33,5889,-17.5,2.0,14.0,8530.66,0.06060606060606061,0.0020472241979560516,22,33,8548.16,Champions,709,259.0351515151515,8777874.543999992,52.705899890433095,321
12798.0,8510.93,4,8455,0.0,0.0,0.0,8510.93,0.0,0.0,11,4,8510.93,Loyal Customers,411,2127.7325,8786385.473999992,52.75700294759186,322
13047.0,8795.16,24,3429,-328.44,18.0,70.0,8466.72,0.75,0.03734326606906526,32,24,8795.16,Champions,692,366.465,8794852.193999993,52.80784055007564,323
13209.0,8509.51,13,5781,-71.45,3.0,21.0,8438.06,0.23076923076923078,0.008396488164418398,31,13,8509.51,Champions,654,654.5776923076924,8803290.253999993,52.858506066357535,324
15984.0,8515.72,30,5786,-88.2,2.0,20.0,8427.519999999999,0.06666666666666667,0.01035731564682728,3,30,8515.72,Champions,736,283.8573333333333,8811717.773999993,52.90910829622744,325
14160.0,8421.47,7,4661,0.0,0.0,0.0,8421.47,0.0,0.0,611,7,8421.47,At Risk High Value,88,1203.0671428571427,8820139.243999993,52.95967419945667,326
13448.0,9189.89,13,4357,-793.12,6.0,24.0,8396.769999999999,0.46153846153846156,0.08630353573328953,17,13,9189.89,Champions,717,706.9146153846153,8828536.013999993,53.01009179392155,327
14286.0,8479.76,7,8795,-83.06,5.0,100.0,8396.7,0.7142857142857143,0.009795088540241704,24,7,8479.76,Champions,712,1211.3942857142858,8836932.713999992,53.06050896807819,328
18139.0,8438.34,6,5557,-45.120000000000005,2.0,96.0,8393.22,0.3333333333333333,0.005347023229687356,18,6,8438.34,Champions,1,1406.39,8845325.933999993,53.11090524691095,329
13715.0,8425.69,17,4907,-44.95,4.0,15.0,8380.74,0.23529411764705882,0.0053348746512155085,282,17,8425.69,At Risk High Value,357,495.6288235294118,8853706.673999993,53.16122659078909,330
15786.0,8501.62,5,5957,-121.97,4.0,88.0,8379.650000000001,0.8,0.014346677456767062,47,5,8501.62,Champions,490,1700.324,8862086.323999994,53.2115413898675,331
15298.0,9459.37,23,6286,-1103.34,6.0,392.0,8356.03,0.2608695652173913,0.11663990308022626,3,23,9459.37,Champions,729,411.2769565217392,8870442.353999993,53.26171436493724,332
15281.0,8543.57,16,5233,-225.95,6.0,52.0,8317.619999999999,0.375,0.02644678980800766,59,16,8543.57,Champions,369,533.973125,8878759.973999992,53.3116567108718,333
17686.0,8296.81,9,3583,0.0,0.0,0.0,8296.81,0.0,0.0,8,9,8296.81,Champions,526,921.8677777777776,8887056.783999993,53.361474105171304,334
14676.0,8356.79,12,8792,-71.3,4.0,48.0,8285.490000000002,0.3333333333333333,0.008531984170955593,32,12,8356.79,Champions,608,696.3991666666667,8895342.273999993,53.41122352962413,335
14057.0,8346.66,22,6438,-70.56,1.0,168.0,8276.1,0.045454545454545456,0.008453680873547025,24,22,8346.66,Champions,713,379.3936363636364,8903618.373999992,53.4609165727289,336
12637.0,8283.81,12,4257,-68.65,2.0,12.0,8215.16,0.16666666666666666,0.008287249466127302,68,12,8283.81,Potential Loyalists,476,690.3175,8911833.533999993,53.510243707489536,337
13206.0,8308.19,13,7086,-97.19,2.0,277.0,8211.0,0.15384615384615385,0.011698095493723661,401,13,8308.19,At Risk High Value,332,639.0915384615384,8920044.533999993,53.55954586393198,338
14146.0,9450.3,12,5780,-1241.43,1.0,551.0,8208.869999999999,0.08333333333333333,0.1313640836798832,9,12,9450.3,Champions,687,787.525,8928253.403999992,53.60883523099513,339
15034.0,8231.2,14,4748,-30.95,3.0,11.0,8200.25,0.21428571428571427,0.003760083584410535,16,14,8231.2,Champions,562,587.9428571428572,8936453.653999992,53.65807284010084,340
13139.0,8202.98,8,4614,-9.15,1.0,7.0,8193.83,0.125,0.0011154482883049819,17,8,8202.98,Champions,421,1025.3725,8944647.483999992,53.70727190093665,341
15998.0,8274.14,16,5350,-87.95,5.0,19.0,8186.19,0.3125,0.010629503489184376,37,16,8274.14,Champions,702,517.13375,8952833.673999991,53.75642508813034,342
13381.0,8224.37,12,5125,-39.35,3.0,17.0,8185.02,0.25,0.004784561005888597,32,12,8224.37,Champions,707,685.3641666666667,8961018.69399999,53.805571250172044,343
17611.0,8337.53,28,5341,-166.6,7.0,73.0,8170.93,0.25,0.019981937096478213,8,28,8337.53,Champions,731,297.7689285714286,8969189.62399999,53.85463281016963,344
17365.0,8184.49,15,8015,-19.15,1.0,3.0,8165.34,0.06666666666666667,0.0023397914836477286,13,15,8184.49,Champions,664,545.6326666666666,8977354.96399999,53.90366080555212,345
15544.0,8162.43,20,7019,-28.31,6.0,13.0,8134.12,0.3,0.0034683298968566957,10,20,8162.43,Champions,671,408.1215,8985489.08399999,53.95250134345999,346
16672.0,8134.9400000000005,20,2832,-41.35,3.0,20.0,8093.59,0.15,0.005083012290195133,3,20,8134.94,Champions,264,406.747,8993582.67399999,54.001098522897436,347
17017.0,14110.61,29,10591,-6023.2,12.0,90.0,8087.410000000001,0.41379310344827586,0.42685610331516494,3,29,14110.61,Champions,734,486.5727586206897,9001670.08399999,54.049658595121784,348
14030.0,8198.3,20,4312,-116.7,2.0,54.0,8081.599999999999,0.1,0.01423465840479124,19,20,8198.3,Champions,711,409.915,9009751.68399999,54.09818378176229,349
13426.0,8167.38,22,4868,-90.62,2.0,21.0,8076.76,0.09090909090909091,0.011095357385110036,1,22,8167.38,Champions,730,371.2445454545455,9017828.443999989,54.14667990709027,350
14395.0,8110.61,20,4046,-47.2,4.0,6.0,8063.41,0.2,0.005819537618009004,3,20,8110.61,Champions,598,405.5305,9025891.85399999,54.195095873632646,351
14056.0,8152.71,23,4252,-90.25,6.0,41.0,8062.46,0.2608695652173913,0.011069938707497262,2,23,8152.71,Champions,283,354.46565217391304,9033954.31399999,54.24350613599178,352
12720.0,8260.67,30,6317,-212.79,11.0,77.0,8047.88,0.36666666666666664,0.025759411766842155,3,30,8260.67,Champions,504,275.35566666666665,9042002.19399999,54.29182885414914,353
17593.0,8092.32,11,5595,-51.800000000000004,4.0,20.0,8040.5199999999995,0.36363636363636365,0.006401130948850269,4,11,8092.32,Champions,732,735.6654545454545,9050042.71399999,54.34010737989734,354
13148.0,8497.82,26,4487,-498.21,10.0,181.0,7999.61,0.38461538461538464,0.05862797752835433,30,26,8497.82,Champions,703,326.8392307692308,9058042.32399999,54.38814026550182,355
13869.0,7996.87,10,4302,0.0,0.0,0.0,7996.87,0.0,0.0,124,10,7996.87,Potential Loyalists,568,799.687,9066039.193999989,54.43615669904095,356
16767.0,8056.76,15,7102,-102.0,1.0,24.0,7954.76,0.06666666666666667,0.012660176050918731,31,15,8056.76,Champions,560,537.1173333333334,9073993.953999989,54.483920287152266,357
15482.0,14417.36,19,6516,-6484.73,5.0,2023.0,7932.630000000001,0.2631578947368421,0.44978622993391293,16,19,14417.36,Champions,722,758.8084210526316,9081926.58399999,54.531550997816005,358
14525.0,8026.54,17,5106,-110.83,4.0,34.0,7915.71,0.23529411764705882,0.013807942151911034,20,17,8026.54,Champions,707,472.14941176470586,9089842.29399999,54.579080113973966,359
12380.0,9676.300000000001,11,3355,-1788.3000000000002,4.0,30.0,7888.000000000001,0.36363636363636365,0.18481237663156372,22,11,9676.3,Champions,641,879.6636363636364,9097730.29399999,54.62644284811328,360
12428.0,7956.46,9,3536,-79.26,3.0,33.0,7877.2,0.3333333333333333,0.009961716642828595,26,9,7956.46,Champions,258,884.0511111111111,9105607.49399999,54.673740734695706,361
14291.0,7904.1,23,6146,-59.7,2.0,6.0,7844.400000000001,0.08695652173913043,0.0075530420920787945,2,23,7904.1,Champions,729,343.6565217391304,9113451.89399999,54.72084167684612,362
12643.0,8304.82,12,4665,-469.52,2.0,308.0,7835.299999999999,0.16666666666666666,0.05653584304054754,129,12,8304.82,Potential Loyalists,483,692.0683333333333,9121287.19399999,54.76788797892546,363
16303.0,7928.27,7,3859,-104.55,2.0,43.0,7823.72,0.2857142857142857,0.013186987829627395,26,7,7928.27,Champions,606,1132.61,9129110.913999991,54.81486475001325,364
14282.0,7821.76,25,5466,-5.0,1.0,4.0,7816.76,0.04,0.0006392423188642966,4,25,7821.76,Champions,659,312.8704,9136927.673999991,54.86179973045326,365
13871.0,7885.85,17,3502,-80.9,4.0,40.0,7804.950000000001,0.23529411764705882,0.01025888141417856,23,17,7885.85,Champions,697,463.8735294117647,9144732.62399999,54.90866379888894,366
17409.0,7793.51,10,4089,0.0,0.0,0.0,7793.51,0.0,0.0,185,10,7793.51,Potential Loyalists,544,779.351,9152526.13399999,54.95545917694954,367
16670.0,8030.150000000001,20,4534,-243.49,13.0,83.0,7786.660000000001,0.65,0.030321974060260392,17,20,8030.150000000001,Champions,713,401.5075000000001,9160312.79399999,55.00221342484676,368
12867.0,7829.26,13,7876,-50.599999999999994,3.0,24.0,7778.66,0.23076923076923078,0.006462935194386186,27,13,7829.26,Champions,697,602.2507692307693,9168091.45399999,55.04891963751666,369
17730.0,7773.8,20,5300,-16.45,3.0,17.0,7757.35,0.15,0.002116082224909311,4,20,7773.8,Champions,586,388.69,9175848.80399999,55.09549789634976,370
17091.0,7789.2,19,3833,-33.6,4.0,6.0,7755.599999999999,0.21052631578947367,0.004313665074718842,3,19,7789.2,Champions,721,409.9578947368421,9183604.40399999,55.1420656474769,371
17739.0,7730.59,18,2335,-12.450000000000001,2.0,8.0,7718.14,0.1111111111111111,0.0016104850988087585,12,18,7730.59,Champions,721,429.4772222222222,9191322.54399999,55.18840847365212,372
17085.0,7847.67,28,3583,-134.0,4.0,48.0,7713.67,0.14285714285714285,0.017075131854423033,124,28,7847.67,Potential Loyalists,610,280.2739285714286,9199036.21399999,55.234724460144044,373
17238.0,7701.76,32,3681,0.0,0.0,0.0,7701.76,0.0,0.0,3,32,7701.76,Champions,736,240.68,9206737.97399999,55.28096893419131,374
16592.0,7807.91,28,5504,-183.45,6.0,80.0,7624.46,0.21428571428571427,0.023495404019769694,5,28,7807.91,Champions,717,278.8539285714286,9214362.433999991,55.32674926785458,375
16556.0,8012.58,17,4353,-402.35,7.0,24.0,7610.23,0.4117647058823529,0.05021478724705401,67,17,8012.58,Potential Loyalists,666,471.3282352941176,9221972.663999991,55.372444158857256,376
17426.0,8077.77,13,5187,-471.4,4.0,97.0,7606.370000000001,0.3076923076923077,0.058357690303140586,9,13,8077.77,Champions,652,621.3669230769231,9229579.03399999,55.41811587286274,377
13373.0,7587.1900000000005,6,4263,0.0,0.0,0.0,7587.1900000000005,0.0,0.0,61,6,7587.19,Potential Loyalists,673,1264.5316666666668,9237166.22399999,55.46367242241072,378
13137.0,7586.94,16,4238,-45.33,1.0,1.0,7541.61,0.0625,0.005974740804593156,11,16,7586.94,Champions,492,474.18375,9244707.83399999,55.50895529125103,379
15301.0,7583.04,17,4266,-42.23,2.0,7.0,7540.81,0.11764705882352941,0.005569006625311221,51,17,7583.04,Champions,400,446.0611764705882,9252248.64399999,55.5542333565686,380
13141.0,7656.08,17,5159,-131.95,4.0,35.0,7524.13,0.23529411764705882,0.01723466839426965,85,17,7656.08,Potential Loyalists,646,450.3576470588236,9259772.77399999,55.59941126843723,381
14159.0,7860.8,20,6520,-366.13,5.0,225.0,7494.67,0.25,0.046576684306940765,20,20,7860.8,Champions,717,393.04,9267267.44399999,55.644412290581236,382
13709.0,7571.35,18,4122,-78.94,4.0,15.0,7492.410000000001,0.2222222222222222,0.010426145931703065,4,18,7571.35,Champions,694,420.6305555555556,9274759.853999991,55.689399742773524,383
12429.0,7485.91,8,3344,-50.4,1.0,120.0,7435.51,0.125,0.006732648402131471,10,8,7485.91,Champions,537,935.73875,9282195.36399999,55.73404554441148,384
15179.0,7491.92,13,5416,-65.1,4.0,53.0,7426.82,0.3076923076923077,0.008689361338615467,19,13,7491.92,Champions,718,576.3015384615385,9289622.183999991,55.77863916778376,385
17690.0,7412.0,20,3121,-9.5,1.0,6.0,7402.5,0.05,0.0012817053426875337,31,20,7412.0,Champions,644,370.6,9297024.683999991,55.82308676406499,386
15046.0,7623.79,25,4585,-229.01,3.0,171.0,7394.78,0.12,0.030038865183852126,10,25,7623.79,Champions,685,304.9516,9304419.46399999,55.86748800635184,387
14800.0,7747.17,17,6938,-358.73,6.0,123.0,7388.4400000000005,0.35294117647058826,0.04630465060144543,48,17,7747.17,Champions,388,455.7158823529412,9311807.90399999,55.91185118072104,388
17696.0,7679.59,27,5891,-298.7,21.0,142.0,7380.89,0.7777777777777778,0.03889530560876297,39,27,7679.59,Champions,691,284.42925925925925,9319188.79399999,55.95616902184446,389
16242.0,7404.650000000001,14,3921,-34.15,4.0,8.0,7370.500000000001,0.2857142857142857,0.004611966804643028,9,14,7404.650000000001,Champions,626,528.9035714285715,9326559.29399999,56.00042447721639,390
14243.0,7431.05,17,3687,-65.69,6.0,21.0,7365.360000000001,0.35294117647058826,0.008839935137026396,9,17,7431.05,Champions,468,437.1205882352941,9333924.65399999,56.04464906995478,391
14175.0,7678.88,8,3009,-328.44,9.0,89.0,7350.4400000000005,1.125,0.04277186256329048,60,8,7678.88,Potential Loyalists,568,959.86,9341275.09399999,56.088784076994195,392
13534.0,7720.900000000001,35,3869,-396.4,25.0,161.0,7324.500000000001,0.7142857142857143,0.05134116489010348,3,35,7720.900000000001,Champions,518,220.59714285714287,9348599.59399999,56.13276332980903,393
15622.0,7852.610000000001,17,4091,-534.53,13.0,130.0,7318.080000000001,0.7647058823529411,0.06807036131935751,44,17,7852.610000000001,Champions,602,461.91823529411766,9355917.67399999,56.17670403435394,394
12841.0,7464.1900000000005,40,5329,-150.2,2.0,75.0,7313.990000000001,0.05,0.02012274607157642,5,40,7464.19,Champions,515,186.60475,9363231.66399999,56.22062018088888,395
13815.0,7475.74,8,5381,-189.95,2.0,23.0,7285.79,0.25,0.02540885584570892,23,8,7475.74,Champions,643,934.4675,9370517.453999989,56.26436700324751,396
13082.0,7335.75,21,8466,-66.83,4.0,53.0,7268.92,0.19047619047619047,0.009110179599904577,127,21,7335.75,Potential Loyalists,591,349.32142857142856,9377786.373999989,56.30801253132053,397
15299.0,7991.54,10,5453,-747.92,5.0,10.0,7243.62,0.5,0.09358897033613045,68,10,7991.54,Potential Loyalists,629,799.154,9385029.993999988,56.35150614798713,398
15270.0,8524.86,21,4010,-1283.67,10.0,362.0,7241.1900000000005,0.47619047619047616,0.15057959896115597,16,21,8524.86,Champions,707,405.9457142857143,9392271.183999987,56.39498517395344,399
17602.0,7354.43,14,5880,-113.7,4.0,22.0,7240.7300000000005,0.2857142857142857,0.01546006964509826,3,14,7354.43,Champions,617,525.3164285714286,9399511.913999988,56.43846143789418,400
16253.0,7272.2,7,6030,-33.239999999999995,2.0,97.0,7238.96,0.2857142857142857,0.004570831385275432,67,7,7272.2,Potential Loyalists,665,1038.8857142857144,9406750.873999989,56.48192707404088,401
14092.0,7229.45,24,3606,-19.71,3.0,7.0,7209.74,0.125,0.0027263484774083784,8,24,7229.45,Champions,716,301.2270833333333,9413960.613999989,56.52521726151979,402
14841.0,7163.0,14,4164,0.0,0.0,0.0,7163.0,0.0,0.0,54,14,7163.0,Champions,684,511.6428571428572,9421123.613999989,56.568226803183066,403
16745.0,7180.7,17,6719,-23.6,1.0,8.0,7157.099999999999,0.058823529411764705,0.003286587658584818,87,17,7180.7,Potential Loyalists,225,422.3941176470588,9428280.713999989,56.61120091886619,404
14688.0,7635.4,28,5495,-523.49,6.0,399.0,7111.91,0.21428571428571427,0.06856091363910208,8,28,7635.4,Champions,449,272.6928571428571,9435392.623999989,56.65390369555898,405
16729.0,7205.33,21,5722,-163.64,5.0,14.0,7041.69,0.23809523809523808,0.022710965354813727,39,21,7205.33,Champions,203,343.1109523809524,9442434.313999988,56.69618484304395,406
17965.0,7157.2,29,4440,-123.2,4.0,26.0,7034.0,0.13793103448275862,0.017213435421673282,38,29,7157.2,Champions,688,246.8,9449468.313999988,56.738419816666664,407
13451.0,7090.06,11,5229,-70.95,2.0,9.0,7019.110000000001,0.18181818181818182,0.010006967500980245,27,11,7090.06,Champions,602,644.5509090909092,9456487.423999988,56.780565384722514,408
13183.0,7036.18,15,4027,-25.3,3.0,26.0,7010.88,0.2,0.0035957010764363618,8,15,7036.18,Champions,628,469.07866666666666,9463498.303999988,56.82266153653828,409
14145.0,7600.05,7,1655,-594.0,1.0,120.0,7006.05,0.14285714285714285,0.07815738054354905,47,7,7600.05,Champions,564,1085.7214285714283,9470504.35399999,56.86472868708553,410
12712.0,7193.66,21,2349,-214.0,7.0,48.0,6979.66,0.3333333333333333,0.029748417356394382,29,21,7193.66,Champions,702,342.5552380952381,9477484.01399999,56.90663738142666,411
13831.0,6993.54,18,2553,-14.4,2.0,4.0,6979.14,0.1111111111111111,0.0020590430597379867,17,18,6993.54,Champions,713,388.53,9484463.15399999,56.94854295347802,412
13983.0,7083.25,21,4145,-115.03999999999999,9.0,114.0,6968.21,0.42857142857142855,0.01624113224861469,30,21,7083.25,Champions,701,337.29761904761904,9491431.36399999,56.990382897400046,413
17231.0,7064.8,25,3681,-105.97,10.0,19.0,6958.83,0.4,0.014999716906352621,13,25,7064.8,Champions,720,282.592,9498390.19399999,57.03216652001804,414
12662.0,6988.02,20,3581,-38.85,2.0,21.0,6949.17,0.1,0.005559514712321945,1,20,6988.02,Champions,617,349.401,9505339.36399999,57.07389214009903,415
17769.0,7053.38,17,3157,-108.42,4.0,49.0,6944.96,0.23529411764705882,0.015371353875730501,13,17,7053.38,Champions,677,414.90470588235297,9512284.323999992,57.115592481641656,416
17975.0,7010.43,24,2265,-101.15,2.0,17.0,6909.280000000001,0.08333333333333333,0.014428501532716253,16,24,7010.43,Champions,475,292.10125,9519193.603999991,57.15707858607041,417
16265.0,6935.17,12,3214,-41.550000000000004,3.0,25.0,6893.62,0.25,0.005991201369252665,10,12,6935.17,Champions,398,577.9308333333333,9526087.22399999,57.19847066154169,418
15950.0,7120.91,10,3354,-242.20000000000002,3.0,54.0,6878.71,0.3,0.03401250682848119,32,10,7120.91,Champions,651,712.091,9532965.933999991,57.239773211358056,419
15129.0,6860.18,23,4002,0.0,0.0,0.0,6860.18,0.0,0.0,51,23,6860.18,Champions,560,298.2686956521739,9539826.11399999,57.280964499579134,420
16570.0,7434.31,20,4292,-592.49,11.0,152.0,6841.820000000001,0.55,0.0796967035272944,16,20,7434.31,Champions,604,371.7155,9546667.933999991,57.322045546953504,421
16187.0,6911.4400000000005,15,5048,-70.2,2.0,44.0,6841.240000000001,0.13333333333333333,0.010157072910999734,32,15,6911.4400000000005,Champions,253,460.7626666666667,9553509.173999991,57.363123111773895,422
18231.0,6854.17,28,2915,-32.8,2.0,15.0,6821.37,0.07142857142857142,0.004785408007096409,193,28,6854.17,At Risk High Value,506,244.7917857142857,9560330.54399999,57.40408136909843,423
16170.0,6869.0,20,6056,-55.33,5.0,25.0,6813.67,0.25,0.00805502984422769,51,20,6869.0,Champions,609,343.45,9567144.21399999,57.444993392516665,424
12830.0,6814.64,6,9848,-66.24,1.0,1.0,6748.400000000001,0.16666666666666666,0.009720249345526689,38,6,6814.64,Champions,134,1135.7733333333333,9573892.61399999,57.48551350852398,425
14401.0,6795.9,22,6401,-92.50000000000001,3.0,22.0,6703.4,0.13636363636363635,0.013611147897997325,5,22,6795.9,Champions,721,308.9045454545454,9580596.013999991,57.525763426377615,426
12913.0,6700.86,13,3232,0.0,0.0,0.0,6700.86,0.0,0.0,5,13,6700.86,Champions,734,515.4507692307692,9587296.87399999,57.56599809304658,427
16497.0,6695.28,23,3050,0.0,0.0,0.0,6695.28,0.0,0.0,50,23,6695.28,Champions,687,291.0991304347826,9593992.15399999,57.60619925514449,428
16145.0,6805.4400000000005,19,5270,-111.84,10.0,87.0,6693.6,0.5263157894736842,0.01643391169417407,9,19,6805.4400000000005,Champions,576,358.1810526315789,9600685.75399999,57.64639032984464,429
13993.0,6775.71,19,2135,-85.35,5.0,15.0,6690.36,0.2631578947368421,0.01259646590541803,43,19,6775.71,Champions,694,356.6163157894737,9607376.113999989,57.68656195027775,430
15750.0,6793.511,18,4589,-104.64,6.0,28.0,6688.871,0.3333333333333333,0.015402933770181574,3,18,6793.511,Champions,736,377.4172777777778,9614064.984999988,57.72672463015416,431
12417.0,6797.41,20,2884,-108.69999999999999,7.0,24.0,6688.71,0.35,0.015991384953975115,4,20,6797.41,Champions,730,339.8705,9620753.69499999,57.76688634332163,432
14844.0,6702.43,10,4369,-14.0,2.0,4.0,6688.43,0.2,0.0020887946610408463,64,10,6702.43,Potential Loyalists,543,670.243,9627442.124999989,57.80704637525614,433
13520.0,6909.4,11,3289,-228.75,4.0,64.0,6680.65,0.36363636363636365,0.03310707152574753,59,11,6909.4,Champions,664,628.1272727272727,9634122.77499999,57.84715969293208,434
15521.0,7098.24,16,4507,-432.25,8.0,166.0,6665.99,0.5,0.0608953768821567,41,16,7098.24,Champions,663,443.64,9640788.76499999,57.88718498605395,435
14461.0,6676.91,13,3005,-15.9,1.0,2.0,6661.01,0.07692307692307693,0.002381341069446795,149,13,6676.91,Potential Loyalists,542,513.6084615384615,9647449.77499999,57.92718037724682,436
17001.0,6640.8,19,3782,0.0,0.0,0.0,6640.8,0.0,0.0,1,19,6640.8,Champions,624,349.5157894736842,9654090.57499999,57.967054419446676,437
13953.0,6640.68,12,5224,0.0,0.0,0.0,6640.68,0.0,0.0,8,12,6640.68,Champions,721,553.39,9660731.25499999,58.0069277411181,438
13384.0,6680.83,11,4142,-45.74,4.0,12.0,6635.09,0.36363636363636365,0.0068464547069750315,31,11,6680.83,Champions,470,607.3481818181818,9667366.34499999,58.04676749817445,439
17700.0,6679.97,14,3469,-49.1,3.0,10.0,6630.87,0.21428571428571427,0.007350332411672507,17,14,6679.97,Champions,722,477.1407142857143,9673997.214999989,58.08658191664837,440
18118.0,6693.13,29,3395,-63.15,6.0,7.0,6629.9800000000005,0.20689655172413793,0.009435047578636602,11,29,6693.13,Champions,371,230.79758620689657,9680627.19499999,58.12639099120326,441
16401.0,6849.15,23,6035,-220.16,16.0,125.0,6628.99,0.6956521739130435,0.03214413467364564,2,23,6849.15,Champions,554,297.7891304347826,9687256.18499999,58.166194121398775,442
14702.0,6679.2300000000005,29,3040,-58.5,3.0,12.0,6620.7300000000005,0.10344827586206896,0.008758494616894461,2,29,6679.2300000000005,Champions,728,230.318275862069,9693876.91499999,58.205947655222076,443
14388.0,6701.0,16,4360,-111.7,4.0,24.0,6589.3,0.25,0.01666915385763319,11,16,6701.0,Champions,678,418.8125,9700466.21499999,58.24551247064604,444
13552.0,6948.92,22,2630,-360.29,10.0,68.0,6588.63,0.45454545454545453,0.05184834477875699,67,22,6948.92,Potential Loyalists,592,315.86,9707054.844999991,58.28507326311971,445
12613.0,6817.37,10,4157,-243.55,3.0,120.0,6573.82,0.3,0.035724920313845374,58,10,6817.37,Champions,668,681.737,9713628.664999992,58.324545130378816,446
15321.0,6709.7300000000005,12,3653,-136.33,6.0,38.0,6573.400000000001,0.5,0.020318254236757663,71,12,6709.7300000000005,Potential Loyalists,604,559.1441666666667,9720202.064999992,58.36401447578847,447
17819.0,6612.52,12,1849,-43.8,1.0,4.0,6568.72,0.08333333333333333,0.006623798491346717,72,12,6612.52,Potential Loyalists,655,551.0433333333334,9726770.784999993,58.403455720590145,448
15332.0,6553.74,6,2958,0.0,0.0,0.0,6553.74,0.0,0.0,367,6,6553.74,At Risk High Value,147,1092.29,9733324.524999993,58.442807019428656,449
14440.0,6638.7300000000005,13,1755,-111.89999999999999,2.0,10.0,6526.830000000001,0.15384615384615385,0.01685563353231717,9,13,6638.7300000000005,Champions,729,510.6715384615385,9739851.354999993,58.48199673977127,450
12836.0,6559.7300000000005,15,2231,-39.15,2.0,4.0,6520.580000000001,0.13333333333333333,0.005968233448632794,60,15,6559.7300000000005,Potential Loyalists,679,437.3153333333333,9746371.934999993,58.52114893259254,451
14855.0,6520.3,7,3510,0.0,0.0,0.0,6520.3,0.0,0.0,120,7,6520.3,Potential Loyalists,491,931.4714285714286,9752892.234999994,58.56029944418085,452
14221.0,6517.49,17,3808,-10.9,2.0,2.0,6506.59,0.11764705882352941,0.0016724229726474457,43,17,6517.49,Champions,570,383.3817647058824,9759398.824999994,58.59936763539834,453
12823.0,6501.5,18,930,0.0,0.0,0.0,6501.5,0.0,0.0,75,18,6501.5,Potential Loyalists,605,361.19444444444446,9765900.324999994,58.63840526420244,454
15980.0,6543.68,7,4822,-47.4,2.0,36.0,6496.280000000001,0.2857142857142857,0.007243630495378747,89,7,6543.68,Potential Loyalists,468,934.8114285714286,9772396.604999993,58.67741155002071,455
18061.0,6488.97,28,3607,-8.5,1.0,1.0,6480.47,0.03571428571428571,0.0013099151329101536,22,28,6488.97,Champions,714,231.7489285714286,9778877.074999994,58.716322906220995,456
17419.0,6500.52,18,3087,-25.6,2.0,4.0,6474.92,0.1111111111111111,0.003938146486742599,12,18,6500.52,Champions,672,361.14,9785351.994999994,58.75520093798232,457
13015.0,6579.78,11,3527,-120.7,3.0,72.0,6459.08,0.2727272727272727,0.01834407837344106,54,11,6579.78,Champions,550,598.1618181818181,9791811.074999994,58.793983859993546,458
14766.0,6556.13,11,4063,-124.14999999999999,3.0,62.0,6431.9800000000005,0.2727272727272727,0.01893647624436977,9,11,6556.13,Champions,543,596.0118181818182,9798243.054999994,58.832604062672225,459
12779.0,6722.2699999999995,14,3641,-315.51,7.0,169.0,6406.759999999999,0.5,0.04693503831295084,38,14,6722.27,Champions,699,480.1621428571429,9804649.814999994,58.87107283429677,460
12755.0,9030.66,11,3781,-2624.3099999999995,11.0,1260.0,6406.35,1.0,0.290600022589711,281,11,9030.66,At Risk High Value,413,820.9690909090909,9811056.164999994,58.90953914411591,461
12626.0,6620.4800000000005,9,3453,-232.13,4.0,103.0,6388.35,0.4444444444444444,0.03506241239305911,24,9,6620.4800000000005,Champions,303,735.6088888888889,9817444.514999993,58.94789737467357,462
16655.0,6423.26,13,3938,-35.1,1.0,1.0,6388.16,0.07692307692307693,0.0054645149036470575,18,13,6423.26,Champions,660,494.0969230769231,9823832.674999993,58.98625446439459,463
12356.0,6371.7300000000005,6,3416,0.0,0.0,0.0,6371.7300000000005,0.0,0.0,23,6,6371.7300000000005,Champions,402,1061.9550000000002,9830204.404999994,59.02451290176751,464
13883.0,6560.02,15,3584,-217.28,11.0,91.0,6342.740000000001,0.7333333333333333,0.03312185023826147,11,15,6560.02,Champions,721,437.3346666666667,9836547.144999994,59.06259727148541,465
12843.0,6583.36,30,3028,-242.8,4.0,131.0,6340.5599999999995,0.13333333333333333,0.0368808632673893,66,30,6583.36,Potential Loyalists,661,219.4453333333333,9842887.704999994,59.10066855160386,466
12749.0,6897.36,9,2360,-568.87,7.0,89.0,6328.49,0.7777777777777778,0.0824764837561038,4,9,6897.36,Champions,518,766.3733333333333,9849216.194999995,59.1386673585731,467
14227.0,6368.71,15,4048,-41.4,7.0,12.0,6327.31,0.4666666666666667,0.006500531504810236,27,15,6368.71,Champions,643,424.5806666666667,9855543.504999995,59.176659080346305,468
13394.0,6621.7,19,5354,-297.82,5.0,197.0,6323.88,0.2631578947368421,0.04497636558587674,2,19,6621.7,Champions,737,348.5105263157895,9861867.384999996,59.21463020701581,469
18094.0,6391.52,13,4164,-68.9,2.0,36.0,6322.620000000001,0.15384615384615385,0.010779908378601648,82,13,6391.52,Potential Loyalists,620,491.6553846153847,9868190.004999995,59.25259376813698,470
12656.0,6407.83,8,2860,-87.05,4.0,19.0,6320.78,0.5,0.013584942172311062,18,8,6407.83,Champions,545,800.97875,9874510.784999995,59.29054628115588,471
14562.0,6638.150000000001,26,2574,-330.15000000000003,4.0,152.0,6308.000000000001,0.15384615384615385,0.049735242499792866,4,26,6638.150000000001,Champions,667,255.31346153846155,9880818.784999995,59.32842205789915,472
13654.0,6308.0,11,4762,0.0,0.0,0.0,6308.0,0.0,0.0,44,11,6308.0,Champions,694,573.4545454545455,9887126.784999995,59.3662978346424,473
14390.0,6373.7300000000005,13,2904,-76.5,5.0,14.0,6297.2300000000005,0.38461538461538464,0.012002391064572864,11,13,6373.7300000000005,Champions,415,490.28692307692313,9893424.014999995,59.40410894396088,474
16717.0,6970.93,14,3220,-676.27,6.0,321.0,6294.66,0.42857142857142855,0.09701288063429125,24,14,6970.93,Champions,709,497.92357142857145,9899718.674999995,59.44190462196257,475
12484.0,6354.1,12,3266,-66.3,4.0,11.0,6287.8,0.3333333333333333,0.010434207834311704,33,12,6354.1,Champions,649,529.5083333333333,9906006.474999996,59.479659109756845,476
13590.0,6336.04,18,5271,-51.3,3.0,10.0,6284.74,0.16666666666666666,0.008096539794572003,12,18,6336.04,Champions,727,352.0022222222222,9912291.214999996,59.517395224076665,477
16710.0,6291.77,22,4366,-12.75,1.0,1.0,6279.02,0.045454545454545456,0.0020264567840210307,20,22,6291.77,Champions,716,285.98954545454546,9918570.234999996,59.55509699320894,478
14154.0,6460.7,8,3222,-197.1,2.0,18.0,6263.599999999999,0.25,0.03050753014379247,240,8,6460.7,At Risk High Value,456,807.5875,9924833.834999995,59.59270617444056,479
14004.0,6258.45,11,3425,0.0,0.0,0.0,6258.45,0.0,0.0,44,11,6258.45,Champions,392,568.9499999999999,9931092.284999995,59.630284432994586,480
16940.0,6427.66,8,4503,-182.25,3.0,33.0,6245.41,0.375,0.028354019969942405,53,8,6427.66,Champions,679,803.4575,9937337.694999995,59.667784394128084,481
18245.0,6324.9800000000005,20,5098,-88.75,3.0,20.0,6236.2300000000005,0.15,0.014031664922260623,8,20,6324.9800000000005,Champions,634,316.249,9943573.924999995,59.70522923483823,482
15674.0,6948.2300000000005,13,3648,-730.38,5.0,204.0,6217.85,0.38461538461538464,0.10511741839288566,74,13,6948.2300000000005,Potential Loyalists,658,534.4792307692308,9949791.774999995,59.7425637146136,483
13615.0,6272.53,8,2910,-60.300000000000004,4.0,19.0,6212.23,0.5,0.009613345811020435,319,8,6272.53,At Risk High Value,362,784.06625,9956004.004999995,59.779864449641785,484
12497.0,6248.5,3,5685,-36.75,1.0,1.0,6211.75,0.3333333333333333,0.005881411538769305,82,3,6248.5,Potential Loyalists,563,2082.833333333333,9962215.754999995,59.817162302556326,485
15673.0,6204.32,9,3274,-4.95,1.0,1.0,6199.37,0.1111111111111111,0.0007978311885911753,89,9,6204.32,Potential Loyalists,567,689.3688888888888,9968415.124999994,59.85438582095658,486
13334.0,6201.8,5,3198,-6.75,1.0,1.0,6195.05,0.2,0.0010883936921538908,83,5,6201.8,Potential Loyalists,570,1240.36,9974610.174999995,59.89158340033409,487
17873.0,6470.280000000001,18,4276,-286.32,2.0,552.0,6183.960000000001,0.1111111111111111,0.04425156252897865,81,18,6470.280000000001,Potential Loyalists,643,359.46000000000004,9980794.134999996,59.92871439087772,488
13230.0,6213.46,30,3553,-43.56,1.0,121.0,6169.9,0.03333333333333333,0.007010586694048083,5,30,6213.46,Champions,627,207.11533333333333,9986964.034999996,59.96576095950934,489
16938.0,6995.360000000001,9,5041,-833.2500000000001,1.0,1515.0,6162.110000000001,0.1111111111111111,0.1191146702957389,9,9,6995.360000000001,Champions,652,777.2622222222222,9993126.144999996,60.002760753838345,490
14113.0,7092.610000000001,16,3439,-935.86,15.0,347.0,6156.750000000001,0.9375,0.13194860566138558,4,16,7092.610000000001,Champions,728,443.288125,9999282.894999996,60.03972836456505,491
17669.0,6142.35,10,3505,0.0,0.0,0.0,6142.35,0.0,0.0,43,10,6142.35,Champions,575,614.235,10005425.244999995,60.07660951188257,492
17799.0,6246.93,20,3674,-125.14999999999999,3.0,15.0,6121.780000000001,0.15,0.020033840622513777,23,20,6246.93,Champions,704,312.3465,10011547.024999995,60.11336714862183,493
13935.0,6116.92,3,2252,0.0,0.0,0.0,6116.92,0.0,0.0,597,3,6116.92,At Risk,56,2038.9733333333331,10017663.944999995,60.15009560396051,494
16456.0,6788.34,13,3688,-677.5,1.0,1.0,6110.84,0.07692307692307693,0.09980348656667168,100,13,6788.34,Potential Loyalists,521,522.1800000000001,10023774.784999995,60.186787552526425,495
14180.0,6319.25,33,878,-208.5,9.0,14.0,6110.75,0.2727272727272727,0.03299442180638525,11,33,6319.25,Champions,538,191.49242424242425,10029885.534999995,60.22347896069602,496
14852.0,6132.43,18,4366,-23.549999999999997,3.0,5.0,6108.88,0.16666666666666666,0.0038402395135370476,59,18,6132.43,Champions,586,340.6905555555556,10035994.414999995,60.260159140631245,497
14907.0,6165.79,16,2817,-71.1,7.0,34.0,6094.69,0.4375,0.011531369054087148,4,16,6165.79,Champions,599,385.361875,10042089.104999995,60.296754118082,498
13136.0,6274.56,13,3109,-196.76,11.0,71.0,6077.8,0.8461538461538461,0.03135837413300693,57,13,6274.56,Champions,675,482.6584615384616,10048166.904999996,60.333247681159065,499
12406.0,6390.36,5,3416,-318.15,2.0,33.0,6072.21,0.4,0.049785927553377275,23,5,6390.36,Champions,675,1278.072,10054239.114999996,60.36970767962105,500
17509.0,6083.64,8,3512,-14.4,3.0,4.0,6069.240000000001,0.375,0.002367003964731641,58,8,6083.64,Champions,6,760.455,10060308.354999997,60.40614984500488,501
13317.0,6486.091,19,3149,-417.56,12.0,97.0,6068.531,0.631578947368421,0.06437775849891714,67,19,6486.091,Potential Loyalists,660,341.3732105263158,10066376.885999996,60.44258775326669,502
18178.0,6103.74,11,3850,-49.25,4.0,9.0,6054.49,0.36363636363636365,0.008068823377142539,129,11,6103.74,Potential Loyalists,531,554.8854545454545,10072431.375999996,60.478941353700165,503
12664.0,6070.04,11,1495,-18.0,1.0,1.0,6052.04,0.09090909090909091,0.0029653840831361904,9,11,6070.04,Champions,718,551.8218181818182,10078483.415999996,60.515280243345245,504
14560.0,6114.03,44,4580,-63.59,2.0,37.0,6050.44,0.045454545454545456,0.01040066862609441,8,44,6114.03,Champions,730,138.95522727272726,10084533.855999995,60.55160952594488,505
17838.0,6507.5,13,4023,-470.15,2.0,439.0,6037.35,0.15384615384615385,0.07224740683826354,27,13,6507.5,Champions,604,500.5769230769231,10090571.205999995,60.5878602109038,506
16954.0,6081.88,20,4086,-44.55,1.0,9.0,6037.33,0.05,0.007325037652831032,1,20,6081.88,Champions,690,304.094,10096608.535999995,60.62411077577465,507
16103.0,6191.71,22,2639,-188.95000000000002,5.0,33.0,6002.76,0.22727272727272727,0.030516610112553723,8,22,6191.71,Champions,693,281.44136363636363,10102611.295999995,60.66015376841945,508
17625.0,5978.9,8,3505,0.0,0.0,0.0,5978.9,0.0,0.0,19,8,5978.9,Champions,706,747.3625,10108590.195999995,60.69605349599876,509
12835.0,5996.83,41,2349,-24.64,8.0,14.0,5972.19,0.1951219512195122,0.004108837502480477,428,41,5996.83,At Risk High Value,309,146.2641463414634,10114562.385999994,60.73191293403114,510
14530.0,6088.87,16,2989,-120.25,3.0,15.0,5968.62,0.1875,0.019749148856848645,26,16,6088.87,Champions,662,380.554375,10120531.005999994,60.76775093634333,511
13266.0,6135.04,19,6837,-169.74,11.0,168.0,5965.3,0.5789473684210527,0.02766730127268934,12,19,6135.04,Champions,711,322.89684210526315,10126496.305999994,60.8035690040362,512
17491.0,5981.07,17,3630,-16.95,1.0,1.0,5964.12,0.058823529411764705,0.0028339410841204,2,17,5981.07,Champions,589,351.8276470588235,10132460.425999993,60.83937998653302,513
14918.0,5955.81,9,2551,0.0,0.0,0.0,5955.81,0.0,0.0,116,9,5955.81,Potential Loyalists,495,661.7566666666667,10138416.235999994,60.875141072437465,514
15372.0,6017.0599999999995,8,6410,-62.64,2.0,74.0,5954.419999999999,0.25,0.010410399763339573,138,8,6017.06,Potential Loyalists,526,752.1324999999999,10144370.655999994,60.91089381222117,515
14257.0,5954.45,9,3332,-12.45,1.0,5.0,5942.0,0.1111111111111111,0.002090873212471345,65,9,5954.45,Potential Loyalists,584,661.6055555555555,10150312.655999994,60.94657197731445,516
15755.0,5993.12,17,4034,-56.17,3.0,35.0,5936.95,0.17647058823529413,0.009372413701043865,11,17,5993.12,Champions,725,352.53647058823526,10156249.605999993,60.98221982017048,517
16156.0,6188.18,20,3205,-264.79,6.0,197.0,5923.39,0.3,0.04278964089603082,9,20,6188.18,Champions,729,309.409,10162172.995999994,61.01778624331621,518
17685.0,5907.47,12,3805,-15.0,2.0,12.0,5892.47,0.16666666666666666,0.002539158049046377,17,12,5907.47,Champions,650,492.2891666666667,10168065.465999994,61.05316701030834,519
12455.0,5879.95,10,3302,0.0,0.0,0.0,5879.95,0.0,0.0,74,10,5879.95,Potential Loyalists,648,587.995,10173945.415999994,61.088472602169695,520
12500.0,5955.21,19,3377,-82.9,6.0,17.0,5872.31,0.3157894736842105,0.013920583824919694,24,19,5955.21,Champions,650,313.4321052631579,10179817.725999994,61.12373232038898,521
17644.0,6028.6,20,3469,-164.06,8.0,59.0,5864.54,0.4,0.02721361510135023,2,20,6028.6,Champions,660,301.43,10185682.265999993,61.15894538439372,522
18065.0,5866.63,29,2265,-29.75,3.0,7.0,5836.88,0.10344827586206896,0.005071054421362861,6,29,5866.63,Champions,725,202.29758620689657,10191519.145999994,61.19399236659999,523
16011.0,5838.96,29,3448,-13.45,1.0,3.0,5825.51,0.034482758620689655,0.002303492402756655,9,29,5838.96,Champions,730,201.34344827586207,10197344.655999994,61.228971078739434,524
15785.0,5969.93,16,4479,-144.6,10.0,52.0,5825.33,0.625,0.024221389530530508,33,16,5969.93,Champions,692,373.120625,10203169.985999994,61.26394871008626,525
14535.0,5973.2300000000005,9,3214,-158.1,2.0,26.0,5815.13,0.2222222222222222,0.02646809180292739,61,9,5973.2300000000005,Potential Loyalists,593,663.6922222222223,10208985.115999995,61.29886509651826,526
14210.0,5861.52,16,2604,-47.2,5.0,8.0,5814.320000000001,0.3125,0.00805251880058415,106,16,5861.52,Potential Loyalists,597,366.345,10214799.435999995,61.333776619383485,527
17457.0,5984.81,14,2695,-185.8,4.0,60.0,5799.01,0.2857142857142857,0.031045262923969183,127,14,5984.81,Potential Loyalists,606,427.4864285714286,10220598.445999995,61.36859621483243,528
17146.0,5852.64,13,2188,-64.25,3.0,16.0,5788.39,0.23076923076923078,0.010977951830285135,106,13,5852.64,Potential Loyalists,570,450.20307692307694,10226386.835999995,61.4033520435171,529
13658.0,6025.5,9,2171,-253.43,4.0,25.0,5772.07,0.4444444444444444,0.04205958011783255,10,9,6025.5,Champions,663,669.5,10232158.905999996,61.43800988033803,530
13769.0,5800.42,20,2574,-33.79,9.0,16.0,5766.63,0.45,0.005825440226742201,3,20,5800.42,Champions,721,290.021,10237925.535999997,61.47263505320439,531
14189.0,5814.39,16,4646,-49.77,9.0,18.0,5764.62,0.5625,0.008559797330416433,3,16,5814.39,Champions,386,363.399375,10243690.155999996,61.50724815721988,532
15581.0,7752.74,38,3132,-1993.61,5.0,63.0,5759.13,0.13157894736842105,0.2571490853556291,121,38,7752.74,Potential Loyalists,617,204.0194736842105,10249449.285999997,61.54182829706062,533
12910.0,5796.52,13,3632,-49.5,1.0,30.0,5747.02,0.07692307692307693,0.00853960652253421,24,13,5796.52,Champions,598,445.8861538461539,10255196.305999996,61.576335723576,534
17863.0,5745.2,12,4952,0.0,0.0,0.0,5745.2,0.0,0.0,60,12,5745.2,Potential Loyalists,593,478.76666666666665,10260941.505999995,61.610832222077164,535
13771.0,5728.82,9,3140,-2.75,1.0,1.0,5726.07,0.1111111111111111,0.0004800290461211908,65,9,5728.82,Potential Loyalists,588,636.5355555555556,10266667.575999996,61.645213856340995,536
17069.0,5794.28,14,3333,-75.88,7.0,42.0,5718.4,0.5,0.01309567366437245,29,14,5794.28,Champions,708,413.8771428571428,10272385.975999996,61.67954943683064,537
17672.0,5778.63,7,2758,-71.55,2.0,18.0,5707.08,0.2857142857142857,0.012381827526593673,51,7,5778.63,Champions,632,825.5185714285715,10278093.055999996,61.713817047473604,538
14105.0,5988.83,5,3534,-284.85,4.0,51.0,5703.98,0.8,0.04756354747087495,240,5,5988.83,At Risk High Value,482,1197.766,10283797.035999997,61.748066044466,539
14534.0,6187.66,26,2822,-484.69,12.0,137.0,5702.97,0.46153846153846156,0.07833171182644166,3,26,6187.66,Champions,632,237.98692307692303,10289500.005999997,61.78230897701095,540
16458.0,5690.89,30,3395,0.0,0.0,0.0,5690.89,0.0,0.0,3,30,5690.89,Champions,560,189.6963333333333,10295190.895999998,61.81647937636263,541
13870.0,5712.08,15,3449,-22.240000000000002,3.0,6.0,5689.84,0.2,0.0038935028921163574,3,15,5712.08,Champions,667,380.80533333333335,10300880.735999998,61.85064347109074,542
14099.0,5750.91,20,3666,-65.2,2.0,10.0,5685.71,0.1,0.01133733617810051,17,20,5750.91,Champions,713,287.5455,10306566.445999999,61.88478276763273,543
16279.0,5698.28,9,3683,-12.9,1.0,2.0,5685.38,0.1111111111111111,0.00226384101869336,22,9,5698.28,Champions,575,633.1422222222222,10312251.826,61.918920082721606,544
13157.0,5687.36,9,4762,-19.65,1.0,9.0,5667.71,0.1111111111111111,0.0034550301018398694,50,9,5687.36,Champions,592,631.9288888888889,10317919.536,61.952951300002134,545
16409.0,5652.74,12,3664,0.0,0.0,0.0,5652.74,0.0,0.0,37,12,5652.74,Champions,690,471.06166666666667,10323572.276,61.986892631363524,546
12727.0,5679.53,10,2832,-33.0,2.0,13.0,5646.53,0.2,0.005810339940100677,11,10,5679.53,Champions,644,567.953,10329218.806,62.02079667537971,547
12347.0,5633.32,8,3286,0.0,0.0,0.0,5633.32,0.0,0.0,3,8,5633.32,Champions,402,704.165,10334852.126,62.05462140122678,548
17651.0,5703.52,16,4086,-70.93,6.0,24.0,5632.59,0.375,0.012436179762672877,12,16,5703.52,Champions,515,356.47,10340484.716,62.088441743859356,549
13722.0,5635.41,10,3059,-6.25,1.0,1.0,5629.16,0.1,0.0011090586133040898,132,10,5635.41,Potential Loyalists,515,563.5409999999999,10346113.876,62.122241491388216,550
16003.0,5613.83,10,2210,0.0,0.0,0.0,5613.83,0.0,0.0,30,10,5613.83,Champions,707,561.383,10351727.706,62.15594919141273,551
13842.0,5629.91,18,2879,-24.950000000000003,1.0,7.0,5604.96,0.05555555555555555,0.004431687185052692,59,18,5629.91,Champions,603,312.7727777777778,10357332.666000001,62.18960363237894,552
15485.0,5750.51,7,2544,-147.0,1.0,28.0,5603.51,0.14285714285714285,0.025562950068776506,31,7,5750.51,Champions,708,821.5014285714286,10362936.176,62.22324936696021,553
15628.0,5652.26,17,3819,-48.900000000000006,4.0,22.0,5603.360000000001,0.23529411764705882,0.008651406693959585,5,17,5652.26,Champions,722,332.4858823529412,10368539.536,62.25689420088095,554
13901.0,5676.34,15,3344,-77.0,5.0,18.0,5599.34,0.3333333333333333,0.01356507890647847,73,15,5676.34,Potential Loyalists,631,378.42266666666666,10374138.876,62.29051489709997,555
12633.0,5678.16,7,3238,-82.95,3.0,31.0,5595.21,0.42857142857142855,0.014608605604632487,59,7,5678.16,Champions,467,811.1657142857142,10379734.086000001,62.324110795132896,556
16200.0,5608.1,12,3068,-13.5,1.0,2.0,5594.6,0.08333333333333333,0.0024072323959986445,5,12,5608.1,Champions,733,467.3416666666667,10385328.686,62.357703030479726,557
18145.0,5609.74,11,5104,-17.700000000000003,1.0,6.0,5592.04,0.09090909090909091,0.0031552264454324094,13,11,5609.74,Champions,719,509.9763636363636,10390920.726,62.39127989455381,558
18075.0,5783.29,20,3281,-203.38,11.0,62.0,5579.91,0.55,0.03516683410307973,24,20,5783.29,Champions,475,289.1645,10396500.636,62.42478392521447,559
16735.0,6217.41,14,4240,-638.55,8.0,309.0,5578.86,0.5714285714285714,0.10270353732502761,79,14,6217.41,Potential Loyalists,653,444.1007142857143,10402079.496,62.458281651251546,560
15854.0,5578.28,21,1691,0.0,0.0,0.0,5578.28,0.0,0.0,5,21,5578.28,Champions,725,265.6323809523809,10407657.775999999,62.49177589473464,561
15228.0,5580.27,6,3375,-9.75,1.0,3.0,5570.52,0.16666666666666666,0.0017472272847012778,67,6,5580.27,Potential Loyalists,433,930.045,10413228.295999998,62.52522354404723,562
17059.0,5586.93,9,3578,-17.700000000000003,1.0,6.0,5569.2300000000005,0.1111111111111111,0.0031681084244835718,30,9,5586.93,Champions,653,620.77,10418797.525999999,62.55866344767942,563
12615.0,5740.9800000000005,8,3317,-176.1,3.0,22.0,5564.88,0.375,0.030674205449243853,3,8,5740.9800000000005,Champions,629,717.6225000000001,10424362.406,62.592077232156754,564
17203.0,5564.09,10,4597,0.0,0.0,0.0,5564.09,0.0,0.0,36,10,5564.09,Champions,353,556.409,10429926.496,62.62548627315538,565
16316.0,5744.91,13,3057,-211.60000000000002,6.0,23.0,5533.3099999999995,0.46153846153846156,0.03683260486239123,65,13,5744.91,Potential Loyalists,429,441.91615384615386,10435459.806,62.6587104986169,566
14112.0,5834.59,13,3539,-310.08,14.0,117.0,5524.51,1.0769230769230769,0.05314512245076346,23,13,5834.59,Champions,632,448.8146153846154,10440984.316,62.69188188532836,567
14572.0,5526.88,11,2878,-41.9,4.0,4.0,5484.9800000000005,0.36363636363636365,0.007581130764554323,4,11,5526.88,Champions,618,502.4436363636364,10446469.296,62.72481591797282,568
17092.0,5511.41,11,3768,-31.650000000000002,3.0,6.0,5479.76,0.2727272727272727,0.005742632103218596,51,11,5511.41,Champions,625,501.0372727272727,10451949.056,62.75771860763144,569
16992.0,5476.5,13,2061,-16.4,2.0,4.0,5460.1,0.15384615384615385,0.002994613347941203,11,13,5476.5,Champions,656,421.2692307692308,10457409.156,62.790503250718935,570
15898.0,5513.09,25,2387,-61.95,4.0,17.0,5451.14,0.16,0.011236892559345122,2,25,5513.09,Champions,727,220.5236,10462860.296,62.82323409435181,571
16609.0,5493.46,7,2420,-42.5,2.0,10.0,5450.96,0.2857142857142857,0.00773647209591041,16,7,5493.46,Champions,237,784.78,10468311.256000001,62.85596385719209,572
14732.0,5517.07,19,2273,-69.55,5.0,14.0,5447.5199999999995,0.2631578947368421,0.012606329084097175,9,19,5517.07,Champions,722,290.3721052631579,10473758.776,62.888672964884606,573
13593.0,5493.29,14,2170,-48.48,2.0,28.0,5444.81,0.14285714285714285,0.00882531233559488,109,14,5493.29,Potential Loyalists,539,392.3778571428571,10479203.586000001,62.92136580064388,574
12480.0,5464.85,7,2952,-29.75,1.0,5.0,5435.1,0.14285714285714285,0.005443882265752948,29,7,5464.85,Champions,479,780.6928571428572,10484638.686,62.95400033364598,575
17512.0,5467.820000000001,18,5434,-35.550000000000004,2.0,13.0,5432.27,0.1111111111111111,0.006501677085200317,29,18,5467.820000000001,Champions,701,303.76777777777784,10490070.956,62.986617874186415,576
12378.0,5416.32,2,3316,0.0,0.0,0.0,5416.32,0.0,0.0,130,2,5416.32,Needs Attention,433,2708.16,10495487.276,63.019139644492384,577
14249.0,5400.461,12,2383,0.0,0.0,0.0,5400.461,0.0,0.0,411,12,5400.461,At Risk High Value,269,450.0384166666667,10500887.737,63.05156619096458,578
16393.0,5482.57,23,3087,-105.16,7.0,47.0,5377.41,0.30434782608695654,0.019180785653443548,3,23,5482.57,Champions,736,238.37260869565216,10506265.147,63.083854329933665,579
16607.0,5706.87,25,4436,-331.69,4.0,46.0,5375.18,0.16,0.05812117675713657,18,25,5706.87,Champions,572,228.2748,10511640.327,63.116129079083116,580
14626.0,5410.92,11,3135,-36.15,4.0,17.0,5374.77,0.36363636363636365,0.0066809341110199375,24,11,5410.92,Champions,706,491.9018181818182,10517015.097,63.14840136642717,581
13115.0,5494.7,10,3934,-120.25,13.0,41.0,5374.45,1.3,0.021884725280725062,12,10,5494.7,Champions,588,549.47,10522389.546999998,63.18067173236215,582
14713.0,5414.71,21,3454,-46.4,4.0,11.0,5368.31,0.19047619047619047,0.008569249322678408,10,21,5414.71,Champions,727,257.84333333333336,10527757.856999999,63.21290523126015,583
17719.0,5396.04,15,2466,-28.240000000000002,3.0,11.0,5367.8,0.2,0.00523346750580055,38,15,5396.04,Champions,218,359.736,10533125.657,63.24513566791241,584
13362.0,5394.07,7,2481,-36.5,3.0,12.0,5357.57,0.42857142857142855,0.006766690087447883,10,7,5394.07,Champions,416,770.5814285714285,10538483.227,63.277304679517734,585
15641.0,5345.55,12,4422,0.0,0.0,0.0,5345.55,0.0,0.0,106,12,5345.55,Potential Loyalists,628,445.4625,10543828.777,63.30940151819401,586
14459.0,5375.741,2,2303,-36.6,1.0,1.0,5339.141,0.5,0.006808363721392084,156,2,5375.741,Needs Attention,496,2687.8705,10549167.918000001,63.3414598746488,587
16008.0,5339.13,15,3237,0.0,0.0,0.0,5339.13,0.0,0.0,24,15,5339.13,Champions,607,355.942,10554507.048000002,63.373518165055145,588
17584.0,5309.42,6,2464,-15.0,1.0,12.0,5294.42,0.16666666666666666,0.0028251673440790144,8,6,5309.42,Champions,676,884.9033333333333,10559801.468000002,63.40530799858479,589
12362.0,5356.2300000000005,11,2230,-71.65,3.0,17.0,5284.580000000001,0.2727272727272727,0.013376946098281814,4,11,5356.2300000000005,Champions,735,486.93000000000006,10565086.048000002,63.437038748784836,590
15514.0,6392.06,18,4087,-1116.2700000000002,2.0,337.0,5275.79,0.1111111111111111,0.17463384261098927,13,18,6392.06,Champions,723,355.1144444444445,10570361.838000001,63.46871672027886,591
14442.0,5367.02,7,1431,-95.0,5.0,11.0,5272.02,0.7142857142857143,0.017700697966469288,205,7,5367.02,At Risk High Value,486,766.7171428571429,10575633.858000001,63.50037205517201,592
17204.0,5504.6900000000005,9,2651,-241.0,6.0,60.0,5263.6900000000005,0.6666666666666666,0.04378084869447689,176,9,5504.6900000000005,Potential Loyalists,372,611.6322222222223,10580897.548,63.5319773733847,593
15394.0,5286.8,11,2372,-35.4,2.0,4.0,5251.400000000001,0.18181818181818182,0.006695921918741015,10,11,5286.8,Champions,715,480.6181818181818,10586148.948,63.56350889747942,594
13931.0,5257.38,11,3488,-6.6,1.0,4.0,5250.78,0.09090909090909091,0.001255378154137612,96,11,5257.38,Potential Loyalists,641,477.9436363636364,10591399.728,63.595036698844034,595
13495.0,5374.26,10,2674,-127.65,3.0,37.0,5246.610000000001,0.3,0.023752107266860927,8,10,5374.26,Champions,725,537.426,10596646.338,63.6265394618464,596
13975.0,5256.4,12,3884,-31.55,2.0,8.0,5224.849999999999,0.16666666666666666,0.00600220683357431,32,12,5256.4,Champions,644,438.0333333333333,10601871.188,63.657911569030446,597
13014.0,5381.08,11,1979,-160.25,7.0,31.0,5220.83,0.6363636363636364,0.02978026715826563,11,11,5381.08,Champions,422,489.1890909090909,10607092.018,63.689259538512765,598
15152.0,5263.83,14,2994,-65.86,4.0,11.0,5197.97,0.2857142857142857,0.012511802242853587,10,14,5263.83,Champions,692,375.98785714285714,10612289.988,63.720470247333026,599
15812.0,5201.47,12,3450,-15.3,1.0,18.0,5186.17,0.08333333333333333,0.002941476159624106,108,12,5201.47,Potential Loyalists,617,433.4558333333334,10617476.158,63.75161010419298,600
16931.0,5184.27,23,3439,0.0,0.0,0.0,5184.27,0.0,0.0,6,23,5184.27,Champions,392,225.40304347826088,10622660.428,63.78273855268644,601
13763.0,5217.44,3,3224,-35.45,3.0,4.0,5181.99,1.0,0.006794519917814101,64,3,5217.44,Potential Loyalists,372,1739.1466666666663,10627842.418,63.813853311140114,602
14081.0,5291.09,10,3633,-120.05,6.0,20.0,5171.04,0.6,0.022689086747721167,303,10,5291.09,At Risk High Value,427,529.109,10633013.457999999,63.84490232137638,603
17612.0,5394.86,18,3521,-238.72,14.0,60.0,5156.139999999999,0.7777777777777778,0.044249526401055825,54,18,5394.86,Champions,669,299.71444444444444,10638169.598,63.875861866001785,604
17157.0,5151.900000000001,19,2092,-12.450000000000001,1.0,3.0,5139.450000000001,0.05263157894736842,0.0024165841728294416,8,19,5151.900000000001,Champions,728,271.1526315789474,10643309.047999999,63.90672119713416,605
14930.0,5236.7300000000005,6,2193,-109.99000000000001,3.0,7.0,5126.740000000001,0.5,0.021003565201948543,109,6,5236.7300000000005,Potential Loyalists,498,872.7883333333334,10648435.787999999,63.93750421229916,606
16308.0,5120.0,7,16000,0.0,0.0,0.0,5120.0,0.0,0.0,38,7,5120.0,Champions,687,731.4285714285714,10653555.787999999,63.96824675778512,607
12708.0,5314.1,18,2521,-195.94,12.0,55.0,5118.160000000001,0.6666666666666666,0.03687171863532865,30,18,5314.1,Champions,692,295.2277777777778,10658673.947999999,63.9989782551688,608
17061.0,5232.2300000000005,11,1526,-116.10000000000001,1.0,42.0,5116.13,0.09090909090909091,0.022189391521397185,74,11,5232.2300000000005,Potential Loyalists,159,475.6572727272728,10663790.078,64.02969756361355,609
13107.0,5253.07,9,4316,-143.45,6.0,61.0,5109.62,0.6666666666666666,0.02730784093872726,45,9,5253.07,Champions,629,583.6744444444444,10668899.697999999,64.06037778339207,610
17519.0,5109.47,15,3414,-6.669999999999999,2.0,4.0,5102.8,0.13333333333333333,0.0013054191530628419,18,15,5109.47,Champions,721,340.6313333333334,10674002.498,64.09101705313928,611
15722.0,5234.0,11,2279,-138.05,4.0,20.0,5095.95,0.36363636363636365,0.026375620940007644,36,11,5234.0,Champions,605,475.8181818181818,10679098.447999999,64.12161519272311,612
12625.0,5164.88,4,3309,-69.5,1.0,35.0,5095.38,0.25,0.013456266166880934,212,4,5164.88,At Risk,385,1291.22,10684193.828,64.15220990979701,613
18198.0,5425.56,17,4074,-342.5,4.0,235.0,5083.06,0.23529411764705882,0.06312712420469038,5,17,5425.56,Champions,332,319.1505882352941,10689276.888,64.18273065262082,614
17663.0,5175.83,17,2297,-94.79,6.0,29.0,5081.04,0.35294117647058826,0.01831397089935334,26,17,5175.83,Champions,620,304.4605882352941,10694357.928,64.21323926654972,615
17213.0,5182.3,13,2179,-103.37,7.0,22.0,5078.93,0.5384615384615384,0.01994674179418405,41,13,5182.3,Champions,684,398.6384615384616,10699436.858,64.24373521118741,616
17346.0,5132.72,26,3523,-64.98,1.0,18.0,5067.740000000001,0.038461538461538464,0.012659954176343148,4,26,5132.72,Champions,597,197.4123076923077,10704504.598,64.2741639665509,617
14307.0,5071.03,10,3374,-7.95,1.0,1.0,5063.08,0.1,0.0015677288440415459,89,10,5071.03,Potential Loyalists,644,507.103,10709567.678,64.30456474139447,618
17402.0,5095.53,23,1570,-34.15,3.0,3.0,5061.38,0.13043478260869565,0.006701952495618709,5,23,5095.53,Champions,719,221.54478260869564,10714629.058,64.33495530875224,619
12432.0,5059.32,5,1801,0.0,0.0,0.0,5059.32,0.0,0.0,43,5,5059.32,Champions,130,1011.864,10719688.378,64.36533350703898,620
18144.0,5058.0,19,2239,0.0,0.0,0.0,5058.0,0.0,0.0,8,19,5058.0,Champions,716,266.2105263157895,10724746.378,64.3957037795132,621
15443.0,5114.2300000000005,14,2699,-59.79,2.0,39.0,5054.4400000000005,0.14285714285714285,0.011690909481974803,2,14,5114.2300000000005,Champions,641,365.3021428571429,10729800.818,64.42605267631126,622
15529.0,5079.32,12,4447,-27.45,1.0,7.0,5051.87,0.08333333333333333,0.005404266712867077,23,12,5079.32,Champions,372,423.2766666666666,10734852.688,64.45638614179254,623
12395.0,5067.27,15,3733,-20.349999999999998,3.0,5.0,5046.92,0.2,0.004015969151041882,20,15,5067.27,Champions,583,337.81800000000004,10739899.608,64.48668988547692,624
12594.0,5090.110000000001,15,2768,-45.599999999999994,2.0,25.0,5044.51,0.13333333333333333,0.00895854902939229,38,15,5090.110000000001,Champions,609,339.3406666666667,10744944.117999999,64.51697915854908,625
16153.0,5133.49,11,3693,-95.98,2.0,37.0,5037.51,0.18181818181818182,0.018696831979803215,50,11,5133.49,Champions,513,466.6809090909091,10749981.627999999,64.54722640079731,626
17567.0,5356.03,9,3152,-318.92,2.0,204.0,5037.11,0.2222222222222222,0.059544102628252646,8,9,5356.03,Champions,434,595.1144444444444,10755018.737999998,64.57747124128417,627
16919.0,5108.01,24,2406,-72.1,4.0,16.0,5035.91,0.16666666666666666,0.014115085914083957,157,24,5108.01,Potential Loyalists,321,212.83375,10760054.647999998,64.60770887648695,628
17861.0,5088.29,18,4541,-63.1,4.0,24.0,5025.19,0.2222222222222222,0.01240102274044915,4,18,5088.29,Champions,726,282.6827777777778,10765079.837999998,64.63788214448513,629
15527.0,5554.89,23,2211,-533.86,8.0,127.0,5021.030000000001,0.34782608695652173,0.09610631353636165,19,23,5554.89,Champions,706,241.51695652173916,10770100.867999997,64.66803043416508,630
12759.0,5020.74,8,3202,0.0,0.0,0.0,5020.74,0.0,0.0,53,8,5020.74,Champions,683,627.5925,10775121.607999997,64.69817698256806,631
15796.0,5171.63,17,1733,-155.88,5.0,20.0,5015.75,0.29411764705882354,0.03014136742187666,2,17,5171.63,Champions,617,304.21352941176474,10780137.357999997,64.72829356899798,632
16904.0,5014.06,21,2746,0.0,0.0,0.0,5014.06,0.0,0.0,5,21,5014.06,Champions,407,238.7647619047619,10785151.417999998,64.75840000798614,633
15367.0,5081.33,11,2944,-75.6,2.0,8.0,5005.73,0.18181818181818182,0.014877994540799357,58,11,5081.33,Champions,672,461.9390909090909,10790157.147999998,64.78845643029385,634
12444.0,5005.46,5,1153,0.0,0.0,0.0,5005.46,0.0,0.0,22,5,5005.46,Champions,150,1001.092,10795162.608,64.81851123141264,635
17084.0,5001.21,3,3178,-3.25,1.0,1.0,4997.96,0.3333333333333333,0.0006498427380573901,36,3,5001.21,Loyal Customers,361,1667.07,10800160.568,64.84852099950582,636
14493.0,5087.86,10,3148,-94.10000000000001,4.0,12.0,4993.759999999999,0.4,0.01849500575880626,8,10,5087.86,Champions,634,508.786,10805154.328,64.87850554910464,637
14546.0,5184.84,11,2688,-196.87,9.0,76.0,4987.97,0.8181818181818182,0.03797031345229554,6,11,5184.84,Champions,728,471.3490909090909,10810142.298,64.9084553332077,638
13329.0,5112.97,8,3486,-135.95,6.0,45.0,4977.02,0.75,0.026589242651531297,32,8,5112.97,Champions,704,639.12125,10815119.318,64.93833936909336,639
12562.0,4966.92,9,2327,0.0,0.0,0.0,4966.92,0.0,0.0,9,9,4966.92,Champions,427,551.88,10820086.238,64.96816276050451,640
17758.0,4964.03,12,3199,0.0,0.0,0.0,4964.03,0.0,0.0,20,12,4964.03,Champions,549,413.6691666666666,10825050.268,64.9979687991898,641
17469.0,5051.25,17,2304,-92.91,5.0,27.0,4958.34,0.29411764705882354,0.018393466963622866,17,17,5051.25,Champions,707,297.13235294117646,10830008.608,65.02774067281966,642
12600.0,5043.92,21,1414,-88.13,5.0,9.0,4955.79,0.23809523809523808,0.017472521372266014,29,21,5043.92,Champions,704,240.18666666666667,10834964.397999998,65.05749723522081,643
14639.0,4978.96,9,2410,-32.15,2.0,3.0,4946.81,0.2222222222222222,0.006457171778845381,53,9,4978.96,Champions,609,553.2177777777778,10839911.207999999,65.08719987807929,644
14209.0,4993.27,15,1739,-55.900000000000006,4.0,12.0,4937.370000000001,0.26666666666666666,0.011195068562284836,11,15,4993.27,Champions,676,332.8846666666667,10844848.577999998,65.11684583936953,645
16905.0,4961.17,17,2021,-29.65,3.0,3.0,4931.52,0.17647058823529413,0.005976412821975461,6,17,4961.17,Champions,724,291.8335294117647,10849780.097999997,65.1464566748998,646
15971.0,5902.83,18,2251,-972.4,2.0,296.0,4930.43,0.1111111111111111,0.16473454258381148,18,18,5902.83,Champions,714,327.935,10854710.527999997,65.17606096563033,647
13198.0,4974.2300000000005,8,3449,-61.95,4.0,11.0,4912.280000000001,0.5,0.012454188889536671,11,8,4974.2300000000005,Champions,424,621.7787500000001,10859622.807999996,65.20555627643888,648
17802.0,5046.42,10,2780,-137.28,6.0,31.0,4909.14,0.6,0.0272034432330246,83,10,5046.42,Potential Loyalists,644,504.642,10864531.947999997,65.23503273342072,649
13523.0,5101.52,6,2354,-209.5,1.0,7.0,4892.02,0.16666666666666666,0.04106619203688312,34,6,5101.52,Champions,369,850.2533333333334,10869423.967999997,65.26440639501607,650
16986.0,4888.75,11,2539,0.0,0.0,0.0,4888.75,0.0,0.0,30,11,4888.75,Champions,644,444.4318181818182,10874312.717999997,65.29376042221227,651
14825.0,4919.18,24,2846,-38.8,3.0,7.0,4880.38,0.125,0.007887493444029288,4,24,4919.18,Champions,609,204.9658333333333,10879193.097999997,65.32306419255188,652
12688.0,4873.81,1,3028,0.0,0.0,0.0,4873.81,0.0,0.0,114,1,4873.81,Needs Attention,0,4873.81,10884066.907999998,65.35232851396106,653
17596.0,4882.43,13,7539,-13.35,1.0,7.0,4869.08,0.07692307692307693,0.002734294193669955,24,13,4882.43,Champions,701,375.57153846153847,10888935.987999998,65.38156443454207,654
12700.0,4939.99,4,2967,-72.0,2.0,4.0,4867.99,0.5,0.014574928289328522,8,4,4939.99,Loyal Customers,208,1234.9975,10893803.977999998,65.41079381032337,655
16143.0,4910.83,12,2011,-43.949999999999996,4.0,17.0,4866.88,0.3333333333333333,0.008949607296526248,4,12,4910.83,Champions,726,409.23583333333335,10898670.858,65.44001652121688,656
16686.0,4881.07,16,3419,-19.35,2.0,5.0,4861.719999999999,0.125,0.003964294714068842,48,16,4881.07,Champions,686,305.066875,10903532.578,65.46920824938876,657
14107.0,4877.3,11,3489,-23.6,2.0,8.0,4853.7,0.18181818181818182,0.004838742747011666,52,11,4877.3,Champions,679,443.39090909090913,10908386.277999999,65.49835182224525,658
17449.0,4868.15,13,2483,-16.0,1.0,7.0,4852.15,0.07692307692307693,0.003286669474030176,3,13,4868.15,Champions,728,374.4730769230769,10913238.428,65.52748608827645,659
13562.0,4838.18,8,1603,0.0,0.0,0.0,4838.18,0.0,0.0,82,8,4838.18,Potential Loyalists,613,604.7725,10918076.608,65.55653647279193,660
12449.0,4835.89,6,2282,0.0,0.0,0.0,4835.89,0.0,0.0,23,6,4835.89,Champions,416,805.9816666666667,10922912.498,65.5855731072236,661
16255.0,4904.25,15,3049,-72.41,4.0,35.0,4831.84,0.26666666666666666,0.014764744864148442,17,15,4904.25,Champions,668,326.95,10927744.338,65.61458542382142,662
12483.0,5097.18,19,2160,-273.71,8.0,27.0,4823.47,0.42105263157894735,0.053698319462918705,18,19,5097.18,Champions,660,268.27263157894737,10932567.808,65.64354748356268,663
13044.0,4848.05,11,2548,-29.7,2.0,2.0,4818.35,0.18181818181818182,0.006126174441270201,292,11,4848.05,At Risk High Value,409,440.7318181818182,10937386.158,65.67247880075844,664
13875.0,4814.37,14,3072,0.0,0.0,0.0,4814.37,0.0,0.0,54,14,4814.37,Champions,669,343.88357142857143,10942200.527999999,65.7013862204286,665
15379.0,4877.84,8,3000,-71.4,1.0,12.0,4806.4400000000005,0.125,0.01463762649041379,170,8,4877.84,Potential Loyalists,231,609.73,10947006.967999998,65.73024602517968,666
17191.0,4820.45,15,2528,-25.5,1.0,2.0,4794.95,0.06666666666666667,0.0052899625553630885,29,15,4820.45,Champions,710,321.36333333333334,10951801.917999998,65.75903683933552,667
13021.0,4887.24,17,2546,-100.86,7.0,38.0,4786.38,0.4117647058823529,0.020637414982689617,5,17,4887.24,Champions,730,287.48470588235296,10956588.297999999,65.7877761957541,668
14032.0,4850.27,16,3916,-64.2,9.0,37.0,4786.070000000001,0.5625,0.013236376531615765,3,16,4850.27,Champions,723,303.141875,10961374.367999999,65.81651369080762,669
15002.0,4769.7300000000005,9,2493,0.0,0.0,0.0,4769.7300000000005,0.0,0.0,116,9,4769.7300000000005,Potential Loyalists,581,529.97,10966144.098,65.84515307390934,670
17652.0,4867.72,12,2509,-130.59,6.0,30.0,4737.13,0.5,0.026827755088624654,26,12,4867.72,Champions,256,405.6433333333334,10970881.228,65.87359671345973,671
12955.0,4757.16,11,3664,-22.9,3.0,22.0,4734.26,0.2727272727272727,0.004813796466799519,2,11,4757.16,Champions,266,432.4690909090909,10975615.488,65.9020231203723,672
15606.0,5230.99,17,1615,-497.52000000000004,2.0,172.0,4733.469999999999,0.11764705882352941,0.09511010344122242,62,17,5230.99,Potential Loyalists,586,307.70529411764704,10980348.958,65.93044478380618,673
17082.0,4732.03,6,2526,0.0,0.0,0.0,4732.03,0.0,0.0,34,6,4732.03,Champions,691,788.6716666666666,10985080.988,65.95885780089914,674
14191.0,4817.66,15,3724,-104.25,2.0,15.0,4713.41,0.13333333333333333,0.021639136012088857,2,15,4817.66,Champions,727,321.1773333333333,10989794.398,65.9871590160005,675
13988.0,4757.8,8,3385,-49.160000000000004,3.0,19.0,4708.64,0.375,0.01033250662070705,20,8,4757.8,Champions,606,594.725,10994503.038,66.01543159009759,676
13659.0,4884.68,12,2527,-178.25,5.0,35.0,4706.43,0.4166666666666667,0.03649164326015215,206,12,4884.68,At Risk High Value,455,407.0566666666667,10999209.468,66.04369089446313,677
15410.0,4685.72,10,1902,0.0,0.0,0.0,4685.72,0.0,0.0,85,10,4685.72,Potential Loyalists,515,468.572,11003895.188000001,66.07182584763393,678
17829.0,4756.74,5,3009,-76.32000000000001,1.0,72.0,4680.42,0.2,0.016044601975302414,299,5,4756.74,At Risk High Value,357,951.348,11008575.608000001,66.09992897746663,679
15187.0,4777.18,16,1887,-107.1,2.0,18.0,4670.08,0.125,0.022419084062145447,2,16,4777.18,Champions,211,298.57375,11013245.688000001,66.12797002176801,680
14235.0,4717.99,9,3014,-51.0,1.0,12.0,4666.99,0.1111111111111111,0.010809688023925443,76,9,4717.99,Potential Loyalists,544,524.2211111111111,11017912.678000001,66.15599251246284,681
15123.0,4656.17,5,2524,0.0,0.0,0.0,4656.17,0.0,0.0,8,5,4656.17,Champions,626,931.234,11022568.848000001,66.18395003551272,682
14466.0,4646.9,13,2644,0.0,0.0,0.0,4646.9,0.0,0.0,30,13,4646.9,Champions,697,357.45384615384614,11027215.748000002,66.21185189774295,683
13124.0,4641.66,4,2738,0.0,0.0,0.0,4641.66,0.0,0.0,90,4,4641.66,Potential Loyalists,296,1160.415,11031857.408000002,66.23972229689927,684
16293.0,4657.95,15,2022,-25.75,4.0,9.0,4632.2,0.26666666666666666,0.005528182998958769,22,15,4657.95,Champions,707,310.53,11036489.608000001,66.26753589439929,685
17400.0,4623.28,8,2185,0.0,0.0,0.0,4623.28,0.0,0.0,127,8,4623.28,Potential Loyalists,596,577.91,11041112.888,66.29529593262083,686
15484.0,4652.1,6,4074,-31.2,1.0,16.0,4620.900000000001,0.16666666666666666,0.006706648610305023,2,6,4652.1,Champions,733,775.35,11045733.788,66.32304168036227,687
18097.0,4627.92,11,2716,-11.149999999999999,3.0,5.0,4616.77,0.2727272727272727,0.0024092897025013394,8,11,4627.92,Champions,715,420.72,11050350.558,66.35076262991758,688
15245.0,4610.84,8,3021,0.0,0.0,0.0,4610.84,0.0,0.0,135,8,4610.84,Potential Loyalists,461,576.355,11054961.398,66.37844797336065,689
16326.0,4721.25,24,1083,-120.0,2.0,21.0,4601.25,0.08333333333333333,0.025416997617156472,6,24,4721.25,Champions,675,196.71875,11059562.648,66.40607573457497,690
13971.0,4667.57,14,3084,-73.74000000000001,4.0,32.0,4593.83,0.2857142857142857,0.015798370458289863,19,14,4667.57,Champions,664,333.3978571428571,11064156.478,66.43365894311593,691
16125.0,4581.7,14,1943,0.0,0.0,0.0,4581.7,0.0,0.0,368,14,4581.7,At Risk High Value,358,327.2642857142857,11068738.178,66.46116931824349,692
17406.0,4889.05,13,2117,-312.95,5.0,20.0,4576.1,0.38461538461538464,0.0640103905666745,334,13,4889.05,At Risk High Value,400,376.0807692307693,11073314.277999999,66.48864606871192,693
12578.0,4642.45,4,2380,-70.0,3.0,46.0,4572.45,0.75,0.015078245323051407,22,4,4642.45,Loyal Customers,422,1160.6125,11077886.727999998,66.51610090310785,694
15271.0,4640.29,24,2490,-70.25,2.0,36.0,4570.04,0.08333333333333333,0.015139140010645886,8,24,4640.29,Champions,484,193.3454166666667,11082456.767999997,66.54354126689158,695
13491.0,4566.56,27,2385,0.0,0.0,0.0,4566.56,0.0,0.0,52,27,4566.56,Champions,681,169.13185185185188,11087023.327999998,66.57096073535142,696
15416.0,4572.82,7,2420,-18.17,2.0,2.0,4554.65,0.2857142857142857,0.003973478072611649,65,7,4572.82,Potential Loyalists,612,653.26,11091577.977999998,66.5983086913666,697
12553.0,4608.75,12,2325,-59.93,5.0,43.0,4548.82,0.4166666666666667,0.013003525901817196,9,12,4608.75,Champions,415,384.0625,11096126.797999999,66.62562164170986,698
17508.0,4579.23,8,2891,-32.45,1.0,11.0,4546.78,0.125,0.007086344210707915,281,8,4579.23,At Risk High Value,452,572.40375,11100673.577999998,66.65292234307013,699
13571.0,4537.26,26,3191,0.0,0.0,0.0,4537.26,0.0,0.0,13,26,4537.26,Champions,719,174.51000000000002,11105210.837999998,66.68016588250991,700
12782.0,4618.24,11,2017,-92.2,3.0,32.0,4526.04,0.2727272727272727,0.019964315410199558,5,11,4618.24,Champions,515,419.84,11109736.877999997,66.70734205254337,701
14001.0,4530.09,9,1873,-12.75,1.0,3.0,4517.34,0.1111111111111111,0.002814513618934723,46,9,4530.09,Champions,448,503.34333333333336,11114254.217999997,66.7344659842671,702
13851.0,4606.46,8,2525,-89.69999999999999,1.0,6.0,4516.76,0.125,0.019472653621218895,96,8,4606.46,Potential Loyalists,584,575.8075,11118770.977999996,66.76158643343688,703
17314.0,4904.43,17,3663,-389.73,5.0,438.0,4514.700000000001,0.29411764705882354,0.07946489194462965,25,17,4904.43,Champions,712,288.4958823529412,11123285.677999996,66.7886945135356,704
17308.0,4511.76,2,5148,0.0,0.0,0.0,4511.76,0.0,0.0,394,2,4511.76,At Risk,59,2255.88,11127797.437999995,66.81578494068827,705
13527.0,4541.29,12,2736,-33.7,2.0,20.0,4507.59,0.16666666666666666,0.007420798935985151,34,12,4541.29,Champions,654,378.4408333333333,11132305.027999995,66.84285032947872,706
17442.0,4620.3,15,3134,-119.6,8.0,27.0,4500.7,0.5333333333333333,0.02588576499361513,37,15,4620.3,Champions,626,308.02000000000004,11136805.727999995,66.86987434792964,707
18257.0,4600.15,12,2369,-103.35000000000001,6.0,40.0,4496.799999999999,0.5,0.022466658695912092,40,12,4600.15,Champions,620,383.3458333333333,11141302.527999995,66.89687494920723,708
17613.0,4544.55,14,2490,-49.78,3.0,26.0,4494.77,0.21428571428571427,0.010953779802180633,23,14,4544.55,Champions,283,324.6107142857143,11145797.297999995,66.92386336154588,709
13510.0,4558.29,11,3044,-69.9,6.0,22.0,4488.39,0.5454545454545454,0.015334697880126102,2,11,4558.29,Champions,717,414.39,11150285.687999995,66.95081346579077,710
13634.0,5033.77,16,2090,-553.92,1.0,156.0,4479.85,0.0625,0.11004078454120866,34,16,5033.77,Champions,665,314.610625,11154765.537999995,66.97771229243047,711
12627.0,4478.53,7,2752,0.0,0.0,0.0,4478.53,0.0,0.0,11,7,4478.53,Champions,130,639.79,11159244.067999994,67.00460319325768,712
15680.0,4507.58,10,3074,-43.1,2.0,10.0,4464.48,0.2,0.00956167167304851,10,10,4507.58,Champions,728,450.758,11163708.547999995,67.03140973221689,713
17220.0,4457.31,21,2663,0.0,0.0,0.0,4457.31,0.0,0.0,25,21,4457.31,Champions,664,212.25285714285715,11168165.857999995,67.05817321960362,714
12916.0,4479.73,7,1681,-23.8,1.0,8.0,4455.929999999999,0.14285714285714285,0.0053128201922883755,139,7,4479.73,Potential Loyalists,546,639.9614285714285,11172621.787999995,67.08492842091364,715
15764.0,4503.08,8,2945,-49.8,6.0,20.0,4453.28,0.75,0.011059097328939303,89,8,4503.08,Potential Loyalists,390,562.885,11177075.067999994,67.11166771055458,716
15122.0,4487.27,11,2033,-36.05,5.0,26.0,4451.22,0.45454545454545453,0.008033837946011715,115,11,4487.27,Potential Loyalists,505,407.9336363636364,11181526.287999995,67.13839463112453,717
18069.0,4464.92,11,3168,-14.850000000000001,2.0,3.0,4450.07,0.18181818181818182,0.0033259274522275876,27,11,4464.92,Champions,623,405.9018181818182,11185976.357999995,67.16511464663053,718
17682.0,4456.78,11,2491,-15.0,1.0,2.0,4441.78,0.09090909090909091,0.0033656586145154126,11,11,4456.78,Champions,631,405.16181818181815,11190418.137999995,67.19178488563222,719
16098.0,4441.3,14,2142,0.0,0.0,0.0,4441.3,0.0,0.0,88,14,4441.3,Potential Loyalists,637,317.2357142857143,11194859.437999995,67.21845224252027,720
16081.0,4436.56,8,2230,0.0,0.0,0.0,4436.56,0.0,0.0,57,8,4436.56,Champions,618,554.57,11199295.997999996,67.24509113853614,721
13435.0,4447.33,9,2754,-15.4,2.0,4.0,4431.93,0.2222222222222222,0.003462751808388404,6,9,4447.33,Champions,495,494.1477777777778,11203727.927999996,67.2717022341642,722
16858.0,4668.28,10,1514,-236.65,6.0,64.0,4431.63,0.6,0.050693188926114116,369,10,4668.28,At Risk High Value,356,466.828,11208159.557999996,67.29831152847122,723
18093.0,4452.71,8,3429,-23.1,1.0,11.0,4429.61,0.125,0.0051878518924430295,94,8,4452.71,Potential Loyalists,525,556.58875,11212589.167999996,67.32490869388333,724
16320.0,5628.99,6,3319,-1200.14,2.0,13.0,4428.849999999999,0.3333333333333333,0.21320698739916044,173,6,5628.99,Potential Loyalists,509,938.165,11217018.017999995,67.35150129594886,725
14341.0,4452.02,18,2813,-23.85,2.0,3.0,4428.17,0.1111111111111111,0.005357118791020705,46,18,4452.02,Champions,693,247.33444444444447,11221446.187999995,67.37808981502008,726
18064.0,4481.83,11,2685,-53.849999999999994,4.0,50.0,4427.98,0.36363636363636365,0.01201518129871057,134,11,4481.83,Potential Loyalists,543,407.4390909090909,11225874.167999996,67.40467719325464,727
14701.0,4487.11,15,1744,-63.15,3.0,23.0,4423.96,0.2,0.014073646511897414,11,15,4487.11,Champions,674,299.1406666666666,11230298.127999997,67.43124043378748,728
17138.0,4417.27,7,2024,0.0,0.0,0.0,4417.27,0.0,0.0,276,7,4417.27,At Risk High Value,398,631.0385714285715,11234715.397999996,67.45776350486146,729
12598.0,4534.09,11,2906,-119.41999999999999,4.0,66.0,4414.67,0.36363636363636365,0.026338250894887394,10,11,4534.09,Champions,639,412.19,11239130.067999996,67.48427096448656,730
16912.0,4460.51,15,1689,-46.709999999999994,3.0,15.0,4413.8,0.2,0.0104718967113626,29,15,4460.51,Champions,702,297.36733333333336,11243543.867999997,67.5107732002807,731
12349.0,4428.6900000000005,4,1624,-24.15,1.0,5.0,4404.540000000001,0.25,0.005453079804637488,19,4,4428.6900000000005,Loyal Customers,571,1107.1725,11247948.407999996,67.53721983529918,732
16563.0,4412.56,6,2584,-10.2,1.0,12.0,4402.360000000001,0.16666666666666666,0.0023115832985840415,54,6,4412.56,Champions,685,735.4266666666667,11252350.767999995,67.56365338071825,733
13958.0,4709.2300000000005,8,2264,-306.9,4.0,72.0,4402.330000000001,0.5,0.06516988976966509,380,8,4709.2300000000005,At Risk High Value,355,588.6537500000001,11256753.097999996,67.59008674600521,734
15203.0,4400.18,15,4182,0.0,0.0,0.0,4400.18,0.0,0.0,26,15,4400.18,Champions,706,293.3453333333334,11261153.277999995,67.61650720182483,735
13880.0,4391.66,17,2589,0.0,0.0,0.0,4391.66,0.0,0.0,22,17,4391.66,Champions,541,258.33294117647057,11265544.937999995,67.64287650012734,736
14625.0,4497.88,11,2155,-106.35,7.0,14.0,4391.53,0.6363636363636364,0.023644472507047765,197,11,4497.88,At Risk High Value,527,408.89818181818185,11269936.467999995,67.66924501785742,737
17722.0,4430.36,5,2937,-43.4,2.0,23.0,4386.96,0.4,0.009796043662366038,97,5,4430.36,Potential Loyalists,279,886.0719999999999,11274323.427999996,67.6955860954639,738
17412.0,4417.52,16,2604,-32.54,3.0,27.0,4384.9800000000005,0.1875,0.007366123979065176,3,16,4417.52,Champions,735,276.095,11278708.407999996,67.7219152843516,739
17754.0,4451.22,13,4366,-68.14,3.0,67.0,4383.08,0.23076923076923078,0.01530816270595477,1,13,4451.22,Champions,728,342.4015384615385,11283091.487999996,67.7482330648728,740
16626.0,4413.1,17,2690,-33.45,3.0,20.0,4379.650000000001,0.17647058823529413,0.007579705875688292,1,17,4413.1,Champions,266,259.59411764705885,11287471.137999997,67.77453025029031,741
14648.0,4466.65,15,3265,-88.65,4.0,41.0,4378.0,0.26666666666666666,0.01984708898167531,417,15,4466.65,At Risk High Value,313,297.77666666666664,11291849.137999997,67.80081752844218,742
14514.0,4380.04,9,2362,-4.25,1.0,1.0,4375.79,0.1111111111111111,0.0009703107734175943,62,9,4380.04,Potential Loyalists,665,486.6711111111111,11296224.927999996,67.8270915368625,743
12752.0,4366.78,1,2262,0.0,0.0,0.0,4366.78,0.0,0.0,82,1,4366.78,Needs Attention,0,4366.78,11300591.707999995,67.85331144560803,744
17188.0,4592.93,13,2569,-231.10000000000002,4.0,34.0,4361.83,0.3076923076923077,0.05031646465328233,12,13,4592.93,Champions,720,353.3023076923077,11304953.537999995,67.87950163255668,745
14441.0,4611.6900000000005,11,1260,-250.1,8.0,19.0,4361.59,0.7272727272727273,0.05423174584588296,1,11,4611.6900000000005,Champions,690,419.2445454545455,11309315.127999995,67.9056903784485,746
13982.0,4382.89,9,2686,-26.8,4.0,12.0,4356.09,0.4444444444444444,0.006114686884681112,40,9,4382.89,Champions,649,486.9877777777778,11313671.217999995,67.93184610012155,747
13297.0,4368.62,7,2694,-15.95,1.0,1.0,4352.67,0.14285714285714285,0.0036510385430639425,8,7,4368.62,Champions,535,624.0885714285714,11318023.887999995,67.95798128673489,748
17050.0,4648.59,11,2432,-300.13,1.0,1.0,4348.46,0.09090909090909091,0.0645636633904044,97,11,4648.59,Potential Loyalists,586,422.5990909090909,11322372.347999996,67.98409119480988,749
18272.0,4385.9800000000005,9,2880,-38.65,2.0,9.0,4347.330000000001,0.2222222222222222,0.008812169686136278,3,9,4385.9800000000005,Champions,643,487.3311111111112,11326719.677999996,68.010194317909,750
16218.0,4439.97,13,3237,-96.37,6.0,45.0,4343.6,0.46153846153846156,0.021705101611046922,30,13,4439.97,Champions,532,341.53615384615387,11331063.277999995,68.03627504458338,751
12917.0,4359.2,6,1104,-29.7,2.0,6.0,4329.5,0.3333333333333333,0.00681317672967517,129,6,4359.2,Potential Loyalists,602,726.5333333333333,11335392.777999995,68.06227110916961,752
16477.0,4320.02,11,2632,0.0,0.0,0.0,4320.02,0.0,0.0,64,11,4320.02,Potential Loyalists,421,392.7290909090909,11339712.797999995,68.08821025201146,753
18259.0,4318.2,7,1390,0.0,0.0,0.0,4318.2,0.0,0.0,25,7,4318.2,Champions,707,616.8857142857142,11344030.997999994,68.1141384668391,754
12370.0,4316.56,7,2604,0.0,0.0,0.0,4316.56,0.0,0.0,52,7,4316.56,Champions,617,616.6514285714286,11348347.557999995,68.14005683444513,755
15240.0,4459.9800000000005,12,3214,-144.98,8.0,62.0,4315.000000000001,0.6666666666666666,0.03250687222812658,45,12,4459.9800000000005,Champions,690,371.665,11352662.557999995,68.16596583518184,756
12928.0,4304.89,12,2899,0.0,0.0,0.0,4304.89,0.0,0.0,36,12,4304.89,Champions,514,358.74083333333334,11356967.447999995,68.19181413140002,757
14211.0,4402.29,18,2575,-100.6,8.0,24.0,4301.69,0.4444444444444444,0.022851743070083978,54,18,4402.29,Champions,677,244.57166666666663,11361269.137999995,68.21764321352727,758
17937.0,4301.22,7,1754,0.0,0.0,0.0,4301.22,0.0,0.0,9,7,4301.22,Champions,354,614.46,11365570.357999995,68.24346947358492,759
16455.0,4376.87,11,3101,-77.65,2.0,43.0,4299.22,0.18181818181818182,0.017740988423233957,64,11,4376.87,Potential Loyalists,556,397.8972727272727,11369869.577999996,68.26928372483574,760
14277.0,17197.61,9,89806,-12901.34,5.0,87923.0,4296.27,0.5555555555555556,0.7501821474030403,16,9,17197.61,Champions,711,1910.845555555556,11374165.847999996,68.29508026309648,761
17372.0,4347.31,28,1863,-52.13,3.0,49.0,4295.18,0.10714285714285714,0.01199132337008403,41,28,4347.31,Champions,696,155.26107142857146,11378461.027999995,68.32087025655748,762
14334.0,4318.4800000000005,12,2986,-25.5,2.0,2.0,4292.9800000000005,0.16666666666666666,0.005904855412089439,17,12,4318.4800000000005,Champions,552,359.8733333333334,11382754.007999996,68.34664704033099,763
12454.0,16679.78,5,7703,-12387.07,4.0,5471.0,4292.709999999999,0.8,0.7426398909338133,57,5,16679.78,Champions,365,3335.956,11387046.717999997,68.37242220291559,764
18077.0,4283.66,18,3191,0.0,0.0,0.0,4283.66,0.0,0.0,9,18,4283.66,Champions,724,237.9811111111111,11391330.377999997,68.39814302564926,765
13505.0,4393.63,4,2486,-110.75,4.0,25.0,4282.88,1.0,0.025206947330567206,73,4,4393.63,Potential Loyalists,160,1098.4075,11395613.257999998,68.42385916494827,766
14854.0,4303.06,11,2987,-20.69,3.0,13.0,4282.370000000001,0.2727272727272727,0.00480820625322445,79,11,4303.06,Potential Loyalists,608,391.1872727272728,11399895.627999997,68.44957224200154,767
12408.0,4340.77,8,2229,-61.13,6.0,43.0,4279.64,0.75,0.014082754902931968,33,8,4340.77,Champions,466,542.59625,11404175.267999997,68.47526892703348,768
15845.0,4426.28,11,2128,-152.63,3.0,43.0,4273.65,0.2727272727272727,0.03448268071608665,18,11,4426.28,Champions,665,402.3890909090909,11408448.917999998,68.50092964568898,769
16241.0,4270.51,16,2355,0.0,0.0,0.0,4270.51,0.0,0.0,10,16,4270.51,Champions,401,266.906875,11412719.427999998,68.52657151051774,770
16283.0,4350.32,8,2867,-92.45,4.0,25.0,4257.87,0.5,0.021251310248441495,6,8,4350.32,Champions,644,543.79,11416977.297999997,68.55213747968733,771
16118.0,4376.25,1,2851,-120.82000000000001,4.0,29.0,4255.43,4.0,0.027608111968009143,653,1,4376.25,Hibernating,0,4376.25,11421232.727999996,68.57768879811259,772
17930.0,4275.22,13,3795,-32.3,2.0,25.0,4242.92,0.15384615384615385,0.007555166751652545,36,13,4275.22,Champions,610,328.86307692307696,11425475.647999996,68.60316500145113,773
14685.0,4536.64,8,1969,-295.47999999999996,5.0,60.0,4241.160000000001,0.625,0.06513190378782534,577,8,4536.64,At Risk High Value,150,567.08,11429716.807999996,68.62863063703966,774
16712.0,4232.87,13,2074,0.0,0.0,0.0,4232.87,0.0,0.0,10,13,4232.87,Champions,392,325.6053846153846,11433949.677999996,68.65404649612387,775
12360.0,4252.89,8,2459,-40.0,1.0,1.0,4212.89,0.125,0.009405369054925004,53,8,4252.89,Champions,603,531.61125,11438162.567999996,68.67934238722785,776
14290.0,4516.56,8,1600,-307.63,6.0,86.0,4208.93,0.75,0.0681115716385922,12,8,4516.56,Champions,720,564.57,11442371.497999996,68.7046145008943,777
12757.0,7834.650000000001,13,2395,-3629.4,6.0,17.0,4205.25,0.46153846153846156,0.46324979418353085,16,13,7834.650000000001,Champions,196,602.6653846153847,11446576.747999996,68.72986451835618,778
18079.0,4203.93,5,8730,0.0,0.0,0.0,4203.93,0.0,0.0,46,5,4203.93,Champions,446,840.7860000000001,11450780.677999996,68.75510661000556,779
14239.0,4263.17,21,1729,-59.45,3.0,8.0,4203.72,0.14285714285714285,0.01394502213141864,44,21,4263.17,Champions,691,203.00809523809525,11454984.397999996,68.78034744073022,780
12523.0,4352.35,23,2263,-151.3,7.0,27.0,4201.05,0.30434782608695654,0.03476282927613818,20,23,4352.35,Champions,713,189.2326086956522,11459185.447999997,68.80557223969777,781
13911.0,4234.99,20,4487,-34.95,2.0,11.0,4200.04,0.1,0.008252675921312683,58,20,4234.99,Champions,591,211.7495,11463385.487999996,68.83079097421786,782
18230.0,4291.06,9,1996,-100.35,3.0,19.0,4190.71,0.3333333333333333,0.023385830074620254,10,9,4291.06,Champions,516,476.7844444444445,11467576.197999997,68.8559536876541,783
15861.0,4369.2,12,3837,-183.8,3.0,13.0,4185.4,0.25,0.042067197656321526,13,12,4369.2,Champions,668,364.1,11471761.597999997,68.88108451770819,784
12935.0,4243.86,15,3201,-61.849999999999994,4.0,31.0,4182.009999999999,0.26666666666666666,0.01457399631467579,3,15,4243.86,Champions,605,282.924,11475943.607999997,68.9061949928347,785
16072.0,4180.09,4,1580,0.0,0.0,0.0,4180.09,0.0,0.0,289,4,4180.09,At Risk High Value,261,1045.0225,11480123.697999997,68.93129393950666,786
17218.0,4178.93,18,2195,0.0,0.0,0.0,4178.93,0.0,0.0,5,18,4178.93,Champions,679,232.1627777777778,11484302.627999997,68.95638592107065,787
18287.0,4182.99,7,3013,-5.1,1.0,2.0,4177.889999999999,0.14285714285714285,0.001219223569743174,43,7,4182.99,Champions,529,597.5699999999999,11488480.517999997,68.9814716580551,788
15752.0,4184.56,9,2945,-8.45,1.0,5.0,4176.110000000001,0.1111111111111111,0.002019328196990842,40,9,4184.56,Champions,418,464.9511111111112,11492656.627999997,69.00654670720147,789
14868.0,4184.01,12,2230,-13.95,1.0,6.0,4170.06,0.08333333333333333,0.0033341220503775083,4,12,4184.01,Champions,417,348.6675,11496826.687999997,69.03158542970718,790
16743.0,4212.15,14,3707,-46.25,1.0,37.0,4165.9,0.07142857142857142,0.010980140783210475,30,14,4212.15,Champions,567,300.86785714285713,11500992.587999998,69.05659917389467,791
12653.0,4160.83,3,1681,0.0,0.0,0.0,4160.83,0.0,0.0,149,3,4160.83,Potential Loyalists,378,1386.9433333333334,11505153.417999998,69.08158247575685,792
14047.0,4255.03,14,1649,-96.30000000000001,5.0,15.0,4158.73,0.35714285714285715,0.022632037846971705,9,14,4255.03,Champions,668,303.93071428571426,11509312.147999998,69.10655316837186,793
16749.0,4157.88,2,1910,0.0,0.0,0.0,4157.88,0.0,0.0,592,2,4157.88,Hibernating,133,2078.94,11513470.027999999,69.13151875724398,794
15633.0,4335.96,13,2048,-179.04999999999998,5.0,34.0,4156.91,0.38461538461538464,0.041294200130997515,510,13,4335.96,At Risk High Value,222,333.5353846153846,11517626.938,69.15647852184478,795
17673.0,4173.88,13,3284,-17.25,2.0,5.0,4156.63,0.15384615384615385,0.004132845218357979,2,13,4173.88,Champions,629,321.0676923076923,11521783.568,69.18143660521261,796
16150.0,4395.59,10,2164,-240.9,10.0,66.0,4154.6900000000005,1.0,0.054804929486144065,43,10,4395.59,Champions,680,439.559,11525938.258,69.20638304003782,797
15708.0,4204.4400000000005,9,1586,-54.74,5.0,14.0,4149.700000000001,0.5555555555555556,0.01301956978812874,41,9,4204.4400000000005,Champions,385,467.1600000000001,11530087.957999999,69.23129951288999,798
16209.0,4146.78,9,1895,0.0,0.0,0.0,4146.78,0.0,0.0,89,9,4146.78,Potential Loyalists,458,460.7533333333333,11534234.737999998,69.25619845288419,799
17738.0,4183.56,13,2776,-38.2,2.0,8.0,4145.360000000001,0.15384615384615385,0.009130979357293787,20,13,4183.56,Champions,611,321.81230769230774,11538380.097999997,69.28108886662552,800
14482.0,4306.72,12,2869,-165.66,2.0,86.0,4141.06,0.16666666666666666,0.038465467919901915,19,12,4306.72,Champions,452,358.8933333333334,11542521.157999998,69.3059534614322,801
13461.0,4160.0,6,3132,-21.5,2.0,4.0,4138.5,0.3333333333333333,0.005168269230769231,39,6,4160.0,Champions,559,693.3333333333334,11546659.657999998,69.3308026849661,802
12422.0,5231.8,17,2596,-1112.45,4.0,5.0,4119.35,0.23529411764705882,0.21263236362246263,96,17,5231.8,Potential Loyalists,626,307.7529411764706,11550779.007999998,69.35553692417463,803
13450.0,4120.04,13,4318,-2.5,1.0,2.0,4117.54,0.07692307692307693,0.0006067902253376181,27,13,4120.04,Champions,577,316.92615384615385,11554896.547999997,69.38026029541295,804
12536.0,12601.830000000002,3,2803,-8495.01,2.0,151.0,4106.8200000000015,0.6666666666666666,0.6741092365156488,44,3,12601.830000000002,Loyal Customers,16,4200.610000000001,11559003.367999997,69.40491929944669,805
14408.0,4102.27,11,2438,0.0,0.0,0.0,4102.27,0.0,0.0,11,11,4102.27,Champions,722,372.9336363636364,11563105.637999997,69.42955098344487,806
17646.0,4149.79,12,1418,-55.63,4.0,9.0,4094.16,0.3333333333333333,0.013405497627590794,220,12,4149.79,At Risk High Value,504,345.81583333333333,11567199.797999997,69.45413397173135,807
14566.0,4092.0,4,2400,0.0,0.0,0.0,4092.0,0.0,0.0,111,4,4092.0,Potential Loyalists,423,1023.0,11571291.797999997,69.47870399050647,808
15493.0,4121.68,9,1206,-34.55,2.0,5.0,4087.13,0.2222222222222222,0.008382504221579549,33,9,4121.68,Champions,622,457.9644444444445,11575378.927999998,69.50324476783696,809
18194.0,4162.04,6,1774,-77.84,1.0,184.0,4084.2,0.16666666666666666,0.018702367108437208,83,6,4162.04,Potential Loyalists,598,693.6733333333333,11579463.127999997,69.52776795226542,810
15518.0,4189.99,15,2810,-115.16,8.0,51.0,4074.83,0.5333333333333333,0.027484552469098974,65,15,4189.99,Potential Loyalists,655,279.3326666666666,11583537.957999997,69.5522348754339,811
14913.0,4073.13,8,3955,0.0,0.0,0.0,4073.13,0.0,0.0,36,8,4073.13,Champions,450,509.14125,11587611.087999998,69.57669159111657,812
14740.0,4161.06,11,2081,-92.2,2.0,22.0,4068.8600000000006,0.18181818181818182,0.022157815556612975,198,11,4161.06,At Risk High Value,455,378.27818181818185,11591679.947999997,69.60112266799663,813
12876.0,4081.79,4,3047,-13.2,1.0,8.0,4068.59,0.25,0.00323387533410587,58,4,4081.79,Loyal Customers,533,1020.4475,11595748.537999997,69.62555212368781,814
12371.0,4067.38,5,1436,0.0,0.0,0.0,4067.38,0.0,0.0,45,5,4067.38,Champions,601,813.476,11599815.917999998,69.64997431405084,815
12569.0,4124.6900000000005,32,1801,-59.7,3.0,8.0,4064.9900000000007,0.09375,0.014473815001854684,3,32,4124.6900000000005,Champions,250,128.89656250000002,11603880.907999998,69.6743821538897,816
16875.0,4234.53,11,2099,-181.33,9.0,44.0,4053.2,0.8181818181818182,0.04282175353581154,68,11,4234.53,Potential Loyalists,636,384.9572727272727,11607934.107999997,69.6987192018123,817
15024.0,4050.61,16,2183,0.0,0.0,0.0,4050.61,0.0,0.0,10,16,4050.61,Champions,415,253.163125,11611984.717999997,69.72304069833005,818
13421.0,4058.75,8,2351,-14.299999999999999,3.0,3.0,4044.45,0.375,0.0035232522328303047,41,8,4058.75,Champions,623,507.34375,11616029.167999996,69.74732520772277,819
17083.0,4049.79,9,1955,-14.71,2.0,5.0,4035.08,0.2222222222222222,0.0036322871062450155,110,9,4049.79,Potential Loyalists,559,449.9766666666667,11620064.247999996,69.77155345585548,820
17287.0,4049.56,21,2063,-16.25,2.0,4.0,4033.31,0.09523809523809523,0.004012781635535713,27,21,4049.56,Champions,710,192.83619047619047,11624097.557999996,69.79577107619416,821
15050.0,4087.19,5,2600,-54.919999999999995,2.0,40.0,4032.27,0.4,0.013437104710081986,26,5,4087.19,Champions,455,817.438,11628129.827999996,69.81998245195328,822
16571.0,4248.74,10,3703,-223.69,7.0,102.0,4025.0499999999997,0.7,0.05264854992303601,27,10,4248.74,Champions,605,424.874,11632154.877999997,69.84415047591975,823
12726.0,4014.6,11,4618,0.0,0.0,0.0,4014.6,0.0,0.0,29,11,4014.6,Champions,596,364.96363636363634,11636169.477999996,69.86825575387051,824
12840.0,4041.9700000000003,7,2258,-28.1,4.0,14.0,4013.8700000000003,0.5714285714285714,0.00695205555706747,144,7,4041.97,Potential Loyalists,531,577.4242857142857,11640183.347999996,69.89235664860679,825
17211.0,4046.65,13,2345,-44.55,2.0,17.0,4002.1,0.15384615384615385,0.011009106297801885,27,13,4046.65,Champions,700,311.28076923076924,11644185.447999995,69.91638687151487,826
13048.0,4049.13,9,2661,-49.05,4.0,13.0,4000.08,0.4444444444444444,0.012113713316193849,15,9,4049.13,Champions,667,449.90333333333336,11648185.527999995,69.94040496552805,827
15665.0,3987.07,5,2777,0.0,0.0,0.0,3987.07,0.0,0.0,169,5,3987.07,Potential Loyalists,467,797.414,11652172.597999996,69.96434494225281,828
15782.0,4014.1,4,1844,-28.450000000000003,2.0,2.0,3985.65,0.5,0.007087516504322265,10,4,4014.1,Loyal Customers,421,1003.525,11656158.247999996,69.98827639272471,829
17618.0,4001.64,11,1798,-25.3,2.0,5.0,3976.3399999999997,0.18181818181818182,0.006322407812796754,6,11,4001.64,Champions,679,363.7854545454545,11660134.587999996,70.01215194220082,830
14025.0,4057.9,8,1914,-88.8,2.0,16.0,3969.1,0.25,0.021883240099558884,465,8,4057.9,At Risk High Value,119,507.2375,11664103.687999995,70.03598401979619,831
16732.0,4387.64,4,2414,-420.85,5.0,32.0,3966.7900000000004,1.25,0.09591716731545888,32,4,4387.64,Champions,700,1096.91,11668070.477999995,70.05980222721968,832
15572.0,3965.2,10,2089,0.0,0.0,0.0,3965.2,0.0,0.0,5,10,3965.2,Champions,600,396.52,11672035.677999994,70.08361088764174,833
14547.0,3974.75,8,2639,-20.8,1.0,10.0,3953.95,0.125,0.005233033524121014,4,8,3974.75,Champions,51,496.84375,11675989.627999993,70.10735199852537,834
14824.0,4022.9100000000003,10,1954,-70.4,2.0,20.0,3952.51,0.2,0.017499770066941592,11,10,4022.91,Champions,627,402.29100000000005,11679942.137999993,70.13108446306808,835
16771.0,3949.6,10,2308,0.0,0.0,0.0,3949.6,0.0,0.0,34,10,3949.6,Champions,697,394.96,11683891.737999992,70.15479945479687,836
14465.0,3925.85,11,2539,0.0,0.0,0.0,3925.85,0.0,0.0,247,11,3925.85,At Risk High Value,455,356.8954545454545,11687817.587999992,70.17837184194454,837
13542.0,3959.4900000000002,17,804,-35.4,1.0,3.0,3924.09,0.058823529411764705,0.008940545373267769,377,17,3959.49,At Risk High Value,353,232.91117647058823,11691741.677999992,70.2019336613422,838
15983.0,3924.02,8,2426,0.0,0.0,0.0,3924.02,0.0,0.0,23,8,3924.02,Champions,711,490.5025,11695665.697999991,70.22549506043163,839
13895.0,4008.52,6,2060,-84.9,2.0,2.0,3923.62,0.3333333333333333,0.02117988684102861,29,6,4008.52,Champions,708,668.0866666666667,11699589.31799999,70.24905405775966,840
15051.0,3926.91,9,3052,-15.0,1.0,12.0,3911.91,0.1111111111111111,0.003819797245162227,24,9,3926.91,Champions,715,436.3233333333333,11703501.22799999,70.27254274352373,841
15819.0,3934.79,10,2928,-23.509999999999998,1.0,15.0,3911.2799999999997,0.1,0.005974905903491673,50,10,3934.79,Champions,582,393.479,11707412.50799999,70.29602764651364,842
12721.0,4013.08,8,2655,-106.39999999999999,2.0,24.0,3906.68,0.25,0.02651330150408165,32,8,4013.08,Champions,440,501.635,11711319.18799999,70.31948492924784,843
13126.0,3998.25,13,3409,-95.78,6.0,28.0,3902.47,0.46153846153846156,0.023955480522728695,5,13,3998.25,Champions,643,307.5576923076923,11715221.65799999,70.34291693344366,844
12388.0,3901.11,8,2001,0.0,0.0,0.0,3901.11,0.0,0.0,16,8,3901.11,Champions,567,487.63875,11719122.76799999,70.36634077165084,845
14498.0,3900.83,10,2120,0.0,0.0,0.0,3900.83,0.0,0.0,43,10,3900.83,Champions,508,390.083,11723023.59799999,70.38976292862506,846
17019.0,3961.11,11,2619,-60.7,2.0,22.0,3900.4100000000003,0.18181818181818182,0.015323987468159177,12,11,3961.11,Champions,726,360.1009090909091,11726924.00799999,70.41318256374986,847
16928.0,4013.7799999999997,29,2680,-119.65,4.0,69.0,3894.1299999999997,0.13793103448275862,0.029809805221013612,81,29,4013.78,Potential Loyalists,594,138.4062068965517,11730818.137999991,70.4365644912212,848
15858.0,3936.34,13,2914,-42.5,2.0,6.0,3893.84,0.15384615384615385,0.010796831574508298,16,13,3936.34,Champions,714,302.79538461538465,11734711.97799999,70.45994467741554,849
15571.0,3892.35,14,2411,0.0,0.0,0.0,3892.35,0.0,0.0,12,14,3892.35,Champions,722,278.025,11738604.32799999,70.4833159170488,850
14817.0,3959.86,7,2462,-70.65,2.0,17.0,3889.21,0.2857142857142857,0.017841539852419024,201,7,3959.86,At Risk High Value,427,565.6942857142857,11742493.537999991,70.50666830285535,851
12358.0,3887.07,5,1079,0.0,0.0,0.0,3887.07,0.0,0.0,2,5,3887.07,Champions,730,777.414,11746380.607999992,70.53000783923858,852
17667.0,3950.7,9,2192,-66.9,3.0,10.0,3883.7999999999997,0.3333333333333333,0.01693370795048979,67,9,3950.7,Potential Loyalists,588,438.9666666666666,11750264.407999992,70.55332774122265,853
15288.0,3881.03,10,1402,0.0,0.0,0.0,3881.03,0.0,0.0,44,10,3881.03,Champions,622,388.103,11754145.437999992,70.57663101100924,854
16791.0,3957.63,15,1854,-92.57,3.0,27.0,3865.06,0.2,0.023390261343278675,30,15,3957.63,Champions,707,263.842,11758010.497999992,70.59983839047331,855
17728.0,4238.76,5,2146,-377.63,3.0,9.0,3861.13,0.6,0.08908973379007068,4,5,4238.76,Champions,450,847.7520000000001,11761871.627999993,70.62302217263195,856
15195.0,3861.0,1,1404,0.0,0.0,0.0,3861.0,0.0,0.0,3,1,3861.0,New / Promising,0,3861.0,11765732.627999993,70.64620517421814,857
16440.0,3856.97,6,2108,0.0,0.0,0.0,3856.97,0.0,0.0,8,6,3856.97,Champions,486,642.8283333333333,11769589.597999994,70.66936397805857,858
15067.0,3862.88,5,2151,-12.75,1.0,1.0,3850.13,0.2,0.003300646150022781,79,5,3862.88,Potential Loyalists,529,772.576,11773439.727999995,70.69248171177965,859
15804.0,4206.39,13,2565,-357.84000000000003,6.0,52.0,3848.55,0.46153846153846156,0.08507057120238494,1,13,4206.39,Champions,198,323.5684615384616,11777288.277999995,70.71558995854332,860
18073.0,3859.82,12,3102,-13.08,1.0,10.0,3846.7400000000002,0.08333333333333333,0.0033887590613033767,115,12,3859.82,Potential Loyalists,83,321.6516666666667,11781135.017999995,70.73868733733683,861
13037.0,3914.9500000000003,12,2130,-72.4,4.0,25.0,3842.55,0.3333333333333333,0.018493211918415305,139,12,3914.95,Potential Loyalists,598,326.24583333333334,11784977.567999996,70.76175955768001,862
16841.0,4006.06,12,3478,-164.89999999999998,2.0,33.0,3841.16,0.16666666666666666,0.04116263860251718,37,12,4006.06,Champions,660,333.8383333333333,11788818.727999996,70.78482343190244,863
12967.0,4306.92,3,1272,-466.15,2.0,195.0,3840.77,0.6666666666666666,0.10823279745154309,359,3,4306.92,At Risk,25,1435.64,11792659.497999996,70.80788496440755,864
16546.0,5606.47,5,4367,-1769.1100000000004,2.0,1705.0,3837.3599999999997,0.4,0.31554792944580107,291,5,5606.47,At Risk High Value,152,1121.294,11796496.857999995,70.830926021897,865
13995.0,3902.01,14,2359,-65.75,4.0,35.0,3836.26,0.2857142857142857,0.016850289978754537,16,14,3902.01,Champions,706,278.71500000000003,11800333.117999995,70.8539604745427,866
13213.0,3851.52,11,2962,-16.9,3.0,10.0,3834.62,0.2727272727272727,0.004387878032568959,57,11,3851.52,Champions,512,350.1381818181818,11804167.737999994,70.87698507996679,867
14565.0,3859.2200000000003,5,1940,-25.35,2.0,8.0,3833.8700000000003,0.4,0.006568684863780764,96,5,3859.22,Potential Loyalists,378,771.844,11808001.607999993,70.90000518208834,868
14532.0,3845.78,11,1111,-12.75,1.0,1.0,3833.03,0.09090909090909091,0.003315322249322634,237,11,3845.78,At Risk High Value,462,349.61636363636364,11811834.637999993,70.923020240511,869
16341.0,3850.79,7,3022,-18.5,3.0,16.0,3832.29,0.42857142857142855,0.0048042090064636086,25,7,3850.79,Champions,585,550.1128571428571,11815666.927999992,70.94603085567513,870
14655.0,3878.51,7,2341,-49.28,5.0,16.0,3829.23,0.7142857142857143,0.012705910259352174,9,7,3878.51,Champions,588,554.0728571428572,11819496.157999992,70.96902309736483,871
14744.0,3885.08,14,2547,-64.06,3.0,3.0,3821.02,0.21428571428571427,0.01648872095297909,17,14,3885.08,Champions,554,277.5057142857143,11823317.177999992,70.99196604290248,872
13357.0,3805.51,5,2112,0.0,0.0,0.0,3805.51,0.0,0.0,258,5,3805.51,At Risk High Value,370,761.1020000000001,11827122.687999992,71.01481586014316,873
15421.0,3805.34,10,1927,0.0,0.0,0.0,3805.34,0.0,0.0,59,10,3805.34,Champions,674,380.534,11830928.027999992,71.03766465663526,874
16636.0,3802.04,4,2186,0.0,0.0,0.0,3802.04,0.0,0.0,439,4,3802.04,At Risk High Value,208,950.51,11834730.06799999,71.06049363859609,875
16719.0,3944.35,14,2502,-144.75,3.0,21.0,3799.6,0.21428571428571427,0.03669806178457794,15,14,3944.35,Champions,712,281.7392857142857,11838529.66799999,71.08330796981258,876
13481.0,3830.84,11,2055,-32.0,3.0,16.0,3798.84,0.2727272727272727,0.008353259337377702,46,11,3830.84,Champions,690,348.2581818181818,11842328.50799999,71.10611773768248,877
17954.0,3933.06,19,3242,-134.49,7.0,55.0,3798.5699999999997,0.3684210526315789,0.03419474912663423,6,19,3933.06,Champions,725,207.00315789473683,11846127.07799999,71.12892588436347,878
17659.0,3834.79,14,1816,-50.66,3.0,40.0,3784.13,0.21428571428571427,0.013210632133702237,18,14,3834.79,Champions,369,273.9135714285714,11849911.207999991,71.15164732745914,879
14878.0,4076.5,25,2416,-293.02,3.0,253.0,3783.48,0.12,0.07188028946400098,13,25,4076.5,Champions,644,163.06,11853694.687999992,71.17436486769259,880
17553.0,3757.6,4,2288,0.0,0.0,0.0,3757.6,0.0,0.0,130,4,3757.6,Potential Loyalists,481,939.4,11857452.287999991,71.19692701396565,881
17173.0,3766.6,8,1122,-10.95,1.0,1.0,3755.65,0.125,0.0029071310996654806,6,8,3766.6,Champions,126,470.825,11861207.937999992,71.21947745165204,882
13305.0,3752.61,16,2360,0.0,0.0,0.0,3752.61,0.0,0.0,5,16,3752.61,Champions,635,234.538125,11864960.547999991,71.24200963595206,883
17293.0,3750.63,17,2228,0.0,0.0,0.0,3750.63,0.0,0.0,9,17,3750.63,Champions,728,220.62529411764703,11868711.177999992,71.26452993153332,884
12670.0,3760.29,7,1627,-9.9,1.0,6.0,3750.39,0.14285714285714285,0.002632775663579139,11,7,3760.29,Champions,656,537.1842857142857,11872461.567999993,71.28704878605777,885
16128.0,3801.05,11,2445,-52.650000000000006,3.0,26.0,3748.4,0.2727272727272727,0.013851435787479776,18,11,3801.05,Champions,494,345.55,11876209.967999993,71.3095556918194,886
14309.0,3780.81,11,2583,-32.85,1.0,14.0,3747.96,0.09090909090909091,0.008688614344545218,9,11,3780.81,Champions,542,343.71,11879957.927999994,71.33205995564354,887
15696.0,3881.2200000000003,13,1386,-149.1,8.0,16.0,3732.1200000000003,0.6153846153846154,0.03841575587057677,34,13,3881.22,Champions,651,298.55538461538464,11883690.047999993,71.35446910971758,888
16539.0,3732.01,10,1315,0.0,0.0,0.0,3732.01,0.0,0.0,3,10,3732.01,Champions,530,373.201,11887422.057999993,71.37687760330724,889
17071.0,3793.71,13,1934,-62.75,7.0,19.0,3730.96,0.5384615384615384,0.01654053683597323,29,13,3793.71,Champions,656,291.82384615384615,11891153.017999994,71.39927979227332,890
15811.0,3776.0,7,1876,-47.3,3.0,10.0,3728.7,0.42857142857142855,0.012526483050847456,23,7,3776.0,Champions,366,539.4285714285714,11894881.717999993,71.42166841128767,891
12853.0,3907.5,11,1668,-179.0,5.0,29.0,3728.5,0.45454545454545453,0.04580934101087652,135,11,3907.5,Potential Loyalists,538,355.22727272727275,11898610.217999993,71.44405582942134,892
12502.0,3723.87,5,820,0.0,0.0,0.0,3723.87,0.0,0.0,96,5,3723.87,Potential Loyalists,214,744.774,11902334.087999992,71.46641544716721,893
14364.0,3717.35,8,1967,0.0,0.0,0.0,3717.35,0.0,0.0,109,8,3717.35,Potential Loyalists,103,464.66875,11906051.437999992,71.4887359162028,894
15370.0,3739.01,8,1397,-25.5,1.0,2.0,3713.51,0.125,0.006819987108887112,41,8,3739.01,Champions,370,467.37625,11909764.947999991,71.51103332832929,895
12737.0,3710.5,2,2,0.0,0.0,0.0,3710.5,0.0,0.0,499,2,3710.5,Hibernating,0,1855.25,11913475.447999991,71.53331266720149,896
14540.0,3709.64,11,1595,-9.9,1.0,2.0,3699.74,0.09090909090909091,0.0026687225714624604,10,11,3709.64,Champions,723,337.24,11917175.187999992,71.55552739869294,897
16240.0,3718.8,2,1641,-24.990000000000002,3.0,7.0,3693.8100000000004,1.5,0.006719909648273637,25,2,3718.8,New / Promising,53,1859.4,11920868.997999992,71.57770652407216,898
14515.0,3724.06,12,1893,-30.36,3.0,10.0,3693.7,0.25,0.008152392818590462,18,12,3724.06,Champions,533,310.3383333333333,11924562.697999991,71.59988498896696,899
15494.0,3702.6,5,3052,-9.1,1.0,1.0,3693.5,0.2,0.0024577324042564684,22,5,3702.6,Champions,708,740.52,11928256.197999991,71.62206225298111,900
12530.0,3759.26,9,2713,-69.4,3.0,15.0,3689.86,0.3333333333333333,0.018461080106191113,60,9,3759.26,Potential Loyalists,583,417.6955555555556,11931946.05799999,71.64421766096683,901
12510.0,5178.02,9,2049,-1488.69,7.0,31.0,3689.3300000000004,0.7777777777777778,0.28750178639711704,143,9,5178.02,Potential Loyalists,593,575.3355555555556,11935635.387999991,71.66636988661872,902
15079.0,3767.35,11,1504,-80.6,6.0,20.0,3686.75,0.5454545454545454,0.02139434881282599,213,11,3767.35,At Risk High Value,519,342.48636363636365,11939322.137999991,71.68850662090982,903
12857.0,3688.0,6,1420,-3.75,1.0,1.0,3684.25,0.16666666666666666,0.0010168112798264641,211,6,3688.0,At Risk High Value,473,614.6666666666666,11943006.387999991,71.71062834419237,904
12597.0,3811.22,4,2236,-128.09,1.0,49.0,3683.1299999999997,0.25,0.03360866074380382,20,4,3811.22,Loyal Customers,249,952.805,11946689.517999992,71.7327433425431,905
17526.0,4166.04,12,1482,-489.19999999999993,4.0,53.0,3676.84,0.3333333333333333,0.11742566081938723,5,12,4166.04,Champions,718,347.17,11950366.357999992,71.75482057319634,906
15532.0,3738.85,10,1337,-63.849999999999994,2.0,13.0,3675.0,0.2,0.017077443598967595,26,10,3738.85,Champions,524,373.885,11954041.357999992,71.7768867557473,907
15704.0,3734.6600000000003,6,1709,-73.78000000000002,2.0,25.0,3660.88,0.3333333333333333,0.01975547974916057,141,6,3734.66,Potential Loyalists,443,622.4433333333334,11957702.237999992,71.79886815612205,908
12872.0,3662.4900000000002,12,1845,-7.15,1.0,3.0,3655.34,0.08333333333333333,0.001952223760337912,327,12,3662.49,At Risk High Value,410,305.20750000000004,11961357.577999992,71.82081629210187,909
16950.0,3713.77,10,2464,-59.18,2.0,93.0,3654.59,0.2,0.01593528947673119,57,10,3713.77,Champions,628,371.377,11965012.167999992,71.84275992477912,910
15255.0,3706.02,9,2214,-58.65,2.0,19.0,3647.37,0.2222222222222222,0.015825602668091375,67,9,3706.02,Potential Loyalists,670,411.78,11968659.537999991,71.86466020566372,911
16983.0,3654.02,11,2422,-11.05,1.0,13.0,3642.97,0.09090909090909091,0.003024066644408077,13,11,3654.02,Champions,434,332.1836363636364,11972302.507999992,71.88653406717329,912
16466.0,3767.09,15,1777,-125.0,1.0,1.0,3642.09,0.06666666666666667,0.033182111391020654,34,15,3767.09,Champions,609,251.13933333333333,11975944.597999992,71.90840264480785,913
12623.0,3747.84,7,1971,-108.0,2.0,6.0,3639.84,0.2857142857142857,0.028816598360655737,277,7,3747.84,At Risk High Value,420,535.4057142857143,11979584.437999992,71.93025771253474,914
13632.0,3645.81,8,1633,-13.45,2.0,3.0,3632.36,0.25,0.003689166467808251,25,8,3645.81,Champions,587,455.72625,11983216.797999991,71.95206786732408,915
16748.0,3637.33,14,2127,-5.04,1.0,12.0,3632.29,0.07142857142857142,0.001385631768357559,18,14,3637.33,Champions,712,259.8092857142857,11986849.08799999,71.97387760180516,916
14649.0,3651.19,9,2415,-21.15,2.0,3.0,3630.04,0.2222222222222222,0.005792631991213823,5,9,3651.19,Champions,684,405.6877777777778,11990479.12799999,71.99567382637856,917
17096.0,3697.9300000000003,11,1559,-68.35,6.0,13.0,3629.5800000000004,0.5454545454545454,0.018483313637629697,16,11,3697.93,Champions,540,336.17545454545456,11994108.70799999,72.01746728892641,918
14770.0,3637.6400000000003,8,1598,-12.75,1.0,1.0,3624.8900000000003,0.125,0.0035050197380719363,233,8,3637.64,At Risk High Value,420,454.705,11997733.59799999,72.03923259082224,919
12468.0,3670.7400000000002,5,2201,-46.19,5.0,17.0,3624.55,1.0,0.012583293831761442,188,5,3670.74,Potential Loyalists,495,734.148,12001358.14799999,72.06099585122091,920
16718.0,3612.13,5,2331,0.0,0.0,0.0,3612.13,0.0,0.0,370,5,3612.13,At Risk High Value,364,722.426,12004970.277999992,72.08268453692916,921
13446.0,3881.89,11,2403,-273.03000000000003,7.0,66.0,3608.8599999999997,0.6363636363636364,0.07033429592286233,431,11,3881.89,At Risk High Value,233,352.8990909090909,12008579.137999991,72.10435358823824,922
16053.0,3634.84,6,3067,-28.7,2.0,6.0,3606.1400000000003,0.3333333333333333,0.007895808343696008,33,6,3634.84,Champions,578,605.8066666666667,12012185.277999992,72.12600630757002,923
18242.0,3605.21,8,2021,0.0,0.0,0.0,3605.21,0.0,0.0,73,8,3605.21,Potential Loyalists,625,450.65125,12015790.487999992,72.14765344280664,924
16094.0,3695.56,11,2020,-96.39999999999999,8.0,28.0,3599.16,0.7272727272727273,0.02608535648183225,12,11,3695.56,Champions,591,335.96,12019389.647999993,72.1692642514026,925
18168.0,3698.8,16,2128,-100.15,6.0,31.0,3598.65,0.375,0.027076349086190117,177,16,3698.8,Potential Loyalists,560,231.175,12022988.297999993,72.19087199775281,926
16503.0,3614.34,11,1535,-16.45,2.0,3.0,3597.8900000000003,0.18181818181818182,0.0045513150395369555,107,11,3614.34,Potential Loyalists,430,328.5763636363636,12026586.187999994,72.21247518075641,927
14970.0,4919.35,12,982,-1325.95,4.0,219.0,3593.4000000000005,0.3333333333333333,0.2695376421681726,69,12,4919.35,Potential Loyalists,595,409.9458333333334,12030179.587999994,72.2340514039887,928
14653.0,3593.06,12,1969,0.0,0.0,0.0,3593.06,0.0,0.0,2,12,3593.06,Champions,736,299.4216666666667,12033772.647999994,72.25562558572382,929
15480.0,6279.0,5,1852,-2686.75,2.0,2.0,3592.25,0.4,0.42789456919891705,117,5,6279.0,Potential Loyalists,560,1255.8,12037364.897999994,72.27719490389217,930
15834.0,3764.39,7,1815,-172.7,2.0,7.0,3591.69,0.2857142857142857,0.04587728689110321,71,7,3764.39,Potential Loyalists,354,537.77,12040956.587999994,72.29876085959461,931
17655.0,3652.48,9,1542,-67.2,1.0,160.0,3585.28,0.1111111111111111,0.018398458033993342,11,9,3652.48,Champions,406,405.8311111111111,12044541.867999993,72.32028832707115,932
15569.0,3583.45,10,1734,0.0,0.0,0.0,3583.45,0.0,0.0,104,10,3583.45,Potential Loyalists,546,358.345,12048125.317999993,72.34180480648945,933
15351.0,3704.89,10,1479,-123.11,5.0,33.0,3581.7799999999997,0.5,0.03322905673312838,13,10,3704.89,Champions,420,370.489,12051707.097999992,72.36331125855403,934
14132.0,3586.03,11,3368,-5.9,1.0,2.0,3580.13,0.09090909090909091,0.0016452734639699055,3,11,3586.03,Champions,181,326.00272727272727,12055287.227999993,72.384807803353,935
14857.0,3651.851,7,2081,-72.92,3.0,16.0,3578.931,0.42857142857142855,0.01996795597629805,60,7,3651.851,Potential Loyalists,575,521.693,12058866.158999993,72.40629714887227,936
17063.0,3638.53,13,1899,-61.65,10.0,17.0,3576.88,0.7692307692307693,0.016943655817046994,22,13,3638.53,Champions,717,279.8869230769231,12062443.038999993,72.42777417936013,937
15365.0,4557.13,13,2131,-983.87,2.0,326.0,3573.26,0.15384615384615385,0.21589684735787656,26,13,4557.13,Champions,648,350.54846153846154,12066016.298999993,72.44922947390762,938
14593.0,3665.53,12,1848,-96.83999999999999,6.0,13.0,3568.69,0.5,0.026419099011602682,22,12,3665.53,Champions,709,305.46083333333337,12069584.988999993,72.47065732833151,939
13750.0,3602.18,11,1370,-38.58,2.0,10.0,3563.6,0.18181818181818182,0.010710181057026579,54,11,3602.18,Champions,564,327.47090909090906,12073148.588999992,72.49205462034202,940
14737.0,3554.17,4,1071,0.0,0.0,0.0,3554.17,0.0,0.0,4,4,3554.17,Loyal Customers,397,888.5425,12076702.758999992,72.51339529082831,941
16444.0,3625.88,17,1945,-74.19999999999999,3.0,12.0,3551.6800000000003,0.17647058823529413,0.02046399770538462,47,17,3625.88,Champions,579,213.2870588235294,12080254.438999992,72.53472101035011,942
17848.0,3559.11,30,1404,-12.75,1.0,1.0,3546.36,0.03333333333333333,0.003582356263223109,82,30,3559.11,Potential Loyalists,652,118.637,12083800.798999991,72.55601478644573,943
14503.0,3543.26,6,2004,0.0,0.0,0.0,3543.26,0.0,0.0,4,6,3543.26,Champions,175,590.5433333333334,12087344.058999991,72.57728994889077,944
15791.0,3608.34,5,1970,-66.55,4.0,21.0,3541.79,0.8,0.01844338393832067,44,5,3608.34,Champions,598,721.668,12090885.84899999,72.59855628486278,945
17528.0,3628.5,8,2138,-88.4,3.0,8.0,3540.1,0.375,0.024362684304809153,2,8,3628.5,Champions,70,453.5625,12094425.94899999,72.61981247339303,946
16336.0,3517.69,4,1473,0.0,0.0,0.0,3517.69,0.0,0.0,421,4,3517.69,At Risk High Value,211,879.4225,12097943.63899999,72.64093410324274,947
12963.0,3601.59,12,1809,-88.80000000000001,2.0,32.0,3512.79,0.16666666666666666,0.024655777031810953,9,12,3601.59,Champions,511,300.1325,12101456.428999988,72.6620263115157,948
18219.0,3562.89,17,1653,-55.5,2.0,4.0,3507.39,0.11764705882352941,0.015577242070341774,3,17,3562.89,Champions,730,209.58176470588236,12104963.818999989,72.68308609601026,949
15953.0,3648.08,18,1841,-144.85,3.0,103.0,3503.23,0.16666666666666666,0.0397058178548716,16,18,3648.08,Champions,721,202.67111111111112,12108467.04899999,72.70412090218657,950
18044.0,3505.61,18,1598,-2.95,1.0,1.0,3502.6600000000003,0.05555555555555555,0.0008415083252272786,5,18,3505.61,Champions,556,194.75611111111112,12111969.70899999,72.72515228585296,951
12645.0,3539.3,8,2125,-40.2,2.0,36.0,3499.1000000000004,0.25,0.01135817817082474,34,8,3539.3,Champions,635,442.4125,12115468.80899999,72.74616229384317,952
15505.0,3610.96,5,2390,-113.82,2.0,42.0,3497.14,0.4,0.031520703635598286,53,5,3610.96,Champions,103,722.192,12118965.94899999,72.76716053320271,953
17311.0,3566.56,6,2755,-75.9,1.0,46.0,3490.66,0.16666666666666666,0.021281010273204434,79,6,3566.56,Potential Loyalists,596,594.4266666666666,12122456.60899999,72.78811986402812,954
15306.0,3484.73,9,3074,-3.75,1.0,1.0,3480.98,0.1111111111111111,0.0010761235447222597,65,9,3484.73,Potential Loyalists,595,387.1922222222222,12125937.58899999,72.80902107222845,955
15712.0,3472.41,12,1277,-4.95,1.0,1.0,3467.46,0.08333333333333333,0.0014255229077211504,10,12,3472.41,Champions,729,289.3675,12129405.048999991,72.82984110089463,956
16325.0,3597.5,12,2464,-133.66,5.0,47.0,3463.84,0.4166666666666667,0.037153578874218204,47,12,3597.5,Champions,689,299.7916666666667,12132868.888999991,72.85063939362043,957
14409.0,3756.09,9,2401,-302.40000000000003,1.0,144.0,3453.69,0.1111111111111111,0.08050925297317157,72,9,3756.09,Potential Loyalists,496,417.34333333333336,12136322.57899999,72.87137674165156,958
12631.0,3481.57,6,1607,-29.3,1.0,14.0,3452.27,0.16666666666666666,0.008415743472054274,58,6,3481.57,Champions,636,580.2616666666667,12139774.84899999,72.89210556342984,959
14640.0,3649.36,10,1645,-203.03,6.0,93.0,3446.33,0.6,0.05563441260933424,25,10,3649.36,Champions,662,364.936,12143221.17899999,72.91279871905184,960
14837.0,3460.32,9,3030,-14.5,3.0,8.0,3445.82,0.3333333333333333,0.004190363896980626,90,9,3460.32,Potential Loyalists,595,384.48,12146666.99899999,72.93348881242811,961
13734.0,6695.6900000000005,4,302,-3250.3500000000004,2.0,93.0,3445.34,0.5,0.4854391407009584,509,4,6695.6900000000005,At Risk,94,1673.9225,12150112.33899999,72.95417602369074,962
17924.0,3536.7000000000003,8,1268,-91.42,6.0,24.0,3445.28,0.75,0.02584895524076116,12,8,3536.7000000000003,Champions,403,442.0875,12153557.61899999,72.97486287468914,963
13536.0,3444.39,7,2126,0.0,0.0,0.0,3444.39,0.0,0.0,2,7,3444.39,Champions,74,492.0557142857143,12157002.00899999,72.99554438176852,964
13849.0,3469.3,5,1883,-25.5,1.0,2.0,3443.8,0.2,0.007350185916467298,52,5,3469.3,Champions,573,693.86,12160445.808999991,73.01622234624988,965
16208.0,3440.4500000000003,10,1541,0.0,0.0,0.0,3440.4500000000003,0.0,0.0,45,10,3440.4500000000003,Champions,609,344.045,12163886.25899999,73.0368801959798,966
16395.0,3518.41,14,2901,-78.9,3.0,20.0,3439.5099999999998,0.21428571428571427,0.02242490215750865,61,14,3518.41,Potential Loyalists,673,251.315,12167325.76899999,73.0575324015705,967
15827.0,3794.07,28,1824,-363.11,14.0,75.0,3430.96,0.5,0.09570461272459391,74,28,3794.07,Potential Loyalists,627,135.5025,12170756.728999991,73.07813326951202,968
15974.0,3442.15,7,2262,-12.6,1.0,6.0,3429.55,0.14285714285714285,0.0036605028833723106,40,7,3442.15,Champions,249,491.7357142857143,12174186.278999992,73.09872567124472,969
17913.0,3429.29,14,1725,0.0,0.0,0.0,3429.29,0.0,0.0,59,14,3429.29,Champions,678,244.9492857142857,12177615.56899999,73.11931651183252,970
12377.0,3426.32,4,2105,0.0,0.0,0.0,3426.32,0.0,0.0,316,4,3426.32,At Risk,274,856.58,12181041.888999991,73.13988951934218,971
17597.0,3484.09,5,2215,-58.8,2.0,10.0,3425.29,0.4,0.016876716732346177,214,5,3484.09,At Risk High Value,370,696.818,12184467.17899999,73.16045634231632,972
17876.0,3424.02,3,1958,0.0,0.0,0.0,3424.02,0.0,0.0,400,3,3424.02,At Risk,276,1141.34,12187891.19899999,73.18101553969812,973
13313.0,3445.32,12,2308,-22.05,3.0,9.0,3423.27,0.25,0.006399986068057539,23,12,3445.32,Champions,715,287.11,12191314.46899999,73.20157023377737,974
15380.0,3479.06,11,1032,-56.86000000000001,2.0,18.0,3422.2,0.18181818181818182,0.016343495082004913,9,11,3479.06,Champions,730,316.2781818181818,12194736.668999989,73.22211850314496,975
12609.0,3435.86,9,1553,-18.0,1.0,1.0,3417.86,0.1111111111111111,0.005238863050298906,79,9,3435.86,Potential Loyalists,641,381.7622222222223,12198154.528999988,73.24264071340173,976
16281.0,3424.02,3,1570,-7.5,1.0,2.0,3416.52,0.3333333333333333,0.002190407766309776,73,3,3424.02,Potential Loyalists,610,1141.34,12201571.048999988,73.26315487775791,977
15222.0,3550.91,11,4458,-135.25,6.0,317.0,3415.66,0.5454545454545454,0.038088827934247844,319,11,3550.91,At Risk High Value,405,322.81,12204986.708999988,73.28366387832718,978
16347.0,3442.96,11,1715,-27.4,2.0,6.0,3415.56,0.18181818181818182,0.007958268466668215,12,11,3442.96,Champions,626,312.99636363636364,12208402.268999988,73.3041722784561,979
14673.0,3410.81,7,2035,0.0,0.0,0.0,3410.81,0.0,0.0,4,7,3410.81,Champions,406,487.2585714285714,12211813.078999989,73.3246521576688,980
13437.0,3408.06,7,1283,0.0,0.0,0.0,3408.06,0.0,0.0,15,7,3408.06,Champions,176,486.8657142857143,12215221.13899999,73.3451155247721,981
14215.0,3416.33,9,2285,-11.8,1.0,4.0,3404.5299999999997,0.1111111111111111,0.00345399888184104,12,9,3416.33,Champions,720,379.59222222222223,12218625.668999989,73.36555769633134,982
15114.0,3400.12,12,3532,0.0,0.0,0.0,3400.12,0.0,0.0,31,12,3400.12,Champions,391,283.3433333333333,12222025.788999988,73.38597338847151,983
15059.0,3491.2,19,1599,-95.95,8.0,19.0,3395.25,0.42105263157894735,0.02748338680109991,41,19,3491.2,Champions,693,183.7473684210526,12225421.038999988,73.40635983916707,984
16271.0,3397.82,10,2359,-5.95,1.0,1.0,3391.8700000000003,0.1,0.0017511227787228281,3,10,3397.82,Champions,640,339.78200000000004,12228812.908999987,73.42672599497907,985
15356.0,3382.69,13,1967,0.0,0.0,0.0,3382.69,0.0,0.0,32,13,3382.69,Champions,391,260.2069230769231,12232195.598999986,73.44703703036772,986
17723.0,3378.4000000000005,7,912,0.0,0.0,0.0,3378.4000000000005,0.0,0.0,128,7,3378.4000000000005,Potential Loyalists,248,482.6285714285715,12235573.998999987,73.46732230686573,987
13135.0,3371.45,2,4423,0.0,0.0,0.0,3371.45,0.0,0.0,197,2,3371.45,Hibernating,295,1685.725,12238945.448999986,73.48756585276,988
17725.0,3439.08,11,2162,-67.95,3.0,21.0,3371.13,0.2727272727272727,0.019758191144143202,17,11,3439.08,Champions,251,312.64363636363635,12242316.578999987,73.50780747724517,989
13707.0,3365.86,5,2210,0.0,0.0,0.0,3365.86,0.0,0.0,268,5,3365.86,At Risk High Value,269,673.172,12245682.438999986,73.52801745852435,990
13285.0,3364.59,6,2457,0.0,0.0,0.0,3364.59,0.0,0.0,24,6,3364.59,Champions,601,560.765,12249047.028999986,73.5482198142112,991
13425.0,3390.4300000000003,5,2358,-27.7,3.0,6.0,3362.7300000000005,0.6,0.00817005512575101,109,5,3390.4300000000003,Potential Loyalists,471,678.086,12252409.758999987,73.56841100170767,992
13823.0,3403.4500000000003,7,1564,-44.9,1.0,4.0,3358.55,0.14285714285714285,0.013192495849799467,19,7,3403.4500000000003,Champions,706,486.2071428571429,12255768.308999987,73.58857709079788,993
12619.0,3781.38,10,3518,-426.43,4.0,24.0,3354.9500000000003,0.4,0.11277099894747421,17,10,3781.38,Champions,544,378.138,12259123.258999987,73.6087215640358,994
15058.0,3387.58,16,1645,-32.849999999999994,1.0,3.0,3354.73,0.0625,0.009697187963088693,26,16,3387.58,Champions,628,211.72375,12262477.988999987,73.62886471630497,995
16360.0,3450.41,6,2110,-100.84,2.0,16.0,3349.5699999999997,0.3333333333333333,0.029225512330418705,5,6,3450.41,Champions,84,575.0683333333333,12265827.558999987,73.64897688585252,996
13577.0,3489.28,11,1661,-142.66,3.0,49.0,3346.6200000000003,0.2727272727272727,0.04088522560528246,26,11,3489.28,Champions,700,317.2072727272728,12269174.178999986,73.66907134240999,997
15265.0,3345.64,4,1570,0.0,0.0,0.0,3345.64,0.0,0.0,152,4,3345.64,Potential Loyalists,587,836.41,12272519.818999987,73.68915991465211,998
14882.0,3546.65,14,1614,-201.60000000000002,1.0,192.0,3345.05,0.07142857142857142,0.056842372379569454,27,14,3546.65,Champions,593,253.33214285714288,12275864.868999988,73.70924494429623,999
12838.0,3366.7,10,1834,-22.450000000000003,2.0,7.0,3344.25,0.2,0.006668250809397928,34,10,3366.7,Champions,559,336.67,12279209.118999988,73.72932517041761,1000
17422.0,3594.76,11,3538,-253.11,9.0,163.0,3341.65,0.8181818181818182,0.0704108201938377,17,11,3594.76,Champions,518,326.79636363636365,12282550.768999988,73.7493897850901,1001
15113.0,3509.43,3,2344,-169.92000000000002,1.0,24.0,3339.5099999999998,0.3333333333333333,0.04841811918174747,10,3,3509.43,Loyal Customers,45,1169.81,12285890.278999988,73.76944155033928,1002
14776.0,3708.2999999999997,15,4658,-369.28,4.0,454.0,3339.0199999999995,0.26666666666666666,0.09958201871477497,52,15,3708.3,Champions,395,247.22,12289229.298999988,73.7894903734308,1003
13848.0,3335.0,8,10200,0.0,0.0,0.0,3335.0,0.0,0.0,93,8,3335.0,Potential Loyalists,638,416.875,12292564.298999988,73.80951505882058,1004
14344.0,3333.7000000000003,20,1669,0.0,0.0,0.0,3333.7000000000003,0.0,0.0,128,20,3333.7000000000003,Potential Loyalists,499,166.685,12295897.998999987,73.82953193848591,1005
15676.0,3435.76,3,2252,-111.67,2.0,21.0,3324.09,0.6666666666666666,0.03250227024006333,19,3,3435.76,Loyal Customers,265,1145.253333333333,12299222.088999987,73.84949111583444,1006
13929.0,3494.1,11,1566,-176.0,3.0,16.0,3318.1,0.2727272727272727,0.05037062476746516,170,11,3494.1,Potential Loyalists,525,317.6454545454545,12302540.188999986,73.8694143268065,1007
16818.0,3349.57,11,2164,-31.599999999999998,2.0,2.0,3317.9700000000003,0.18181818181818182,0.009434046758240609,11,11,3349.57,Champions,195,304.50636363636363,12305858.158999987,73.88933675720614,1008
14898.0,3464.45,14,2225,-150.95,4.0,25.0,3313.5,0.2857142857142857,0.04357112961653365,24,14,3464.45,Champions,713,247.46071428571423,12309171.658999987,73.9092323479225,1009
15065.0,3326.86,5,1446,-22.15,2.0,28.0,3304.71,0.4,0.006657929699476382,38,5,3326.86,Champions,373,665.3720000000001,12312476.368999988,73.92907515993284,1010
12865.0,3323.4700000000003,4,1973,-20.16,1.0,48.0,3303.3100000000004,0.25,0.006065949143515662,27,4,3323.4700000000003,Loyal Customers,450,830.8675000000001,12315779.678999988,73.9489095657784,1011
16365.0,3307.2,15,1135,-10.4,1.0,16.0,3296.7999999999997,0.06666666666666667,0.0031446540880503146,18,15,3307.2,Champions,711,220.48,12319076.47899999,73.96870488295771,1012
13031.0,3292.84,5,2309,0.0,0.0,0.0,3292.84,0.0,0.0,408,5,3292.84,At Risk High Value,147,658.568,12322369.318999989,73.9884764226995,1013
13979.0,3379.93,7,2270,-89.4,4.0,18.0,3290.5299999999997,0.5714285714285714,0.026450251928294376,74,7,3379.93,Potential Loyalists,663,482.8471428571429,12325659.848999988,74.00823409226942,1014
12424.0,3340.0299999999997,4,2025,-50.25,3.0,10.0,3289.7799999999997,0.75,0.015044775046930718,163,4,3340.03,Potential Loyalists,386,835.0074999999999,12328949.628999988,74.02798725853677,1015
13431.0,3316.2400000000002,8,1570,-27.0,1.0,4.0,3289.2400000000002,0.125,0.008141750898608061,68,8,3316.24,Potential Loyalists,592,414.53,12332238.868999988,74.04773718242626,1016
17768.0,3292.73,7,2339,-4.95,1.0,1.0,3287.78,0.14285714285714285,0.001503311841541821,9,7,3292.73,Champions,729,470.39,12335526.648999987,74.06747833988678,1017
17183.0,3347.31,6,1296,-60.4,2.0,32.0,3286.91,0.3333333333333333,0.018044340082036023,8,6,3347.31,Champions,98,557.885,12338813.558999987,74.08721427351632,1018
14161.0,3280.08,7,1608,0.0,0.0,0.0,3280.08,0.0,0.0,216,7,3280.08,At Risk High Value,511,468.5828571428571,12342093.638999987,74.10690919707055,1019
13131.0,3313.77,7,1523,-34.0,1.0,4.0,3279.77,0.14285714285714285,0.01026021721483386,24,7,3313.77,Champions,645,473.3957142857143,12345373.408999987,74.12660225925971,1020
16351.0,3330.03,13,2165,-50.9,5.0,44.0,3279.13,0.38461538461538464,0.01528514758125302,333,13,3330.03,At Risk High Value,403,256.15615384615387,12348652.538999988,74.14629147863069,1021
14608.0,3352.94,11,927,-79.5,1.0,10.0,3273.44,0.09090909090909091,0.02371053463527531,5,11,3352.94,Champions,729,304.8127272727273,12351925.978999987,74.16594653294622,1022
13824.0,3314.76,12,1442,-41.4,2.0,8.0,3273.36,0.16666666666666666,0.012489592006661115,33,12,3314.76,Champions,605,276.23,12355199.338999987,74.18560110690949,1023
15978.0,3279.42,3,2444,-6.8,2.0,4.0,3272.62,0.6666666666666666,0.0020735373938074414,78,3,3279.42,Potential Loyalists,567,1093.14,12358471.958999986,74.20525123761423,1024
17931.0,3402.2400000000002,14,1919,-131.32999999999998,4.0,117.0,3270.9100000000003,0.2857142857142857,0.038601039315274636,135,14,3402.24,Potential Loyalists,527,243.0171428571429,12361742.868999986,74.22489110078914,1025
13291.0,3270.79,11,1600,0.0,0.0,0.0,3270.79,0.0,0.0,156,11,3270.79,Potential Loyalists,511,297.3445454545454,12365013.658999985,74.24453024343562,1026
13214.0,3264.23,7,2966,0.0,0.0,0.0,3264.23,0.0,0.0,418,7,3264.23,At Risk High Value,229,466.3185714285714,12368277.888999986,74.26412999719571,1027
18188.0,3280.59,6,1888,-17.4,2.0,4.0,3263.19,0.3333333333333333,0.005303923989282415,16,6,3280.59,Champions,608,546.765,12371541.078999985,74.28372350637625,1028
13611.0,3297.9300000000003,10,1988,-38.5,4.0,13.0,3259.4300000000003,0.4,0.011673989441862015,90,10,3297.9300000000003,Potential Loyalists,647,329.793,12374800.508999985,74.30329443899993,1029
16612.0,3245.4300000000003,9,1419,-1.95,1.0,1.0,3243.4800000000005,0.1111111111111111,0.000600844880339431,33,9,3245.4300000000003,Champions,704,360.60333333333335,12378043.988999985,74.32276960138915,1030
13246.0,3351.75,11,2796,-109.75,3.0,71.0,3242.0,0.2727272727272727,0.032744088908778994,19,11,3351.75,Champions,507,304.70454545454544,12381285.988999985,74.34223587726133,1031
15140.0,3243.69,8,2010,-4.25,1.0,5.0,3239.44,0.125,0.0013102361816326469,53,8,3243.69,Champions,390,405.46125,12384525.428999985,74.36168678186075,1032
15916.0,3377.69,13,1683,-149.5,4.0,20.0,3228.19,0.3076923076923077,0.04426101862515506,17,13,3377.69,Champions,713,259.8223076923077,12387753.618999984,74.38107013692175,1033
17307.0,3999.8900000000003,11,3667,-774.22,4.0,578.0,3225.67,0.36363636363636365,0.19356032290887998,396,11,3999.89,At Risk High Value,294,363.6263636363637,12390979.288999984,74.40043836088614,1034
14506.0,3217.25,7,1042,0.0,0.0,0.0,3217.25,0.0,0.0,18,7,3217.25,Champions,582,459.6071428571428,12394196.538999984,74.41975602777379,1035
14669.0,3216.78,7,2043,0.0,0.0,0.0,3216.78,0.0,0.0,242,7,3216.78,At Risk High Value,496,459.54,12397413.318999983,74.43907087259181,1036
15373.0,3418.84,17,768,-202.79999999999998,1.0,24.0,3216.04,0.058823529411764705,0.059318365293491354,9,17,3418.84,Champions,578,201.1082352941177,12400629.358999982,74.45838127415132,1037
14451.0,3258.68,12,1737,-43.18,6.0,34.0,3215.5,0.5,0.013250764113076461,61,12,3258.68,Potential Loyalists,631,271.5566666666667,12403844.858999982,74.47768843333299,1038
14217.0,3416.89,23,1256,-210.01999999999998,10.0,24.0,3206.87,0.43478260869565216,0.061465250564109467,2,23,3416.89,Champions,526,148.5604347826087,12407051.728999982,74.49694377451318,1039
16107.0,3204.1600000000003,7,1176,0.0,0.0,0.0,3204.1600000000003,0.0,0.0,18,7,3204.1600000000003,Champions,166,457.7371428571429,12410255.888999982,74.51618284376012,1040
15625.0,3236.4,9,3020,-33.15,5.0,27.0,3203.25,0.5555555555555556,0.010242862439747867,104,9,3236.4,Potential Loyalists,439,359.6,12413459.138999982,74.53541644899994,1041
16057.0,3854.85,10,1691,-652.78,7.0,259.0,3202.0699999999997,0.7,0.16933992243537363,17,10,3854.85,Champions,685,385.485,12416661.208999982,74.55464296904374,1042
13868.0,3192.54,2,1964,0.0,0.0,0.0,3192.54,0.0,0.0,8,2,3192.54,New / Promising,31,1596.27,12419853.748999981,74.57381226712299,1043
16045.0,3434.93,8,2108,-247.9,1.0,166.0,3187.0299999999997,0.125,0.07217032079256347,120,8,3434.93,Potential Loyalists,379,429.36625,12423040.77899998,74.59294848093941,1044
14533.0,3466.37,11,6038,-281.25,4.0,1255.0,3185.12,0.36363636363636365,0.0811367511258175,25,11,3466.37,Champions,586,315.12454545454545,12426225.89899998,74.61207322634532,1045
15057.0,3255.96,5,1394,-71.4,1.0,12.0,3184.56,0.2,0.021929016326981906,276,5,3255.96,At Risk High Value,459,651.192,12429410.45899998,74.63119460928532,1046
16515.0,3179.06,10,1573,0.0,0.0,0.0,3179.06,0.0,0.0,53,10,3179.06,Champions,488,317.906,12432589.51899998,74.65028296800654,1047
17228.0,3175.98,13,2565,0.0,0.0,0.0,3175.98,0.0,0.0,16,13,3175.98,Champions,622,244.30615384615385,12435765.498999981,74.66935283316523,1048
14028.0,10396.5,3,7170,-7221.0,2.0,2491.0,3175.5,0.6666666666666666,0.694560669456067,551,3,10396.5,At Risk,0,3465.5,12438940.998999981,74.68841981621028,1049
14293.0,3267.9300000000003,9,1730,-93.6,1.0,144.0,3174.3300000000004,0.1111111111111111,0.028641984375430314,4,9,3267.9300000000003,Champions,726,363.10333333333335,12442115.328999981,74.70747977410335,1050
16059.0,3171.82,12,1482,0.0,0.0,0.0,3171.82,0.0,0.0,66,12,3171.82,Potential Loyalists,504,264.3183333333333,12445287.148999982,74.72652466094384,1051
14315.0,3197.82,8,1344,-29.099999999999998,2.0,12.0,3168.7200000000003,0.25,0.009099949340488207,45,8,3197.82,Champions,590,399.7275,12448455.868999982,74.74555093413375,1052
16837.0,3170.98,11,1563,-3.25,1.0,1.0,3167.73,0.09090909090909091,0.0010249197409002895,32,11,3170.98,Champions,214,288.2709090909091,12451623.598999983,74.76457126296427,1053
16101.0,3229.16,4,1844,-61.74,3.0,21.0,3167.42,0.75,0.019119523343532067,71,4,3229.16,Potential Loyalists,491,807.29,12454791.018999983,74.78358973042972,1054
17679.0,3577.61,7,1755,-411.05,4.0,341.0,3166.56,0.5714285714285714,0.11489513949256626,53,7,3577.61,Champions,684,511.0871428571429,12457957.578999983,74.80260303410824,1055
16041.0,3166.4,3,1584,0.0,0.0,0.0,3166.4,0.0,0.0,31,3,3166.4,Loyal Customers,111,1055.4666666666667,12461123.978999984,74.82161537708222,1056
12951.0,3213.7200000000003,15,1662,-49.3,5.0,12.0,3164.42,0.3333333333333333,0.015340477701853301,9,15,3213.7200000000003,Champions,690,214.248,12464288.398999983,74.84061583133744,1057
13804.0,3161.12,9,1797,0.0,0.0,0.0,3161.12,0.0,0.0,31,9,3161.12,Champions,406,351.23555555555555,12467449.518999983,74.85959647106138,1058
14285.0,3284.42,8,954,-125.78,1.0,1.0,3158.64,0.125,0.03829595484134185,22,8,3284.42,Champions,710,410.5525,12470608.158999983,74.87856221986486,1059
12976.0,3156.38,8,2684,0.0,0.0,0.0,3156.38,0.0,0.0,212,8,3156.38,At Risk High Value,454,394.5475,12473764.538999984,74.89751439871662,1060
17353.0,3242.0,4,2168,-86.45,3.0,32.0,3155.55,0.75,0.026665638494756325,130,4,3242.0,Potential Loyalists,495,810.5,12476920.088999985,74.91646159391354,1061
12456.0,3181.04,3,1633,-27.15,1.0,17.0,3153.89,0.3333333333333333,0.008534944546437643,45,3,3181.04,Loyal Customers,210,1060.3466666666666,12480073.978999985,74.9353988218008,1062
15632.0,3285.31,8,2109,-138.0,2.0,60.0,3147.31,0.25,0.042005168462032505,16,8,3285.31,Champions,259,410.66375,12483221.288999986,74.95429654071359,1063
14306.0,3151.4,6,2065,-9.9,1.0,2.0,3141.5,0.16666666666666666,0.0031414609379958112,52,6,3151.4,Champions,626,525.2333333333333,12486362.788999986,74.97315937404252,1064
15095.0,3141.64,10,2233,-5.9,1.0,2.0,3135.74,0.1,0.0018780000254644074,104,10,3141.64,Potential Loyalists,584,314.164,12489498.528999986,74.9919876220078,1065
17354.0,3133.96,4,2531,0.0,0.0,0.0,3133.96,0.0,0.0,51,4,3133.96,Champions,378,783.49,12492632.488999987,75.01080518213499,1066
16918.0,3206.54,16,2066,-75.23,3.0,20.0,3131.31,0.1875,0.02346142571120273,50,16,3206.54,Champions,687,200.40875,12495763.798999988,75.02960683059312,1067
13268.0,3174.75,11,3624,-47.050000000000004,4.0,23.0,3127.7,0.36363636363636365,0.014820064572013545,18,11,3174.75,Champions,250,288.6136363636364,12498891.498999987,75.04838680315493,1068
15199.0,3122.4,10,894,0.0,0.0,0.0,3122.4,0.0,0.0,60,10,3122.4,Potential Loyalists,516,312.24,12502013.898999987,75.06713495237864,1069
13685.0,3119.44,7,5056,0.0,0.0,0.0,3119.44,0.0,0.0,3,7,3119.44,Champions,58,445.63428571428574,12505133.338999987,75.08586532856822,1070
13052.0,3119.33,7,1424,0.0,0.0,0.0,3119.33,0.0,0.0,213,7,3119.33,At Risk High Value,442,445.6185714285714,12508252.668999987,75.10459504427345,1071
14963.0,3123.57,12,2287,-5.85,1.0,3.0,3117.7200000000003,0.08333333333333333,0.0018728570193720644,10,12,3123.57,Champions,516,260.2975,12511370.388999987,75.12331509288917,1072
17640.0,3168.94,6,1692,-61.35,2.0,21.0,3107.59,0.3333333333333333,0.019359785922106444,87,6,3168.94,Potential Loyalists,540,528.1566666666666,12514477.978999987,75.14197431689831,1073
14507.0,3216.7400000000002,11,1491,-111.94,3.0,43.0,3104.8,0.2727272727272727,0.03479920665021108,24,11,3216.74,Champions,706,292.4309090909091,12517582.778999988,75.16061678862191,1074
13538.0,3103.13,12,959,0.0,0.0,0.0,3103.13,0.0,0.0,44,12,3103.13,Champions,632,258.5941666666667,12520685.908999989,75.17924923299181,1075
14897.0,3140.54,8,1162,-39.8,1.0,4.0,3100.74,0.125,0.01267297980602062,8,8,3140.54,Champions,717,392.5675,12523786.648999989,75.19786732683754,1076
13650.0,3288.0,10,1746,-189.5,6.0,72.0,3098.5,0.6,0.0576338199513382,17,10,3288.0,Champions,666,328.8,12526885.148999989,75.21647197081963,1077
12937.0,3097.61,9,1983,0.0,0.0,0.0,3097.61,0.0,0.0,16,9,3097.61,Champions,721,344.1788888888889,12529982.758999988,75.23507127088267,1078
15105.0,3094.91,9,1747,0.0,0.0,0.0,3094.91,0.0,0.0,19,9,3094.91,Champions,608,343.87888888888887,12533077.668999989,75.25365435905648,1079
12589.0,4695.66,8,1764,-1601.49,3.0,395.0,3094.17,0.375,0.3410574871264104,29,8,4695.66,Champions,661,586.9575,12536171.838999989,75.27223300397178,1080
13397.0,3191.87,10,1336,-97.75999999999999,3.0,9.0,3094.1099999999997,0.3,0.030627813789408716,73,10,3191.87,Potential Loyalists,616,319.187,12539265.948999988,75.29081128862288,1081
17530.0,3092.33,12,1935,-0.95,1.0,1.0,3091.38,0.08333333333333333,0.0003072117141443507,2,12,3092.33,Champions,732,257.69416666666666,12542357.328999989,75.30937318125264,1082
15491.0,3100.09,6,1646,-9.24,1.0,22.0,3090.8500000000004,0.16666666666666666,0.002980558628943031,96,6,3100.09,Potential Loyalists,140,516.6816666666667,12545448.178999988,75.32793189154859,1083
14312.0,3090.29,11,1904,0.0,0.0,0.0,3090.29,0.0,0.0,47,11,3090.29,Champions,458,280.93545454545455,12548538.468999987,75.34648723937863,1084
15353.0,3106.12,7,1522,-21.9,1.0,2.0,3084.22,0.14285714285714285,0.0070505968861473475,255,7,3106.12,At Risk High Value,483,443.7314285714286,12551622.688999988,75.36500614047995,1085
13464.0,3097.64,6,1440,-13.75,1.0,11.0,3083.89,0.16666666666666666,0.004438863134515309,59,6,3097.64,Champions,560,516.2733333333333,12554706.578999989,75.38352306012814,1086
13772.0,3100.02,8,1446,-19.5,1.0,22.0,3080.52,0.125,0.006290281998180657,34,8,3100.02,Champions,621,387.5025,12557787.098999988,75.40201974493681,1087
13742.0,3107.87,12,1115,-28.599999999999998,2.0,8.0,3079.27,0.16666666666666666,0.00920244411767545,17,12,3107.87,Champions,304,258.9891666666667,12560866.368999988,75.42050892424122,1088
16584.0,3156.17,5,1913,-78.2,2.0,28.0,3077.9700000000003,0.4,0.024776865631445707,81,5,3156.17,Potential Loyalists,581,631.234,12563944.338999989,75.43899029782119,1089
14978.0,3112.19,10,736,-35.8,2.0,4.0,3076.39,0.2,0.011503153727760836,73,10,3112.19,Potential Loyalists,518,311.219,12567020.72899999,75.45746218444377,1090
14700.0,3076.06,5,1606,0.0,0.0,0.0,3076.06,0.0,0.0,33,5,3076.06,Champions,453,615.212,12570096.78899999,75.47593208961322,1091
17870.0,3079.69,13,1827,-4.95,1.0,1.0,3074.7400000000002,0.07692307692307693,0.0016073046313102943,3,13,3079.69,Champions,379,236.8992307692308,12573171.52899999,75.49439406897015,1092
17929.0,3082.1,12,434,-8.5,1.0,1.0,3073.6,0.08333333333333333,0.0027578599007170436,12,12,3082.1,Champions,719,256.84166666666664,12576245.12899999,75.5128492033072,1093
12469.0,3070.54,2,2552,0.0,0.0,0.0,3070.54,0.0,0.0,523,2,3070.54,Hibernating,14,1535.27,12579315.668999989,75.53128596416978,1094
17147.0,3199.95,9,1308,-130.8,7.0,13.0,3069.1499999999996,0.7777777777777778,0.04087563868185441,23,9,3199.95,Champions,675,355.54999999999995,12582384.818999989,75.54971437891163,1095
12511.0,3084.02,1,1753,-18.25,1.0,5.0,3065.77,1.0,0.005917601053170862,429,1,3084.02,Hibernating,0,3084.02,12585450.588999989,75.56812249876992,1096
14044.0,3077.7,10,2100,-16.95,1.0,1.0,3060.75,0.1,0.0055073593917535826,27,10,3077.7,Champions,658,307.77,12588511.338999989,75.58650047652309,1097
16400.0,3059.85,9,2066,0.0,0.0,0.0,3059.85,0.0,0.0,95,9,3059.85,Potential Loyalists,637,339.9833333333333,12591571.188999988,75.60487305031317,1098
13196.0,3068.84,7,2006,-9.2,1.0,2.0,3059.6400000000003,0.14285714285714285,0.00299787541872499,12,7,3068.84,Champions,606,438.4057142857143,12594630.828999989,75.62324436317854,1099
16007.0,3053.06,7,2631,0.0,0.0,0.0,3053.06,0.0,0.0,48,7,3053.06,Champions,496,436.1514285714285,12597683.88899999,75.64157616706943,1100
12849.0,3042.4700000000003,6,1855,0.0,0.0,0.0,3042.4700000000003,0.0,0.0,32,6,3042.4700000000003,Champions,560,507.0783333333334,12600726.35899999,75.65984438432817,1101
17552.0,3085.29,12,2095,-46.09,4.0,23.0,3039.2,0.3333333333333333,0.0149386281354427,61,12,3085.29,Potential Loyalists,567,257.1075,12603765.55899999,75.67809296718772,1102
15538.0,3358.4,6,1016,-322.3,5.0,27.0,3036.1,0.8333333333333334,0.09596831824678419,538,6,3358.4,At Risk High Value,126,559.7333333333333,12606801.658999989,75.6963229363967,1103
12909.0,3103.19,8,1948,-68.42,5.0,16.0,3034.77,0.625,0.022048279351248232,40,8,3103.19,Champions,614,387.89875,12609836.428999988,75.71454491974913,1104
15823.0,3897.17,3,1775,-863.31,3.0,288.0,3033.86,1.0,0.2215222841189889,373,3,3897.17,At Risk,359,1299.0566666666666,12612870.288999988,75.73276143909445,1105
13647.0,3041.68,8,1795,-7.9,1.0,1.0,3033.7799999999997,0.125,0.0025972488887719947,10,8,3041.68,Champions,594,380.21,12615904.068999987,75.75097747808749,1106
15241.0,3050.16,11,3328,-17.85,1.0,3.0,3032.31,0.09090909090909091,0.005852152018254781,67,11,3050.16,Potential Loyalists,588,277.2872727272727,12618936.378999988,75.76918469060752,1107
13077.0,3054.37,11,2771,-24.5,3.0,61.0,3029.87,0.2727272727272727,0.00802129408028497,2,11,3054.37,Champions,727,277.67,12621966.248999987,75.78737725238321,1108
17621.0,3175.12,6,1110,-145.8,2.0,16.0,3029.3199999999997,0.3333333333333333,0.04591952430144373,22,6,3175.12,Champions,410,529.1866666666666,12624995.568999987,75.80556651173703,1109
15596.0,3130.04,9,1376,-106.45,7.0,23.0,3023.59,0.7777777777777778,0.03400915004281096,101,9,3130.04,Potential Loyalists,399,347.78222222222223,12628019.158999987,75.82372136585927,1110
13631.0,3070.42,11,467,-48.65,1.0,7.0,3021.77,0.09090909090909091,0.01584473785345327,100,11,3070.42,Potential Loyalists,168,279.1290909090909,12631040.928999986,75.84186529196731,1111
16933.0,3099.3,9,1533,-81.65,7.0,21.0,3017.65,0.7777777777777778,0.026344658471267705,2,9,3099.3,Champions,729,344.3666666666667,12634058.578999987,75.85998447993327,1112
13692.0,3114.4,5,2101,-97.95,3.0,12.0,3016.4500000000003,0.6,0.031450680708964805,25,5,3114.4,Champions,396,622.88,12637075.028999986,75.87809646261513,1113
15716.0,3014.66,11,1808,0.0,0.0,0.0,3014.66,0.0,0.0,146,11,3014.66,Potential Loyalists,587,274.06,12640089.688999986,75.89619769741488,1114
17145.0,3120.91,4,2591,-106.27,3.0,28.0,3014.64,0.75,0.03405096590417538,513,4,3120.91,At Risk High Value,146,780.2275,12643104.328999987,75.91429881212657,1115
16678.0,3109.99,12,2397,-96.16,5.0,29.0,3013.83,0.4166666666666667,0.03091971356821083,3,12,3109.99,Champions,280,259.1658333333333,12646118.158999987,75.93239506327149,1116
16560.0,3048.38,8,1603,-37.65,2.0,7.0,3010.73,0.25,0.012350822404030992,27,8,3048.38,Champions,705,381.0475,12649128.888999987,75.95047270076581,1117
15614.0,3147.36,4,1632,-138.5,3.0,26.0,3008.86,0.75,0.04400513446189822,438,4,3147.36,At Risk,189,786.84,12652137.748999987,75.96853911002574,1118
14456.0,3017.28,9,2885,-14.77,5.0,7.0,3002.51,0.5555555555555556,0.0048951373422420185,6,9,3017.28,Champions,137,335.25333333333333,12655140.258999987,75.986567391324,1119
15754.0,3037.61,9,1762,-35.75,3.0,7.0,3001.86,0.3333333333333333,0.011769121118247568,52,9,3037.61,Champions,604,337.51222222222225,12658142.118999986,76.00459176976003,1120
14038.0,3069.88,5,1708,-68.94999999999999,3.0,11.0,3000.9300000000003,0.6,0.02246016130923684,79,5,3069.88,Potential Loyalists,595,613.976,12661143.048999986,76.02261056410089,1121
12374.0,2989.2200000000003,4,1362,0.0,0.0,0.0,2989.2200000000003,0.0,0.0,26,4,2989.2200000000003,Loyal Customers,563,747.3050000000001,12664132.268999986,76.04055904687776,1122
17090.0,3080.1800000000003,13,1344,-93.53999999999999,2.0,25.0,2986.6400000000003,0.15384615384615385,0.03036835509613074,5,13,3080.1800000000003,Champions,504,236.9369230769231,12667118.908999987,76.05849203829382,1123
15687.0,2993.1,9,1310,-11.6,2.0,2.0,2981.5,0.2222222222222222,0.003875580501820855,9,9,2993.1,Champions,322,332.56666666666666,12670100.408999987,76.07639416707632,1124
13557.0,3032.26,13,2398,-52.18000000000001,3.0,38.0,2980.0800000000004,0.23076923076923078,0.01720828688832752,29,13,3032.26,Champions,703,233.25076923076924,12673080.488999987,76.09428776960597,1125
16012.0,2978.59,5,1760,0.0,0.0,0.0,2978.59,0.0,0.0,36,5,2978.59,Champions,494,595.7180000000001,12676059.078999987,76.11217242557453,1126
17961.0,2994.29,100,1536,-16.45,2.0,3.0,2977.84,0.02,0.005493789846674838,22,100,2994.29,Champions,717,29.9429,12679036.918999987,76.13005257824054,1127
17884.0,3020.99,20,2984,-44.0,3.0,13.0,2976.99,0.15,0.014564761882694085,4,20,3020.99,Champions,732,151.0495,12682013.908999987,76.14792762716364,1128
15602.0,3230.51,16,2349,-254.54,9.0,156.0,2975.9700000000003,0.5625,0.07879251263732351,9,16,3230.51,Champions,729,201.906875,12684989.878999988,76.16579655159525,1129
12770.0,3246.45,2,1843,-270.5,5.0,72.0,2975.95,2.5,0.08332178225446257,211,2,3246.45,Hibernating,246,1623.225,12687965.828999987,76.1836653559388,1130
15027.0,3195.6,10,2782,-221.56,3.0,578.0,2974.04,0.3,0.06933283264488672,31,10,3195.6,Champions,594,319.56,12690939.868999986,76.20152269187182,1131
16775.0,3052.7400000000002,16,1019,-81.6,1.0,96.0,2971.1400000000003,0.0625,0.026730085103873893,11,16,3052.74,Champions,432,190.79625,12693911.008999987,76.21936261503494,1132
14064.0,3260.2400000000002,15,3911,-292.66999999999996,6.0,529.0,2967.57,0.4,0.08976946482467546,30,15,3260.24,Champions,658,217.34933333333336,12696878.578999987,76.23718110247786,1133
17692.0,2975.8,12,2338,-13.4,2.0,8.0,2962.4,0.16666666666666666,0.004502990792391962,128,12,2975.8,Potential Loyalists,413,247.98333333333332,12699840.978999987,76.25496854715514,1134
13485.0,3019.2200000000003,11,1798,-61.300000000000004,4.0,10.0,2957.92,0.36363636363636365,0.020303257132636907,234,11,3019.2200000000003,At Risk High Value,503,274.4745454545455,12702798.898999987,76.27272909210511,1135
18241.0,2986.9900000000002,21,1471,-32.9,2.0,6.0,2954.09,0.09523809523809523,0.011014432589329055,10,21,2986.99,Champions,608,142.23761904761906,12705752.988999987,76.29046664019,1136
16120.0,2967.51,6,2161,-15.0,1.0,12.0,2952.51,0.16666666666666666,0.0050547428652304455,60,6,2967.51,Potential Loyalists,363,494.585,12708705.498999987,76.30819470131749,1137
13253.0,2951.11,4,3015,0.0,0.0,0.0,2951.11,0.0,0.0,157,4,2951.11,Potential Loyalists,547,737.7775,12711656.608999986,76.3259143562802,1138
14226.0,2985.13,6,1714,-34.75,3.0,9.0,2950.38,0.5,0.011641034058818209,29,6,2985.13,Champions,413,497.5216666666667,12714606.988999987,76.34362962802842,1139
12754.0,3010.74,3,6481,-61.620000000000005,2.0,2.0,2949.12,0.6666666666666666,0.020466729109786967,236,3,3010.74,At Risk,73,1003.58,12717556.108999986,76.36133733422834,1140
13635.0,2999.16,4,1884,-50.94,2.0,15.0,2948.22,0.5,0.01698475573160485,68,4,2999.16,Potential Loyalists,671,749.79,12720504.328999987,76.37903963646518,1141
15967.0,2966.0,12,1183,-22.4,1.0,4.0,2943.6,0.08333333333333333,0.007552258934592043,24,12,2966.0,Champions,715,247.16666666666663,12723447.928999986,76.39671419835824,1142
15182.0,2998.952,11,1186,-56.2,3.0,12.0,2942.7520000000004,0.2727272727272727,0.018739879798009437,155,11,2998.952,Potential Loyalists,502,272.632,12726390.680999987,76.41438366851722,1143
12877.0,2942.14,20,2237,0.0,0.0,0.0,2942.14,0.0,0.0,4,20,2942.14,Champions,687,147.107,12729332.820999987,76.4320494639813,1144
15757.0,2940.36,6,1757,0.0,0.0,0.0,2940.36,0.0,0.0,66,6,2940.36,Potential Loyalists,482,490.06,12732273.180999987,76.44970457160728,1145
17444.0,2940.04,3,2119,0.0,0.0,0.0,2940.04,0.0,0.0,148,3,2940.04,Potential Loyalists,25,980.0133333333332,12735213.220999986,76.46735775782419,1146
14544.0,2938.53,3,2412,0.0,0.0,0.0,2938.53,0.0,0.0,25,3,2938.53,Loyal Customers,446,979.51,12738151.750999985,76.48500187739194,1147
15235.0,2937.81,16,1735,0.0,0.0,0.0,2937.81,0.0,0.0,218,16,2937.81,At Risk High Value,171,183.613125,12741089.560999986,76.50264167378923,1148
16416.0,2957.88,9,2198,-24.41,1.0,17.0,2933.4700000000003,0.1111111111111111,0.008252532219021731,27,9,2957.88,Champions,628,328.65333333333336,12744023.030999986,76.5202554110757,1149
12635.0,2930.41,4,1949,0.0,0.0,0.0,2930.41,0.0,0.0,90,4,2930.41,Potential Loyalists,367,732.6025,12746953.440999987,76.53785077488772,1150
12826.0,2955.75,12,1995,-27.06,3.0,6.0,2928.69,0.25,0.009155036792692209,3,12,2955.75,Champions,719,246.3125,12749882.130999986,76.55543581112586,1151
12906.0,2919.81,5,1749,0.0,0.0,0.0,2919.81,0.0,0.0,12,5,2919.81,Champions,67,583.962,12752801.940999987,76.57296752826169,1152
13764.0,2919.62,6,2084,0.0,0.0,0.0,2919.62,0.0,0.0,71,6,2919.62,Potential Loyalists,572,486.6033333333333,12755721.560999986,76.59049810456084,1153
16358.0,2919.65,5,2065,-2.55,1.0,1.0,2917.1,0.2,0.0008733923586731286,2,5,2919.65,Champions,393,583.9300000000001,12758638.660999985,76.6080135497634,1154
15312.0,2930.19,12,1693,-13.7,2.0,4.0,2916.4900000000002,0.16666666666666666,0.004675464730956013,76,12,2930.19,Potential Loyalists,648,244.1825,12761555.150999986,76.62552533227988,1155
15965.0,2928.13,13,1387,-13.75,1.0,5.0,2914.38,0.07692307692307693,0.004695829761656757,18,13,2928.13,Champions,719,225.24076923076925,12764469.530999986,76.64302444550515,1156
17702.0,3144.04,6,2153,-232.25,3.0,61.0,2911.79,0.5,0.0738699253190163,31,6,3144.04,Champions,370,524.0066666666667,12767381.320999986,76.66050800732556,1157
14524.0,2909.86,13,1169,0.0,0.0,0.0,2909.86,0.0,0.0,32,13,2909.86,Champions,385,223.8353846153846,12770291.180999985,76.67797998064741,1158
12438.0,2906.85,2,1180,0.0,0.0,0.0,2906.85,0.0,0.0,15,2,2906.85,New / Promising,126,1453.425,12773198.030999985,76.69543388071496,1159
16736.0,2956.56,5,1050,-52.05,3.0,11.0,2904.5099999999998,0.6,0.017604919230457018,506,5,2956.56,At Risk High Value,231,591.312,12776102.540999984,76.71287373047852,1160
17588.0,2939.55,7,1379,-37.9,2.0,12.0,2901.65,0.2857142857142857,0.012893129900835161,101,7,2939.55,Potential Loyalists,537,419.9357142857143,12779004.190999985,76.73029640764831,1161
14867.0,2952.06,16,996,-50.599999999999994,3.0,4.0,2901.46,0.1875,0.01714057302358353,186,16,2952.06,Potential Loyalists,549,184.50375,12781905.650999986,76.74771794398147,1162
16067.0,3269.11,3,1236,-369.1,3.0,70.0,2900.01,1.0,0.11290534732694832,563,3,3269.11,At Risk,113,1089.7033333333334,12784805.660999985,76.76513077392966,1163
13963.0,3011.87,17,2061,-112.25,1.0,7.0,2899.62,0.058823529411764705,0.0372692048461587,309,17,3011.87,At Risk High Value,289,177.16882352941175,12787705.280999985,76.78254126216052,1164
12854.0,2970.9700000000003,7,1630,-71.65,4.0,21.0,2899.32,0.5714285714285714,0.02411670262574176,79,7,2970.9700000000003,Potential Loyalists,650,424.42428571428576,12790604.600999985,76.79994994907035,1165
13784.0,2910.23,14,2827,-13.05,1.0,5.0,2897.18,0.07142857142857142,0.004484181662617732,10,14,2910.23,Champions,441,207.87357142857144,12793501.780999985,76.81734578655688,1166
13110.0,2957.4700000000003,12,763,-61.3,2.0,6.0,2896.17,0.16666666666666666,0.020727175592651824,32,12,2957.4700000000003,Champions,707,246.45583333333332,12796397.950999985,76.83473555959596,1167
17320.0,2895.77,6,1392,0.0,0.0,0.0,2895.77,0.0,0.0,101,6,2895.77,Potential Loyalists,587,482.6283333333333,12799293.720999984,76.85212293087366,1168
15392.0,2911.62,7,2144,-19.8,1.0,12.0,2891.8199999999997,0.14285714285714285,0.006800337956189339,5,7,2911.62,Champions,427,415.9457142857143,12802185.540999984,76.8694865847579,1169
17774.0,3273.83,9,1585,-382.35,4.0,4.0,2891.48,0.4444444444444444,0.116789814987339,97,9,3273.83,Potential Loyalists,573,363.75888888888886,12805077.020999985,76.88684819714496,1170
17242.0,2889.2799999999997,5,1459,0.0,0.0,0.0,2889.2799999999997,0.0,0.0,109,5,2889.28,Potential Loyalists,576,577.856,12807966.300999984,76.90419659984451,1171
14916.0,3042.95,8,2415,-154.73999999999998,3.0,36.0,2888.21,0.375,0.05085196930610098,71,8,3042.95,Potential Loyalists,547,380.36875,12810854.510999985,76.92153857783241,1172
14251.0,2879.7000000000003,5,1674,0.0,0.0,0.0,2879.7000000000003,0.0,0.0,2,5,2879.7000000000003,Champions,56,575.94,12813734.210999984,76.93882945834723,1173
12806.0,2878.96,4,2087,0.0,0.0,0.0,2878.96,0.0,0.0,436,4,2878.96,At Risk,153,719.74,12816613.170999985,76.95611589560355,1174
14621.0,3000.57,9,1706,-122.3,7.0,35.0,2878.27,0.7777777777777778,0.0407589224713971,2,9,3000.57,Champions,682,333.3966666666667,12819491.440999985,76.97339818982148,1175
16633.0,2883.1,6,1138,-4.95,1.0,1.0,2878.15,0.16666666666666666,0.0017169019458222053,18,6,2883.1,Champions,217,480.51666666666665,12822369.590999985,76.99067976351103,1176
18170.0,2878.0,9,1184,0.0,0.0,0.0,2878.0,0.0,0.0,34,9,2878.0,Champions,667,319.77777777777777,12825247.590999985,77.00796043654006,1177
14005.0,2874.72,5,2478,0.0,0.0,0.0,2874.72,0.0,0.0,10,5,2874.72,Champions,206,574.944,12828122.310999986,77.02522141512588,1178
14590.0,2993.37,20,901,-122.33,8.0,23.0,2871.04,0.4,0.0408669826984302,425,20,2993.37,At Risk High Value,308,149.6685,12830993.350999985,77.04246029750713,1179
15043.0,2870.3199999999997,6,1019,0.0,0.0,0.0,2870.3199999999997,0.0,0.0,32,6,2870.32,Champions,502,478.3866666666666,12833863.670999985,77.05969485671793,1180
15862.0,2866.52,13,1644,0.0,0.0,0.0,2866.52,0.0,0.0,9,13,2866.52,Champions,714,220.50153846153847,12836730.190999985,77.07690659919574,1181
14758.0,2864.9700000000003,7,840,0.0,0.0,0.0,2864.9700000000003,0.0,0.0,145,7,2864.9700000000003,Potential Loyalists,466,409.2814285714286,12839595.160999985,77.09410903484827,1182
16062.0,2863.45,8,2035,0.0,0.0,0.0,2863.45,0.0,0.0,10,8,2863.45,Champions,527,357.93125,12842458.610999985,77.1113023438076,1183
12685.0,2863.08,6,1523,0.0,0.0,0.0,2863.08,0.0,0.0,29,6,2863.08,Champions,65,477.18,12845321.690999985,77.12849343113767,1184
16086.0,2864.9900000000002,10,1526,-2.08,1.0,1.0,2862.9100000000003,0.1,0.0007260060244538375,60,10,2864.99,Potential Loyalists,678,286.499,12848184.600999985,77.14568349771916,1185
16467.0,2869.16,7,7384,-6.76,1.0,4.0,2862.3999999999996,0.14285714285714285,0.002356090284264384,509,7,2869.16,At Risk High Value,229,409.88,12851047.000999985,77.16287050205491,1186
13890.0,2927.38,14,1392,-68.65,8.0,27.0,2858.73,0.5714285714285714,0.023451003969419754,2,14,2927.38,Champions,732,209.09857142857143,12853905.730999986,77.18003547023012,1187
15611.0,2997.28,26,747,-138.91,6.0,25.0,2858.3700000000003,0.23076923076923078,0.046345353120162275,10,26,2997.28,Champions,674,115.28,12856764.100999985,77.19719827682012,1188
13728.0,2855.17,16,1269,0.0,0.0,0.0,2855.17,0.0,0.0,37,16,2855.17,Champions,694,178.448125,12859619.270999985,77.21434186931916,1189
14935.0,2849.83,2,1931,0.0,0.0,0.0,2849.83,0.0,0.0,298,2,2849.83,Hibernating,322,1424.915,12862469.100999985,77.23145339830398,1190
16755.0,2864.68,7,1985,-18.55,3.0,7.0,2846.1299999999997,0.42857142857142855,0.006475417847717721,115,7,2864.68,Potential Loyalists,616,409.24,12865315.230999986,77.24854271099618,1191
14875.0,2862.4,3,1332,-20.85,4.0,5.0,2841.55,1.3333333333333333,0.007284097261039687,108,3,2862.4,Potential Loyalists,334,954.1333333333332,12868156.780999986,77.26560452352072,1192
13501.0,2885.11,3,1253,-44.85,2.0,15.0,2840.26,0.6666666666666666,0.015545334493312213,289,3,2885.11,At Risk,282,961.7033333333334,12870997.040999986,77.28265859036483,1193
12473.0,3928.05,5,2414,-1090.32,4.0,76.0,2837.7300000000005,0.8,0.2775728414862336,30,5,3928.05,Champions,162,785.61,12873834.770999987,77.29969746606834,1194
16229.0,2867.86,6,1292,-32.5,1.0,6.0,2835.36,0.16666666666666666,0.011332491823171285,88,6,2867.86,Potential Loyalists,477,477.9766666666667,12876670.130999986,77.31672211133574,1195
16383.0,2896.69,7,1596,-64.0,2.0,8.0,2832.69,0.2857142857142857,0.022094183361008598,75,7,2896.69,Potential Loyalists,599,413.8128571428571,12879502.820999986,77.33373072484602,1196
15797.0,2821.08,6,1281,0.0,0.0,0.0,2821.08,0.0,0.0,114,6,2821.08,Potential Loyalists,568,470.18,12882323.900999986,77.35066962723265,1197
16225.0,2859.31,15,1281,-45.5,3.0,6.0,2813.81,0.2,0.015912930042562716,45,15,2859.31,Champions,626,190.62066666666664,12885137.710999986,77.36756487760645,1198
17386.0,2812.77,7,1955,0.0,0.0,0.0,2812.77,0.0,0.0,8,7,2812.77,Champions,378,401.82428571428574,12887950.480999986,77.3844538834007,1199
14711.0,2839.62,11,966,-30.6,1.0,12.0,2809.02,0.09090909090909091,0.010776089758488813,11,11,2839.62,Champions,252,258.1472727272727,12890759.500999985,77.40132037268214,1200
13477.0,2819.17,11,2091,-13.05,2.0,3.0,2806.12,0.18181818181818182,0.004629022017118514,38,11,2819.17,Champions,646,256.28818181818184,12893565.620999984,77.41816944919367,1201
17470.0,2804.87,11,2843,0.0,0.0,0.0,2804.87,0.0,0.0,45,11,2804.87,Champions,464,254.9881818181818,12896370.490999984,77.43501102020093,1202
15031.0,3102.94,14,1576,-299.21000000000004,2.0,179.0,2803.73,0.14285714285714285,0.0964279038589209,5,14,3102.94,Champions,727,221.63857142857145,12899174.220999984,77.45184574618833,1203
13205.0,2803.2,1,256,0.0,0.0,0.0,2803.2,0.0,0.0,444,1,2803.2,Hibernating,0,2803.2,12901977.420999983,77.46867728984188,1204
13330.0,2796.1,6,1951,0.0,0.0,0.0,2796.1,0.0,0.0,93,6,2796.1,Potential Loyalists,562,466.01666666666665,12904773.520999983,77.4854662022312,1205
14035.0,2794.75,9,1405,-4.25,2.0,3.0,2790.5,0.2222222222222222,0.0015207084712407191,29,9,2794.75,Champions,584,310.52777777777777,12907564.020999983,77.50222148996139,1206
13032.0,2815.96,9,1274,-25.96,2.0,12.0,2790.0,0.2222222222222222,0.009218880950013495,53,9,2815.96,Champions,408,312.88444444444445,12910354.020999983,77.51897377548987,1207
16979.0,2859.74,9,1451,-72.65,3.0,11.0,2787.0899999999997,0.3333333333333333,0.02540440739367915,4,9,2859.74,Champions,447,317.74888888888887,12913141.110999983,77.53570858820441,1208
13719.0,2783.08,11,1588,0.0,0.0,0.0,2783.08,0.0,0.0,16,11,2783.08,Champions,556,253.00727272727272,12915924.190999983,77.55241932326126,1209
17790.0,2779.41,20,1387,0.0,0.0,0.0,2779.41,0.0,0.0,27,20,2779.41,Champions,518,138.9705,12918703.600999983,77.56910802215758,1210
12863.0,2792.55,6,895,-17.0,1.0,2.0,2775.55,0.16666666666666666,0.00608762600490591,53,6,2792.55,Champions,537,465.425,12921479.150999984,77.58577354405672,1211
17031.0,2773.85,6,1595,0.0,0.0,0.0,2773.85,0.0,0.0,12,6,2773.85,Champions,570,462.3083333333333,12924253.000999983,77.60242885847005,1212
13455.0,2905.93,6,985,-132.11,5.0,28.0,2773.8199999999997,0.8333333333333334,0.04546221003258854,25,6,2905.93,Champions,706,484.32166666666666,12927026.820999984,77.61908399275129,1213
15563.0,2859.46,7,3005,-85.79,4.0,53.0,2773.67,0.5714285714285714,0.0300021682415561,23,7,2859.46,Champions,658,408.4942857142857,12929800.490999984,77.635738226372,1214
12676.0,2843.09,11,1867,-70.0,1.0,2.0,2773.09,0.09090909090909091,0.02462109887481578,25,11,2843.09,Champions,459,258.4627272727273,12932573.580999983,77.65238897743872,1215
13695.0,2770.73,16,1791,0.0,0.0,0.0,2770.73,0.0,0.0,32,16,2770.73,Champions,546,173.170625,12935344.310999984,77.6690255581134,1216
18210.0,2768.83,7,1499,0.0,0.0,0.0,2768.83,0.0,0.0,2,7,2768.83,Champions,381,395.5471428571428,12938113.140999984,77.68565073042159,1217
14233.0,2904.27,7,1261,-137.31,3.0,35.0,2766.96,0.42857142857142855,0.04727866210786187,50,7,2904.27,Champions,595,414.8957142857143,12940880.100999985,77.7022646744954,1218
15817.0,2766.4,3,1596,0.0,0.0,0.0,2766.4,0.0,0.0,421,3,2766.4,At Risk,123,922.1333333333332,12943646.500999985,77.71887525610327,1219
15660.0,2812.9900000000002,15,1893,-48.85,3.0,13.0,2764.1400000000003,0.2,0.017365863369581833,26,15,2812.99,Champions,647,187.53266666666667,12946410.640999986,77.73547226775945,1220
16407.0,2761.65,14,1448,0.0,0.0,0.0,2761.65,0.0,0.0,13,14,2761.65,Champions,420,197.2607142857143,12949172.290999986,77.75205432845111,1221
16871.0,2812.34,6,1253,-50.849999999999994,1.0,3.0,2761.4900000000002,0.16666666666666666,0.018081028609627566,23,6,2812.34,Champions,248,468.72333333333336,12951933.780999986,77.76863542843824,1222
16772.0,3698.05,3,687,-937.9499999999999,2.0,129.0,2760.1000000000004,0.6666666666666666,0.2536336718000027,424,3,3698.05,At Risk,298,1232.6833333333334,12954693.880999986,77.7852081823046,1223
14696.0,2767.9,8,2151,-9.23,2.0,5.0,2758.67,0.25,0.00333465804400448,5,8,2767.9,Champions,417,345.9875,12957452.550999986,77.80177234987408,1224
17262.0,2757.62,11,709,0.0,0.0,0.0,2757.62,0.0,0.0,53,11,2757.62,Champions,672,250.69272727272727,12960210.170999985,77.81833021281999,1225
14404.0,2853.36,13,1633,-99.0,2.0,20.0,2754.36,0.15384615384615385,0.034695937421145594,34,13,2853.36,Champions,686,219.4892307692308,12962964.530999985,77.83486850141075,1226
16711.0,2868.48,9,1212,-117.0,1.0,26.0,2751.48,0.1111111111111111,0.04078815261044177,4,9,2868.48,Champions,734,318.72,12965716.010999985,77.85138949731967,1227
14869.0,2778.14,6,2130,-27.439999999999998,3.0,12.0,2750.7,0.5,0.009877112024591992,9,6,2778.14,Champions,715,463.0233333333333,12968466.710999984,77.86790580979394,1228
16764.0,2790.9500000000003,13,1253,-41.0,5.0,12.0,2749.9500000000003,0.38461538461538464,0.014690338415234955,4,13,2790.9500000000003,Champions,140,214.68846153846155,12971216.660999984,77.88441761896564,1229
14121.0,2780.15,4,2082,-39.85,2.0,4.0,2740.3,0.5,0.014333758969839757,4,4,2780.15,Loyal Customers,56,695.0375,12973956.960999984,77.9008714856444,1230
15993.0,2777.67,7,2037,-40.75,3.0,9.0,2736.92,0.42857142857142855,0.014670569218085662,9,7,2777.67,Champions,36,396.81,12976693.880999984,77.9173050574396,1231
17241.0,2736.64,12,859,0.0,0.0,0.0,2736.64,0.0,0.0,386,12,2736.64,At Risk High Value,277,228.0533333333333,12979430.520999985,77.93373694800185,1232
13786.0,3358.39,6,1651,-622.53,2.0,13.0,2735.8599999999997,0.3333333333333333,0.18536560673417918,368,6,3358.39,At Risk High Value,369,559.7316666666667,12982166.380999984,77.95016415512943,1233
15389.0,2733.8,5,3940,0.0,0.0,0.0,2733.8,0.0,0.0,173,5,2733.8,Potential Loyalists,509,546.76,12984900.180999985,77.96657899318599,1234
15111.0,2730.87,5,1164,0.0,0.0,0.0,2730.87,0.0,0.0,30,5,2730.87,Champions,563,546.174,12987631.050999984,77.98297623834051,1235
14903.0,2795.33,5,1531,-66.14999999999999,5.0,45.0,2729.18,1.0,0.02366446895357614,22,5,2795.33,Champions,257,559.066,12990360.230999984,77.99936333605329,1236
12739.0,2726.73,4,951,0.0,0.0,0.0,2726.73,0.0,0.0,79,4,2726.73,Potential Loyalists,316,681.6825,12993086.960999984,78.0157357229777,1237
16335.0,2753.52,7,1004,-27.0,1.0,4.0,2726.52,0.14285714285714285,0.009805630610999738,552,7,2753.52,At Risk High Value,184,393.36,12995813.480999984,78.03210684897738,1238
15810.0,2999.04,8,1653,-274.24,5.0,143.0,2724.8,0.625,0.09144259496372173,79,8,2999.04,Potential Loyalists,595,374.88,12998538.280999985,78.0484676474032,1239
16190.0,2723.55,8,1231,0.0,0.0,0.0,2723.55,0.0,0.0,41,8,2723.55,Champions,685,340.44375,13001261.830999985,78.06482094032474,1240
14125.0,2720.63,3,1628,0.0,0.0,0.0,2720.63,0.0,0.0,11,3,2720.63,Loyal Customers,68,906.8766666666668,13003982.460999986,78.08115670038832,1241
15329.0,2958.83,11,1217,-241.35,9.0,64.0,2717.48,0.8181818181818182,0.08156940412257548,40,11,2958.83,Champions,686,268.98454545454547,13006699.940999987,78.09747354658114,1242
15841.0,2742.41,9,2391,-25.91,3.0,17.0,2716.5,0.3333333333333333,0.009447894370280156,73,9,2742.41,Potential Loyalists,657,304.7122222222222,13009416.440999987,78.11378450845861,1243
17720.0,2768.91,10,1613,-53.849999999999994,2.0,5.0,2715.06,0.2,0.01944808606996977,27,10,2768.91,Champions,552,276.891,13012131.500999987,78.13008682399516,1244
17591.0,2723.62,8,1152,-10.95,1.0,1.0,2712.67,0.125,0.004020384635154684,74,8,2723.62,Potential Loyalists,618,340.4525,13014844.170999987,78.14637478900754,1245
17676.0,2749.34,10,1922,-43.32,3.0,66.0,2706.02,0.3,0.015756508834847634,5,10,2749.34,Champions,615,274.934,13017550.190999987,78.16262282473721,1246
13736.0,2752.47,7,1549,-51.2,5.0,12.0,2701.27,0.7142857142857143,0.01860147431216326,6,7,2752.47,Champions,728,393.21,13020251.460999986,78.17884233955066,1247
12391.0,2724.84,6,1204,-25.6,1.0,8.0,2699.2400000000002,0.16666666666666666,0.009395047048634048,22,6,2724.84,Champions,641,454.14,13022950.700999986,78.19504966542517,1248
18173.0,2696.36,5,1730,0.0,0.0,0.0,2696.36,0.0,0.0,87,5,2696.36,Potential Loyalists,526,539.272,13025647.060999986,78.21123969861786,1249
12725.0,2694.56,4,1306,0.0,0.0,0.0,2694.56,0.0,0.0,372,4,2694.56,At Risk,213,673.64,13028341.620999986,78.2274189238844,1250
16232.0,2712.97,7,1849,-20.95,3.0,13.0,2692.02,0.42857142857142855,0.007722164270154112,44,7,2712.97,Champions,507,387.5671428571428,13031033.640999986,78.24358289796626,1251
13813.0,2765.4700000000003,8,1292,-79.05,4.0,16.0,2686.42,0.5,0.028584652879980615,40,8,2765.4700000000003,Champions,694,345.68375000000003,13033720.060999986,78.259713247389,1252
17388.0,2675.37,11,2555,0.0,0.0,0.0,2675.37,0.0,0.0,78,11,2675.37,Potential Loyalists,652,243.21545454545452,13036395.430999985,78.27577724815399,1253
14748.0,3152.32,10,2752,-480.07,6.0,432.0,2672.25,0.6,0.1522910110648665,30,10,3152.32,Champions,616,315.232,13039067.680999985,78.29182251518033,1254
18283.0,2664.9,22,1679,0.0,0.0,0.0,2664.9,0.0,0.0,4,22,2664.9,Champions,655,121.1318181818182,13041732.580999985,78.30782364984157,1255
15910.0,2661.17,15,2158,0.0,0.0,0.0,2661.17,0.0,0.0,1,15,2661.17,Champions,687,177.41133333333337,13044393.750999985,78.32380238807806,1256
16434.0,2673.69,12,1310,-14.7,1.0,7.0,2658.9900000000002,0.08333333333333333,0.0054980195909024605,30,12,2673.69,Champions,662,222.8075,13047052.740999985,78.33976803671513,1257
16369.0,2656.56,7,1589,0.0,0.0,0.0,2656.56,0.0,0.0,19,7,2656.56,Champions,593,379.5085714285714,13049709.300999986,78.35571909465189,1258
12516.0,2648.62,4,1952,0.0,0.0,0.0,2648.62,0.0,0.0,78,4,2648.62,Potential Loyalists,522,662.155,13052357.920999985,78.37162247762552,1259
12820.0,2689.52,11,1964,-41.58,2.0,38.0,2647.94,0.18181818181818182,0.015460007733722001,4,11,2689.52,Champions,731,244.50181818181815,13055005.860999985,78.38752177760485,1260
14496.0,2668.23,7,991,-22.35,3.0,11.0,2645.88,0.42857142857142855,0.008376339371043725,312,7,2668.23,At Risk High Value,322,381.1757142857143,13057651.740999985,78.40340870851313,1261
13117.0,2643.81,18,2067,-1.7,1.0,2.0,2642.11,0.05555555555555555,0.0006430114115613452,22,18,2643.81,Champions,602,146.87833333333333,13060293.850999985,78.41927300282053,1262
15671.0,2657.13,7,1699,-21.64,3.0,18.0,2635.4900000000002,0.42857142857142855,0.008144125428563902,19,7,2657.13,Champions,252,379.59,13062929.340999985,78.43509754797734,1263
13819.0,2642.35,6,2309,-11.25,1.0,7.0,2631.1,0.16666666666666666,0.004257573750638636,302,6,2642.35,At Risk High Value,437,440.39166666666665,13065560.440999985,78.45089573380312,1264
16618.0,2647.59,5,1363,-16.95,1.0,1.0,2630.6400000000003,0.2,0.006402048655569782,32,5,2647.59,Champions,291,529.518,13068191.080999985,78.46669115760338,1265
13203.0,2648.25,10,2413,-17.700000000000003,1.0,6.0,2630.55,0.1,0.006683659020107619,10,10,2648.25,Champions,713,264.825,13070821.630999986,78.4824860410073,1266
16276.0,2629.3900000000003,3,1467,0.0,0.0,0.0,2629.3900000000003,0.0,0.0,177,3,2629.3900000000003,Potential Loyalists,431,876.4633333333335,13073451.020999987,78.49827395930326,1267
12671.0,2622.481,1,1460,0.0,0.0,0.0,2622.481,0.0,0.0,607,1,2622.481,Hibernating,0,2622.481,13076073.501999987,78.51402039317604,1268
14262.0,2618.23,8,1645,0.0,0.0,0.0,2618.23,0.0,0.0,9,8,2618.23,Champions,232,327.27875,13078691.731999988,78.5297413023299,1269
17744.0,2649.14,7,3826,-31.32,1.0,36.0,2617.8199999999997,0.14285714285714285,0.011822704726817006,4,7,2649.14,Champions,377,378.4485714285714,13081309.551999988,78.54545974967834,1270
17115.0,2761.4900000000002,7,885,-145.2,6.0,20.0,2616.2900000000004,0.8571428571428571,0.05258030990515989,9,7,2761.49,Champions,726,394.4985714285714,13083925.841999987,78.56116901028956,1271
14756.0,2653.76,3,1423,-40.3,1.0,4.0,2613.46,0.3333333333333333,0.015186000241167247,16,3,2653.76,Loyal Customers,409,884.5866666666667,13086539.301999988,78.57686127843914,1272
12423.0,2622.39,10,1793,-10.2,1.0,12.0,2612.19,0.1,0.0038895816411746538,1,10,2622.39,Champions,465,262.239,13089151.491999988,78.59254592099636,1273
15985.0,2715.28,7,2750,-105.0,1.0,250.0,2610.28,0.14285714285714285,0.038670045078223976,124,7,2715.28,Potential Loyalists,438,387.8971428571429,13091761.771999987,78.60821909514306,1274
15142.0,2619.92,6,2155,-10.95,1.0,1.0,2608.9700000000003,0.16666666666666666,0.004179516931814712,47,6,2619.92,Champions,454,436.65333333333336,13094370.741999988,78.62388440352129,1275
15021.0,2698.68,12,1169,-94.24000000000001,5.0,38.0,2604.4399999999996,0.4166666666666667,0.03492077608312213,9,12,2698.68,Champions,490,224.89,13096975.181999987,78.63952251195204,1276
13422.0,2626.3,1,1326,-24.75,1.0,5.0,2601.55,1.0,0.009423904352130372,65,1,2626.3,Needs Attention,0,2626.3,13099576.731999988,78.65514326765692,1277
13644.0,2624.26,4,2067,-26.74,1.0,7.0,2597.5200000000004,0.25,0.010189539146273614,17,4,2624.26,Loyal Customers,89,656.065,13102174.251999987,78.67073982561604,1278
13211.0,2618.77,10,1845,-22.450000000000003,2.0,5.0,2596.32,0.2,0.008572726890868614,11,10,2618.77,Champions,723,261.877,13104770.571999988,78.68632917829107,1279
14163.0,2594.62,5,950,0.0,0.0,0.0,2594.62,0.0,0.0,88,5,2594.62,Potential Loyalists,375,518.924,13107365.191999987,78.70190832348028,1280
16817.0,2804.9,13,1565,-210.35000000000002,5.0,100.0,2594.55,0.38461538461538464,0.07499376091839281,3,13,2804.9,Champions,429,215.7615384615385,13109959.741999988,78.71748704836126,1281
17043.0,2593.65,8,1616,0.0,0.0,0.0,2593.65,0.0,0.0,33,8,2593.65,Champions,698,324.20625,13112553.391999988,78.73306036927917,1282
14129.0,2591.34,9,1414,0.0,0.0,0.0,2591.34,0.0,0.0,2,9,2591.34,Champions,578,287.9266666666667,13115144.731999988,78.74861982002518,1283
15157.0,2654.11,5,3466,-66.57,2.0,150.0,2587.54,0.4,0.025081854180874188,4,5,2654.11,Champions,726,530.822,13117732.271999987,78.76415645403823,1284
15062.0,2585.62,8,1872,0.0,0.0,0.0,2585.62,0.0,0.0,72,8,2585.62,Potential Loyalists,539,323.2025,13120317.891999986,78.7796815595967,1285
17490.0,2750.5,9,1531,-165.44,4.0,113.0,2585.06,0.4444444444444444,0.060149063806580624,1,9,2750.5,Champions,569,305.6111111111111,13122902.951999987,78.79520330268926,1286
16206.0,2589.87,13,1379,-4.95,1.0,1.0,2584.92,0.07692307692307693,0.0019112928448146048,55,13,2589.87,Champions,630,199.22076923076924,13125487.871999986,78.81072420516536,1287
15826.0,2598.28,4,1824,-15.149999999999999,2.0,13.0,2583.13,0.5,0.005830780362393583,57,4,2598.28,Loyal Customers,512,649.57,13128071.001999987,78.82623435975934,1288
12520.0,2634.26,5,1439,-51.75,1.0,9.0,2582.51,0.2,0.019644985688580474,80,5,2634.26,Potential Loyalists,194,526.8520000000001,13130653.511999987,78.8417407916232,1289
12412.0,2596.93,6,1997,-15.9,2.0,6.0,2581.0299999999997,0.3333333333333333,0.0061226140096190505,75,6,2596.93,Potential Loyalists,465,432.82166666666666,13133234.541999986,78.85723833697,1290
16244.0,2579.38,2,1474,0.0,0.0,0.0,2579.38,0.0,0.0,212,2,2579.38,Hibernating,161,1289.69,13135813.921999987,78.87272597505117,1291
13012.0,2957.83,11,1559,-381.65,4.0,170.0,2576.18,0.36363636363636365,0.12903040404620955,10,11,2957.83,Champions,583,268.89363636363635,13138390.101999987,78.88819439904141,1292
13652.0,2570.85,5,1570,0.0,0.0,0.0,2570.85,0.0,0.0,46,5,2570.85,Champions,607,514.17,13140960.951999987,78.90363081956146,1293
13700.0,2596.9700000000003,13,2786,-27.25,1.0,11.0,2569.7200000000003,0.07692307692307693,0.010492997608751737,27,13,2596.9700000000003,Champions,644,199.7669230769231,13143530.671999987,78.91906045510562,1294
14431.0,2614.2,4,1202,-47.1,1.0,6.0,2567.1,0.25,0.018016984163415194,303,4,2614.2,At Risk,385,653.55,13146097.771999987,78.93447435911285,1295
17002.0,2571.55,7,1265,-5.95,1.0,1.0,2565.6000000000004,0.14285714285714285,0.0023137796270731657,86,7,2571.55,Potential Loyalists,556,367.36428571428576,13148663.371999986,78.94987925651496,1296
12982.0,2744.81,8,1729,-182.69,9.0,64.0,2562.12,1.125,0.06655834101449645,243,8,2744.81,At Risk High Value,364,343.10125,13151225.491999986,78.96526325859318,1297
16036.0,2556.84,4,1369,0.0,0.0,0.0,2556.84,0.0,0.0,88,4,2556.84,Potential Loyalists,533,639.21,13153782.331999986,78.98061555742137,1298
14397.0,2612.96,19,1890,-56.28,4.0,38.0,2556.68,0.21052631578947367,0.0215387912558937,3,19,2612.96,Champions,211,137.52421052631578,13156339.011999985,78.99596689554502,1299
17787.0,2553.82,4,1252,0.0,0.0,0.0,2553.82,0.0,0.0,153,4,2553.82,Potential Loyalists,219,638.455,13158892.831999986,79.01130106107489,1300
16115.0,2553.8,12,1589,0.0,0.0,0.0,2553.8,0.0,0.0,10,12,2553.8,Champions,565,212.8166666666667,13161446.631999986,79.02663510651671,1301
18179.0,2547.55,8,1811,0.0,0.0,0.0,2547.55,0.0,0.0,10,8,2547.55,Champions,654,318.44375,13163994.181999987,79.04193162443718,1302
13173.0,2565.76,11,1595,-18.85,2.0,3.0,2546.9100000000003,0.18181818181818182,0.007346751060114742,5,11,2565.76,Champions,725,233.25090909090912,13166541.091999987,79.05722429953946,1303
13192.0,2558.58,6,1629,-14.049999999999999,2.0,11.0,2544.5299999999997,0.3333333333333333,0.005491327220567659,96,6,2558.58,Potential Loyalists,591,426.43,13169085.621999986,79.07250268416159,1304
15033.0,2557.18,10,1672,-15.65,1.0,3.0,2541.5299999999997,0.1,0.006120022837657107,5,10,2557.18,Champions,325,255.718,13171627.151999986,79.0877630555735,1305
14548.0,2541.29,9,986,0.0,0.0,0.0,2541.29,0.0,0.0,151,9,2541.29,Potential Loyalists,583,282.36555555555555,13174168.441999985,79.10302198592858,1306
13862.0,2556.09,9,1927,-22.049999999999997,2.0,6.0,2534.04,0.2222222222222222,0.008626456814900882,19,9,2556.09,Champions,371,284.01,13176702.481999984,79.11823738435889,1307
17465.0,2542.79,7,1477,-9.15,2.0,7.0,2533.64,0.2857142857142857,0.0035984096209281933,426,7,2542.79,At Risk High Value,311,363.2557142857143,13179236.121999985,79.13345038102786,1308
14810.0,2531.92,13,1245,0.0,0.0,0.0,2531.92,0.0,0.0,41,13,2531.92,Champions,389,194.7630769230769,13181768.041999985,79.14865305012295,1309
15814.0,2634.44,6,1728,-102.6,2.0,24.0,2531.84,0.3333333333333333,0.03894565828031764,17,6,2634.44,Champions,587,439.0733333333333,13184299.881999984,79.16385523886575,1310
16889.0,2526.65,6,1611,0.0,0.0,0.0,2526.65,0.0,0.0,195,6,2526.65,At Risk High Value,371,421.10833333333335,13186826.531999985,79.17902626475484,1311
14790.0,2526.62,10,2642,0.0,0.0,0.0,2526.62,0.0,0.0,17,10,2526.62,Champions,712,252.662,13189353.151999984,79.19419711051181,1312
17317.0,2600.34,3,1146,-76.32,2.0,72.0,2524.02,0.6666666666666666,0.029350008075866997,47,3,2600.34,Loyal Customers,43,866.7800000000001,13191877.171999983,79.20935234481992,1313
14564.0,2605.62,2,1295,-86.3,3.0,11.0,2519.3199999999997,1.5,0.033120715990819845,435,2,2605.62,Hibernating,301,1302.81,13194396.491999984,79.22447935843196,1314
15434.0,2567.06,11,1423,-49.95,2.0,10.0,2517.11,0.18181818181818182,0.019458057076967426,9,11,2567.06,Champions,676,233.3690909090909,13196913.601999983,79.23959310231247,1315
15426.0,2538.92,9,1190,-22.439999999999998,2.0,12.0,2516.48,0.2222222222222222,0.008838403730720147,20,9,2538.92,Champions,567,282.1022222222222,13199430.081999984,79.25470306341882,1316
14573.0,2565.12,13,809,-49.699999999999996,4.0,6.0,2515.42,0.3076923076923077,0.019375311876247504,180,13,2565.12,Potential Loyalists,521,197.31692307692308,13201945.501999984,79.26980665985755,1317
17463.0,2535.26,7,1480,-20.0,2.0,6.0,2515.26,0.2857142857142857,0.00788873724982842,17,7,2535.26,Champions,573,362.18,13204460.761999983,79.28490929559173,1318
13344.0,2511.69,3,952,0.0,0.0,0.0,2511.69,0.0,0.0,68,3,2511.69,Potential Loyalists,210,837.23,13206972.451999983,79.29999049560573,1319
16104.0,2774.46,9,1047,-263.25,2.0,39.0,2511.21,0.2222222222222222,0.09488332864773685,62,9,2774.46,Potential Loyalists,672,308.2733333333333,13209483.661999984,79.31506881350609,1320
16987.0,2521.4,11,671,-11.9,1.0,2.0,2509.5,0.09090909090909091,0.004719600222098834,4,11,2521.4,Champions,734,229.21818181818185,13211993.161999984,79.3301368638766,1321
17101.0,2507.05,7,1175,0.0,0.0,0.0,2507.05,0.0,0.0,11,7,2507.05,Champions,540,358.15000000000003,13214500.211999984,79.34519020345874,1322
13471.0,2501.84,4,1583,0.0,0.0,0.0,2501.84,0.0,0.0,2,4,2501.84,Loyal Customers,46,625.46,13217002.051999984,79.3602122600991,1323
17594.0,2497.88,4,1368,0.0,0.0,0.0,2497.88,0.0,0.0,86,4,2497.88,Potential Loyalists,519,624.47,13219499.931999985,79.37521053930193,1324
15747.0,2499.81,9,1344,-1.95,1.0,1.0,2497.86,0.1111111111111111,0.0007800592845056225,13,9,2499.81,Champions,678,277.75666666666666,13221997.791999985,79.39020869841669,1325
12978.0,2502.82,5,1394,-6.75,1.0,1.0,2496.07,0.2,0.0026969578315659934,386,5,2502.82,At Risk High Value,344,500.564,13224493.861999985,79.40519610964934,1326
16499.0,2578.34,8,1364,-86.6,5.0,12.0,2491.7400000000002,0.625,0.033587502036193824,361,8,2578.34,At Risk High Value,186,322.2925,13226985.601999985,79.4201575218152,1327
14541.0,2491.38,14,1123,0.0,0.0,0.0,2491.38,0.0,0.0,59,14,2491.38,Champions,643,177.9557142857143,13229476.981999986,79.43511677239583,1328
15227.0,2488.4900000000002,9,1217,0.0,0.0,0.0,2488.4900000000002,0.0,0.0,37,9,2488.49,Champions,597,276.4988888888889,13231965.471999986,79.4500586702506,1329
15117.0,2485.97,8,3093,-1.65,1.0,1.0,2484.3199999999997,0.125,0.0006637248237106642,15,8,2485.97,Champions,620,310.74625,13234449.791999986,79.46497552974311,1330
13414.0,2494.14,6,2702,-11.9,1.0,2.0,2482.24,0.16666666666666666,0.0047711836544861155,134,6,2494.14,Potential Loyalists,470,415.69,13236932.031999987,79.47987990007654,1331
15681.0,2989.7000000000003,14,1392,-509.5,2.0,266.0,2480.2000000000003,0.14285714285714285,0.17041843663243803,26,14,2989.7000000000003,Champions,539,213.55,13239412.231999986,79.49477202142697,1332
13507.0,2479.16,4,1597,0.0,0.0,0.0,2479.16,0.0,0.0,4,4,2479.16,Loyal Customers,142,619.79,13241891.391999986,79.50965789819787,1333
12457.0,2995.91,8,1094,-523.6,6.0,157.0,2472.31,0.75,0.1747716052885434,67,8,2995.91,Potential Loyalists,369,374.48875,13244363.701999987,79.52450264480537,1334
14745.0,2551.41,12,1969,-80.35,5.0,24.0,2471.06,0.4166666666666667,0.03149239048212557,113,12,2551.41,Potential Loyalists,525,212.6175,13246834.761999987,79.53933988590862,1335
14229.0,2594.04,7,934,-125.04999999999998,4.0,23.0,2468.99,0.5714285714285714,0.04820665833988681,52,7,2594.04,Champions,420,370.57714285714286,13249303.751999987,79.55416469789678,1336
17288.0,2468.43,11,1699,0.0,0.0,0.0,2468.43,0.0,0.0,10,11,2468.43,Champions,385,224.40272727272725,13251772.181999987,79.56898614741903,1337
16202.0,2501.9900000000002,9,1307,-34.95,2.0,25.0,2467.0400000000004,0.2222222222222222,0.013968880770906359,361,9,2501.99,At Risk High Value,377,277.9988888888889,13254239.221999986,79.58379925082052,1338
17164.0,2467.35,7,1501,-0.95,1.0,1.0,2466.4,0.14285714285714285,0.0003850284718422599,33,7,2467.35,Champions,241,352.4785714285714,13256705.621999986,79.59860851140384,1339
15860.0,2463.96,17,1331,0.0,0.0,0.0,2463.96,0.0,0.0,41,17,2463.96,Champions,693,144.93882352941176,13259169.581999987,79.61340312124283,1340
17131.0,2463.17,5,983,0.0,0.0,0.0,2463.17,0.0,0.0,6,5,2463.17,Champions,70,492.634,13261632.751999987,79.62819298760311,1341
15932.0,2495.87,8,2325,-34.019999999999996,3.0,14.0,2461.85,0.375,0.013630517615100144,5,8,2495.87,Champions,285,311.98375,13264094.601999987,79.64297492815089,1342
17897.0,2510.56,9,1015,-51.0,1.0,12.0,2459.56,0.1111111111111111,0.020314192849404118,173,9,2510.56,Potential Loyalists,404,278.9511111111111,13266554.161999987,79.65774311861486,1343
16520.0,2474.14,6,1262,-16.7,2.0,2.0,2457.44,0.3333333333333333,0.006749820139523228,187,6,2474.14,Potential Loyalists,461,412.3566666666666,13269011.601999987,79.67249857974356,1344
14842.0,2824.69,4,1166,-367.89,4.0,20.0,2456.8,1.0,0.1302408405878167,44,4,2824.69,Loyal Customers,265,706.1725,13271468.401999988,79.6872501980541,1345
14421.0,2469.37,6,1342,-12.75,1.0,1.0,2456.62,0.16666666666666666,0.005163260264763887,58,6,2469.37,Champions,634,411.56166666666667,13273925.021999987,79.70200073557201,1346
14659.0,2529.93,9,1195,-73.4,3.0,12.0,2456.5299999999997,0.3333333333333333,0.029012660429339945,9,9,2529.93,Champions,307,281.1033333333333,13276381.551999986,79.71675073269363,1347
16795.0,2477.29,3,1453,-27.2,2.0,14.0,2450.09,0.6666666666666666,0.01097973995777644,366,3,2477.29,At Risk,318,825.7633333333333,13278831.641999986,79.73146206145724,1348
17732.0,2470.39,8,1151,-22.25,2.0,6.0,2448.14,0.25,0.009006675059403576,373,8,2470.39,At Risk High Value,115,308.79875,13281279.781999987,79.74616168163419,1349
12701.0,2446.41,6,1727,0.0,0.0,0.0,2446.41,0.0,0.0,80,6,2446.41,Potential Loyalists,554,407.735,13283726.191999987,79.76085091419324,1350
13588.0,2478.95,9,2606,-33.830000000000005,4.0,33.0,2445.12,0.4444444444444444,0.01364690695657436,16,9,2478.95,Champions,240,275.43888888888887,13286171.311999986,79.77553240107189,1351
14934.0,3503.5,5,2100,-1059.4,4.0,654.0,2444.1,0.8,0.30238333095475955,82,5,3503.5,Potential Loyalists,360,700.7,13288615.411999986,79.79020776345904,1352
12517.0,2481.6,5,1361,-37.95,1.0,23.0,2443.65,0.2,0.015292553191489363,29,5,2481.6,Champions,162,496.32,13291059.061999986,79.80488042386466,1353
15906.0,2530.19,10,749,-87.75,2.0,9.0,2442.44,0.2,0.034681189950161846,20,10,2530.19,Champions,431,253.019,13293501.501999985,79.81954581894215,1354
17348.0,2442.29,9,2766,0.0,0.0,0.0,2442.29,0.0,0.0,15,9,2442.29,Champions,625,271.36555555555555,13295943.791999985,79.83421031335911,1355
14449.0,2441.2,8,1746,0.0,0.0,0.0,2441.2,0.0,0.0,19,8,2441.2,Champions,418,305.15,13298384.991999984,79.84886826297635,1356
15623.0,2437.05,8,1087,0.0,0.0,0.0,2437.05,0.0,0.0,142,8,2437.05,Potential Loyalists,588,304.63125,13300822.041999985,79.86350129431945,1357
17505.0,2435.48,5,1242,0.0,0.0,0.0,2435.48,0.0,0.0,162,5,2435.48,Potential Loyalists,444,487.096,13303257.521999985,79.87812489874916,1358
13949.0,2427.32,6,2474,0.0,0.0,0.0,2427.32,0.0,0.0,3,6,2427.32,Champions,92,404.5533333333333,13305684.841999985,79.89269950724702,1359
16638.0,2430.53,15,1651,-4.25,1.0,1.0,2426.28,0.06666666666666667,0.0017485898137443272,23,15,2430.53,Champions,456,162.03533333333334,13308111.121999985,79.90726787116532,1360
17629.0,2455.52,10,1903,-30.0,1.0,8.0,2425.52,0.1,0.012217371473252102,6,10,2455.52,Champions,416,245.552,13310536.641999984,79.92183167173702,1361
15077.0,2428.08,2,528,-4.2,2.0,2.0,2423.88,1.0,0.001729761787091035,495,2,2428.08,Hibernating,236,1214.04,13312960.521999985,79.93638562508713,1362
12924.0,2469.4,12,1423,-46.25,2.0,11.0,2423.15,0.16666666666666666,0.018729245970681135,89,12,2469.4,Potential Loyalists,642,205.78333333333333,13315383.671999985,79.95093519522273,1363
13134.0,2475.23,6,1364,-52.95,3.0,15.0,2422.28,0.5,0.021391951455016302,86,6,2475.23,Potential Loyalists,331,412.53833333333336,13317805.951999985,79.96547954152736,1364
15089.0,2420.84,6,1359,0.0,0.0,0.0,2420.84,0.0,0.0,11,6,2420.84,Champions,118,403.47333333333336,13320226.791999985,79.98001524149109,1365
13878.0,2416.9,4,927,0.0,0.0,0.0,2416.9,0.0,0.0,55,4,2416.9,Loyal Customers,550,604.225,13322643.691999985,79.99452728410536,1366
18171.0,2437.31,9,991,-22.8,2.0,4.0,2414.5099999999998,0.2222222222222222,0.00935457533100016,59,9,2437.31,Champions,645,270.8122222222222,13325058.201999985,80.00902497619545,1367
13623.0,2533.06,10,1010,-120.13,5.0,14.0,2412.93,0.5,0.04742485373421869,31,10,2533.06,Champions,707,253.306,13327471.131999984,80.02351318132816,1368
16470.0,2416.85,11,1335,-4.95,1.0,1.0,2411.9,0.09090909090909091,0.0020481204874113,52,11,2416.85,Champions,677,219.7136363636364,13329883.031999985,80.03799520192534,1369
13473.0,2657.76,8,1000,-246.78,2.0,44.0,2410.98,0.25,0.09285262777677442,61,8,2657.76,Potential Loyalists,664,332.22,13332294.011999985,80.0524716984714,1370
12397.0,2409.9,2,1263,0.0,0.0,0.0,2409.9,0.0,0.0,36,2,2409.9,New / Promising,100,1204.95,13334703.911999986,80.06694171026176,1371
16833.0,2409.04,6,878,0.0,0.0,0.0,2409.04,0.0,0.0,2,6,2409.04,Champions,622,401.50666666666666,13337112.951999985,80.08140655826517,1372
16016.0,2446.42,11,1019,-38.9,3.0,6.0,2407.52,0.2727272727272727,0.015900785637789096,4,11,2446.42,Champions,399,222.4018181818182,13339520.471999984,80.09586227957539,1373
16554.0,2841.7200000000003,8,1346,-434.55,10.0,177.0,2407.17,1.25,0.152917951100038,43,8,2841.7200000000003,Champions,682,355.21500000000003,13341927.641999984,80.11031589934441,1374
15341.0,2402.72,2,1008,-1.7,1.0,2.0,2401.02,0.5,0.0007075314643404143,81,2,2402.72,Needs Attention,369,1201.36,13344328.661999984,80.12473259203246,1375
13151.0,2465.21,3,813,-69.05,2.0,7.0,2396.16,0.6666666666666666,0.02800978415631934,296,3,2465.21,At Risk,332,821.7366666666667,13346724.821999984,80.13912010331988,1376
15366.0,2389.08,7,2447,0.0,0.0,0.0,2389.08,0.0,0.0,76,7,2389.08,Potential Loyalists,576,341.29714285714283,13349113.901999984,80.15346510343113,1377
14414.0,2399.33,8,2877,-11.85,1.0,3.0,2387.48,0.125,0.004938878770323382,92,8,2399.33,Potential Loyalists,283,299.91625,13351501.381999984,80.16780049649694,1378
16105.0,2386.19,5,2125,0.0,0.0,0.0,2386.19,0.0,0.0,249,5,2386.19,At Risk High Value,356,477.238,13353887.571999984,80.18212814388231,1379
14256.0,2460.79,5,1147,-76.65,4.0,9.0,2384.14,0.8,0.031148533600998056,261,5,2460.79,At Risk High Value,434,492.158,13356271.711999984,80.19644348224068,1380
16040.0,2416.9,7,1185,-33.2,1.0,24.0,2383.7000000000003,0.14285714285714285,0.013736604741611156,66,7,2416.9,Potential Loyalists,544,345.2714285714286,13358655.411999984,80.21075617866157,1381
15793.0,2399.57,8,1685,-16.65,1.0,1.0,2382.92,0.125,0.006938743191488474,15,8,2399.57,Champions,724,299.94625,13361038.331999984,80.22506419164777,1382
14195.0,2615.6,6,2144,-234.36,4.0,300.0,2381.24,0.6666666666666666,0.08960085640006119,202,6,2615.6,At Risk High Value,433,435.9333333333333,13363419.571999984,80.23936211723625,1383
16359.0,2697.75,16,1764,-318.35,4.0,33.0,2379.4,0.25,0.11800574552868132,8,16,2697.75,Champions,654,168.609375,13365798.971999984,80.25364899472245,1384
12393.0,2399.45,6,1311,-22.7,1.0,6.0,2376.75,0.16666666666666666,0.009460501364896122,73,6,2399.45,Potential Loyalists,356,399.9083333333333,13368175.721999984,80.26791996053959,1385
17905.0,2379.37,13,1370,-9.3,1.0,2.0,2370.0699999999997,0.07692307692307693,0.00390859765400085,72,13,2379.37,Potential Loyalists,609,183.02846153846156,13370545.791999985,80.28215081694192,1386
17827.0,2376.17,6,1582,-6.75,1.0,1.0,2369.42,0.16666666666666666,0.0028407058417537464,6,6,2376.17,Champions,616,396.02833333333336,13372915.211999984,80.29637777048202,1387
16147.0,2398.91,5,1395,-31.89,2.0,73.0,2367.02,0.4,0.01329353748160623,134,5,2398.91,Potential Loyalists,539,479.782,13375282.231999984,80.31059031345394,1388
17623.0,2365.77,7,799,0.0,0.0,0.0,2365.77,0.0,0.0,33,7,2365.77,Champions,693,337.96714285714285,13377648.001999984,80.32479535092159,1389
16883.0,2374.09,19,1070,-9.95,1.0,1.0,2364.1400000000003,0.05263157894736842,0.004191079529419693,188,19,2374.09,Potential Loyalists,548,124.9521052631579,13380012.141999984,80.33899060121166,1390
17634.0,2358.59,9,838,0.0,0.0,0.0,2358.59,0.0,0.0,37,9,2358.59,Champions,301,262.0655555555556,13382370.731999984,80.35315252706278,1391
15073.0,2788.02,8,1410,-430.97999999999996,1.0,214.0,2357.04,0.125,0.15458282221791808,10,8,2788.02,Champions,672,348.5025,13384727.771999983,80.36730514608861,1392
17894.0,2411.35,18,977,-55.72,2.0,44.0,2355.63,0.1111111111111111,0.023107387977688847,72,18,2411.35,Potential Loyalists,398,133.96388888888887,13387083.401999984,80.38144929890562,1393
17921.0,2394.36,10,991,-40.15,2.0,13.0,2354.21,0.2,0.016768572812776692,65,10,2394.36,Potential Loyalists,448,239.436,13389437.611999985,80.39558492546979,1394
14443.0,2386.4700000000003,5,1520,-34.89,3.0,11.0,2351.5800000000004,0.6,0.014619919797860438,54,5,2386.4700000000003,Champions,326,477.294,13391789.191999985,80.40970476045297,1395
16083.0,2351.42,4,1514,0.0,0.0,0.0,2351.42,0.0,0.0,101,4,2351.42,Potential Loyalists,288,587.855,13394140.611999985,80.4238236347316,1396
12802.0,2416.42,7,1972,-66.0,2.0,18.0,2350.42,0.2857142857142857,0.027313132650780905,187,7,2416.42,Potential Loyalists,377,345.2028571428572,13396491.031999985,80.43793650460682,1397
13908.0,2369.55,4,1478,-22.5,1.0,8.0,2347.05,0.25,0.009495473824143823,80,4,2369.55,Potential Loyalists,197,592.3875,13398838.081999986,80.45202913964255,1398
16065.0,2359.27,8,1435,-17.0,2.0,2.0,2342.27,0.25,0.007205618687136275,366,8,2359.27,At Risk High Value,98,294.90875,13401180.351999985,80.46609307362992,1399
16085.0,2341.03,12,1382,-5.8,1.0,2.0,2335.23,0.08333333333333333,0.002477541936668902,24,12,2341.03,Champions,665,195.0858333333333,13403515.581999986,80.48011473661727,1400
16742.0,2799.87,14,2558,-464.9,1.0,190.0,2334.97,0.07142857142857142,0.16604342344465992,47,14,2799.87,Champions,677,199.9907142857143,13405850.551999986,80.49413483845971,1401
13118.0,2415.41,9,834,-81.31,3.0,23.0,2334.1,0.3333333333333333,0.033663022012825984,20,9,2415.41,Champions,420,268.37888888888887,13408184.651999986,80.5081497164712,1402
17434.0,2373.82,7,1693,-40.4,2.0,8.0,2333.42,0.2857142857142857,0.017018982062666922,3,7,2373.82,Champions,83,339.1171428571429,13410518.071999986,80.52216051148837,1403
16005.0,2365.4900000000002,10,1269,-32.45,1.0,11.0,2333.0400000000004,0.1,0.013718088007135943,13,10,2365.49,Champions,438,236.54900000000004,13412851.111999985,80.53616902483223,1404
13614.0,2332.74,6,821,0.0,0.0,0.0,2332.74,0.0,0.0,25,6,2332.74,Champions,527,388.79,13415183.851999985,80.55017573685505,1405
16676.0,2361.9,6,927,-33.4,1.0,5.0,2328.5,0.16666666666666666,0.014141157542656334,34,6,2361.9,Champions,385,393.65,13417512.351999985,80.56415699020741,1406
15489.0,2419.61,8,1264,-92.25000000000001,4.0,39.0,2327.36,0.5,0.03812597898008357,23,8,2419.61,Champions,671,302.45125,13419839.711999984,80.57813139853988,1407
12733.0,2424.87,4,896,-98.05,2.0,11.0,2326.8199999999997,0.5,0.04043515734864137,235,4,2424.87,At Risk,455,606.2175,13422166.531999985,80.59210256449451,1408
17004.0,2324.36,4,1233,0.0,0.0,0.0,2324.36,0.0,0.0,47,4,2324.36,Champions,378,581.09,13424490.891999984,80.60605895961672,1409
17284.0,2788.06,8,2069,-464.94,3.0,4.0,2323.12,0.375,0.16676111704913094,61,8,2788.06,Potential Loyalists,385,348.5075,13426814.011999983,80.62000790927868,1410
15100.0,2894.7,7,334,-575.1999999999999,7.0,56.0,2319.5,1.0,0.19870798355615435,334,7,2894.7,At Risk High Value,368,413.5285714285714,13429133.511999983,80.63393512300031,1411
12724.0,2317.52,7,1379,0.0,0.0,0.0,2317.52,0.0,0.0,6,7,2317.52,Champions,530,331.07428571428574,13431451.031999983,80.64785044800317,1412
14295.0,2362.91,5,1029,-46.849999999999994,3.0,7.0,2316.06,0.6,0.019827246911647077,41,5,2362.91,Champions,691,472.582,13433767.091999983,80.66175700657705,1413
14346.0,2315.75,5,1878,0.0,0.0,0.0,2315.75,0.0,0.0,121,5,2315.75,Potential Loyalists,377,463.15,13436082.841999983,80.67566170378586,1414
16628.0,2318.1,7,1260,-5.01,1.0,3.0,2313.0899999999997,0.14285714285714285,0.0021612527500970624,30,7,2318.1,Champions,612,331.15714285714284,13438395.931999983,80.68955042928158,1415
17095.0,2572.25,7,1695,-259.66,5.0,15.0,2312.59,0.7142857142857143,0.10094664204490233,23,7,2572.25,Champions,702,367.4642857142857,13440708.521999983,80.7034361525756,1416
14502.0,2429.83,11,1480,-119.65,3.0,15.0,2310.18,0.2727272727272727,0.0492421280501105,20,11,2429.83,Champions,294,220.89363636363635,13443018.701999983,80.7173074052574,1417
17282.0,2308.54,5,2332,0.0,0.0,0.0,2308.54,0.0,0.0,131,5,2308.54,Potential Loyalists,418,461.708,13445327.241999982,80.73116881071758,1418
12948.0,2317.43,9,1304,-11.25,1.0,3.0,2306.18,0.1111111111111111,0.0048545155624981125,17,9,2317.43,Champions,721,257.4922222222222,13447633.421999982,80.74501604578572,1419
15946.0,2304.18,3,1614,0.0,0.0,0.0,2304.18,0.0,0.0,503,3,2304.18,At Risk,131,768.06,13449937.601999981,80.75885127204701,1420
18095.0,2303.09,5,1623,0.0,0.0,0.0,2303.09,0.0,0.0,313,5,2303.09,At Risk High Value,287,460.61800000000005,13452240.691999981,80.77267995350859,1421
12599.0,2296.72,13,2189,0.0,0.0,0.0,2296.72,0.0,0.0,30,13,2296.72,Champions,548,176.67076923076922,13454537.411999982,80.7864703869204,1422
15549.0,2334.16,8,936,-37.5,1.0,10.0,2296.66,0.125,0.016065736710422593,78,8,2334.16,Potential Loyalists,620,291.77,13456834.071999982,80.80026046006803,1423
13704.0,2308.06,9,1531,-12.75,1.0,3.0,2295.31,0.1111111111111111,0.005524119823574777,6,9,2308.06,Champions,83,256.4511111111111,13459129.381999983,80.81404242727103,1424
14555.0,2304.03,6,842,-9.15,1.0,3.0,2294.88,0.16666666666666666,0.003971302456999257,58,6,2304.03,Champions,664,384.00500000000005,13461424.261999983,80.82782181258058,1425
16496.0,2330.77,6,1764,-37.3,1.0,20.0,2293.47,0.16666666666666666,0.016003295048417476,9,6,2330.77,Champions,501,388.4616666666666,13463717.731999984,80.8415927316813,1426
13055.0,2321.11,4,1821,-28.6,2.0,16.0,2292.51,0.5,0.012321690915122505,79,4,2321.11,Potential Loyalists,351,580.2775,13466010.241999984,80.85535788655474,1427
14938.0,2322.43,2,1369,-33.0,2.0,8.0,2289.43,1.0,0.014209254961398191,563,2,2322.43,Hibernating,0,1161.215,13468299.671999983,80.86910454786566,1428
17047.0,2289.23,6,1184,0.0,0.0,0.0,2289.23,0.0,0.0,86,6,2289.23,Potential Loyalists,646,381.53833333333336,13470588.901999984,80.88285000829592,1429
17313.0,2328.84,1,1402,-40.71,1.0,20.0,2288.13,1.0,0.017480805894780235,32,1,2328.84,New / Promising,0,2328.84,13472877.031999985,80.8965888638824,1430
17018.0,2287.7,6,456,0.0,0.0,0.0,2287.7,0.0,0.0,41,6,2287.7,Champions,694,381.2833333333333,13475164.731999984,80.91032513757541,1431
12684.0,2283.63,7,1985,0.0,0.0,0.0,2283.63,0.0,0.0,8,7,2283.63,Champions,206,326.23285714285714,13477448.361999985,80.92403697334653,1432
14554.0,2279.4900000000002,4,1443,0.0,0.0,0.0,2279.4900000000002,0.0,0.0,11,4,2279.49,Loyal Customers,42,569.8725000000001,13479727.851999985,80.9377239508875,1433
18051.0,2282.28,7,1661,-6.3,1.0,4.0,2275.98,0.14285714285714285,0.0027603974972396023,635,7,2282.28,At Risk High Value,96,326.04,13482003.831999986,80.95138985297251,1434
13994.0,2274.14,6,932,0.0,0.0,0.0,2274.14,0.0,0.0,4,6,2274.14,Champions,145,379.0233333333333,13484277.971999986,80.96504470695521,1435
13371.0,2297.66,2,1019,-26.2,2.0,3.0,2271.46,1.0,0.011402905564792006,506,2,2297.66,Hibernating,127,1148.83,13486549.431999987,80.97868346913677,1436
15658.0,2423.4700000000003,8,691,-153.13,5.0,29.0,2270.34,0.625,0.06318625772136646,191,8,2423.4700000000003,At Risk High Value,546,302.93375000000003,13488819.771999987,80.9923155063865,1437
14901.0,2281.4,12,1048,-12.6,1.0,4.0,2268.8,0.08333333333333333,0.005522924520031559,12,12,2281.4,Champions,487,190.11666666666667,13491088.571999988,81.00593829685498,1438
13748.0,2268.35,9,1108,0.0,0.0,0.0,2268.35,0.0,0.0,96,9,2268.35,Potential Loyalists,643,252.0388888888889,13493356.921999987,81.01955838534191,1439
13280.0,2293.33,7,1489,-25.5,1.0,2.0,2267.83,0.14285714285714285,0.011119202208142744,123,7,2293.33,Potential Loyalists,522,327.61857142857144,13495624.751999987,81.03317535153906,1440
15015.0,2354.97,13,1584,-89.2,7.0,30.0,2265.77,0.5384615384615384,0.03787734026335792,502,13,2354.97,At Risk High Value,224,181.15153846153845,13497890.521999987,81.04677994866518,1441
16163.0,2849.58,6,768,-585.95,8.0,127.0,2263.63,1.3333333333333333,0.20562679412404636,233,6,2849.58,At Risk High Value,505,474.93,13500154.151999988,81.060371696368,1442
16531.0,2298.33,11,1863,-34.75,1.0,5.0,2263.58,0.09090909090909091,0.015119673850143366,23,11,2298.33,Champions,419,208.9390909090909,13502417.731999988,81.07396314385063,1443
15734.0,2263.3,4,516,0.0,0.0,0.0,2263.3,0.0,0.0,115,4,2263.3,Potential Loyalists,433,565.825,13504681.031999988,81.08755291010033,1444
13059.0,2291.77,10,860,-30.55,2.0,5.0,2261.22,0.2,0.013330308015202224,250,10,2291.77,At Risk High Value,369,229.177,13506942.25199999,81.1011301871909,1445
13655.0,2280.51,6,1225,-21.21,2.0,13.0,2259.3,0.3333333333333333,0.009300551192496415,115,6,2280.51,Potential Loyalists,477,380.085,13509201.55199999,81.11469593582694,1446
17193.0,2310.04,9,1668,-55.44,3.0,52.0,2254.6,0.3333333333333333,0.023999584422780558,36,9,2310.04,Champions,702,256.6711111111111,13511456.15199999,81.1282334637669,1447
17414.0,2249.52,6,6256,0.0,0.0,0.0,2249.52,0.0,0.0,44,6,2249.52,Champions,693,374.92,13513705.67199999,81.14174048933752,1448
14432.0,2248.5,6,2013,0.0,0.0,0.0,2248.5,0.0,0.0,10,6,2248.5,Champions,80,374.75,13515954.17199999,81.15524139041666,1449
12868.0,2247.06,8,1282,0.0,0.0,0.0,2247.06,0.0,0.0,186,8,2247.06,Potential Loyalists,207,280.8825,13518201.23199999,81.16873364515489,1450
16174.0,2246.75,7,1431,0.0,0.0,0.0,2246.75,0.0,0.0,127,7,2246.75,Potential Loyalists,477,320.9642857142857,13520447.98199999,81.18222403852805,1451
15865.0,2241.42,5,1141,0.0,0.0,0.0,2241.42,0.0,0.0,41,5,2241.42,Champions,663,448.284,13522689.40199999,81.19568242843101,1452
15629.0,2240.9,4,1518,0.0,0.0,0.0,2240.9,0.0,0.0,451,4,2240.9,At Risk,82,560.225,13524930.30199999,81.2091376960442,1453
13814.0,2257.32,3,1214,-18.25,2.0,3.0,2239.07,0.6666666666666666,0.008084808534013785,93,3,2257.32,Potential Loyalists,435,752.44,13527169.37199999,81.22258197559913,1454
12649.0,2294.65,8,1959,-55.95,2.0,29.0,2238.7000000000003,0.25,0.024382803477654546,108,8,2294.65,Potential Loyalists,589,286.83125,13529408.07199999,81.2360240335248,1455
16551.0,2237.12,7,2076,0.0,0.0,0.0,2237.12,0.0,0.0,96,7,2237.12,Potential Loyalists,631,319.5885714285714,13531645.191999989,81.24945660449306,1456
16823.0,2243.09,7,1166,-6.95,1.0,1.0,2236.1400000000003,0.14285714285714285,0.003098404433170314,228,7,2243.09,At Risk High Value,510,320.4414285714286,13533881.33199999,81.262883291146,1457
17969.0,2354.29,20,1014,-118.75,7.0,31.0,2235.54,0.35,0.05043983536437737,167,20,2354.29,Potential Loyalists,567,117.7145,13536116.871999988,81.27630637515686,1458
18215.0,2232.4900000000002,5,1131,-8.5,1.0,1.0,2223.9900000000002,0.2,0.0038074078719277575,90,5,2232.49,Potential Loyalists,534,446.4980000000001,13538340.861999989,81.2896601083083,1459
13338.0,2445.62,4,1151,-222.0,6.0,25.0,2223.62,1.5,0.09077452752267319,158,4,2445.62,Potential Loyalists,546,611.405,13540564.481999988,81.30301161983047,1460
12704.0,2340.84,8,1006,-120.0,2.0,3.0,2220.84,0.25,0.051263648946532014,8,8,2340.84,Champions,162,292.605,13542785.321999988,81.31634643911114,1461
17994.0,2270.0299999999997,11,2181,-50.45,3.0,25.0,2219.58,0.2727272727272727,0.022224375889305432,122,11,2270.03,Potential Loyalists,499,206.3663636363636,13545004.901999988,81.32967369284351,1462
13627.0,2245.9,7,1632,-28.35,3.0,5.0,2217.55,0.42857142857142855,0.012623001914599937,60,7,2245.9,Potential Loyalists,581,320.8428571428572,13547222.451999988,81.34298875763696,1463
16812.0,2392.0,4,1116,-175.2,1.0,16.0,2216.8,0.25,0.07324414715719063,361,4,2392.0,At Risk High Value,22,598.0,13549439.25199999,81.35629931912783,1464
17075.0,2236.63,10,785,-20.35,1.0,3.0,2216.28,0.1,0.009098509811636256,18,10,2236.63,Champions,708,223.663,13551655.531999988,81.36960675832893,1465
17180.0,2236.77,11,1809,-20.65,3.0,6.0,2216.12,0.2727272727272727,0.009232062304126038,57,11,2236.77,Champions,631,203.34272727272727,13553871.651999988,81.38291323682549,1466
13094.0,2433.1200000000003,13,2088,-218.46,4.0,174.0,2214.6600000000003,0.3076923076923077,0.08978595383704872,22,13,2433.1200000000003,Champions,368,187.16307692307691,13556086.311999988,81.39621094889306,1467
17648.0,2216.37,5,954,-7.95,1.0,1.0,2208.42,0.2,0.0035869462228779493,61,5,2216.37,Potential Loyalists,325,443.274,13558294.731999988,81.40947119348331,1468
16350.0,2253.89,9,1077,-47.4,3.0,8.0,2206.49,0.3333333333333333,0.021030307601524478,22,9,2253.89,Champions,407,250.4322222222222,13560501.221999988,81.42271984957497,1469
14177.0,2209.69,13,1043,-4.95,1.0,1.0,2204.7400000000002,0.07692307692307693,0.0022401332313582447,87,13,2209.69,Potential Loyalists,565,169.97615384615386,13562705.961999988,81.43595799796066,1470
14462.0,2242.81,12,1063,-38.120000000000005,4.0,32.0,2204.69,0.3333333333333333,0.016996535595971127,67,12,2242.81,Potential Loyalists,366,186.9008333333333,13564910.651999988,81.44919584612617,1471
14467.0,2203.2400000000002,12,1187,0.0,0.0,0.0,2203.2400000000002,0.0,0.0,18,12,2203.24,Champions,720,183.60333333333332,13567113.891999988,81.46242498790674,1472
14321.0,2218.06,7,3275,-19.48,1.0,4.0,2198.58,0.14285714285714285,0.00878244952796588,11,7,2218.06,Champions,463,316.86571428571426,13569312.471999988,81.4756261491674,1473
14006.0,2196.67,7,2181,0.0,0.0,0.0,2196.67,0.0,0.0,116,7,2196.67,Potential Loyalists,537,313.81,13571509.141999988,81.48881584201753,1474
15934.0,2190.66,2,2166,0.0,0.0,0.0,2190.66,0.0,0.0,418,2,2190.66,Hibernating,12,1095.33,13573699.801999988,81.50196944840313,1475
14212.0,2190.14,2,2046,0.0,0.0,0.0,2190.14,0.0,0.0,90,2,2190.14,Needs Attention,356,1095.07,13575889.941999989,81.51511993249896,1476
18177.0,2216.32,9,1238,-27.25,1.0,5.0,2189.07,0.1111111111111111,0.01229515593416113,32,9,2216.32,Champions,693,246.2577777777778,13578079.011999989,81.52826399188314,1477
14597.0,2184.63,6,1436,0.0,0.0,0.0,2184.63,0.0,0.0,12,6,2184.63,Champions,426,364.105,13580263.64199999,81.54138139171614,1478
14834.0,2206.16,7,872,-21.95,2.0,3.0,2184.21,0.2857142857142857,0.009949414367045002,18,7,2206.16,Champions,390,315.1657142857143,13582447.85199999,81.55449626969973,1479
14708.0,2212.28,5,1509,-29.700000000000003,1.0,6.0,2182.5800000000004,0.2,0.013425063735151066,3,5,2212.28,Champions,453,442.456,13584630.43199999,81.56760136050573,1480
15476.0,2209.98,4,1174,-29.700000000000003,1.0,6.0,2180.28,0.25,0.013439035647381425,381,4,2209.98,At Risk,62,552.495,13586810.71199999,81.58069264118389,1481
16221.0,2186.66,9,1501,-6.5,1.0,2.0,2180.16,0.1111111111111111,0.0029725700383232876,37,9,2186.66,Champions,450,242.9622222222222,13588990.87199999,81.59378320133362,1482
16317.0,2192.51,5,1236,-12.75,1.0,1.0,2179.76,0.2,0.005815252838071433,120,5,2192.51,Potential Loyalists,465,438.50200000000007,13591170.63199999,81.60687135972199,1483
16076.0,2234.73,10,1435,-61.199999999999996,1.0,72.0,2173.53,0.1,0.027385858694338912,4,10,2234.73,Champions,205,223.473,13593344.16199999,81.6199221106771,1484
13410.0,2201.96,9,1244,-29.450000000000003,3.0,11.0,2172.51,0.3333333333333333,0.013374448218859563,25,9,2201.96,Champions,707,244.66222222222223,13595516.67199999,81.6329667371407,1485
14665.0,2749.65,7,1144,-577.32,2.0,240.0,2172.33,0.2857142857142857,0.20996126779771973,61,7,2749.65,Potential Loyalists,532,392.8071428571429,13597689.00199999,81.64601028281172,1486
16108.0,2235.92,4,1473,-63.989999999999995,4.0,27.0,2171.9300000000003,1.0,0.028619091917421013,85,4,2235.92,Potential Loyalists,547,558.98,13599860.931999989,81.65905142672135,1487
15649.0,2170.35,4,485,0.0,0.0,0.0,2170.35,0.0,0.0,337,4,2170.35,At Risk,51,542.5875,13602031.281999988,81.67208308367358,1488
13662.0,2233.61,11,1169,-66.98,6.0,27.0,2166.63,0.5454545454545454,0.029987329927785064,86,11,2233.61,Potential Loyalists,573,203.05545454545452,13604197.91199999,81.68509240424513,1489
13762.0,2472.48,5,2608,-306.72,1.0,272.0,2165.76,0.2,0.12405358182877112,219,5,2472.48,At Risk High Value,480,494.496,13606363.67199999,81.69809650098568,1490
17550.0,2506.64,9,968,-341.1,1.0,60.0,2165.54,0.1111111111111111,0.13607857530399262,198,9,2506.64,At Risk High Value,473,278.5155555555555,13608529.211999988,81.7110992767575,1491
14595.0,2164.45,8,1228,0.0,0.0,0.0,2164.45,0.0,0.0,20,8,2164.45,Champions,669,270.55625,13610693.661999987,81.72409550772957,1492
13365.0,2225.37,2,1247,-61.05,2.0,11.0,2164.3199999999997,1.0,0.027433640248587875,34,2,2225.37,New / Promising,184,1112.685,13612857.981999988,81.73709095812922,1493
15944.0,2164.24,4,859,0.0,0.0,0.0,2164.24,0.0,0.0,277,4,2164.24,At Risk,450,541.06,13615022.221999988,81.7500859281766,1494
17822.0,2162.93,5,1375,0.0,0.0,0.0,2162.93,0.0,0.0,421,5,2162.93,At Risk High Value,140,432.586,13617185.151999988,81.7630730324555,1495
12856.0,2170.78,6,1076,-17.25,2.0,3.0,2153.53,0.3333333333333333,0.007946452427238135,8,6,2170.78,Champions,56,361.7966666666667,13619338.681999987,81.77600369534228,1496
14808.0,2718.6,8,2120,-565.8,7.0,93.0,2152.8,0.875,0.2081218274111675,40,8,2718.6,Champions,133,339.825,13621491.481999988,81.7889299750146,1497
16275.0,2151.11,3,1268,0.0,0.0,0.0,2151.11,0.0,0.0,197,3,2151.11,At Risk,445,717.0366666666667,13623642.591999987,81.80184610724513,1498
13224.0,2155.95,2,1518,-5.1,1.0,6.0,2150.85,0.5,0.002365546510818897,61,2,2155.95,Needs Attention,91,1077.975,13625793.441999987,81.81476067833076,1499
18239.0,2150.36,6,1052,0.0,0.0,0.0,2150.36,0.0,0.0,219,6,2150.36,At Risk High Value,204,358.3933333333334,13627943.801999986,81.82767230725872,1500
16966.0,2154.97,7,1981,-6.5,3.0,3.0,2148.47,0.42857142857142855,0.003016283289326534,9,7,2154.97,Champions,232,307.8528571428571,13630092.271999987,81.84057258786424,1501
16004.0,2146.39,5,1076,0.0,0.0,0.0,2146.39,0.0,0.0,475,5,2146.39,At Risk High Value,209,429.278,13632238.661999987,81.85346037931066,1502
17368.0,2758.29,14,2319,-612.9,2.0,716.0,2145.39,0.14285714285714285,0.22220288657102769,24,14,2758.29,Champions,701,197.0207142857143,13634384.051999988,81.86634216635366,1503
17324.0,2298.12,12,1536,-153.0,1.0,36.0,2145.12,0.08333333333333333,0.06657615790298158,18,12,2298.12,Champions,704,191.51,13636529.171999987,81.87922233220772,1504
17272.0,2148.63,4,1778,-4.1,1.0,2.0,2144.53,0.25,0.001908192662301094,43,4,2148.63,Champions,220,537.1575,13638673.701999987,81.89209895546378,1505
13320.0,2211.6,6,1509,-67.15,3.0,37.0,2144.45,0.5,0.030362633387592698,79,6,2211.6,Potential Loyalists,400,368.6,13640818.151999986,81.90497509836756,1506
14216.0,2150.04,5,712,-7.6499999999999995,1.0,3.0,2142.39,0.2,0.0035580733381704523,4,5,2150.04,Champions,411,430.008,13642960.541999986,81.9178388722003,1507
16177.0,2247.31,8,1021,-105.7,4.0,20.0,2141.61,0.5,0.04703400954919437,51,8,2247.31,Champions,597,280.91375,13645102.151999986,81.9306979625984,1508
12687.0,2138.91,2,1403,0.0,0.0,0.0,2138.91,0.0,0.0,481,2,2138.91,Hibernating,0,1069.455,13647241.061999986,81.94354084110725,1509
17029.0,2137.3,7,1265,0.0,0.0,0.0,2137.3,0.0,0.0,111,7,2137.3,Potential Loyalists,553,305.3285714285715,13649378.361999987,81.95637405252663,1510
15638.0,2265.2,6,1134,-128.0,3.0,56.0,2137.2,0.5,0.056507151686385315,379,6,2265.2,At Risk High Value,232,377.5333333333333,13651515.561999986,81.96920666350564,1511
17305.0,2135.46,1,1006,0.0,0.0,0.0,2135.46,0.0,0.0,649,1,2135.46,Hibernating,0,2135.46,13653651.021999987,81.98202882682274,1512
18116.0,2134.4900000000002,13,1267,0.0,0.0,0.0,2134.4900000000002,0.0,0.0,68,13,2134.49,Potential Loyalists,344,164.19153846153847,13655785.511999987,81.9948451658685,1513
16042.0,2245.32,8,1430,-112.12,3.0,23.0,2133.2000000000003,0.375,0.04993497586090179,23,8,2245.32,Champions,431,280.665,13657918.711999986,82.00765375923386,1514
16379.0,2157.4,4,1410,-25.5,1.0,2.0,2131.9,0.25,0.011819783072216556,5,4,2157.4,Champions,74,539.35,13660050.611999987,82.02045454687479,1515
16485.0,2287.19,5,1153,-157.0,2.0,27.0,2130.19,0.4,0.06864318224546277,78,5,2287.19,Potential Loyalists,656,457.438,13662180.801999986,82.03324506698587,1516
17032.0,2984.32,8,1667,-854.54,5.0,11.0,2129.78,0.625,0.28634328758310096,548,8,2984.32,At Risk High Value,182,373.04,13664310.581999986,82.04603312529156,1517
16134.0,2145.34,5,1637,-25.349999999999998,2.0,15.0,2119.9900000000002,0.4,0.011816308836827728,22,5,2145.34,Champions,519,429.068,13666430.571999986,82.05876240048781,1518
14472.0,2118.72,9,1271,0.0,0.0,0.0,2118.72,0.0,0.0,104,9,2118.72,Potential Loyalists,586,235.4133333333333,13668549.291999986,82.07148405009171,1519
14360.0,2118.03,4,1139,0.0,0.0,0.0,2118.03,0.0,0.0,32,4,2118.03,Loyal Customers,63,529.5075,13670667.321999986,82.08420155665726,1520
13152.0,2146.38,7,977,-31.400000000000002,2.0,8.0,2114.98,0.2857142857142857,0.014629282792422591,418,7,2146.38,At Risk High Value,277,306.6257142857143,13672782.301999986,82.09690074979241,1521
17671.0,2403.34,5,1177,-288.63,2.0,113.0,2114.71,0.4,0.12009536728053458,16,5,2403.34,Champions,360,480.668,13674897.011999987,82.10959832173863,1522
14691.0,2114.33,5,707,0.0,0.0,0.0,2114.33,0.0,0.0,31,5,2114.33,Champions,182,422.866,13677011.341999987,82.12229361201155,1523
13643.0,2156.77,10,902,-44.6,5.0,8.0,2112.17,0.5,0.020679071018235604,32,10,2156.77,Champions,700,215.677,13679123.511999987,82.13497593277309,1524
13407.0,2244.7,3,1690,-132.81,3.0,67.0,2111.89,1.0,0.059166035550407635,579,3,2244.7,At Risk,83,748.2333333333332,13681235.401999988,82.14765657230167,1525
14407.0,2157.73,6,1415,-46.65,3.0,3.0,2111.08,0.5,0.02161994318102821,108,6,2157.73,Potential Loyalists,169,359.62166666666667,13683346.481999988,82.1603323482635,1526
16493.0,2132.09,7,1988,-21.97,2.0,51.0,2110.1200000000003,0.2857142857142857,0.010304443058219868,80,7,2132.09,Potential Loyalists,544,304.5842857142857,13685456.601999987,82.17300235999804,1527
13517.0,2128.42,3,1369,-19.35,2.0,9.0,2109.07,0.6666666666666666,0.009091250786968737,60,3,2128.42,Potential Loyalists,120,709.4733333333334,13687565.671999987,82.18566606710898,1528
14410.0,2631.9,11,1369,-526.82,6.0,279.0,2105.08,0.5454545454545454,0.2001671796040883,93,11,2631.9,Potential Loyalists,345,239.2636363636364,13689670.751999987,82.19830581665032,1529
12560.0,2134.01,3,1110,-32.620000000000005,1.0,32.0,2101.3900000000003,0.3333333333333333,0.015285776542752845,6,3,2134.01,Loyal Customers,138,711.3366666666667,13691772.141999988,82.21092340994305,1530
13755.0,2108.06,9,1242,-6.67,1.0,23.0,2101.39,0.1111111111111111,0.003164046564139541,4,9,2108.06,Champions,60,234.2288888888889,13693873.531999988,82.22354100323578,1531
15815.0,2100.6,5,1856,0.0,0.0,0.0,2100.6,0.0,0.0,64,5,2100.6,Potential Loyalists,196,420.12,13695974.131999988,82.2361538530498,1532
17742.0,2098.48,11,653,0.0,0.0,0.0,2098.48,0.0,0.0,114,11,2098.48,Potential Loyalists,625,190.7709090909091,13698072.611999989,82.2487539735286,1533
17159.0,2099.59,5,1348,-4.15,1.0,1.0,2095.44,0.2,0.0019765763791978436,22,5,2099.59,Champions,624,419.918,13700168.051999988,82.26133584062099,1534
13753.0,2094.57,4,1450,0.0,0.0,0.0,2094.57,0.0,0.0,288,4,2094.57,At Risk,449,523.6425,13702262.621999988,82.27391248388243,1535
16600.0,2153.41,13,2420,-59.85,3.0,25.0,2093.56,0.23076923076923078,0.02779312810844196,5,13,2153.41,Champions,717,165.64692307692306,13704356.181999989,82.28648306269642,1536
14469.0,2093.46,4,973,0.0,0.0,0.0,2093.46,0.0,0.0,417,4,2093.46,At Risk,263,523.365,13706449.64199999,82.29905304107005,1537
14399.0,2108.21,8,965,-15.0,1.0,8.0,2093.21,0.125,0.007115040721749731,395,8,2108.21,At Risk High Value,280,263.52625,13708542.85199999,82.31162151834285,1538
13265.0,2092.66,5,1740,0.0,0.0,0.0,2092.66,0.0,0.0,54,5,2092.66,Champions,220,418.532,13710635.51199999,82.32418669319377,1539
17113.0,2305.59,6,913,-213.43,2.0,99.0,2092.1600000000003,0.3333333333333333,0.09257066520933904,575,6,2305.59,At Risk High Value,123,384.265,13712727.671999991,82.33674886584296,1540
15456.0,2091.52,10,2727,0.0,0.0,0.0,2091.52,0.0,0.0,284,10,2091.52,At Risk High Value,448,209.152,13714819.19199999,82.34930719567399,1541
16054.0,2111.88,4,791,-21.2,3.0,12.0,2090.6800000000003,0.75,0.010038449154308009,146,4,2111.88,Potential Loyalists,472,527.97,13716909.87199999,82.36186048180613,1542
12501.0,2169.39,1,1783,-79.71000000000001,1.0,61.0,2089.68,1.0,0.03674304758480495,337,1,2169.39,Hibernating,0,2169.39,13718999.55199999,82.37440776353486,1543
15151.0,2085.61,2,795,0.0,0.0,0.0,2085.61,0.0,0.0,424,2,2085.61,Hibernating,86,1042.805,13721085.16199999,82.3869306073417,1544
12576.0,2142.7200000000003,8,1494,-58.85,3.0,15.0,2083.8700000000003,0.375,0.027465091099163678,36,8,2142.7200000000003,Champions,491,267.84000000000003,13723169.031999988,82.39944300348657,1545
14499.0,2101.79,7,1231,-18.35,3.0,9.0,2083.44,0.42857142857142855,0.008730653395439127,27,7,2101.79,Champions,443,300.2557142857143,13725252.471999988,82.41195281773798,1546
13591.0,2093.94,7,850,-12.75,1.0,1.0,2081.19,0.14285714285714285,0.006088999684804722,65,7,2093.94,Potential Loyalists,661,299.13428571428574,13727333.661999987,82.42444912208173,1547
14396.0,2079.73,7,998,0.0,0.0,0.0,2079.73,0.0,0.0,66,7,2079.73,Potential Loyalists,672,297.1042857142857,13729413.391999988,82.43693665999649,1548
14644.0,2247.72,7,770,-170.25,5.0,15.0,2077.47,0.7142857142857143,0.07574341999893226,68,7,2247.72,Potential Loyalists,669,321.1028571428571,13731490.861999989,82.44941062795952,1549
18026.0,2074.07,2,530,0.0,0.0,0.0,2074.07,0.0,0.0,501,2,2074.07,At Risk,5,1037.035,13733564.931999989,82.46186418095094,1550
13610.0,2103.71,14,869,-31.75,3.0,8.0,2071.96,0.21428571428571427,0.015092384406595966,13,14,2103.71,Champions,691,150.265,13735636.89199999,82.47430506465116,1551
16201.0,2112.12,5,1421,-41.95,1.0,19.0,2070.17,0.2,0.019861560896161205,4,5,2112.12,Champions,412,422.424,13737707.06199999,82.48673520046927,1552
13478.0,2215.78,5,1189,-147.75,2.0,21.0,2068.03,0.4,0.06668080766141042,470,5,2215.78,At Risk High Value,208,443.15600000000006,13739775.091999989,82.49915248686405,1553
18009.0,2144.23,8,651,-78.75,6.0,16.0,2065.48,0.75,0.03672647057451859,236,8,2144.23,At Risk High Value,417,268.02875,13741840.57199999,82.51155446203013,1554
12997.0,2110.91,8,1186,-45.8,8.0,23.0,2065.1099999999997,1.0,0.021696803748146535,23,8,2110.91,Champions,590,263.86375,13743905.681999989,82.52395421556696,1555
16807.0,2123.88,6,1433,-59.00000000000001,2.0,20.0,2064.88,0.3333333333333333,0.02777934723242368,143,6,2123.88,Potential Loyalists,481,353.98,13745970.56199999,82.536352588091,1556
17585.0,2064.71,7,2510,0.0,0.0,0.0,2064.71,0.0,0.0,110,7,2064.71,Potential Loyalists,369,294.9585714285714,13748035.27199999,82.54874993986647,1557
16726.0,2063.88,7,1323,0.0,0.0,0.0,2063.88,0.0,0.0,27,7,2063.88,Champions,385,294.84000000000003,13750099.151999991,82.56114230798708,1558
16934.0,2083.14,6,936,-20.25,1.0,3.0,2062.89,0.16666666666666666,0.009720902099714854,55,6,2083.14,Champions,567,347.19,13752162.041999992,82.57352873174833,1559
12610.0,2099.54,5,1049,-41.55,2.0,21.0,2057.99,0.4,0.01979004924888309,23,5,2099.54,Champions,104,419.908,13754220.031999992,82.58588573393283,1560
12518.0,2056.89,5,1318,0.0,0.0,0.0,2056.89,0.0,0.0,1,5,2056.89,Champions,110,411.378,13756276.921999993,82.59823613127358,1561
15252.0,2103.41,5,1430,-50.349999999999994,2.0,15.0,2053.06,0.4,0.023937320826657664,37,5,2103.41,Champions,575,420.682,13758329.981999993,82.61056353174925,1562
14723.0,2050.25,11,1282,0.0,0.0,0.0,2050.25,0.0,0.0,11,11,2050.25,Champions,725,186.38636363636363,13760380.231999993,82.62287405985133,1563
17086.0,2050.08,6,1859,0.0,0.0,0.0,2050.08,0.0,0.0,8,6,2050.08,Champions,56,341.68,13762430.311999993,82.6351835672048,1564
17666.0,2047.8,5,1552,0.0,0.0,0.0,2047.8,0.0,0.0,4,5,2047.8,Champions,524,409.56,13764478.111999994,82.64747938451852,1565
16996.0,2123.61,9,919,-79.45,4.0,33.0,2044.16,0.4444444444444444,0.037412707606387235,31,9,2123.61,Champions,387,235.95666666666668,13766522.271999994,82.6597533458038,1566
14232.0,2048.07,5,1941,-4.14,3.0,4.0,2043.93,0.6,0.0020214152836572964,43,5,2048.07,Champions,222,409.614,13768566.201999994,82.67202592607627,1567
17705.0,2083.9,11,1301,-42.4,1.0,6.0,2041.5,0.09090909090909091,0.02034646576131292,4,11,2083.9,Champions,573,189.44545454545457,13770607.701999994,82.68428391564846,1568
18258.0,2059.67,6,1981,-18.7,2.0,8.0,2040.97,0.3333333333333333,0.009079124325741502,465,6,2059.67,At Risk High Value,108,343.27833333333336,13772648.671999995,82.69653872288684,1569
13799.0,2803.57,9,1539,-763.75,4.0,181.0,2039.8200000000002,0.4444444444444444,0.2724205209786094,117,9,2803.57,Potential Loyalists,528,311.5077777777778,13774688.491999995,82.7087866250613,1570
14988.0,2038.65,7,1260,0.0,0.0,0.0,2038.65,0.0,0.0,212,7,2038.65,At Risk High Value,391,291.2357142857143,13776727.141999995,82.72102750208376,1571
16214.0,2038.25,4,1308,0.0,0.0,0.0,2038.25,0.0,0.0,171,4,2038.25,Potential Loyalists,265,509.5625,13778765.391999995,82.73326597734484,1572
16331.0,2037.7,6,756,0.0,0.0,0.0,2037.7,0.0,0.0,433,6,2037.7,At Risk High Value,210,339.6166666666667,13780803.091999995,82.74550115018404,1573
13705.0,2035.33,7,1009,0.0,0.0,0.0,2035.33,0.0,0.0,8,7,2035.33,Champions,617,290.7614285714285,13782838.421999995,82.75772209258716,1574
15253.0,2055.09,8,1588,-21.8,4.0,11.0,2033.2900000000002,0.5,0.01060780793055292,17,8,2055.09,Champions,570,256.88625,13784871.711999994,82.76993078600731,1575
17846.0,2033.1,1,1,0.0,0.0,0.0,2033.1,0.0,0.0,86,1,2033.1,Needs Attention,0,2033.1,13786904.811999993,82.7821383385908,1576
17289.0,2041.8,9,1237,-9.5,2.0,2.0,2032.3,0.2222222222222222,0.004652757370947204,32,9,2041.8,Champions,610,226.86666666666667,13788937.111999994,82.79434108765157,1577
16794.0,2052.7,15,1576,-21.2,2.0,4.0,2031.4999999999998,0.13333333333333333,0.010327860866176257,2,15,2052.7,Champions,623,136.84666666666666,13790968.611999994,82.80653903318961,1578
15272.0,2030.95,6,665,0.0,0.0,0.0,2030.95,0.0,0.0,58,6,2030.95,Champions,606,338.4916666666667,13792999.561999993,82.81873367630575,1579
15506.0,2030.33,6,1637,0.0,0.0,0.0,2030.33,0.0,0.0,23,6,2030.33,Champions,455,338.3883333333333,13795029.891999993,82.8309245966918,1580
12586.0,2062.67,4,687,-34.0,1.0,4.0,2028.67,0.25,0.016483489845685446,18,4,2062.67,Loyal Customers,706,515.6675,13797058.561999993,82.84310554976817,1581
12873.0,2027.3,3,786,0.0,0.0,0.0,2027.3,0.0,0.0,283,3,2027.3,At Risk,399,675.7666666666667,13799085.861999994,82.85527827681186,1582
13989.0,2026.06,5,2207,0.0,0.0,0.0,2026.06,0.0,0.0,66,5,2026.06,Potential Loyalists,498,405.212,13801111.921999995,82.86744355839532,1583
16510.0,2025.6,6,1022,0.0,0.0,0.0,2025.6,0.0,0.0,373,6,2025.6,At Risk High Value,319,337.6,13803137.521999994,82.8796060779532,1584
14651.0,2025.52,9,880,0.0,0.0,0.0,2025.52,0.0,0.0,68,9,2025.52,Potential Loyalists,564,225.05777777777777,13805163.041999994,82.89176811715882,1585
14631.0,2025.69,6,1407,-2.52,1.0,12.0,2023.17,0.16666666666666666,0.0012440205559587103,51,6,2025.69,Champions,437,337.615,13807186.211999994,82.9039160460164,1586
17227.0,2021.18,12,1773,0.0,0.0,0.0,2021.18,0.0,0.0,19,12,2021.18,Champions,675,168.43166666666667,13809207.391999993,82.91605202611119,1587
12348.0,2019.3999999999999,5,2714,0.0,0.0,0.0,2019.3999999999999,0.0,0.0,76,5,2019.4,Potential Loyalists,363,403.88,13811226.791999994,82.9281773183679,1588
14147.0,2590.2,9,995,-570.9,3.0,158.0,2019.2999999999997,0.3333333333333333,0.22040769052582812,79,9,2590.2,Potential Loyalists,562,287.79999999999995,13813246.091999995,82.94030201018427,1589
14188.0,2054.36,6,1162,-35.45,4.0,17.0,2018.91,0.6666666666666666,0.017255982398411186,31,6,2054.36,Champions,280,342.3933333333334,13815265.001999995,82.95242436028332,1590
12418.0,2021.2,4,1088,-4.25,1.0,1.0,2016.95,0.25,0.002102711260637245,113,4,2021.2,Potential Loyalists,518,505.3,13817281.951999994,82.96453494175165,1591
16197.0,2016.71,9,1420,0.0,0.0,0.0,2016.71,0.0,0.0,470,9,2016.71,At Risk High Value,254,224.07888888888888,13819298.661999995,82.97664408216318,1592
15384.0,2027.79,4,1767,-13.3,1.0,6.0,2014.49,0.25,0.006558864576706662,170,4,2027.79,Potential Loyalists,423,506.9475,13821313.151999995,82.98873989279912,1593
15864.0,2180.76,7,1486,-166.54,2.0,148.0,2014.2200000000003,0.2857142857142857,0.07636787175113262,23,7,2180.76,Champions,359,311.5371428571429,13823327.371999996,83.00083408224614,1594
13663.0,2047.51,5,893,-33.9,1.0,2.0,2013.61,0.2,0.016556695693793925,180,5,2047.51,Potential Loyalists,467,409.502,13825340.981999995,83.01292460900707,1595
15164.0,2028.1100000000001,9,912,-16.9,1.0,2.0,2011.21,0.1111111111111111,0.008332881352589356,69,9,2028.11,Potential Loyalists,622,225.3455555555556,13827352.191999996,83.02500072519983,1596
14225.0,2031.07,4,1167,-21.9,1.0,13.0,2009.1699999999998,0.25,0.01078249395638752,435,4,2031.07,At Risk,262,507.7675,13829361.361999996,83.03706459240959,1597
13696.0,2020.4,3,552,-11.7,1.0,6.0,2008.7,0.3333333333333333,0.005790932488616115,422,3,2020.4,At Risk,245,673.4666666666667,13831370.061999995,83.04912563754976,1598
17460.0,2228.27,16,980,-220.87,5.0,71.0,2007.4,0.3125,0.09912174018408901,95,16,2228.27,Potential Loyalists,592,139.266875,13833377.461999996,83.06117887696549,1599
13092.0,2140.28,12,664,-132.95000000000002,3.0,63.0,2007.3300000000002,0.25,0.06211804063019792,71,12,2140.28,Potential Loyalists,597,178.35666666666668,13835384.791999996,83.07323169607298,1600
17126.0,2016.43,9,1426,-12.899999999999999,2.0,2.0,2003.53,0.2222222222222222,0.00639744498941198,153,9,2016.43,Potential Loyalists,313,224.04777777777775,13837388.321999995,83.08526169844748,1601
13888.0,2001.5900000000001,7,795,0.0,0.0,0.0,2001.5900000000001,0.0,0.0,120,7,2001.59,Potential Loyalists,456,285.9414285714286,13839389.911999995,83.09728005227937,1602
12986.0,2729.84,10,1164,-731.5,2.0,282.0,1998.3400000000001,0.2,0.2679644228233156,429,10,2729.84,At Risk High Value,259,272.98400000000004,13841388.251999995,83.10927889180016,1603
16698.0,1998.0,2,840,0.0,0.0,0.0,1998.0,0.0,0.0,227,2,1998.0,Hibernating,27,999.0,13843386.251999995,83.12127568982378,1604
14628.0,1998.0,5,1147,0.0,0.0,0.0,1998.0,0.0,0.0,92,5,1998.0,Potential Loyalists,592,399.6,13845384.251999995,83.1332724878474,1605
15990.0,1997.75,7,1086,0.0,0.0,0.0,1997.75,0.0,0.0,45,7,1997.75,Champions,605,285.3928571428572,13847382.001999995,83.14526778477017,1606
13630.0,2031.78,7,1391,-36.1,4.0,14.0,1995.68,0.5714285714285714,0.01776767169673882,6,7,2031.78,Champions,280,290.2542857142857,13849377.681999994,83.15725065257787,1607
12975.0,2100.09,6,911,-106.1,2.0,8.0,1993.9900000000002,0.3333333333333333,0.05052164431048192,437,6,2100.09,At Risk High Value,297,350.01500000000004,13851371.671999995,83.16922337294382,1608
15481.0,1993.34,1,1450,0.0,0.0,0.0,1993.34,0.0,0.0,402,1,1993.34,Hibernating,0,1993.34,13853365.011999995,83.18119219044752,1609
17048.0,2071.68,7,1068,-80.23,4.0,35.0,1991.4499999999998,0.5714285714285714,0.03872702347852951,118,7,2071.68,Potential Loyalists,573,295.9542857142857,13855356.461999994,83.19314965962876,1610
17088.0,1991.01,4,868,0.0,0.0,0.0,1991.01,0.0,0.0,29,4,1991.01,Champions,225,497.7525,13857347.471999994,83.20510448687251,1611
16235.0,2053.71,9,788,-63.1,2.0,8.0,1990.6100000000001,0.2222222222222222,0.030724883260051322,41,9,2053.71,Champions,430,228.19,13859338.081999993,83.2170569123549,1612
13874.0,2049.15,7,864,-59.95,3.0,13.0,1989.2,0.42857142857142855,0.029256032989288243,359,7,2049.15,At Risk High Value,315,292.7357142857143,13861327.281999992,83.22900087162847,1613
14623.0,2016.98,10,1025,-28.75,2.0,5.0,1988.23,0.2,0.014253983678568949,33,10,2016.98,Champions,570,201.698,13863315.511999993,83.24093900663073,1614
17351.0,1988.23,12,383,0.0,0.0,0.0,1988.23,0.0,0.0,37,12,1988.23,Champions,693,165.6858333333333,13865303.741999993,83.25287714163298,1615
15550.0,2211.05,12,1139,-223.2,2.0,8.0,1987.8500000000001,0.16666666666666666,0.10094751362474841,5,12,2211.05,Champions,732,184.2541666666667,13867291.591999993,83.26481299496194,1616
16529.0,1986.8,4,739,0.0,0.0,0.0,1986.8,0.0,0.0,191,4,1986.8,At Risk High Value,340,496.7,13869278.391999993,83.27674254366732,1617
14896.0,2083.2200000000003,8,1115,-98.7,2.0,14.0,1984.5200000000002,0.25,0.04737857739461026,205,8,2083.2200000000003,At Risk High Value,529,260.40250000000003,13871262.911999993,83.2886584023329,1618
15478.0,1983.48,3,894,0.0,0.0,0.0,1983.48,0.0,0.0,41,3,1983.48,Loyal Customers,535,661.16,13873246.391999993,83.30056801641895,1619
12585.0,2040.1,2,1279,-57.29,2.0,21.0,1982.81,1.0,0.028081956766825157,235,2,2040.1,Hibernating,117,1020.05,13875229.201999994,83.3124736075547,1620
15192.0,1981.39,5,1644,0.0,0.0,0.0,1981.39,0.0,0.0,120,5,1981.39,Potential Loyalists,560,396.278,13877210.591999995,83.3243706724376,1621
12582.0,1980.4,4,985,0.0,0.0,0.0,1980.4,0.0,0.0,239,4,1980.4,At Risk,339,495.1,13879190.991999995,83.33626179296112,1622
15795.0,1979.8700000000001,8,1411,0.0,0.0,0.0,1979.8700000000001,0.0,0.0,150,8,1979.87,Potential Loyalists,541,247.48375,13881170.861999994,83.34814973115083,1623
16332.0,2000.01,11,1128,-20.439999999999998,2.0,44.0,1979.57,0.18181818181818182,0.010219948900255498,29,11,2000.01,Champions,561,181.8190909090909,13883150.431999994,83.3600358680195,1624
14152.0,1997.3400000000001,7,1844,-21.9,2.0,18.0,1975.44,0.2857142857142857,0.010964582895250681,76,7,1997.34,Potential Loyalists,584,285.3342857142857,13885125.871999994,83.37189720670209,1625
17633.0,2057.39,7,899,-82.5,2.0,14.0,1974.8899999999999,0.2857142857142857,0.04009934917541157,32,7,2057.39,Champions,358,293.91285714285715,13887100.761999995,83.38375524296278,1626
15531.0,1972.39,2,1085,0.0,0.0,0.0,1972.39,0.0,0.0,9,2,1972.39,New / Promising,22,986.195,13889073.151999995,83.39559826821494,1627
17797.0,1971.8700000000001,8,1086,0.0,0.0,0.0,1971.8700000000001,0.0,0.0,23,8,1971.87,Champions,702,246.48375,13891045.021999994,83.40743817117733,1628
14634.0,2124.46,4,1906,-152.64,3.0,56.0,1971.8200000000002,0.75,0.0718488462950585,438,4,2124.46,At Risk,104,531.115,13893016.841999995,83.41927777391955,1629
16960.0,1990.88,8,1492,-21.45,1.0,11.0,1969.43,0.125,0.010774130032950252,39,8,1990.88,Champions,609,248.86,13894986.271999994,83.43110302613759,1630
16032.0,1965.72,6,1467,0.0,0.0,0.0,1965.72,0.0,0.0,457,6,1965.72,At Risk High Value,67,327.62,13896951.991999995,83.44290600201899,1631
15030.0,1979.91,8,1225,-15.25,1.0,2.0,1964.66,0.125,0.007702370309761554,72,8,1979.91,Potential Loyalists,574,247.48875,13898916.651999995,83.45470261323274,1632
16176.0,2052.69,4,952,-88.65,3.0,39.0,1964.04,0.75,0.043187232363386584,422,4,2052.69,At Risk High Value,199,513.1725,13900880.691999994,83.46649550171638,1633
17966.0,1963.92,10,3918,0.0,0.0,0.0,1963.92,0.0,0.0,38,10,1963.92,Champions,653,196.392,13902844.611999994,83.47828766967162,1634
17158.0,1980.0,5,1147,-17.7,1.0,4.0,1962.3,0.2,0.00893939393939394,33,5,1980.0,Champions,610,396.0,13904806.911999995,83.49007011049332,1635
12399.0,1962.3,7,2198,0.0,0.0,0.0,1962.3,0.0,0.0,120,7,1962.3,Potential Loyalists,525,280.3285714285714,13906769.211999996,83.50185255131503,1636
18204.0,1975.3500000000001,3,1190,-14.4,1.0,2.0,1960.95,0.3333333333333333,0.007289847368820715,72,3,1975.35,Potential Loyalists,121,658.45,13908730.161999995,83.5136268861921,1637
14477.0,1969.6,7,1120,-8.99,3.0,5.0,1960.61,0.42857142857142855,0.0045643785540211215,20,7,1969.6,Champions,685,281.37142857142857,13910690.771999994,83.52539917957203,1638
13208.0,1976.3,9,1343,-18.0,1.0,18.0,1958.3,0.1111111111111111,0.009107928958154127,59,9,1976.3,Champions,678,219.58888888888887,13912649.071999995,83.53715760278007,1639
16290.0,1957.7,4,957,0.0,0.0,0.0,1957.7,0.0,0.0,465,4,1957.7,At Risk High Value,101,489.425,13914606.771999994,83.54891242334607,1640
14301.0,1992.18,4,1686,-35.95,3.0,13.0,1956.23,0.75,0.018045558132297284,118,4,1992.18,Potential Loyalists,549,498.045,13916563.001999995,83.56065841743904,1641
17039.0,1954.99,1,689,0.0,0.0,0.0,1954.99,0.0,0.0,605,1,1954.99,Hibernating,0,1954.99,13918517.991999995,83.57239696607178,1642
18016.0,1954.56,7,1207,0.0,0.0,0.0,1954.56,0.0,0.0,33,7,1954.56,Champions,649,279.22285714285715,13920472.551999995,83.58413293281104,1643
17554.0,1952.45,5,1763,0.0,0.0,0.0,1952.45,0.0,0.0,2,5,1952.45,Champions,147,390.49,13922425.001999995,83.5958562302591,1644
13761.0,1952.17,6,1079,0.0,0.0,0.0,1952.17,0.0,0.0,51,6,1952.17,Champions,606,325.3616666666667,13924377.171999995,83.60757784647421,1645
13693.0,2011.8200000000002,9,880,-63.5,4.0,9.0,1948.3200000000002,0.4444444444444444,0.03156345995168554,375,9,2011.82,At Risk High Value,358,223.5355555555556,13926325.491999995,83.61927634573615,1646
15081.0,1965.72,12,806,-17.45,1.0,2.0,1948.27,0.08333333333333333,0.008877154426876666,23,12,1965.72,Champions,513,163.81,13928273.761999995,83.63097454477794,1647
14014.0,1948.21,3,2004,0.0,0.0,0.0,1948.21,0.0,0.0,78,3,1948.21,Potential Loyalists,499,649.4033333333333,13930221.971999995,83.64267238355554,1648
16891.0,1945.2,11,738,0.0,0.0,0.0,1945.2,0.0,0.0,2,11,1945.2,Champions,734,176.83636363636364,13932167.171999995,83.65435214907883,1649
15425.0,1941.1200000000001,4,1041,0.0,0.0,0.0,1941.1200000000001,0.0,0.0,401,4,1941.12,At Risk,263,485.28,13934108.291999994,83.66600741663619,1650
14905.0,1971.39,8,1009,-31.7,2.0,22.0,1939.69,0.25,0.016080024754107507,158,8,1971.39,Potential Loyalists,579,246.42375,13936047.981999993,83.67765409789666,1651
14418.0,1937.25,3,1711,0.0,0.0,0.0,1937.25,0.0,0.0,4,3,1937.25,Loyal Customers,105,645.75,13937985.231999993,83.68928612841282,1652
15605.0,1936.8,9,712,-3.4,1.0,4.0,1933.3999999999999,0.1111111111111111,0.001755472945064023,37,9,1936.8,Champions,658,215.2,13939918.631999994,83.70089504197583,1653
15789.0,1962.01,6,2499,-30.0,1.0,24.0,1932.01,0.16666666666666666,0.015290441944740343,359,6,1962.01,At Risk High Value,265,327.00166666666667,13941850.641999993,83.71249560941808,1654
15803.0,1929.66,4,1030,0.0,0.0,0.0,1929.66,0.0,0.0,52,4,1929.66,Loyal Customers,625,482.415,13943780.301999994,83.72408206651231,1655
14276.0,2102.68,7,1406,-173.36,6.0,62.0,1929.3199999999997,0.8571428571428571,0.08244716266859438,99,7,2102.68,Potential Loyalists,562,300.3828571428571,13945709.621999994,83.73566648210937,1656
17236.0,1929.26,12,804,0.0,0.0,0.0,1929.26,0.0,0.0,13,12,1929.26,Champions,630,160.77166666666668,13947638.881999994,83.74725053744223,1657
16788.0,1928.93,5,965,0.0,0.0,0.0,1928.93,0.0,0.0,124,5,1928.93,Potential Loyalists,547,385.786,13949567.811999993,83.75883261132196,1658
13029.0,1927.3,5,194,0.0,0.0,0.0,1927.3,0.0,0.0,31,5,1927.3,Champions,493,385.46,13951495.111999994,83.77040489802414,1659
17135.0,1937.76,10,1908,-10.92,1.0,26.0,1926.84,0.1,0.005635372801585336,17,10,1937.76,Champions,563,193.776,13953421.951999994,83.78197442270073,1660
12385.0,1938.4,1,612,-15.0,1.0,1.0,1923.4,1.0,0.007738340899711101,380,1,1938.4,Hibernating,0,1938.4,13955345.351999994,83.7935232922296,1661
12528.0,1933.48,6,756,-11.2,2.0,6.0,1922.28,0.3333333333333333,0.005792664004799636,10,6,1933.48,Champions,303,322.24666666666667,13957267.631999994,83.80506543682661,1662
12674.0,1970.6,4,1133,-48.34,3.0,30.0,1922.26,0.75,0.024530599817314525,39,4,1970.6,Loyal Customers,169,492.65,13959189.891999993,83.81660746133555,1663
16681.0,1921.8400000000001,7,1492,0.0,0.0,0.0,1921.8400000000001,0.0,0.0,73,7,1921.84,Potential Loyalists,569,274.54857142857145,13961111.731999993,83.82814696399508,1664
13838.0,1920.73,10,774,0.0,0.0,0.0,1920.73,0.0,0.0,6,10,1920.73,Champions,574,192.073,13963032.461999994,83.83967980176682,1665
12842.0,1917.99,4,887,0.0,0.0,0.0,1917.99,0.0,0.0,71,4,1917.99,Potential Loyalists,667,479.4975,13964950.451999994,83.85119618747319,1666
14332.0,1917.41,5,875,0.0,0.0,0.0,1917.41,0.0,0.0,23,5,1917.41,Champions,394,383.482,13966867.861999994,83.86270909062559,1667
16619.0,1938.3300000000002,4,1055,-21.8,1.0,4.0,1916.5300000000002,0.25,0.011246794921401413,264,4,1938.33,At Risk High Value,392,484.5825,13968784.391999993,83.87421670990295,1668
16650.0,1916.11,7,1511,0.0,0.0,0.0,1916.11,0.0,0.0,72,7,1916.11,Potential Loyalists,448,273.73,13970700.501999993,83.88572180733091,1669
13476.0,2061.4700000000003,5,713,-145.7,2.0,3.0,1915.7700000000002,0.4,0.07067772026757603,179,5,2061.4700000000003,Potential Loyalists,466,412.294,13972616.271999992,83.8972248632617,1670
16692.0,1914.6999999999998,4,878,0.0,0.0,0.0,1914.6999999999998,0.0,0.0,257,4,1914.7,At Risk High Value,185,478.675,13974530.971999992,83.90872149448083,1671
15620.0,1942.36,4,1249,-32.43,4.0,21.0,1909.9299999999998,1.0,0.01669618402355897,57,4,1942.36,Loyal Customers,353,485.59,13976440.901999991,83.92018948469567,1672
14481.0,2284.69,5,1568,-376.17,1.0,1.0,1908.52,0.2,0.16464815795578394,165,5,2284.69,Potential Loyalists,513,456.938,13978349.421999991,83.9316490087017,1673
14205.0,2414.2,9,1342,-505.82,3.0,211.0,1908.3799999999999,0.3333333333333333,0.2095186811366084,17,9,2414.2,Champions,626,268.2444444444444,13980257.801999992,83.94310769209126,1674
17046.0,1906.07,5,1636,0.0,0.0,0.0,1906.07,0.0,0.0,158,5,1906.07,Potential Loyalists,463,381.214,13982163.871999992,83.95455250530892,1675
17235.0,1904.88,8,971,0.0,0.0,0.0,1904.88,0.0,0.0,26,8,1904.88,Champions,528,238.11,13984068.751999993,83.96599017328653,1676
14250.0,1904.05,3,1200,0.0,0.0,0.0,1904.05,0.0,0.0,8,3,1904.05,Loyal Customers,82,634.6833333333333,13985972.801999994,83.9774228576093,1677
14127.0,1900.0800000000002,6,828,0.0,0.0,0.0,1900.0800000000002,0.0,0.0,123,6,1900.08,Potential Loyalists,303,316.68,13987872.881999994,83.9888317044505,1678
14710.0,1899.79,13,1135,0.0,0.0,0.0,1899.79,0.0,0.0,15,13,1899.79,Champions,722,146.1376923076923,13989772.671999993,84.00023881001472,1679
12531.0,1933.2,2,1119,-34.15,1.0,15.0,1899.05,0.5,0.01766501138009518,15,2,1933.2,New / Promising,672,966.6,13991671.721999994,84.0116414723204,1680
12762.0,1898.52,2,1227,0.0,0.0,0.0,1898.52,0.0,0.0,8,2,1898.52,New / Promising,18,949.26,13993570.241999993,84.02304095229228,1681
14741.0,1897.5900000000001,7,1120,0.0,0.0,0.0,1897.5900000000001,0.0,0.0,12,7,1897.59,Champions,406,271.0842857142857,13995467.831999993,84.03443484816898,1682
14730.0,1897.57,8,1078,0.0,0.0,0.0,1897.57,0.0,0.0,2,8,1897.57,Champions,275,237.19625,13997365.401999993,84.04582862395762,1683
17337.0,1981.06,4,1247,-83.55000000000001,3.0,29.0,1897.51,0.75,0.04217439148738555,152,4,1981.06,Potential Loyalists,159,495.265,13999262.911999993,84.05722203948204,1684
17560.0,1895.8,8,1588,0.0,0.0,0.0,1895.8,0.0,0.0,95,8,1895.8,Potential Loyalists,566,236.975,14001158.711999994,84.06860518747663,1685
14327.0,1894.93,6,1296,0.0,0.0,0.0,1894.93,0.0,0.0,164,6,1894.93,Potential Loyalists,537,315.82166666666666,14003053.641999993,84.07998311164026,1686
12584.0,2338.15,9,416,-444.2,9.0,62.0,1893.95,1.0,0.18997925710497615,4,9,2338.15,Champions,277,259.7944444444445,14004947.591999993,84.09135515148853,1687
12352.0,2849.84,10,724,-960.63,3.0,66.0,1889.21,0.3,0.33708208180108357,37,10,2849.84,Champions,356,284.98400000000004,14006836.801999994,84.10269873046461,1688
14794.0,1953.9,10,783,-64.75,3.0,5.0,1889.15,0.3,0.033138850504119965,3,10,1953.9,Champions,485,195.39,14008725.951999994,84.11404194917648,1689
15381.0,1890.57,5,802,-2.95,1.0,1.0,1887.62,0.2,0.0015603759712679247,214,5,1890.57,At Risk High Value,370,378.114,14010613.571999993,84.12537598115112,1690
16172.0,1884.55,8,1419,0.0,0.0,0.0,1884.55,0.0,0.0,96,8,1884.55,Potential Loyalists,418,235.56875,14012498.121999994,84.1366915796073,1691
16942.0,1904.99,9,805,-26.479999999999997,1.0,4.0,1878.51,0.1111111111111111,0.013900335434831677,13,9,1904.99,Champions,215,211.6655555555556,14014376.631999994,84.14797091146684,1692
16770.0,1909.73,9,1108,-32.1,2.0,14.0,1877.63,0.2222222222222222,0.016808658815644098,58,9,1909.73,Champions,417,212.19222222222223,14016254.261999995,84.15924495945139,1693
14000.0,2046.34,5,1838,-168.75,3.0,27.0,1877.59,0.6,0.08246430211988233,212,5,2046.34,At Risk High Value,526,409.268,14018131.851999994,84.17051876725978,1694
13276.0,1891.91,5,840,-20.7,2.0,2.0,1871.21,0.4,0.010941323847328889,64,5,1891.91,Potential Loyalists,579,378.382,14020003.061999995,84.1817542669744,1695
16631.0,1892.52,7,775,-25.5,1.0,2.0,1867.02,0.14285714285714285,0.013474098028026123,482,7,1892.52,At Risk High Value,170,270.36,14021870.081999995,84.19296460823868,1696
15248.0,1893.93,3,1065,-28.9,1.0,8.0,1865.03,0.3333333333333333,0.015259275686007401,412,3,1893.93,At Risk,123,631.3100000000001,14023735.111999994,84.20416300074018,1697
17350.0,1893.701,7,1178,-29.88,1.0,36.0,1863.821,0.14285714285714285,0.01577862608722285,9,7,1893.701,Champions,668,270.5287142857143,14025598.932999995,84.21535413391797,1698
16426.0,1863.76,10,1215,0.0,0.0,0.0,1863.76,0.0,0.0,3,10,1863.76,Champions,274,186.376,14027462.692999994,84.22654490082712,1699
14887.0,1862.0,1,1100,0.0,0.0,0.0,1862.0,0.0,0.0,80,1,1862.0,Needs Attention,0,1862.0,14029324.692999994,84.23772509998628,1700
14130.0,1858.77,4,1215,0.0,0.0,0.0,1858.77,0.0,0.0,320,4,1858.77,At Risk,409,464.6925,14031183.462999994,84.2488859049224,1701
16043.0,1856.5900000000001,8,1011,0.0,0.0,0.0,1856.5900000000001,0.0,0.0,38,8,1856.59,Champions,444,232.07375,14033040.052999994,84.26003362025908,1702
15561.0,1934.3899999999999,8,1334,-77.85,1.0,11.0,1856.54,0.125,0.040245245271119064,12,8,1934.39,Champions,652,241.79875,14034896.592999993,84.27118103537558,1703
13889.0,1991.23,6,979,-135.5,2.0,32.0,1855.73,0.3333333333333333,0.06804839219979611,93,6,1991.23,Potential Loyalists,594,331.87166666666667,14036752.322999993,84.28232358692533,1704
18151.0,1879.44,6,986,-25.5,1.0,6.0,1853.94,0.16666666666666666,0.013567871280807048,135,6,1879.44,Potential Loyalists,511,313.24,14038606.262999993,84.29345539059294,1705
16049.0,1852.15,6,1132,0.0,0.0,0.0,1852.15,0.0,0.0,41,6,1852.15,Champions,476,308.69166666666666,14040458.412999993,84.30457644637845,1706
18180.0,1843.75,6,1721,0.0,0.0,0.0,1843.75,0.0,0.0,5,6,1843.75,Champions,138,307.2916666666667,14042302.162999993,84.31564706517528,1707
12950.0,1843.0,3,1380,0.0,0.0,0.0,1843.0,0.0,0.0,3,3,1843.0,Loyal Customers,22,614.3333333333334,14044145.162999993,84.32671318066954,1708
16917.0,1851.88,2,792,-8.95,1.0,1.0,1842.93,0.5,0.0048329265395165985,277,2,1851.88,At Risk,356,925.94,14045988.092999993,84.33777887585558,1709
16102.0,1842.14,3,942,0.0,0.0,0.0,1842.14,0.0,0.0,43,3,1842.14,Loyal Customers,86,614.0466666666667,14047830.232999993,84.3488398275629,1710
14224.0,1841.71,9,826,0.0,0.0,0.0,1841.71,0.0,0.0,111,9,1841.71,Potential Loyalists,434,204.63444444444443,14049671.942999994,84.35989819737676,1711
17919.0,1840.3200000000002,2,1452,0.0,0.0,0.0,1840.3200000000002,0.0,0.0,89,2,1840.32,Potential Loyalists,350,920.16,14051512.262999995,84.37094822106988,1712
12694.0,1843.35,3,1355,-3.9,1.0,2.0,1839.4499999999998,0.3333333333333333,0.002115713239482464,71,3,1843.35,Potential Loyalists,351,614.4499999999999,14053351.712999994,84.38199302093201,1713
12383.0,1850.56,5,1532,-11.25,1.0,3.0,1839.31,0.2,0.006079240878436798,185,5,1850.56,Potential Loyalists,168,370.112,14055191.022999994,84.39303698017768,1714
17015.0,1838.61,3,1978,0.0,0.0,0.0,1838.61,0.0,0.0,29,3,1838.61,Loyal Customers,157,612.87,14057029.632999994,84.40407673634095,1715
16175.0,1836.44,7,932,0.0,0.0,0.0,1836.44,0.0,0.0,95,7,1836.44,Potential Loyalists,469,262.34857142857146,14058866.072999993,84.4151034629488,1716
13168.0,1840.73,5,898,-9.05,1.0,2.0,1831.68,0.2,0.004916527681952269,37,5,1840.73,Champions,506,368.146,14060697.752999993,84.42610160859641,1717
17152.0,2016.5,4,577,-186.0,1.0,40.0,1830.5,0.25,0.09223902801884454,195,4,2016.5,At Risk High Value,231,504.125,14062528.252999993,84.43709266904798,1718
16152.0,1829.04,1,642,0.0,0.0,0.0,1829.04,0.0,0.0,269,1,1829.04,Hibernating,0,1829.04,14064357.292999992,84.44807496307057,1719
16825.0,1826.89,5,1297,0.0,0.0,0.0,1826.89,0.0,0.0,39,5,1826.89,Champions,496,365.378,14066184.182999993,84.4590443476258,1720
17244.0,1826.04,5,1419,0.0,0.0,0.0,1826.04,0.0,0.0,54,5,1826.04,Champions,680,365.208,14068010.222999992,84.47000862843815,1721
15678.0,1825.94,3,1022,0.0,0.0,0.0,1825.94,0.0,0.0,53,3,1825.94,Loyal Customers,470,608.6466666666666,14069836.162999991,84.48097230881015,1722
14715.0,1825.45,8,1030,0.0,0.0,0.0,1825.45,0.0,0.0,25,8,1825.45,Champions,665,228.18125,14071661.61299999,84.49193304702447,1723
17642.0,1824.49,5,1475,0.0,0.0,0.0,1824.49,0.0,0.0,120,5,1824.49,Potential Loyalists,615,364.898,14073486.10299999,84.50288802101153,1724
16169.0,1822.97,4,1325,0.0,0.0,0.0,1822.97,0.0,0.0,9,4,1822.97,Champions,67,455.7425,14075309.072999991,84.51383386830538,1725
14403.0,1880.51,6,737,-57.75,3.0,11.0,1822.76,0.5,0.030709754268788785,131,6,1880.51,Potential Loyalists,509,313.4183333333333,14077131.832999991,84.52477845467452,1726
14389.0,1898.01,5,1388,-76.94,6.0,55.0,1821.07,1.2,0.04053719421920854,66,5,1898.01,Potential Loyalists,525,379.602,14078952.902999992,84.53571289360188,1727
17259.0,1820.34,6,1100,0.0,0.0,0.0,1820.34,0.0,0.0,149,6,1820.34,Potential Loyalists,507,303.39,14080773.242999991,84.54664294931476,1728
16205.0,1820.11,7,1452,0.0,0.0,0.0,1820.11,0.0,0.0,31,7,1820.11,Champions,512,260.0157142857143,14082593.35299999,84.55757162401486,1729
16233.0,1965.71,9,689,-147.0,3.0,12.0,1818.71,0.3333333333333333,0.07478213978664197,72,9,1965.71,Potential Loyalists,666,218.41222222222223,14084412.062999992,84.56849189255017,1730
15402.0,1830.54,6,2034,-13.899999999999999,1.0,2.0,1816.6399999999999,0.16666666666666666,0.00759338774350738,149,6,1830.54,Potential Loyalists,443,305.09,14086228.702999992,84.57939973197041,1731
15221.0,2465.45,4,287,-649.3499999999999,3.0,48.0,1816.1,0.75,0.2633799103611916,367,4,2465.45,At Risk,271,616.3625,14088044.802999992,84.5903043290128,1732
12644.0,1918.49,4,1032,-102.94999999999999,2.0,31.0,1815.54,0.5,0.05366199458949486,130,4,1918.49,Potential Loyalists,565,479.6225,14089860.342999991,84.60120556358928,1733
16880.0,1813.21,8,904,0.0,0.0,0.0,1813.21,0.0,0.0,31,8,1813.21,Champions,463,226.65125,14091673.552999992,84.61209280790581,1734
13725.0,1980.56,8,806,-170.75,3.0,147.0,1809.81,0.375,0.08621299026537949,50,8,1980.56,Champions,259,247.57,14093483.362999992,84.62295963725073,1735
15530.0,1808.68,5,1328,0.0,0.0,0.0,1808.68,0.0,0.0,22,5,1808.68,Champions,491,361.736,14095292.042999992,84.63381968161978,1736
15807.0,1817.52,5,1532,-9.95,1.0,1.0,1807.57,0.2,0.0054744927153483865,51,5,1817.52,Champions,616,363.504,14097099.612999992,84.64467306110105,1737
15133.0,1806.9,5,960,0.0,0.0,0.0,1806.9,0.0,0.0,128,5,1806.9,Potential Loyalists,393,361.38,14098906.512999993,84.65552241763203,1738
12381.0,1845.31,5,808,-41.35,1.0,25.0,1803.96,0.2,0.02240815906270491,5,5,1845.31,Champions,115,369.062,14100710.472999994,84.66635412121695,1739
14305.0,1858.96,3,1089,-55.2,2.0,20.0,1803.76,0.6666666666666666,0.029694022464173516,72,3,1858.96,Potential Loyalists,64,619.6533333333333,14102514.232999993,84.6771846239212,1740
13561.0,1803.4,11,1125,0.0,0.0,0.0,1803.4,0.0,0.0,216,11,1803.4,At Risk High Value,434,163.94545454545457,14104317.632999994,84.68801296504024,1741
16249.0,1800.07,5,950,0.0,0.0,0.0,1800.07,0.0,0.0,53,5,1800.07,Champions,187,360.014,14106117.702999994,84.69882131149589,1742
16027.0,2048.36,15,2099,-248.51999999999998,3.0,79.0,1799.8400000000001,0.2,0.12132632935616784,92,15,2048.36,Potential Loyalists,609,136.55733333333333,14107917.542999994,84.70962827693874,1743
16725.0,1810.41,14,764,-11.4,2.0,2.0,1799.01,0.14285714285714285,0.0062969161681608035,303,14,1810.41,At Risk High Value,424,129.315,14109716.552999994,84.72043025872678,1744
12507.0,1844.06,4,1256,-46.75,1.0,11.0,1797.31,0.25,0.025351669685368155,135,4,1844.06,Potential Loyalists,450,461.015,14111513.862999994,84.731222033029,1745
18161.0,1803.1000000000001,6,965,-5.9,1.0,2.0,1797.2,0.16666666666666666,0.003272142421385392,16,6,1803.1,Champions,364,300.5166666666667,14113311.062999994,84.74201314684684,1746
18235.0,1796.48,3,1578,0.0,0.0,0.0,1796.48,0.0,0.0,72,3,1796.48,Potential Loyalists,146,598.8266666666667,14115107.542999994,84.75279993749425,1747
18236.0,1795.3500000000001,12,696,0.0,0.0,0.0,1795.3500000000001,0.0,0.0,30,12,1795.35,Champions,574,149.6125,14116902.892999994,84.76357994316575,1748
14870.0,1838.95,6,483,-44.349999999999994,3.0,5.0,1794.6000000000001,0.5,0.024117023301340437,262,6,1838.95,At Risk High Value,422,306.4916666666667,14118697.492999993,84.77435544553472,1749
14553.0,1818.6,9,1118,-25.5,1.0,2.0,1793.1,0.1111111111111111,0.014021774991751898,20,9,1818.6,Champions,490,202.06666666666663,14120490.592999993,84.78512194129857,1750
18122.0,1793.06,6,1225,0.0,0.0,0.0,1793.06,0.0,0.0,9,6,1793.06,Champions,142,298.8433333333333,14122283.652999993,84.79588819688628,1751
12369.0,1791.15,3,1241,0.0,0.0,0.0,1791.15,0.0,0.0,414,3,1791.15,At Risk,228,597.0500000000001,14124074.802999994,84.80664298406346,1752
13884.0,1825.03,10,752,-36.1,4.0,7.0,1788.93,0.4,0.019780496758957388,8,10,1825.03,Champions,463,182.503,14125863.732999993,84.81738444146507,1753
13375.0,1792.23,2,1124,-5.75,1.0,1.0,1786.48,0.5,0.003208293578391166,89,2,1792.23,Needs Attention,356,896.115,14127650.212999994,84.82811118807831,1754
15608.0,1785.98,5,1262,0.0,0.0,0.0,1785.98,0.0,0.0,29,5,1785.98,Champions,387,357.196,14129436.192999994,84.83883493248983,1755
15452.0,1785.1100000000001,6,1087,0.0,0.0,0.0,1785.1100000000001,0.0,0.0,30,6,1785.11,Champions,482,297.5183333333334,14131221.302999994,84.8495534530704,1756
17165.0,1794.32,6,788,-10.690000000000001,2.0,3.0,1783.6299999999999,0.3333333333333333,0.005957688706585225,285,6,1794.32,At Risk High Value,444,299.05333333333334,14133004.932999995,84.8602630871339,1757
14893.0,1809.6100000000001,3,1047,-27.35,3.0,13.0,1782.2600000000002,1.0,0.01511375379225358,10,3,1809.61,Loyal Customers,608,603.2033333333334,14134787.192999994,84.87096449516473,1758
16110.0,1781.59,4,880,0.0,0.0,0.0,1781.59,0.0,0.0,46,4,1781.59,Champions,477,445.3975,14136568.782999994,84.88166188024525,1759
13782.0,1786.08,13,643,-7.95,1.0,1.0,1778.1299999999999,0.07692307692307693,0.00445108841709218,13,13,1786.08,Champions,721,137.39076923076922,14138346.912999995,84.89233849008998,1760
15822.0,1840.06,6,950,-62.150000000000006,2.0,12.0,1777.9099999999999,0.3333333333333333,0.033776072519374374,4,6,1840.06,Champions,730,306.6766666666667,14140124.822999995,84.90301377896594,1761
12458.0,1777.49,4,986,0.0,0.0,0.0,1777.49,0.0,0.0,72,4,1777.49,Potential Loyalists,416,444.3725,14141902.312999995,84.91368654599249,1762
16611.0,1785.13,6,874,-8.5,1.0,1.0,1776.63,0.16666666666666666,0.004761557981771636,187,6,1785.13,Potential Loyalists,453,297.5216666666667,14143678.942999996,84.92435414923209,1763
18220.0,1921.76,6,1352,-150.06,5.0,94.0,1771.7,0.8333333333333334,0.07808467238364833,227,6,1921.76,At Risk High Value,498,320.2933333333333,14145450.642999995,84.93499215076284,1764
15972.0,1769.33,5,468,0.0,0.0,0.0,1769.33,0.0,0.0,457,5,1769.33,At Risk High Value,144,353.866,14147219.972999996,84.9456159218575,1765
15594.0,1771.78,5,983,-4.25,1.0,1.0,1767.53,0.2,0.0023987176737518203,16,5,1771.78,Champions,219,354.356,14148987.502999995,84.95622888502601,1766
16751.0,1764.72,1,1031,0.0,0.0,0.0,1764.72,0.0,0.0,31,1,1764.72,New / Promising,0,1764.72,14150752.222999996,84.96682497582094,1767
14738.0,1821.9,9,757,-58.26,3.0,30.0,1763.64,0.3333333333333333,0.03197760579614688,43,9,1821.9,Champions,690,202.4333333333333,14152515.862999996,84.97741458186017,1768
12784.0,1763.15,3,862,0.0,0.0,0.0,1763.15,0.0,0.0,10,3,1763.15,Loyal Customers,520,587.7166666666667,14154279.012999997,84.98800124574174,1769
16797.0,1802.02,5,898,-41.0,4.0,8.0,1761.02,0.8,0.022752244703166447,394,5,1802.02,At Risk High Value,344,360.404,14156040.032999996,84.99857512024401,1770
16511.0,1760.49,6,769,0.0,0.0,0.0,1760.49,0.0,0.0,22,6,1760.49,Champions,627,293.415,14157800.522999996,85.00914581241248,1771
16620.0,1758.93,6,1146,0.0,0.0,0.0,1758.93,0.0,0.0,4,6,1758.93,Champions,735,293.15500000000003,14159559.452999996,85.01970713771163,1772
15220.0,1778.96,6,1393,-20.04,1.0,16.0,1758.92,0.16666666666666666,0.011265008769168501,52,6,1778.96,Champions,229,296.49333333333334,14161318.372999996,85.03026840296674,1773
16266.0,1757.95,14,791,0.0,0.0,0.0,1757.95,0.0,0.0,74,14,1757.95,Potential Loyalists,600,125.56785714285716,14163076.322999995,85.04082384395055,1774
16595.0,1757.75,5,1331,0.0,0.0,0.0,1757.75,0.0,0.0,62,5,1757.75,Potential Loyalists,630,351.55,14164834.072999995,85.05137808405367,1775
12778.0,1775.68,9,1735,-18.0,1.0,1.0,1757.68,0.1111111111111111,0.010136961614705352,20,9,1775.68,Champions,583,197.29777777777775,14166591.752999995,85.06193190384853,1776
14704.0,1752.92,11,1164,0.0,0.0,0.0,1752.92,0.0,0.0,12,11,1752.92,Champions,613,159.35636363636365,14168344.672999995,85.07245714268315,1777
14915.0,1811.25,11,707,-58.599999999999994,2.0,8.0,1752.65,0.18181818181818182,0.03235334713595583,92,11,1811.25,Potential Loyalists,645,164.6590909090909,14170097.322999995,85.08298076032885,1778
17609.0,1887.8999999999999,11,1321,-135.35,3.0,77.0,1752.55,0.2727272727272727,0.07169341596482864,41,11,1887.9,Champions,569,171.62727272727273,14171849.872999996,85.09350377753422,1779
16474.0,1810.65,7,909,-60.03,4.0,25.0,1750.6200000000001,0.5714285714285714,0.033153839781294006,8,7,1810.65,Champions,138,258.6642857142857,14173600.492999995,85.10401520624097,1780
13155.0,1750.18,6,909,0.0,0.0,0.0,1750.18,0.0,0.0,34,6,1750.18,Champions,458,291.69666666666666,14175350.672999995,85.11452399301024,1781
14522.0,1748.42,8,956,0.0,0.0,0.0,1748.42,0.0,0.0,25,8,1748.42,Champions,660,218.5525,14177099.092999995,85.12502221202949,1782
13717.0,1763.3,8,2144,-15.25,3.0,3.0,1748.05,0.375,0.008648556683491182,33,8,1763.3,Champions,453,220.4125,14178847.142999995,85.13551820941949,1783
13808.0,1747.66,5,782,0.0,0.0,0.0,1747.66,0.0,0.0,6,5,1747.66,Champions,91,349.53200000000004,14180594.802999996,85.14601186509213,1784
13503.0,1859.24,6,1105,-111.85,6.0,23.0,1747.39,1.0,0.06015898969471396,72,6,1859.24,Potential Loyalists,590,309.87333333333333,14182342.192999996,85.15650389957588,1785
13946.0,1876.23,6,2847,-130.8,1.0,24.0,1745.43,0.16666666666666666,0.069714267440559,80,6,1876.23,Potential Loyalists,656,312.705,14184087.622999996,85.16698416542891,1786
16348.0,1744.42,8,1164,0.0,0.0,0.0,1744.42,0.0,0.0,33,8,1744.42,Champions,398,218.0525,14185832.042999996,85.17745836683451,1787
12494.0,1872.8700000000001,9,988,-129.35,8.0,27.0,1743.5200000000002,0.8888888888888888,0.06906512464826708,16,9,1872.87,Champions,561,208.0966666666667,14187575.562999995,85.18792716427703,1788
16380.0,1743.1499999999999,1,1428,0.0,0.0,0.0,1743.1499999999999,0.0,0.0,62,1,1743.15,Needs Attention,0,1743.15,14189318.712999996,85.19839374009028,1789
15473.0,2046.0,8,776,-306.0,3.0,120.0,1740.0,0.375,0.1495601173020528,15,8,2046.0,Champions,430,255.75,14191058.712999996,85.20884140203277,1790
16087.0,1739.92,5,664,0.0,0.0,0.0,1739.92,0.0,0.0,390,5,1739.92,At Risk High Value,300,347.98400000000004,14192798.632999996,85.219288583623,1791
17974.0,1739.09,6,1189,0.0,0.0,0.0,1739.09,0.0,0.0,25,6,1739.09,Champions,383,289.8483333333333,14194537.722999996,85.22973078155839,1792
13531.0,1738.52,6,600,0.0,0.0,0.0,1738.52,0.0,0.0,206,6,1738.52,At Risk High Value,531,289.75333333333333,14196276.242999995,85.24016955698383,1793
13456.0,1766.72,6,765,-28.9,1.0,9.0,1737.82,0.16666666666666666,0.016357996739721065,18,6,1766.72,Champions,190,294.4533333333333,14198014.062999995,85.25060412932687,1794
15885.0,1951.82,15,622,-214.25,5.0,25.0,1737.57,0.3333333333333333,0.10976934348454263,93,15,1951.82,Potential Loyalists,595,130.12133333333333,14199751.632999996,85.26103720056908,1795
13920.0,1774.68,4,1772,-39.8,1.0,4.0,1734.88,0.25,0.022426578312709895,432,4,1774.68,At Risk,131,443.67,14201486.512999997,85.2714541199661,1796
14075.0,1734.87,6,1494,0.0,0.0,0.0,1734.87,0.0,0.0,5,6,1734.87,Champions,537,289.145,14203221.382999996,85.28187097931907,1797
17268.0,1733.8899999999999,11,1395,0.0,0.0,0.0,1733.8899999999999,0.0,0.0,108,11,1733.89,Potential Loyalists,624,157.62636363636364,14204955.272999996,85.2922819543567,1798
14236.0,1744.64,5,812,-11.899999999999999,2.0,2.0,1732.74,0.4,0.00682089141599413,81,5,1744.64,Potential Loyalists,425,348.928,14206688.012999997,85.3026860243304,1799
15128.0,1783.68,5,1583,-51.46,4.0,17.0,1732.22,0.8,0.028850466451381413,61,5,1783.68,Potential Loyalists,370,356.736,14208420.232999997,85.31308697201433,1800
15777.0,1762.6100000000001,7,599,-30.45,2.0,4.0,1732.16,0.2857142857142857,0.01727551755635109,242,7,1762.61,At Risk High Value,327,251.8014285714286,14210152.392999997,85.32348755943406,1801
17432.0,1728.99,9,1008,0.0,0.0,0.0,1728.99,0.0,0.0,19,9,1728.99,Champions,718,192.11,14211881.382999998,85.33386911289494,1802
14387.0,1727.6,3,795,0.0,0.0,0.0,1727.6,0.0,0.0,33,3,1727.6,Loyal Customers,77,575.8666666666667,14213608.982999997,85.34424232023508,1803
16809.0,1727.43,9,1093,-1.95,1.0,1.0,1725.48,0.1111111111111111,0.001128844584151022,24,9,1727.43,Champions,582,191.93666666666667,14215334.462999998,85.35460279824,1804
14584.0,1738.16,8,960,-13.0,1.0,4.0,1725.16,0.125,0.007479173378745339,170,8,1738.16,Potential Loyalists,491,217.27,14217059.622999998,85.36496135483581,1805
13363.0,1723.8600000000001,3,1146,0.0,0.0,0.0,1723.8600000000001,0.0,0.0,18,3,1723.86,Loyal Customers,392,574.62,14218783.482999997,85.3753121057072,1806
16374.0,1723.4,5,771,0.0,0.0,0.0,1723.4,0.0,0.0,67,5,1723.4,Potential Loyalists,522,344.68,14220506.882999998,85.38566009455299,1807
16119.0,1720.81,8,811,0.0,0.0,0.0,1720.81,0.0,0.0,9,8,1720.81,Champions,715,215.10125,14222227.692999998,85.39599253199395,1808
17695.0,1746.04,5,1809,-25.5,1.0,6.0,1720.54,0.2,0.014604476415202402,132,5,1746.04,Potential Loyalists,549,349.208,14223948.232999997,85.40632334824598,1809
15267.0,1717.36,5,944,0.0,0.0,0.0,1717.36,0.0,0.0,23,5,1717.36,Champions,160,343.472,14225665.592999997,85.41663507049515,1810
14021.0,1716.58,7,878,0.0,0.0,0.0,1716.58,0.0,0.0,156,7,1716.58,Potential Loyalists,437,245.22571428571428,14227382.172999997,85.42694210930966,1811
15369.0,6251.26,11,3288,-4537.87,2.0,1533.0,1713.3900000000003,0.18181818181818182,0.7259128559682367,493,11,6251.26,At Risk High Value,239,568.2963636363637,14229095.562999997,85.43722999407728,1812
14447.0,1711.73,6,913,0.0,0.0,0.0,1711.73,0.0,0.0,19,6,1711.73,Champions,382,285.28833333333336,14230807.292999998,85.44750791153524,1813
13665.0,1711.66,3,1652,0.0,0.0,0.0,1711.66,0.0,0.0,387,3,1711.66,At Risk,118,570.5533333333334,14232518.952999998,85.45778540868496,1814
12947.0,1908.03,6,1349,-196.7,5.0,8.0,1711.33,0.8333333333333334,0.10309062226484908,144,6,1908.03,Potential Loyalists,230,318.005,14234230.282999998,85.46806092438153,1815
17750.0,1710.45,9,3747,0.0,0.0,0.0,1710.45,0.0,0.0,6,9,1710.45,Champions,159,190.05,14235940.732999997,85.4783311562031,1816
12405.0,1710.39,1,857,0.0,0.0,0.0,1710.39,0.0,0.0,149,1,1710.39,Needs Attention,0,1710.39,14237651.122999998,85.48860102776047,1817
16124.0,1772.49,4,797,-63.099999999999994,2.0,8.0,1709.39,0.5,0.0355996366693183,318,4,1772.49,At Risk High Value,415,443.1225,14239360.512999998,85.49886489491443,1818
13104.0,1709.1,9,834,0.0,0.0,0.0,1709.1,0.0,0.0,4,9,1709.1,Champions,650,189.9,14241069.612999998,85.5091270207914,1819
15947.0,1708.24,1,898,0.0,0.0,0.0,1708.24,0.0,0.0,83,1,1708.24,Needs Attention,0,1708.24,14242777.852999998,85.51938398288142,1820
15730.0,1726.58,5,1061,-18.4,2.0,8.0,1708.1799999999998,0.4,0.010656905558966279,66,5,1726.58,Potential Loyalists,366,345.316,14244486.032999998,85.52964058470724,1821
12407.0,1708.12,5,1416,0.0,0.0,0.0,1708.12,0.0,0.0,50,5,1708.12,Champions,215,341.624,14246194.152999997,85.53989682626886,1822
17162.0,1715.46,10,1001,-8.25,1.0,1.0,1707.21,0.1,0.004809205694099541,29,10,1715.46,Champions,277,171.546,14247901.362999998,85.55014760382338,1823
16902.0,1706.88,1,629,0.0,0.0,0.0,1706.88,0.0,0.0,117,1,1706.88,Needs Attention,0,1706.88,14249608.242999999,85.56039639992477,1824
13309.0,1706.3700000000001,6,1914,0.0,0.0,0.0,1706.3700000000001,0.0,0.0,8,6,1706.37,Champions,385,284.39500000000004,14251314.612999998,85.57064213378041,1825
14692.0,1715.14,12,890,-9.5,1.0,10.0,1705.64,0.08333333333333333,0.00553890644495493,138,12,1715.14,Potential Loyalists,480,142.92833333333334,14253020.252999999,85.58088348442155,1826
12809.0,1755.94,3,518,-50.6,5.0,10.0,1705.3400000000001,1.6666666666666667,0.028816474367005705,178,3,1755.94,Potential Loyalists,470,585.3133333333334,14254725.592999998,85.59112303374168,1827
16654.0,1711.47,8,703,-6.3,1.0,2.0,1705.17,0.125,0.003681046118249224,142,8,1711.47,Potential Loyalists,471,213.93375,14256430.762999998,85.60136156231323,1828
14859.0,1705.64,5,888,-1.7,1.0,2.0,1703.94,0.2,0.000996693323327314,13,5,1705.64,Champions,542,341.12800000000004,14258134.702999998,85.61159270546857,1829
14400.0,1732.47,3,1706,-29.47,2.0,13.0,1703.0,0.6666666666666666,0.01701039556240512,150,3,1732.47,Potential Loyalists,482,577.49,14259837.702999998,85.6218182044847,1830
12932.0,1698.56,8,1609,0.0,0.0,0.0,1698.56,0.0,0.0,540,8,1698.56,At Risk High Value,128,212.32,14261536.262999998,85.63201704394967,1831
17694.0,1695.97,3,1493,0.0,0.0,0.0,1695.97,0.0,0.0,142,3,1695.97,Potential Loyalists,421,565.3233333333334,14263232.233,85.64220033200979,1832
16899.0,1695.77,8,811,0.0,0.0,0.0,1695.77,0.0,0.0,8,8,1695.77,Champions,390,211.97125,14264928.002999999,85.65238241918924,1833
15976.0,1694.41,6,1053,0.0,0.0,0.0,1694.41,0.0,0.0,166,6,1694.41,Potential Loyalists,386,282.4016666666667,14266622.412999999,85.66255634038002,1834
12764.0,1693.88,1,386,0.0,0.0,0.0,1693.88,0.0,0.0,317,1,1693.88,Hibernating,0,1693.88,14268316.293,85.67272707923702,1835
16010.0,1694.86,11,919,-1.95,1.0,1.0,1692.9099999999999,0.09090909090909091,0.0011505375075227453,246,11,1694.86,At Risk High Value,166,154.0781818181818,14270009.203,85.6828919938227,1836
16671.0,1692.27,3,875,0.0,0.0,0.0,1692.27,0.0,0.0,29,3,1692.27,Loyal Customers,136,564.09,14271701.473,85.69305306559018,1837
13026.0,1733.08,9,2466,-42.96,4.0,35.0,1690.12,0.4444444444444444,0.02478823828097953,2,9,1733.08,Champions,725,192.56444444444443,14273391.592999998,85.70320122789032,1838
14078.0,1689.71,9,615,0.0,0.0,0.0,1689.71,0.0,0.0,102,9,1689.71,Potential Loyalists,520,187.7455555555556,14275081.303,85.71334692838506,1839
13294.0,1689.53,3,996,0.0,0.0,0.0,1689.53,0.0,0.0,190,3,1689.53,Potential Loyalists,457,563.1766666666666,14276770.832999999,85.7234915480872,1840
15889.0,1699.67,8,941,-10.45,1.0,7.0,1689.22,0.125,0.006148252307800925,157,8,1699.67,Potential Loyalists,573,212.45875,14278460.053,85.73363430642426,1841
17341.0,1688.82,5,1077,0.0,0.0,0.0,1688.82,0.0,0.0,157,5,1688.82,Potential Loyalists,384,337.764,14280148.873,85.74377466299997,1842
13566.0,1688.6,5,1257,0.0,0.0,0.0,1688.6,0.0,0.0,41,5,1688.6,Champions,599,337.72,14281837.473,85.75391369860694,1843
16993.0,1950.95,2,285,-262.79999999999995,1.0,24.0,1688.15,0.5,0.13470360593556982,464,2,1950.95,At Risk,113,975.475,14283525.623,85.76405003223235,1844
12813.0,1687.8,3,1141,0.0,0.0,0.0,1687.8,0.0,0.0,502,3,1687.8,At Risk,192,562.6,14285213.423,85.77418426431656,1845
13516.0,1685.26,4,1114,0.0,0.0,0.0,1685.26,0.0,0.0,22,4,1685.26,Loyal Customers,396,421.315,14286898.683,85.78430324521612,1846
13924.0,1838.8500000000001,6,1575,-156.77,5.0,43.0,1682.0800000000002,0.8333333333333334,0.0852543709383582,2,6,1838.85,Champions,71,306.475,14288580.763,85.7944031321128,1847
12425.0,1741.41,2,1147,-60.6,1.0,44.0,1680.8100000000002,0.5,0.03479938670387789,79,2,1741.41,Needs Attention,370,870.705,14290261.573,85.80449539341716,1848
14967.0,1982.6100000000001,6,652,-302.09,1.0,1.0,1680.5200000000002,0.16666666666666666,0.15236985589702462,50,6,1982.61,Champions,687,330.435,14291942.093,85.8145859134445,1849
13800.0,1679.56,3,891,0.0,0.0,0.0,1679.56,0.0,0.0,310,3,1679.56,At Risk,427,559.8533333333334,14293621.653,85.8246706692446,1850
13648.0,1764.02,8,960,-85.01,3.0,32.0,1679.01,0.375,0.0481910635933833,401,8,1764.02,At Risk High Value,338,220.5025,14295300.663,85.83475212262279,1851
14245.0,1693.45,2,976,-15.97,3.0,5.0,1677.48,1.5,0.009430452626295433,220,2,1693.45,Hibernating,44,846.725,14296978.143000001,85.84482438926378,1852
13149.0,1676.06,4,1280,0.0,0.0,0.0,1676.06,0.0,0.0,15,4,1676.06,Loyal Customers,275,419.015,14298654.203000002,85.8548881296519,1853
17656.0,1674.69,5,1399,0.0,0.0,0.0,1674.69,0.0,0.0,74,5,1674.69,Potential Loyalists,55,334.938,14300328.893000001,85.86494364400734,1854
17534.0,1668.83,5,860,0.0,0.0,0.0,1668.83,0.0,0.0,54,5,1668.83,Champions,599,333.766,14301997.723000001,85.87496397255879,1855
15736.0,1767.1200000000001,2,1208,-98.45,1.0,9.0,1668.67,0.5,0.055712119154330206,436,2,1767.12,Hibernating,0,883.5600000000001,14303666.393000001,85.88498334040567,1856
13434.0,1666.8600000000001,5,864,0.0,0.0,0.0,1666.8600000000001,0.0,0.0,75,5,1666.86,Potential Loyalists,581,333.372,14305333.253,85.89499184028237,1857
13064.0,1666.84,6,668,0.0,0.0,0.0,1666.84,0.0,0.0,13,6,1666.84,Champions,579,277.8066666666667,14307000.093,85.905000220071,1858
17321.0,1665.21,6,790,0.0,0.0,0.0,1665.21,0.0,0.0,9,6,1665.21,Champions,569,277.535,14308665.303000001,85.91499881268209,1859
16329.0,1664.92,4,797,0.0,0.0,0.0,1664.92,0.0,0.0,428,4,1664.92,At Risk High Value,311,416.23,14310330.223000001,85.92499566401617,1860
12912.0,1662.3,5,670,0.0,0.0,0.0,1662.3,0.0,0.0,3,5,1662.3,Champions,38,332.46,14311992.523000002,85.9349767838133,1861
15214.0,1661.44,8,1254,0.0,0.0,0.0,1661.44,0.0,0.0,2,8,1661.44,Champions,241,207.68,14313653.963000001,85.94495273982349,1862
14583.0,1660.29,8,1071,0.0,0.0,0.0,1660.29,0.0,0.0,6,8,1660.29,Champions,616,207.53625,14315314.253,85.95492179076976,1863
16639.0,1747.98,4,751,-88.13000000000001,1.0,7.0,1659.85,0.25,0.05041819700454239,32,4,1747.98,Champions,378,436.995,14316974.103,85.96488819977853,1864
18096.0,1657.87,6,1409,0.0,0.0,0.0,1657.87,0.0,0.0,12,6,1657.87,Champions,502,276.31166666666667,14318631.973,85.97484272006852,1865
16859.0,1932.41,7,1899,-274.67,3.0,171.0,1657.74,0.42857142857142855,0.142138573077142,145,7,1932.41,Potential Loyalists,501,276.05857142857144,14320289.713,85.98479645978608,1866
14643.0,1679.89,5,1377,-25.200000000000003,1.0,60.0,1654.69,0.2,0.015000982207168327,171,5,1679.89,Potential Loyalists,558,335.978,14321944.402999999,85.99473188607321,1867
13308.0,1670.3700000000001,4,1073,-17.9,1.0,3.0,1652.47,0.25,0.010716188628866656,23,4,1670.37,Loyal Customers,574,417.5925,14323596.873,86.00465398258478,1868
16813.0,1652.18,10,1501,0.0,0.0,0.0,1652.18,0.0,0.0,9,10,1652.18,Champions,196,165.21800000000002,14325249.053,86.01457433781935,1869
12911.0,1651.72,1,807,0.0,0.0,0.0,1651.72,0.0,0.0,552,1,1651.72,Hibernating,0,1651.72,14326900.773,86.02449193102835,1870
13649.0,1651.48,6,849,0.0,0.0,0.0,1651.48,0.0,0.0,257,6,1651.48,At Risk High Value,271,275.24666666666667,14328552.253,86.03440808318054,1871
12775.0,1686.1200000000001,7,1083,-34.8,1.0,24.0,1651.3200000000002,0.14285714285714285,0.020639100419898936,18,7,1686.12,Champions,392,240.8742857142857,14330203.573,86.04432327462817,1872
16625.0,1654.03,5,1057,-2.95,1.0,1.0,1651.08,0.2,0.0017835226688754134,275,5,1654.03,At Risk High Value,269,330.806,14331854.653,86.05423702501899,1873
16907.0,1650.81,9,518,0.0,0.0,0.0,1650.81,0.0,0.0,30,9,1650.81,Champions,497,183.4233333333333,14333505.463000001,86.06414915422089,1874
15987.0,1649.47,8,1685,0.0,0.0,0.0,1649.47,0.0,0.0,13,8,1649.47,Champions,367,206.18375,14335154.933000002,86.07405323752221,1875
17451.0,1721.4,7,1203,-72.45,3.0,25.0,1648.95,0.42857142857142855,0.042087835482746604,2,7,1721.4,Champions,104,245.9142857142857,14336803.883000001,86.08395419853375,1876
12870.0,1676.95,3,906,-29.799999999999997,1.0,4.0,1647.15,0.3333333333333333,0.01777035689793971,376,3,1676.95,At Risk,249,558.9833333333333,14338451.033000002,86.09384435161913,1877
18085.0,1645.75,4,585,0.0,0.0,0.0,1645.75,0.0,0.0,331,4,1645.75,At Risk High Value,298,411.4375,14340096.783000002,86.10372609853975,1878
17813.0,1698.07,5,752,-56.28,2.0,13.0,1641.79,0.4,0.03314350998486517,15,5,1698.07,Champions,57,339.614,14341738.573,86.11358406802283,1879
12693.0,1703.02,7,536,-62.6,4.0,12.0,1640.42,0.5714285714285714,0.03675822949818558,128,7,1703.02,Potential Loyalists,395,243.28857142857143,14343378.993,86.12343381147323,1880
14829.0,1692.84,7,1147,-52.9,2.0,38.0,1639.9399999999998,0.2857142857142857,0.03124926159589802,30,7,1692.84,Champions,407,241.8342857142857,14345018.933,86.13328067281,1881
17041.0,1655.2,6,1303,-15.8,1.0,4.0,1639.4,0.16666666666666666,0.009545674238762687,27,6,1655.2,Champions,574,275.8666666666667,14346658.333,86.14312429176893,1882
16768.0,1698.57,9,774,-61.05,5.0,12.0,1637.52,0.5555555555555556,0.03594199826913227,48,9,1698.57,Champions,685,188.73,14348295.853,86.15295662244942,1883
15732.0,1682.07,10,1361,-44.55,2.0,9.0,1637.52,0.2,0.026485223563823147,213,10,1682.07,At Risk High Value,461,168.207,14349933.373,86.16278895312993,1884
12398.0,1635.6599999999999,1,1394,0.0,0.0,0.0,1635.6599999999999,0.0,0.0,46,1,1635.66,New / Promising,0,1635.66,14351569.033,86.17261011562007,1885
17006.0,1635.27,8,572,0.0,0.0,0.0,1635.27,0.0,0.0,5,8,1635.27,Champions,640,204.40875,14353204.303,86.1824289363929,1886
15310.0,1634.64,1,1476,0.0,0.0,0.0,1634.64,0.0,0.0,479,1,1634.64,Hibernating,0,1634.64,14354838.943,86.19224397439157,1887
15996.0,1649.65,7,738,-15.9,1.0,2.0,1633.75,0.14285714285714285,0.009638408147182736,89,7,1649.65,Potential Loyalists,309,235.6642857142857,14356472.693,86.2020536684712,1888
13711.0,1792.26,9,819,-159.65,6.0,23.0,1632.61,0.6666666666666666,0.08907747759811635,219,9,1792.26,At Risk High Value,506,199.14,14358105.303,86.21185651753093,1889
14987.0,1713.85,8,671,-81.6,1.0,32.0,1632.25,0.125,0.04761210140910815,16,8,1713.85,Champions,722,214.23125,14359737.553,86.22165720500543,1890
14164.0,1631.77,2,1033,0.0,0.0,0.0,1631.77,0.0,0.0,71,2,1631.77,Needs Attention,10,815.885,14361369.322999999,86.2314550103663,1891
16398.0,1705.8,2,758,-74.65,2.0,13.0,1631.1499999999999,1.0,0.04376245749794818,155,2,1705.8,Needs Attention,99,852.9,14363000.473,86.24124909299704,1892
17571.0,1630.91,5,991,0.0,0.0,0.0,1630.91,0.0,0.0,51,5,1630.91,Champions,492,326.182,14364631.383,86.25104173457098,1893
14904.0,1630.49,4,2522,0.0,0.0,0.0,1630.49,0.0,0.0,3,4,1630.49,Loyal Customers,425,407.6225,14366261.873,86.26083185429547,1894
15551.0,1679.81,7,796,-50.8,2.0,8.0,1629.01,0.2857142857142857,0.030241515409480835,37,7,1679.81,Champions,514,239.97285714285712,14367890.883,86.27061308750291,1895
14420.0,1639.17,4,1120,-11.450000000000001,3.0,5.0,1627.72,0.75,0.006985242531281076,100,4,1639.17,Potential Loyalists,592,409.7925,14369518.603,86.28038657502995,1896
15167.0,1627.62,5,863,0.0,0.0,0.0,1627.62,0.0,0.0,321,5,1627.62,At Risk High Value,353,325.524,14371146.223,86.29015946211663,1897
15339.0,1821.02,7,1138,-193.75,4.0,43.0,1627.27,0.5714285714285714,0.10639641519587924,67,7,1821.02,Potential Loyalists,603,260.1457142857143,14372773.492999999,86.29993024766213,1898
14759.0,1625.97,3,569,0.0,0.0,0.0,1625.97,0.0,0.0,5,3,1625.97,Loyal Customers,228,541.99,14374399.463,86.3096932274832,1899
15172.0,1624.05,5,1611,0.0,0.0,0.0,1624.05,0.0,0.0,9,5,1624.05,Champions,228,324.81,14376023.513,86.3194446788497,1900
14831.0,1676.57,3,885,-52.6,4.0,8.0,1623.97,1.3333333333333333,0.031373578198345436,681,3,1676.57,At Risk,57,558.8566666666667,14377647.483000001,86.32919564986393,1901
13240.0,1699.8600000000001,8,840,-77.35000000000001,1.0,13.0,1622.5100000000002,0.125,0.045503747367430264,97,8,1699.86,Potential Loyalists,556,212.4825,14379269.993,86.33893785444917,1902
18276.0,1656.52,6,1246,-35.85,4.0,7.0,1620.67,0.6666666666666666,0.021641755004467196,44,6,1656.52,Champions,686,276.08666666666664,14380890.663,86.34866901093213,1903
17951.0,1636.0800000000002,4,898,-17.700000000000003,1.0,6.0,1618.38,0.25,0.010818541880592636,40,4,1636.0800000000002,Champions,365,409.02,14382509.043000001,86.35838641733127,1904
12379.0,1620.22,4,815,-1.95,1.0,1.0,1618.27,0.25,0.0012035402599646962,82,4,1620.22,Potential Loyalists,453,405.055,14384127.313000001,86.36810316324602,1905
14937.0,1621.88,3,484,-4.25,1.0,1.0,1617.63,0.3333333333333333,0.0026204158137470095,57,3,1621.88,Loyal Customers,74,540.6266666666667,14385744.943000002,86.3778160663426,1906
16224.0,1616.54,5,1555,0.0,0.0,0.0,1616.54,0.0,0.0,58,5,1616.54,Champions,330,323.308,14387361.483000001,86.38752242463946,1907
13184.0,1668.95,10,1662,-52.5,2.0,30.0,1616.45,0.2,0.031456904041463195,15,10,1668.95,Champions,276,166.895,14388977.933,86.39722824254,1908
13984.0,2048.6,12,1421,-432.48,1.0,408.0,1616.12,0.08333333333333333,0.21111002635946502,27,12,2048.6,Champions,706,170.71666666666667,14390594.053,86.4069320789874,1909
15422.0,1619.97,7,710,-4.95,1.0,1.0,1615.02,0.14285714285714285,0.0030556121409655735,324,7,1619.97,At Risk High Value,347,231.42428571428573,14392209.072999999,86.41662931059106,1910
14336.0,1614.91,4,1759,0.0,0.0,0.0,1614.91,0.0,0.0,17,4,1614.91,Loyal Customers,260,403.7275,14393823.983,86.42632588171034,1911
15013.0,1610.82,10,1715,0.0,0.0,0.0,1610.82,0.0,0.0,488,10,1610.82,At Risk High Value,190,161.082,14395434.803,86.43599789481966,1912
13506.0,1639.2,5,1174,-29.549999999999997,3.0,6.0,1609.65,0.6,0.018027086383601756,317,5,1639.2,At Risk High Value,144,327.84000000000003,14397044.453,86.44566288277699,1913
16256.0,1629.37,3,1590,-19.8,1.0,4.0,1609.57,0.3333333333333333,0.012151936024352971,267,3,1629.37,At Risk,331,543.1233333333333,14398654.023,86.45532739038204,1914
17814.0,1609.37,2,1435,0.0,0.0,0.0,1609.37,0.0,0.0,376,2,1609.37,At Risk,47,804.685,14400263.393,86.4649906971064,1915
12847.0,1609.0,2,1497,0.0,0.0,0.0,1609.0,0.0,0.0,23,2,1609.0,New / Promising,365,804.5,14401872.393,86.47465178220149,1916
13249.0,1608.9299999999998,9,1246,0.0,0.0,0.0,1608.9299999999998,0.0,0.0,93,9,1608.9299999999998,Potential Loyalists,592,178.76999999999998,14403481.322999999,86.48431244698837,1917
13900.0,1610.5900000000001,6,938,-2.5,1.0,2.0,1608.0900000000001,0.16666666666666666,0.0015522262028200844,184,6,1610.59,Potential Loyalists,441,268.4316666666667,14405089.412999999,86.49396806807636,1918
12669.0,2744.0299999999997,3,1115,-1136.3,1.0,1.0,1607.7299999999998,0.3333333333333333,0.41409897122116013,151,3,2744.03,Potential Loyalists,106,914.6766666666666,14406697.143,86.50362152757913,1919
14920.0,1607.17,3,886,0.0,0.0,0.0,1607.17,0.0,0.0,213,3,1607.17,At Risk,353,535.7233333333334,14408304.313,86.51327162461597,1920
12783.0,2225.91,6,624,-622.04,2.0,2.0,1603.87,0.3333333333333333,0.2794542456792952,3,6,2225.91,Champions,73,370.985,14409908.182999998,86.52290190712154,1921
17515.0,1602.51,9,527,0.0,0.0,0.0,1602.51,0.0,0.0,32,9,1602.51,Champions,519,178.05666666666667,14411510.692999998,86.53252402363847,1922
14178.0,1600.26,7,1494,0.0,0.0,0.0,1600.26,0.0,0.0,9,7,1600.26,Champions,174,228.60857142857145,14413110.952999998,86.54213263024774,1923
17828.0,1820.09,4,667,-220.12,5.0,26.0,1599.9699999999998,1.25,0.12093907444137379,23,4,1820.09,Champions,162,455.0225,14414710.922999999,86.55173949558,1924
12514.0,1597.76,2,840,0.0,0.0,0.0,1597.76,0.0,0.0,268,2,1597.76,Hibernating,374,798.88,14416308.682999998,86.56133309118071,1925
15134.0,1596.29,10,1057,0.0,0.0,0.0,1596.29,0.0,0.0,15,10,1596.29,Champions,408,159.629,14417904.972999997,86.5709178603084,1926
17853.0,1596.29,3,625,0.0,0.0,0.0,1596.29,0.0,0.0,408,3,1596.29,At Risk,329,532.0966666666667,14419501.262999997,86.58050262943608,1927
15325.0,1601.46,8,1382,-5.2,1.0,8.0,1596.26,0.125,0.0032470370786657175,104,8,1601.46,Potential Loyalists,558,200.1825,14421097.522999996,86.59008721843168,1928
13417.0,1669.49,6,532,-75.6,1.0,24.0,1593.89,0.16666666666666666,0.04528329010655949,5,6,1669.49,Champions,665,278.24833333333333,14422691.412999997,86.59965757699118,1929
17028.0,1593.83,3,856,0.0,0.0,0.0,1593.83,0.0,0.0,582,3,1593.83,At Risk,140,531.2766666666666,14424285.242999997,86.60922757528647,1930
16860.0,1610.62,3,625,-16.95,1.0,1.0,1593.6699999999998,0.3333333333333333,0.010523897629484299,453,3,1610.62,At Risk,210,536.8733333333333,14425878.912999997,86.61879661287722,1931
13850.0,1595.48,1,944,-8.67,1.0,3.0,1586.81,1.0,0.005434101336274977,130,1,1595.48,Needs Attention,0,1595.48,14427465.722999997,86.62832446026053,1932
13156.0,1586.54,3,914,0.0,0.0,0.0,1586.54,0.0,0.0,386,3,1586.54,At Risk,291,528.8466666666667,14429052.262999997,86.63785068645493,1933
16096.0,1584.97,4,700,0.0,0.0,0.0,1584.97,0.0,0.0,265,4,1584.97,At Risk High Value,381,396.2425,14430637.232999997,86.64736748573596,1934
13740.0,1582.77,5,987,0.0,0.0,0.0,1582.77,0.0,0.0,241,5,1582.77,At Risk High Value,497,316.554,14432220.002999997,86.65687107532948,1935
17540.0,1590.6000000000001,6,588,-8.5,1.0,1.0,1582.1000000000001,0.16666666666666666,0.005343895385389161,25,6,1590.6,Champions,575,265.1,14433802.102999996,86.66637064197272,1936
13239.0,1594.69,5,1151,-14.85,1.0,3.0,1579.8400000000001,0.2,0.009312154713455279,262,5,1594.69,At Risk High Value,241,318.938,14435381.942999996,86.67585663866421,1937
13752.0,1579.8300000000002,7,1005,0.0,0.0,0.0,1579.8300000000002,0.0,0.0,125,7,1579.8300000000002,Potential Loyalists,403,225.69000000000003,14436961.772999996,86.6853425753117,1938
17222.0,1579.51,6,857,0.0,0.0,0.0,1579.51,0.0,0.0,66,6,1579.51,Potential Loyalists,633,263.25166666666667,14438541.282999996,86.6948265905501,1939
15607.0,1708.97,9,1470,-130.4,4.0,36.0,1578.57,0.4444444444444444,0.07630327039093723,337,9,1708.97,At Risk High Value,364,189.8855555555556,14440119.852999996,86.70430496164926,1940
14587.0,1580.29,9,749,-2.9,1.0,2.0,1577.3899999999999,0.1111111111111111,0.0018351062146821154,19,9,1580.29,Champions,313,175.58777777777777,14441697.242999997,86.7137762475524,1941
12933.0,1636.63,8,949,-59.75,3.0,55.0,1576.88,0.375,0.03650794620653416,25,8,1636.63,Champions,705,204.57875,14443274.122999998,86.72324447120982,1942
12549.0,1575.68,6,1366,0.0,0.0,0.0,1575.68,0.0,0.0,576,6,1575.68,At Risk High Value,122,262.61333333333334,14444849.802999998,86.73270548958313,1943
14489.0,1574.93,4,1011,0.0,0.0,0.0,1574.93,0.0,0.0,208,4,1574.93,At Risk,405,393.7325,14446424.732999997,86.74216200465386,1944
14492.0,1921.91,7,751,-347.55,3.0,112.0,1574.3600000000001,0.42857142857142855,0.1808357311216446,431,7,1921.91,At Risk High Value,189,274.55857142857144,14447999.092999997,86.75161509721467,1945
14719.0,1581.84,5,1025,-9.95,1.0,1.0,1571.8899999999999,0.2,0.006290143124462651,2,5,1581.84,Champions,248,316.368,14449570.982999997,86.76105335889903,1946
13202.0,1580.3,7,572,-8.95,1.0,1.0,1571.35,0.14285714285714285,0.0056634816174144145,395,7,1580.3,At Risk High Value,336,225.75714285714284,14451142.332999997,86.77048837820554,1947
15289.0,1593.09,5,1627,-22.380000000000003,2.0,18.0,1570.7099999999998,0.4,0.01404817053650453,30,5,1593.09,Champions,592,318.618,14452713.042999998,86.77991955469389,1948
17624.0,1568.63,4,958,0.0,0.0,0.0,1568.63,0.0,0.0,15,4,1568.63,Champions,705,392.1575,14454281.672999999,86.78933824202312,1949
16716.0,2149.6800000000003,3,912,-581.4,1.0,76.0,1568.2800000000002,0.3333333333333333,0.27045885899296634,267,3,2149.6800000000003,At Risk,364,716.5600000000001,14455849.952999998,86.79875482781114,1950
16099.0,1573.2,7,960,-4.95,1.0,1.0,1568.25,0.14285714285714285,0.003146453089244851,51,7,1573.2,Champions,596,224.7428571428572,14457418.202999998,86.80817123346708,1951
17886.0,1572.55,6,711,-9.95,1.0,1.0,1562.6,0.16666666666666666,0.006327302788464596,32,6,1572.55,Champions,558,262.09166666666664,14458980.802999998,86.81755371424372,1952
16774.0,1567.48,8,774,-6.6,1.0,4.0,1560.88,0.125,0.004210580039298747,68,8,1567.48,Potential Loyalists,594,195.935,14460541.682999998,86.82692586744648,1953
15466.0,1560.46,4,941,0.0,0.0,0.0,1560.46,0.0,0.0,86,4,1560.46,Potential Loyalists,651,390.115,14462102.143,86.83629549879981,1954
12629.0,1558.22,2,722,0.0,0.0,0.0,1558.22,0.0,0.0,386,2,1558.22,Hibernating,38,779.11,14463660.363,86.84565168028948,1955
12577.0,1617.1,8,1191,-62.400000000000006,1.0,6.0,1554.6999999999998,0.125,0.03858759507760807,36,8,1617.1,Champions,701,202.1375,14465215.063,86.85498672627914,1956
15149.0,1554.6100000000001,5,380,0.0,0.0,0.0,1554.6100000000001,0.0,0.0,134,5,1554.61,Potential Loyalists,516,310.922,14466769.672999999,86.86432123187248,1957
14136.0,1570.81,5,1148,-16.85,2.0,3.0,1553.96,0.4,0.010726949790235613,401,5,1570.81,At Risk High Value,331,314.162,14468323.633,86.87365183460362,1958
18149.0,1553.96,7,869,0.0,0.0,0.0,1553.96,0.0,0.0,51,7,1553.96,Champions,585,221.99428571428567,14469877.593,86.88298243733475,1959
15074.0,1553.13,3,1039,0.0,0.0,0.0,1553.13,0.0,0.0,106,3,1553.13,Potential Loyalists,362,517.71,14471430.723000001,86.89230805641104,1960
17851.0,1552.35,6,933,0.0,0.0,0.0,1552.35,0.0,0.0,423,6,1552.35,At Risk High Value,314,258.725,14472983.073,86.90162899205266,1961
14850.0,1770.96,7,1393,-218.79999999999998,2.0,24.0,1552.16,0.2857142857142857,0.12354880968514251,312,7,1770.96,At Risk High Value,257,252.99428571428567,14474535.233000001,86.91094878685765,1962
14186.0,1550.63,5,1550,0.0,0.0,0.0,1550.63,0.0,0.0,428,5,1550.63,At Risk High Value,217,310.12600000000003,14476085.863000002,86.92025939492541,1963
13337.0,1575.26,1,980,-26.71,1.0,25.0,1548.55,1.0,0.016955931084392417,547,1,1575.26,Hibernating,0,1575.26,14477634.413000003,86.92955751383407,1964
16366.0,1548.13,4,882,0.0,0.0,0.0,1548.13,0.0,0.0,19,4,1548.13,Champions,705,387.0325,14479182.543000003,86.93885311089329,1965
13554.0,1629.35,7,578,-81.89,3.0,15.0,1547.4599999999998,0.42857142857142855,0.0502593058581643,381,7,1629.35,At Risk High Value,66,232.7642857142857,14480730.003000004,86.94814468500222,1966
16461.0,1545.83,3,933,0.0,0.0,0.0,1545.83,0.0,0.0,178,3,1545.83,Potential Loyalists,469,515.2766666666666,14482275.833000004,86.95742647193357,1967
16017.0,1545.58,5,635,0.0,0.0,0.0,1545.58,0.0,0.0,48,5,1545.58,Champions,656,309.116,14483821.413000004,86.96670675776409,1968
18036.0,1545.49,11,741,0.0,0.0,0.0,1545.49,0.0,0.0,33,11,1545.49,Champions,689,140.4990909090909,14485366.903000005,86.97598650319829,1969
14754.0,1547.93,6,1010,-4.2,1.0,2.0,1543.73,0.16666666666666666,0.002713300989062813,45,6,1547.93,Champions,646,257.98833333333334,14486910.633000005,86.98525568088247,1970
16915.0,1543.18,11,190,0.0,0.0,0.0,1543.18,0.0,0.0,10,11,1543.18,Champions,560,140.2890909090909,14488453.813000005,86.99452155614479,1971
17649.0,1578.89,3,723,-36.45,2.0,7.0,1542.44,0.6666666666666666,0.023085838785475873,139,3,1578.89,Potential Loyalists,334,526.2966666666667,14489996.253000004,87.00378298814857,1972
13783.0,1542.09,4,3437,0.0,0.0,0.0,1542.09,0.0,0.0,488,4,1542.09,At Risk,186,385.5225,14491538.343000004,87.01304231861116,1973
15279.0,1580.54,5,802,-38.800000000000004,2.0,68.0,1541.74,0.4,0.024548572007035575,355,5,1580.54,At Risk High Value,321,316.108,14493080.083000004,87.02229954753255,1974
13186.0,1575.89,3,820,-36.199999999999996,2.0,16.0,1539.69,0.6666666666666666,0.022971146463268373,40,3,1575.89,Loyal Customers,89,525.2966666666667,14494619.773000004,87.03154446742694,1975
17323.0,1551.04,12,1426,-12.08,2.0,6.0,1538.96,0.16666666666666666,0.007788322673818857,16,12,1551.04,Champions,683,129.25333333333333,14496158.733000005,87.04078500410685,1976
16140.0,1557.6000000000001,3,1376,-21.41,2.0,3.0,1536.19,0.6666666666666666,0.013745505906522855,66,3,1557.6,Potential Loyalists,376,519.2,14497694.923000004,87.05000890858928,1977
13579.0,1539.04,5,764,-3.2,1.0,4.0,1535.84,0.2,0.0020792182139515543,15,5,1539.04,Champions,645,307.808,14499230.763000004,87.05923071153052,1978
15798.0,1535.37,3,915,0.0,0.0,0.0,1535.37,0.0,0.0,493,3,1535.37,At Risk,189,511.79,14500766.133000003,87.06844969240215,1979
13402.0,1535.13,4,1107,0.0,0.0,0.0,1535.13,0.0,0.0,128,4,1535.13,Potential Loyalists,437,383.7825,14502301.263000004,87.07766723221698,1980
13939.0,1560.96,7,1608,-27.3,3.0,8.0,1533.66,0.42857142857142855,0.017489237392373923,24,7,1560.96,Champions,589,222.99428571428567,14503834.923000004,87.08687594555877,1981
17454.0,1547.94,10,727,-15.3,1.0,6.0,1532.64,0.1,0.009884104035040118,193,10,1547.94,At Risk High Value,501,154.794,14505367.563000005,87.09607853440909,1982
18136.0,1631.3600000000001,5,860,-99.65,4.0,23.0,1531.71,0.8,0.06108400353079639,64,5,1631.36,Potential Loyalists,388,326.27200000000005,14506899.273000006,87.10527553916424,1983
17190.0,1726.57,7,2218,-195.0,1.0,1.0,1531.57,0.14285714285714285,0.11294068586851388,59,7,1726.57,Champions,586,246.65285714285716,14508430.843000006,87.1144717033029,1984
13539.0,1569.36,7,710,-38.1,2.0,12.0,1531.26,0.2857142857142857,0.024277412448386607,86,7,1569.36,Potential Loyalists,505,224.1942857142857,14509962.103000006,87.1236660060765,1985
15326.0,1700.52,5,1351,-170.7,5.0,31.0,1529.82,1.0,0.10038105991108602,334,5,1700.52,At Risk High Value,405,340.104,14511491.923000006,87.13285166250918,1986
15701.0,1529.0,4,912,0.0,0.0,0.0,1529.0,0.0,0.0,3,4,1529.0,Loyal Customers,108,382.25,14513020.923000006,87.14203239533107,1987
14198.0,1569.73,9,623,-42.15,4.0,15.0,1527.58,0.4444444444444444,0.026851751575111642,19,9,1569.73,Champions,685,174.41444444444446,14514548.503000006,87.1512046019001,1988
15201.0,1842.95,7,1660,-317.05,7.0,251.0,1525.9,1.0,0.1720339672807184,88,7,1842.95,Potential Loyalists,524,263.2785714285714,14516074.403000006,87.1603667210714,1989
14567.0,1530.3600000000001,2,412,-5.9,1.0,2.0,1524.46,0.5,0.003855302020439635,57,2,1530.36,New / Promising,74,765.1800000000001,14517598.863000007,87.16952019390179,1990
16491.0,1533.16,2,1060,-8.850000000000001,1.0,3.0,1524.3100000000002,0.5,0.005772391661666102,47,2,1533.16,New / Promising,367,766.58,14519123.173000008,87.17867276607166,1991
12926.0,1523.97,4,754,0.0,0.0,0.0,1523.97,0.0,0.0,412,4,1523.97,At Risk,314,380.9925,14520647.143000009,87.18782329674436,1992
14304.0,1725.01,3,775,-201.20000000000002,2.0,88.0,1523.81,0.6666666666666666,0.11663700500286955,223,3,1725.01,At Risk,348,575.0033333333333,14522170.953000009,87.19697286671251,1993
18062.0,1632.67,6,831,-109.3,3.0,14.0,1523.3700000000001,0.5,0.0669455554398623,174,6,1632.67,Potential Loyalists,424,272.1116666666667,14523694.323000008,87.20611979474317,1994
17990.0,1527.6100000000001,6,777,-5.04,1.0,12.0,1522.5700000000002,0.16666666666666666,0.00329927141089676,237,6,1527.61,At Risk High Value,496,254.6016666666667,14525216.893000009,87.21526191925109,1995
15587.0,1522.08,7,528,0.0,0.0,0.0,1522.08,0.0,0.0,51,7,1522.08,Champions,441,217.44,14526738.973000009,87.22440110160134,1996
16066.0,1521.04,5,935,0.0,0.0,0.0,1521.04,0.0,0.0,17,5,1521.04,Champions,108,304.208,14528260.013000008,87.23353403937205,1997
14055.0,1520.96,3,720,0.0,0.0,0.0,1520.96,0.0,0.0,107,3,1520.96,Potential Loyalists,617,506.9866666666667,14529780.973000009,87.24266649679046,1998
16790.0,1545.6200000000001,6,898,-25.5,2.0,6.0,1520.1200000000001,0.3333333333333333,0.016498233718507782,4,6,1545.62,Champions,34,257.6033333333333,14531301.093000008,87.25179391051002,1999
12818.0,1542.08,1,929,-24.2,1.0,6.0,1517.8799999999999,1.0,0.015693089852666528,262,1,1542.08,Hibernating,0,1542.08,14532818.973000009,87.26090787436593,2000
16092.0,1587.94,6,1188,-72.45,4.0,37.0,1515.49,0.6666666666666666,0.04562514956484502,115,6,1587.94,Potential Loyalists,465,264.6566666666667,14534334.463000009,87.27000748769768,2001
14220.0,1515.0,4,468,0.0,0.0,0.0,1515.0,0.0,0.0,248,4,1515.0,At Risk,322,378.75,14535849.463000009,87.27910415887175,2002
14682.0,1514.81,6,949,0.0,0.0,0.0,1514.81,0.0,0.0,188,6,1514.81,Potential Loyalists,485,252.46833333333333,14537364.27300001,87.28819968920916,2003
17764.0,1513.57,5,674,0.0,0.0,0.0,1513.57,0.0,0.0,51,5,1513.57,Champions,686,302.714,14538877.84300001,87.29728777408636,2004
17025.0,1510.64,5,1024,0.0,0.0,0.0,1510.64,0.0,0.0,61,5,1510.64,Potential Loyalists,581,302.12800000000004,14540388.48300001,87.30635826606155,2005
15948.0,1509.0900000000001,3,852,0.0,0.0,0.0,1509.0900000000001,0.0,0.0,9,3,1509.09,Loyal Customers,416,503.03,14541897.57300001,87.31541945121143,2006
18074.0,1509.04,2,551,0.0,0.0,0.0,1509.04,0.0,0.0,374,2,1509.04,At Risk,132,754.52,14543406.61300001,87.32448033614114,2007
16910.0,1508.96,8,884,0.0,0.0,0.0,1508.96,0.0,0.0,5,8,1508.96,Champions,87,188.62,14544915.57300001,87.33354074071859,2008
17837.0,1541.23,8,510,-32.85,2.0,3.0,1508.38,0.25,0.0213141451957203,43,8,1541.23,Champions,121,192.65375,14546423.95300001,87.34259766274205,2009
13158.0,1508.18,5,992,0.0,0.0,0.0,1508.18,0.0,0.0,95,5,1508.18,Potential Loyalists,294,301.636,14547932.13300001,87.35165338388482,2010
15261.0,1508.0,4,806,0.0,0.0,0.0,1508.0,0.0,0.0,136,4,1508.0,Potential Loyalists,299,377.0,14549440.13300001,87.360708024235,2011
17179.0,1507.26,6,625,0.0,0.0,0.0,1507.26,0.0,0.0,179,6,1507.26,Potential Loyalists,384,251.21,14550947.39300001,87.36975822132662,2012
18022.0,1507.25,5,1311,0.0,0.0,0.0,1507.25,0.0,0.0,36,5,1507.25,Champions,511,301.45,14552454.64300001,87.37880835837423,2013
17997.0,1962.46,8,2273,-459.37,4.0,220.0,1503.0900000000001,0.5,0.23407865638025743,75,8,1962.46,Potential Loyalists,90,245.3075,14553957.73300001,87.38783351710362,2014
15215.0,2422.4300000000003,7,776,-925.97,4.0,306.0,1496.4600000000003,0.5714285714285714,0.3822484034626387,47,7,2422.4300000000003,Champions,566,346.0614285714286,14555454.193000011,87.39681886663837,2015
16340.0,1496.24,3,1319,0.0,0.0,0.0,1496.24,0.0,0.0,108,3,1496.24,Potential Loyalists,444,498.7466666666666,14556950.433000011,87.40580289520437,2016
14885.0,1598.12,3,1308,-102.0,1.0,24.0,1496.12,0.3333333333333333,0.06382499436838285,132,3,1598.12,Potential Loyalists,334,532.7066666666666,14558446.55300001,87.41478620324197,2017
13377.0,1552.88,2,748,-57.45,2.0,4.0,1495.43,1.0,0.03699577559115965,397,2,1552.88,Hibernating,249,776.44,14559941.98300001,87.42376536824119,2018
14068.0,1516.72,4,510,-23.4,1.0,12.0,1493.32,0.25,0.015428028904478083,321,4,1516.72,At Risk,357,379.18,14561435.30300001,87.43273186394921,2019
13310.0,1541.2,5,816,-48.400000000000006,3.0,12.0,1492.8,0.6,0.03140410070075266,29,5,1541.2,Champions,374,308.24,14562928.103000011,87.44169523736748,2020
16314.0,1491.4,3,636,0.0,0.0,0.0,1491.4,0.0,0.0,390,3,1491.4,At Risk,83,497.1333333333334,14564419.503000012,87.45065020462096,2021
16037.0,1509.3400000000001,5,766,-19.9,2.0,2.0,1489.44,0.4,0.013184570739528534,270,5,1509.34,At Risk High Value,379,301.86800000000005,14565908.943000011,87.45959340324373,2022
17290.0,1487.96,8,1139,0.0,0.0,0.0,1487.96,0.0,0.0,4,8,1487.96,Champions,723,185.995,14567396.903000012,87.46852771534945,2023
15110.0,1505.8500000000001,6,337,-22.9,3.0,5.0,1482.95,0.5,0.015207357970581398,24,6,1505.85,Champions,462,250.975,14568879.853000011,87.47743194539406,2024
18214.0,1780.34,4,989,-299.34999999999997,1.0,199.0,1480.99,0.25,0.16814204028444005,531,4,1780.34,At Risk High Value,24,445.085,14570360.843000012,87.48632440680798,2025
16450.0,1505.73,3,681,-30.0,1.0,24.0,1475.73,0.3333333333333333,0.019923890737383196,150,3,1505.73,Potential Loyalists,507,501.91,14571836.573000012,87.49518528505995,2026
15630.0,1481.4,3,987,-5.95,1.0,1.0,1475.45,0.3333333333333333,0.004016470905899824,46,3,1481.4,Loyal Customers,599,493.8,14573312.023000011,87.50404448207894,2027
14246.0,1474.06,3,804,0.0,0.0,0.0,1474.06,0.0,0.0,111,3,1474.06,Potential Loyalists,135,491.3533333333333,14574786.083000012,87.51289533297718,2028
16835.0,1538.41,6,515,-66.9,4.0,22.0,1471.51,0.6666666666666666,0.043486456796302676,129,6,1538.41,Potential Loyalists,441,256.4016666666667,14576257.593000012,87.52173087264671,2029
17590.0,1468.02,3,822,0.0,0.0,0.0,1468.02,0.0,0.0,3,3,1468.02,Loyal Customers,38,489.34,14577725.613000011,87.53054545694835,2030
14695.0,1534.22,3,661,-67.5,1.0,54.0,1466.72,0.3333333333333333,0.043996297793015345,520,3,1534.22,At Risk,213,511.4066666666667,14579192.333000012,87.53935223552553,2031
15590.0,1496.6,5,832,-30.19,1.0,1.0,1466.4099999999999,0.2,0.020172390752372045,383,5,1496.6,At Risk High Value,224,299.32,14580658.743000012,87.54815715273766,2032
17345.0,1586.63,10,2008,-120.3,2.0,59.0,1466.3300000000002,0.2,0.07582107989890521,16,10,1586.63,Champions,723,158.663,14582125.073000012,87.5569615895975,2033
13360.0,1553.65,4,942,-89.55,3.0,10.0,1464.1000000000001,0.75,0.05763846426157757,432,4,1553.65,At Risk,269,388.4125,14583589.173000012,87.56575263663774,2034
12882.0,1463.04,2,246,0.0,0.0,0.0,1463.04,0.0,0.0,10,2,1463.04,New / Promising,24,731.52,14585052.21300001,87.57453731901035,2035
16586.0,1462.78,3,348,0.0,0.0,0.0,1462.78,0.0,0.0,249,3,1462.78,At Risk,387,487.5933333333333,14586514.99300001,87.58332044023807,2036
14264.0,1517.3600000000001,6,553,-56.0,2.0,12.0,1461.3600000000001,0.3333333333333333,0.03690620551484156,155,6,1517.36,Potential Loyalists,457,252.89333333333332,14587976.35300001,87.59209503521295,2037
17978.0,1460.9099999999999,4,1796,0.0,0.0,0.0,1460.9099999999999,0.0,0.0,366,4,1460.91,At Risk High Value,366,365.2275,14589437.26300001,87.60086692820629,2038
13085.0,2433.28,8,944,-973.82,2.0,109.0,1459.46,0.25,0.40020877169910574,158,8,2433.28,Potential Loyalists,581,304.16,14590896.72300001,87.60963011481468,2039
18252.0,1533.69,7,932,-76.5,1.0,6.0,1457.19,0.14285714285714285,0.04987970189542867,51,7,1533.69,Champions,671,219.09857142857143,14592353.91300001,87.61837967142732,2040
18196.0,1457.19,4,1038,0.0,0.0,0.0,1457.19,0.0,0.0,96,4,1457.19,Potential Loyalists,537,364.2975,14593811.10300001,87.62712922803995,2041
15071.0,1455.5600000000002,4,416,0.0,0.0,0.0,1455.5600000000002,0.0,0.0,94,4,1455.5600000000002,Potential Loyalists,477,363.89,14595266.66300001,87.63586899747501,2042
16569.0,1455.23,5,988,0.0,0.0,0.0,1455.23,0.0,0.0,4,5,1455.23,Champions,720,291.046,14596721.89300001,87.64460678545696,2043
13042.0,1488.59,3,812,-33.75,1.0,5.0,1454.84,0.3333333333333333,0.022672461859880828,599,3,1488.59,At Risk,134,496.19666666666666,14598176.73300001,87.65334223172157,2044
13138.0,1467.24,7,718,-12.75,1.0,1.0,1454.49,0.14285714285714285,0.008689784902265478,23,7,1467.24,Champions,374,209.6057142857143,14599631.22300001,87.66207557644499,2045
12970.0,1453.6,10,954,0.0,0.0,0.0,1453.6,0.0,0.0,8,10,1453.6,Champions,728,145.36,14601084.82300001,87.67080357724936,2046
17977.0,1511.45,2,1948,-57.900000000000006,1.0,30.0,1453.55,0.5,0.03830758543120844,30,2,1511.45,Loyal Customers,371,755.725,14602538.37300001,87.67953127783356,2047
18268.0,1490.23,6,711,-39.01,2.0,9.0,1451.22,0.3333333333333333,0.026177167282902637,135,6,1490.23,Potential Loyalists,594,248.37166666666667,14603989.593000012,87.68824498815782,2048
13165.0,1451.1599999999999,3,1736,0.0,0.0,0.0,1451.1599999999999,0.0,0.0,47,3,1451.16,Loyal Customers,367,483.72,14605440.753000012,87.69695833821785,2049
16419.0,1463.7,8,701,-12.75,1.0,1.0,1450.95,0.125,0.008710801393728223,113,8,1463.7,Potential Loyalists,556,182.9625,14606891.70300001,87.70567042735318,2050
16239.0,1492.2,6,692,-41.300000000000004,1.0,10.0,1450.9,0.16666666666666666,0.027677255059643482,57,6,1492.2,Champions,407,248.7,14608342.603000011,87.71438221626833,2051
13361.0,1450.5,2,324,0.0,0.0,0.0,1450.5,0.0,0.0,473,2,1450.5,Hibernating,145,725.25,14609793.103000011,87.72309160342212,2052
15876.0,1449.14,2,886,0.0,0.0,0.0,1449.14,0.0,0.0,410,2,1449.14,Hibernating,39,724.57,14611242.243000012,87.73179282458727,2053
13023.0,1449.03,3,585,0.0,0.0,0.0,1449.03,0.0,0.0,65,3,1449.03,Potential Loyalists,464,483.01,14612691.273000011,87.74049338526804,2054
15882.0,1495.98,8,814,-47.07,2.0,23.0,1448.91,0.25,0.031464324389363495,199,8,1495.98,At Risk High Value,531,186.9975,14614140.183000011,87.74919322542038,2055
17073.0,1446.09,4,759,0.0,0.0,0.0,1446.09,0.0,0.0,18,4,1446.09,Champions,92,361.5225,14615586.273000011,87.75787613315511,2056
13583.0,1445.031,2,1097,0.0,0.0,0.0,1445.031,0.0,0.0,156,2,1445.031,Needs Attention,524,722.5155,14617031.30400001,87.76655268222662,2057
15636.0,1444.58,4,560,0.0,0.0,0.0,1444.58,0.0,0.0,90,4,1444.58,Potential Loyalists,480,361.145,14618475.88400001,87.77522652331218,2058
13370.0,1509.74,1,686,-67.1,1.0,14.0,1442.64,1.0,0.04444473882920238,372,1,1509.74,Hibernating,0,1509.74,14619918.524000011,87.78388871585514,2059
17734.0,1442.32,6,741,0.0,0.0,0.0,1442.32,0.0,0.0,54,6,1442.32,Champions,589,240.38666666666663,14621360.844000012,87.79254898698899,2060
18106.0,1441.06,6,506,0.0,0.0,0.0,1441.06,0.0,0.0,330,6,1441.06,At Risk High Value,364,240.17666666666665,14622801.904000012,87.80120169257455,2061
18066.0,1440.4,3,535,0.0,0.0,0.0,1440.4,0.0,0.0,76,3,1440.4,Potential Loyalists,340,480.1333333333334,14624242.304000013,87.80985043525385,2062
14657.0,1450.19,6,879,-9.95,1.0,1.0,1440.24,0.16666666666666666,0.006861169915666222,18,6,1450.19,Champions,418,241.69833333333332,14625682.544000013,87.8184982172286,2063
13543.0,1439.61,2,329,0.0,0.0,0.0,1439.61,0.0,0.0,635,2,1439.61,Hibernating,53,719.805,14627122.154000012,87.82714221642918,2064
16088.0,1437.43,2,373,0.0,0.0,0.0,1437.43,0.0,0.0,576,2,1437.43,Hibernating,16,718.715,14628559.584000012,87.83577312603032,2065
13500.0,1466.3,4,838,-30.0,1.0,24.0,1436.3,0.25,0.020459660369637863,24,4,1466.3,Loyal Customers,378,366.575,14629995.884000013,87.84439725065563,2066
12805.0,1434.95,4,593,0.0,0.0,0.0,1434.95,0.0,0.0,382,4,1434.95,At Risk,293,358.7375,14631430.834000012,87.8530132693363,2067
12389.0,1433.33,3,614,0.0,0.0,0.0,1433.33,0.0,0.0,403,3,1433.33,At Risk,253,477.7766666666666,14632864.164000012,87.86161956088345,2068
17941.0,1433.28,4,1108,0.0,0.0,0.0,1433.28,0.0,0.0,131,4,1433.28,Potential Loyalists,572,358.32,14634297.444000011,87.87022555221043,2069
13475.0,1431.78,4,1012,0.0,0.0,0.0,1431.78,0.0,0.0,192,4,1431.78,At Risk,107,357.945,14635729.22400001,87.87882253693228,2070
17175.0,1443.69,4,866,-12.75,1.0,1.0,1430.94,0.25,0.008831535856035575,45,4,1443.69,Champions,252,360.9225,14637160.16400001,87.88741447795526,2071
15427.0,1430.54,3,967,0.0,0.0,0.0,1430.54,0.0,0.0,34,3,1430.54,Loyal Customers,14,476.8466666666666,14638590.70400001,87.89600401721687,2072
16121.0,1450.04,5,879,-19.9,1.0,2.0,1430.1399999999999,0.2,0.013723759344569804,58,5,1450.04,Champions,508,290.008,14640020.84400001,87.90459115471712,2073
14684.0,1430.03,6,1005,0.0,0.0,0.0,1430.03,0.0,0.0,26,6,1430.03,Champions,365,238.3383333333333,14641450.87400001,87.913177631733,2074
17582.0,1446.95,5,603,-17.0,1.0,2.0,1429.95,0.2,0.011748851031480009,237,5,1446.95,At Risk High Value,387,289.39,14642880.824000008,87.9217636283966,2075
18071.0,1428.63,6,835,0.0,0.0,0.0,1428.63,0.0,0.0,258,6,1428.63,At Risk High Value,477,238.105,14644309.45400001,87.9303416992477,2076
13278.0,1435.85,4,1358,-7.649999999999999,1.0,3.0,1428.1999999999998,0.25,0.005327854580910262,41,4,1435.85,Loyal Customers,570,358.9625,14645737.654000008,87.93891718820532,2077
15197.0,1877.51,6,1058,-449.66999999999996,4.0,21.0,1427.8400000000001,0.6666666666666666,0.23950338480221142,11,6,1877.51,Champions,718,312.9183333333333,14647165.494000008,87.94749051557773,2078
15076.0,1447.74,3,866,-21.9,2.0,2.0,1425.84,0.6666666666666666,0.0151270255708898,173,3,1447.74,Potential Loyalists,350,482.58,14648591.334000008,87.9560518341433,2079
16980.0,1422.83,3,990,0.0,0.0,0.0,1422.83,0.0,0.0,256,3,1422.83,At Risk,173,474.2766666666666,14650014.164000008,87.96459507945458,2080
16660.0,1879.55,7,991,-457.2,1.0,120.0,1422.35,0.14285714285714285,0.24324971402729376,17,7,1879.55,Champions,678,268.50714285714287,14651436.514000008,87.97313544265222,2081
15799.0,1421.34,4,1341,0.0,0.0,0.0,1421.34,0.0,0.0,76,4,1421.34,Potential Loyalists,343,355.335,14652857.854000008,87.98166974140243,2082
13145.0,1423.52,7,266,-3.75,1.0,3.0,1419.77,0.14285714285714285,0.0026343149376194222,40,7,1423.52,Champions,560,203.36,14654277.624000007,87.99019461323925,2083
14775.0,1418.46,3,1558,0.0,0.0,0.0,1418.46,0.0,0.0,59,3,1418.46,Loyal Customers,314,472.82,14655696.084000008,87.99871161930764,2084
14412.0,1426.19,3,1428,-8.7,1.0,2.0,1417.49,0.3333333333333333,0.00610016898169248,43,3,1426.19,Loyal Customers,382,475.3966666666667,14657113.574000008,88.00722280110467,2085
17438.0,1422.77,5,553,-10.15,1.0,3.0,1412.62,0.2,0.0071339710564602855,254,5,1422.77,At Risk High Value,388,284.554,14658526.194000008,88.0157047414571,2086
15237.0,1412.32,4,1071,0.0,0.0,0.0,1412.32,0.0,0.0,2,4,1412.32,Loyal Customers,226,353.08,14659938.514000008,88.0241848804885,2087
14894.0,1492.81,3,603,-80.6,2.0,12.0,1412.21,0.6666666666666666,0.05399213563681915,86,3,1492.81,Potential Loyalists,652,497.6033333333333,14661350.724000009,88.03266435903552,2088
16394.0,1555.34,5,2604,-143.28,4.0,287.0,1412.06,0.8,0.09212133681381564,57,5,1555.34,Champions,233,311.068,14662762.78400001,88.04114293692203,2089
16848.0,1411.62,4,780,0.0,0.0,0.0,1411.62,0.0,0.0,53,4,1411.62,Champions,380,352.905,14664174.404000008,88.04961887287102,2090
15444.0,1411.21,2,759,0.0,0.0,0.0,1411.21,0.0,0.0,10,2,1411.21,New / Promising,31,705.605,14665585.61400001,88.05809234701464,2091
16906.0,1410.92,7,590,0.0,0.0,0.0,1410.92,0.0,0.0,82,7,1410.92,Potential Loyalists,494,201.56,14666996.53400001,88.06656407988125,2092
17610.0,1511.94,5,893,-101.65,3.0,20.0,1410.29,0.6,0.06723150389565724,541,5,1511.94,At Risk High Value,193,302.38800000000003,14668406.824000008,88.0750320299737,2093
17545.0,1409.8600000000001,6,682,0.0,0.0,0.0,1409.8600000000001,0.0,0.0,44,6,1409.86,Champions,534,234.9766666666667,14669816.684000008,88.0834973981727,2094
17950.0,1429.46,7,845,-20.16,1.0,48.0,1409.3,0.14285714285714285,0.014103227792313182,73,7,1429.46,Potential Loyalists,632,204.20857142857145,14671225.984000009,88.09195940390578,2095
16854.0,1408.96,2,997,0.0,0.0,0.0,1408.96,0.0,0.0,418,2,1408.96,At Risk,223,704.48,14672634.94400001,88.1004193681417,2096
15574.0,1450.48,6,909,-42.0,1.0,100.0,1408.48,0.16666666666666666,0.02895593182946335,178,6,1450.48,Potential Loyalists,287,241.74666666666667,14674043.42400001,88.10887645026398,2097
15106.0,1422.52,5,1181,-14.79,2.0,37.0,1407.73,0.4,0.010397041869358603,18,5,1422.52,Champions,252,284.504,14675451.15400001,88.1173290290837,2098
12695.0,1407.1200000000001,7,454,0.0,0.0,0.0,1407.1200000000001,0.0,0.0,8,7,1407.12,Champions,658,201.0171428571429,14676858.27400001,88.12577794521734,2099
16173.0,1418.32,6,575,-11.75,1.0,4.0,1406.57,0.16666666666666666,0.008284449207513114,16,6,1418.32,Champions,83,236.38666666666663,14678264.84400001,88.1342235589291,2100
12765.0,1404.58,6,1009,0.0,0.0,0.0,1404.58,0.0,0.0,473,6,1404.58,At Risk High Value,169,234.09666666666664,14679669.42400001,88.14265722387805,2101
15186.0,1403.2,5,716,0.0,0.0,0.0,1403.2,0.0,0.0,15,5,1403.2,Champions,682,280.64,14681072.62400001,88.1510826027503,2102
13259.0,1402.54,9,503,0.0,0.0,0.0,1402.54,0.0,0.0,62,9,1402.54,Potential Loyalists,637,155.83777777777777,14682475.164000008,88.15950401871629,2103
14687.0,1402.06,3,850,0.0,0.0,0.0,1402.06,0.0,0.0,107,3,1402.06,Potential Loyalists,445,467.3533333333333,14683877.224000009,88.16792255256864,2104
15911.0,1700.24,8,810,-300.79,2.0,2.0,1399.45,0.25,0.1769103185432645,624,8,1700.24,At Risk High Value,107,212.53,14685276.674000008,88.17632541492809,2105
15173.0,1494.6,7,840,-95.34,1.0,12.0,1399.26,0.14285714285714285,0.06378964271376958,381,7,1494.6,At Risk High Value,237,213.5142857142857,14686675.934000008,88.18472713645087,2106
14019.0,1421.6100000000001,3,1037,-22.65,1.0,3.0,1398.96,0.3333333333333333,0.015932639753518895,47,3,1421.61,Loyal Customers,92,473.87000000000006,14688074.894000009,88.19312705665264,2107
15652.0,1405.94,5,657,-8.5,1.0,2.0,1397.44,0.2,0.006045777202441071,92,5,1405.94,Potential Loyalists,394,281.188,14689472.334000008,88.20151785016121,2108
18202.0,1396.99,3,581,0.0,0.0,0.0,1396.99,0.0,0.0,200,3,1396.99,At Risk,112,465.66333333333336,14690869.324000008,88.20990594168825,2109
18189.0,1403.73,3,836,-7.15,2.0,3.0,1396.58,0.6666666666666666,0.005093572125693687,78,3,1403.73,Potential Loyalists,548,467.91,14692265.904000008,88.21829157140989,2110
16129.0,1396.05,3,1261,0.0,0.0,0.0,1396.05,0.0,0.0,408,3,1396.05,At Risk,100,465.35,14693661.95400001,88.22667401879772,2111
17856.0,1418.03,4,842,-24.24,2.0,16.0,1393.79,0.5,0.01709413764165779,2,4,1418.03,Champions,280,354.5075,14695055.744000008,88.23504289623384,2112
16926.0,1399.8600000000001,5,232,-10.95,1.0,1.0,1388.91,0.2,0.007822210792507821,372,5,1399.86,At Risk High Value,155,279.97200000000004,14696444.654000008,88.24338247218128,2113
13382.0,1387.58,5,863,0.0,0.0,0.0,1387.58,0.0,0.0,281,5,1387.58,At Risk High Value,451,277.516,14697832.234000009,88.25171406227219,2114
15468.0,1430.48,3,1400,-43.0,4.0,10.0,1387.48,1.3333333333333333,0.030059840053688273,52,3,1430.48,Loyal Customers,341,476.82666666666665,14699219.714000009,88.26004505192275,2115
17496.0,1412.89,4,675,-27.0,1.0,4.0,1385.89,0.25,0.01910976792248512,359,4,1412.89,At Risk High Value,336,353.2225,14700605.60400001,88.26836649457186,2116
13572.0,1384.25,1,534,0.0,0.0,0.0,1384.25,0.0,0.0,206,1,1384.25,Hibernating,0,1384.25,14701989.85400001,88.27667808999941,2117
13049.0,1408.24,4,620,-24.1,1.0,14.0,1384.14,0.25,0.017113560188604215,65,4,1408.24,Potential Loyalists,337,352.06,14703373.99400001,88.28498902494256,2118
16463.0,1422.4,4,1163,-38.7,3.0,28.0,1383.7,0.75,0.02720753655793026,22,4,1422.4,Champions,183,355.6,14704757.69400001,88.2932973179482,2119
12952.0,1387.79,4,653,-4.95,1.0,1.0,1382.84,0.25,0.0035668220696214847,6,4,1387.79,Loyal Customers,73,346.9475,14706140.53400001,88.30160044716692,2120
14116.0,1382.74,5,707,0.0,0.0,0.0,1382.74,0.0,0.0,20,5,1382.74,Champions,102,276.548,14707523.27400001,88.30990297594529,2121
14909.0,1404.68,3,888,-23.7,2.0,2.0,1380.98,0.6666666666666666,0.016872170173989804,438,3,1404.68,At Risk,226,468.2266666666667,14708904.25400001,88.31819493697365,2122
17878.0,1378.93,3,1014,0.0,0.0,0.0,1378.93,0.0,0.0,44,3,1378.93,Loyal Customers,352,459.6433333333334,14710283.18400001,88.32647458897502,2123
15141.0,1388.47,7,1197,-10.159999999999998,2.0,13.0,1378.31,0.2857142857142857,0.0073174069299300655,458,7,1388.47,At Risk High Value,164,198.35285714285715,14711661.49400001,88.33475051824625,2124
16727.0,1377.77,4,1066,0.0,0.0,0.0,1377.77,0.0,0.0,365,4,1377.77,At Risk High Value,324,344.4425,14713039.26400001,88.34302320513964,2125
17714.0,1410.18,5,608,-33.6,4.0,18.0,1376.5800000000002,0.8,0.023826745521848276,321,5,1410.18,At Risk High Value,193,282.036,14714415.84400001,88.35128874679299,2126
14662.0,1376.43,7,907,0.0,0.0,0.0,1376.43,0.0,0.0,29,7,1376.43,Champions,708,196.63285714285715,14715792.27400001,88.35955338778581,2127
14083.0,1376.2,11,912,0.0,0.0,0.0,1376.2,0.0,0.0,5,11,1376.2,Champions,717,125.10909090909092,14717168.474000009,88.36781664776584,2128
14265.0,1373.35,4,715,0.0,0.0,0.0,1373.35,0.0,0.0,110,4,1373.35,Potential Loyalists,503,343.3375,14718541.824000008,88.37606279519615,2129
14434.0,1372.8,6,368,0.0,0.0,0.0,1372.8,0.0,0.0,22,6,1372.8,Champions,51,228.8,14719914.62400001,88.38430564020456,2130
15453.0,1371.77,7,837,0.0,0.0,0.0,1371.77,0.0,0.0,2,7,1371.77,Champions,186,195.96714285714285,14721286.394000009,88.39254230067746,2131
13159.0,1429.35,4,1058,-58.10000000000001,1.0,14.0,1371.25,0.25,0.04064784692342674,9,4,1429.35,Loyal Customers,107,357.3375,14722657.644000009,88.4007758388606,2132
14538.0,1370.8400000000001,5,284,0.0,0.0,0.0,1370.8400000000001,0.0,0.0,65,5,1370.84,Potential Loyalists,619,274.168,14724028.484000009,88.40900691523834,2133
18221.0,1424.94,6,1000,-54.60000000000001,2.0,16.0,1370.3400000000001,0.3333333333333333,0.038317402838014235,23,6,1424.94,Champions,368,237.49,14725398.824000008,88.41723498941435,2134
16300.0,1367.32,3,643,0.0,0.0,0.0,1367.32,0.0,0.0,431,3,1367.32,At Risk,245,455.7733333333333,14726766.144000009,88.42544493029206,2135
14609.0,1486.2,10,12720,-120.0,1.0,2400.0,1366.2,0.1,0.08074283407347597,73,10,1486.2,Potential Loyalists,596,148.62,14728132.344000008,88.43364814623794,2136
14487.0,1391.3700000000001,7,798,-25.5,1.0,2.0,1365.8700000000001,0.14285714285714285,0.01832726018241014,27,7,1391.37,Champions,353,198.7671428571429,14729498.214000007,88.4418493807307,2137
14577.0,1364.15,7,569,0.0,0.0,0.0,1364.15,0.0,0.0,13,7,1364.15,Champions,716,194.87857142857143,14730862.364000008,88.45004028764959,2138
14114.0,1364.09,7,650,0.0,0.0,0.0,1364.09,0.0,0.0,274,7,1364.09,At Risk High Value,333,194.87,14732226.454000007,88.45823083430426,2139
16634.0,1814.6100000000001,6,1321,-451.51,4.0,769.0,1363.1000000000001,0.6666666666666666,0.24881930552570522,223,6,1814.61,At Risk High Value,465,302.435,14733589.554000007,88.46641543659956,2140
13074.0,1378.74,4,826,-15.9,1.0,2.0,1362.84,0.25,0.011532268593063232,512,4,1378.74,At Risk,212,344.685,14734952.394000007,88.47459847774996,2141
16389.0,1382.0700000000002,4,1242,-19.8,1.0,12.0,1362.2700000000002,0.25,0.014326336582083396,54,4,1382.0700000000002,Champions,230,345.51750000000004,14736314.664000006,88.48277809639042,2142
16588.0,1361.28,4,882,0.0,0.0,0.0,1361.28,0.0,0.0,387,4,1361.28,At Risk High Value,188,340.32,14737675.944000006,88.4909517706715,2143
16384.0,1358.95,4,861,0.0,0.0,0.0,1358.95,0.0,0.0,90,4,1358.95,Potential Loyalists,501,339.7375,14739034.894000005,88.49911145469261,2144
13760.0,1363.6399999999999,5,623,-5.0,1.0,4.0,1358.6399999999999,0.2,0.0036666568889149632,55,5,1363.64,Champions,539,272.72799999999995,14740393.534000006,88.50726927734868,2145
17150.0,1357.95,6,397,0.0,0.0,0.0,1357.95,0.0,0.0,377,6,1357.95,At Risk High Value,357,226.325,14741751.484000005,88.51542295696639,2146
12875.0,1356.9900000000002,5,5187,0.0,0.0,0.0,1356.9900000000002,0.0,0.0,144,5,1356.9900000000002,Potential Loyalists,554,271.398,14743108.474000005,88.52357087235681,2147
18167.0,1384.8600000000001,3,382,-29.35,3.0,23.0,1355.5100000000002,1.0,0.021193478041101627,24,3,1384.86,Loyal Customers,82,461.62000000000006,14744463.984000005,88.53170990123019,2148
13821.0,1379.08,6,477,-23.700000000000003,1.0,6.0,1355.3799999999999,0.16666666666666666,0.017185369956782787,145,6,1379.08,Potential Loyalists,560,229.84666666666664,14745819.364000006,88.53984814953112,2149
14316.0,1370.34,5,4494,-15.0,1.0,12.0,1355.34,0.2,0.010946188537151364,423,5,1370.34,At Risk High Value,208,274.068,14747174.704000005,88.54798615765593,2150
17054.0,1356.33,5,804,-2.5,1.0,2.0,1353.83,0.2,0.0018432092484867253,29,5,1356.33,Champions,217,271.266,14748528.534000006,88.55611509913156,2151
15116.0,1352.75,4,648,0.0,0.0,0.0,1352.75,0.0,0.0,18,4,1352.75,Loyal Customers,187,338.1875,14749881.284000006,88.5642375558515,2152
16245.0,1413.66,3,1014,-61.300000000000004,2.0,6.0,1352.3600000000001,0.6666666666666666,0.0433626190173026,24,3,1413.66,Loyal Customers,233,471.22,14751233.644000005,88.57235767085413,2153
16079.0,1352.0,3,864,0.0,0.0,0.0,1352.0,0.0,0.0,17,3,1352.0,Loyal Customers,24,450.6666666666667,14752585.644000005,88.58047562427151,2154
14853.0,1376.87,5,345,-25.5,2.0,2.0,1351.37,0.4,0.01852026698235854,25,5,1376.87,Champions,581,275.374,14753937.014000004,88.58858979491474,2155
12886.0,1378.4,2,770,-27.31,1.0,9.0,1351.0900000000001,0.5,0.019812826465467205,68,2,1378.4,Needs Attention,152,689.2,14755288.104000004,88.59670228432502,2156
17796.0,1351.04,7,375,0.0,0.0,0.0,1351.04,0.0,0.0,41,7,1351.04,Champions,381,193.00571428571428,14756639.144000003,88.60481447351512,2157
16367.0,1350.48,3,1103,0.0,0.0,0.0,1350.48,0.0,0.0,38,3,1350.48,Loyal Customers,346,450.16,14757989.624000004,88.61292330023932,2158
17731.0,1708.99,6,707,-361.90999999999997,1.0,101.0,1347.08,0.16666666666666666,0.2117683544081592,80,6,1708.99,Potential Loyalists,589,284.83166666666665,14759336.704000004,88.62101171199191,2159
12646.0,1346.97,2,897,0.0,0.0,0.0,1346.97,0.0,0.0,5,2,1346.97,New / Promising,45,673.485,14760683.674000004,88.62909946326013,2160
13639.0,1346.27,2,997,0.0,0.0,0.0,1346.27,0.0,0.0,75,2,1346.27,Needs Attention,362,673.135,14762029.944000004,88.63718301144594,2161
14550.0,1345.06,4,771,0.0,0.0,0.0,1345.06,0.0,0.0,11,4,1345.06,Loyal Customers,473,336.265,14763375.004000004,88.64525929430364,2162
17429.0,1357.46,5,1286,-15.3,2.0,10.0,1342.16,0.4,0.01127105034402487,129,5,1357.46,Potential Loyalists,301,271.492,14764717.164000005,88.65331816439141,2163
13743.0,1341.6,7,1776,-1.45,1.0,1.0,1340.1499999999999,0.14285714285714285,0.001080799045915325,3,7,1341.6,Champions,257,191.65714285714284,14766057.314000005,88.66136496562834,2164
15398.0,1345.53,2,769,-5.9,1.0,2.0,1339.6299999999999,0.5,0.004384889225806932,17,2,1345.53,New / Promising,62,672.765,14767396.944000006,88.66940864457547,2165
12620.0,1339.41,3,1181,0.0,0.0,0.0,1339.41,0.0,0.0,15,3,1339.41,Loyal Customers,190,446.47,14768736.354000006,88.67745100255387,2166
12711.0,1339.05,2,770,0.0,0.0,0.0,1339.05,0.0,0.0,612,2,1339.05,Hibernating,65,669.525,14770075.404000007,88.68549119894703,2167
12591.0,1338.95,3,653,0.0,0.0,0.0,1338.95,0.0,0.0,318,3,1338.95,At Risk,91,446.31666666666666,14771414.354000006,88.69353079489984,2168
15411.0,1348.93,4,529,-12.5,1.0,2.0,1336.43,0.25,0.009266603900869577,27,4,1348.93,Loyal Customers,156,337.2325,14772750.784000006,88.70155525975606,2169
13220.0,1336.0900000000001,5,396,0.0,0.0,0.0,1336.0900000000001,0.0,0.0,79,5,1336.09,Potential Loyalists,497,267.218,14774086.874000005,88.70957768311511,2170
15347.0,1363.6,4,672,-29.7,2.0,6.0,1333.8999999999999,0.5,0.021780580815488414,367,4,1363.6,At Risk,71,340.9,14775420.774000006,88.71758695683069,2171
17033.0,1332.79,4,871,0.0,0.0,0.0,1332.79,0.0,0.0,87,4,1332.79,Potential Loyalists,311,333.1975,14776753.564000005,88.72558956565845,2172
17932.0,1331.57,3,789,0.0,0.0,0.0,1331.57,0.0,0.0,30,3,1331.57,Loyal Customers,182,443.8566666666666,14778085.134000005,88.73358484911408,2173
14899.0,1331.38,1,570,0.0,0.0,0.0,1331.38,0.0,0.0,396,1,1331.38,Hibernating,0,1331.38,14779416.514000006,88.74157899173305,2174
13035.0,1364.2,3,926,-35.25,1.0,17.0,1328.95,0.3333333333333333,0.02583931974783756,74,3,1364.2,Potential Loyalists,358,454.73333333333335,14780745.464000005,88.7495585436517,2175
16295.0,1328.55,4,841,0.0,0.0,0.0,1328.55,0.0,0.0,10,4,1328.55,Champions,55,332.1375,14782074.014000006,88.75753569380902,2176
13232.0,1328.35,7,773,0.0,0.0,0.0,1328.35,0.0,0.0,13,7,1328.35,Champions,231,189.7642857142857,14783402.364000006,88.76551164308563,2177
14712.0,1328.0700000000002,4,411,0.0,0.0,0.0,1328.0700000000002,0.0,0.0,30,4,1328.0700000000002,Loyal Customers,389,332.01750000000004,14784730.434000006,88.77348591112928,2178
13919.0,1360.68,4,1133,-34.65,1.0,37.0,1326.03,0.25,0.025465208572184494,60,4,1360.68,Potential Loyalists,481,340.17,14786056.464000005,88.78144793018998,2179
13396.0,1360.99,2,600,-35.7,2.0,8.0,1325.29,1.0,0.02623090544383133,30,2,1360.99,New / Promising,290,680.495,14787381.754000004,88.78940550599215,2180
14956.0,1325.0,1,2500,0.0,0.0,0.0,1325.0,0.0,0.0,422,1,1325.0,Hibernating,0,1325.0,14788706.754000004,88.79736134051733,2181
12960.0,1322.0700000000002,4,1379,0.0,0.0,0.0,1322.0700000000002,0.0,0.0,414,4,1322.0700000000002,At Risk,248,330.51750000000004,14790028.824000005,88.80529958214049,2182
17908.0,1374.5,5,839,-53.65,2.0,27.0,1320.85,0.4,0.03903237540923972,374,5,1374.5,At Risk High Value,352,274.9,14791349.674000004,88.81323049839149,2183
14847.0,1348.95,3,533,-28.35,1.0,4.0,1320.6000000000001,0.3333333333333333,0.021016346046925385,149,3,1348.95,Potential Loyalists,416,449.65,14792670.274000004,88.82115991354165,2184
14591.0,1320.21,4,1228,0.0,0.0,0.0,1320.21,0.0,0.0,16,4,1320.21,Loyal Customers,198,330.0525,14793990.484000005,88.82908698697447,2185
13803.0,1338.91,3,831,-19.8,1.0,12.0,1319.1100000000001,0.3333333333333333,0.01478814856861178,256,3,1338.91,At Risk,363,446.3033333333333,14795309.594000004,88.83700745556352,2186
15751.0,1380.44,11,443,-61.599999999999994,3.0,6.0,1318.8400000000001,0.2727272727272727,0.044623453391672216,461,11,1380.44,At Risk High Value,273,125.49454545454546,14796628.434000004,88.84492630296366,2187
14861.0,1380.73,10,1076,-62.33,4.0,22.0,1318.4,0.4,0.045142786786699786,53,10,1380.73,Champions,679,138.073,14797946.834000004,88.8528425084263,2188
12526.0,1316.66,3,632,0.0,0.0,0.0,1316.66,0.0,0.0,1,3,1316.66,Loyal Customers,94,438.8866666666667,14799263.494000005,88.86074826622699,2189
14921.0,1316.07,2,953,0.0,0.0,0.0,1316.07,0.0,0.0,31,2,1316.07,New / Promising,171,658.035,14800579.564000005,88.86865048142968,2190
14973.0,1314.45,3,369,0.0,0.0,0.0,1314.45,0.0,0.0,108,3,1314.45,Potential Loyalists,118,438.15,14801894.014000004,88.87654296949881,2191
15154.0,1343.72,3,333,-29.55,1.0,4.0,1314.17,0.3333333333333333,0.02199118864049058,76,3,1343.72,Potential Loyalists,403,447.9066666666667,14803208.184000004,88.884433776335,2192
15322.0,1390.86,2,971,-76.71,1.0,51.0,1314.1499999999999,0.5,0.05515292696604978,86,2,1390.86,Needs Attention,391,695.43,14804522.334000004,88.89232446308313,2193
15146.0,1327.16,2,1473,-13.5,1.0,14.0,1313.66,0.5,0.010172096808222068,165,2,1327.16,Needs Attention,127,663.58,14805835.994000005,88.90021220767358,2194
12364.0,1313.1,4,1506,0.0,0.0,0.0,1313.1,0.0,0.0,8,4,1313.1,Loyal Customers,105,328.275,14807149.094000004,88.90809658979812,2195
12639.0,1312.3700000000001,3,631,0.0,0.0,0.0,1312.3700000000001,0.0,0.0,239,3,1312.37,At Risk,389,437.4566666666667,14808461.464000003,88.91597658870815,2196
12426.0,1345.21,2,584,-33.8,1.0,7.0,1311.41,0.5,0.0251261884761487,195,2,1345.21,Hibernating,468,672.605,14809772.874000004,88.92385082339092,2197
16377.0,1308.48,2,2928,0.0,0.0,0.0,1308.48,0.0,0.0,268,2,1308.48,Hibernating,350,654.24,14811081.354000004,88.93170746517167,2198
13328.0,1308.48,1,680,0.0,0.0,0.0,1308.48,0.0,0.0,317,1,1308.48,Hibernating,0,1308.48,14812389.834000004,88.93956410695243,2199
13587.0,1673.5,4,664,-365.4,2.0,20.0,1308.1,0.5,0.21834478637585897,64,4,1673.5,Potential Loyalists,600,418.375,14813697.934000004,88.94741846705989,2200
16282.0,1307.5800000000002,3,790,0.0,0.0,0.0,1307.5800000000002,0.0,0.0,340,3,1307.5800000000002,At Risk,379,435.86000000000007,14815005.514000004,88.95526970487757,2201
14071.0,1437.57,8,994,-131.41,1.0,95.0,1306.1599999999999,0.125,0.09141120084587186,4,8,1437.57,Champions,261,179.69625,14816311.674000004,88.9631124164424,2202
17888.0,1807.44,25,1536,-501.54,6.0,692.0,1305.9,0.24,0.2774863895896959,22,25,1807.44,Champions,697,72.2976,14817617.574000005,88.97095356686235,2203
15677.0,1305.6299999999999,3,675,0.0,0.0,0.0,1305.6299999999999,0.0,0.0,50,3,1305.63,Loyal Customers,414,435.21,14818923.204000005,88.97879309609338,2204
15813.0,1303.9099999999999,2,603,0.0,0.0,0.0,1303.9099999999999,0.0,0.0,208,2,1303.91,Hibernating,32,651.9549999999999,14820227.114000006,88.98662229775053,2205
12463.0,1344.78,4,776,-41.15,3.0,19.0,1303.6299999999999,0.75,0.03059980071089695,54,4,1344.78,Loyal Customers,188,336.195,14821530.744000006,88.99444981817474,2206
15101.0,1477.94,6,676,-174.45,5.0,21.0,1303.49,0.8333333333333334,0.11803591485445958,9,6,1477.94,Champions,582,246.32333333333332,14822834.234000007,89.00227649798245,2207
16370.0,1301.91,4,640,0.0,0.0,0.0,1301.91,0.0,0.0,83,4,1301.91,Potential Loyalists,143,325.4775,14824136.144000007,89.01009369083278,2208
16574.0,1301.78,3,1002,0.0,0.0,0.0,1301.78,0.0,0.0,72,3,1301.78,Potential Loyalists,587,433.9266666666667,14825437.924000006,89.01791010311064,2209
17097.0,1318.08,9,649,-16.5,1.0,2.0,1301.58,0.1111111111111111,0.012518208302986162,3,9,1318.08,Champions,428,146.45333333333332,14826739.504000006,89.02572531450784,2210
12919.0,1335.19,6,673,-33.75,2.0,5.0,1301.44,0.3333333333333333,0.02527730135785918,9,6,1335.19,Champions,161,222.53166666666667,14828040.944000006,89.03353968528855,2211
14479.0,1299.11,4,620,0.0,0.0,0.0,1299.11,0.0,0.0,254,4,1299.11,At Risk,480,324.7775,14829340.054000005,89.0413400658093,2212
16464.0,1298.66,3,952,0.0,0.0,0.0,1298.66,0.0,0.0,20,3,1298.66,Loyal Customers,123,432.8866666666667,14830638.714000005,89.04913774434851,2213
12488.0,1298.66,3,529,0.0,0.0,0.0,1298.66,0.0,0.0,10,3,1298.66,Loyal Customers,66,432.8866666666667,14831937.374000005,89.05693542288773,2214
12987.0,1312.21,5,585,-13.7,1.0,2.0,1298.51,0.2,0.010440402069790657,74,5,1312.21,Potential Loyalists,615,262.442,14833235.884000005,89.06473220076644,2215
12372.0,1298.04,3,794,0.0,0.0,0.0,1298.04,0.0,0.0,72,3,1298.04,Potential Loyalists,225,432.68,14834533.924000004,89.07252615657553,2216
17499.0,1341.3899999999999,2,1086,-44.550000000000004,1.0,9.0,1296.84,0.5,0.03321181759219914,290,2,1341.39,At Risk,272,670.6949999999999,14835830.764000004,89.08031290710055,2217
14618.0,1342.32,7,704,-46.65,2.0,7.0,1295.6699999999998,0.2857142857142857,0.034753263007330594,10,7,1342.32,Champions,537,191.76,14837126.434000004,89.08809263247355,2218
16929.0,1295.39,7,929,0.0,0.0,0.0,1295.39,0.0,0.0,4,7,1295.39,Champions,152,185.0557142857143,14838421.824000005,89.09587067661361,2219
14480.0,1299.52,4,670,-4.25,1.0,1.0,1295.27,0.25,0.003270438315685792,12,4,1299.52,Loyal Customers,707,324.88,14839717.094000004,89.10364800022525,2220
15471.0,1292.01,3,670,0.0,0.0,0.0,1292.01,0.0,0.0,3,3,1292.01,Loyal Customers,548,430.67,14841009.104000004,89.11140574948175,2221
16744.0,1291.91,7,798,0.0,0.0,0.0,1291.91,0.0,0.0,12,7,1291.91,Champions,162,184.55857142857144,14842301.014000004,89.11916289829792,2222
15108.0,1300.25,4,499,-8.5,1.0,2.0,1291.75,0.25,0.006537204383772351,142,4,1300.25,Potential Loyalists,86,325.0625,14843592.764000004,89.12691908640954,2223
14856.0,1290.53,3,711,0.0,0.0,0.0,1290.53,0.0,0.0,37,3,1290.53,Loyal Customers,20,430.1766666666667,14844883.294000003,89.13466794914898,2224
13846.0,1307.79,4,705,-17.45,1.0,5.0,1290.34,0.25,0.01334312083744332,25,4,1307.79,Loyal Customers,375,326.9475,14846173.634000003,89.1424156710518,2225
16756.0,1312.3700000000001,7,707,-24.950000000000003,2.0,7.0,1287.42,0.2857142857142857,0.019011406844106463,215,7,1312.37,At Risk High Value,426,187.48142857142855,14847461.054000003,89.15014586009661,2226
16608.0,1286.6200000000001,2,612,0.0,0.0,0.0,1286.6200000000001,0.0,0.0,454,2,1286.62,Hibernating,210,643.3100000000001,14848747.674000002,89.15787124561871,2227
17411.0,1425.38,5,608,-138.85,4.0,35.0,1286.5300000000002,0.8,0.0974126197926167,13,5,1425.38,Champions,724,285.076,14850034.204000002,89.1655960907445,2228
16212.0,1293.71,4,571,-9.15,1.0,3.0,1284.56,0.25,0.007072682440423279,20,4,1293.71,Champions,651,323.4275,14851318.764000002,89.17330910719558,2229
14297.0,1305.33,4,865,-21.27,2.0,4.0,1284.06,0.5,0.0162947300682586,18,4,1305.33,Loyal Customers,257,326.3325,14852602.824000003,89.18101912144493,2230
14284.0,1299.65,3,510,-16.8,1.0,4.0,1282.8500000000001,0.3333333333333333,0.012926557150001924,31,3,1299.65,Loyal Customers,623,433.2166666666667,14853885.674000002,89.18872187036617,2231
15774.0,1288.34,6,465,-5.74,1.0,1.0,1282.6,0.16666666666666666,0.004455345638573669,69,6,1288.34,Potential Loyalists,588,214.72333333333333,14855168.274000002,89.19642311818653,2232
15136.0,1286.7,4,776,-4.25,1.0,1.0,1282.45,0.25,0.003303023237739955,3,4,1286.7,Loyal Customers,94,321.675,14856450.724000001,89.20412346534638,2233
14821.0,1278.95,7,479,0.0,0.0,0.0,1278.95,0.0,0.0,367,7,1278.95,At Risk High Value,310,182.70714285714288,14857729.674,89.2118027970943,2234
15211.0,1277.48,2,357,0.0,0.0,0.0,1277.48,0.0,0.0,61,2,1277.48,Needs Attention,305,638.74,14859007.154000001,89.21947330236917,2235
17521.0,1278.06,5,806,-1.25,1.0,1.0,1276.81,0.2,0.0009780448492246062,30,5,1278.06,Champions,405,255.612,14860283.964000002,89.22713978469376,2236
14478.0,1276.66,4,1226,0.0,0.0,0.0,1276.66,0.0,0.0,383,4,1276.66,At Risk,356,319.165,14861560.624000002,89.23480536635785,2237
17109.0,1291.71,8,788,-15.360000000000001,2.0,16.0,1276.3500000000001,0.25,0.011891213972176419,30,8,1291.71,Champions,468,161.46375,14862836.974000001,89.24246908665688,2238
14619.0,1291.24,2,594,-14.93,1.0,7.0,1276.31,0.5,0.011562529041851243,246,2,1291.24,Hibernating,296,645.62,14864113.284000002,89.25013256677977,2239
17142.0,1275.25,4,322,0.0,0.0,0.0,1275.25,0.0,0.0,240,4,1275.25,At Risk High Value,445,318.8125,14865388.534000002,89.25778968223504,2240
14820.0,1274.76,9,724,0.0,0.0,0.0,1274.76,0.0,0.0,22,9,1274.76,Champions,656,141.64,14866663.294000002,89.26544385553264,2241
14167.0,1274.29,8,340,0.0,0.0,0.0,1274.29,0.0,0.0,40,8,1274.29,Champions,642,159.28625,14867937.584,89.27309520676062,2242
14490.0,1273.47,2,933,0.0,0.0,0.0,1273.47,0.0,0.0,407,2,1273.47,Hibernating,22,636.735,14869211.054000001,89.28074163437782,2243
17478.0,1272.8000000000002,2,516,0.0,0.0,0.0,1272.8000000000002,0.0,0.0,409,2,1272.8000000000002,At Risk,225,636.4000000000001,14870483.854000002,89.28838403904471,2244
12394.0,1272.48,2,819,0.0,0.0,0.0,1272.48,0.0,0.0,64,2,1272.48,Needs Attention,154,636.24,14871756.334000003,89.29602452230253,2245
16222.0,1272.05,2,463,0.0,0.0,0.0,1272.05,0.0,0.0,319,2,1272.05,Hibernating,403,636.025,14873028.384000003,89.30366242366688,2246
12908.0,1776.0,5,3000,-504.0,2.0,1200.0,1272.0,0.4,0.28378378378378377,177,5,1776.0,Potential Loyalists,454,355.2,14874300.384000003,89.31130002481105,2247
12630.0,1270.88,2,548,0.0,0.0,0.0,1270.88,0.0,0.0,10,2,1270.88,New / Promising,34,635.44,14875571.264000004,89.31893090102339,2248
14679.0,1289.44,3,794,-19.04,2.0,6.0,1270.4,0.6666666666666666,0.014766100012408486,382,3,1289.44,At Risk,350,429.8133333333333,14876841.664000005,89.3265588951221,2249
13492.0,1269.84,3,408,0.0,0.0,0.0,1269.84,0.0,0.0,137,3,1269.84,Potential Loyalists,78,423.28,14878111.504000004,89.3341835267549,2250
15439.0,1269.05,4,572,0.0,0.0,0.0,1269.05,0.0,0.0,405,4,1269.05,At Risk,249,317.2625,14879380.554000005,89.341803414909,2251
17027.0,1310.63,9,645,-41.7,1.0,6.0,1268.93,0.1111111111111111,0.03181675987883689,79,9,1310.63,Potential Loyalists,651,145.62555555555556,14880649.484000005,89.34942258253467,2252
13892.0,1267.65,6,3125,0.0,0.0,0.0,1267.65,0.0,0.0,27,6,1267.65,Champions,549,211.275,14881917.134000005,89.35703406452399,2253
14511.0,1314.81,5,784,-47.400000000000006,1.0,12.0,1267.4099999999999,0.2,0.03605083624249892,12,5,1314.81,Champions,122,262.962,14883184.544000005,89.36464410545648,2254
13300.0,1285.51,3,455,-18.3,2.0,8.0,1267.21,0.6666666666666666,0.01423559521123912,170,3,1285.51,Potential Loyalists,405,428.5033333333333,14884451.754000006,89.37225294550831,2255
13497.0,1320.3300000000002,6,579,-54.0,1.0,8.0,1266.3300000000002,0.16666666666666666,0.040898866192542765,283,6,1320.3300000000002,At Risk High Value,387,220.05500000000004,14885718.084000006,89.37985650168511,2256
13515.0,1265.82,6,819,0.0,0.0,0.0,1265.82,0.0,0.0,73,6,1265.82,Potential Loyalists,572,210.97,14886983.904000007,89.38745699561618,2257
15584.0,1268.2,6,483,-2.5,1.0,2.0,1265.7,0.16666666666666666,0.0019712979025390317,24,6,1268.2,Champions,647,211.36666666666667,14888249.604000006,89.39505676901882,2258
16894.0,1306.96,3,503,-41.7,2.0,6.0,1265.26,0.6666666666666666,0.031906102711636165,503,3,1306.96,At Risk,33,435.65333333333336,14889514.864000006,89.40265390048397,2259
14379.0,1265.16,4,712,0.0,0.0,0.0,1265.16,0.0,0.0,45,4,1265.16,Loyal Customers,436,316.29,14890780.024000006,89.41025043150879,2260
13617.0,1278.75,8,593,-14.95,1.0,1.0,1263.8,0.125,0.0116911045943304,41,8,1278.75,Champions,455,159.84375,14892043.824000007,89.41783879654494,2261
14427.0,1263.52,4,538,0.0,0.0,0.0,1263.52,0.0,0.0,51,4,1263.52,Loyal Customers,581,315.88,14893307.344000006,89.42542548034815,2262
16951.0,1277.75,3,1318,-15.0,1.0,12.0,1262.75,0.3333333333333333,0.011739385638818236,135,3,1277.75,Potential Loyalists,170,425.9166666666667,14894570.094000006,89.43300754076074,2263
17759.0,1261.88,5,965,0.0,0.0,0.0,1261.88,0.0,0.0,18,5,1261.88,Champions,566,252.37600000000003,14895831.974000007,89.44058437734235,2264
16777.0,1292.18,5,470,-30.75,1.0,5.0,1261.43,0.2,0.023796994226810506,81,5,1292.18,Potential Loyalists,552,258.43600000000004,14897093.404000007,89.44815851194241,2265
16955.0,1309.41,6,823,-48.25,3.0,27.0,1261.16,0.5,0.03684865702873813,185,6,1309.41,Potential Loyalists,493,218.235,14898354.564000007,89.45573102535357,2266
16688.0,1260.8600000000001,4,804,0.0,0.0,0.0,1260.8600000000001,0.0,0.0,2,4,1260.86,Champions,59,315.21500000000003,14899615.424000006,89.46330173744369,2267
14984.0,1260.51,6,348,0.0,0.0,0.0,1260.51,0.0,0.0,20,6,1260.51,Champions,678,210.085,14900875.934000006,89.47087034799262,2268
13916.0,1275.81,4,673,-15.3,1.0,6.0,1260.51,0.25,0.011992381310696736,464,4,1275.81,At Risk,212,318.9525,14902136.444000006,89.47843895854155,2269
16842.0,1264.19,3,693,-3.75,1.0,1.0,1260.44,0.3333333333333333,0.0029663262642482535,101,3,1264.19,Potential Loyalists,202,421.3966666666667,14903396.884000005,89.48600714878224,2270
16372.0,1290.31,5,722,-30.0,1.0,24.0,1260.31,0.2,0.023250226689710225,34,5,1290.31,Champions,574,258.062,14904657.194000006,89.49357455845048,2271
18035.0,1260.23,5,1134,0.0,0.0,0.0,1260.23,0.0,0.0,36,5,1260.23,Champions,350,252.046,14905917.424000006,89.50114148776645,2272
17343.0,1259.94,6,454,0.0,0.0,0.0,1259.94,0.0,0.0,356,6,1259.94,At Risk High Value,381,209.99,14907177.364000006,89.50870667580543,2273
13689.0,1259.5,2,722,0.0,0.0,0.0,1259.5,0.0,0.0,64,2,1259.5,Needs Attention,381,629.75,14908436.864000006,89.51626922190691,2274
15009.0,1259.43,3,639,0.0,0.0,0.0,1259.43,0.0,0.0,13,3,1259.43,Loyal Customers,13,419.81,14909696.294000005,89.52383134770014,2275
14267.0,1516.24,3,530,-257.05,6.0,71.0,1259.19,2.0,0.16953120877961272,163,3,1516.24,Potential Loyalists,98,505.41333333333336,14910955.484000005,89.53139203243656,2276
15651.0,1259.06,5,871,0.0,0.0,0.0,1259.06,0.0,0.0,37,5,1259.06,Champions,560,251.812,14912214.544000005,89.53895193660054,2277
12717.0,1308.91,3,600,-50.0,1.0,1.0,1258.91,0.3333333333333333,0.03819972343400233,152,3,1308.91,Potential Loyalists,439,436.3033333333333,14913473.454000005,89.54651094010401,2278
17635.0,1265.58,3,770,-8.75,1.0,7.0,1256.83,0.3333333333333333,0.006913826071840579,425,3,1265.58,At Risk,166,421.86,14914730.284000006,89.55405745444837,2279
13065.0,1260.91,5,455,-4.95,1.0,1.0,1255.96,0.2,0.003925736174667502,374,5,1260.91,At Risk High Value,174,252.182,14915986.244000006,89.56159874496177,2280
17862.0,1254.89,4,440,0.0,0.0,0.0,1254.89,0.0,0.0,324,4,1254.89,At Risk High Value,240,313.7225,14917241.134000007,89.5691336107635,2281
14419.0,1254.64,7,552,0.0,0.0,0.0,1254.64,0.0,0.0,11,7,1254.64,Champions,372,179.23428571428573,14918495.774000008,89.57666697546439,2282
15064.0,1254.41,4,810,0.0,0.0,0.0,1254.41,0.0,0.0,411,4,1254.41,At Risk,307,313.6025,14919750.184000008,89.58419895915249,2283
15441.0,1254.21,3,587,0.0,0.0,0.0,1254.21,0.0,0.0,397,3,1254.21,At Risk,334,418.07,14921004.394000009,89.59172974195991,2284
13855.0,1310.3400000000001,4,575,-56.400000000000006,1.0,14.0,1253.94,0.25,0.04304226383991941,501,4,1310.34,At Risk,231,327.58500000000004,14922258.334000008,89.59925890357839,2285
17037.0,1267.32,1,656,-14.1,1.0,4.0,1253.22,1.0,0.011125840356026892,88,1,1267.32,Needs Attention,0,1267.32,14923511.554000009,89.60678374202644,2286
15400.0,1302.3,8,662,-49.5,1.0,30.0,1252.8,0.125,0.03800967519004838,93,8,1302.3,Potential Loyalists,468,162.7875,14924764.35400001,89.61430605862503,2287
15599.0,1250.06,3,1098,0.0,0.0,0.0,1250.06,0.0,0.0,27,3,1250.06,Loyal Customers,419,416.68666666666667,14926014.41400001,89.62181192315826,2288
17481.0,1255.59,4,1061,-6.25,1.0,1.0,1249.34,0.25,0.004977739548738044,4,4,1255.59,Champions,90,313.8975,14927263.75400001,89.62931346452105,2289
14474.0,1258.89,2,448,-9.95,1.0,1.0,1248.94,0.5,0.007903788257909744,47,2,1258.89,New / Promising,533,629.445,14928512.69400001,89.63681260412247,2290
14383.0,1247.69,3,817,0.0,0.0,0.0,1247.69,0.0,0.0,39,3,1247.69,Loyal Customers,125,415.8966666666667,14929760.384000009,89.64430423821959,2291
12689.0,1247.6100000000001,2,628,0.0,0.0,0.0,1247.6100000000001,0.0,0.0,26,2,1247.61,New / Promising,102,623.8050000000001,14931007.994000008,89.65179539196447,2292
14240.0,1247.49,3,655,0.0,0.0,0.0,1247.49,0.0,0.0,31,3,1247.49,Loyal Customers,393,415.83,14932255.484000009,89.65928582518093,2293
16296.0,1313.67,4,645,-67.7,2.0,13.0,1245.97,0.5,0.05153501259829333,627,4,1313.67,At Risk High Value,95,328.4175,14933501.45400001,89.6667671317042,2294
12402.0,1256.9,6,584,-12.75,1.0,1.0,1244.15,0.16666666666666666,0.010144005091892751,324,6,1256.9,At Risk High Value,347,209.48333333333332,14934745.60400001,89.67423751021326,2295
17076.0,1242.75,6,514,0.0,0.0,0.0,1242.75,0.0,0.0,37,6,1242.75,Champions,699,207.125,14935988.35400001,89.68169948255755,2296
13443.0,1273.16,6,805,-32.45,1.0,11.0,1240.71,0.16666666666666666,0.02548776273209966,449,6,1273.16,At Risk High Value,229,212.19333333333336,14937229.06400001,89.68914920591885,2297
17529.0,1240.25,2,790,0.0,0.0,0.0,1240.25,0.0,0.0,611,2,1240.25,At Risk,87,620.125,14938469.31400001,89.6965961672546,2298
13860.0,1245.9,5,591,-5.9,1.0,2.0,1240.0,0.2,0.004735532546753351,2,5,1245.9,Champions,85,249.18,14939709.31400001,89.70404162748947,2299
13201.0,1233.06,4,1036,0.0,0.0,0.0,1233.06,0.0,0.0,503,4,1233.06,At Risk,140,308.265,14940942.374000011,89.71144541716465,2300
16527.0,1232.94,2,708,0.0,0.0,0.0,1232.94,0.0,0.0,82,2,1232.94,Needs Attention,343,616.47,14942175.31400001,89.71884848631142,2301
17034.0,1276.42,5,694,-44.6,2.0,21.0,1231.8200000000002,0.4,0.03494147694332586,17,5,1276.42,Champions,497,255.284,14943407.13400001,89.72624483052637,2302
18080.0,1231.5,2,642,0.0,0.0,0.0,1231.5,0.0,0.0,19,2,1231.5,Loyal Customers,224,615.75,14944638.63400001,89.73363925333221,2303
16723.0,1231.3600000000001,4,958,0.0,0.0,0.0,1231.3600000000001,0.0,0.0,92,4,1231.36,Potential Loyalists,644,307.84000000000003,14945869.99400001,89.7410328355216,2304
16159.0,1232.79,4,635,-2.5,1.0,2.0,1230.29,0.25,0.0020279204081798197,282,4,1232.79,At Risk,455,308.1975,14947100.28400001,89.7484199929993,2305
12673.0,1230.02,3,700,0.0,0.0,0.0,1230.02,0.0,0.0,6,3,1230.02,Loyal Customers,396,410.00666666666666,14948330.304000009,89.7558055292881,2306
18135.0,1249.6200000000001,10,753,-20.4,3.0,4.0,1229.22,0.3,0.01632496278868776,30,10,1249.62,Champions,605,124.96200000000002,14949559.52400001,89.76318626205418,2307
13282.0,1313.19,4,410,-84.3,3.0,18.0,1228.89,0.75,0.06419482329289744,19,4,1313.19,Loyal Customers,388,328.2975,14950788.41400001,89.77056501336712,2308
14871.0,1228.17,9,446,0.0,0.0,0.0,1228.17,0.0,0.0,4,9,1228.17,Loyal Customers,735,136.46333333333334,14952016.58400001,89.7779394415096,2309
12866.0,1227.35,3,553,0.0,0.0,0.0,1227.35,0.0,0.0,284,3,1227.35,At Risk,219,409.1166666666666,14953243.93400001,89.78530894604127,2310
15800.0,1227.07,7,575,0.0,0.0,0.0,1227.07,0.0,0.0,108,7,1227.07,Potential Loyalists,511,175.29571428571427,14954471.00400001,89.79267676933999,2311
15038.0,1265.41,9,424,-39.9,1.0,30.0,1225.51,0.1111111111111111,0.031531282351174715,59,9,1265.41,Champions,367,140.60111111111112,14955696.51400001,89.80003522576939,2312
17456.0,1225.42,2,730,0.0,0.0,0.0,1225.42,0.0,0.0,366,2,1225.42,At Risk,91,612.71,14956921.93400001,89.80739314180248,2313
15269.0,1225.3600000000001,3,372,0.0,0.0,0.0,1225.3600000000001,0.0,0.0,24,3,1225.36,Loyal Customers,367,408.4533333333334,14958147.29400001,89.81475069757137,2314
16714.0,1497.33,4,828,-275.09,3.0,16.0,1222.24,0.75,0.18372035556624122,219,4,1497.33,At Risk High Value,452,374.3325,14959369.53400001,89.82208951960159,2315
15376.0,1221.56,3,615,0.0,0.0,0.0,1221.56,0.0,0.0,41,3,1221.56,Loyal Customers,182,407.18666666666667,14960591.09400001,89.8294242586375,2316
17132.0,1220.91,2,963,0.0,0.0,0.0,1220.91,0.0,0.0,453,2,1220.91,At Risk,36,610.455,14961812.00400001,89.83675509481118,2317
15004.0,1220.77,1,623,0.0,0.0,0.0,1220.77,0.0,0.0,148,1,1220.77,Needs Attention,0,1220.77,14963032.77400001,89.84408509036838,2318
13243.0,1220.38,5,554,0.0,0.0,0.0,1220.38,0.0,0.0,204,5,1220.38,At Risk,428,244.076,14964253.15400001,89.85141274420828,2319
12605.0,1232.95,4,929,-15.0,1.0,8.0,1217.95,0.25,0.012165943468916014,377,4,1232.95,At Risk,82,308.2375,14965471.10400001,89.85872580734784,2320
13863.0,1239.55,4,553,-21.919999999999998,2.0,7.0,1217.6299999999999,0.5,0.017683836876285747,248,4,1239.55,At Risk,346,309.8875,14966688.73400001,89.86603694907834,2321
14698.0,1217.27,5,602,0.0,0.0,0.0,1217.27,0.0,0.0,2,5,1217.27,Loyal Customers,50,243.454,14967906.00400001,89.87334592922358,2322
15390.0,1216.66,2,894,0.0,0.0,0.0,1216.66,0.0,0.0,397,2,1216.66,Hibernating,13,608.33,14969122.66400001,89.88065124668275,2323
15580.0,1375.39,8,955,-159.24,6.0,53.0,1216.15,0.75,0.11577807022008303,377,8,1375.39,At Risk High Value,294,171.92375,14970338.81400001,89.88795350189619,2324
14512.0,1215.97,7,736,0.0,0.0,0.0,1215.97,0.0,0.0,188,7,1215.97,Potential Loyalists,545,173.71,14971554.784000011,89.89525467631701,2325
15661.0,1215.95,8,779,0.0,0.0,0.0,1215.95,0.0,0.0,318,8,1215.95,At Risk,261,151.99375,14972770.73400001,89.90255573064975,2326
12985.0,1239.38,2,1533,-23.759999999999998,1.0,120.0,1215.6200000000001,0.5,0.019170875760460872,1,2,1239.38,New / Promising,28,619.69,14973986.35400001,89.90985480352937,2327
15579.0,1250.63,5,713,-35.25,2.0,76.0,1215.38,0.4,0.02818579435964274,69,5,1250.63,Potential Loyalists,364,250.12600000000003,14975201.73400001,89.91715243535216,2328
17410.0,1214.72,5,616,0.0,0.0,0.0,1214.72,0.0,0.0,17,5,1214.72,Loyal Customers,199,242.944,14976416.454000011,89.92444610426872,2329
13440.0,1295.25,7,573,-81.3,3.0,22.0,1213.95,0.42857142857142855,0.06276780544296467,424,7,1295.25,At Risk High Value,28,185.03571428571428,14977630.40400001,89.93173514979462,2330
17198.0,1213.88,3,599,0.0,0.0,0.0,1213.88,0.0,0.0,24,3,1213.88,Loyal Customers,348,404.6266666666667,14978844.284000011,89.9390237750123,2331
14020.0,1249.01,4,648,-35.75,1.0,7.0,1213.26,0.25,0.028622669153969944,17,4,1249.01,Loyal Customers,513,312.2525,14980057.544000011,89.94630867749987,2332
13140.0,1213.18,5,646,0.0,0.0,0.0,1213.18,0.0,0.0,109,5,1213.18,Potential Loyalists,383,242.636,14981270.72400001,89.95359309963514,2333
16872.0,1213.13,6,1079,0.0,0.0,0.0,1213.13,0.0,0.0,78,6,1213.13,Potential Loyalists,386,202.18833333333336,14982483.854000011,89.96087722155028,2334
13019.0,1229.95,6,397,-17.0,2.0,2.0,1212.95,0.3333333333333333,0.0138217000691085,380,6,1229.95,At Risk,354,204.99166666666667,14983696.80400001,89.96816026267275,2335
13918.0,1212.8400000000001,2,1140,0.0,0.0,0.0,1212.8400000000001,0.0,0.0,50,2,1212.84,New / Promising,204,606.4200000000001,14984909.64400001,89.97544264331088,2336
15664.0,1254.03,4,530,-41.68,3.0,19.0,1212.35,0.75,0.03323684441361052,51,4,1254.03,Loyal Customers,599,313.5075,14986121.99400001,89.98272208179134,2337
12464.0,1212.05,8,112,0.0,0.0,0.0,1212.05,0.0,0.0,11,8,1212.05,Loyal Customers,299,151.50625,14987334.044000011,89.98999971895077,2338
18263.0,1213.16,3,1468,-2.08,1.0,1.0,1211.0800000000002,0.3333333333333333,0.0017145306472353193,26,3,1213.16,Loyal Customers,227,404.3866666666667,14988545.124000011,89.99727153183889,2339
14193.0,1210.19,3,653,0.0,0.0,0.0,1210.19,0.0,0.0,68,3,1210.19,Potential Loyalists,329,403.3966666666667,14989755.31400001,90.00453800080795,2340
14428.0,1224.06,5,428,-14.690000000000001,2.0,8.0,1209.37,0.4,0.012001045700374167,8,5,1224.06,Loyal Customers,318,244.812,14990964.68400001,90.01179954616623,2341
16762.0,1207.24,3,480,0.0,0.0,0.0,1207.24,0.0,0.0,20,3,1207.24,Loyal Customers,125,402.41333333333336,14992171.92400001,90.01904830214522,2342
14320.0,1346.75,5,713,-142.63,2.0,87.0,1204.12,0.4,0.10590681269723408,207,5,1346.75,At Risk High Value,481,269.35,14993376.04400001,90.02627832438557,2343
14725.0,1252.74,4,1335,-50.400000000000006,1.0,24.0,1202.34,0.25,0.0402318118683845,25,4,1252.74,Loyal Customers,510,313.185,14994578.384000009,90.03349765878784,2344
14446.0,1200.28,5,1091,0.0,0.0,0.0,1200.28,0.0,0.0,1,5,1200.28,Loyal Customers,386,240.056,14995778.664000008,90.04070462411904,2345
16946.0,1222.04,5,509,-22.5,1.0,6.0,1199.54,0.2,0.018411835946450197,384,5,1222.04,At Risk,264,244.408,14996978.204000007,90.04790714619175,2346
17397.0,1198.28,3,691,0.0,0.0,0.0,1198.28,0.0,0.0,23,3,1198.28,Loyal Customers,394,399.4266666666667,14998176.484000007,90.05510210271615,2347
17713.0,1198.09,4,989,0.0,0.0,0.0,1198.09,0.0,0.0,383,4,1198.09,At Risk,166,299.5225,14999374.574000007,90.06229591840389,2348
13405.0,1213.811,6,855,-17.25,3.0,7.0,1196.561,0.5,0.014211438189306244,75,6,1213.811,Potential Loyalists,650,202.3018333333333,15000571.135000007,90.06948055335883,2349
16307.0,1194.92,3,1123,0.0,0.0,0.0,1194.92,0.0,0.0,430,3,1194.92,At Risk,148,398.3066666666667,15001766.055000007,90.07665533508775,2350
15145.0,1194.73,4,756,0.0,0.0,0.0,1194.73,0.0,0.0,5,4,1194.73,Loyal Customers,244,298.6825,15002960.785000008,90.08382897598003,2351
13723.0,1194.08,6,593,0.0,0.0,0.0,1194.08,0.0,0.0,218,6,1194.08,At Risk,394,199.0133333333333,15004154.865000008,90.09099871401008,2352
12611.0,1193.32,1,846,0.0,0.0,0.0,1193.32,0.0,0.0,53,1,1193.32,New / Promising,0,1193.32,15005348.185000008,90.09816388869353,2353
13976.0,1192.3600000000001,4,452,0.0,0.0,0.0,1192.3600000000001,0.0,0.0,207,4,1192.36,At Risk,462,298.09000000000003,15006540.545000007,90.10532329914972,2354
12993.0,1259.63,8,751,-68.37,2.0,103.0,1191.2600000000002,0.25,0.054277843493724345,24,8,1259.63,Champions,636,157.45375,15007731.805000007,90.11247610476214,2355
16501.0,1191.23,1,628,0.0,0.0,0.0,1191.23,0.0,0.0,384,1,1191.23,Hibernating,0,1191.23,15008923.035000008,90.11962873024247,2356
17531.0,1266.82,3,472,-75.6,6.0,12.0,1191.22,2.0,0.05967698647005889,191,3,1266.82,At Risk,428,422.2733333333333,15010114.255000008,90.12678129567875,2357
14275.0,1189.3799999999999,6,538,0.0,0.0,0.0,1189.3799999999999,0.0,0.0,396,6,1189.38,At Risk,212,198.23,15011303.63500001,90.13392281301277,2358
18057.0,1188.46,3,970,0.0,0.0,0.0,1188.46,0.0,0.0,394,3,1188.46,At Risk,297,396.15333333333336,15012492.09500001,90.14105880629563,2359
18286.0,1296.43,2,608,-108.0,1.0,16.0,1188.43,0.5,0.08330569332705968,477,2,1296.43,At Risk,247,648.215,15013680.52500001,90.14819461944639,2360
15573.0,1188.42,5,770,0.0,0.0,0.0,1188.42,0.0,0.0,32,5,1188.42,Loyal Customers,698,237.68400000000003,15014868.94500001,90.15533037255311,2361
14382.0,1193.6299999999999,2,1667,-5.95,1.0,1.0,1187.6799999999998,0.5,0.004984794282985515,27,2,1193.63,New / Promising,364,596.8149999999999,15016056.62500001,90.1624616824013,2362
17800.0,1187.21,9,732,0.0,0.0,0.0,1187.21,0.0,0.0,38,9,1187.21,Loyal Customers,297,131.91222222222223,15017243.83500001,90.1695901701799,2363
16471.0,1189.98,4,670,-3.8,2.0,4.0,1186.18,0.5,0.0031933309803526106,275,4,1189.98,At Risk,378,297.495,15018430.01500001,90.17671247342298,2364
18060.0,1185.46,2,902,0.0,0.0,0.0,1185.46,0.0,0.0,409,2,1185.46,At Risk,156,592.73,15019615.47500001,90.1838304534956,2365
12742.0,1201.52,1,1359,-16.5,1.0,10.0,1185.02,1.0,0.013732605366535722,626,1,1201.52,Hibernating,0,1201.52,15020800.49500001,90.19094579163071,2366
16830.0,1207.5,4,699,-23.8,1.0,6.0,1183.7,0.25,0.019710144927536234,39,4,1207.5,Loyal Customers,688,301.875,15021984.19500001,90.19805320395331,2367
15259.0,1182.3799999999999,4,631,0.0,0.0,0.0,1182.3799999999999,0.0,0.0,513,4,1182.38,At Risk,170,295.595,15023166.57500001,90.20515269046342,2368
17021.0,1182.22,6,992,0.0,0.0,0.0,1182.22,0.0,0.0,443,6,1182.22,At Risk,147,197.03666666666663,15024348.795000011,90.21225121626897,2369
13293.0,1192.94,6,555,-12.6,1.0,6.0,1180.3400000000001,0.16666666666666666,0.010562140593827015,393,6,1192.94,At Risk,276,198.82333333333332,15025529.135000011,90.2193384537961,2370
13395.0,1180.23,3,1660,0.0,0.0,0.0,1180.23,0.0,0.0,186,3,1180.23,Potential Loyalists,236,393.41,15026709.365000011,90.22642503083885,2371
13270.0,1180.0,1,400,0.0,0.0,0.0,1180.0,0.0,0.0,367,1,1180.0,Hibernating,0,1180.0,15027889.365000011,90.23351022686882,2372
15377.0,1211.75,4,253,-31.8,1.0,4.0,1179.95,0.25,0.026243036930059832,383,4,1211.75,At Risk,33,302.9375,15029069.31500001,90.24059512267861,2373
17058.0,1179.89,3,592,0.0,0.0,0.0,1179.89,0.0,0.0,82,3,1179.89,Potential Loyalists,158,393.2966666666667,15030249.205000011,90.24767965822421,2374
16614.0,1179.79,3,349,0.0,0.0,0.0,1179.79,0.0,0.0,183,3,1179.79,Potential Loyalists,396,393.2633333333333,15031428.99500001,90.25476359332946,2375
16693.0,1179.48,5,658,0.0,0.0,0.0,1179.48,0.0,0.0,69,5,1179.48,Potential Loyalists,588,235.896,15032608.47500001,90.26184566706965,2376
16345.0,1178.79,2,611,0.0,0.0,0.0,1178.79,0.0,0.0,45,2,1178.79,New / Promising,439,589.395,15033787.26500001,90.26892359777149,2377
15303.0,1224.18,3,514,-45.4,1.0,4.0,1178.78,0.3333333333333333,0.03708604943717427,291,3,1224.18,At Risk,393,408.06,15034966.04500001,90.27600146842929,2378
15600.0,1199.31,4,657,-20.6,1.0,6.0,1178.71,0.25,0.01717654317899459,429,4,1199.31,At Risk,165,299.8275,15036144.75500001,90.28307891877884,2379
18025.0,1177.72,6,1053,0.0,0.0,0.0,1177.72,0.0,0.0,380,6,1177.72,At Risk,240,196.28666666666663,15037322.47500001,90.29015042476904,2380
13233.0,1176.46,4,1604,0.0,0.0,0.0,1176.46,0.0,0.0,75,4,1176.46,Potential Loyalists,620,294.115,15038498.935000012,90.29721436521092,2381
15210.0,1176.19,3,841,0.0,0.0,0.0,1176.19,0.0,0.0,226,3,1176.19,At Risk,350,392.0633333333333,15039675.125000011,90.30427668446387,2382
17653.0,1207.56,4,1409,-31.68,1.0,8.0,1175.8799999999999,0.25,0.026234721256086654,37,4,1207.56,Loyal Customers,84,301.89,15040851.005000012,90.31133714235177,2383
17062.0,1179.14,6,890,-3.9,1.0,2.0,1175.24,0.16666666666666666,0.003307495293179775,314,6,1179.14,At Risk,126,196.5233333333333,15042026.245000012,90.31839375742149,2384
15068.0,1174.9,4,832,0.0,0.0,0.0,1174.9,0.0,0.0,47,4,1174.9,Loyal Customers,575,293.725,15043201.145000013,90.32544833099404,2385
12640.0,1174.58,3,311,0.0,0.0,0.0,1174.58,0.0,0.0,24,3,1174.58,Loyal Customers,58,391.5266666666666,15044375.725000013,90.3325009831575,2386
17239.0,1189.45,4,515,-15.3,2.0,2.0,1174.15,0.5,0.012863087981840347,313,4,1189.45,At Risk,214,297.3625,15045549.875000013,90.33955105342748,2387
13787.0,1222.5,6,998,-48.8,3.0,11.0,1173.7,0.5,0.039918200408997954,76,6,1222.5,Potential Loyalists,619,203.75,15046723.575000012,90.34659842171594,2388
13299.0,1218.7,3,416,-45.4,2.0,8.0,1173.3,0.6666666666666666,0.03725281037170756,269,3,1218.7,At Risk,260,406.23333333333335,15047896.875000013,90.35364338824303,2389
15994.0,1175.68,3,462,-3.34,2.0,2.0,1172.3400000000001,0.6666666666666666,0.0028409090909090906,55,3,1175.68,Loyal Customers,581,391.8933333333334,15049069.215000013,90.36068259054284,2390
16292.0,1253.76,5,688,-82.3,4.0,8.0,1171.46,0.8,0.06564254721796835,122,5,1253.76,Potential Loyalists,483,250.752,15050240.675000014,90.36771650896765,2391
17360.0,1200.51,6,624,-29.95,1.0,1.0,1170.56,0.16666666666666666,0.024947730547850495,18,6,1200.51,Loyal Customers,417,200.085,15051411.235000014,90.37474502342938,2392
12691.0,1170.4,7,445,0.0,0.0,0.0,1170.4,0.0,0.0,29,7,1170.4,Loyal Customers,392,167.20000000000002,15052581.635000015,90.38177257718657,2393
13797.0,1179.45,3,573,-11.0,1.0,3.0,1168.45,0.3333333333333333,0.00932638094026877,437,3,1179.45,At Risk,211,393.15,15053750.085000014,90.38878842235708,2394
17373.0,1167.5,7,738,0.0,0.0,0.0,1167.5,0.0,0.0,41,7,1167.5,Loyal Customers,609,166.78571428571428,15054917.585000014,90.39579856334437,2395
16653.0,1212.66,2,733,-45.74,1.0,10.0,1166.92,0.5,0.037718734022726894,17,2,1212.66,New / Promising,55,606.33,15056084.505000014,90.40280522177765,2396
18181.0,1188.34,5,510,-21.73,2.0,3.0,1166.61,0.4,0.018286012420687683,25,5,1188.34,Loyal Customers,711,237.668,15057251.115000013,90.40981001884589,2397
17664.0,1166.23,4,1058,0.0,0.0,0.0,1166.23,0.0,0.0,19,4,1166.23,Loyal Customers,602,291.5575,15058417.345000014,90.41681253424083,2398
14261.0,1163.45,2,406,0.0,0.0,0.0,1163.45,0.0,0.0,51,2,1163.45,New / Promising,28,581.725,15059580.795000013,90.42379835739428,2399
16306.0,1192.82,7,742,-30.0,3.0,16.0,1162.82,0.42857142857142855,0.02515048372763703,214,7,1192.82,At Risk,221,170.40285714285713,15060743.615000013,90.43078039777357,2400
16800.0,1162.65,1,524,0.0,0.0,0.0,1162.65,0.0,0.0,12,1,1162.65,New / Promising,0,1162.65,15061906.265000014,90.43776141740429,2401
17525.0,1161.9,3,338,0.0,0.0,0.0,1161.9,0.0,0.0,360,3,1161.9,At Risk,69,387.3,15063068.165000014,90.44473793373244,2402
16949.0,1286.27,6,791,-125.0,1.0,1.0,1161.27,0.16666666666666666,0.0971802187721085,4,6,1286.27,Champions,313,214.37833333333333,15064229.435000014,90.45171066728645,2403
13897.0,1160.72,3,820,0.0,0.0,0.0,1160.72,0.0,0.0,51,3,1160.72,Loyal Customers,627,386.9066666666667,15065390.155000014,90.45868009841857,2404
13459.0,1160.41,2,986,0.0,0.0,0.0,1160.41,0.0,0.0,625,2,1160.41,Hibernating,58,580.205,15066550.565000014,90.46564766818564,2405
13601.0,1159.99,4,957,0.0,0.0,0.0,1159.99,0.0,0.0,46,4,1159.99,Loyal Customers,501,289.9975,15067710.555000015,90.47261271610327,2406
17513.0,1158.8,3,440,0.0,0.0,0.0,1158.8,0.0,0.0,73,3,1158.8,Potential Loyalists,407,386.26666666666665,15068869.355000015,90.47957061878084,2407
15621.0,1293.03,4,501,-134.26,2.0,38.0,1158.77,0.5,0.10383363108357888,5,4,1293.03,Loyal Customers,17,323.2575,15070028.125000015,90.4865283413263,2408
12885.0,1175.22,3,655,-16.95,1.0,1.0,1158.27,0.3333333333333333,0.014422831469852453,64,3,1175.22,Potential Loyalists,60,391.74,15071186.395000014,90.49348306167005,2409
14788.0,1156.32,3,719,0.0,0.0,0.0,1156.32,0.0,0.0,8,3,1156.32,Loyal Customers,589,385.44,15072342.715000015,90.50042607342715,2410
17342.0,1227.54,4,521,-71.7,3.0,22.0,1155.84,0.75,0.05840950193069065,380,4,1227.54,At Risk,290,306.885,15073498.555000015,90.5073662030706,2411
18193.0,1207.3500000000001,3,926,-51.650000000000006,2.0,7.0,1155.7,0.6666666666666666,0.042779641363316356,166,3,1207.35,Potential Loyalists,277,402.4500000000001,15074654.255000014,90.51430549209758,2412
16184.0,1158.79,6,561,-3.25,1.0,1.0,1155.54,0.16666666666666666,0.0028046496776810296,65,6,1158.79,Potential Loyalists,147,193.13166666666663,15075809.795000013,90.52124382042001,2413
17127.0,1155.0300000000002,5,340,0.0,0.0,0.0,1155.0300000000002,0.0,0.0,429,5,1155.0300000000002,At Risk,307,231.00600000000003,15076964.825000012,90.52817908649669,2414
13030.0,1154.8,2,522,0.0,0.0,0.0,1154.8,0.0,0.0,12,2,1154.8,New / Promising,357,577.4,15078119.625000013,90.53511297156061,2415
14818.0,1153.56,6,543,0.0,0.0,0.0,1153.56,0.0,0.0,74,6,1153.56,Potential Loyalists,574,192.26,15079273.185000014,90.54203941116428,2416
12592.0,2582.66,5,1875,-1430.04,3.0,3.0,1152.62,0.6,0.5537081923288393,93,5,2582.66,Potential Loyalists,427,516.5319999999999,15080425.805000013,90.54896020662872,2417
17984.0,1152.19,5,939,0.0,0.0,0.0,1152.19,0.0,0.0,146,5,1152.19,Potential Loyalists,593,230.438,15081577.995000012,90.55587842019972,2418
12657.0,1643.18,4,1044,-491.12,1.0,390.0,1152.06,0.25,0.2988838715174235,12,4,1643.18,Loyal Customers,67,410.795,15082730.055000013,90.56279585319828,2419
15525.0,1165.15,4,640,-14.899999999999999,1.0,2.0,1150.25,0.25,0.012788053040381065,3,4,1165.15,Loyal Customers,380,291.2875,15083880.305000013,90.56970241822664,2420
12533.0,1367.89,2,704,-217.9,4.0,136.0,1149.99,2.0,0.15929643465483334,628,2,1367.89,Hibernating,111,683.945,15085030.295000013,90.57660742211011,2421
16167.0,1386.12,5,1494,-236.25,1.0,35.0,1149.87,0.2,0.1704397887628777,415,5,1386.12,At Risk High Value,324,277.224,15086180.165000012,90.58351170546518,2422
12475.0,1149.64,2,771,0.0,0.0,0.0,1149.64,0.0,0.0,54,2,1149.64,New / Promising,356,574.82,15087329.805000013,90.59041460780747,2423
15028.0,1148.91,6,792,0.0,0.0,0.0,1148.91,0.0,0.0,9,6,1148.91,Loyal Customers,386,191.485,15088478.715000013,90.59731312693525,2424
13499.0,1159.1100000000001,5,1365,-12.15,2.0,7.0,1146.96,0.4,0.010482180293501047,18,5,1159.11,Loyal Customers,252,231.82200000000003,15089625.675000014,90.6041999374764,2425
13462.0,1153.8500000000001,5,697,-8.25,1.0,1.0,1145.6000000000001,0.2,0.00714997616674611,253,5,1153.85,At Risk,473,230.77000000000004,15090771.275000013,90.61107858202887,2426
16766.0,1145.6,2,536,0.0,0.0,0.0,1145.6,0.0,0.0,274,2,1145.6,Hibernating,0,572.8,15091916.875000013,90.61795722658135,2427
14206.0,1185.01,3,930,-39.8,2.0,4.0,1145.21,0.6666666666666666,0.03358621446232521,240,3,1185.01,At Risk,163,395.0033333333333,15093062.085000014,90.62483352941652,2428
12769.0,1143.6,1,356,0.0,0.0,0.0,1143.6,0.0,0.0,239,1,1143.6,Hibernating,0,1143.6,15094205.685000014,90.63170016516217,2429
14585.0,1143.27,5,630,0.0,0.0,0.0,1143.27,0.0,0.0,51,5,1143.27,Loyal Customers,366,228.654,15095348.955000013,90.63856481945469,2430
17770.0,1143.27,5,365,0.0,0.0,0.0,1143.27,0.0,0.0,199,5,1143.27,At Risk,84,228.654,15096492.225000013,90.64542947374721,2431
12546.0,1161.5,2,633,-20.0,1.0,16.0,1141.5,0.5,0.017219113215669393,47,2,1161.5,New / Promising,31,580.75,15097633.725000013,90.65228350024569,2432
16270.0,1141.24,1,688,0.0,0.0,0.0,1141.24,0.0,0.0,354,1,1141.24,Hibernating,0,1141.24,15098774.965000013,90.65913596559929,2433
15088.0,1160.07,2,460,-19.8,1.0,3.0,1140.27,0.5,0.017067935555613024,22,2,1160.07,New / Promising,46,580.035,15099915.235000012,90.66598260668157,2434
16521.0,1140.11,3,1014,0.0,0.0,0.0,1140.11,0.0,0.0,416,3,1140.11,At Risk,233,380.0366666666666,15101055.345000012,90.6728282870593,2435
14693.0,1165.3600000000001,7,388,-25.5,1.0,2.0,1139.8600000000001,0.14285714285714285,0.021881650305484997,265,7,1165.36,At Risk,261,166.48000000000002,15102195.205000011,90.67967246633619,2436
17500.0,1138.0,3,17,0.0,0.0,0.0,1138.0,0.0,0.0,18,3,1138.0,Loyal Customers,12,379.3333333333333,15103333.205000011,90.68650547742271,2437
15879.0,1137.8,4,639,0.0,0.0,0.0,1137.8,0.0,0.0,405,4,1137.8,At Risk,318,284.45,15104471.005000012,90.69333728762857,2438
13388.0,1185.65,3,701,-49.95,1.0,1.0,1135.7,0.3333333333333333,0.04212879011512672,132,3,1185.65,Potential Loyalists,472,395.2166666666667,15105606.705000011,90.70015648858723,2439
14201.0,1193.54,10,806,-59.400000000000006,2.0,12.0,1134.1399999999999,0.2,0.04976791728806743,61,10,1193.54,Potential Loyalists,528,119.354,15106740.845000012,90.70696632267658,2440
15022.0,1133.44,5,640,0.0,0.0,0.0,1133.44,0.0,0.0,12,5,1133.44,Loyal Customers,666,226.688,15107874.285000011,90.71377195368353,2441
16989.0,1133.25,6,1233,0.0,0.0,0.0,1133.25,0.0,0.0,8,6,1133.25,Loyal Customers,143,188.875,15109007.535000011,90.72057644385384,2442
14231.0,1235.6200000000001,4,610,-103.65,2.0,7.0,1131.97,0.5,0.08388501319175798,184,4,1235.62,Potential Loyalists,267,308.90500000000003,15110139.505000012,90.72737324838778,2443
15500.0,1131.56,4,572,0.0,0.0,0.0,1131.56,0.0,0.0,9,4,1131.56,Loyal Customers,73,282.89,15111271.065000013,90.7341675911163,2444
13882.0,1191.13,5,953,-59.85,1.0,3.0,1131.2800000000002,0.2,0.050246404674552735,3,5,1191.13,Loyal Customers,62,238.22600000000003,15112402.345000012,90.74096025261188,2445
15695.0,1131.04,4,484,0.0,0.0,0.0,1131.04,0.0,0.0,267,4,1131.04,At Risk,415,282.76,15113533.385000011,90.74775147305064,2446
17866.0,1134.95,3,535,-3.95,1.0,1.0,1131.0,0.3333333333333333,0.0034803295299352392,143,3,1134.95,Potential Loyalists,583,378.31666666666666,15114664.385000011,90.75454245331326,2447
12710.0,1149.02,3,851,-18.45,1.0,2.0,1130.57,0.3333333333333333,0.016057161755234896,97,3,1149.02,Potential Loyalists,105,383.00666666666666,15115794.955000011,90.76133085168242,2448
18125.0,1131.75,4,800,-1.65,1.0,1.0,1130.1,0.25,0.0014579191517561298,30,4,1131.75,Loyal Customers,287,282.9375,15116925.05500001,90.76811642798197,2449
17169.0,1156.73,3,671,-26.849999999999998,3.0,12.0,1129.88,1.0,0.023211985510879805,58,3,1156.73,Loyal Customers,521,385.57666666666665,15118054.935000012,90.77490068331277,2450
15586.0,1139.1000000000001,3,1338,-10.44,1.0,36.0,1128.66,0.3333333333333333,0.009165130366078482,593,3,1139.1,At Risk,108,379.7000000000001,15119183.595000012,90.7816776132714,2451
14450.0,1128.44,7,522,0.0,0.0,0.0,1128.44,0.0,0.0,181,7,1128.44,Potential Loyalists,430,161.2057142857143,15120312.035000011,90.78845322226128,2452
12373.0,1127.65,3,516,0.0,0.0,0.0,1127.65,0.0,0.0,312,3,1127.65,At Risk,362,375.8833333333334,15121439.685000012,90.79522408777247,2453
17201.0,1143.1,4,1004,-15.6,1.0,24.0,1127.5,0.25,0.01364709999125186,54,4,1143.1,Loyal Customers,614,285.775,15122567.185000012,90.80199405262313,2454
14671.0,1127.45,2,571,0.0,0.0,0.0,1127.45,0.0,0.0,550,2,1127.45,Hibernating,19,563.725,15123694.635000011,90.80876371725363,2455
16838.0,1159.6100000000001,4,509,-32.95,2.0,5.0,1126.66,0.5,0.028414725640517068,198,4,1159.61,At Risk,466,289.90250000000003,15124821.295000011,90.81552863840542,2456
17622.0,1130.21,2,379,-5.04,1.0,12.0,1125.17,0.5,0.004459348262712239,598,2,1130.21,At Risk,1,565.105,15125946.465000011,90.82228461299614,2457
13167.0,1125.15,5,1007,0.0,0.0,0.0,1125.15,0.0,0.0,19,5,1125.15,Loyal Customers,372,225.03000000000003,15127071.615000011,90.82904046749877,2458
16637.0,1154.47,4,927,-29.880000000000003,1.0,36.0,1124.59,0.25,0.025882006461839635,33,4,1154.47,Loyal Customers,193,288.6175,15128196.205000011,90.83579295953551,2459
12462.0,1189.59,2,536,-65.58,2.0,22.0,1124.01,1.0,0.0551282374599652,19,2,1189.59,New / Promising,285,594.795,15129320.215000011,90.84254196901827,2460
14917.0,1123.75,2,891,0.0,0.0,0.0,1123.75,0.0,0.0,597,2,1123.75,Hibernating,0,561.875,15130443.965000011,90.84928941735613,2461
17492.0,1122.42,3,450,0.0,0.0,0.0,1122.42,0.0,0.0,249,3,1122.42,At Risk,270,374.14,15131566.385000011,90.85602887983745,2462
13486.0,1122.41,3,669,0.0,0.0,0.0,1122.41,0.0,0.0,79,3,1122.41,Potential Loyalists,77,374.1366666666667,15132688.795000011,90.86276828227473,2463
15737.0,1188.1200000000001,8,597,-66.91,4.0,13.0,1121.21,0.5,0.05631586035080631,15,8,1188.12,Loyal Customers,228,148.515,15133810.005000012,90.86950047942793,2464
13304.0,1217.99,4,716,-97.2,3.0,28.0,1120.79,0.75,0.07980361086708429,352,4,1217.99,At Risk,318,304.4975,15134930.795000011,90.87623015473166,2465
13589.0,1120.74,6,293,0.0,0.0,0.0,1120.74,0.0,0.0,15,6,1120.74,Loyal Customers,719,186.79,15136051.535000011,90.88295952981525,2466
17302.0,1135.63,5,575,-15.7,1.0,2.0,1119.93,0.2,0.013824925371820045,15,5,1135.63,Loyal Customers,291,227.12600000000003,15137171.465000011,90.88968404133206,2467
16354.0,1119.46,5,592,0.0,0.0,0.0,1119.46,0.0,0.0,64,5,1119.46,Potential Loyalists,528,223.892,15138290.925000012,90.89640573077928,2468
16430.0,1117.94,7,307,0.0,0.0,0.0,1117.94,0.0,0.0,58,7,1117.94,Loyal Customers,624,159.7057142857143,15139408.865000011,90.9031182935333,2469
17788.0,1117.9,2,211,0.0,0.0,0.0,1117.9,0.0,0.0,74,2,1117.9,Potential Loyalists,56,558.95,15140526.765000012,90.9098306161112,2470
15223.0,1417.95,5,385,-300.85,1.0,115.0,1117.1,0.2,0.21217250255650763,226,5,1417.95,At Risk High Value,509,283.59000000000003,15141643.865000011,90.91653813516633,2471
16769.0,1117.05,4,295,0.0,0.0,0.0,1117.05,0.0,0.0,261,4,1117.05,At Risk,465,279.2625,15142760.915000012,90.92324535400131,2472
13778.0,1124.49,4,511,-7.95,1.0,1.0,1116.54,0.25,0.007069871675159406,104,4,1124.49,Potential Loyalists,462,281.1225,15143877.455000011,90.92994951059055,2473
12972.0,1161.2,4,844,-45.25,2.0,15.0,1115.95,0.5,0.038968308646228036,414,4,1161.2,At Risk,248,290.3,15144993.40500001,90.93665012458176,2474
13509.0,1114.72,8,1214,0.0,0.0,0.0,1114.72,0.0,0.0,9,8,1114.72,Loyal Customers,499,139.34,15146108.125000011,90.94334335315679,2475
14672.0,1113.14,4,646,0.0,0.0,0.0,1113.14,0.0,0.0,235,4,1113.14,At Risk,446,278.285,15147221.265000012,90.95002709477443,2476
18277.0,1180.05,5,449,-68.67,3.0,5.0,1111.3799999999999,0.6,0.058192449472479986,59,5,1180.05,Loyal Customers,436,236.01,15148332.645000013,90.95670026864204,2477
16139.0,1111.15,5,602,0.0,0.0,0.0,1111.15,0.0,0.0,19,5,1111.15,Loyal Customers,718,222.23,15149443.795000013,90.96337206149688,2478
16203.0,1114.54,6,607,-3.75,1.0,1.0,1110.79,0.16666666666666666,0.0033646167925781042,59,6,1114.54,Loyal Customers,446,185.75666666666663,15150554.585000012,90.97004169276647,2479
14126.0,1172.46,4,887,-62.5,1.0,50.0,1109.96,0.25,0.05330672261740273,8,4,1172.46,Loyal Customers,437,293.115,15151664.545000013,90.97670634038124,2480
15069.0,1109.53,1,520,0.0,0.0,0.0,1109.53,0.0,0.0,180,1,1109.53,Needs Attention,0,1109.53,15152774.075000012,90.98336840610254,2481
15559.0,1109.4,1,526,0.0,0.0,0.0,1109.4,0.0,0.0,569,1,1109.4,Hibernating,0,1109.4,15153883.475000013,90.9900296912514,2482
15828.0,1108.82,1,367,0.0,0.0,0.0,1108.82,0.0,0.0,376,1,1108.82,Hibernating,0,1108.82,15154992.295000013,90.99668749384627,2483
17007.0,1120.1000000000001,7,717,-12.5,1.0,10.0,1107.6000000000001,0.14285714285714285,0.011159717882331933,51,7,1120.1,Loyal Customers,387,160.01428571428573,15156099.895000013,91.00333797106897,2484
13109.0,1134.03,3,757,-26.450000000000003,4.0,7.0,1107.58,1.3333333333333333,0.02332389795684418,60,3,1134.03,Potential Loyalists,492,378.01,15157207.475000013,91.0099883282036,2485
15933.0,1107.46,3,885,0.0,0.0,0.0,1107.46,0.0,0.0,22,3,1107.46,Loyal Customers,65,369.15333333333336,15158314.935000014,91.01663796480985,2486
17562.0,1122.38,7,817,-15.0,1.0,4.0,1107.38,0.14285714285714285,0.013364457670307738,15,7,1122.38,Loyal Customers,159,160.34,15159422.315000014,91.0232871210638,2487
14375.0,1106.82,3,647,0.0,0.0,0.0,1106.82,0.0,0.0,186,3,1106.82,Potential Loyalists,356,368.94,15160529.135000015,91.02993291485186,2488
14891.0,1106.73,4,788,0.0,0.0,0.0,1106.73,0.0,0.0,149,4,1106.73,Potential Loyalists,288,276.6825,15161635.865000015,91.0365781682436,2489
13393.0,1131.45,4,662,-25.6,2.0,4.0,1105.8500000000001,0.5,0.022625834106677272,584,4,1131.45,At Risk,149,282.8625,15162741.715000015,91.04321813776032,2490
17812.0,1105.29,7,571,0.0,0.0,0.0,1105.29,0.0,0.0,13,7,1105.29,Loyal Customers,518,157.89857142857142,15163847.005000014,91.04985474481111,2491
13447.0,1129.14,3,584,-24.91,1.0,7.0,1104.23,0.3333333333333333,0.022061037603840088,24,3,1129.14,Loyal Customers,12,376.38000000000005,15164951.235000014,91.05648498719432,2492
16895.0,1102.9,5,421,0.0,0.0,0.0,1102.9,0.0,0.0,65,5,1102.9,Potential Loyalists,601,220.58,15166054.135000015,91.06310724372098,2493
16702.0,1110.83,4,692,-9.95,1.0,1.0,1100.8799999999999,0.25,0.008957266188345652,416,4,1110.83,At Risk,317,277.7075,15167155.015000015,91.06971737135274,2494
17137.0,1099.81,6,680,0.0,0.0,0.0,1099.81,0.0,0.0,417,6,1099.81,At Risk,261,183.30166666666665,15168254.825000016,91.07632107427285,2495
13108.0,1098.52,2,1043,0.0,0.0,0.0,1098.52,0.0,0.0,373,2,1098.52,Hibernating,63,549.26,15169353.345000016,91.08291703151254,2496
16916.0,1098.45,4,751,0.0,0.0,0.0,1098.45,0.0,0.0,24,4,1098.45,Loyal Customers,392,274.6125,15170451.795000015,91.089512568444,2497
14971.0,1097.98,3,639,0.0,0.0,0.0,1097.98,0.0,0.0,36,3,1097.98,Loyal Customers,8,365.9933333333333,15171549.775000015,91.09610528330585,2498
12648.0,1112.0,4,518,-15.0,1.0,4.0,1097.0,0.25,0.013489208633093525,155,4,1112.0,Potential Loyalists,547,278.0,15172646.775000015,91.10269211385234,2499
17703.0,1094.84,4,897,0.0,0.0,0.0,1094.84,0.0,0.0,36,4,1094.84,Loyal Customers,383,273.71,15173741.615000015,91.10926597488748,2500
12421.0,1098.6,6,652,-5.77,2.0,5.0,1092.83,0.3333333333333333,0.005252139086109594,16,6,1098.6,Loyal Customers,490,183.1,15174834.445000015,91.11582776707175,2501
12803.0,1092.81,1,872,0.0,0.0,0.0,1092.81,0.0,0.0,394,1,1092.81,Hibernating,0,1092.81,15175927.255000016,91.12238943916793,2502
14370.0,1175.78,6,266,-83.65,3.0,9.0,1092.1299999999999,0.5,0.0711442616816071,451,6,1175.78,At Risk,226,195.9633333333333,15177019.385000017,91.1289470282698,2503
16805.0,1091.34,5,1120,0.0,0.0,0.0,1091.34,0.0,0.0,174,5,1091.34,Potential Loyalists,558,218.268,15178110.725000016,91.13549987389298,2504
16014.0,1100.28,5,462,-9.25,1.0,4.0,1091.03,0.2,0.008406950957937979,38,5,1100.28,Loyal Customers,640,220.056,15179201.755000016,91.14205085815111,2505
14009.0,1099.91,3,951,-9.680000000000001,1.0,4.0,1090.23,0.3333333333333333,0.008800720058913912,199,3,1099.91,At Risk,264,366.6366666666667,15180291.985000016,91.14859703888649,2506
17726.0,1092.06,7,444,-2.5,1.0,2.0,1089.56,0.14285714285714285,0.002289251506327491,396,7,1092.06,At Risk,287,156.00857142857143,15181381.545000017,91.15513919667158,2507
12439.0,1142.88,2,478,-53.7,1.0,30.0,1089.18,0.5,0.04698656026879462,683,2,1142.88,Hibernating,43,571.44,15182470.725000016,91.16167907278339,2508
12534.0,1089.18,1,651,0.0,0.0,0.0,1089.18,0.0,0.0,131,1,1089.18,Needs Attention,0,1089.18,15183559.905000016,91.16821894889517,2509
16223.0,1087.05,2,643,0.0,0.0,0.0,1087.05,0.0,0.0,375,2,1087.05,Hibernating,21,543.525,15184646.955000017,91.1747460356277,2510
14139.0,1086.8,4,1049,0.0,0.0,0.0,1086.8,0.0,0.0,47,4,1086.8,Loyal Customers,496,271.7,15185733.755000018,91.18127162125937,2511
16211.0,1090.59,3,519,-4.25,1.0,1.0,1086.34,0.3333333333333333,0.0038969731979937466,89,3,1090.59,Potential Loyalists,350,363.53,15186820.095000017,91.18779444486547,2512
13546.0,1086.24,5,587,0.0,0.0,0.0,1086.24,0.0,0.0,13,5,1086.24,Loyal Customers,412,217.248,15187906.335000018,91.19431666803123,2513
18218.0,1121.84,4,1028,-35.7,2.0,38.0,1086.1399999999999,0.5,0.03182271981744278,212,4,1121.84,At Risk,449,280.46,15188992.475000018,91.20083829075666,2514
13368.0,1121.5,4,606,-35.400000000000006,1.0,12.0,1086.1,0.25,0.031564868479714674,257,4,1121.5,At Risk,167,280.375,15190078.575000018,91.20735967330593,2515
12915.0,1174.75,4,452,-89.9,4.0,18.0,1084.85,1.0,0.07652692062140881,149,4,1174.75,Potential Loyalists,441,293.6875,15191163.425000018,91.21387355035094,2516
17423.0,1118.95,3,790,-34.78,2.0,38.0,1084.17,0.6666666666666666,0.031082711470575092,47,3,1118.95,Loyal Customers,347,372.98333333333335,15192247.595000017,91.22038334440163,2517
14805.0,1082.55,7,416,0.0,0.0,0.0,1082.55,0.0,0.0,16,7,1082.55,Loyal Customers,606,154.65,15193330.145000018,91.22688341131878,2518
14561.0,1080.76,3,1014,0.0,0.0,0.0,1080.76,0.0,0.0,76,3,1080.76,Potential Loyalists,109,360.25333333333333,15194410.905000018,91.23337273035382,2519
13744.0,1080.52,2,1153,0.0,0.0,0.0,1080.52,0.0,0.0,96,2,1080.52,Needs Attention,197,540.26,15195491.425000018,91.23986060833205,2520
16298.0,1085.7,7,308,-5.7,2.0,2.0,1080.0,0.2857142857142857,0.005250069079856314,23,7,1085.7,Loyal Customers,420,155.1,15196571.425000018,91.24634536402048,2521
14343.0,1079.66,4,626,0.0,0.0,0.0,1079.66,0.0,0.0,422,4,1079.66,At Risk,269,269.915,15197651.085000018,91.25282807821178,2522
13726.0,1079.66,2,1054,0.0,0.0,0.0,1079.66,0.0,0.0,39,2,1079.66,New / Promising,62,539.83,15198730.745000018,91.25931079240306,2523
12354.0,1079.4,1,530,0.0,0.0,0.0,1079.4,0.0,0.0,233,1,1079.4,Hibernating,0,1079.4,15199810.145000018,91.26579194544946,2524
12785.0,1100.4,3,453,-21.09,2.0,6.0,1079.3100000000002,0.6666666666666666,0.01916575790621592,365,3,1100.4,At Risk,367,366.8,15200889.455000019,91.27227255809956,2525
17477.0,1144.3,2,225,-65.30000000000001,3.0,14.0,1079.0,1.5,0.05706545486323518,613,2,1144.3,At Risk,35,572.15,15201968.455000019,91.27875130938459,2526
14352.0,1078.96,4,538,0.0,0.0,0.0,1078.96,0.0,0.0,158,4,1078.96,Potential Loyalists,116,269.74,15203047.41500002,91.28522982049348,2527
16183.0,1077.81,4,351,0.0,0.0,0.0,1077.81,0.0,0.0,68,4,1077.81,Potential Loyalists,340,269.4525,15204125.22500002,91.29170142653845,2528
16188.0,1087.66,5,838,-9.95,1.0,1.0,1077.71,0.2,0.009148079363036242,45,5,1087.66,Loyal Customers,364,217.532,15205202.935000021,91.29817243214308,2529
16071.0,1076.8,4,697,0.0,0.0,0.0,1076.8,0.0,0.0,45,4,1076.8,Loyal Customers,611,269.2,15206279.735000022,91.3046379737406,2530
14080.0,1115.68,5,268,-39.95,1.0,1.0,1075.73,0.2,0.03580775849706009,33,5,1115.68,Loyal Customers,705,223.136,15207355.465000022,91.31109709062648,2531
17366.0,1077.24,2,504,-1.65,1.0,1.0,1075.59,0.5,0.0015316921020385428,433,2,1077.24,At Risk,24,538.62,15208431.055000022,91.31755536689585,2532
15912.0,1074.7,9,759,0.0,0.0,0.0,1074.7,0.0,0.0,179,9,1074.7,Potential Loyalists,551,119.41111111111113,15209505.755000021,91.3240082992462,2533
17420.0,1084.43,6,499,-9.9,2.0,2.0,1074.53,0.3333333333333333,0.009129219958872403,51,6,1084.43,Loyal Customers,351,180.73833333333332,15210580.28500002,91.33046021084795,2534
16231.0,1074.47,4,563,0.0,0.0,0.0,1074.47,0.0,0.0,380,4,1074.47,At Risk,218,268.6175,15211654.755000021,91.33691176218551,2535
13567.0,1079.29,4,643,-5.1,1.0,2.0,1074.19,0.25,0.004725328688304348,429,4,1079.29,At Risk,113,269.8225,15212728.94500002,91.34336163229013,2536
15254.0,1088.35,3,711,-14.95,1.0,1.0,1073.3999999999999,0.3333333333333333,0.013736389948086554,128,3,1088.35,Potential Loyalists,433,362.7833333333333,15213802.345000021,91.34980675891602,2537
13467.0,1071.91,2,580,0.0,0.0,0.0,1071.91,0.0,0.0,11,2,1071.91,New / Promising,26,535.955,15214874.255000021,91.35624293898084,2538
13521.0,1071.73,3,718,0.0,0.0,0.0,1071.73,0.0,0.0,2,3,1071.73,Loyal Customers,9,357.24333333333334,15215945.985000022,91.36267803825304,2539
15745.0,1094.5900000000001,4,421,-23.35,2.0,9.0,1071.2400000000002,0.5,0.02133218830795092,20,4,1094.59,Loyal Customers,217,273.64750000000004,15217017.225000022,91.36911019536757,2540
14484.0,1070.98,4,744,0.0,0.0,0.0,1070.98,0.0,0.0,51,4,1070.98,Loyal Customers,672,267.745,15218088.205000022,91.37554079133722,2541
16884.0,1070.97,4,520,0.0,0.0,0.0,1070.97,0.0,0.0,38,4,1070.97,Loyal Customers,533,267.7425,15219159.175000023,91.38197132726283,2542
17522.0,1070.71,5,1034,0.0,0.0,0.0,1070.71,0.0,0.0,2,5,1070.71,Loyal Customers,217,214.142,15220229.885000024,91.38840030204355,2543
12728.0,1070.17,5,543,0.0,0.0,0.0,1070.17,0.0,0.0,72,5,1070.17,Potential Loyalists,312,214.034,15221300.055000024,91.39482603444642,2544
17871.0,1068.95,5,665,0.0,0.0,0.0,1068.95,0.0,0.0,205,5,1068.95,At Risk,489,213.79,15222369.005000023,91.40124444147713,2545
17854.0,1068.5,6,607,0.0,0.0,0.0,1068.5,0.0,0.0,186,6,1068.5,Potential Loyalists,546,178.08333333333334,15223437.505000023,91.4076601465263,2546
16386.0,1068.16,3,700,0.0,0.0,0.0,1068.16,0.0,0.0,29,3,1068.16,Loyal Customers,359,356.05333333333334,15224505.665000023,91.4140738100783,2547
15436.0,1067.75,3,574,0.0,0.0,0.0,1067.75,0.0,0.0,13,3,1067.75,Loyal Customers,222,355.9166666666667,15225573.415000023,91.42048501182492,2548
14948.0,1101.97,6,673,-35.400000000000006,1.0,12.0,1066.57,0.16666666666666666,0.032124286505077274,24,6,1101.97,Loyal Customers,196,183.66166666666663,15226639.985000024,91.42688912837549,2549
17277.0,1065.3500000000001,2,430,0.0,0.0,0.0,1065.3500000000001,0.0,0.0,228,2,1065.35,At Risk,95,532.6750000000001,15227705.335000023,91.43328591955391,2550
13959.0,1064.77,6,694,0.0,0.0,0.0,1064.77,0.0,0.0,80,6,1064.77,Potential Loyalists,432,177.46166666666667,15228770.105000023,91.43967922817833,2551
14966.0,1064.26,6,1060,0.0,0.0,0.0,1064.26,0.0,0.0,15,6,1064.26,Loyal Customers,710,177.3766666666667,15229834.365000023,91.44606947455704,2552
17849.0,1063.76,8,224,0.0,0.0,0.0,1063.76,0.0,0.0,219,8,1063.76,At Risk,417,132.97,15230898.125000022,91.45245671873401,2553
12815.0,1063.46,2,379,0.0,0.0,0.0,1063.46,0.0,0.0,148,2,1063.46,Needs Attention,51,531.73,15231961.585000023,91.45884216158997,2554
14411.0,1063.0,1,196,0.0,0.0,0.0,1063.0,0.0,0.0,311,1,1063.0,Hibernating,0,1063.0,15233024.585000023,91.46522484242037,2555
12434.0,1103.43,3,532,-40.95,2.0,21.0,1062.48,0.6666666666666666,0.037111552160082655,85,3,1103.43,Potential Loyalists,297,367.81,15234087.065000024,91.47160440096097,2556
13727.0,1074.15,8,368,-12.75,1.0,3.0,1061.4,0.125,0.011869850579527998,29,8,1074.15,Loyal Customers,702,134.26875,15235148.465000024,91.4779774747459,2557
17616.0,1060.8,4,416,0.0,0.0,0.0,1060.8,0.0,0.0,174,4,1060.8,Potential Loyalists,278,265.2,15236209.265000025,91.48434694588879,2558
14102.0,1105.8799999999999,5,769,-45.55,3.0,23.0,1060.33,0.6,0.04118891742322856,6,5,1105.88,Loyal Customers,39,221.176,15237269.595000025,91.49071359496205,2559
17421.0,1059.41,3,807,0.0,0.0,0.0,1059.41,0.0,0.0,387,3,1059.41,At Risk,349,353.1366666666667,15238329.005000025,91.49707471998417,2560
13856.0,1142.03,11,1105,-83.15,4.0,19.0,1058.8799999999999,0.36363636363636365,0.07280894547428703,169,11,1142.03,Potential Loyalists,451,103.82090909090908,15239387.885000026,91.5034326626725,2561
12679.0,1113.02,4,554,-54.35,5.0,24.0,1058.67,1.25,0.04883110815618767,59,4,1113.02,Loyal Customers,225,278.255,15240446.555000026,91.5097893444361,2562
13607.0,1075.81,2,466,-17.700000000000003,1.0,6.0,1058.11,0.5,0.016452719346352986,41,2,1075.81,New / Promising,362,537.905,15241504.665000025,91.51614266373377,2563
13295.0,1101.97,4,733,-43.95,5.0,35.0,1058.02,1.25,0.03988311841520187,360,4,1101.97,At Risk,217,275.4925,15242562.685000025,91.52249544263515,2564
13853.0,1090.1399999999999,1,312,-33.2,1.0,8.0,1056.9399999999998,1.0,0.030454803970132283,58,1,1090.14,New / Promising,0,1090.14,15243619.625000024,91.52884173678085,2565
16278.0,1117.84,3,342,-61.25,4.0,15.0,1056.59,1.3333333333333333,0.05479317254705504,101,3,1117.84,Potential Loyalists,399,372.6133333333333,15244676.215000024,91.53518592938534,2566
15238.0,1071.99,3,692,-15.45,2.0,3.0,1056.54,0.6666666666666666,0.014412447877312287,30,3,1071.99,Loyal Customers,155,357.33,15245732.755000023,91.54152982176966,2567
16048.0,1075.23,4,569,-18.7,2.0,2.0,1056.53,0.5,0.017391627837764944,374,4,1075.23,At Risk,176,268.8075,15246789.285000023,91.54787365410995,2568
15977.0,1054.73,2,1016,0.0,0.0,0.0,1054.73,0.0,0.0,18,2,1054.73,New / Promising,22,527.365,15247844.015000023,91.55420667852408,2569
12716.0,1053.49,2,708,0.0,0.0,0.0,1053.49,0.0,0.0,4,2,1053.49,New / Promising,130,526.745,15248897.505000023,91.560532257478,2570
13656.0,1078.85,4,862,-25.5,3.0,3.0,1053.35,0.75,0.023636279371553045,165,4,1078.85,Potential Loyalists,431,269.7125,15249950.855000023,91.56685699581543,2571
12580.0,1052.9,2,569,0.0,0.0,0.0,1052.9,0.0,0.0,247,2,1052.9,Hibernating,330,526.45,15251003.755000023,91.57317903217131,2572
15886.0,1052.8700000000001,4,667,0.0,0.0,0.0,1052.8700000000001,0.0,0.0,61,4,1052.87,Potential Loyalists,538,263.21750000000003,15252056.625000022,91.5795008883951,2573
15855.0,1052.72,6,712,0.0,0.0,0.0,1052.72,0.0,0.0,137,6,1052.72,Potential Loyalists,340,175.45333333333335,15253109.345000023,91.5858218439584,2574
16391.0,1052.26,4,715,0.0,0.0,0.0,1052.26,0.0,0.0,401,4,1052.26,At Risk,161,263.065,15254161.605000023,91.5921400374961,2575
16642.0,1077.45,3,775,-25.990000000000002,2.0,31.0,1051.46,0.6666666666666666,0.02412176899160054,5,3,1077.45,Loyal Customers,411,359.15000000000003,15255213.065000024,91.59845342751107,2576
16593.0,1071.14,8,377,-19.9,1.0,2.0,1051.24,0.125,0.018578337098791937,51,8,1071.14,Loyal Customers,684,133.8925,15256264.305000024,91.60476549655729,2577
14947.0,1049.79,6,416,0.0,0.0,0.0,1049.79,0.0,0.0,73,6,1049.79,Potential Loyalists,552,174.965,15257314.095000023,91.61106885921856,2578
13775.0,1049.66,1,455,0.0,0.0,0.0,1049.66,0.0,0.0,591,1,1049.66,Hibernating,0,1049.66,15258363.755000023,91.6173714413074,2579
15626.0,1067.52,3,1138,-18.15,1.0,5.0,1049.37,0.3333333333333333,0.017002023381294962,75,3,1067.52,Potential Loyalists,347,355.84,15259413.125000022,91.62367228211923,2580
17934.0,1049.15,3,628,0.0,0.0,0.0,1049.15,0.0,0.0,52,3,1049.15,Loyal Customers,355,349.7166666666667,15260462.275000023,91.62997180196231,2581
15026.0,1048.89,5,655,0.0,0.0,0.0,1048.89,0.0,0.0,81,5,1048.89,Potential Loyalists,368,209.778,15261511.165000023,91.63626976066051,2582
15763.0,1086.92,2,271,-38.25,1.0,3.0,1048.67,0.5,0.035191182423729435,32,2,1086.92,New / Promising,46,543.46,15262559.835000023,91.64256639838997,2583
16728.0,1048.28,4,671,0.0,0.0,0.0,1048.28,0.0,0.0,47,4,1048.28,Loyal Customers,218,262.07,15263608.115000023,91.64886069440207,2584
13791.0,1516.0,2,1200,-468.32,1.0,372.0,1047.68,0.5,0.3089182058047493,128,2,1516.0,Needs Attention,41,758.0,15264655.795000022,91.65515138777214,2585
14488.0,1064.28,1,799,-16.85,1.0,6.0,1047.43,1.0,0.015832299770737027,68,1,1064.28,Needs Attention,0,1064.28,15265703.225000022,91.66144058004136,2586
17474.0,1047.0,1,200,0.0,0.0,0.0,1047.0,0.0,0.0,600,1,1047.0,Hibernating,0,1047.0,15266750.225000022,91.6677271904171,2587
15407.0,1046.74,4,552,0.0,0.0,0.0,1046.74,0.0,0.0,34,4,1046.74,Loyal Customers,272,261.685,15267796.965000022,91.67401223964795,2588
18130.0,1059.39,3,824,-13.65,1.0,7.0,1045.74,0.3333333333333333,0.01288477331294424,16,3,1059.39,Loyal Customers,42,353.13000000000005,15268842.705000022,91.68029128447539,2589
17555.0,1045.74,5,739,0.0,0.0,0.0,1045.74,0.0,0.0,20,5,1045.74,Loyal Customers,567,209.148,15269888.445000023,91.68657032930282,2590
14734.0,1056.42,4,378,-10.95,1.0,1.0,1045.47,0.25,0.01036519566081672,426,4,1056.42,At Risk,126,264.105,15270933.915000023,91.69284775294135,2591
12616.0,1131.1,3,498,-85.75,4.0,17.0,1045.35,1.3333333333333333,0.07581115728052339,96,3,1131.1,Potential Loyalists,293,377.0333333333333,15271979.265000023,91.69912445605146,2592
13835.0,1095.27,7,520,-50.45,1.0,7.0,1044.82,0.14285714285714285,0.046061701680864084,26,7,1095.27,Loyal Customers,620,156.46714285714285,15273024.085000023,91.70539797682777,2593
15464.0,1044.65,1,348,0.0,0.0,0.0,1044.65,0.0,0.0,339,1,1044.65,Hibernating,0,1044.65,15274068.735000024,91.71167047685547,2594
15969.0,1127.05,5,223,-83.2,1.0,4.0,1043.85,0.2,0.07382103722106384,3,5,1127.05,Loyal Customers,520,225.41,15275112.585000023,91.71793817336045,2595
15645.0,1055.17,3,396,-12.6,1.0,6.0,1042.5700000000002,0.3333333333333333,0.011941203787067485,19,3,1055.17,Loyal Customers,407,351.72333333333336,15276155.155000024,91.72419818422908,2596
17727.0,1060.25,1,645,-17.700000000000003,1.0,6.0,1042.55,1.0,0.01669417590190993,16,1,1060.25,New / Promising,0,1060.25,15277197.705000024,91.73045807500962,2597
15801.0,1063.95,3,570,-21.759999999999998,1.0,8.0,1042.19,0.3333333333333333,0.02045208891395272,47,3,1063.95,Loyal Customers,63,354.65000000000003,15278239.895000024,91.73671580420493,2598
14813.0,1041.79,4,458,0.0,0.0,0.0,1041.79,0.0,0.0,370,4,1041.79,At Risk,241,260.4475,15279281.685000023,91.74297113163888,2599
16991.0,1041.21,1,793,0.0,0.0,0.0,1041.21,0.0,0.0,422,1,1041.21,Hibernating,0,1041.21,15280322.895000024,91.74922297651887,2600
14108.0,1044.96,4,660,-3.75,1.0,1.0,1041.21,0.25,0.0035886541111621495,31,4,1044.96,Loyal Customers,708,261.24,15281364.105000025,91.75547482139883,2601
16261.0,1041.16,6,454,0.0,0.0,0.0,1041.16,0.0,0.0,18,6,1041.16,Loyal Customers,425,173.52666666666667,15282405.265000025,91.76172636605864,2602
13613.0,1039.8500000000001,5,445,0.0,0.0,0.0,1039.8500000000001,0.0,0.0,453,5,1039.85,At Risk,208,207.97000000000003,15283445.115000024,91.76797004494995,2603
12486.0,1037.28,1,523,0.0,0.0,0.0,1037.28,0.0,0.0,432,1,1037.28,Hibernating,0,1037.28,15284482.395000024,91.7741982925245,2604
17042.0,1036.58,5,990,0.0,0.0,0.0,1036.58,0.0,0.0,3,5,1036.58,Loyal Customers,245,207.316,15285518.975000024,91.78042233701666,2605
17926.0,1035.49,5,572,0.0,0.0,0.0,1035.49,0.0,0.0,134,5,1035.49,Potential Loyalists,446,207.098,15286554.465000024,91.7866398367091,2606
16260.0,1035.45,1,311,0.0,0.0,0.0,1035.45,0.0,0.0,51,1,1035.45,New / Promising,0,1035.45,15287589.915000023,91.79285709622539,2607
15171.0,1289.5,1,290,-255.0,1.0,100.0,1034.5,1.0,0.1977510663047693,332,1,1289.5,Hibernating,0,1289.5,15288624.415000023,91.79906865155843,2608
12811.0,1033.9,5,435,0.0,0.0,0.0,1033.9,0.0,0.0,261,5,1033.9,At Risk,167,206.78000000000003,15289658.315000024,91.80527660424944,2609
14248.0,1032.95,3,692,0.0,0.0,0.0,1032.95,0.0,0.0,319,3,1032.95,At Risk,197,344.31666666666666,15290691.265000023,91.8114788527572,2610
12801.0,1071.82,1,505,-39.95,1.0,1.0,1031.87,1.0,0.037273049579220396,501,1,1071.82,Hibernating,0,1071.82,15291723.135000022,91.81767461650927,2611
13873.0,1038.92,8,472,-7.9,1.0,2.0,1031.02,0.125,0.007604050359989219,120,8,1038.92,Potential Loyalists,527,129.865,15292754.155000022,91.82386527651843,2612
16198.0,1030.0410000000002,2,384,0.0,0.0,0.0,1030.0410000000002,0.0,0.0,76,2,1030.0410000000002,Needs Attention,362,515.0205000000001,15293784.196000021,91.83005005821666,2613
14932.0,1029.66,2,337,0.0,0.0,0.0,1029.66,0.0,0.0,366,2,1029.66,Hibernating,20,514.83,15294813.856000021,91.83623255223718,2614
16418.0,1028.74,5,564,0.0,0.0,0.0,1028.74,0.0,0.0,45,5,1028.74,Loyal Customers,378,205.748,15295842.596000021,91.84240952220655,2615
15333.0,1028.56,1,344,0.0,0.0,0.0,1028.56,0.0,0.0,209,1,1028.56,Hibernating,0,1028.56,15296871.156000022,91.84858541138333,2616
16385.0,1028.55,5,543,0.0,0.0,0.0,1028.55,0.0,0.0,61,5,1028.55,Potential Loyalists,571,205.71,15297899.706000023,91.85476124051605,2617
15639.0,1065.08,3,849,-36.75,2.0,17.0,1028.33,0.6666666666666666,0.03450445036992526,135,3,1065.08,Potential Loyalists,471,355.02666666666664,15298928.036000023,91.86093574868003,2618
16682.0,1028.0,5,1040,0.0,0.0,0.0,1028.0,0.0,0.0,5,5,1028.0,Loyal Customers,183,205.6,15299956.036000023,91.86710827539089,2619
17869.0,1027.96,7,558,0.0,0.0,0.0,1027.96,0.0,0.0,108,7,1027.96,Potential Loyalists,440,146.85142857142858,15300983.996000024,91.87328056192563,2620
15887.0,1027.15,3,605,0.0,0.0,0.0,1027.15,0.0,0.0,407,3,1027.15,At Risk,149,342.3833333333334,15302011.146000024,91.87944798489357,2621
17749.0,1026.18,3,446,0.0,0.0,0.0,1026.18,0.0,0.0,179,3,1026.18,Potential Loyalists,368,342.06,15303037.326000024,91.88560958359021,2622
13602.0,1025.17,4,538,0.0,0.0,0.0,1025.17,0.0,0.0,65,4,1025.17,Potential Loyalists,496,256.2925,15304062.496000024,91.8917651178394,2623
14475.0,1151.15,4,541,-126.03,3.0,19.0,1025.1200000000001,0.75,0.10948182252530078,72,4,1151.15,Potential Loyalists,337,287.7875,15305087.616000023,91.89792035186841,2624
17310.0,1025.1,2,402,0.0,0.0,0.0,1025.1,0.0,0.0,388,2,1025.1,At Risk,147,512.55,15306112.716000022,91.90407546580937,2625
14204.0,1024.83,4,469,0.0,0.0,0.0,1024.83,0.0,0.0,3,4,1024.83,Loyal Customers,735,256.2075,15307137.546000022,91.91022895856139,2626
15091.0,1046.6100000000001,3,582,-23.5,3.0,8.0,1023.1100000000001,1.0,0.02245344493173197,68,3,1046.61,Potential Loyalists,607,348.87000000000006,15308160.656000022,91.91637212373955,2627
15003.0,1027.03,6,525,-5.0,1.0,4.0,1022.03,0.16666666666666666,0.00486840695987459,474,6,1027.03,At Risk,209,171.17166666666665,15309182.686000021,91.92250880416199,2628
12666.0,1248.42,1,370,-227.44,1.0,56.0,1020.98,1.0,0.18218227839989745,395,1,1248.42,Hibernating,0,1248.42,15310203.666000022,91.92863917996088,2629
16568.0,1020.9,2,366,0.0,0.0,0.0,1020.9,0.0,0.0,428,2,1020.9,Hibernating,214,510.45,15311224.566000022,91.93476907540749,2630
15839.0,1048.49,3,675,-27.75,2.0,5.0,1020.74,0.6666666666666666,0.026466632967410274,34,3,1048.49,Loyal Customers,115,349.49666666666667,15312245.306000022,91.94089801014955,2631
13376.0,1019.76,3,493,0.0,0.0,0.0,1019.76,0.0,0.0,100,3,1019.76,Potential Loyalists,135,339.92,15313265.066000022,91.94702106057626,2632
13956.0,1019.27,5,486,0.0,0.0,0.0,1019.27,0.0,0.0,6,5,1019.27,Loyal Customers,266,203.854,15314284.336000022,91.95314116884529,2633
12828.0,1018.71,6,494,0.0,0.0,0.0,1018.71,0.0,0.0,3,6,1018.71,Loyal Customers,128,169.785,15315303.046000022,91.95925791464843,2634
16284.0,1018.48,3,674,0.0,0.0,0.0,1018.48,0.0,0.0,32,3,1018.48,Loyal Customers,362,339.49333333333334,15316321.526000023,91.96537327943878,2635
16787.0,1017.53,4,472,0.0,0.0,0.0,1017.53,0.0,0.0,398,4,1017.53,At Risk,301,254.3825,15317339.056000022,91.97148294004587,2636
12793.0,1017.33,3,526,0.0,0.0,0.0,1017.33,0.0,0.0,335,3,1017.33,At Risk,67,339.11,15318356.386000022,91.97759139977228,2637
15970.0,1017.3199999999999,2,498,0.0,0.0,0.0,1017.3199999999999,0.0,0.0,304,2,1017.32,Hibernating,295,508.66,15319373.706000023,91.98369979945467,2638
13333.0,1015.74,3,685,0.0,0.0,0.0,1015.74,0.0,0.0,412,3,1015.74,At Risk,247,338.58,15320389.446000023,91.98979871217965,2639
14675.0,1015.58,2,660,0.0,0.0,0.0,1015.58,0.0,0.0,17,2,1015.58,New / Promising,372,507.79,15321405.026000023,91.99589666420009,2640
18142.0,1019.52,2,1276,-4.62,2.0,3.0,1014.9,1.0,0.004531544256120528,158,2,1019.52,Potential Loyalists,58,509.76,15322419.926000023,92.00199053322619,2641
14355.0,1014.45,3,709,0.0,0.0,0.0,1014.45,0.0,0.0,366,3,1014.45,At Risk,262,338.15000000000003,15323434.376000023,92.00808170027076,2642
16533.0,1082.81,3,611,-68.62,2.0,98.0,1014.1899999999999,0.6666666666666666,0.06337215208577683,20,3,1082.81,Loyal Customers,49,360.93666666666667,15324448.566000022,92.01417130617045,2643
12642.0,1013.26,3,552,0.0,0.0,0.0,1013.26,0.0,0.0,26,3,1013.26,Loyal Customers,82,337.75333333333333,15325461.826000022,92.02025532797498,2644
17197.0,1013.01,1,191,0.0,0.0,0.0,1013.01,0.0,0.0,30,1,1013.01,New / Promising,0,1013.01,15326474.836000022,92.02633784867864,2645
12936.0,1063.9,4,559,-51.0,1.0,20.0,1012.9000000000001,0.25,0.047936836168812856,18,4,1063.9,Loyal Customers,61,265.975,15327487.736000022,92.03241970889792,2646
17980.0,1012.72,4,771,0.0,0.0,0.0,1012.72,0.0,0.0,166,4,1012.72,Potential Loyalists,228,253.18,15328500.456000023,92.03850048832459,2647
12427.0,1129.3,3,612,-117.42999999999999,2.0,297.0,1011.87,0.6666666666666666,0.10398476932613122,22,3,1129.3,Loyal Customers,350,376.4333333333333,15329512.326000022,92.04457616400835,2648
12905.0,1018.42,2,532,-6.6,1.0,4.0,1011.8199999999999,0.5,0.006480626853361089,577,2,1018.42,Hibernating,106,509.21,15330524.146000022,92.05065153947196,2649
12652.0,1017.0300000000001,2,536,-5.45,1.0,3.0,1011.58,0.5,0.005358740646785247,332,2,1017.03,Hibernating,103,508.515,15331535.726000022,92.05672547387871,2650
13039.0,1010.73,4,290,0.0,0.0,0.0,1010.73,0.0,0.0,585,4,1010.73,At Risk,138,252.6825,15332546.456000023,92.0627943045426,2651
17362.0,1024.04,7,549,-13.5,1.0,2.0,1010.54,0.14285714285714285,0.013183078785984922,240,7,1024.04,At Risk,463,146.29142857142855,15333556.996000022,92.06886199436983,2652
16160.0,1025.44,2,1162,-15.99,2.0,9.0,1009.45,1.0,0.015593306288032453,66,2,1025.44,Needs Attention,20,512.72,15334566.446000021,92.07492313939731,2653
16903.0,1041.75,3,717,-32.3,1.0,26.0,1009.45,0.3333333333333333,0.03100551955843532,30,3,1041.75,Loyal Customers,386,347.25,15335575.89600002,92.08098428442482,2654
13258.0,1009.43,5,446,0.0,0.0,0.0,1009.43,0.0,0.0,12,5,1009.43,Loyal Customers,389,201.886,15336585.32600002,92.08704530936424,2655
16451.0,1013.15,3,524,-3.75,1.0,3.0,1009.4,0.3333333333333333,0.003701327542812022,88,3,1013.15,Potential Loyalists,648,337.71666666666664,15337594.72600002,92.09310615417158,2656
16441.0,1019.13,5,478,-10.95,1.0,1.0,1008.18,0.2,0.010744458508728032,68,5,1019.13,Potential Loyalists,560,203.826,15338602.90600002,92.09915967360674,2657
16287.0,1006.98,5,1426,0.0,0.0,0.0,1006.98,0.0,0.0,170,5,1006.98,Potential Loyalists,520,201.396,15339609.88600002,92.10520598775781,2658
13429.0,1006.8,4,1390,0.0,0.0,0.0,1006.8,0.0,0.0,11,4,1006.8,Loyal Customers,65,251.7,15340616.686000021,92.11125122111626,2659
15850.0,1006.75,6,1334,0.0,0.0,0.0,1006.75,0.0,0.0,20,6,1006.75,Loyal Customers,707,167.79166666666666,15341623.436000021,92.11729615425455,2660
15771.0,1006.54,3,512,0.0,0.0,0.0,1006.54,0.0,0.0,605,3,1006.54,At Risk,89,335.5133333333333,15342629.97600002,92.1233398264681,2661
13427.0,1006.53,6,880,0.0,0.0,0.0,1006.53,0.0,0.0,20,6,1006.53,Loyal Customers,703,167.755,15343636.50600002,92.12938343863762,2662
14013.0,1084.57,5,775,-78.35,1.0,9.0,1006.2199999999999,0.2,0.07224061148657994,111,5,1084.57,Potential Loyalists,513,216.914,15344642.72600002,92.1354251894421,2663
13867.0,1005.09,3,501,0.0,0.0,0.0,1005.09,0.0,0.0,32,3,1005.09,Loyal Customers,187,335.03000000000003,15345647.81600002,92.14146015527072,2664
12572.0,1020.4200000000001,2,452,-15.7,1.0,2.0,1004.72,0.5,0.015385821524470314,9,2,1020.42,New / Promising,43,510.21,15346652.53600002,92.14749289947007,2665
18160.0,1003.88,3,519,0.0,0.0,0.0,1003.88,0.0,0.0,58,3,1003.88,Loyal Customers,329,334.62666666666667,15347656.416000022,92.15352059997055,2666
17578.0,1047.33,7,529,-43.599999999999994,3.0,58.0,1003.7299999999999,0.42857142857142855,0.041629667821985426,219,7,1047.33,At Risk,311,149.6185714285714,15348660.146000022,92.15954739981052,2667
13549.0,1005.8000000000001,8,554,-2.08,1.0,1.0,1003.72,0.125,0.0020680055677072978,26,8,1005.8,Loyal Customers,362,125.725,15349663.866000023,92.16557413960645,2668
16435.0,1003.0699999999999,3,608,0.0,0.0,0.0,1003.0699999999999,0.0,0.0,513,3,1003.07,At Risk,2,334.3566666666666,15350666.936000023,92.17159697654017,2669
16623.0,1015.24,4,442,-12.75,1.0,1.0,1002.49,0.25,0.012558606831882117,246,4,1015.24,At Risk,347,253.81,15351669.426000023,92.1776163309199,2670
12446.0,1002.3100000000001,1,351,0.0,0.0,0.0,1002.3100000000001,0.0,0.0,58,1,1002.31,New / Promising,0,1002.31,15352671.736000024,92.18363460450702,2671
13359.0,1043.31,2,381,-41.35,2.0,7.0,1001.9599999999999,1.0,0.039633474231053095,64,2,1043.31,Needs Attention,340,521.655,15353673.696000025,92.18965077655295,2672
15706.0,1060.56,4,321,-58.75,3.0,16.0,1001.81,0.75,0.05539526287998793,64,4,1060.56,Potential Loyalists,53,265.14,15354675.506000025,92.19566604793836,2673
12410.0,1013.71,3,341,-12.25,1.0,2.0,1001.46,0.3333333333333333,0.012084323919069556,309,3,1013.71,At Risk,194,337.90333333333336,15355676.966000026,92.20167921778257,2674
12403.0,1019.36,2,260,-18.0,1.0,1.0,1001.36,0.5,0.01765813843980537,50,2,1019.36,New / Promising,472,509.68,15356678.326000025,92.20769178718643,2675
16122.0,1001.34,6,1398,0.0,0.0,0.0,1001.34,0.0,0.0,74,6,1001.34,Potential Loyalists,352,166.89,15357679.666000025,92.21370423650225,2676
12545.0,1000.39,2,523,0.0,0.0,0.0,1000.39,0.0,0.0,76,2,1000.39,Needs Attention,184,500.195,15358680.056000026,92.21971098163482,2677
14902.0,1035.6200000000001,3,716,-35.35,2.0,13.0,1000.2700000000001,0.6666666666666666,0.034134141866707865,26,3,1035.62,Loyal Customers,528,345.2066666666667,15359680.326000025,92.22571700623897,2678
15508.0,1000.27,6,440,0.0,0.0,0.0,1000.27,0.0,0.0,190,6,1000.27,Potential Loyalists,46,166.71166666666667,15360680.596000025,92.2317230308431,2679
14214.0,1004.38,5,751,-4.15,2.0,3.0,1000.23,0.4,0.004131902268065872,31,5,1004.38,Loyal Customers,247,200.876,15361680.826000025,92.23772881527113,2680
18143.0,1000.16,2,570,0.0,0.0,0.0,1000.16,0.0,0.0,117,2,1000.16,Potential Loyalists,25,500.08,15362680.986000026,92.2437341793909,2681
16572.0,1009.6,3,532,-9.9,1.0,2.0,999.7,0.3333333333333333,0.009805863708399367,128,3,1009.6,Potential Loyalists,148,336.53333333333336,15363680.686000025,92.2497367814851,2682
17205.0,999.35,3,2214,0.0,0.0,0.0,999.35,0.0,0.0,54,3,999.35,Loyal Customers,511,333.1166666666667,15364680.036000025,92.2557372820381,2683
17329.0,998.53,5,430,0.0,0.0,0.0,998.53,0.0,0.0,15,5,998.53,Loyal Customers,722,199.706,15365678.566000024,92.26173285898031,2684
17631.0,998.49,7,591,0.0,0.0,0.0,998.49,0.0,0.0,2,7,998.49,Loyal Customers,729,142.64142857142858,15366677.056000024,92.26772819574637,2685
13154.0,1624.84,3,976,-627.41,2.0,4.0,997.43,0.6666666666666666,0.3861364811304498,400,3,1624.84,At Risk,336,541.6133333333333,15367674.486000024,92.27371716784482,2686
17539.0,1176.84,4,708,-179.5,3.0,12.0,997.3399999999999,0.75,0.1525271064885626,618,4,1176.84,At Risk,109,294.21,15368671.826000024,92.27970559954697,2687
13857.0,1001.01,6,782,-3.9,1.0,2.0,997.11,0.16666666666666666,0.00389606497437588,394,6,1001.01,At Risk,178,166.835,15369668.936000023,92.28569265023631,2688
15363.0,1004.11,2,527,-7.95,1.0,1.0,996.16,0.5,0.00791745924251327,373,2,1004.11,Hibernating,120,502.055,15370665.096000023,92.29167399674245,2689
17724.0,1033.0,3,300,-37.35,1.0,11.0,995.65,0.3333333333333333,0.036156824782187805,72,3,1033.0,Potential Loyalists,67,344.3333333333333,15371660.746000024,92.29765228100281,2690
17237.0,994.13,4,414,0.0,0.0,0.0,994.13,0.0,0.0,12,4,994.13,Loyal Customers,370,248.5325,15372654.876000024,92.30362143856999,2691
17299.0,993.23,6,919,0.0,0.0,0.0,993.23,0.0,0.0,12,6,993.23,Loyal Customers,470,165.53833333333333,15373648.106000025,92.3095851921741,2692
13559.0,990.0,2,360,0.0,0.0,0.0,990.0,0.0,0.0,513,2,990.0,Hibernating,31,495.0,15374638.106000025,92.31552955155517,2693
13245.0,989.22,2,371,0.0,0.0,0.0,989.22,0.0,0.0,51,2,989.22,New / Promising,382,494.61,15375627.326000025,92.3214692275016,2694
13292.0,994.51,5,530,-6.72,1.0,16.0,987.79,0.2,0.006757096459563,39,5,994.51,Loyal Customers,488,198.902,15376615.116000025,92.32740031715112,2695
16130.0,987.48,4,296,0.0,0.0,0.0,987.48,0.0,0.0,423,4,987.48,At Risk,195,246.87,15377602.596000025,92.33332954543559,2696
18237.0,987.1,5,622,0.0,0.0,0.0,987.1,0.0,0.0,3,5,987.1,Loyal Customers,132,197.42,15378589.696000025,92.33925649204676,2697
13238.0,1006.63,6,442,-19.9,1.0,2.0,986.73,0.16666666666666666,0.019768931980966194,18,6,1006.63,Loyal Customers,573,167.77166666666668,15379576.426000025,92.34518121702867,2698
13439.0,986.61,3,952,0.0,0.0,0.0,986.61,0.0,0.0,256,3,986.61,At Risk,271,328.87,15380563.036000025,92.35110522148217,2699
15713.0,1010.79,4,510,-24.799999999999997,2.0,4.0,985.99,0.5,0.024535264496087218,144,4,1010.79,Potential Loyalists,580,252.6975,15381549.026000025,92.35702550320555,2700
15176.0,988.0400000000001,1,448,-2.95,1.0,1.0,985.09,1.0,0.002985709080604024,668,1,988.04,Hibernating,0,988.04,15382534.116000025,92.36294038096585,2701
12862.0,984.62,2,611,0.0,0.0,0.0,984.62,0.0,0.0,426,2,984.62,Hibernating,70,492.31,15383518.736000024,92.36885243665654,2702
17144.0,984.57,2,483,0.0,0.0,0.0,984.57,0.0,0.0,2,2,984.57,Loyal Customers,83,492.285,15384503.306000024,92.37476419212707,2703
12541.0,981.18,3,680,0.0,0.0,0.0,981.18,0.0,0.0,30,3,981.18,Loyal Customers,251,327.06,15385484.486000024,92.38065559267002,2704
12543.0,980.25,1,688,0.0,0.0,0.0,980.25,0.0,0.0,449,1,980.25,Hibernating,0,980.25,15386464.736000024,92.38654140911781,2705
14230.0,979.8000000000001,3,246,0.0,0.0,0.0,979.8000000000001,0.0,0.0,436,3,979.8,At Risk,113,326.6,15387444.536000025,92.39242452358405,2706
15025.0,979.79,2,503,0.0,0.0,0.0,979.79,0.0,0.0,34,2,979.79,New / Promising,535,489.895,15388424.326000024,92.39830757800625,2707
17369.0,979.2,1,1152,0.0,0.0,0.0,979.2,0.0,0.0,456,1,979.2,Hibernating,0,979.2,15389403.526000023,92.40418708983043,2708
15132.0,977.9300000000001,5,679,0.0,0.0,0.0,977.9300000000001,0.0,0.0,19,5,977.93,Loyal Customers,244,195.586,15390381.456000023,92.41005897606229,2709
17123.0,977.1700000000001,3,676,0.0,0.0,0.0,977.1700000000001,0.0,0.0,162,3,977.17,Potential Loyalists,411,325.72333333333336,15391358.626000023,92.41592629894755,2710
16863.0,998.52,3,745,-21.45,2.0,17.0,977.0699999999999,0.6666666666666666,0.021481793053719504,32,3,998.52,Loyal Customers,378,332.84,15392335.696000023,92.42179302139246,2711
17221.0,976.62,5,713,0.0,0.0,0.0,976.62,0.0,0.0,8,5,976.62,Loyal Customers,600,195.324,15393312.316000022,92.42765704185584,2712
15165.0,975.5,1,320,0.0,0.0,0.0,975.5,0.0,0.0,374,1,975.5,Hibernating,0,975.5,15394287.816000022,92.4335143373874,2713
14223.0,991.13,3,585,-15.9,1.0,2.0,975.23,0.3333333333333333,0.01604229515805192,93,3,991.13,Potential Loyalists,172,330.37666666666667,15395263.046000022,92.43937001173002,2714
15951.0,1013.1700000000001,3,420,-38.650000000000006,1.0,7.0,974.5200000000001,0.3333333333333333,0.038147596158591354,9,3,1013.17,Loyal Customers,373,337.72333333333336,15396237.566000022,92.44522142294623,2715
17214.0,1059.1200000000001,6,272,-85.0,1.0,1.0,974.1200000000001,0.16666666666666666,0.08025530629201601,61,6,1059.12,Potential Loyalists,299,176.52,15397211.686000021,92.45107043240107,2716
17958.0,973.88,2,284,0.0,0.0,0.0,973.88,0.0,0.0,117,2,973.88,Potential Loyalists,612,486.94,15398185.566000022,92.45691800079909,2717
17883.0,988.42,7,476,-15.9,1.0,2.0,972.52,0.14285714285714285,0.01608627911211833,4,7,988.42,Loyal Customers,649,141.20285714285714,15399158.086000022,92.46275740320847,2718
16009.0,972.11,4,366,0.0,0.0,0.0,972.11,0.0,0.0,23,4,972.11,Loyal Customers,137,243.0275,15400130.196000021,92.46859434381246,2719
16535.0,972.04,3,664,0.0,0.0,0.0,972.04,0.0,0.0,6,3,972.04,Loyal Customers,675,324.0133333333333,15401102.23600002,92.47443086410819,2720
17100.0,971.74,2,800,0.0,0.0,0.0,971.74,0.0,0.0,19,2,971.74,Loyal Customers,0,485.87,15402073.97600002,92.48026558308288,2721
15449.0,974.52,3,812,-3.3,2.0,2.0,971.22,0.6666666666666666,0.003386282477527398,27,3,974.52,Loyal Customers,235,324.84,15403045.196000021,92.48609717976784,2722
14454.0,977.3000000000001,5,400,-6.6,1.0,4.0,970.7,0.2,0.006753299907909546,377,5,977.3,At Risk,357,195.46,15404015.89600002,92.49192565416298,2723
18006.0,969.51,4,395,0.0,0.0,0.0,969.51,0.0,0.0,24,4,969.51,Loyal Customers,699,242.3775,15404985.40600002,92.49774698331808,2724
13223.0,969.12,6,568,0.0,0.0,0.0,969.12,0.0,0.0,201,6,969.12,At Risk,465,161.52,15405954.52600002,92.50356597075586,2725
15104.0,993.54,2,635,-24.9,1.0,2.0,968.64,0.5,0.02506189987318075,197,2,993.54,Hibernating,86,496.77,15406923.16600002,92.50938207607999,2726
15208.0,970.52,6,356,-2.5,1.0,2.0,968.02,0.16666666666666666,0.0025759386720520957,2,6,970.52,Loyal Customers,422,161.75333333333333,15407891.18600002,92.51519445867399,2727
14142.0,983.15,2,831,-15.4,2.0,6.0,967.75,1.0,0.015663937344250624,374,2,983.15,Hibernating,273,491.575,15408858.93600002,92.52100522007906,2728
16254.0,967.44,3,543,0.0,0.0,0.0,967.44,0.0,0.0,379,3,967.44,At Risk,254,322.48,15409826.376000019,92.5268141201191,2729
17405.0,1031.41,3,726,-64.19,2.0,21.0,967.22,0.6666666666666666,0.06223519260042078,2,3,1031.41,Loyal Customers,149,343.80333333333334,15410793.59600002,92.53262169919037,2730
15247.0,976.06,3,514,-8.95,1.0,1.0,967.1099999999999,0.3333333333333333,0.009169518267319631,123,3,976.06,Potential Loyalists,415,325.3533333333333,15411760.706000019,92.53842861777727,2731
13204.0,966.6600000000001,1,428,0.0,0.0,0.0,966.6600000000001,0.0,0.0,732,1,966.66,Hibernating,0,966.66,15412727.366000019,92.54423283438264,2732
14138.0,965.88,2,600,0.0,0.0,0.0,965.88,0.0,0.0,2,2,965.88,New / Promising,62,482.94,15413693.24600002,92.55003236755334,2733
16376.0,974.96,2,691,-9.49,1.0,5.0,965.47,0.5,0.009733732665955527,9,2,974.96,New / Promising,9,487.48,15414658.71600002,92.55582943891865,2734
15084.0,965.1999999999999,2,600,0.0,0.0,0.0,965.1999999999999,0.0,0.0,380,2,965.2,Hibernating,266,482.6,15415623.91600002,92.56162488909501,2735
13000.0,1032.5,4,548,-67.5,1.0,10.0,965.0,0.25,0.06537530266343826,107,4,1032.5,Potential Loyalists,619,258.125,15416588.91600002,92.56741913839072,2736
16699.0,994.6,7,640,-29.700000000000003,1.0,6.0,964.9,0.14285714285714285,0.02986125075407199,381,7,994.6,At Risk,355,142.0857142857143,15417553.81600002,92.57321278724608,2737
12550.0,964.83,1,569,0.0,0.0,0.0,964.83,0.0,0.0,80,1,964.83,Needs Attention,0,964.83,15418518.64600002,92.57900601579318,2738
14931.0,1257.68,5,417,-293.0,1.0,1.0,964.6800000000001,0.2,0.232968640671713,5,5,1257.68,Champions,236,251.536,15419483.32600002,92.58479834367978,2739
14510.0,979.85,3,793,-15.3,1.0,6.0,964.5500000000001,0.3333333333333333,0.015614634893095882,376,3,979.85,At Risk,61,326.6166666666667,15420447.87600002,92.59058989099394,2740
14953.0,971.32,4,1014,-8.4,1.0,20.0,962.9200000000001,0.25,0.008648025367541078,26,4,971.32,Loyal Customers,410,242.83,15421410.79600002,92.59637165113054,2741
15109.0,983.1,3,258,-21.2,1.0,4.0,961.9,0.3333333333333333,0.02156443901942834,246,3,983.1,At Risk,490,327.7,15422372.696000021,92.60214728677565,2742
15156.0,961.49,3,597,0.0,0.0,0.0,961.49,0.0,0.0,2,3,961.49,Loyal Customers,32,320.49666666666667,15423334.186000021,92.60792046061536,2743
18192.0,957.97,1,339,0.0,0.0,0.0,957.97,0.0,0.0,72,1,957.97,Needs Attention,0,957.97,15424292.156000022,92.61367249895504,2744
14430.0,1220.9,3,446,-264.5,2.0,38.0,956.4000000000001,0.6666666666666666,0.21664345974281266,512,3,1220.9,At Risk,96,406.9666666666667,15425248.556000022,92.61941511038137,2745
16141.0,955.94,2,410,0.0,0.0,0.0,955.94,0.0,0.0,89,2,955.94,Needs Attention,329,477.97,15426204.496000022,92.62515495978212,2746
12990.0,955.5,7,480,0.0,0.0,0.0,955.5,0.0,0.0,32,7,955.5,Loyal Customers,588,136.5,15427159.996000022,92.63089216724538,2747
17080.0,957.53,7,569,-2.12,1.0,2.0,955.41,0.14285714285714285,0.002214029847628795,23,7,957.53,Loyal Customers,504,136.79,15428115.406000022,92.63662883431232,2748
15835.0,954.09,4,439,0.0,0.0,0.0,954.09,0.0,0.0,45,4,954.09,Loyal Customers,286,238.5225,15429069.496000022,92.64235757556675,2749
17189.0,953.63,5,601,0.0,0.0,0.0,953.63,0.0,0.0,107,5,953.63,Potential Loyalists,631,190.726,15430023.126000023,92.64808355479562,2750
13466.0,1013.35,5,660,-61.099999999999994,2.0,12.0,952.25,0.4,0.060295060936497745,185,5,1013.35,Potential Loyalists,444,202.67,15430975.376000023,92.65380124794777,2751
15646.0,974.61,5,1051,-22.5,1.0,6.0,952.11,0.2,0.02308615753993905,158,5,974.61,Potential Loyalists,253,194.922,15431927.486000022,92.65951810048342,2752
17955.0,949.9,6,681,0.0,0.0,0.0,949.9,0.0,0.0,199,6,949.9,At Risk,467,158.31666666666666,15432877.386000022,92.66522168328756,2753
12767.0,949.82,1,598,0.0,0.0,0.0,949.82,0.0,0.0,376,1,949.82,Hibernating,0,949.82,15433827.206000023,92.67092478573942,2754
17081.0,949.39,6,381,0.0,0.0,0.0,949.39,0.0,0.0,26,6,949.39,Loyal Customers,630,158.23166666666663,15434776.596000023,92.6766253062978,2755
13046.0,949.25,3,505,0.0,0.0,0.0,949.25,0.0,0.0,31,3,949.25,Loyal Customers,426,316.4166666666667,15435725.846000023,92.6823249862397,2756
17298.0,954.26,5,852,-5.04,1.0,12.0,949.22,0.2,0.005281579443757466,102,5,954.26,Potential Loyalists,540,190.852,15436675.066000024,92.68802448604951,2757
15177.0,948.9300000000001,1,485,0.0,0.0,0.0,948.9300000000001,0.0,0.0,426,1,948.93,Hibernating,0,948.93,15437623.996000024,92.69372224458232,2758
16227.0,1027.22,3,436,-78.4,3.0,54.0,948.82,1.0,0.07632250150892701,226,3,1027.22,At Risk,310,342.4066666666667,15438572.816000024,92.69941934263076,2759
15181.0,1200.2,5,688,-251.75,3.0,51.0,948.45,0.6,0.20975670721546408,67,5,1200.2,Potential Loyalists,665,240.04,15439521.266000023,92.70511421904993,2760
14350.0,972.03,3,543,-24.229999999999997,1.0,17.0,947.8,0.3333333333333333,0.024927214180632283,275,3,972.03,At Risk,156,324.01,15440469.066000024,92.71080519260688,2761
16763.0,964.6999999999999,2,492,-16.95,1.0,1.0,947.7499999999999,0.5,0.017570229086762725,199,2,964.7,Hibernating,540,482.35,15441416.816000024,92.71649586594367,2762
12355.0,947.61,2,543,0.0,0.0,0.0,947.61,0.0,0.0,215,2,947.61,Hibernating,353,473.805,15442364.426000023,92.72218569866398,2763
17516.0,947.5,6,522,0.0,0.0,0.0,947.5,0.0,0.0,16,6,947.5,Loyal Customers,363,157.91666666666666,15443311.926000023,92.7278748708999,2764
17356.0,946.47,5,925,0.0,0.0,0.0,946.47,0.0,0.0,312,5,946.47,At Risk,377,189.294,15444258.396000024,92.7335578586003,2765
16146.0,946.38,4,544,0.0,0.0,0.0,946.38,0.0,0.0,158,4,946.38,Potential Loyalists,291,236.595,15445204.776000025,92.73924030590442,2766
14157.0,978.69,5,521,-32.45,1.0,11.0,946.24,0.2,0.03315656643063687,20,5,978.69,Loyal Customers,627,195.738,15446151.016000025,92.74492191259205,2767
17544.0,944.82,3,410,0.0,0.0,0.0,944.82,0.0,0.0,391,3,944.82,At Risk,0,314.94,15447095.836000025,92.75059499302682,2768
13261.0,944.1,2,210,0.0,0.0,0.0,944.1,0.0,0.0,269,2,944.1,Hibernating,17,472.05,15448039.936000025,92.75626375029114,2769
17860.0,943.84,4,789,0.0,0.0,0.0,943.84,0.0,0.0,369,4,943.84,At Risk,360,235.96,15448983.776000025,92.76193094641056,2770
16199.0,942.75,7,321,0.0,0.0,0.0,942.75,0.0,0.0,393,7,942.75,At Risk,239,134.67857142857142,15449926.526000025,92.76759159773027,2771
13526.0,1182.0,2,1911,-239.39999999999998,2.0,264.0,942.6,1.0,0.20253807106598984,739,2,1182.0,Hibernating,0,591.0,15450869.126000024,92.77325134838946,2772
17604.0,942.38,6,614,0.0,0.0,0.0,942.38,0.0,0.0,218,6,942.38,At Risk,464,157.06333333333333,15451811.506000025,92.7789097780799,2773
15535.0,1044.37,6,314,-102.0,4.0,16.0,942.3699999999999,0.6666666666666666,0.09766653580627556,174,6,1044.37,Potential Loyalists,276,174.06166666666664,15452753.876000024,92.7845681477263,2774
15385.0,942.08,3,428,0.0,0.0,0.0,942.08,0.0,0.0,41,3,942.08,Loyal Customers,637,314.0266666666667,15453695.956000024,92.79022477609573,2775
14958.0,941.99,6,248,0.0,0.0,0.0,941.99,0.0,0.0,148,6,941.99,Potential Loyalists,589,156.9983333333333,15454637.946000025,92.79588086406883,2776
13636.0,949.12,5,592,-7.5,1.0,6.0,941.62,0.2,0.00790205664194201,37,5,949.12,Loyal Customers,249,189.824,15455579.566000024,92.80153473041268,2777
15268.0,961.9000000000001,3,428,-20.65,1.0,6.0,941.2500000000001,0.3333333333333333,0.021467928059049794,479,3,961.9,At Risk,127,320.6333333333334,15456520.816000024,92.80718637512727,2778
13416.0,940.8000000000001,3,208,0.0,0.0,0.0,940.8000000000001,0.0,0.0,44,3,940.8,Loyal Customers,693,313.6,15457461.616000025,92.81283531786032,2779
12697.0,957.59,3,508,-18.57,2.0,9.0,939.02,0.6666666666666666,0.019392433087229398,29,3,957.59,Loyal Customers,141,319.19666666666666,15458400.636000024,92.81847357275528,2780
12588.0,958.78,4,438,-19.8,1.0,4.0,938.98,0.25,0.020651244289618058,40,4,958.78,Loyal Customers,558,239.695,15459339.616000025,92.8241115874741,2781
16518.0,959.37,4,524,-21.1,2.0,8.0,938.27,0.5,0.021993599966644777,62,4,959.37,Potential Loyalists,495,239.8425,15460277.886000024,92.82974533906652,2782
17020.0,935.62,2,860,0.0,0.0,0.0,935.62,0.0,0.0,543,2,935.62,At Risk,104,467.81,15461213.506000023,92.83536317898987,2783
12413.0,999.45,4,319,-63.95,2.0,4.0,935.5,0.5,0.06398519185552054,67,4,999.45,Potential Loyalists,336,249.8625,15462149.006000023,92.8409802983848,2784
14629.0,955.26,2,378,-19.8,1.0,4.0,935.46,0.5,0.020727341247409083,5,2,955.26,New / Promising,43,477.63,15463084.466000024,92.84659717760363,2785
13005.0,999.68,4,462,-64.64999999999999,2.0,7.0,935.03,0.5,0.06467069462227912,174,4,999.68,Potential Loyalists,284,249.92,15464019.496000024,92.85221147492896,2786
12942.0,934.35,3,267,0.0,0.0,0.0,934.35,0.0,0.0,132,3,934.35,Potential Loyalists,234,311.45,15464953.846000023,92.85782168925998,2787
14615.0,951.76,5,495,-17.5,1.0,14.0,934.26,0.2,0.01838698831638228,395,5,951.76,At Risk,154,190.352,15465888.106000023,92.86343136319469,2788
15792.0,933.84,2,606,0.0,0.0,0.0,933.84,0.0,0.0,400,2,933.84,Hibernating,219,466.92,15466821.946000023,92.86903851527997,2789
12675.0,957.25,2,336,-23.7,2.0,2.0,933.55,1.0,0.024758422564638286,554,2,957.25,Hibernating,25,478.625,15467755.496000024,92.87464392608825,2790
12874.0,948.42,2,623,-15.0,1.0,12.0,933.42,0.5,0.015815777819953185,386,2,948.42,Hibernating,169,474.21,15468688.916000023,92.88024855632409,2791
15787.0,933.26,3,534,0.0,0.0,0.0,933.26,0.0,0.0,27,3,933.26,Loyal Customers,35,311.08666666666664,15469622.176000023,92.88585222585539,2792
18154.0,932.6,5,626,0.0,0.0,0.0,932.6,0.0,0.0,4,5,932.6,Loyal Customers,487,186.52,15470554.776000023,92.89145193248044,2793
12396.0,931.4300000000001,1,591,0.0,0.0,0.0,931.4300000000001,0.0,0.0,675,1,931.43,Hibernating,0,931.43,15471486.206000023,92.89704461395347,2794
13465.0,931.12,2,584,0.0,0.0,0.0,931.12,0.0,0.0,447,2,931.12,Hibernating,140,465.56,15472417.326000022,92.90263543406145,2795
14924.0,931.01,3,312,0.0,0.0,0.0,931.01,0.0,0.0,246,3,931.01,At Risk,394,310.33666666666664,15473348.336000022,92.90822559368507,2796
15723.0,930.7,4,427,0.0,0.0,0.0,930.7,0.0,0.0,365,4,930.7,At Risk,210,232.675,15474279.03600002,92.9138138919436,2797
15243.0,927.28,2,543,0.0,0.0,0.0,927.28,0.0,0.0,75,2,927.28,Needs Attention,361,463.64,15475206.31600002,92.91938165514247,2798
17805.0,927.03,2,1126,0.0,0.0,0.0,927.03,0.0,0.0,74,2,927.03,Potential Loyalists,537,463.515,15476133.34600002,92.9249479172405,2799
12745.0,925.41,3,468,0.0,0.0,0.0,925.41,0.0,0.0,487,3,925.41,At Risk,196,308.47,15477058.75600002,92.93050445220497,2800
13805.0,924.5999999999999,2,1900,0.0,0.0,0.0,924.5999999999999,0.0,0.0,53,2,924.6,New / Promising,77,462.3,15477983.35600002,92.9360561236027,2801
13936.0,939.6600000000001,3,661,-15.3,1.0,6.0,924.3600000000001,0.3333333333333333,0.01628248515420471,180,3,939.66,Potential Loyalists,235,313.22,15478907.716000019,92.9416063539436,2802
18001.0,924.14,6,874,0.0,0.0,0.0,924.14,0.0,0.0,13,6,924.14,Loyal Customers,725,154.02333333333334,15479831.85600002,92.94715526331575,2803
14326.0,940.98,3,572,-17.0,1.0,4.0,923.98,0.3333333333333333,0.018066271334141,243,3,940.98,At Risk,290,313.66,15480755.83600002,92.95270321198335,2804
16109.0,939.48,3,1092,-15.9,1.0,2.0,923.58,0.3333333333333333,0.016924255971388427,219,3,939.48,At Risk,480,313.16,15481679.41600002,92.95824875888958,2805
13034.0,922.68,3,522,0.0,0.0,0.0,922.68,0.0,0.0,55,3,922.68,Loyal Customers,347,307.56,15482602.09600002,92.96378890183274,2806
15654.0,922.53,2,475,0.0,0.0,0.0,922.53,0.0,0.0,10,2,922.53,New / Promising,17,461.265,15483524.626000019,92.9693281441154,2807
13122.0,922.39,2,585,0.0,0.0,0.0,922.39,0.0,0.0,95,2,922.39,Needs Attention,146,461.195,15484447.01600002,92.97486654578157,2808
17472.0,922.35,4,551,0.0,0.0,0.0,922.35,0.0,0.0,192,4,922.35,At Risk,437,230.5875,15485369.366000019,92.9804047072716,2809
13934.0,922.1,1,390,0.0,0.0,0.0,922.1,0.0,0.0,264,1,922.1,Hibernating,0,922.1,15486291.466000019,92.98594136766079,2810
13641.0,1016.47,5,1098,-94.65,2.0,18.0,921.82,0.4,0.09311637333123457,641,5,1016.47,At Risk,94,203.294,15487213.286000019,92.99147634681701,2811
14605.0,921.5600000000001,4,416,0.0,0.0,0.0,921.5600000000001,0.0,0.0,375,4,921.56,At Risk,357,230.39,15488134.84600002,92.99700976482835,2812
12638.0,921.49,2,663,0.0,0.0,0.0,921.49,0.0,0.0,34,2,921.49,New / Promising,606,460.745,15489056.33600002,93.00254276253145,2813
15576.0,921.37,1,394,0.0,0.0,0.0,921.37,0.0,0.0,38,1,921.37,New / Promising,0,921.37,15489977.706000019,93.00807503970613,2814
15957.0,921.25,3,453,0.0,0.0,0.0,921.25,0.0,0.0,32,3,921.25,Loyal Customers,389,307.0833333333333,15490898.956000019,93.0136065963524,2815
16136.0,946.8000000000001,4,674,-25.72,1.0,52.0,921.08,0.25,0.027165188001689898,60,4,946.8,Potential Loyalists,604,236.7,15491820.036000019,93.01913713225011,2816
14272.0,920.81,4,1097,0.0,0.0,0.0,920.81,0.0,0.0,74,4,920.81,Potential Loyalists,509,230.2025,15492740.84600002,93.02466604695888,2817
17363.0,920.46,3,499,0.0,0.0,0.0,920.46,0.0,0.0,396,3,920.46,At Risk,7,306.82,15493661.30600002,93.03019286012648,2818
14140.0,935.05,2,811,-15.0,1.0,2.0,920.05,0.5,0.01604192289182397,4,2,935.05,New / Promising,28,467.525,15494581.356000021,93.03571721148866,2819
13075.0,919.61,1,485,0.0,0.0,0.0,919.61,0.0,0.0,130,1,919.61,Needs Attention,0,919.61,15495500.96600002,93.04123892091333,2820
14460.0,1093.5,9,1879,-173.9,3.0,118.0,919.6,0.3333333333333333,0.15903063557384545,111,9,1093.5,Potential Loyalists,614,121.5,15496420.56600002,93.04676057029397,2821
12822.0,948.88,2,550,-29.9,1.0,2.0,918.98,0.5,0.03151083382514122,71,2,948.88,Needs Attention,17,474.44,15497339.54600002,93.0522784969445,2822
12368.0,917.7,1,330,0.0,0.0,0.0,917.7,0.0,0.0,629,1,917.7,Hibernating,0,917.7,15498257.24600002,93.05778873795865,2823
14061.0,917.4300000000001,3,133,0.0,0.0,0.0,917.4300000000001,0.0,0.0,508,3,917.43,At Risk,231,305.81,15499174.67600002,93.06329735778388,2824
14015.0,917.34,1,378,0.0,0.0,0.0,917.34,0.0,0.0,53,1,917.34,New / Promising,0,917.34,15500092.01600002,93.0688054372128,2825
15707.0,916.98,4,594,0.0,0.0,0.0,916.98,0.0,0.0,36,4,916.98,Loyal Customers,51,229.245,15501008.99600002,93.07431135505651,2826
14199.0,1091.7,4,254,-175.2,2.0,24.0,916.5,0.5,0.1604836493542182,219,4,1091.7,At Risk,312,272.925,15501925.49600002,93.07981439078657,2827
16643.0,923.11,2,553,-7.550000000000001,1.0,3.0,915.5600000000001,0.5,0.008178873590363013,246,2,923.11,Hibernating,177,461.555,15502841.05600002,93.08531178237742,2828
14839.0,915.28,3,927,0.0,0.0,0.0,915.28,0.0,0.0,419,3,915.28,At Risk,286,305.0933333333333,15503756.33600002,93.0908074927353,2829
14423.0,916.61,3,419,-1.65,1.0,1.0,914.96,0.3333333333333333,0.0018001112796063755,219,3,916.61,At Risk,476,305.5366666666667,15504671.29600002,93.09630128168409,2830
16216.0,914.9300000000001,1,254,0.0,0.0,0.0,914.9300000000001,0.0,0.0,268,1,914.93,Hibernating,0,914.93,15505586.22600002,93.10179489050078,2831
16204.0,918.71,3,671,-5.0,1.0,4.0,913.71,0.3333333333333333,0.0054424138193771695,24,3,918.71,Loyal Customers,708,306.2366666666667,15506499.936000021,93.10728117394532,2832
14549.0,913.6,4,394,0.0,0.0,0.0,913.6,0.0,0.0,312,4,913.6,At Risk,426,228.4,15507413.53600002,93.11276679690546,2833
15364.0,913.19,2,493,0.0,0.0,0.0,913.19,0.0,0.0,96,2,913.19,Needs Attention,159,456.595,15508326.72600002,93.11824995806022,2834
14176.0,916.01,5,326,-2.9,1.0,2.0,913.11,0.2,0.0031659043023547777,298,5,916.01,At Risk,84,183.202,15509239.83600002,93.12373263886269,2835
17760.0,918.93,6,696,-7.25,1.0,1.0,911.68,0.16666666666666666,0.007889610742929277,22,6,918.93,Loyal Customers,628,153.155,15510151.51600002,93.12920673336829,2836
14289.0,911.26,6,292,0.0,0.0,0.0,911.26,0.0,0.0,9,6,911.26,Loyal Customers,281,151.8766666666667,15511062.77600002,93.13467830602444,2837
17172.0,956.5699999999999,3,1215,-45.58,3.0,17.0,910.9899999999999,1.0,0.047649414052291,79,3,956.57,Potential Loyalists,648,318.8566666666666,15511973.76600002,93.14014825749169,2838
13350.0,979.12,2,287,-68.4,1.0,3.0,910.72,0.5,0.06985864858240053,17,2,979.12,New / Promising,63,489.56,15512884.48600002,93.14561658777001,2839
14568.0,919.7,1,645,-10.2,1.0,12.0,909.5,1.0,0.011090573012939,436,1,919.7,Hibernating,0,919.7,15513793.98600002,93.15107759267616,2840
14128.0,924.21,3,814,-14.85,1.0,3.0,909.36,0.3333333333333333,0.016067776803973123,61,3,924.21,Potential Loyalists,491,308.07,15514703.34600002,93.15653775696582,2841
13038.0,908.46,3,360,0.0,0.0,0.0,908.46,0.0,0.0,81,3,908.46,Potential Loyalists,210,302.82,15515611.80600002,93.16199251729242,2842
16034.0,911.32,6,585,-2.95,1.0,1.0,908.37,0.16666666666666666,0.003237062722205153,197,6,911.32,At Risk,213,151.88666666666668,15516520.17600002,93.16744673722272,2843
12505.0,955.2,1,324,-47.2,2.0,11.0,908.0,2.0,0.049413735343383586,409,1,955.2,Hibernating,0,955.2,15517428.17600002,93.17289873552373,2844
14969.0,906.23,1,665,0.0,0.0,0.0,906.23,0.0,0.0,704,1,906.23,Hibernating,0,906.23,15518334.40600002,93.17834010603072,2845
12808.0,906.1,5,375,0.0,0.0,0.0,906.1,0.0,0.0,37,5,906.1,Loyal Customers,426,181.22,15519240.50600002,93.18378069596525,2846
15304.0,919.55,9,133,-14.100000000000001,2.0,4.0,905.4499999999999,0.2222222222222222,0.01533358708063727,61,9,919.55,Potential Loyalists,361,102.17222222222222,15520145.956000019,93.18921738303757,2847
13573.0,904.52,6,647,0.0,0.0,0.0,904.52,0.0,0.0,51,6,904.52,Loyal Customers,587,150.75333333333333,15521050.476000018,93.19464848601471,2848
15180.0,904.4300000000001,3,690,0.0,0.0,0.0,904.4300000000001,0.0,0.0,368,3,904.43,At Risk,222,301.4766666666667,15521954.906000018,93.20007904859554,2849
12722.0,997.63,4,566,-93.3,2.0,6.0,904.33,0.5,0.09352164630173511,86,4,997.63,Potential Loyalists,65,249.4075,15522859.236000018,93.20550901073604,2850
15430.0,954.75,2,309,-51.0,1.0,8.0,903.75,0.5,0.05341712490180676,468,2,954.75,Hibernating,61,477.375,15523762.986000018,93.21093549032254,2851
18217.0,945.04,4,740,-42.24,2.0,30.0,902.8,0.5,0.044696520782189116,30,4,945.04,Loyal Customers,497,236.26,15524665.786000019,93.21635626572582,2852
16975.0,926.12,3,586,-23.700000000000003,2.0,6.0,902.42,0.6666666666666666,0.025590636202651926,424,3,926.12,At Risk,82,308.70666666666665,15525568.206000019,93.22177475945578,2853
16861.0,946.59,5,616,-44.220000000000006,1.0,14.0,902.37,0.2,0.04671505086679555,60,5,946.59,Potential Loyalists,449,189.318,15526470.576000018,93.22719295296558,2854
17176.0,902.3199999999999,3,576,0.0,0.0,0.0,902.3199999999999,0.0,0.0,202,3,902.32,At Risk,476,300.7733333333333,15527372.896000018,93.23261084625521,2855
17382.0,902.28,8,457,0.0,0.0,0.0,902.28,0.0,0.0,66,8,902.28,Potential Loyalists,504,112.785,15528275.176000018,93.2380284993687,2856
12994.0,974.42,3,459,-72.2,2.0,19.0,902.2199999999999,0.6666666666666666,0.07409535929065496,5,3,974.42,Loyal Customers,264,324.8066666666667,15529177.396000018,93.243445792218,2857
13548.0,901.44,3,558,0.0,0.0,0.0,901.44,0.0,0.0,97,3,901.44,Potential Loyalists,375,300.48,15530078.836000018,93.2488584016326,2858
16781.0,934.25,2,305,-33.2,1.0,4.0,901.05,0.5,0.03553652662563554,373,2,934.25,Hibernating,297,467.125,15530979.886000019,93.2542686693299,2859
17322.0,922.59,5,631,-21.950000000000003,2.0,7.0,900.64,0.4,0.02379171679727723,377,5,922.59,At Risk,360,184.518,15531880.52600002,93.2596764752218,2860
15511.0,900.53,5,269,0.0,0.0,0.0,900.53,0.0,0.0,12,5,900.53,Loyal Customers,74,180.106,15532781.056000018,93.26508362062931,2861
12945.0,900.11,2,446,0.0,0.0,0.0,900.11,0.0,0.0,289,2,900.11,Hibernating,368,450.055,15533681.166000018,93.27048824418739,2862
14729.0,899.73,3,569,0.0,0.0,0.0,899.73,0.0,0.0,374,3,899.73,At Risk,252,299.91,15534580.896000018,93.27589058607218,2863
13810.0,1499.01,3,312,-599.5,1.0,1.0,899.51,0.3333333333333333,0.3999306208764451,29,3,1499.01,Loyal Customers,28,499.67,15535480.406000018,93.2812916069882,2864
16834.0,898.96,2,760,0.0,0.0,0.0,898.96,0.0,0.0,228,2,898.96,At Risk,447,449.48,15536379.366000019,93.28668932548237,2865
15710.0,898.87,1,641,0.0,0.0,0.0,898.87,0.0,0.0,418,1,898.87,Hibernating,0,898.87,15537278.236000018,93.29208650358021,2866
12998.0,920.08,3,1124,-22.7,1.0,22.0,897.38,0.3333333333333333,0.02467176767237631,493,3,920.08,At Risk,161,306.6933333333333,15538175.616000019,93.29747473511696,2867
16947.0,955.21,5,655,-58.48,5.0,42.0,896.73,1.0,0.061222139634216556,236,5,955.21,At Risk,411,191.042,15539072.34600002,93.3028590637915,2868
15992.0,896.6,3,514,0.0,0.0,0.0,896.6,0.0,0.0,4,3,896.6,Loyal Customers,450,298.8666666666667,15539968.94600002,93.3082426118936,2869
14714.0,906.24,4,642,-9.84,3.0,5.0,896.4,0.75,0.010858050847457628,25,4,906.24,Loyal Customers,663,226.56,15540865.34600002,93.313624959115,2870
14133.0,911.14,4,398,-15.3,2.0,6.0,895.84,0.5,0.016792150492789253,130,4,911.14,Potential Loyalists,604,227.785,15541761.18600002,93.3190039438705,2871
13996.0,895.76,2,613,0.0,0.0,0.0,895.76,0.0,0.0,387,2,895.76,Hibernating,13,447.88,15542656.94600002,93.32438244827372,2872
13255.0,904.46,3,517,-8.850000000000001,1.0,3.0,895.61,0.3333333333333333,0.00978484399531212,10,3,904.46,Loyal Customers,503,301.4866666666667,15543552.556000018,93.32976005201643,2873
17226.0,895.47,3,853,0.0,0.0,0.0,895.47,0.0,0.0,309,3,895.47,At Risk,357,298.49,15544448.02600002,93.33513681514268,2874
16138.0,910.35,3,774,-15.9,1.0,2.0,894.45,0.3333333333333333,0.017465809853353106,379,3,910.35,At Risk,212,303.45,15545342.476000018,93.34050745377742,2875
14338.0,928.1,3,622,-34.0,2.0,6.0,894.1,0.6666666666666666,0.03663398340696045,162,3,928.1,Potential Loyalists,375,309.3666666666667,15546236.576000018,93.34587599087098,2876
12772.0,892.47,1,556,0.0,0.0,0.0,892.47,0.0,0.0,60,1,892.47,Needs Attention,0,892.47,15547129.046000019,93.35123474078696,2877
17155.0,892.46,7,987,0.0,0.0,0.0,892.46,0.0,0.0,18,7,892.46,Loyal Customers,719,127.49428571428572,15548021.50600002,93.35659343065892,2878
16784.0,892.33,5,494,0.0,0.0,0.0,892.33,0.0,0.0,20,5,892.33,Loyal Customers,602,178.466,15548913.83600002,93.36195133995844,2879
12703.0,1006.53,4,595,-114.35,3.0,56.0,892.18,0.75,0.11360813885328802,72,4,1006.53,Potential Loyalists,613,251.6325,15549806.01600002,93.36730834859743,2880
13288.0,927.61,5,379,-35.45,1.0,3.0,892.16,0.2,0.03821649184463299,444,5,927.61,At Risk,223,185.522,15550698.17600002,93.37266523714835,2881
16442.0,891.98,5,580,0.0,0.0,0.0,891.98,0.0,0.0,2,5,891.98,Loyal Customers,725,178.39600000000002,15551590.15600002,93.37802104490667,2882
15406.0,975.87,4,547,-84.1,2.0,18.0,891.77,0.5,0.08617951161527662,32,4,975.87,Loyal Customers,422,243.9675,15552481.92600002,93.38337559174028,2883
15393.0,891.34,5,378,0.0,0.0,0.0,891.34,0.0,0.0,17,5,891.34,Loyal Customers,708,178.268,15553373.26600002,93.3887275566804,2884
13872.0,919.57,3,339,-28.25,3.0,7.0,891.32,1.0,0.030720880411496676,528,3,919.57,At Risk,198,306.52333333333337,15554264.58600002,93.39407940153247,2885
16361.0,891.21,4,418,0.0,0.0,0.0,891.21,0.0,0.0,10,4,891.21,Loyal Customers,62,222.8025,15555155.79600002,93.39943058590016,2886
15824.0,890.94,2,478,0.0,0.0,0.0,890.94,0.0,0.0,454,2,890.94,Hibernating,79,445.47,15556046.73600002,93.40478014907892,2887
17987.0,965.4399999999999,5,981,-75.52,1.0,136.0,889.92,0.2,0.0782234007292012,186,5,965.44,Potential Loyalists,365,193.088,15556936.65600002,93.4101235877662,2888
14065.0,891.02,3,582,-1.65,1.0,1.0,889.37,0.3333333333333333,0.001851810284842091,390,3,891.02,At Risk,42,297.00666666666666,15557826.02600002,93.41546372403158,2889
17527.0,939.37,4,488,-50.510000000000005,2.0,25.0,888.86,0.5,0.05377007994719866,54,4,939.37,Loyal Customers,165,234.8425,15558714.886000019,93.42080079805125,2890
17537.0,887.6700000000001,2,699,0.0,0.0,0.0,887.6700000000001,0.0,0.0,30,2,887.6700000000001,Loyal Customers,274,443.835,15559602.556000018,93.42613072683083,2891
17704.0,885.19,2,343,0.0,0.0,0.0,885.19,0.0,0.0,169,2,885.19,Potential Loyalists,71,442.595,15560487.746000018,93.43144576468995,2892
14933.0,1770.0,4,600,-885.0,1.0,300.0,885.0,0.25,0.5,444,4,1770.0,At Risk,1,442.5,15561372.746000018,93.43675966171243,2893
16411.0,884.9399999999999,4,530,0.0,0.0,0.0,884.9399999999999,0.0,0.0,20,4,884.9399999999999,Loyal Customers,409,221.235,15562257.686000017,93.44207319847071,2894
17708.0,884.1800000000001,4,387,0.0,0.0,0.0,884.1800000000001,0.0,0.0,188,4,884.1800000000001,Potential Loyalists,236,221.045,15563141.866000017,93.44738217188238,2895
15907.0,882.72,3,478,0.0,0.0,0.0,882.72,0.0,0.0,4,3,882.72,Loyal Customers,207,294.24,15564024.586000018,93.45268237886508,2896
14359.0,912.1800000000001,3,371,-29.6,3.0,8.0,882.58,1.0,0.03244973579775921,20,3,912.18,Loyal Customers,68,304.06,15564907.166000018,93.4579817452313,2897
16387.0,882.46,5,448,0.0,0.0,0.0,882.46,0.0,0.0,323,5,882.46,At Risk,316,176.49200000000002,15565789.626000019,93.46328039106909,2898
16228.0,885.71,3,555,-4.65,1.0,1.0,881.0600000000001,0.3333333333333333,0.005250025403348726,386,3,885.71,At Risk,15,295.2366666666667,15566670.68600002,93.46857063074212,2899
17143.0,880.97,2,314,0.0,0.0,0.0,880.97,0.0,0.0,418,2,880.97,At Risk,98,440.485,15567551.65600002,93.47386033001884,2900
12680.0,880.81,4,444,0.0,0.0,0.0,880.81,0.0,0.0,1,4,880.81,Loyal Customers,113,220.2025,15568432.46600002,93.479149068591,2901
14141.0,915.13,4,355,-36.1,2.0,18.0,879.03,0.5,0.03944794728617792,3,4,915.13,Loyal Customers,103,228.7825,15569311.49600002,93.48442711932509,2902
14612.0,877.7,1,134,0.0,0.0,0.0,877.7,0.0,0.0,416,1,877.7,Hibernating,0,877.7,15570189.19600002,93.48969718420263,2903
15653.0,877.44,2,1200,0.0,0.0,0.0,877.44,0.0,0.0,93,2,877.44,Needs Attention,23,438.72,15571066.636000019,93.49496568793528,2904
17480.0,882.23,2,581,-5.3100000000000005,1.0,2.0,876.9200000000001,0.5,0.0060188386248483956,78,2,882.23,Potential Loyalists,367,441.115,15571943.556000018,93.50023106937816,2905
15900.0,886.57,4,656,-9.9,1.0,2.0,876.6700000000001,0.25,0.011166630948486866,24,4,886.57,Loyal Customers,539,221.6425,15572820.226000018,93.50549494972019,2906
17864.0,876.57,5,1015,0.0,0.0,0.0,876.57,0.0,0.0,13,5,876.57,Loyal Customers,415,175.31400000000002,15573696.796000019,93.51075822962189,2907
14681.0,875.1500000000001,6,172,0.0,0.0,0.0,875.1500000000001,0.0,0.0,72,6,875.1500000000001,Potential Loyalists,582,145.85833333333335,15574571.94600002,93.51601298327071,2908
16513.0,874.59,4,407,0.0,0.0,0.0,874.59,0.0,0.0,5,4,874.59,Loyal Customers,39,218.6475,15575446.536000019,93.52126437445364,2909
16657.0,874.43,4,1130,0.0,0.0,0.0,874.43,0.0,0.0,10,4,874.43,Loyal Customers,245,218.6075,15576320.966000019,93.52651480493202,2910
17746.0,904.1800000000001,4,688,-30.75,3.0,29.0,873.4300000000001,0.75,0.03400871507885598,241,4,904.18,At Risk,370,226.045,15577194.396000018,93.53175923100697,2911
13166.0,875.93,2,522,-2.5,1.0,2.0,873.43,0.5,0.0028541093466372884,284,2,875.93,Hibernating,131,437.965,15578067.826000018,93.53700365708194,2912
14994.0,946.72,5,568,-74.3,3.0,88.0,872.4200000000001,0.6,0.078481494000338,383,5,946.72,At Risk,241,189.344,15578940.246000018,93.54224201870944,2913
17361.0,871.7900000000001,5,380,0.0,0.0,0.0,871.7900000000001,0.0,0.0,50,5,871.7900000000001,Loyal Customers,627,174.358,15579812.036000017,93.5474765975628,2914
13200.0,870.09,4,516,0.0,0.0,0.0,870.09,0.0,0.0,20,4,870.09,Loyal Customers,107,217.5225,15580682.126000017,93.55270096893035,2915
17566.0,869.77,2,497,0.0,0.0,0.0,869.77,0.0,0.0,9,2,869.77,Loyal Customers,17,434.885,15581551.896000016,93.55792341888882,2916
14753.0,869.51,2,412,0.0,0.0,0.0,869.51,0.0,0.0,88,2,869.51,Needs Attention,373,434.755,15582421.406000016,93.5631443077024,2917
16948.0,868.77,7,2091,0.0,0.0,0.0,868.77,0.0,0.0,139,7,868.77,Potential Loyalists,518,124.11,15583290.176000016,93.56836075325744,2918
16898.0,997.29,5,789,-128.7,1.0,66.0,868.5899999999999,0.2,0.12904972475408355,27,5,997.29,Loyal Customers,550,199.458,15584158.766000016,93.57357611801986,2919
16357.0,868.37,4,389,0.0,0.0,0.0,868.37,0.0,0.0,34,4,868.37,Loyal Customers,348,217.0925,15585027.136000015,93.57879016181354,2920
13937.0,880.13,2,587,-12.75,1.0,1.0,867.38,0.5,0.014486496313044665,170,2,880.13,Needs Attention,233,440.065,15585894.516000016,93.58399826124784,2921
17167.0,867.11,3,429,0.0,0.0,0.0,867.11,0.0,0.0,380,3,867.11,At Risk,66,289.0366666666667,15586761.626000015,93.58920473949323,2922
16567.0,865.6,2,996,0.0,0.0,0.0,865.6,0.0,0.0,195,2,865.6,Hibernating,142,432.8,15587627.226000015,93.59440215108944,2923
14600.0,865.17,2,487,0.0,0.0,0.0,865.17,0.0,0.0,306,2,865.17,Hibernating,88,432.585,15588492.396000015,93.5995969807922,2924
15809.0,1274.44,7,700,-411.56,2.0,51.0,862.8800000000001,0.2857142857142857,0.3229339945387778,37,7,1274.44,Champions,499,182.06285714285715,15589355.276000015,93.60477806041114,2925
18156.0,862.52,2,351,0.0,0.0,0.0,862.52,0.0,0.0,13,2,862.52,Loyal Customers,357,431.26,15590217.796000015,93.60995697844483,2926
12940.0,899.69,2,404,-37.25,2.0,5.0,862.44,1.0,0.04140314997387989,55,2,899.69,New / Promising,33,449.845,15591080.236000014,93.61513541612626,2927
16668.0,862.42,13,773,0.0,0.0,0.0,862.42,0.0,0.0,16,13,862.42,Loyal Customers,616,66.34,15591942.656000014,93.62031373371961,2928
17358.0,861.01,5,430,0.0,0.0,0.0,861.01,0.0,0.0,304,5,861.01,At Risk,350,172.202,15592803.666000014,93.62548358510416,2929
12794.0,860.41,2,592,0.0,0.0,0.0,860.41,0.0,0.0,54,2,860.41,New / Promising,45,430.205,15593664.076000014,93.63064983384666,2930
13339.0,860.12,1,326,0.0,0.0,0.0,860.12,0.0,0.0,201,1,860.12,Hibernating,0,860.12,15594524.196000014,93.63581434131217,2931
13891.0,859.21,3,476,0.0,0.0,0.0,859.21,0.0,0.0,379,3,859.21,At Risk,204,286.40333333333336,15595383.406000014,93.64097338477056,2932
12787.0,862.1800000000001,4,510,-3.0,1.0,1.0,859.1800000000001,0.25,0.003479551833723816,10,4,862.1800000000001,Loyal Customers,404,215.545,15596242.586000014,93.64613224809686,2933
15870.0,857.46,4,504,0.0,0.0,0.0,857.46,0.0,0.0,33,4,857.46,Loyal Customers,414,214.365,15597100.046000015,93.65128078384927,2934
14551.0,878.09,7,486,-21.45,2.0,11.0,856.64,0.2857142857142857,0.02442801990684326,19,7,878.09,Loyal Customers,663,125.44142857142856,15597956.686000016,93.6564243959909,2935
17867.0,1582.0500000000002,15,638,-725.5,5.0,320.0,856.5500000000002,0.3333333333333333,0.4585822192724629,31,15,1582.0500000000002,Champions,707,105.47,15598813.236000016,93.66156746773622,2936
15107.0,940.35,9,356,-84.09,3.0,10.0,856.26,0.3333333333333333,0.08942415058223002,312,9,940.35,At Risk,140,104.48333333333332,15599669.496000016,93.66670879820454,2937
17161.0,856.01,1,537,0.0,0.0,0.0,856.01,0.0,0.0,445,1,856.01,Hibernating,0,856.01,15600525.506000016,93.671848627572,2938
17968.0,855.54,4,503,0.0,0.0,0.0,855.54,0.0,0.0,374,4,855.54,At Risk,139,213.885,15601381.046000015,93.67698563486987,2939
17064.0,855.45,3,316,0.0,0.0,0.0,855.45,0.0,0.0,59,3,855.45,Loyal Customers,269,285.15000000000003,15602236.496000014,93.68212210177143,2940
15287.0,856.03,5,1010,-1.45,1.0,1.0,854.5799999999999,0.2,0.0016938658691868277,23,5,856.03,Loyal Customers,715,171.206,15603091.076000014,93.687253344842,2941
13945.0,854.1500000000001,2,413,0.0,0.0,0.0,854.1500000000001,0.0,0.0,395,2,854.1500000000001,Hibernating,85,427.0750000000001,15603945.226000015,93.69238200601913,2942
14873.0,854.13,2,311,0.0,0.0,0.0,854.13,0.0,0.0,211,2,854.13,Hibernating,423,427.065,15604799.356000016,93.69751054710818,2943
16070.0,852.15,2,457,0.0,0.0,0.0,852.15,0.0,0.0,23,2,852.15,New / Promising,10,426.075,15605651.506000016,93.70262719947847,2944
17674.0,851.7,2,1021,0.0,0.0,0.0,851.7,0.0,0.0,75,2,851.7,Potential Loyalists,294,425.85,15606503.206000015,93.70774114986722,2945
16020.0,851.01,3,487,0.0,0.0,0.0,851.01,0.0,0.0,17,3,851.01,Loyal Customers,49,283.67,15607354.216000015,93.71285095721761,2946
17223.0,850.88,3,219,0.0,0.0,0.0,850.88,0.0,0.0,311,3,850.88,At Risk,65,283.62666666666667,15608205.096000016,93.71795998399556,2947
15244.0,912.08,3,472,-61.900000000000006,1.0,2.0,850.1800000000001,0.3333333333333333,0.06786685378475572,66,3,912.08,Potential Loyalists,601,304.0266666666667,15609055.276000015,93.72306480769112,2948
16677.0,880.62,2,457,-30.85,1.0,3.0,849.77,0.5,0.0350321364493198,412,2,880.62,Hibernating,241,440.31,15609905.046000015,93.72816716958127,2949
12713.0,848.55,1,508,0.0,0.0,0.0,848.55,0.0,0.0,1,1,848.55,New / Promising,0,848.55,15610753.596000016,93.73326220609927,2950
15784.0,848.33,2,381,0.0,0.0,0.0,848.33,0.0,0.0,468,2,848.33,Hibernating,205,424.165,15611601.926000016,93.7383559216485,2951
14202.0,847.76,3,166,0.0,0.0,0.0,847.76,0.0,0.0,382,3,847.76,At Risk,243,282.58666666666664,15612449.686000016,93.7434462146878,2952
13991.0,852.88,6,995,-5.34,1.0,2.0,847.54,0.16666666666666666,0.006261138729950286,13,6,852.88,Loyal Customers,131,142.14666666666668,15613297.226000015,93.74853518675833,2953
13221.0,847.41,2,244,0.0,0.0,0.0,847.41,0.0,0.0,241,2,847.41,Hibernating,119,423.705,15614144.636000015,93.75362337825644,2954
13487.0,846.87,5,362,0.0,0.0,0.0,846.87,0.0,0.0,58,5,846.87,Loyal Customers,677,169.374,15614991.506000014,93.75870832737668,2955
16877.0,846.62,6,458,0.0,0.0,0.0,846.62,0.0,0.0,13,6,846.62,Loyal Customers,196,141.10333333333332,15615838.126000013,93.76379177539607,2956
13970.0,846.55,2,469,0.0,0.0,0.0,846.55,0.0,0.0,387,2,846.55,Hibernating,51,423.275,15616684.676000014,93.76887480310724,2957
14803.0,845.5500000000001,3,370,0.0,0.0,0.0,845.5500000000001,0.0,0.0,163,3,845.5500000000001,Potential Loyalists,130,281.85,15617530.226000015,93.77395182641499,2958
14686.0,852.53,5,457,-7.95,1.0,1.0,844.5799999999999,0.2,0.009325185037476688,415,5,852.53,At Risk,245,170.506,15618374.806000015,93.77902302545142,2959
15264.0,848.4,2,443,-4.2,1.0,2.0,844.1999999999999,0.5,0.0049504950495049506,65,2,848.4,Needs Attention,466,424.2,15619219.006000014,93.78409194281457,2960
14922.0,843.74,2,376,0.0,0.0,0.0,843.74,0.0,0.0,394,2,843.74,Hibernating,114,421.87,15620062.746000014,93.78915809815213,2961
15070.0,843.25,3,375,0.0,0.0,0.0,843.25,0.0,0.0,373,3,843.25,At Risk,352,281.0833333333333,15620905.996000014,93.79422131133201,2962
14342.0,918.44,6,521,-75.70000000000002,3.0,13.0,842.74,0.5,0.08242236836374724,22,6,918.44,Loyal Customers,451,153.07333333333335,15621748.736000014,93.79928146226617,2963
18108.0,848.8100000000001,3,261,-6.35,1.0,2.0,842.46,0.3333333333333333,0.007481061721704503,255,3,848.8100000000001,At Risk,483,282.93666666666667,15622591.196000015,93.80433993196736,2964
16344.0,842.42,4,706,0.0,0.0,0.0,842.42,0.0,0.0,159,4,842.42,Potential Loyalists,510,210.605,15623433.616000015,93.80939816149242,2965
16846.0,842.41,3,517,0.0,0.0,0.0,842.41,0.0,0.0,51,3,842.41,Loyal Customers,589,280.80333333333334,15624276.026000015,93.81445633097344,2966
17638.0,842.4000000000001,2,432,0.0,0.0,0.0,842.4000000000001,0.0,0.0,648,2,842.4000000000001,At Risk,74,421.2000000000001,15625118.426000016,93.81951444041043,2967
16801.0,1594.23,4,493,-751.9,1.0,186.0,842.33,0.25,0.47163834578448527,164,4,1594.23,Potential Loyalists,110,398.5575,15625960.756000016,93.82457212953918,2968
15266.0,852.21,5,236,-10.51,1.0,1.0,841.7,0.2,0.01233264101571209,339,5,852.21,At Risk,363,170.442,15626802.456000015,93.82962603589378,2969
12878.0,854.99,2,547,-13.35,1.0,11.0,841.64,0.5,0.015614217710148657,237,2,854.99,Hibernating,30,427.495,15627644.096000016,93.83467958198418,2970
14862.0,841.2,2,772,0.0,0.0,0.0,841.2,0.0,0.0,26,2,841.2,New / Promising,123,420.6,15628485.296000015,93.83973048613706,2971
14645.0,876.89,3,587,-36.65,1.0,13.0,840.24,0.3333333333333333,0.04179543614364401,157,3,876.89,Potential Loyalists,478,292.2966666666667,15629325.536000015,93.84477562606266,2972
13169.0,840.08,3,296,0.0,0.0,0.0,840.08,0.0,0.0,64,3,840.08,Potential Loyalists,499,280.0266666666667,15630165.616000015,93.84981980528373,2973
13940.0,839.14,4,516,0.0,0.0,0.0,839.14,0.0,0.0,18,4,839.14,Loyal Customers,127,209.785,15631004.756000016,93.85485834036558,2974
18141.0,882.47,2,433,-43.900000000000006,2.0,13.0,838.57,1.0,0.04974673360000907,402,2,882.47,At Risk,188,441.235,15631843.326000016,93.8598934529375,2975
17332.0,838.27,5,794,0.0,0.0,0.0,838.27,0.0,0.0,529,5,838.27,At Risk,128,167.654,15632681.596000016,93.86492676418837,2976
15224.0,871.36,5,443,-34.1,3.0,20.0,837.26,0.6,0.03913422695556372,359,5,871.36,At Risk,335,174.272,15633518.856000016,93.8699540109918,2977
15832.0,836.79,1,465,0.0,0.0,0.0,836.79,0.0,0.0,255,1,836.79,Hibernating,0,836.79,15634355.646000015,93.87497843572564,2978
14929.0,836.69,2,487,0.0,0.0,0.0,836.69,0.0,0.0,33,2,836.69,New / Promising,389,418.345,15635192.336000014,93.88000226001911,2979
13569.0,836.36,4,388,0.0,0.0,0.0,836.36,0.0,0.0,18,4,836.36,Loyal Customers,411,209.09,15636028.696000014,93.88502410285948,2980
13795.0,836.3,4,1250,0.0,0.0,0.0,836.3,0.0,0.0,389,4,836.3,At Risk,249,209.075,15636864.996000014,93.89004558543563,2981
16500.0,843.9100000000001,9,386,-7.95,1.0,1.0,835.96,0.1111111111111111,0.00942043582846512,5,9,843.9100000000001,Loyal Customers,539,93.76777777777778,15637700.956000015,93.89506502651463,2982
13386.0,835.46,2,514,0.0,0.0,0.0,835.46,0.0,0.0,415,2,835.46,Hibernating,23,417.73,15638536.416000016,93.90008146539192,2983
16737.0,835.2,2,576,0.0,0.0,0.0,835.2,0.0,0.0,54,2,835.2,New / Promising,524,417.6,15639371.616000015,93.90509634312431,2984
12525.0,973.73,3,509,-138.54999999999998,5.0,22.0,835.1800000000001,1.6666666666666667,0.14228790321752435,499,3,973.73,At Risk,149,324.57666666666665,15640206.796000015,93.91011110076865,2985
15012.0,834.82,3,467,0.0,0.0,0.0,834.82,0.0,0.0,54,3,834.82,Loyal Customers,523,278.27333333333337,15641041.616000015,93.91512369682773,2986
15190.0,834.4399999999999,1,790,0.0,0.0,0.0,834.4399999999999,0.0,0.0,435,1,834.4399999999999,Hibernating,0,834.4399999999999,15641876.056000015,93.92013401121353,2987
15469.0,874.25,3,287,-39.849999999999994,3.0,7.0,834.4,1.0,0.04558192736631397,51,3,874.25,Loyal Customers,388,291.4166666666667,15642710.456000015,93.92514408542321,2988
16644.0,833.78,2,826,0.0,0.0,0.0,833.78,0.0,0.0,178,2,833.78,Needs Attention,35,416.89,15643544.236000014,93.93015043690276,2989
12903.0,833.5300000000001,1,493,0.0,0.0,0.0,833.5300000000001,0.0,0.0,429,1,833.5300000000001,Hibernating,0,833.5300000000001,15644377.766000014,93.93515528728145,2990
15542.0,855.71,3,418,-22.55,1.0,17.0,833.1600000000001,0.3333333333333333,0.026352385738158957,513,3,855.71,At Risk,225,285.2366666666667,15645210.926000014,93.94015791603087,2991
14372.0,860.08,2,378,-29.9,1.0,2.0,830.1800000000001,0.5,0.03476420798065296,444,2,860.08,Hibernating,156,430.04,15646041.106000014,93.94514265165813,2992
16798.0,841.16,3,205,-11.149999999999999,1.0,2.0,830.01,0.3333333333333333,0.013255504303580768,555,3,841.16,At Risk,175,280.38666666666666,15646871.116000013,93.95012636653681,2993
14851.0,829.41,3,631,0.0,0.0,0.0,829.41,0.0,0.0,24,3,829.41,Loyal Customers,607,276.47,15647700.526000014,93.95510647877343,2994
12730.0,829.25,1,234,0.0,0.0,0.0,829.25,0.0,0.0,522,1,829.25,Hibernating,0,829.25,15648529.776000014,93.9600856303055,2995
12953.0,828.8100000000001,2,364,0.0,0.0,0.0,828.8100000000001,0.0,0.0,10,2,828.8100000000001,New / Promising,513,414.405,15649358.586000014,93.96506213990008,2996
15617.0,828.5500000000001,3,485,0.0,0.0,0.0,828.5500000000001,0.0,0.0,397,3,828.5500000000001,At Risk,111,276.18333333333334,15650187.136000015,93.97003708834978,2997
17003.0,828.21,4,494,0.0,0.0,0.0,828.21,0.0,0.0,403,4,828.21,At Risk,176,207.0525,15651015.346000016,93.9750099953023,2998
13681.0,827.83,4,360,0.0,0.0,0.0,827.83,0.0,0.0,18,4,827.83,Loyal Customers,138,206.9575,15651843.176000016,93.97998062058154,2999
17045.0,827.6800000000001,5,294,0.0,0.0,0.0,827.6800000000001,0.0,0.0,114,5,827.6800000000001,Potential Loyalists,316,165.536,15652670.856000016,93.98495034520025,3000
15945.0,827.27,4,397,0.0,0.0,0.0,827.27,0.0,0.0,366,4,827.27,At Risk,373,206.8175,15653498.126000015,93.98991760801356,3001
16747.0,836.0600000000001,2,583,-9.1,2.0,6.0,826.96,1.0,0.01088438628806545,38,2,836.0600000000001,New / Promising,30,418.03,15654325.086000016,93.99488300946183,3002
12461.0,826.88,2,287,0.0,0.0,0.0,826.88,0.0,0.0,95,2,826.88,Needs Attention,60,413.44,15655151.966000017,93.9998479305578,3003
16494.0,826.53,1,675,0.0,0.0,0.0,826.53,0.0,0.0,297,1,826.53,Hibernating,0,826.53,15655978.496000016,94.0048107501126,3004
17880.0,824.9200000000001,3,466,0.0,0.0,0.0,824.9200000000001,0.0,0.0,365,3,824.9200000000001,At Risk,366,274.97333333333336,15656803.416000016,94.00976390257789,3005
13922.0,865.2,3,467,-40.5,2.0,14.0,824.7,0.6666666666666666,0.04680998613037448,352,3,865.2,At Risk,116,288.40000000000003,15657628.116000015,94.01471573407441,3006
14260.0,824.28,3,544,0.0,0.0,0.0,824.28,0.0,0.0,472,3,824.28,At Risk,77,274.76,15658452.396000015,94.01966504372152,3007
16264.0,823.53,2,616,0.0,0.0,0.0,823.53,0.0,0.0,439,2,823.53,Hibernating,8,411.765,15659275.926000014,94.02460985006606,3008
15847.0,822.57,5,643,0.0,0.0,0.0,822.57,0.0,0.0,39,5,822.57,Loyal Customers,603,164.514,15660098.496000014,94.02954889218333,3009
16680.0,821.45,3,377,0.0,0.0,0.0,821.45,0.0,0.0,44,3,821.45,Loyal Customers,491,273.81666666666666,15660919.946000014,94.03448120936876,3010
16246.0,821.35,2,336,0.0,0.0,0.0,821.35,0.0,0.0,460,2,821.35,Hibernating,210,410.675,15661741.296000013,94.03941292611385,3011
13893.0,821.1,1,190,0.0,0.0,0.0,821.1,0.0,0.0,298,1,821.1,Hibernating,0,821.1,15662562.396000013,94.04434314175809,3012
12891.0,840.5,11,2325,-21.0,1.0,50.0,819.5,0.09090909090909091,0.024985127900059488,186,11,840.5,Potential Loyalists,474,76.4090909090909,15663381.896000013,94.04926375035687,3013
16135.0,819.45,2,395,0.0,0.0,0.0,819.45,0.0,0.0,263,2,819.45,Hibernating,321,409.725,15664201.346000012,94.05418405873547,3014
17683.0,819.01,3,781,0.0,0.0,0.0,819.01,0.0,0.0,386,3,819.01,At Risk,169,273.00333333333333,15665020.356000012,94.05910172517657,3015
15483.0,817.82,10,905,0.0,0.0,0.0,817.82,0.0,0.0,162,10,817.82,Potential Loyalists,523,81.78200000000001,15665838.176000012,94.06401224637763,3016
14890.0,817.25,3,636,0.0,0.0,0.0,817.25,0.0,0.0,254,3,817.25,At Risk,406,272.4166666666667,15666655.426000012,94.06891934506871,3017
18043.0,817.2,3,422,0.0,0.0,0.0,817.2,0.0,0.0,25,3,817.2,Loyal Customers,342,272.40000000000003,15667472.626000011,94.07382614353963,3018
16362.0,922.16,6,467,-105.2,5.0,32.0,816.9599999999999,0.8333333333333334,0.11407998611954542,33,6,922.16,Loyal Customers,405,153.69333333333333,15668289.586000012,94.07873150095375,3019
16943.0,1299.49,5,147,-482.76,2.0,2.0,816.73,0.4,0.3714995883000254,212,5,1299.49,At Risk High Value,413,259.898,15669106.316000013,94.08363547735506,3020
17464.0,907.1400000000001,3,608,-90.6,1.0,60.0,816.5400000000001,0.3333333333333333,0.09987433031285137,159,3,907.14,Potential Loyalists,461,302.38000000000005,15669922.856000012,94.08853831291974,3021
13514.0,815.9000000000001,4,288,0.0,0.0,0.0,815.9000000000001,0.0,0.0,74,4,815.9000000000001,Potential Loyalists,609,203.975,15670738.756000012,94.09343730566621,3022
15399.0,815.77,3,611,0.0,0.0,0.0,815.77,0.0,0.0,2,3,815.77,Loyal Customers,78,271.92333333333335,15671554.526000012,94.09833551784025,3023
14556.0,815.69,3,323,0.0,0.0,0.0,815.69,0.0,0.0,597,3,815.69,At Risk,92,271.8966666666667,15672370.216000011,94.10323324966203,3024
12763.0,814.16,2,512,0.0,0.0,0.0,814.16,0.0,0.0,139,2,814.16,Needs Attention,231,407.08,15673184.376000011,94.10812179474657,3025
14624.0,814.07,6,645,0.0,0.0,0.0,814.07,0.0,0.0,58,6,814.07,Loyal Customers,547,135.67833333333334,15673998.446000012,94.11300979943479,3026
12792.0,827.01,2,394,-13.13,1.0,1.0,813.88,0.5,0.015876470659363248,257,2,827.01,Hibernating,278,413.505,15674812.326000012,94.11789666328639,3027
16621.0,813.48,4,302,0.0,0.0,0.0,813.48,0.0,0.0,52,4,813.48,Loyal Customers,226,203.37,15675625.806000013,94.1227811253766,3028
17194.0,812.5,3,420,0.0,0.0,0.0,812.5,0.0,0.0,274,3,812.5,At Risk,257,270.8333333333333,15676438.306000013,94.1276597031515,3029
16460.0,811.23,3,876,0.0,0.0,0.0,811.23,0.0,0.0,29,3,811.23,Loyal Customers,53,270.41,15677249.536000013,94.13253065533402,3030
15759.0,830.9300000000001,7,523,-19.95,3.0,5.0,810.98,0.42857142857142855,0.02400924265581938,219,7,830.9300000000001,At Risk,519,118.70428571428572,15678060.516000014,94.1374001064157,3031
16624.0,810.57,2,488,0.0,0.0,0.0,810.57,0.0,0.0,81,2,810.57,Needs Attention,117,405.285,15678871.086000014,94.14226709569199,3032
13045.0,808.9200000000001,3,405,0.0,0.0,0.0,808.9200000000001,0.0,0.0,100,3,808.9200000000001,Potential Loyalists,387,269.64000000000004,15679680.006000014,94.14712417770264,3033
13479.0,851.37,4,716,-42.870000000000005,3.0,8.0,808.5,0.75,0.050354135099897813,201,4,851.37,At Risk,277,212.8425,15680488.506000014,94.15197873786386,3034
14437.0,936.34,5,480,-128.9,2.0,7.0,807.44,0.4,0.13766366917999873,366,5,936.34,At Risk,218,187.268,15681295.946000014,94.15682693335742,3035
13637.0,804.3,3,405,0.0,0.0,0.0,804.3,0.0,0.0,53,3,804.3,Loyal Customers,174,268.1,15682100.246000014,94.16165627502431,3036
14508.0,822.92,5,347,-18.85,1.0,13.0,804.0699999999999,0.2,0.022906236329169303,23,5,822.92,Loyal Customers,518,164.584,15682904.316000015,94.1664842356784,3037
16469.0,803.9,5,332,0.0,0.0,0.0,803.9,0.0,0.0,24,5,803.9,Loyal Customers,491,160.78,15683708.216000015,94.1713111755839,3038
15644.0,803.54,4,550,0.0,0.0,0.0,803.54,0.0,0.0,167,4,803.54,Potential Loyalists,95,200.885,15684511.756000014,94.17613595390416,3039
14872.0,816.6,3,662,-13.919999999999998,1.0,48.0,802.6800000000001,0.3333333333333333,0.017046289493019836,484,3,816.6,At Risk,150,272.2,15685314.436000014,94.1809555684375,3040
16164.0,822.48,3,433,-19.95,1.0,1.0,802.53,0.3333333333333333,0.02425590895827254,18,3,822.48,Loyal Customers,25,274.16,15686116.966000013,94.1857742823103,3041
18265.0,801.51,2,311,0.0,0.0,0.0,801.51,0.0,0.0,73,2,801.51,Potential Loyalists,86,400.755,15686918.476000013,94.19058687169165,3042
16127.0,801.3100000000001,2,391,0.0,0.0,0.0,801.3100000000001,0.0,0.0,40,2,801.3100000000001,New / Promising,687,400.655,15687719.786000013,94.1953982601923,3043
12696.0,851.91,2,564,-50.76,1.0,1.0,801.15,0.5,0.05958375884776561,435,2,851.91,Hibernating,74,425.955,15688520.936000014,94.20020868798842,3044
15314.0,820.45,3,750,-19.8,1.0,12.0,800.6500000000001,0.3333333333333333,0.024133097690291913,200,3,820.45,At Risk,229,273.4833333333333,15689321.586000014,94.20501611358283,3045
17023.0,800.1800000000001,3,530,0.0,0.0,0.0,800.1800000000001,0.0,0.0,418,3,800.1800000000001,At Risk,280,266.7266666666667,15690121.766000014,94.20982071710762,3046
13720.0,799.9,4,501,0.0,0.0,0.0,799.9,0.0,0.0,117,4,799.9,Potential Loyalists,138,199.975,15690921.666000014,94.21462363939946,3047
15766.0,831.0600000000001,3,334,-31.4,1.0,4.0,799.6600000000001,0.3333333333333333,0.03778307222101893,65,3,831.0600000000001,Potential Loyalists,618,277.02000000000004,15691721.326000014,94.21942512063448,3048
13041.0,799.13,4,335,0.0,0.0,0.0,799.13,0.0,0.0,451,4,799.13,At Risk,139,199.7825,15692520.456000015,94.2242234195357,3049
16438.0,798.35,5,463,0.0,0.0,0.0,798.35,0.0,0.0,6,5,798.35,Loyal Customers,77,159.67000000000002,15693318.806000015,94.22901703500224,3050
13389.0,797.96,3,429,0.0,0.0,0.0,797.96,0.0,0.0,12,3,797.96,Loyal Customers,221,265.9866666666667,15694116.766000016,94.23380830875146,3051
17281.0,797.85,6,295,0.0,0.0,0.0,797.85,0.0,0.0,375,6,797.85,At Risk,299,132.975,15694914.616000015,94.23859892201631,3052
15637.0,797.59,5,651,0.0,0.0,0.0,797.59,0.0,0.0,53,5,797.59,Loyal Customers,672,159.518,15695712.206000015,94.24338797413625,3053
16869.0,817.12,4,583,-19.8,1.0,4.0,797.32,0.25,0.024231447033483455,23,4,817.12,Loyal Customers,153,204.28,15696509.526000015,94.24817540506729,3054
13513.0,824.59,3,364,-27.6,1.0,12.0,796.99,0.3333333333333333,0.0334711796165367,127,3,824.59,Potential Loyalists,529,274.86333333333334,15697306.516000016,94.2529608545452,3055
15396.0,796.38,2,278,0.0,0.0,0.0,796.38,0.0,0.0,113,2,796.38,Needs Attention,471,398.19,15698102.896000016,94.25774264133702,3056
16952.0,795.83,5,343,0.0,0.0,0.0,795.83,0.0,0.0,110,5,795.83,Potential Loyalists,619,159.166,15698898.726000017,94.26252112570695,3057
13336.0,795.12,1,559,0.0,0.0,0.0,795.12,0.0,0.0,78,1,795.12,Needs Attention,0,795.12,15699693.846000016,94.26729534695046,3058
17212.0,794.41,3,727,0.0,0.0,0.0,794.41,0.0,0.0,254,3,794.41,At Risk,233,264.80333333333334,15700488.256000016,94.27206530506756,3059
13175.0,831.45,2,423,-38.35,2.0,31.0,793.1,1.0,0.04612424078417223,583,2,831.45,Hibernating,153,415.725,15701281.356000016,94.27682739741617,3060
16679.0,793.06,3,276,0.0,0.0,0.0,793.06,0.0,0.0,367,3,793.06,At Risk,181,264.3533333333333,15702074.416000016,94.28158924958865,3061
13296.0,792.51,6,653,0.0,0.0,0.0,792.51,0.0,0.0,138,6,792.51,Potential Loyalists,440,132.085,15702866.926000016,94.28634779933925,3062
14022.0,792.15,2,681,0.0,0.0,0.0,792.15,0.0,0.0,226,2,792.15,Hibernating,261,396.075,15703659.076000016,94.29110418750463,3063
16250.0,791.38,3,376,0.0,0.0,0.0,791.38,0.0,0.0,262,3,791.38,At Risk,125,263.7933333333333,15704450.456000017,94.29585595227937,3064
17251.0,798.98,3,377,-8.7,1.0,2.0,790.28,0.3333333333333333,0.010888883326240956,363,3,798.98,At Risk,362,266.32666666666665,15705240.736000016,94.30060111221036,3065
14656.0,790.0,5,309,0.0,0.0,0.0,790.0,0.0,0.0,170,5,790.0,Potential Loyalists,434,158.0,15706030.736000016,94.30534459090839,3066
13016.0,789.89,3,527,0.0,0.0,0.0,789.89,0.0,0.0,74,3,789.89,Potential Loyalists,50,263.2966666666667,15706820.626000017,94.31008740912205,3067
16472.0,789.6,2,252,0.0,0.0,0.0,789.6,0.0,0.0,435,2,789.6,Hibernating,163,394.8,15707610.226000017,94.31482848605872,3068
15448.0,788.8100000000001,2,487,0.0,0.0,0.0,788.8100000000001,0.0,0.0,313,2,788.8100000000001,Hibernating,362,394.405,15708399.036000017,94.31956481951667,3069
17952.0,788.46,4,477,0.0,0.0,0.0,788.46,0.0,0.0,379,4,788.46,At Risk,163,197.115,15709187.496000018,94.32429905143346,3070
16661.0,932.76,4,364,-144.45,1.0,89.0,788.31,0.25,0.15486298726360478,541,4,932.76,At Risk,182,233.19,15709975.806000018,94.32903238268972,3071
13323.0,787.85,5,175,0.0,0.0,0.0,787.85,0.0,0.0,4,5,787.85,Loyal Customers,81,157.57,15710763.656000018,94.33376295192039,3072
16468.0,787.52,3,371,0.0,0.0,0.0,787.52,0.0,0.0,75,3,787.52,Potential Loyalists,407,262.50666666666666,15711551.176000018,94.33849153969796,3073
14087.0,829.47,3,718,-42.75,2.0,25.0,786.72,0.6666666666666666,0.051538934500343594,3,3,829.47,Loyal Customers,733,276.49,15712337.896000018,94.34321532395279,3074
14463.0,786.5699999999999,4,210,0.0,0.0,0.0,786.5699999999999,0.0,0.0,99,4,786.5699999999999,Potential Loyalists,401,196.6425,15713124.466000019,94.34793820754712,3075
16810.0,842.04,2,372,-55.9,2.0,5.0,786.14,1.0,0.06638639494560829,193,2,842.04,Hibernating,228,421.02,15713910.60600002,94.35265850924796,3076
13770.0,785.37,4,468,0.0,0.0,0.0,785.37,0.0,0.0,423,4,785.37,At Risk,308,196.3425,15714695.976000018,94.35737418755818,3077
15806.0,784.58,3,602,0.0,0.0,0.0,784.58,0.0,0.0,47,3,784.58,Loyal Customers,230,261.5266666666667,15715480.556000018,94.3620851223897,3078
13595.0,784.48,3,341,0.0,0.0,0.0,784.48,0.0,0.0,517,3,784.48,At Risk,130,261.49333333333334,15716265.036000019,94.36679545678088,3079
15714.0,783.96,5,361,0.0,0.0,0.0,783.96,0.0,0.0,12,5,783.96,Loyal Customers,544,156.792,15717048.99600002,94.37150266888227,3080
18248.0,804.02,2,511,-21.0,2.0,10.0,783.02,1.0,0.02611875326484416,123,2,804.02,Potential Loyalists,64,402.01,15717832.01600002,94.37620423684446,3081
12761.0,782.95,2,281,0.0,0.0,0.0,782.95,0.0,0.0,458,2,782.95,Hibernating,7,391.475,15718614.966000019,94.38090538449842,3082
16836.0,782.37,4,539,0.0,0.0,0.0,782.37,0.0,0.0,40,4,782.37,Loyal Customers,535,195.5925,15719397.336000018,94.38560304959837,3083
15952.0,781.91,4,391,0.0,0.0,0.0,781.91,0.0,0.0,34,4,781.91,Loyal Customers,192,195.4775,15720179.246000018,94.39029795267278,3084
17255.0,781.7,4,583,0.0,0.0,0.0,781.7,0.0,0.0,41,4,781.7,Loyal Customers,406,195.425,15720960.946000017,94.39499159482246,3085
13544.0,790.2,6,331,-8.5,1.0,1.0,781.7,0.16666666666666666,0.01075677043786383,40,6,790.2,Loyal Customers,605,131.70000000000002,15721742.646000016,94.39968523697215,3086
17817.0,788.15,6,353,-6.7,1.0,2.0,781.4499999999999,0.16666666666666666,0.008500919875658187,5,6,788.15,Loyal Customers,418,131.35833333333332,15722524.096000016,94.40437737802097,3087
15679.0,781.28,4,1170,0.0,0.0,0.0,781.28,0.0,0.0,25,4,781.28,Loyal Customers,158,195.32,15723305.376000015,94.40906849832122,3088
16155.0,796.9,5,495,-15.85,1.0,13.0,781.05,0.2,0.01988957209185594,382,5,796.9,At Risk,158,159.38,15724086.426000016,94.41375823760868,3089
15246.0,780.4,3,359,0.0,0.0,0.0,780.4,0.0,0.0,239,3,780.4,At Risk,317,260.1333333333333,15724866.826000016,94.41844407403393,3090
15973.0,988.44,3,301,-208.04999999999998,2.0,19.0,780.3900000000001,0.6666666666666666,0.21048318562583462,367,3,988.44,At Risk,63,329.48,15725647.216000017,94.42312985041514,3091
12735.0,779.5699999999999,2,368,0.0,0.0,0.0,779.5699999999999,0.0,0.0,316,2,779.5699999999999,Hibernating,22,389.785,15726426.786000017,94.42781070318554,3092
13212.0,786.83,3,309,-7.5,1.0,1.0,779.33,0.3333333333333333,0.009531919220161915,20,3,786.83,Loyal Customers,42,262.2766666666667,15727206.116000017,94.43249011489914,3093
14815.0,778.5,2,744,0.0,0.0,0.0,778.5,0.0,0.0,37,2,778.5,New / Promising,31,389.25,15727984.616000017,94.4371645429579,3094
16958.0,778.49,1,514,0.0,0.0,0.0,778.49,0.0,0.0,436,1,778.49,Hibernating,0,778.49,15728763.106000017,94.4418389109726,3095
13612.0,818.29,1,444,-40.5,1.0,6.0,777.79,1.0,0.04949345586528004,633,1,818.29,Hibernating,0,818.29,15729540.896000016,94.44650907590494,3096
12791.0,1056.1100000000001,6,450,-278.36,2.0,2.0,777.7500000000001,0.3333333333333333,0.2635710295329085,374,6,1056.11,At Risk,251,176.01833333333337,15730318.646000016,94.45117900066113,3097
13965.0,996.61,3,425,-218.95,2.0,23.0,777.6600000000001,0.6666666666666666,0.21969476525421178,477,3,996.61,At Risk,227,332.2033333333333,15731096.306000017,94.45584838502101,3098
16505.0,777.6,1,576,0.0,0.0,0.0,777.6,0.0,0.0,32,1,777.6,New / Promising,0,777.6,15731873.906000016,94.46051740911669,3099
13563.0,777.53,2,209,0.0,0.0,0.0,777.53,0.0,0.0,85,2,777.53,Needs Attention,56,388.765,15732651.436000016,94.46518601290414,3100
15837.0,777.01,2,405,0.0,0.0,0.0,777.01,0.0,0.0,65,2,777.01,Needs Attention,421,388.505,15733428.446000015,94.46985149440181,3101
15794.0,777.0,2,288,0.0,0.0,0.0,777.0,0.0,0.0,737,2,777.0,Hibernating,1,388.5,15734205.446000015,94.47451691585543,3102
15743.0,775.96,4,214,0.0,0.0,0.0,775.96,0.0,0.0,17,4,775.96,Loyal Customers,168,193.99,15734981.406000016,94.47917609272952,3103
13341.0,775.85,1,301,0.0,0.0,0.0,775.85,0.0,0.0,261,1,775.85,Hibernating,0,775.85,15735757.256000016,94.48383460911923,3104
17482.0,775.64,2,240,0.0,0.0,0.0,775.64,0.0,0.0,488,2,775.64,At Risk,91,387.82,15736532.896000016,94.4884918645842,3105
15921.0,775.26,4,335,0.0,0.0,0.0,775.26,0.0,0.0,173,4,775.26,Potential Loyalists,468,193.815,15737308.156000016,94.49314683837589,3106
15414.0,774.9000000000001,3,443,0.0,0.0,0.0,774.9000000000001,0.0,0.0,10,3,774.9000000000001,Loyal Customers,233,258.3,15738083.056000017,94.49779965058237,3107
13502.0,780.5,5,490,-5.9,1.0,2.0,774.6,0.2,0.007559256886611147,17,5,780.5,Loyal Customers,532,156.1,15738857.656000016,94.50245066146779,3108
15773.0,774.52,2,410,0.0,0.0,0.0,774.52,0.0,0.0,6,2,774.52,New / Promising,404,387.26,15739632.176000016,94.50710119200096,3109
18058.0,774.06,3,394,0.0,0.0,0.0,774.06,0.0,0.0,10,3,774.06,Loyal Customers,658,258.02,15740406.236000016,94.51174896050854,3110
18112.0,773.36,4,443,0.0,0.0,0.0,773.36,0.0,0.0,13,4,773.36,Loyal Customers,539,193.34,15741179.596000016,94.51639252593374,3111
15092.0,776.46,3,230,-3.3,1.0,2.0,773.1600000000001,0.3333333333333333,0.004250057955335754,216,3,776.46,At Risk,247,258.82,15741952.756000016,94.52103489047826,3112
15075.0,773.03,1,447,0.0,0.0,0.0,773.03,0.0,0.0,78,1,773.03,Needs Attention,0,773.03,15742725.786000015,94.52567647445032,3113
16961.0,794.56,3,482,-21.549999999999997,3.0,3.0,773.01,1.0,0.027121929118002416,117,3,794.56,Potential Loyalists,416,264.8533333333333,15743498.796000015,94.53031793833433,3114
16759.0,789.79,3,609,-16.95,1.0,1.0,772.8399999999999,0.3333333333333333,0.021461401131946466,8,3,789.79,Loyal Customers,23,263.2633333333333,15744271.636000015,94.53495838146976,3115
17349.0,772.41,5,772,0.0,0.0,0.0,772.41,0.0,0.0,180,5,772.41,Potential Loyalists,452,154.482,15745044.046000015,94.53959624271171,3116
16739.0,786.4300000000001,2,391,-14.2,2.0,4.0,772.23,1.0,0.018056279643452054,177,2,786.4300000000001,Needs Attention,360,393.215,15745816.276000015,94.54423302316106,3117
14997.0,776.6,4,1408,-5.22,1.0,18.0,771.38,0.25,0.006721607004893123,47,4,776.6,Loyal Customers,609,194.15,15746587.656000016,94.54886469986751,3118
14513.0,788.01,6,593,-17.1,1.0,6.0,770.91,0.16666666666666666,0.021700232230555453,101,6,788.01,Potential Loyalists,468,131.335,15747358.566000016,94.55349355450433,3119
13781.0,778.83,3,300,-7.95,1.0,1.0,770.88,0.3333333333333333,0.010207619120989176,251,3,778.83,At Risk,471,259.61,15748129.446000017,94.55812222900907,3120
12923.0,770.42,3,230,0.0,0.0,0.0,770.42,0.0,0.0,65,3,770.42,Potential Loyalists,511,256.8066666666667,15748899.866000017,94.56274814148823,3121
14838.0,769.9200000000001,2,361,0.0,0.0,0.0,769.9200000000001,0.0,0.0,424,2,769.9200000000001,Hibernating,313,384.96,15749669.786000017,94.56737105176568,3122
17691.0,780.0500000000001,4,373,-10.2,1.0,12.0,769.85,0.25,0.013076084866354719,359,4,780.0500000000001,At Risk,188,195.0125,15750439.636000017,94.57199354173488,3123
12965.0,769.8100000000001,1,282,0.0,0.0,0.0,769.8100000000001,0.0,0.0,90,1,769.8100000000001,Needs Attention,0,769.8100000000001,15751209.446000017,94.57661579152797,3124
12628.0,786.46,3,448,-16.85,1.0,3.0,769.61,0.3333333333333333,0.021425120158685758,5,3,786.46,Loyal Customers,60,262.15333333333336,15751979.056000017,94.58123684044037,3125
16480.0,769.29,1,455,0.0,0.0,0.0,769.29,0.0,0.0,76,1,769.29,Needs Attention,0,769.29,15752748.346000016,94.58585596794366,3126
18228.0,779.9,2,238,-10.7,1.0,2.0,769.1999999999999,0.5,0.013719707654827542,57,2,779.9,Loyal Customers,23,389.95,15753517.546000015,94.59047455505065,3127
16978.0,768.88,3,285,0.0,0.0,0.0,768.88,0.0,0.0,78,3,768.88,Potential Loyalists,589,256.2933333333333,15754286.426000016,94.59509122074856,3128
13356.0,768.24,1,325,0.0,0.0,0.0,768.24,0.0,0.0,81,1,768.24,Needs Attention,0,768.24,15755054.666000016,94.59970404362826,3129
12440.0,859.2,2,331,-91.05,1.0,23.0,768.1500000000001,0.5,0.10597067039106145,463,2,859.2,Hibernating,255,429.6,15755822.816000016,94.60431632611169,3130
17801.0,770.03,3,820,-2.55,1.0,3.0,767.48,0.3333333333333333,0.0033115592898977963,452,3,770.03,At Risk,240,256.6766666666667,15756590.296000017,94.6089245856448,3131
13484.0,790.72,3,224,-23.4,1.0,12.0,767.32,0.3333333333333333,0.02959328207203561,242,3,790.72,At Risk,398,263.5733333333333,15757357.616000017,94.61353188447336,3132
13712.0,766.42,2,1128,0.0,0.0,0.0,766.42,0.0,0.0,247,2,766.42,Hibernating,364,383.21,15758124.036000017,94.61813377933888,3133
14976.0,790.86,7,234,-25.0,1.0,4.0,765.86,0.14285714285714285,0.031611157474142074,58,7,790.86,Loyal Customers,269,112.98,15758889.896000016,94.62273231173846,3134
12991.0,764.82,3,483,0.0,0.0,0.0,764.82,0.0,0.0,24,3,764.82,Loyal Customers,366,254.94000000000003,15759654.716000017,94.62732459955849,3135
14690.0,777.6800000000001,4,341,-13.090000000000002,1.0,7.0,764.59,0.25,0.016832116037444708,45,4,777.6800000000001,Loyal Customers,366,194.42,15760419.306000017,94.63191550636574,3136
14413.0,764.52,4,277,0.0,0.0,0.0,764.52,0.0,0.0,363,4,764.52,At Risk,327,191.13,15761183.826000016,94.63650599286474,3137
15239.0,780.59,2,594,-16.25,1.0,3.0,764.34,0.5,0.02081758669724183,11,2,780.59,New / Promising,68,390.295,15761948.166000016,94.64109539857114,3138
17466.0,763.28,2,306,0.0,0.0,0.0,763.28,0.0,0.0,11,2,763.28,Loyal Customers,68,381.64,15762711.446000015,94.64567843960991,3139
15428.0,762.75,4,347,0.0,0.0,0.0,762.75,0.0,0.0,16,4,762.75,Loyal Customers,707,190.6875,15763474.196000015,94.65025829831487,3140
16806.0,762.16,4,356,0.0,0.0,0.0,762.16,0.0,0.0,104,4,762.16,Potential Loyalists,136,190.54,15764236.356000016,94.65483461442183,3141
13745.0,777.36,2,1146,-16.09,2.0,25.0,761.27,1.0,0.020698260780076156,163,2,777.36,Needs Attention,384,388.68,15764997.626000015,94.65940558660974,3142
15066.0,893.59,1,317,-133.0,1.0,38.0,760.59,1.0,0.14883783390593,54,1,893.59,New / Promising,0,893.59,15765758.216000015,94.66397247580332,3143
17425.0,759.1700000000001,2,407,0.0,0.0,0.0,759.1700000000001,0.0,0.0,20,2,759.1700000000001,Loyal Customers,41,379.585,15766517.386000015,94.66853083874406,3144
17495.0,806.72,3,367,-47.65,1.0,9.0,759.07,0.3333333333333333,0.0590663427211424,8,3,806.72,Loyal Customers,383,268.9066666666667,15767276.456000015,94.67308860124446,3145
13453.0,781.69,3,341,-22.7,2.0,2.0,758.99,0.6666666666666666,0.029039644872008084,166,3,781.69,Potential Loyalists,237,260.56333333333333,15768035.446000015,94.67764588339259,3146
18246.0,758.8199999999999,3,214,0.0,0.0,0.0,758.8199999999999,0.0,0.0,24,3,758.8199999999999,Loyal Customers,586,252.94,15768794.266000016,94.68220214479213,3147
15908.0,758.62,2,173,0.0,0.0,0.0,758.62,0.0,0.0,491,2,758.62,Hibernating,22,379.31,15769552.886000015,94.68675720531098,3148
15568.0,758.29,3,461,0.0,0.0,0.0,758.29,0.0,0.0,3,3,758.29,Loyal Customers,71,252.7633333333333,15770311.176000014,94.69131028437671,3149
13768.0,875.97,2,373,-117.9,6.0,16.0,758.07,3.0,0.13459365046748176,727,2,875.97,Hibernating,4,437.985,15771069.246000014,94.69586204247369,3150
15006.0,757.78,2,387,0.0,0.0,0.0,757.78,0.0,0.0,52,2,757.78,New / Promising,402,378.89,15771827.026000014,94.70041205929368,3151
16392.0,756.7,3,604,0.0,0.0,0.0,756.7,0.0,0.0,270,3,756.7,At Risk,292,252.23333333333332,15772583.726000013,94.70495559135797,3152
14883.0,761.59,6,790,-4.95,1.0,1.0,756.64,0.16666666666666666,0.006499560130779028,19,6,761.59,Loyal Customers,193,126.93166666666669,15773340.366000013,94.70949876315808,3153
14037.0,836.95,6,590,-81.0,1.0,27.0,755.95,0.16666666666666666,0.0967799749088954,177,6,836.95,Potential Loyalists,556,139.49166666666667,15774096.316000013,94.71403779191981,3154
15331.0,767.91,3,701,-12.5,1.0,4.0,755.41,0.3333333333333333,0.016277949238843094,500,3,767.91,At Risk,110,255.97,15774851.726000013,94.7185735783037,3155
18104.0,754.64,1,362,0.0,0.0,0.0,754.64,0.0,0.0,38,1,754.64,New / Promising,0,754.64,15775606.366000013,94.72310474129698,3156
18034.0,754.2,3,951,0.0,0.0,0.0,754.2,0.0,0.0,22,3,754.2,Loyal Customers,354,251.4,15776360.566000013,94.72763326235274,3157
14234.0,754.12,4,951,0.0,0.0,0.0,754.12,0.0,0.0,23,4,754.12,Loyal Customers,35,188.53,15777114.686000012,94.73216130305623,3158
14998.0,753.18,4,352,0.0,0.0,0.0,753.18,0.0,0.0,171,4,753.18,Potential Loyalists,435,188.295,15777867.866000012,94.7366836996205,3159
13730.0,752.6,2,488,0.0,0.0,0.0,752.6,0.0,0.0,136,2,752.6,Needs Attention,26,376.3,15778620.466000011,94.7412026136308,3160
14247.0,753.56,5,378,-2.95,1.0,1.0,750.6099999999999,0.2,0.003914751313764001,279,5,753.56,At Risk,273,150.712,15779371.07600001,94.74570957887832,3161
13598.0,761.96,5,393,-12.75,1.0,1.0,749.21,0.2,0.016733161845766183,48,5,761.96,Loyal Customers,604,152.392,15780120.286000011,94.75020813796104,3162
14923.0,749.1,1,418,0.0,0.0,0.0,749.1,0.0,0.0,51,1,749.1,New / Promising,0,749.1,15780869.386000011,94.75470603655938,3163
16972.0,749.0,2,183,0.0,0.0,0.0,749.0,0.0,0.0,383,2,749.0,At Risk,74,374.5,15781618.386000011,94.75920333471738,3164
14912.0,1889.25,6,1819,-1140.67,5.0,16.0,748.5799999999999,0.8333333333333334,0.6037686912796083,17,6,1889.25,Champions,666,314.875,15782366.966000011,94.76369811102596,3165
15656.0,748.5,4,343,0.0,0.0,0.0,748.5,0.0,0.0,46,4,748.5,Loyal Customers,239,187.125,15783115.466000011,94.76819240698225,3166
15137.0,823.4,2,596,-75.85,3.0,89.0,747.55,1.5,0.09211804712169054,521,2,823.4,Hibernating,160,411.7,15783863.016000012,94.7726809987553,3167
15618.0,776.851,4,454,-29.82,1.0,26.0,747.031,0.25,0.038385739350274374,33,4,776.851,Loyal Customers,104,194.21275,15784610.047000011,94.77716647424299,3168
15533.0,807.57,3,289,-60.65,2.0,33.0,746.9200000000001,0.6666666666666666,0.07510184875614496,20,3,807.57,Loyal Customers,70,269.19,15785356.967000011,94.7816512832419,3169
17387.0,746.81,2,522,0.0,0.0,0.0,746.81,0.0,0.0,20,2,746.81,Loyal Customers,14,373.405,15786103.777000012,94.78613543175642,3170
17889.0,746.42,7,403,0.0,0.0,0.0,746.42,0.0,0.0,213,7,746.42,At Risk,406,106.63142857142856,15786850.197000012,94.79061723855362,3171
14050.0,746.36,2,689,0.0,0.0,0.0,746.36,0.0,0.0,32,2,746.36,New / Promising,75,373.18,15787596.557000011,94.7950986850866,3172
14228.0,745.5,3,260,0.0,0.0,0.0,745.5,0.0,0.0,438,3,745.5,At Risk,109,248.5,15788342.057000011,94.79957496783265,3173
17579.0,753.28,4,375,-8.7,1.0,2.0,744.5799999999999,0.25,0.011549490229396771,5,4,753.28,Loyal Customers,574,188.32,15789086.637000011,94.80404572652756,3174
12871.0,744.02,3,484,0.0,0.0,0.0,744.02,0.0,0.0,85,3,744.02,Potential Loyalists,355,248.00666666666663,15789830.65700001,94.80851312275657,3175
13070.0,751.7,4,372,-7.8,1.0,4.0,743.9000000000001,0.25,0.010376479978714912,193,4,751.7,At Risk,540,187.925,15790574.557000011,94.81297979845715,3176
14104.0,743.53,5,496,0.0,0.0,0.0,743.53,0.0,0.0,155,5,743.53,Potential Loyalists,406,148.706,15791318.08700001,94.81744425252847,3177
13354.0,743.53,1,604,0.0,0.0,0.0,743.53,0.0,0.0,72,1,743.53,Needs Attention,0,743.53,15792061.61700001,94.82190870659979,3178
17038.0,743.17,2,535,0.0,0.0,0.0,743.17,0.0,0.0,31,2,743.17,Loyal Customers,385,371.585,15792804.78700001,94.82637099908588,3179
15420.0,743.0,6,844,0.0,0.0,0.0,743.0,0.0,0.0,435,6,743.0,At Risk,300,123.83333333333331,15793547.78700001,94.8308322708234,3180
14302.0,742.9000000000001,3,298,0.0,0.0,0.0,742.9000000000001,0.0,0.0,431,3,742.9000000000001,At Risk,307,247.63333333333333,15794290.68700001,94.83529294212057,3181
18275.0,741.85,2,417,0.0,0.0,0.0,741.85,0.0,0.0,579,2,741.85,At Risk,153,370.925,15795032.53700001,94.83974730879416,3182
13721.0,741.54,2,512,0.0,0.0,0.0,741.54,0.0,0.0,37,2,741.54,New / Promising,359,370.77,15795774.077000009,94.84419981410268,3183
13713.0,740.76,3,284,0.0,0.0,0.0,740.76,0.0,0.0,409,3,740.76,At Risk,175,246.92,15796514.837000009,94.84864763597655,3184
15831.0,794.64,3,1092,-54.0,1.0,8.0,740.64,0.3333333333333333,0.06795530051344005,59,3,794.64,Loyal Customers,266,264.88,15797255.47700001,94.853094737322,3185
15919.0,739.77,2,560,0.0,0.0,0.0,739.77,0.0,0.0,20,2,739.77,New / Promising,349,369.885,15797995.247000009,94.85753661483648,3186
17114.0,801.12,8,215,-61.4,2.0,9.0,739.72,0.25,0.07664270021969243,6,8,801.12,Loyal Customers,329,100.14,15798734.96700001,94.8619781921308,3187
15720.0,739.22,2,327,0.0,0.0,0.0,739.22,0.0,0.0,25,2,739.22,New / Promising,526,369.61,15799474.18700001,94.8664167672234,3188
12603.0,739.1999999999999,1,63,0.0,0.0,0.0,739.1999999999999,0.0,0.0,22,1,739.1999999999999,New / Promising,0,739.1999999999999,15800213.38700001,94.87085522222793,3189
15988.0,738.89,3,476,0.0,0.0,0.0,738.89,0.0,0.0,20,3,738.89,Loyal Customers,637,246.29666666666665,15800952.27700001,94.87529181586743,3190
12632.0,804.88,2,694,-66.0,2.0,26.0,738.88,1.0,0.08199980121260313,521,2,804.88,Hibernating,44,402.44,15801691.15700001,94.87972834946287,3191
15462.0,737.05,4,495,0.0,0.0,0.0,737.05,0.0,0.0,95,4,737.05,Potential Loyalists,351,184.2625,15802428.207000012,94.88415389500007,3192
17461.0,735.82,3,770,0.0,0.0,0.0,735.82,0.0,0.0,23,3,735.82,Loyal Customers,7,245.2733333333333,15803164.027000012,94.88857205512106,3193
18190.0,745.62,5,490,-9.95,1.0,1.0,735.67,0.2,0.013344599125559936,193,5,745.62,At Risk,525,149.124,15803899.697000012,94.89298931458154,3194
12527.0,735.51,5,526,0.0,0.0,0.0,735.51,0.0,0.0,82,5,735.51,Potential Loyalists,448,147.102,15804635.207000012,94.89740561333747,3195
17430.0,735.17,4,515,0.0,0.0,0.0,735.17,0.0,0.0,33,4,735.17,Loyal Customers,447,183.7925,15805370.377000012,94.90181987059626,3196
13286.0,734.91,1,274,0.0,0.0,0.0,734.91,0.0,0.0,601,1,734.91,Hibernating,0,734.91,15806105.287000012,94.90623256671013,3197
15938.0,734.8100000000001,9,449,0.0,0.0,0.0,734.8100000000001,0.0,0.0,113,9,734.8100000000001,Potential Loyalists,444,81.64555555555556,15806840.097000012,94.91064466238367,3198
12465.0,742.19,2,479,-8.3,1.0,4.0,733.8900000000001,0.5,0.011183120225279241,18,2,742.19,New / Promising,152,371.095,15807573.987000013,94.91505123400609,3199
12537.0,732.94,1,449,0.0,0.0,0.0,732.94,0.0,0.0,409,1,732.94,Hibernating,0,732.94,15808306.927000012,94.91945210144523,3200
13780.0,732.07,3,479,0.0,0.0,0.0,732.07,0.0,0.0,8,3,732.07,Loyal Customers,400,244.0233333333333,15809038.997000013,94.92384774505342,3201
13575.0,732.07,5,449,0.0,0.0,0.0,732.07,0.0,0.0,24,5,732.07,Loyal Customers,153,146.41400000000002,15809771.067000013,94.92824338866161,3202
14778.0,730.86,2,306,0.0,0.0,0.0,730.86,0.0,0.0,128,2,730.86,Needs Attention,181,365.43,15810501.927000012,94.93263176694167,3203
13452.0,729.8,3,6,0.0,0.0,0.0,729.8,0.0,0.0,260,3,729.8,At Risk,213,243.26666666666665,15811231.727000013,94.9370137805541,3204
12925.0,729.33,3,649,0.0,0.0,0.0,729.33,0.0,0.0,5,3,729.33,Loyal Customers,588,243.11,15811961.057000013,94.94139297209692,3205
15872.0,729.25,4,467,0.0,0.0,0.0,729.25,0.0,0.0,15,4,729.25,Loyal Customers,536,182.3125,15812690.307000013,94.94577168328749,3206
17756.0,728.75,3,399,0.0,0.0,0.0,728.75,0.0,0.0,376,3,728.75,At Risk,19,242.91666666666663,15813419.057000013,94.95014739227634,3207
13950.0,745.0600000000001,4,323,-16.5,1.0,2.0,728.5600000000001,0.25,0.022145867446917024,12,4,745.0600000000001,Loyal Customers,235,186.265,15814147.617000014,94.95452196042852,3208
12786.0,728.5000000000001,1,324,0.0,0.0,0.0,728.5000000000001,0.0,0.0,610,1,728.5000000000001,Hibernating,0,728.5000000000001,15814876.117000014,94.95889616831651,3209
17141.0,727.58,4,423,0.0,0.0,0.0,727.58,0.0,0.0,419,4,727.58,At Risk,266,181.895,15815603.697000014,94.96326485215337,3210
13236.0,744.85,2,416,-17.58,1.0,5.0,727.27,0.5,0.02360206753037524,25,2,744.85,New / Promising,82,372.425,15816330.967000013,94.96763167462517,3211
15922.0,739.0,1,276,-11.8,1.0,4.0,727.2,1.0,0.015967523680649527,374,1,739.0,Hibernating,0,739.0,15817058.167000012,94.97199807678871,3212
16447.0,727.1,3,315,0.0,0.0,0.0,727.1,0.0,0.0,136,3,727.1,Potential Loyalists,525,242.36666666666667,15817785.267000012,94.97636387851193,3213
16075.0,736.9300000000001,2,271,-9.95,1.0,1.0,726.98,0.5,0.013501960837528665,503,2,736.9300000000001,Hibernating,62,368.465,15818512.247000013,94.98072895970672,3214
16465.0,746.24,2,504,-19.9,1.0,2.0,726.34,0.5,0.026667024013722125,421,2,746.24,Hibernating,24,373.12,15819238.587000012,94.98509019808334,3215
16892.0,754.75,7,367,-28.7,2.0,4.0,726.05,0.2857142857142857,0.038025836369658825,2,7,754.75,Loyal Customers,730,107.82142857142856,15819964.637000013,94.98944969518297,3216
18078.0,725.53,4,370,0.0,0.0,0.0,725.53,0.0,0.0,218,4,725.53,At Risk,411,181.3825,15820690.167000012,94.99380606999283,3217
12797.0,806.11,2,333,-80.65,4.0,43.0,725.46,2.0,0.10004838049397725,366,2,806.11,Hibernating,59,403.055,15821415.627000013,94.99816202449443,3218
12723.0,725.07,5,434,0.0,0.0,0.0,725.07,0.0,0.0,4,5,725.07,Loyal Customers,62,145.014,15822140.697000014,95.00251563727872,3219
17964.0,724.97,2,489,0.0,0.0,0.0,724.97,0.0,0.0,32,2,724.97,Loyal Customers,341,362.485,15822865.667000014,95.00686864962266,3220
17572.0,723.0100000000001,10,351,0.0,0.0,0.0,723.0100000000001,0.0,0.0,72,10,723.0100000000001,Potential Loyalists,653,72.30100000000002,15823588.677000014,95.0112098933359,3221
15368.0,722.74,2,406,0.0,0.0,0.0,722.74,0.0,0.0,22,2,722.74,New / Promising,373,361.37,15824311.417000014,95.01554951586022,3222
16924.0,829.89,3,467,-107.25,1.0,13.0,722.64,0.3333333333333333,0.12923399486678958,22,3,829.89,Loyal Customers,63,276.63,15825034.057000015,95.01988853794421,3223
13264.0,722.5600000000001,1,375,0.0,0.0,0.0,722.5600000000001,0.0,0.0,443,1,722.5600000000001,Hibernating,0,722.5600000000001,15825756.617000015,95.02422707967591,3224
13980.0,768.8199999999999,5,463,-46.8,4.0,6.0,722.02,0.8,0.0608725059181603,61,5,768.8199999999999,Potential Loyalists,596,153.76399999999998,15826478.637000015,95.02856237902978,3225
18247.0,839.73,3,335,-118.30000000000001,3.0,30.0,721.4300000000001,1.0,0.14087861574553726,415,3,839.73,At Risk,217,279.91,15827200.067000015,95.03289413578563,3226
13441.0,720.9,2,520,0.0,0.0,0.0,720.9,0.0,0.0,92,2,720.9,Needs Attention,340,360.45,15827920.967000015,95.03722271020767,3227
13921.0,730.7,4,210,-9.95,1.0,1.0,720.75,0.25,0.013617079512795947,403,4,730.7,At Risk,319,182.675,15828641.717000015,95.04155038396918,3228
16023.0,719.81,3,358,0.0,0.0,0.0,719.81,0.0,0.0,47,3,719.81,Loyal Customers,220,239.93666666666664,15829361.527000016,95.0458724135915,3229
17999.0,718.8,3,380,0.0,0.0,0.0,718.8,0.0,0.0,38,3,718.8,Loyal Customers,341,239.6,15830080.327000016,95.05018837876638,3230
13541.0,785.25,2,279,-67.35000000000001,1.0,13.0,717.9,0.5,0.08576886341929323,428,2,785.25,Hibernating,143,392.625,15830798.227000017,95.05449893997817,3231
13537.0,717.85,2,337,0.0,0.0,0.0,717.85,0.0,0.0,426,2,717.85,Hibernating,26,358.925,15831516.077000016,95.05880920096979,3232
12573.0,717.41,5,479,0.0,0.0,0.0,717.41,0.0,0.0,228,5,717.41,At Risk,238,143.482,15832233.487000016,95.06311682002391,3233
16526.0,717.21,2,279,0.0,0.0,0.0,717.21,0.0,0.0,172,2,717.21,Needs Attention,413,358.605,15832950.697000017,95.06742323819735,3234
15274.0,716.57,2,619,0.0,0.0,0.0,716.57,0.0,0.0,5,2,716.57,New / Promising,14,358.285,15833667.267000018,95.0717258135526,3235
12535.0,716.35,2,219,0.0,0.0,0.0,716.35,0.0,0.0,92,2,716.35,Needs Attention,95,358.175,15834383.617000017,95.0760270679391,3236
15309.0,797.96,4,440,-82.43,6.0,23.0,715.53,1.5,0.103300917339215,611,4,797.96,At Risk,125,199.49,15835099.147000017,95.0803233987148,3237
18133.0,931.5,1,1350,-216.0,1.0,1350.0,715.5,1.0,0.2318840579710145,213,1,931.5,Hibernating,0,931.5,15835814.647000017,95.08461954935838,3238
12492.0,715.21,3,444,0.0,0.0,0.0,715.21,0.0,0.0,64,3,715.21,Potential Loyalists,340,238.4033333333333,15836529.857000018,95.088913958725,3239
14798.0,724.31,8,601,-9.2,1.0,2.0,715.1099999999999,0.125,0.012701743728514034,53,8,724.31,Loyal Customers,596,90.53875,15837244.967000017,95.09320776765125,3240
15330.0,714.9599999999999,2,1312,0.0,0.0,0.0,714.9599999999999,0.0,0.0,33,2,714.9599999999999,New / Promising,28,357.48,15837959.927000018,95.09750067591702,3241
16269.0,717.57,1,579,-2.98,1.0,2.0,714.59,1.0,0.004152904943071756,438,1,717.57,Hibernating,0,717.57,15838674.517000018,95.1017913625535,3242
17615.0,721.8000000000001,6,378,-7.5,1.0,6.0,714.3000000000001,0.16666666666666666,0.010390689941812135,131,6,721.8000000000001,Potential Loyalists,355,120.3,15839388.817000018,95.106080307913,3243
14048.0,748.69,3,467,-34.8,1.0,14.0,713.8900000000001,0.3333333333333333,0.04648118714020488,306,3,748.69,At Risk,77,249.56333333333336,15840102.707000019,95.1103667914671,3244
13512.0,713.39,4,419,0.0,0.0,0.0,713.39,0.0,0.0,261,4,713.39,At Risk,323,178.3475,15840816.09700002,95.1146502728195,3245
13604.0,717.62,1,242,-4.23,1.0,3.0,713.39,1.0,0.005894484546138626,659,1,717.62,Hibernating,0,717.62,15841529.48700002,95.11893375417189,3246
14026.0,713.11,2,427,0.0,0.0,0.0,713.11,0.0,0.0,471,2,713.11,Hibernating,155,356.555,15842242.59700002,95.12321555429132,3247
13147.0,712.8,4,144,0.0,0.0,0.0,712.8,0.0,0.0,11,4,712.8,Loyal Customers,89,178.2,15842955.39700002,95.1274954930457,3248
17761.0,712.78,1,398,0.0,0.0,0.0,712.78,0.0,0.0,33,1,712.78,New / Promising,0,712.78,15843668.17700002,95.13177531171199,3249
17979.0,732.41,4,383,-19.9,1.0,2.0,712.51,0.25,0.027170573858904166,36,4,732.41,Loyal Customers,224,183.1025,15844380.68700002,95.13605350918938,3250
14470.0,712.04,3,282,0.0,0.0,0.0,712.04,0.0,0.0,12,3,712.04,Loyal Customers,419,237.34666666666664,15845092.727000019,95.14032888459715,3251
16602.0,763.33,2,429,-51.7,3.0,23.0,711.63,1.5,0.06772955340416334,37,2,763.33,New / Promising,352,381.665,15845804.35700002,95.14460179819953,3252
15127.0,711.5,2,464,0.0,0.0,0.0,711.5,0.0,0.0,66,2,711.5,Needs Attention,454,355.75,15846515.85700002,95.14887393122947,3253
13699.0,764.15,2,219,-52.75,1.0,5.0,711.4,0.5,0.06903094942092522,156,2,764.15,Needs Attention,395,382.075,15847227.25700002,95.15314546381907,3254
17374.0,727.11,3,155,-15.9,1.0,2.0,711.21,0.3333333333333333,0.021867392829145522,219,3,727.11,At Risk,177,242.37,15847938.46700002,95.15741585557201,3255
13103.0,709.64,3,426,0.0,0.0,0.0,709.64,0.0,0.0,40,3,709.64,Loyal Customers,538,236.54666666666665,15848648.107000021,95.1616768204116,3256
12485.0,708.1,1,414,0.0,0.0,0.0,708.1,0.0,0.0,530,1,708.1,Hibernating,0,708.1,15849356.20700002,95.16592853846993,3257
14398.0,707.79,2,267,0.0,0.0,0.0,707.79,0.0,0.0,402,2,707.79,Hibernating,126,353.895,15850063.99700002,95.17017839516319,3258
12781.0,826.74,2,671,-119.02,3.0,79.0,707.72,1.5,0.14396303553717008,64,2,826.74,Needs Attention,221,413.37,15850771.71700002,95.17442783154821,3259
12453.0,707.09,1,473,0.0,0.0,0.0,707.09,0.0,0.0,135,1,707.09,Needs Attention,0,707.09,15851478.80700002,95.17867348515908,3260
14942.0,746.56,4,354,-40.0,1.0,1.0,706.56,0.25,0.05357908272610373,402,4,746.56,At Risk,328,186.64,15852185.367000021,95.18291595643615,3261
17051.0,706.49,4,507,0.0,0.0,0.0,706.49,0.0,0.0,195,4,706.49,At Risk,434,176.6225,15852891.857000021,95.18715800740497,3262
12890.0,706.02,2,457,0.0,0.0,0.0,706.02,0.0,0.0,25,2,706.02,New / Promising,363,353.01,15853597.87700002,95.19139723630418,3263
16364.0,705.79,2,279,0.0,0.0,0.0,705.79,0.0,0.0,12,2,705.79,New / Promising,126,352.895,15854303.66700002,95.19563508419063,3264
16882.0,705.12,3,424,0.0,0.0,0.0,705.12,0.0,0.0,67,3,705.12,Potential Loyalists,251,235.04,15855008.78700002,95.19986890912676,3265
16274.0,703.5,1,306,0.0,0.0,0.0,703.5,0.0,0.0,374,1,703.5,Hibernating,0,703.5,15855712.28700002,95.20409300692937,3266
12883.0,703.47,4,196,0.0,0.0,0.0,703.47,0.0,0.0,25,4,703.47,Loyal Customers,65,175.8675,15856415.75700002,95.20831692459988,3267
15103.0,703.36,2,329,0.0,0.0,0.0,703.36,0.0,0.0,32,2,703.36,New / Promising,55,351.68,15857119.11700002,95.21254018178603,3268
17561.0,703.02,4,381,0.0,0.0,0.0,703.02,0.0,0.0,20,4,703.02,Loyal Customers,714,175.755,15857822.137000019,95.216761397475,3269
16730.0,743.11,3,994,-40.32,1.0,96.0,702.79,0.3333333333333333,0.0542584543338133,53,3,743.11,Loyal Customers,267,247.70333333333332,15858524.927000018,95.22098123215117,3270
14699.0,702.6,4,484,0.0,0.0,0.0,702.6,0.0,0.0,215,4,702.6,At Risk,311,175.65,15859227.527000017,95.22519992599071,3271
16997.0,702.0,3,360,0.0,0.0,0.0,702.0,0.0,0.0,289,3,702.0,At Risk,37,234.0,15859929.527000017,95.2294150171882,3272
17825.0,701.96,4,516,0.0,0.0,0.0,701.96,0.0,0.0,599,4,701.96,At Risk,127,175.49,15860631.487000018,95.23362986820956,3273
14324.0,701.61,2,402,0.0,0.0,0.0,701.61,0.0,0.0,410,2,701.61,Hibernating,284,350.805,15861333.097000018,95.23784261768971,3274
14179.0,701.57,2,319,0.0,0.0,0.0,701.57,0.0,0.0,41,2,701.57,New / Promising,12,350.785,15862034.667000018,95.24205512699373,3275
16565.0,773.05,4,211,-72.6,1.0,20.0,700.4499999999999,0.25,0.09391371838820257,365,4,773.05,At Risk,191,193.2625,15862735.117000017,95.24626091136592,3276
13833.0,700.41,2,243,0.0,0.0,0.0,700.41,0.0,0.0,160,2,700.41,Needs Attention,245,350.205,15863435.527000017,95.25046645556199,3277
17163.0,699.78,4,531,0.0,0.0,0.0,699.78,0.0,0.0,22,4,699.78,Loyal Customers,654,174.945,15864135.307000017,95.25466821698389,3278
13242.0,699.4,7,350,0.0,0.0,0.0,699.4,0.0,0.0,113,7,699.4,Potential Loyalists,556,99.91428571428573,15864834.707000017,95.2588676967325,3279
16018.0,698.13,4,503,0.0,0.0,0.0,698.13,0.0,0.0,40,4,698.13,Loyal Customers,693,174.5325,15865532.837000018,95.26305955088878,3280
16415.0,696.76,3,508,0.0,0.0,0.0,696.76,0.0,0.0,45,3,696.76,Loyal Customers,632,232.25333333333333,15866229.597000018,95.26724317901237,3281
16658.0,814.07,6,317,-117.35000000000001,3.0,41.0,696.72,0.5,0.14415222278182466,369,6,814.07,At Risk,251,135.67833333333334,15866926.317000018,95.27142656695983,3282
13101.0,695.4,4,478,0.0,0.0,0.0,695.4,0.0,0.0,235,4,695.4,At Risk,447,173.85,15867621.717000019,95.27560202909478,3283
15995.0,694.54,1,352,0.0,0.0,0.0,694.54,0.0,0.0,415,1,694.54,Hibernating,0,694.54,15868316.257000018,95.27977232744279,3284
15053.0,693.95,3,984,0.0,0.0,0.0,693.95,0.0,0.0,5,3,693.95,Loyal Customers,277,231.3166666666667,15869010.207000017,95.28393908319278,3285
12414.0,952.4100000000001,6,495,-260.0,2.0,194.0,692.4100000000001,0.3333333333333333,0.2729916737539505,218,6,952.41,At Risk,246,158.735,15869702.617000017,95.28809659216152,3286
17733.0,692.19,2,463,0.0,0.0,0.0,692.19,0.0,0.0,39,2,692.19,Loyal Customers,223,346.095,15870394.807000017,95.2922527801615,3287
12817.0,690.98,3,219,0.0,0.0,0.0,690.98,0.0,0.0,282,3,690.98,At Risk,153,230.32666666666668,15871085.787000017,95.29640170283336,3288
14880.0,690.59,3,365,0.0,0.0,0.0,690.59,0.0,0.0,78,3,690.59,Potential Loyalists,211,230.1966666666667,15871776.377000017,95.30054828378789,3289
13927.0,708.26,2,463,-18.3,1.0,6.0,689.96,0.5,0.025837969107389943,75,2,708.26,Needs Attention,363,354.13,15872466.337000018,95.30469108196826,3290
16545.0,689.8199999999999,2,322,0.0,0.0,0.0,689.8199999999999,0.0,0.0,165,2,689.8199999999999,Needs Attention,211,344.91,15873156.157000018,95.30883303953216,3291
16015.0,704.55,3,907,-14.850000000000001,1.0,3.0,689.6999999999999,0.3333333333333333,0.021077283372365342,4,3,704.55,Loyal Customers,46,234.85,15873845.857000018,95.31297427656763,3292
17834.0,689.6700000000001,2,639,0.0,0.0,0.0,689.6700000000001,0.0,0.0,415,2,689.6700000000001,At Risk,31,344.83500000000004,15874535.527000017,95.31711533347101,3293
13626.0,707.04,2,398,-17.55,1.0,3.0,689.49,0.5,0.024821792260692466,253,2,707.04,Hibernating,127,353.52,15875225.017000018,95.32125530958177,3294
17502.0,689.1,4,376,0.0,0.0,0.0,689.1,0.0,0.0,10,4,689.1,Loyal Customers,20,172.275,15875914.117000017,95.3253929439752,3295
15361.0,689.07,4,373,0.0,0.0,0.0,689.07,0.0,0.0,362,4,689.07,At Risk,182,172.2675,15876603.187000018,95.32953039823654,3296
14111.0,692.85,4,458,-4.25,1.0,1.0,688.6,0.25,0.006134083856534603,15,4,692.85,Loyal Customers,227,173.2125,15877291.787000017,95.33366503042826,3297
18017.0,688.0,4,400,0.0,0.0,0.0,688.0,0.0,0.0,82,4,688.0,Potential Loyalists,350,172.0,15877979.787000017,95.33779605997795,3298
14809.0,686.76,2,232,0.0,0.0,0.0,686.76,0.0,0.0,622,2,686.76,Hibernating,0,343.38,15878666.547000017,95.34191964406739,3299
16309.0,706.57,2,467,-19.9,1.0,2.0,686.6700000000001,0.5,0.028164230012596058,107,2,706.57,Needs Attention,134,353.285,15879353.217000017,95.34604268776052,3300
13898.0,686.4,2,544,0.0,0.0,0.0,686.4,0.0,0.0,326,2,686.4,Hibernating,86,343.2,15880039.617000017,95.35016411026473,3301
16824.0,686.24,3,390,0.0,0.0,0.0,686.24,0.0,0.0,16,3,686.24,Loyal Customers,378,228.74666666666667,15880725.857000018,95.3542845720644,3302
12658.0,686.05,1,320,0.0,0.0,0.0,686.05,0.0,0.0,19,1,686.05,New / Promising,0,686.05,15881411.907000018,95.35840389302741,3303
15219.0,685.45,2,271,0.0,0.0,0.0,685.45,0.0,0.0,177,2,685.45,Needs Attention,472,342.725,15882097.357000018,95.36251961134839,3304
15184.0,685.39,4,462,0.0,0.0,0.0,685.39,0.0,0.0,30,4,685.39,Loyal Customers,694,171.3475,15882782.747000018,95.36663496940515,3305
12519.0,716.54,2,387,-31.35,1.0,7.0,685.1899999999999,0.5,0.04375191894381333,64,2,716.54,Needs Attention,413,358.27,15883467.937000018,95.37074912658122,3306
14959.0,695.42,4,494,-10.45,1.0,3.0,684.9699999999999,0.25,0.015026890224612465,65,4,695.42,Potential Loyalists,232,173.855,15884152.907000018,95.37486196278856,3307
16885.0,684.6,4,358,0.0,0.0,0.0,684.6,0.0,0.0,16,4,684.6,Loyal Customers,370,171.15,15884837.507000018,95.37897257736661,3308
14222.0,683.17,1,607,0.0,0.0,0.0,683.17,0.0,0.0,178,1,683.17,Needs Attention,0,683.17,15885520.677000018,95.3830746056478,3309
15582.0,682.9100000000001,3,453,0.0,0.0,0.0,682.9100000000001,0.0,0.0,25,3,682.9100000000001,Loyal Customers,196,227.63666666666668,15886203.587000018,95.38717507278409,3310
13987.0,682.54,2,492,0.0,0.0,0.0,682.54,0.0,0.0,380,2,682.54,Hibernating,21,341.27,15886886.127000017,95.39127331829111,3311
18187.0,724.89,1,310,-42.7,2.0,6.0,682.1899999999999,2.0,0.05890548910869236,632,1,724.89,Hibernating,0,724.89,15887568.317000017,95.39536946225695,3312
12478.0,680.99,1,236,0.0,0.0,0.0,680.99,0.0,0.0,4,1,680.99,New / Promising,0,680.99,15888249.307000017,95.39945840093868,3313
18271.0,680.85,2,319,0.0,0.0,0.0,680.85,0.0,0.0,610,2,680.85,At Risk,122,340.425,15888930.157000016,95.40354649900394,3314
18082.0,680.84,1,608,0.0,0.0,0.0,680.84,0.0,0.0,26,1,680.84,New / Promising,0,680.84,15889610.997000016,95.40763453702516,3315
17547.0,727.85,2,223,-47.3,2.0,14.0,680.5500000000001,1.0,0.06498591742804148,376,2,727.85,At Risk,290,363.925,15890291.547000017,95.41172083376941,3316
13524.0,680.1800000000001,5,324,0.0,0.0,0.0,680.1800000000001,0.0,0.0,41,5,680.1800000000001,Loyal Customers,179,136.036,15890971.727000017,95.41580490888437,3317
13809.0,679.6999999999999,3,281,0.0,0.0,0.0,679.6999999999999,0.0,0.0,306,3,679.6999999999999,At Risk,155,226.56666666666663,15891651.427000016,95.4198861018857,3318
14497.0,697.0600000000001,2,332,-17.9,1.0,2.0,679.1600000000001,0.5,0.02567928155395518,310,2,697.0600000000001,Hibernating,364,348.53000000000003,15892330.587000016,95.42396405250918,3319
17782.0,679.02,2,538,0.0,0.0,0.0,679.02,0.0,0.0,383,2,679.02,At Risk,0,339.51,15893009.607000016,95.42804116251618,3320
16262.0,755.15,1,446,-77.37,2.0,17.0,677.78,2.0,0.10245646560286037,379,1,755.15,Hibernating,0,755.15,15893687.387000015,95.43211082706296,3321
15669.0,684.34,4,342,-6.65,1.0,3.0,677.69,0.25,0.009717391939679108,41,4,684.34,Loyal Customers,223,171.085,15894365.077000014,95.43617995121342,3322
16601.0,677.0,3,391,0.0,0.0,0.0,677.0,0.0,0.0,41,3,677.0,Loyal Customers,583,225.66666666666663,15895042.077000014,95.44024493232553,3323
13040.0,676.99,2,355,0.0,0.0,0.0,676.99,0.0,0.0,9,2,676.99,New / Promising,25,338.495,15895719.067000015,95.4443098533936,3324
13729.0,724.73,3,419,-48.3,2.0,14.0,676.4300000000001,0.6666666666666666,0.06664550936210727,436,3,724.73,At Risk,249,241.57666666666668,15896395.497000014,95.44837141199577,3325
13325.0,675.3,1,240,0.0,0.0,0.0,675.3,0.0,0.0,82,1,675.3,Needs Attention,0,675.3,15897070.797000015,95.45242618562207,3326
16646.0,678.8,1,1072,-3.75,1.0,1.0,675.05,1.0,0.00552445492044785,450,1,678.8,Hibernating,0,678.8,15897745.847000016,95.45647945814753,3327
13355.0,674.7,1,314,0.0,0.0,0.0,674.7,0.0,0.0,123,1,674.7,Needs Attention,0,674.7,15898420.547000015,95.46053062913178,3328
16449.0,707.69,2,367,-33.0,1.0,8.0,674.69,0.5,0.04663058683887012,198,2,707.69,Hibernating,83,353.845,15899095.237000015,95.46458174007199,3329
13585.0,684.54,3,1386,-10.08,1.0,48.0,674.4599999999999,0.3333333333333333,0.014725216933999474,531,3,684.54,At Risk,208,228.18,15899769.697000016,95.46863146999944,3330
13951.0,674.45,3,459,0.0,0.0,0.0,674.45,0.0,0.0,177,3,674.45,Potential Loyalists,118,224.8166666666667,15900444.147000015,95.47268113988284,3331
12601.0,681.26,6,290,-7.5,1.0,1.0,673.76,0.16666666666666666,0.011009012711740011,190,6,681.26,Potential Loyalists,215,113.54333333333334,15901117.907000015,95.47672666672787,3332
14504.0,673.26,4,308,0.0,0.0,0.0,673.26,0.0,0.0,48,4,673.26,Loyal Customers,231,168.315,15901791.167000014,95.48076919137121,3333
16226.0,672.17,5,521,0.0,0.0,0.0,672.17,0.0,0.0,204,5,672.17,At Risk,210,134.434,15902463.337000014,95.48480517121482,3334
15562.0,671.4300000000001,3,560,0.0,0.0,0.0,671.4300000000001,0.0,0.0,352,3,671.4300000000001,At Risk,375,223.81000000000003,15903134.767000014,95.4888367077999,3335
17709.0,671.01,5,295,0.0,0.0,0.0,671.01,0.0,0.0,170,5,671.01,Potential Loyalists,434,134.202,15903805.777000014,95.49286572253556,3336
13398.0,670.34,2,341,0.0,0.0,0.0,670.34,0.0,0.0,193,2,670.34,Hibernating,256,335.17,15904476.117000014,95.49689071432091,3337
17418.0,670.0600000000001,3,521,0.0,0.0,0.0,670.0600000000001,0.0,0.0,43,3,670.0600000000001,Loyal Customers,345,223.35333333333332,15905146.177000014,95.50091402487332,3338
15901.0,687.72,7,695,-18.990000000000002,2.0,2.0,668.73,0.2857142857142857,0.02761298202756936,17,7,687.72,Loyal Customers,527,98.24571428571429,15905814.907000015,95.5049293495692,3339
16268.0,667.65,2,533,0.0,0.0,0.0,667.65,0.0,0.0,72,2,667.65,Needs Attention,0,333.825,15906482.557000015,95.50893818950938,3340
12450.0,688.2,5,442,-21.25,2.0,7.0,666.95,0.4,0.03087765184539378,157,5,688.2,Potential Loyalists,318,137.64,15907149.507000014,95.51294282636715,3341
14356.0,701.23,2,277,-34.29,2.0,11.0,666.94,1.0,0.04889979036835275,80,2,701.23,Needs Attention,2,350.615,15907816.447000014,95.51694740318091,3342
14151.0,679.45,2,405,-12.75,1.0,1.0,666.7,0.5,0.01876517771727132,674,2,679.45,Hibernating,43,339.725,15908483.147000013,95.52095053893783,3343
18123.0,666.64,3,616,0.0,0.0,0.0,666.64,0.0,0.0,25,3,666.64,Loyal Customers,489,222.2133333333333,15909149.787000014,95.52495331443056,3344
13741.0,668.4300000000001,3,218,-2.1,1.0,1.0,666.33,0.3333333333333333,0.0031416902293433867,72,3,668.4300000000001,Potential Loyalists,146,222.81000000000003,15909816.117000014,95.52895422855823,3345
17105.0,665.78,2,693,0.0,0.0,0.0,665.78,0.0,0.0,160,2,665.78,Potential Loyalists,147,332.89,15910481.897000013,95.53295184026402,3346
13415.0,784.17,4,496,-118.75,1.0,92.0,665.42,0.25,0.15143400028055143,473,4,784.17,At Risk,256,196.0425,15911147.317000013,95.53694729038457,3347
16132.0,664.1999999999999,2,280,0.0,0.0,0.0,664.1999999999999,0.0,0.0,545,2,664.1999999999999,Hibernating,83,332.1,15911811.517000012,95.54093541513296,3348
16704.0,664.16,2,433,0.0,0.0,0.0,664.16,0.0,0.0,619,2,664.16,Hibernating,54,332.08,15912475.677000012,95.54492329970523,3349
13596.0,664.11,2,384,0.0,0.0,0.0,664.11,0.0,0.0,6,2,664.11,New / Promising,7,332.055,15913139.787000012,95.54891088405732,3350
15700.0,696.68,2,357,-32.65,1.0,29.0,664.03,0.5,0.04686513176781306,173,2,696.68,Needs Attention,1,348.34,15913803.817000011,95.55289798805711,3351
14720.0,663.81,3,219,0.0,0.0,0.0,663.81,0.0,0.0,6,3,663.81,Loyal Customers,121,221.27,15914467.627000012,95.55688377108818,3352
13974.0,677.72,2,356,-14.2,2.0,2.0,663.52,1.0,0.02095260579590391,50,2,677.72,New / Promising,533,338.86,15915131.147000011,95.56086781284225,3353
15350.0,663.25,2,323,0.0,0.0,0.0,663.25,0.0,0.0,374,2,663.25,Hibernating,10,331.625,15915794.397000011,95.56485023340741,3354
17462.0,675.69,2,227,-12.75,1.0,3.0,662.94,0.5,0.018869599964480753,61,2,675.69,Potential Loyalists,224,337.845,15916457.33700001,95.5688307926075,3355
12837.0,662.66,2,194,0.0,0.0,0.0,662.66,0.0,0.0,174,2,662.66,Needs Attention,396,331.33,15917119.99700001,95.57280967057463,3356
13864.0,662.4000000000001,1,192,0.0,0.0,0.0,662.4000000000001,0.0,0.0,387,1,662.4000000000001,Hibernating,0,662.4000000000001,15917782.397000011,95.57678698739687,3357
16862.0,662.33,4,513,0.0,0.0,0.0,662.33,0.0,0.0,548,4,662.33,At Risk,154,165.5825,15918444.727000011,95.58076388391089,3358
12386.0,660.8000000000001,2,568,0.0,0.0,0.0,660.8000000000001,0.0,0.0,338,2,660.8000000000001,Hibernating,29,330.40000000000003,15919105.527000012,95.58473159368768,3359
14182.0,678.77,4,174,-18.7,1.0,2.0,660.0699999999999,0.25,0.02754983278577427,444,4,678.77,At Risk,153,169.6925,15919765.597000012,95.58869492024996,3360
14603.0,660.0,1,400,0.0,0.0,0.0,660.0,0.0,0.0,275,1,660.0,Hibernating,0,660.0,15920425.597000012,95.59265782650401,3361
15405.0,659.84,2,348,0.0,0.0,0.0,659.84,0.0,0.0,190,2,659.84,Needs Attention,387,329.92,15921085.437000012,95.59661977205351,3362
13028.0,661.3199999999999,2,798,-1.6400000000000001,1.0,2.0,659.68,0.5,0.002479888707433618,23,2,661.3199999999999,New / Promising,23,330.66,15921745.117000012,95.60058075689847,3363
15492.0,659.46,2,483,0.0,0.0,0.0,659.46,0.0,0.0,29,2,659.46,New / Promising,46,329.73,15922404.577000013,95.60454042077468,3364
13759.0,659.4100000000001,2,287,0.0,0.0,0.0,659.4100000000001,0.0,0.0,34,2,659.4100000000001,New / Promising,38,329.70500000000004,15923063.987000013,95.60849978443072,3365
14452.0,658.95,4,285,0.0,0.0,0.0,658.95,0.0,0.0,11,4,658.95,Loyal Customers,511,164.7375,15923722.937000012,95.61245638606118,3366
14150.0,658.64,2,496,0.0,0.0,0.0,658.64,0.0,0.0,36,2,658.64,New / Promising,324,329.32,15924381.577000013,95.61641112632658,3367
17874.0,683.46,6,221,-25.200000000000003,1.0,12.0,658.26,0.16666666666666666,0.036871214116407695,186,6,683.46,Potential Loyalists,70,113.91,15925039.837000012,95.62036358491869,3368
16887.0,658.17,3,423,0.0,0.0,0.0,658.17,0.0,0.0,36,3,658.17,Loyal Customers,703,219.39,15925698.007000012,95.6243155031145,3369
15715.0,658.02,5,246,0.0,0.0,0.0,658.02,0.0,0.0,556,5,658.02,At Risk,64,131.60399999999998,15926356.027000012,95.62826652064979,3370
16696.0,657.9,4,146,0.0,0.0,0.0,657.9,0.0,0.0,136,4,657.9,Potential Loyalists,113,164.475,15927013.927000012,95.63221681765665,3371
17852.0,657.8100000000001,5,372,0.0,0.0,0.0,657.8100000000001,0.0,0.0,12,5,657.8100000000001,Loyal Customers,720,131.562,15927671.737000013,95.63616657426724,3372
17459.0,657.3,2,537,0.0,0.0,0.0,657.3,0.0,0.0,44,2,657.3,Loyal Customers,17,328.65,15928329.037000014,95.64011326863206,3373
13433.0,658.32,4,190,-1.45,1.0,1.0,656.87,0.25,0.002202576254708956,502,4,658.32,At Risk,195,164.58,15928985.907000013,95.64405738110342,3374
16708.0,656.63,1,285,0.0,0.0,0.0,656.63,0.0,0.0,46,1,656.63,New / Promising,0,656.63,15929642.537000014,95.64800005251797,3375
17935.0,686.14,7,244,-30.6,1.0,12.0,655.54,0.14285714285714285,0.044597312501821786,139,7,686.14,Potential Loyalists,597,98.02,15930298.077000013,95.65193617913278,3376
17371.0,655.37,6,281,0.0,0.0,0.0,655.37,0.0,0.0,18,6,655.37,Loyal Customers,714,109.22833333333334,15930953.447000012,95.65587128499902,3377
15207.0,683.92,3,428,-30.15,2.0,30.0,653.77,0.6666666666666666,0.044084103403906894,417,3,683.92,At Risk,131,227.97333333333333,15931607.217000011,95.65979678381979,3378
17398.0,653.38,3,310,0.0,0.0,0.0,653.38,0.0,0.0,115,3,653.38,Potential Loyalists,141,217.7933333333333,15932260.597000012,95.66371994092323,3379
18121.0,653.3000000000001,2,438,0.0,0.0,0.0,653.3000000000001,0.0,0.0,150,2,653.3000000000001,Potential Loyalists,5,326.65000000000003,15932913.897000013,95.6676426176744,3380
16648.0,672.8,3,503,-19.8,1.0,12.0,653.0,0.3333333333333333,0.029429250891795485,43,3,672.8,Loyal Customers,548,224.26666666666665,15933566.897000013,95.67156349310454,3381
17523.0,652.74,4,872,0.0,0.0,0.0,652.74,0.0,0.0,12,4,652.74,Loyal Customers,8,163.185,15934219.637000013,95.67548280738981,3382
17962.0,666.96,4,633,-14.4,1.0,2.0,652.5600000000001,0.25,0.021590500179920834,143,4,666.96,Potential Loyalists,553,166.74,15934872.197000014,95.67940104088245,3383
13622.0,658.95,1,379,-7.5,1.0,2.0,651.45,1.0,0.011381743683132255,697,1,658.95,Hibernating,0,658.95,15935523.647000013,95.68331260948729,3384
13840.0,651.4,1,358,0.0,0.0,0.0,651.4,0.0,0.0,417,1,651.4,Hibernating,0,651.4,15936175.047000013,95.68722387787197,3385
12855.0,650.94,4,270,0.0,0.0,0.0,650.94,0.0,0.0,373,4,650.94,At Risk,30,162.735,15936825.987000013,95.69113238423108,3386
16056.0,650.75,1,345,0.0,0.0,0.0,650.75,0.0,0.0,46,1,650.75,New / Promising,0,650.75,15937476.737000013,95.69503974975355,3387
16969.0,650.41,3,816,0.0,0.0,0.0,650.41,0.0,0.0,40,3,650.41,Loyal Customers,152,216.8033333333333,15938127.147000013,95.69894507377884,3388
16117.0,654.4,3,321,-4.35,1.0,3.0,650.05,0.3333333333333333,0.006647310513447432,190,3,654.4,Potential Loyalists,402,218.13333333333333,15938777.197000014,95.70284823621891,3389
15098.0,39916.5,3,121,-39267.0,2.0,61.0,649.5,0.6666666666666666,0.9837285333132915,183,3,39916.5,Potential Loyalists,0,13305.5,15939426.697000014,95.7067480962371,3390
15205.0,653.24,2,378,-4.41,1.0,1.0,648.83,0.5,0.00675096442348907,86,2,653.24,Needs Attention,42,326.62,15940075.527000014,95.71064393330501,3391
13430.0,679.45,2,751,-30.76,2.0,13.0,648.69,1.0,0.04527191110456987,19,2,679.45,New / Promising,68,339.725,15940724.217000013,95.71453892975643,3392
12844.0,648.6,4,223,0.0,0.0,0.0,648.6,0.0,0.0,30,4,648.6,Loyal Customers,564,162.15,15941372.817000013,95.71843338581154,3393
16573.0,663.61,2,360,-15.2,2.0,6.0,648.41,1.0,0.02290501951447386,85,2,663.61,Needs Attention,206,331.805,15942021.227000013,95.72232670103001,3394
16495.0,648.26,3,328,0.0,0.0,0.0,648.26,0.0,0.0,4,3,648.26,Loyal Customers,273,216.08666666666667,15942669.487000013,95.72621911558797,3395
17777.0,647.56,3,501,0.0,0.0,0.0,647.56,0.0,0.0,25,3,647.56,Loyal Customers,76,215.85333333333327,15943317.047000013,95.73010732706354,3396
15643.0,664.0,3,246,-16.6,3.0,4.0,647.4,1.0,0.025,192,3,664.0,At Risk,91,221.33333333333331,15943964.447000014,95.73399457783455,3397
16734.0,646.76,3,345,0.0,0.0,0.0,646.76,0.0,0.0,53,3,646.76,Loyal Customers,62,215.58666666666667,15944611.207000013,95.73787798578739,3398
13474.0,646.59,3,318,0.0,0.0,0.0,646.59,0.0,0.0,237,3,646.59,At Risk,259,215.53,15945257.797000013,95.74176037299164,3399
14024.0,645.74,3,238,0.0,0.0,0.0,645.74,0.0,0.0,122,3,645.74,Potential Loyalists,269,215.24666666666667,15945903.537000014,95.74563765645298,3400
16185.0,644.72,3,321,0.0,0.0,0.0,644.72,0.0,0.0,17,3,644.72,Loyal Customers,548,214.90666666666667,15946548.257000014,95.74950881542286,3401
17312.0,644.3,3,372,0.0,0.0,0.0,644.3,0.0,0.0,139,3,644.3,Potential Loyalists,21,214.76666666666665,15947192.557000015,95.75337745254329,3402
16157.0,656.69,3,347,-12.45,1.0,3.0,644.24,0.3333333333333333,0.018958717202942024,16,3,656.69,Loyal Customers,57,218.89666666666668,15947836.797000015,95.75724572939951,3403
17380.0,645.0,3,252,-1.25,1.0,1.0,643.75,0.3333333333333333,0.001937984496124031,435,3,645.0,At Risk,100,215.0,15948480.547000015,95.76111106409807,3404
12612.0,704.04,1,262,-60.45,1.0,11.0,643.5899999999999,1.0,0.085861598772797,75,1,704.04,Needs Attention,0,704.04,15949124.137000015,95.76497543809208,3405
17976.0,643.58,1,186,0.0,0.0,0.0,643.58,0.0,0.0,373,1,643.58,Hibernating,0,643.58,15949767.717000015,95.76883975204204,3406
17963.0,643.16,4,341,0.0,0.0,0.0,643.16,0.0,0.0,472,4,643.16,At Risk,218,160.79,15950410.877000015,95.77270154414259,3407
13237.0,643.0,1,128,0.0,0.0,0.0,643.0,0.0,0.0,388,1,643.0,Hibernating,0,643.0,15951053.877000015,95.77656237553857,3408
12624.0,641.13,2,355,0.0,0.0,0.0,641.13,0.0,0.0,107,2,641.13,Needs Attention,71,320.565,15951695.007000016,95.78041197870019,3409
13318.0,640.76,3,304,0.0,0.0,0.0,640.76,0.0,0.0,2,3,640.76,Loyal Customers,36,213.58666666666667,15952335.767000016,95.78425936023253,3410
14563.0,640.54,2,279,0.0,0.0,0.0,640.54,0.0,0.0,510,2,640.54,Hibernating,83,320.27,15952976.307000015,95.78810542079611,3411
12538.0,640.45,2,336,0.0,0.0,0.0,640.45,0.0,0.0,30,2,640.45,New / Promising,349,320.225,15953616.757000014,95.79195094096339,3412
12880.0,640.13,2,279,0.0,0.0,0.0,640.13,0.0,0.0,382,2,640.13,Hibernating,193,320.065,15954256.887000015,95.79579453972158,3413
12734.0,639.65,3,265,0.0,0.0,0.0,639.65,0.0,0.0,353,3,639.65,At Risk,40,213.21666666666667,15954896.537000015,95.79963525636614,3414
18163.0,728.84,1,452,-89.5,1.0,22.0,639.34,1.0,0.12279787058888096,585,1,728.84,Hibernating,0,728.84,15955535.877000015,95.80347411164563,3415
12699.0,638.11,1,373,0.0,0.0,0.0,638.11,0.0,0.0,418,1,638.11,Hibernating,0,638.11,15956173.987000015,95.80730558150891,3416
15183.0,639.93,3,297,-2.9,1.0,2.0,637.03,0.3333333333333333,0.0045317456596815275,548,3,639.93,At Risk,37,213.31,15956811.017000014,95.81113056661653,3417
14664.0,636.24,2,465,0.0,0.0,0.0,636.24,0.0,0.0,20,2,636.24,New / Promising,14,318.12,15957447.257000014,95.81495080824543,3418
15829.0,636.14,2,996,0.0,0.0,0.0,636.14,0.0,0.0,100,2,636.14,Needs Attention,41,318.07,15958083.397000015,95.81877044943398,3419
16534.0,635.9,1,168,0.0,0.0,0.0,635.9,0.0,0.0,643,1,635.9,Hibernating,0,635.9,15958719.297000015,95.82258864956573,3420
14425.0,661.39,3,325,-25.5,2.0,6.0,635.89,0.6666666666666666,0.038555164124041794,435,3,661.39,At Risk,303,220.4633333333333,15959355.187000016,95.82640678965345,3421
16428.0,638.49,3,575,-2.95,1.0,1.0,635.54,0.3333333333333333,0.004620275963601623,414,3,638.49,At Risk,84,212.83,15959990.727000015,95.83022282819995,3422
14537.0,641.4,2,228,-5.95,1.0,1.0,635.4499999999999,0.5,0.009276582475834114,58,2,641.4,New / Promising,566,320.7,15960626.177000014,95.83403832635015,3423
15297.0,641.94,3,292,-6.9,1.0,2.0,635.0400000000001,0.3333333333333333,0.010748668099822414,11,3,641.94,Loyal Customers,53,213.98,15961261.217000013,95.83785136269496,3424
17334.0,635.1500000000001,3,566,-0.42,1.0,1.0,634.7300000000001,0.3333333333333333,0.0006612611194206092,303,3,635.1500000000001,At Risk,104,211.7166666666667,15961895.947000014,95.84166253767471,3425
14365.0,634.68,2,557,0.0,0.0,0.0,634.68,0.0,0.0,395,2,634.68,Hibernating,287,317.34,15962530.627000013,95.84547341243427,3426
17779.0,650.32,3,396,-16.4,2.0,3.0,633.9200000000001,0.6666666666666666,0.02521835404108746,22,3,650.32,Loyal Customers,122,216.7733333333333,15963164.547000013,95.84927972384726,3427
14219.0,633.83,3,363,0.0,0.0,0.0,633.83,0.0,0.0,5,3,633.83,Loyal Customers,489,211.27666666666667,15963798.377000013,95.85308549486393,3428
15045.0,735.66,2,114,-102.0,1.0,8.0,633.66,0.5,0.13865100725878804,152,2,735.66,Needs Attention,106,367.83,15964432.037000014,95.85689024513204,3429
17375.0,660.55,4,480,-27.6,1.0,6.0,632.9499999999999,0.25,0.04178336234955719,200,4,660.55,At Risk,232,165.1375,15965064.987000013,95.8606907322737,3430
15666.0,632.94,2,469,0.0,0.0,0.0,632.94,0.0,0.0,473,2,632.94,Hibernating,23,316.47,15965697.927000012,95.86449115937133,3431
13820.0,652.75,3,285,-20.25,2.0,3.0,632.5,0.6666666666666666,0.031022596706242817,419,3,652.75,At Risk,262,217.58333333333331,15966330.427000012,95.86828894453146,3432
13540.0,632.39,3,189,0.0,0.0,0.0,632.39,0.0,0.0,468,3,632.39,At Risk,188,210.79666666666665,15966962.817000013,95.87208606920721,3433
13822.0,632.0,2,611,0.0,0.0,0.0,632.0,0.0,0.0,6,2,632.0,New / Promising,35,316.0,15967594.817000013,95.87588085216564,3434
17985.0,631.35,1,171,0.0,0.0,0.0,631.35,0.0,0.0,23,1,631.35,New / Promising,0,631.35,15968226.167000012,95.87967173226184,3435
13706.0,631.1700000000001,2,301,0.0,0.0,0.0,631.1700000000001,0.0,0.0,303,2,631.1700000000001,Hibernating,324,315.58500000000004,15968857.337000012,95.88346153156543,3436
16193.0,630.4300000000001,2,379,0.0,0.0,0.0,630.4300000000001,0.0,0.0,237,2,630.4300000000001,Hibernating,174,315.21500000000003,15969487.767000012,95.88724688761049,3437
16399.0,630.22,3,452,0.0,0.0,0.0,630.22,0.0,0.0,20,3,630.22,Loyal Customers,370,210.07333333333332,15970117.987000013,95.89103098273084,3438
13525.0,628.78,2,394,0.0,0.0,0.0,628.78,0.0,0.0,15,2,628.78,New / Promising,234,314.39,15970746.767000012,95.89480643151026,3439
14283.0,628.44,4,550,0.0,0.0,0.0,628.44,0.0,0.0,464,4,628.44,At Risk,106,157.11,15971375.207000012,95.89857983879253,3440
13480.0,627.82,2,362,0.0,0.0,0.0,627.82,0.0,0.0,417,2,627.82,Hibernating,263,313.91,15972003.027000012,95.90234952334468,3441
13518.0,627.16,1,382,0.0,0.0,0.0,627.16,0.0,0.0,86,1,627.16,Needs Attention,0,627.16,15972630.187000012,95.90611524499057,3442
14237.0,632.14,2,276,-5.1,1.0,2.0,627.04,0.5,0.008067833074951751,374,2,632.14,Hibernating,217,316.07,15973257.227000011,95.90988024610805,3443
14036.0,626.65,1,268,0.0,0.0,0.0,626.65,0.0,0.0,285,1,626.65,Hibernating,0,626.65,15973883.877000012,95.9136429055082,3444
14381.0,625.94,2,449,0.0,0.0,0.0,625.94,0.0,0.0,53,2,625.94,New / Promising,399,312.97,15974509.817000011,95.91740130178192,3445
16715.0,625.52,2,1174,0.0,0.0,0.0,625.52,0.0,0.0,79,2,625.52,Needs Attention,484,312.76,15975135.33700001,95.92115717620622,3446
17134.0,625.3,3,144,0.0,0.0,0.0,625.3,0.0,0.0,107,3,625.3,Potential Loyalists,336,208.4333333333333,15975760.637000011,95.92491172966177,3447
16750.0,623.93,5,214,0.0,0.0,0.0,623.93,0.0,0.0,45,5,623.93,Loyal Customers,188,124.786,15976384.567000011,95.92865805708463,3448
16792.0,623.46,5,324,0.0,0.0,0.0,623.46,0.0,0.0,283,5,623.46,At Risk,422,124.692,15977008.027000012,95.93240156243789,3449
16431.0,623.28,3,442,0.0,0.0,0.0,623.28,0.0,0.0,214,3,623.28,At Risk,84,207.76,15977631.307000011,95.93614398699853,3450
15258.0,623.16,2,142,0.0,0.0,0.0,623.16,0.0,0.0,169,2,623.16,Needs Attention,49,311.58,15978254.467000011,95.93988569103077,3451
12575.0,622.82,2,315,0.0,0.0,0.0,622.82,0.0,0.0,458,2,622.82,Hibernating,69,311.41,15978877.287000012,95.94362535356584,3452
14115.0,622.67,2,509,0.0,0.0,0.0,622.67,0.0,0.0,502,2,622.67,Hibernating,165,311.335,15979499.957000012,95.9473641154404,3453
18101.0,622.01,5,247,0.0,0.0,0.0,622.01,0.0,0.0,12,5,622.01,Loyal Customers,663,124.402,15980121.967000011,95.9510989144087,3454
14169.0,621.51,2,205,0.0,0.0,0.0,621.51,0.0,0.0,431,2,621.51,Hibernating,14,310.755,15980743.477000011,95.9548307111753,3455
16368.0,621.44,3,307,0.0,0.0,0.0,621.44,0.0,0.0,3,3,621.44,Loyal Customers,433,207.14666666666668,15981364.91700001,95.95856208763365,3456
12667.0,620.13,1,395,0.0,0.0,0.0,620.13,0.0,0.0,59,1,620.13,New / Promising,0,620.13,15981985.047000011,95.96228559832353,3457
13444.0,619.08,2,331,0.0,0.0,0.0,619.08,0.0,0.0,375,2,619.08,Hibernating,132,309.54,15982604.127000012,95.96600280438984,3458
14079.0,618.73,2,302,0.0,0.0,0.0,618.73,0.0,0.0,125,2,618.73,Needs Attention,558,309.365,15983222.857000012,95.96971790891496,3459
13493.0,618.63,2,380,0.0,0.0,0.0,618.63,0.0,0.0,276,2,618.63,Hibernating,12,309.315,15983841.487000013,95.97343241299971,3460
16613.0,618.59,1,293,0.0,0.0,0.0,618.59,0.0,0.0,71,1,618.59,Needs Attention,0,618.59,15984460.077000013,95.97714667690835,3461
14594.0,618.33,2,329,0.0,0.0,0.0,618.33,0.0,0.0,8,2,618.33,New / Promising,366,309.165,15985078.407000013,95.98085937967208,3462
12596.0,618.27,2,474,0.0,0.0,0.0,618.27,0.0,0.0,52,2,618.27,New / Promising,191,309.135,15985696.677000012,95.98457172217161,3463
13301.0,618.09,4,345,0.0,0.0,0.0,618.09,0.0,0.0,104,4,618.09,Potential Loyalists,189,154.5225,15986314.767000012,95.98828298387852,3464
13496.0,653.33,2,341,-35.400000000000006,1.0,12.0,617.9300000000001,0.5,0.05418394991811183,11,2,653.33,New / Promising,349,326.665,15986932.697000012,95.99199328488089,3465
15956.0,617.6,2,278,0.0,0.0,0.0,617.6,0.0,0.0,552,2,617.6,Hibernating,175,308.8,15987550.297000011,95.99570160443014,3466
14377.0,617.05,2,219,0.0,0.0,0.0,617.05,0.0,0.0,192,2,617.05,Hibernating,71,308.525,15988167.347000012,95.99940662155751,3467
13925.0,678.25,4,331,-61.599999999999994,2.0,4.0,616.65,0.5,0.09082196830077405,93,4,678.25,Potential Loyalists,42,169.5625,15988783.997000013,96.0031092369235,3468
16311.0,616.26,2,394,0.0,0.0,0.0,616.26,0.0,0.0,18,2,616.26,New / Promising,32,308.13,15989400.257000012,96.00680951057218,3469
16330.0,625.38,7,326,-9.7,1.0,2.0,615.68,0.14285714285714285,0.01551056957369919,18,7,625.38,Loyal Customers,645,89.34,15990015.937000012,96.01050630166687,3470
17639.0,615.17,6,576,0.0,0.0,0.0,615.17,0.0,0.0,277,6,615.17,At Risk,207,102.52833333333332,15990631.107000012,96.01420003051581,3471
14077.0,615.08,6,376,0.0,0.0,0.0,615.08,0.0,0.0,41,6,615.08,Loyal Customers,355,102.51333333333334,15991246.187000012,96.01789321896845,3472
16847.0,614.89,2,255,0.0,0.0,0.0,614.89,0.0,0.0,44,2,614.89,Loyal Customers,575,307.445,15991861.077000013,96.02158526658444,3473
16844.0,614.34,2,281,0.0,0.0,0.0,614.34,0.0,0.0,563,2,614.34,At Risk,20,307.17,15992475.417000012,96.02527401177855,3474
16343.0,614.12,3,345,0.0,0.0,0.0,614.12,0.0,0.0,17,3,614.12,Loyal Customers,391,204.70666666666668,15993089.537000012,96.0289614360039,3475
14558.0,655.5,3,162,-41.4,2.0,4.0,614.1,0.6666666666666666,0.06315789473684211,655,3,655.5,At Risk,77,218.5,15993703.637000011,96.03264874014118,3476
16566.0,614.66,5,362,-0.65,1.0,1.0,614.01,0.2,0.001057495200598705,16,5,614.66,Loyal Customers,277,122.932,15994317.647000011,96.03633550388217,3477
13914.0,626.45,2,380,-12.5,1.0,1.0,613.95,0.5,0.019953707398834702,12,2,626.45,New / Promising,25,313.225,15994931.59700001,96.04002190735895,3478
14570.0,613.75,3,431,0.0,0.0,0.0,613.75,0.0,0.0,281,3,613.75,At Risk,163,204.58333333333331,15995545.34700001,96.04370710995505,3479
15362.0,613.08,2,368,0.0,0.0,0.0,613.08,0.0,0.0,449,2,613.08,Hibernating,290,306.54,15996158.42700001,96.04738828960086,3480
15016.0,620.89,5,243,-8.0,1.0,3.0,612.89,0.2,0.012884729984377265,173,5,620.89,Potential Loyalists,371,124.178,15996771.317000011,96.05106832841001,3481
16178.0,612.6,2,304,0.0,0.0,0.0,612.6,0.0,0.0,139,2,612.6,Needs Attention,263,306.3,15997383.91700001,96.05474662594219,3482
17005.0,622.36,2,691,-9.95,1.0,1.0,612.41,0.5,0.015987531332347836,471,2,622.36,At Risk,118,311.18,15997996.32700001,96.0584237826377,3483
16589.0,612.36,4,536,0.0,0.0,0.0,612.36,0.0,0.0,72,4,612.36,Potential Loyalists,379,153.09,15998608.68700001,96.06210063911304,3484
15232.0,612.06,2,686,0.0,0.0,0.0,612.06,0.0,0.0,114,2,612.06,Needs Attention,27,306.03,15999220.74700001,96.06577569426737,3485
16158.0,628.32,9,182,-17.0,1.0,2.0,611.32,0.1111111111111111,0.027056277056277053,523,9,628.32,At Risk,212,69.81333333333333,15999832.067000011,96.06944630616317,3486
16922.0,611.08,1,281,0.0,0.0,0.0,611.08,0.0,0.0,573,1,611.08,Hibernating,0,611.08,16000443.147000011,96.07311547700216,3487
14793.0,625.9,2,361,-14.85,1.0,3.0,611.05,0.5,0.023725834797891036,22,2,625.9,New / Promising,514,312.95,16001054.197000012,96.07678446770903,3488
13731.0,610.59,2,278,0.0,0.0,0.0,610.59,0.0,0.0,220,2,610.59,Hibernating,27,305.295,16001664.787000012,96.08045069639034,3489
14636.0,609.85,2,241,0.0,0.0,0.0,609.85,0.0,0.0,37,2,609.85,New / Promising,232,304.925,16002274.637000011,96.08411248181311,3490
15748.0,609.81,3,261,0.0,0.0,0.0,609.81,0.0,0.0,41,3,609.81,Loyal Customers,409,203.27,16002884.447000012,96.08777402705975,3491
17325.0,609.5699999999999,3,465,0.0,0.0,0.0,609.5699999999999,0.0,0.0,281,3,609.5699999999999,At Risk,361,203.19,16003494.017000012,96.09143413124957,3492
15275.0,615.14,1,498,-5.95,1.0,1.0,609.1899999999999,1.0,0.009672594856455441,38,1,615.14,New / Promising,0,615.14,16004103.207000012,96.0950919537661,3493
16675.0,608.86,2,296,0.0,0.0,0.0,608.86,0.0,0.0,442,2,608.86,Hibernating,37,304.43,16004712.067000011,96.09874779482949,3494
13933.0,608.79,2,205,0.0,0.0,0.0,608.79,0.0,0.0,110,2,608.79,Needs Attention,39,304.395,16005320.85700001,96.10240321558464,3495
15147.0,623.5,1,366,-14.85,1.0,3.0,608.65,1.0,0.023817161186848436,241,1,623.5,Hibernating,0,623.5,16005929.50700001,96.10605779572332,3496
12719.0,644.95,2,374,-36.85000000000001,1.0,13.0,608.1,0.5,0.05713621210946586,6,2,644.95,New / Promising,60,322.475,16006537.60700001,96.10970907344011,3497
15717.0,607.0,5,224,0.0,0.0,0.0,607.0,0.0,0.0,235,5,607.0,At Risk,358,121.4,16007144.60700001,96.11335374631315,3498
13020.0,618.96,2,278,-12.0,3.0,7.0,606.96,1.5,0.019387359441644048,563,2,618.96,Hibernating,97,309.48,16007751.567000011,96.11699817901007,3499
17507.0,605.58,2,359,0.0,0.0,0.0,605.58,0.0,0.0,262,2,605.58,At Risk,48,302.79,16008357.147000011,96.12063432563026,3500
17707.0,609.3,8,546,-4.25,1.0,1.0,605.05,0.125,0.0069752174626620716,186,8,609.3,Potential Loyalists,547,76.1625,16008962.197000012,96.12426728991666,3501
12944.0,604.51,2,289,0.0,0.0,0.0,604.51,0.0,0.0,36,2,604.51,New / Promising,319,302.255,16009566.707000012,96.1278970118252,3502
12707.0,603.42,1,256,0.0,0.0,0.0,603.42,0.0,0.0,292,1,603.42,Hibernating,0,603.42,16010170.127000012,96.131520188934,3503
18264.0,603.25,1,241,0.0,0.0,0.0,603.25,0.0,0.0,499,1,603.25,Hibernating,0,603.25,16010773.377000012,96.13514234529424,3504
16022.0,602.63,1,255,0.0,0.0,0.0,602.63,0.0,0.0,261,1,602.63,Hibernating,0,602.63,16011376.007000012,96.13876077892436,3505
13836.0,620.37,2,273,-17.85,1.0,3.0,602.52,0.5,0.02877315150635911,400,2,620.37,Hibernating,15,310.185,16011978.527000012,96.14237855207011,3506
12654.0,601.98,5,264,0.0,0.0,0.0,601.98,0.0,0.0,11,5,601.98,Loyal Customers,285,120.396,16012580.507000012,96.145993082838,3507
17998.0,639.24,3,561,-37.5,1.0,30.0,601.74,0.3333333333333333,0.05866341280270321,381,3,639.24,At Risk,358,213.08,16013182.247000013,96.14960617254908,3508
17270.0,601.45,2,420,0.0,0.0,0.0,601.45,0.0,0.0,470,2,601.45,At Risk,263,300.725,16013783.697000012,96.15321752098318,3509
15276.0,619.8,4,317,-18.5,1.0,4.0,601.3,0.25,0.02984833817360439,67,4,619.8,Potential Loyalists,368,154.95,16014384.997000013,96.15682796875676,3510
14254.0,601.03,1,263,0.0,0.0,0.0,601.03,0.0,0.0,433,1,601.03,Hibernating,0,601.03,16014986.027000012,96.16043679534141,3511
15257.0,685.9,2,71,-85.0,1.0,1.0,600.9,0.5,0.1239247703746902,284,2,685.9,Hibernating,131,342.95,16015586.927000012,96.16404484135361,3512
14339.0,620.27,2,456,-19.61,3.0,18.0,600.66,1.5,0.03161526432037661,243,2,620.27,Hibernating,186,310.135,16016187.587000012,96.16765144630901,3513
18183.0,632.07,2,371,-31.55,4.0,9.0,600.5200000000001,2.0,0.0499153574762289,228,2,632.07,At Risk,47,316.035,16016788.107000012,96.17125721064792,3514
12420.0,600.39,1,345,0.0,0.0,0.0,600.39,0.0,0.0,64,1,600.39,Needs Attention,0,600.39,16017388.497000013,96.17486219441439,3515
17745.0,600.34,2,164,0.0,0.0,0.0,600.34,0.0,0.0,478,2,600.34,At Risk,78,300.17,16017988.837000012,96.17846687796069,3516
18211.0,600.07,5,359,0.0,0.0,0.0,600.07,0.0,0.0,26,5,600.07,Loyal Customers,253,120.014,16018588.907000013,96.18206994031806,3517
16077.0,2300.4,1,840,-1700.4,1.0,312.0,600.0,1.0,0.7391757955138237,626,1,2300.4,Hibernating,0,2300.4,16019188.907000013,96.1856725823672,3518
12521.0,599.68,1,309,0.0,0.0,0.0,599.68,0.0,0.0,143,1,599.68,Needs Attention,0,599.68,16019788.587000012,96.18927330300724,3519
12556.0,599.56,2,355,0.0,0.0,0.0,599.56,0.0,0.0,51,2,599.56,New / Promising,101,299.78,16020388.147000013,96.19287330311887,3520
14611.0,604.33,2,582,-4.95,1.0,1.0,599.38,0.5,0.00819088908377873,444,2,604.33,Hibernating,155,302.165,16020987.527000014,96.1964722224379,3521
13832.0,609.89,2,420,-11.25,1.0,3.0,598.64,0.5,0.01844594926954041,20,2,609.89,New / Promising,403,304.945,16021586.167000014,96.2000666984984,3522
13311.0,598.57,2,305,0.0,0.0,0.0,598.57,0.0,0.0,5,2,598.57,New / Promising,146,299.285,16022184.737000015,96.20366075425065,3523
15880.0,658.06,1,404,-60.0,1.0,48.0,598.06,1.0,0.09117709631340608,370,1,658.06,Hibernating,0,658.06,16022782.797000015,96.20725174775717,3524
15424.0,597.78,3,873,0.0,0.0,0.0,597.78,0.0,0.0,255,3,597.78,At Risk,209,199.26,16023380.577000014,96.21084106003072,3525
14569.0,597.33,4,257,0.0,0.0,0.0,597.33,0.0,0.0,2,4,597.33,Loyal Customers,602,149.3325,16023977.907000015,96.21442767032273,3526
15631.0,596.67,1,525,0.0,0.0,0.0,596.67,0.0,0.0,643,1,596.67,Hibernating,0,596.67,16024574.577000014,96.2180103177085,3527
16780.0,596.4,3,352,0.0,0.0,0.0,596.4,0.0,0.0,101,3,596.4,Potential Loyalists,307,198.8,16025170.977000015,96.22159134390535,3528
14965.0,596.09,2,363,0.0,0.0,0.0,596.09,0.0,0.0,97,2,596.09,Needs Attention,0,298.045,16025767.067000015,96.22517050873712,3529
17845.0,596.09,4,195,0.0,0.0,0.0,596.09,0.0,0.0,556,4,596.09,At Risk,21,149.0225,16026363.157000015,96.22874967356891,3530
17209.0,595.7,3,723,0.0,0.0,0.0,595.7,0.0,0.0,650,3,595.7,At Risk,87,198.5666666666667,16026958.857000014,96.23232649668336,3531
13558.0,594.52,4,338,0.0,0.0,0.0,594.52,0.0,0.0,6,4,594.52,Loyal Customers,63,148.63,16027553.377000013,96.23589623460177,3532
15929.0,594.0,1,120,0.0,0.0,0.0,594.0,0.0,0.0,645,1,594.0,Hibernating,0,594.0,16028147.377000013,96.23946285023041,3533
15442.0,594.0,1,120,0.0,0.0,0.0,594.0,0.0,0.0,249,1,594.0,Hibernating,0,594.0,16028741.377000013,96.24302946585907,3534
17119.0,606.91,2,334,-13.3,1.0,7.0,593.61,0.5,0.021914287126592085,4,2,606.91,Loyal Customers,56,303.455,16029334.987000013,96.24659373977038,3535
13314.0,775.94,3,560,-182.43,1.0,73.0,593.51,0.3333333333333333,0.2351083846689177,2,3,775.94,Loyal Customers,72,258.6466666666667,16029928.497000013,96.25015741324134,3536
14746.0,593.5,4,398,0.0,0.0,0.0,593.5,0.0,0.0,407,4,593.5,At Risk,17,148.375,16030521.997000013,96.25372102666829,3537
16412.0,593.19,5,288,0.0,0.0,0.0,593.19,0.0,0.0,54,5,593.19,Loyal Customers,620,118.638,16031115.187000012,96.25728277873016,3538
16116.0,612.78,1,248,-19.9,1.0,2.0,592.88,1.0,0.03247495022683508,212,1,612.78,Hibernating,0,612.78,16031708.067000013,96.26084266942698,3539
16776.0,592.51,2,435,0.0,0.0,0.0,592.51,0.0,0.0,61,2,592.51,Needs Attention,355,296.255,16032300.577000013,96.26440033849454,3540
13472.0,592.24,2,310,0.0,0.0,0.0,592.24,0.0,0.0,464,2,592.24,Hibernating,92,296.12,16032892.817000013,96.26795638637317,3541
17473.0,607.0,2,270,-14.85,1.0,3.0,592.15,0.5,0.02446457990115321,409,2,607.0,At Risk,48,303.5,16033484.967000013,96.2715118938555,3542
17815.0,591.96,1,612,0.0,0.0,0.0,591.96,0.0,0.0,394,1,591.96,Hibernating,0,591.96,16034076.927000014,96.27506626050119,3543
13811.0,814.5,3,68,-222.75,1.0,1.0,591.75,0.3333333333333333,0.27348066298342544,184,3,814.5,Potential Loyalists,56,271.5,16034668.677000014,96.27861936622215,3544
17483.0,591.73,4,265,0.0,0.0,0.0,591.73,0.0,0.0,66,4,591.73,Potential Loyalists,349,147.9325,16035260.407000015,96.28217235185504,3545
15346.0,596.12,3,260,-4.47,1.0,3.0,591.65,0.3333333333333333,0.007498490236865061,333,3,596.12,At Risk,99,198.70666666666668,16035852.057000015,96.28572485713566,3546
15524.0,591.4,2,28,0.0,0.0,0.0,591.4,0.0,0.0,25,2,591.4,New / Promising,582,295.7,16036443.457000015,96.28927586131543,3547
17098.0,591.07,3,125,0.0,0.0,0.0,591.07,0.0,0.0,382,3,591.07,At Risk,159,197.0233333333333,16037034.527000016,96.29282488404208,3548
15160.0,589.27,4,307,0.0,0.0,0.0,589.27,0.0,0.0,358,4,589.27,At Risk,64,147.3175,16037623.797000015,96.29636309884256,3549
15624.0,588.13,4,357,0.0,0.0,0.0,588.13,0.0,0.0,117,4,588.13,Potential Loyalists,140,147.0325,16038211.927000016,96.29989446862317,3550
15191.0,588.05,3,287,0.0,0.0,0.0,588.05,0.0,0.0,464,3,588.05,At Risk,225,196.01666666666665,16038799.977000017,96.3034253580515,3551
15097.0,908.35,3,424,-321.3,2.0,126.0,587.05,0.6666666666666666,0.3537182803985248,5,3,908.35,Loyal Customers,579,302.78333333333336,16039387.027000017,96.3069502430764,3552
17890.0,586.89,2,402,0.0,0.0,0.0,586.89,0.0,0.0,323,2,586.89,At Risk,39,293.445,16039973.917000018,96.31047416739678,3553
12513.0,612.29,1,462,-25.5,1.0,6.0,586.79,1.0,0.04164693200934198,113,1,612.29,Needs Attention,0,612.29,16040560.707000017,96.3139974912768,3554
13106.0,603.46,2,231,-17.0,1.0,4.0,586.46,0.5,0.02817088125144997,134,2,603.46,Needs Attention,280,301.73,16041147.167000018,96.31751883370369,3555
17392.0,585.92,3,450,0.0,0.0,0.0,585.92,0.0,0.0,307,3,585.92,At Risk,144,195.30666666666664,16041733.087000018,96.32103693375274,3556
14455.0,617.72,4,706,-33.349999999999994,1.0,37.0,584.37,0.25,0.05398886226769409,433,4,617.72,At Risk,63,154.43,16042317.457000017,96.32454572697648,3557
12800.0,584.25,3,284,0.0,0.0,0.0,584.25,0.0,0.0,471,3,584.25,At Risk,206,194.75,16042901.707000017,96.32805379967184,3558
14023.0,584.07,2,345,0.0,0.0,0.0,584.07,0.0,0.0,8,2,584.07,New / Promising,243,292.035,16043485.777000017,96.33156079157456,3559
15762.0,583.75,2,251,0.0,0.0,0.0,583.75,0.0,0.0,66,2,583.75,Needs Attention,12,291.875,16044069.527000017,96.33506586206822,3560
14670.0,583.33,3,423,0.0,0.0,0.0,583.33,0.0,0.0,281,3,583.33,At Risk,452,194.44333333333336,16044652.857000018,96.33856841071241,3561
16445.0,583.16,4,287,0.0,0.0,0.0,583.16,0.0,0.0,34,4,583.16,Loyal Customers,378,145.79,16045236.017000018,96.34206993860805,3562
15918.0,582.88,3,240,0.0,0.0,0.0,582.88,0.0,0.0,191,3,582.88,At Risk,441,194.2933333333333,16045818.897000019,96.34556978527071,3563
16100.0,582.64,1,438,0.0,0.0,0.0,582.64,0.0,0.0,463,1,582.64,Hibernating,0,582.64,16046401.53700002,96.34906819087657,3564
16802.0,582.61,2,369,0.0,0.0,0.0,582.61,0.0,0.0,680,2,582.61,Hibernating,51,291.305,16046984.147000019,96.3525664163503,3565
18232.0,592.97,4,302,-10.5,1.0,3.0,582.47,0.25,0.017707472553417543,82,4,592.97,Potential Loyalists,116,148.2425,16047566.61700002,96.35606380120758,3566
17099.0,582.17,1,317,0.0,0.0,0.0,582.17,0.0,0.0,534,1,582.17,Hibernating,0,582.17,16048148.78700002,96.35955938474382,3567
15648.0,639.5,2,218,-57.45,2.0,8.0,582.05,1.0,0.08983580922595778,205,2,639.5,Hibernating,63,319.75,16048730.83700002,96.36305424775166,3568
14771.0,594.62,2,622,-14.7,1.0,14.0,579.92,0.5,0.0247216709831489,622,2,594.62,Hibernating,115,297.31,16049310.75700002,96.36653632138021,3569
14742.0,579.85,1,374,0.0,0.0,0.0,579.85,0.0,0.0,436,1,579.85,Hibernating,0,579.85,16049890.60700002,96.37001797470054,3570
17678.0,599.76,2,368,-19.95,1.0,1.0,579.81,0.5,0.03326330532212885,264,2,599.76,At Risk,340,299.88,16050470.41700002,96.37349938784472,3571
16596.0,579.63,4,227,0.0,0.0,0.0,579.63,0.0,0.0,16,4,579.63,Loyal Customers,714,144.9075,16051050.04700002,96.3769797201963,3572
15588.0,579.6,1,96,0.0,0.0,0.0,579.6,0.0,0.0,678,1,579.6,Hibernating,0,579.6,16051629.64700002,96.38045987241576,3573
14529.0,578.61,3,325,0.0,0.0,0.0,578.61,0.0,0.0,61,3,578.61,Potential Loyalists,50,192.87,16052208.25700002,96.38393408027584,3574
18262.0,577.54,3,552,0.0,0.0,0.0,577.54,0.0,0.0,141,3,577.54,Potential Loyalists,462,192.5133333333333,16052785.797000019,96.38740186342426,3575
17557.0,575.46,4,310,0.0,0.0,0.0,575.46,0.0,0.0,15,4,575.46,Loyal Customers,718,143.865,16053361.25700002,96.3908571574136,3576
17773.0,575.37,2,254,0.0,0.0,0.0,575.37,0.0,0.0,515,2,575.37,At Risk,176,287.685,16053936.627000019,96.39431191100661,3577
12859.0,575.1,1,292,0.0,0.0,0.0,575.1,0.0,0.0,459,1,575.1,Hibernating,0,575.1,16054511.727000019,96.39776504341071,3578
14323.0,605.0600000000001,2,350,-30.800000000000004,2.0,10.0,574.2600000000001,1.0,0.050904042574290154,115,2,605.0600000000001,Needs Attention,124,302.53000000000003,16055085.987000018,96.40121313211594,3579
13262.0,573.45,3,247,0.0,0.0,0.0,573.45,0.0,0.0,264,3,573.45,At Risk,337,191.15,16055659.437000018,96.4046563572544,3580
17274.0,573.22,2,271,0.0,0.0,0.0,573.22,0.0,0.0,36,2,573.22,Loyal Customers,360,286.61,16056232.657000018,96.40809820138007,3581
13379.0,572.56,3,601,0.0,0.0,0.0,572.56,0.0,0.0,27,3,572.56,Loyal Customers,110,190.85333333333327,16056805.217000019,96.4115360825995,3582
13179.0,572.3100000000001,1,368,0.0,0.0,0.0,572.3100000000001,0.0,0.0,619,1,572.3100000000001,Hibernating,0,572.3100000000001,16057377.52700002,96.41497246271807,3583
14053.0,572.3,4,490,0.0,0.0,0.0,572.3,0.0,0.0,125,4,572.3,Potential Loyalists,362,143.075,16057949.82700002,96.41840878279261,3584
12816.0,572.2,2,128,0.0,0.0,0.0,572.2,0.0,0.0,96,2,572.2,Needs Attention,81,286.1,16058522.02700002,96.42184450242681,3585
17156.0,591.87,1,391,-19.799999999999997,1.0,6.0,572.07,1.0,0.03345329210806427,492,1,591.87,Hibernating,0,591.87,16059094.09700002,96.42527944148856,3586
13369.0,616.5600000000001,1,298,-44.53,1.0,22.0,572.0300000000001,1.0,0.07222330349033346,366,1,616.5600000000001,Hibernating,0,616.5600000000001,16059666.127000019,96.42871414037415,3587
15821.0,570.96,2,202,0.0,0.0,0.0,570.96,0.0,0.0,45,2,570.96,New / Promising,17,285.48,16060237.08700002,96.43214241454811,3588
17122.0,570.5,4,368,0.0,0.0,0.0,570.5,0.0,0.0,120,4,570.5,Potential Loyalists,380,142.625,16060807.58700002,96.4355679266965,3589
15857.0,570.48,2,584,0.0,0.0,0.0,570.48,0.0,0.0,19,2,570.48,New / Promising,412,285.24,16061378.06700002,96.43899331875683,3590
14170.0,570.18,3,270,0.0,0.0,0.0,570.18,0.0,0.0,376,3,570.18,At Risk,20,190.06,16061948.24700002,96.44241690949612,3591
17433.0,569.96,2,305,0.0,0.0,0.0,569.96,0.0,0.0,89,2,569.96,Potential Loyalists,297,284.98,16062518.20700002,96.44583917926667,3592
15169.0,569.22,2,356,0.0,0.0,0.0,569.22,0.0,0.0,383,2,569.22,Hibernating,344,284.61,16063087.427000022,96.44925700577869,3593
15920.0,569.14,9,238,0.0,0.0,0.0,569.14,0.0,0.0,155,9,569.14,Potential Loyalists,571,63.23777777777778,16063656.567000022,96.45267435193844,3594
18244.0,568.64,2,856,0.0,0.0,0.0,568.64,0.0,0.0,431,2,568.64,At Risk,72,284.32,16064225.207000023,96.45608869589648,3595
17035.0,613.59,4,327,-45.199999999999996,1.0,28.0,568.39,0.25,0.07366482504604051,246,4,613.59,At Risk,491,153.3975,16064793.597000023,96.45950153875367,3596
15018.0,607.46,3,210,-39.95,1.0,1.0,567.51,0.3333333333333333,0.06576564712079808,39,3,607.46,Loyal Customers,329,202.48666666666668,16065361.107000023,96.46290909773583,3597
13321.0,567.36,2,372,0.0,0.0,0.0,567.36,0.0,0.0,73,2,567.36,Needs Attention,14,283.68,16065928.467000023,96.4663157560575,3598
16667.0,567.1800000000001,2,236,0.0,0.0,0.0,567.1800000000001,0.0,0.0,69,2,567.1800000000001,Needs Attention,216,283.59000000000003,16066495.647000022,96.46972133358655,3599
14208.0,567.05,2,529,0.0,0.0,0.0,567.05,0.0,0.0,95,2,567.05,Needs Attention,457,283.525,16067062.697000023,96.47312613054315,3600
14173.0,586.0,6,194,-19.05,1.0,3.0,566.95,0.16666666666666666,0.03250853242320819,11,6,586.0,Loyal Customers,720,97.66666666666669,16067629.647000022,96.47653032705941,3601
15627.0,566.9,2,344,0.0,0.0,0.0,566.9,0.0,0.0,458,2,566.9,Hibernating,65,283.45,16068196.547000023,96.4799342233555,3602
13998.0,566.7,3,204,0.0,0.0,0.0,566.7,0.0,0.0,447,3,566.7,At Risk,130,188.9,16068763.247000022,96.48333691877092,3603
18150.0,566.58,3,332,0.0,0.0,0.0,566.58,0.0,0.0,33,3,566.58,Loyal Customers,169,188.86,16069329.827000022,96.48673889365791,3604
12384.0,585.27,2,126,-19.11,1.0,5.0,566.16,0.5,0.03265159669895946,29,2,585.27,New / Promising,93,292.635,16069895.987000022,96.49013834669547,3605
15143.0,563.63,2,320,0.0,0.0,0.0,563.63,0.0,0.0,226,2,563.63,Hibernating,207,281.815,16070459.617000023,96.49352260859241,3606
16590.0,605.9,2,240,-42.3,1.0,6.0,563.6,0.5,0.06981350057765308,401,2,605.9,Hibernating,14,302.95,16071023.217000023,96.49690669035724,3607
12790.0,591.85,2,306,-28.4,1.0,6.0,563.45,0.5,0.0479851313677452,193,2,591.85,Hibernating,218,295.925,16071586.667000022,96.50028987146153,3608
17665.0,563.1,1,690,0.0,0.0,0.0,563.1,0.0,0.0,494,1,563.1,Hibernating,0,563.1,16072149.767000021,96.50367095102465,3609
14986.0,563.1,2,338,0.0,0.0,0.0,563.1,0.0,0.0,377,2,563.1,Hibernating,308,281.55,16072712.867000021,96.50705203058776,3610
17195.0,562.98,1,486,0.0,0.0,0.0,562.98,0.0,0.0,656,1,562.98,Hibernating,0,562.98,16073275.847000021,96.51043238962247,3611
17970.0,562.79,1,513,0.0,0.0,0.0,562.79,0.0,0.0,212,1,562.79,Hibernating,0,562.79,16073838.63700002,96.51381160782051,3612
17014.0,583.4300000000001,3,243,-20.75,1.0,5.0,562.6800000000001,0.3333333333333333,0.03556553485422415,9,3,583.4300000000001,Loyal Customers,58,194.4766666666667,16074401.31700002,96.51719016553419,3613
17233.0,560.86,3,298,0.0,0.0,0.0,560.86,0.0,0.0,36,3,560.86,Loyal Customers,689,186.95333333333332,16074962.17700002,96.52055779523366,3614
17413.0,560.14,2,302,0.0,0.0,0.0,560.14,0.0,0.0,405,2,560.14,At Risk,165,280.07,16075522.31700002,96.52392110176267,3615
14273.0,559.97,4,264,0.0,0.0,0.0,559.97,0.0,0.0,52,4,559.97,Loyal Customers,191,139.9925,16076082.287000021,96.5272833875431,3616
15415.0,559.61,1,551,0.0,0.0,0.0,559.61,0.0,0.0,314,1,559.61,Hibernating,0,559.61,16076641.89700002,96.53064351173829,3617
15198.0,571.35,5,327,-11.9,1.0,2.0,559.45,0.2,0.0208278638312768,93,5,571.35,Potential Loyalists,597,114.27,16077201.34700002,96.53400267522892,3618
17503.0,558.96,2,486,0.0,0.0,0.0,558.96,0.0,0.0,3,2,558.96,Loyal Customers,36,279.48,16077760.30700002,96.53735889656191,3619
14592.0,557.94,3,407,0.0,0.0,0.0,557.94,0.0,0.0,36,3,557.94,Loyal Customers,29,185.98,16078318.24700002,96.5407089934034,3620
13424.0,572.77,1,529,-14.85,1.0,3.0,557.92,1.0,0.025926637219128097,450,1,572.77,Hibernating,0,572.77,16078876.16700002,96.54405897015683,3621
13260.0,557.62,1,142,0.0,0.0,0.0,557.62,0.0,0.0,62,1,557.62,Needs Attention,0,557.62,16079433.78700002,96.54740714558922,3622
13406.0,568.92,2,292,-11.7,1.0,6.0,557.2199999999999,0.5,0.020565281586163258,428,2,568.92,Hibernating,204,284.46,16079991.00700002,96.55075291926025,3623
16720.0,758.74,3,460,-202.05,1.0,8.0,556.69,0.3333333333333333,0.2662967551466906,27,3,758.74,Loyal Customers,696,252.91333333333333,16080547.69700002,96.55409551059748,3624
18127.0,556.13,4,250,0.0,0.0,0.0,556.13,0.0,0.0,20,4,556.13,Loyal Customers,384,139.0325,16081103.82700002,96.55743473946879,3625
13816.0,571.6700000000001,2,269,-16.63,2.0,9.0,555.0400000000001,1.0,0.029090209386534185,24,2,571.6700000000001,New / Promising,41,285.83500000000004,16081658.86700002,96.56076742354037,3626
15102.0,554.67,2,339,0.0,0.0,0.0,554.67,0.0,0.0,531,2,554.67,Hibernating,16,277.335,16082213.53700002,96.56409788598269,3627
15634.0,554.65,2,227,0.0,0.0,0.0,554.65,0.0,0.0,18,2,554.65,New / Promising,366,277.325,16082768.18700002,96.56742822833695,3628
15597.0,563.37,2,393,-8.850000000000001,1.0,3.0,554.52,0.5,0.015709036689919593,36,2,563.37,New / Promising,540,281.685,16083322.707000019,96.57075779011876,3629
16641.0,554.5,2,454,0.0,0.0,0.0,554.5,0.0,0.0,106,2,554.5,Needs Attention,596,277.25,16083877.207000019,96.57408723181251,3630
17407.0,552.9,1,426,0.0,0.0,0.0,552.9,0.0,0.0,412,1,552.9,Hibernating,0,552.9,16084430.10700002,96.57740706646078,3631
12879.0,573.22,3,370,-20.650000000000002,1.0,7.0,552.57,0.3333333333333333,0.036024562995010646,45,3,573.22,Loyal Customers,47,191.07333333333332,16084982.67700002,96.58072491965595,3632
17016.0,552.4,1,309,0.0,0.0,0.0,552.4,0.0,0.0,577,1,552.4,Hibernating,0,552.4,16085535.07700002,96.58404175210251,3633
12363.0,552.0,2,408,0.0,0.0,0.0,552.0,0.0,0.0,110,2,552.0,Needs Attention,133,276.0,16086087.07700002,96.58735618278772,3634
15315.0,570.5,2,862,-18.96,1.0,24.0,551.54,0.5,0.03323400525854514,65,2,570.5,Needs Attention,52,285.25,16086638.61700002,96.59066785144735,3635
13677.0,551.24,2,217,0.0,0.0,0.0,551.24,0.0,0.0,405,2,551.24,Hibernating,116,275.62,16087189.85700002,96.59397771878596,3636
16414.0,551.21,5,201,0.0,0.0,0.0,551.21,0.0,0.0,22,5,551.21,Loyal Customers,673,110.242,16087741.06700002,96.59728740599247,3637
17291.0,550.8000000000001,1,72,0.0,0.0,0.0,550.8000000000001,0.0,0.0,309,1,550.8000000000001,Hibernating,0,550.8000000000001,16088291.867000021,96.60059463139359,3638
17265.0,550.01,2,389,0.0,0.0,0.0,550.01,0.0,0.0,139,2,550.01,Potential Loyalists,42,275.005,16088841.87700002,96.603897113316,3639
12390.0,549.84,1,353,0.0,0.0,0.0,549.84,0.0,0.0,80,1,549.84,Needs Attention,0,549.84,16089391.71700002,96.60719857448983,3640
16111.0,549.33,1,233,0.0,0.0,0.0,549.33,0.0,0.0,429,1,549.33,Hibernating,0,549.33,16089941.04700002,96.61049697341791,3641
15055.0,549.12,3,225,0.0,0.0,0.0,549.12,0.0,0.0,475,3,549.12,At Risk,249,183.04,16090490.16700002,96.61379411142129,3642
15200.0,549.0500000000001,1,195,0.0,0.0,0.0,549.0500000000001,0.0,0.0,495,1,549.0500000000001,Hibernating,0,549.0500000000001,16091039.21700002,96.61709082911642,3643
16936.0,548.29,2,339,0.0,0.0,0.0,548.29,0.0,0.0,26,2,548.29,Loyal Customers,360,274.145,16091587.50700002,96.62038298346494,3644
18039.0,548.22,4,555,0.0,0.0,0.0,548.22,0.0,0.0,375,4,548.22,At Risk,266,137.055,16092135.72700002,96.62367471750524,3645
16031.0,547.9,2,421,0.0,0.0,0.0,547.9,0.0,0.0,93,2,547.9,Needs Attention,155,273.95,16092683.62700002,96.62696453013645,3646
15830.0,576.0,1,415,-28.3,1.0,6.0,547.7,1.0,0.04913194444444444,38,1,576.0,New / Promising,0,576.0,16093231.32700002,96.63025314188697,3647
16811.0,547.07,2,477,0.0,0.0,0.0,547.07,0.0,0.0,5,2,547.07,New / Promising,13,273.535,16093778.39700002,96.63353797086333,3648
17637.0,547.0600000000001,2,280,0.0,0.0,0.0,547.0600000000001,0.0,0.0,32,2,547.0600000000001,Loyal Customers,84,273.53000000000003,16094325.45700002,96.63682273979568,3649
17295.0,547.0,3,293,0.0,0.0,0.0,547.0,0.0,0.0,29,3,547.0,Loyal Customers,36,182.33333333333331,16094872.45700002,96.64010714846381,3650
17520.0,546.81,1,365,0.0,0.0,0.0,546.81,0.0,0.0,54,1,546.81,New / Promising,0,546.81,16095419.267000021,96.64339041629529,3651
15080.0,546.25,2,287,0.0,0.0,0.0,546.25,0.0,0.0,428,2,546.25,Hibernating,74,273.125,16095965.517000021,96.64667032166085,3652
17806.0,546.04,1,727,0.0,0.0,0.0,546.04,0.0,0.0,12,1,546.04,New / Promising,0,546.04,16096511.55700002,96.64994896610169,3653
13684.0,594.88,4,234,-50.46,2.0,12.0,544.42,0.5,0.0848238300161377,286,4,594.88,At Risk,336,148.72,16097055.97700002,96.65321788340901,3654
16475.0,544.3,4,319,0.0,0.0,0.0,544.3,0.0,0.0,89,4,544.3,Potential Loyalists,185,136.075,16097600.277000021,96.65648608018793,3655
13390.0,544.08,1,224,0.0,0.0,0.0,544.08,0.0,0.0,75,1,544.08,Needs Attention,0,544.08,16098144.357000021,96.65975295599809,3656
13955.0,544.0699999999999,3,272,0.0,0.0,0.0,544.0699999999999,0.0,0.0,155,3,544.0699999999999,Potential Loyalists,221,181.35666666666663,16098688.427000022,96.66301977176421,3657
14716.0,543.28,3,643,0.0,0.0,0.0,543.28,0.0,0.0,44,3,543.28,Loyal Customers,401,181.09333333333333,16099231.70700002,96.66628184405162,3658
13008.0,612.13,3,379,-68.85,4.0,67.0,543.28,1.3333333333333333,0.11247610801627105,324,3,612.13,At Risk,400,204.0433333333333,16099774.98700002,96.66954391633905,3659
16927.0,543.05,3,993,0.0,0.0,0.0,543.05,0.0,0.0,116,3,543.05,Potential Loyalists,246,181.01666666666665,16100318.037000021,96.6728046076137,3660
15598.0,548.02,2,404,-5.0,2.0,4.0,543.02,1.0,0.009123754607496077,54,2,548.02,New / Promising,374,274.01,16100861.05700002,96.67606511875623,3661
15959.0,542.89,3,269,0.0,0.0,0.0,542.89,0.0,0.0,683,3,542.89,At Risk,0,180.9633333333333,16101403.947000021,96.67932484932633,3662
16519.0,542.76,4,174,0.0,0.0,0.0,542.76,0.0,0.0,26,4,542.76,Loyal Customers,623,135.69,16101946.70700002,96.68258379932398,3663
13785.0,542.49,4,151,0.0,0.0,0.0,542.49,0.0,0.0,429,4,542.49,At Risk,32,135.6225,16102489.197000021,96.6858411281327,3664
15675.0,542.04,4,624,0.0,0.0,0.0,542.04,0.0,0.0,82,4,542.04,Potential Loyalists,323,135.51,16103031.23700002,96.68909575495988,3665
16230.0,542.03,2,365,0.0,0.0,0.0,542.03,0.0,0.0,190,2,542.03,Needs Attention,31,271.015,16103573.26700002,96.69235032174304,3666
16060.0,541.95,3,243,0.0,0.0,0.0,541.95,0.0,0.0,401,3,541.95,At Risk,94,180.65,16104115.217000019,96.69560440817392,3667
16647.0,541.9,4,396,0.0,0.0,0.0,541.9,0.0,0.0,170,4,541.9,Potential Loyalists,375,135.475,16104657.11700002,96.69885819438463,3668
17447.0,541.53,2,443,0.0,0.0,0.0,541.53,0.0,0.0,41,2,541.53,Loyal Customers,31,270.765,16105198.647000019,96.70210975896607,3669
17643.0,541.25,2,297,0.0,0.0,0.0,541.25,0.0,0.0,374,2,541.25,At Risk,132,270.625,16105739.897000019,96.70535964231458,3670
17580.0,541.02,5,223,0.0,0.0,0.0,541.02,0.0,0.0,253,5,541.02,At Risk,170,108.204,16106280.917000018,96.70860814465027,3671
12819.0,540.52,1,344,0.0,0.0,0.0,540.52,0.0,0.0,459,1,540.52,Hibernating,0,540.52,16106821.437000018,96.71185364478426,3672
12743.0,540.13,2,315,0.0,0.0,0.0,540.13,0.0,0.0,135,2,540.13,Needs Attention,0,270.065,16107361.567000018,96.71509680320094,3673
18056.0,554.6,2,334,-14.85,1.0,3.0,539.75,0.5,0.02677605481428056,289,2,554.6,At Risk,330,277.3,16107901.317000018,96.71833767994431,3674
15546.0,1079.1000000000001,2,198,-539.5500000000001,1.0,99.0,539.5500000000001,0.5,0.5,607,2,1079.1,Hibernating,0,539.5500000000001,16108440.86700002,96.721577355807,3675
15650.0,553.88,2,210,-14.85,1.0,3.0,539.03,0.5,0.026810861558460315,522,2,553.88,Hibernating,107,276.94,16108979.897000019,96.7248139093799,3676
13812.0,539.0,3,333,0.0,0.0,0.0,539.0,0.0,0.0,43,3,539.0,Loyal Customers,63,179.66666666666666,16109518.897000019,96.7280502828207,3677
15539.0,538.46,1,410,0.0,0.0,0.0,538.46,0.0,0.0,8,1,538.46,New / Promising,0,538.46,16110057.35700002,96.73128341388369,3678
16536.0,548.12,1,250,-9.95,1.0,1.0,538.17,1.0,0.01815295920601328,111,1,548.12,Needs Attention,0,548.12,16110595.52700002,96.73451480366965,3679
14539.0,537.48,2,428,0.0,0.0,0.0,537.48,0.0,0.0,16,2,537.48,New / Promising,29,268.74,16111133.00700002,96.73774205041727,3680
16804.0,536.99,3,246,0.0,0.0,0.0,536.99,0.0,0.0,24,3,536.99,Loyal Customers,247,178.99666666666667,16111669.99700002,96.74096635500722,3681
13948.0,548.76,4,248,-11.9,1.0,2.0,536.86,0.25,0.02168525402726146,361,4,548.76,At Risk,375,137.19,16112206.85700002,96.74418987902472,3682
17011.0,671.7,3,792,-135.0,1.0,108.0,536.7,0.3333333333333333,0.2009825815096025,31,3,671.7,Loyal Customers,621,223.9,16112743.557000019,96.74741244233766,3683
18140.0,536.41,1,395,0.0,0.0,0.0,536.41,0.0,0.0,474,1,536.41,Hibernating,0,536.41,16113279.967000019,96.75063326437362,3684
12559.0,561.71,2,283,-25.5,1.0,2.0,536.21,0.5,0.045397091025618196,311,2,561.71,Hibernating,9,280.855,16113816.17700002,96.75385288552891,3685
13894.0,564.62,3,354,-28.65,2.0,15.0,535.97,0.6666666666666666,0.05074209202649569,24,3,564.62,Loyal Customers,287,188.20666666666668,16114352.14700002,96.75707106562737,3686
13207.0,535.86,4,178,0.0,0.0,0.0,535.86,0.0,0.0,16,4,535.86,Loyal Customers,597,133.965,16114888.00700002,96.76028858524145,3687
15890.0,535.65,5,119,0.0,0.0,0.0,535.65,0.0,0.0,395,5,535.65,At Risk,210,107.13,16115423.65700002,96.76350484393083,3688
13024.0,555.87,2,181,-20.45,1.0,7.0,535.42,0.5,0.03678917732563369,471,2,555.87,Hibernating,112,277.935,16115959.07700002,96.7667197216074,3689
16142.0,535.34,1,422,0.0,0.0,0.0,535.34,0.0,0.0,250,1,535.34,Hibernating,0,535.34,16116494.41700002,96.76993411893172,3690
12810.0,534.99,2,389,0.0,0.0,0.0,534.99,0.0,0.0,535,2,534.99,Hibernating,142,267.495,16117029.40700002,96.77314641471483,3691
13385.0,534.57,1,281,0.0,0.0,0.0,534.57,0.0,0.0,330,1,534.57,Hibernating,0,534.57,16117563.97700002,96.7763561886485,3692
17443.0,534.24,1,504,0.0,0.0,0.0,534.24,0.0,0.0,220,1,534.24,Hibernating,0,534.24,16118098.21700002,96.77956398112906,3693
16785.0,533.78,1,313,0.0,0.0,0.0,533.78,0.0,0.0,410,1,533.78,Hibernating,0,533.78,16118631.99700002,96.78276901158404,3694
16707.0,533.41,4,396,0.0,0.0,0.0,533.41,0.0,0.0,401,4,533.41,At Risk,240,133.3525,16119165.40700002,96.78597182040974,3695
15825.0,532.94,1,220,0.0,0.0,0.0,532.94,0.0,0.0,173,1,532.94,Needs Attention,0,532.94,16119698.34700002,96.78917180716586,3696
15659.0,532.49,3,161,0.0,0.0,0.0,532.49,0.0,0.0,44,3,532.49,Loyal Customers,610,177.49666666666667,16120230.83700002,96.79236909194043,3697
14940.0,531.49,2,384,0.0,0.0,0.0,531.49,0.0,0.0,418,2,531.49,Hibernating,316,265.745,16120762.32700002,96.7955603723116,3698
16583.0,531.4,2,264,0.0,0.0,0.0,531.4,0.0,0.0,374,2,531.4,Hibernating,300,265.7,16121293.72700002,96.79875111228645,3699
16706.0,531.35,3,249,0.0,0.0,0.0,531.35,0.0,0.0,38,3,531.35,Loyal Customers,77,177.11666666666667,16121825.07700002,96.80194155204113,3700
16935.0,530.86,3,273,0.0,0.0,0.0,530.86,0.0,0.0,382,3,530.86,At Risk,40,176.95333333333335,16122355.93700002,96.80512904963813,3701
15917.0,530.17,5,248,0.0,0.0,0.0,530.17,0.0,0.0,248,5,530.17,At Risk,490,106.034,16122886.10700002,96.80831240419678,3702
18159.0,530.15,1,139,0.0,0.0,0.0,530.15,0.0,0.0,302,1,530.15,Hibernating,0,530.15,16123416.25700002,96.81149563866737,3703
14002.0,529.73,2,877,0.0,0.0,0.0,529.73,0.0,0.0,135,2,529.73,Needs Attention,22,264.865,16123945.98700002,96.81467635128853,3704
17681.0,731.2,5,450,-201.6,1.0,96.0,529.6,0.2,0.27571115973741794,598,5,731.2,At Risk,96,146.24,16124475.58700002,96.81785628333722,3705
17458.0,529.58,2,282,0.0,0.0,0.0,529.58,0.0,0.0,16,2,529.58,Loyal Customers,366,264.79,16125005.16700002,96.82103609529786,3706
18191.0,529.4,2,332,0.0,0.0,0.0,529.4,0.0,0.0,262,2,529.4,At Risk,216,264.7,16125534.56700002,96.82421482646588,3707
15842.0,548.8000000000001,2,296,-20.05,1.0,8.0,528.7500000000001,0.5,0.03653425655976676,394,2,548.8000000000001,Hibernating,134,274.40000000000003,16126063.31700002,96.82738965477168,3708
13057.0,709.59,3,456,-181.34999999999997,1.0,13.0,528.24,0.3333333333333333,0.255570117955439,531,3,709.59,At Risk,101,236.53,16126591.55700002,96.83056142083174,3709
15115.0,531.85,2,245,-3.75,1.0,1.0,528.1,0.5,0.007050860204945003,19,2,531.85,New / Promising,714,265.925,16127119.65700002,96.83373234627533,3710
15756.0,528.01,4,241,0.0,0.0,0.0,528.01,0.0,0.0,62,4,528.01,Potential Loyalists,188,132.0025,16127647.66700002,96.8369027313226,3711
18098.0,527.94,1,215,0.0,0.0,0.0,527.94,0.0,0.0,397,1,527.94,Hibernating,0,527.94,16128175.60700002,96.84007269606163,3712
14616.0,527.78,5,170,0.0,0.0,0.0,527.78,0.0,0.0,243,5,527.78,At Risk,306,105.556,16128703.387000019,96.84324170009612,3713
18053.0,571.07,3,409,-43.300000000000004,3.0,7.0,527.7700000000001,1.0,0.07582257866811425,71,3,571.07,Potential Loyalists,457,190.35666666666668,16129231.157000018,96.84641064408656,3714
16421.0,526.27,3,123,0.0,0.0,0.0,526.27,0.0,0.0,377,3,526.27,At Risk,93,175.42333333333332,16129757.427000018,96.8495705814719,3715
14417.0,524.65,1,543,0.0,0.0,0.0,524.65,0.0,0.0,388,1,524.65,Hibernating,0,524.65,16130282.077000018,96.8527207917237,3716
15683.0,524.54,2,332,0.0,0.0,0.0,524.54,0.0,0.0,118,2,524.54,Needs Attention,356,262.27,16130806.617000017,96.85587034149111,3717
17765.0,524.0,4,195,0.0,0.0,0.0,524.0,0.0,0.0,159,4,524.0,Potential Loyalists,290,131.0,16131330.617000017,96.8590166488807,3718
13277.0,523.3,7,382,0.0,0.0,0.0,523.3,0.0,0.0,16,7,523.3,Loyal Customers,524,74.75714285714285,16131853.917000018,96.86215875318788,3719
17712.0,522.91,1,215,0.0,0.0,0.0,522.91,0.0,0.0,45,1,522.91,New / Promising,0,522.91,16132376.827000018,96.86529851577774,3720
13605.0,522.67,2,425,0.0,0.0,0.0,522.67,0.0,0.0,388,2,522.67,Hibernating,184,261.335,16132899.497000018,96.86843683731078,3721
16413.0,522.03,2,283,0.0,0.0,0.0,522.03,0.0,0.0,57,2,522.03,New / Promising,319,261.015,16133421.527000017,96.87157131602562,3722
17514.0,522.0,2,284,0.0,0.0,0.0,522.0,0.0,0.0,129,2,522.0,Potential Loyalists,541,261.0,16133943.527000017,96.87470561460839,3723
12956.0,521.89,4,340,0.0,0.0,0.0,521.89,0.0,0.0,307,4,521.89,At Risk,418,130.4725,16134465.417000018,96.87783925270675,3724
17436.0,534.0600000000001,5,178,-12.75,2.0,5.0,521.3100000000001,0.4,0.023873722053701828,2,5,534.0600000000001,Loyal Customers,731,106.812,16134986.727000019,96.88096940825115,3725
15689.0,521.03,3,207,0.0,0.0,0.0,521.03,0.0,0.0,120,3,521.03,Potential Loyalists,498,173.67666666666665,16135507.757000018,96.88409788256259,3726
13977.0,519.8100000000001,1,303,0.0,0.0,0.0,519.8100000000001,0.0,0.0,412,1,519.8100000000001,Hibernating,0,519.8100000000001,16136027.567000018,96.88721903150186,3727
13287.0,781.59,3,429,-261.92,4.0,192.0,519.6700000000001,1.3333333333333333,0.3351117593623255,604,3,781.59,At Risk,101,260.53000000000003,16136547.237000018,96.89033933982465,3728
12571.0,519.61,2,523,0.0,0.0,0.0,519.61,0.0,0.0,40,2,519.61,New / Promising,82,259.805,16137066.847000018,96.89345928788323,3729
12777.0,519.45,1,458,0.0,0.0,0.0,519.45,0.0,0.0,458,1,519.45,Hibernating,0,519.45,16137586.297000017,96.89657827523726,3730
16001.0,583.39,1,337,-64.33,1.0,32.0,519.06,1.0,0.1102692881262963,382,1,583.39,Hibernating,0,583.39,16138105.357000018,96.89969492087397,3731
13190.0,570.66,3,308,-51.9,1.0,2.0,518.76,0.3333333333333333,0.09094732415098307,545,3,570.66,At Risk,188,190.22,16138624.117000017,96.90280976518966,3732
12825.0,518.63,2,139,0.0,0.0,0.0,518.63,0.0,0.0,522,2,518.63,Hibernating,120,259.315,16139142.747000018,96.9059238289329,3733
13600.0,518.42,2,599,0.0,0.0,0.0,518.42,0.0,0.0,313,2,518.42,Hibernating,322,259.21,16139661.167000018,96.90903663175142,3734
18205.0,517.36,2,192,0.0,0.0,0.0,517.36,0.0,0.0,37,2,517.36,Loyal Customers,38,258.68,16140178.527000017,96.91214306990233,3735
14429.0,516.28,1,286,0.0,0.0,0.0,516.28,0.0,0.0,404,1,516.28,Hibernating,0,516.28,16140694.807000017,96.91524302329752,3736
13859.0,515.86,2,167,0.0,0.0,0.0,515.86,0.0,0.0,327,2,515.86,Hibernating,203,257.93,16141210.667000016,96.9183404548433,3737
18243.0,515.78,1,221,0.0,0.0,0.0,515.78,0.0,0.0,415,1,515.78,Hibernating,0,515.78,16141726.447000016,96.9214374060368,3738
17510.0,514.56,2,422,0.0,0.0,0.0,514.56,0.0,0.0,25,2,514.56,Loyal Customers,396,257.28,16142241.007000016,96.92452703185815,3739
18212.0,514.37,2,158,0.0,0.0,0.0,514.37,0.0,0.0,327,2,514.37,At Risk,351,257.185,16142755.377000015,96.92761551684283,3740
12897.0,514.25,4,249,0.0,0.0,0.0,514.25,0.0,0.0,205,4,514.25,At Risk,339,128.5625,16143269.627000015,96.93070328129912,3741
12977.0,513.88,4,128,0.0,0.0,0.0,513.88,0.0,0.0,157,4,513.88,Potential Loyalists,355,128.47,16143783.507000016,96.93378882412614,3742
18011.0,513.58,2,196,0.0,0.0,0.0,513.58,0.0,0.0,374,2,513.58,At Risk,194,256.79,16144297.087000016,96.93687256563214,3743
16829.0,513.32,2,215,0.0,0.0,0.0,513.32,0.0,0.0,157,2,513.32,Needs Attention,232,256.66,16144810.407000016,96.93995474599323,3744
16576.0,540.87,2,323,-27.7,3.0,14.0,513.17,1.5,0.051213785197921864,421,2,540.87,Hibernating,101,270.435,16145323.577000016,96.94303602569383,3745
13177.0,512.2,2,180,0.0,0.0,0.0,512.2,0.0,0.0,65,2,512.2,Needs Attention,366,256.1,16145835.777000016,96.94611148112311,3746
15467.0,524.88,3,310,-13.0,1.0,4.0,511.88,0.3333333333333333,0.024767565919829294,10,3,524.88,Loyal Customers,143,174.96,16146347.657000016,96.9491850151433,3747
15691.0,571.3,4,212,-59.5,1.0,10.0,511.79999999999995,0.25,0.10414843339751445,253,4,571.3,At Risk,481,142.825,16146859.457000017,96.95225806881122,3748
15891.0,511.68,1,418,0.0,0.0,0.0,511.68,0.0,0.0,227,1,511.68,Hibernating,0,511.68,16147371.137000017,96.95533040195072,3749
15655.0,560.6700000000001,1,324,-49.35,1.0,5.0,511.32000000000005,1.0,0.0880196907271657,244,1,560.6700000000001,Hibernating,0,560.6700000000001,16147882.457000017,96.95840057350499,3750
12361.0,511.25,4,235,0.0,0.0,0.0,511.25,0.0,0.0,288,4,511.25,At Risk,395,127.8125,16148393.707000017,96.96147032475103,3751
16561.0,511.12,2,244,0.0,0.0,0.0,511.12,0.0,0.0,6,2,511.12,New / Promising,54,255.56,16148904.827000016,96.96453929542461,3752
13367.0,510.2,1,253,0.0,0.0,0.0,510.2,0.0,0.0,432,1,510.2,Hibernating,0,510.2,16149415.027000016,96.96760274204705,3753
13807.0,534.8,3,152,-24.9,1.0,2.0,509.9,0.3333333333333333,0.046559461480927454,368,3,534.8,At Risk,368,178.26666666666665,16149924.927000016,96.97066438734848,3754
16406.0,528.36,3,257,-18.7,1.0,22.0,509.66,0.3333333333333333,0.03539253539253539,19,3,528.36,Loyal Customers,635,176.12,16150434.587000016,96.9737245915931,3755
13710.0,509.52,3,336,0.0,0.0,0.0,509.52,0.0,0.0,32,3,509.52,Loyal Customers,581,169.84,16150944.107000016,96.97678395522121,3756
14034.0,648.89,3,420,-139.8,1.0,108.0,509.09,0.3333333333333333,0.2154448365670607,23,3,648.89,Loyal Customers,135,216.29666666666665,16151453.197000016,96.97984073695586,3757
12436.0,509.01,1,211,0.0,0.0,0.0,509.01,0.0,0.0,100,1,509.01,Needs Attention,0,509.01,16151962.207000015,96.98289703833825,3758
17524.0,539.14,3,362,-30.24,1.0,72.0,508.9,0.3333333333333333,0.05608932744741625,362,3,539.14,At Risk,77,179.71333333333334,16152471.107000016,96.98595267923626,3759
17391.0,508.8,2,480,0.0,0.0,0.0,508.8,0.0,0.0,164,2,508.8,Potential Loyalists,1,254.4,16152979.907000016,96.98900771969394,3760
15417.0,508.8,1,284,0.0,0.0,0.0,508.8,0.0,0.0,86,1,508.8,Needs Attention,0,508.8,16153488.707000017,96.99206276015161,3761
14317.0,508.58,1,255,0.0,0.0,0.0,508.58,0.0,0.0,65,1,508.58,Needs Attention,0,508.58,16153997.287000017,96.99511647964053,3762
13067.0,508.51,3,131,0.0,0.0,0.0,508.51,0.0,0.0,83,3,508.51,Potential Loyalists,364,169.50333333333333,16154505.797000017,96.99816977882121,3763
13594.0,533.32,2,396,-24.9,1.0,2.0,508.4200000000001,0.5,0.04668866721668041,53,2,533.32,New / Promising,433,266.66,16155014.217000017,97.00122253760559,3764
14552.0,507.93,3,258,0.0,0.0,0.0,507.93,0.0,0.0,152,3,507.93,Potential Loyalists,441,169.31,16155522.147000017,97.00427235423227,3765
17415.0,507.84,1,114,0.0,0.0,0.0,507.84,0.0,0.0,80,1,507.84,Needs Attention,0,507.84,16156029.987000016,97.00732163046266,3766
14158.0,507.65999999999997,1,781,0.0,0.0,0.0,507.65999999999997,0.0,0.0,41,1,507.66,New / Promising,0,507.66,16156537.647000017,97.01036982590043,3767
17384.0,507.55,3,121,0.0,0.0,0.0,507.55,0.0,0.0,20,3,507.55,Loyal Customers,448,169.18333333333334,16157045.197000017,97.01341736085384,3768
13885.0,506.8,2,182,0.0,0.0,0.0,506.8,0.0,0.0,190,2,506.8,Needs Attention,11,253.4,16157551.997000018,97.01646039250468,3769
13123.0,506.75,2,268,0.0,0.0,0.0,506.75,0.0,0.0,473,2,506.75,Hibernating,57,253.375,16158058.747000018,97.01950312393535,3770
14647.0,506.04,2,175,0.0,0.0,0.0,506.04,0.0,0.0,202,2,506.04,Hibernating,322,253.02,16158564.787000017,97.02254159223959,3771
12988.0,505.82,1,126,0.0,0.0,0.0,505.82,0.0,0.0,293,1,505.82,Hibernating,0,505.82,16159070.607000018,97.02557873957508,3772
18207.0,544.47,1,325,-39.349999999999994,2.0,25.0,505.12,2.0,0.07227211783936671,500,1,544.47,Hibernating,0,544.47,16159575.727000017,97.02861168382817,3773
14807.0,504.14,2,234,0.0,0.0,0.0,504.14,0.0,0.0,391,2,504.14,Hibernating,259,252.07,16160079.867000017,97.03163874376592,3774
17630.0,503.6,2,158,0.0,0.0,0.0,503.6,0.0,0.0,170,2,503.6,Potential Loyalists,63,251.8,16160583.467000017,97.03466256132583,3775
12376.0,503.15,2,240,0.0,0.0,0.0,503.15,0.0,0.0,390,2,503.15,Hibernating,28,251.575,16161086.617000017,97.03768367690421,3776
12419.0,503.01,2,231,0.0,0.0,0.0,503.01,0.0,0.0,386,2,503.01,Hibernating,28,251.505,16161589.627000017,97.0407039518661,3777
17266.0,501.72,5,243,0.0,0.0,0.0,501.72,0.0,0.0,3,5,501.72,Loyal Customers,638,100.344,16162091.347000018,97.04371648114758,3778
13865.0,501.56,4,204,0.0,0.0,0.0,501.56,0.0,0.0,59,4,501.56,Loyal Customers,231,125.39,16162592.907000018,97.04672804972454,3779
14968.0,501.24,2,257,0.0,0.0,0.0,501.24,0.0,0.0,31,2,501.24,New / Promising,428,250.62,16163094.147000019,97.0497376968924,3780
13247.0,501.12,4,328,0.0,0.0,0.0,501.12,0.0,0.0,18,4,501.12,Loyal Customers,65,125.28,16163595.267000018,97.05274662353182,3781
18049.0,500.92,2,402,0.0,0.0,0.0,500.92,0.0,0.0,438,2,500.92,At Risk,153,250.46,16164096.187000018,97.05575434929058,3782
17248.0,500.54,2,276,0.0,0.0,0.0,500.54,0.0,0.0,121,2,500.54,Potential Loyalists,361,250.27,16164596.727000017,97.05875979337603,3783
16616.0,500.42,2,370,0.0,0.0,0.0,500.42,0.0,0.0,16,2,500.42,New / Promising,142,250.21,16165097.147000017,97.06176451693308,3784
12366.0,500.24,1,296,0.0,0.0,0.0,500.24,0.0,0.0,634,1,500.24,Hibernating,0,500.24,16165597.387000017,97.06476815969751,3785
17110.0,499.9,3,136,0.0,0.0,0.0,499.9,0.0,0.0,166,3,499.9,Potential Loyalists,445,166.63333333333333,16166097.287000017,97.06776976096478,3786
13553.0,499.6,1,201,0.0,0.0,0.0,499.6,0.0,0.0,675,1,499.6,Hibernating,0,499.6,16166596.887000017,97.07076956091103,3787
15193.0,499.32,1,144,0.0,0.0,0.0,499.32,0.0,0.0,61,1,499.32,Needs Attention,0,499.32,16167096.207000017,97.07376767962432,3788
16402.0,499.1,2,248,0.0,0.0,0.0,499.1,0.0,0.0,265,2,499.1,Hibernating,105,249.55,16167595.307000017,97.07676447736885,3789
17256.0,498.93,5,299,0.0,0.0,0.0,498.93,0.0,0.0,108,5,498.93,Potential Loyalists,493,99.786,16168094.237000016,97.07976025436483,3790
14171.0,498.79,2,211,0.0,0.0,0.0,498.79,0.0,0.0,99,2,498.79,Needs Attention,632,249.395,16168593.027000016,97.0827551907443,3791
13961.0,538.4,1,226,-39.7,1.0,4.0,498.7,1.0,0.0737369985141159,393,1,538.4,Hibernating,0,538.4,16169091.727000015,97.08574958672746,3792
14949.0,515.0,4,250,-16.45,2.0,7.0,498.55,0.5,0.03194174757281553,470,4,515.0,At Risk,252,128.75,16169590.277000016,97.08874308205013,3793
16820.0,497.61,1,307,0.0,0.0,0.0,497.61,0.0,0.0,96,1,497.61,Needs Attention,0,497.61,16170087.887000015,97.09173093323358,3794
17335.0,497.04,2,210,0.0,0.0,0.0,497.04,0.0,0.0,384,2,497.04,At Risk,301,248.52,16170584.927000014,97.09471536190708,3795
17923.0,497.0,3,140,0.0,0.0,0.0,497.0,0.0,0.0,283,3,497.0,At Risk,262,165.66666666666666,16171081.927000014,97.09769955040444,3796
15300.0,496.44,1,292,0.0,0.0,0.0,496.44,0.0,0.0,65,1,496.44,Needs Attention,0,496.44,16171578.367000014,97.1006803764359,3797
17053.0,498.48,1,122,-2.1,1.0,1.0,496.38,1.0,0.004212806933076553,131,1,498.48,Needs Attention,0,498.48,16172074.747000014,97.10366084220315,3798
15278.0,496.16,4,458,0.0,0.0,0.0,496.16,0.0,0.0,562,4,496.16,At Risk,104,124.04,16172570.907000015,97.10663998700166,3799
12904.0,496.06,2,294,0.0,0.0,0.0,496.06,0.0,0.0,19,2,496.06,New / Promising,154,248.03,16173066.967000015,97.10961853135981,3800
16977.0,496.0,4,142,0.0,0.0,0.0,496.0,0.0,0.0,396,4,496.0,At Risk,236,124.0,16173562.967000015,97.11259671545378,3801
17995.0,495.48,3,263,0.0,0.0,0.0,495.48,0.0,0.0,282,3,495.48,At Risk,106,165.16,16174058.447000016,97.11557177725794,3802
16352.0,494.44,2,300,0.0,0.0,0.0,494.44,0.0,0.0,18,2,494.44,New / Promising,20,247.22,16174552.887000015,97.11854059448257,3803
17333.0,494.25,1,375,0.0,0.0,0.0,494.25,0.0,0.0,86,1,494.25,Needs Attention,0,494.25,16175047.137000015,97.12150827087055,3804
14008.0,509.04,1,326,-15.3,1.0,6.0,493.74,1.0,0.030056577086280057,433,1,509.04,Hibernating,0,509.04,16175540.877000015,97.12447288501278,3805
14270.0,492.65000000000003,1,197,0.0,0.0,0.0,492.65000000000003,0.0,0.0,332,1,492.65,Hibernating,0,492.65,16176033.527000016,97.1274309543553,3806
18203.0,492.52,4,111,0.0,0.0,0.0,492.52,0.0,0.0,158,4,492.52,Potential Loyalists,574,123.13,16176526.047000015,97.13038824312537,3807
16488.0,498.8,3,728,-6.6,1.0,4.0,492.2,0.3333333333333333,0.013231756214915798,34,3,498.8,Loyal Customers,115,166.26666666666668,16177018.247000014,97.13334361048634,3808
14310.0,492.1,1,230,0.0,0.0,0.0,492.1,0.0,0.0,433,1,492.1,Hibernating,0,492.1,16177510.347000014,97.13629837740696,3809
13732.0,491.86,1,498,0.0,0.0,0.0,491.86,0.0,0.0,29,1,491.86,New / Promising,0,491.86,16178002.207000013,97.13925170327077,3810
17269.0,491.81,1,314,0.0,0.0,0.0,491.81,0.0,0.0,386,1,491.81,Hibernating,0,491.81,16178494.017000014,97.14220472891442,3811
14663.0,490.6,2,397,0.0,0.0,0.0,490.6,0.0,0.0,431,2,490.6,Hibernating,0,245.3,16178984.617000014,97.14515048922992,3812
15000.0,490.52,1,218,0.0,0.0,0.0,490.52,0.0,0.0,48,1,490.52,New / Promising,0,490.52,16179475.137000013,97.14809576919316,3813
14416.0,490.22,2,326,0.0,0.0,0.0,490.22,0.0,0.0,23,2,490.22,New / Promising,20,245.11,16179965.357000014,97.15103924783539,3814
12983.0,490.08,1,638,0.0,0.0,0.0,490.08,0.0,0.0,599,1,490.08,Hibernating,0,490.08,16180455.437000014,97.15398188586111,3815
12634.0,490.0,2,337,0.0,0.0,0.0,490.0,0.0,0.0,536,2,490.0,Hibernating,13,245.0,16180945.437000014,97.15692404353457,3816
17715.0,489.59999999999997,2,576,0.0,0.0,0.0,489.59999999999997,0.0,0.0,201,2,489.6,At Risk,392,244.8,16181435.037000014,97.15986379944667,3817
14722.0,489.52,3,214,0.0,0.0,0.0,489.52,0.0,0.0,148,3,489.52,Potential Loyalists,339,163.17333333333332,16181924.557000013,97.1628030750065,3818
12943.0,496.5,2,222,-7.5,2.0,2.0,489.0,1.0,0.015105740181268883,559,2,496.5,Hibernating,47,248.25,16182413.557000013,97.16573922827654,3819
17925.0,488.16,1,144,0.0,0.0,0.0,488.16,0.0,0.0,373,1,488.16,Hibernating,0,488.16,16182901.717000013,97.16867033784771,3820
17608.0,488.06,4,528,0.0,0.0,0.0,488.06,0.0,0.0,34,4,488.06,Loyal Customers,574,122.015,16183389.777000014,97.17160084697855,3821
13412.0,487.35,1,176,0.0,0.0,0.0,487.35,0.0,0.0,621,1,487.35,Hibernating,0,487.35,16183877.127000013,97.17452709298297,3822
16021.0,487.03,2,276,0.0,0.0,0.0,487.03,0.0,0.0,396,2,487.03,Hibernating,149,243.515,16184364.157000013,97.17745141757828,3823
13675.0,486.82000000000005,2,330,0.0,0.0,0.0,486.82000000000005,0.0,0.0,152,2,486.8200000000001,Needs Attention,133,243.41000000000005,16184850.977000013,97.18037448124888,3824
17453.0,486.72,2,219,0.0,0.0,0.0,486.72,0.0,0.0,18,2,486.72,Loyal Customers,47,243.36,16185337.697000014,97.18329694447915,3825
12920.0,486.64,4,420,0.0,0.0,0.0,486.64,0.0,0.0,18,4,486.64,Loyal Customers,708,121.66,16185824.337000014,97.18621892735713,3826
15138.0,502.52,1,300,-15.93,1.0,22.0,486.59,1.0,0.03170023083658362,394,1,502.52,Hibernating,0,502.52,16186310.927000014,97.18914061001495,3827
13153.0,486.22,1,418,0.0,0.0,0.0,486.22,0.0,0.0,6,1,486.22,New / Promising,0,486.22,16186797.147000015,97.1920600710435,3828
15216.0,486.09000000000003,2,217,0.0,0.0,0.0,486.09000000000003,0.0,0.0,88,2,486.09,Needs Attention,531,243.045,16187283.237000015,97.1949787514996,3829
17658.0,595.42,2,616,-109.54,1.0,94.0,485.87999999999994,0.5,0.1839709784689799,26,2,595.42,Loyal Customers,186,297.71,16187769.117000015,97.197896171031,3830
12443.0,485.31,1,182,0.0,0.0,0.0,485.31,0.0,0.0,733,1,485.31,Hibernating,0,485.31,16188254.427000016,97.20081016805246,3831
13116.0,501.14,1,291,-15.95,1.0,1.0,485.19,1.0,0.03182743345173006,139,1,501.14,Needs Attention,0,501.14,16188739.617000015,97.20372344454549,3832
15447.0,492.88,5,228,-7.95,1.0,1.0,484.93,0.2,0.01612968673916572,331,5,492.88,At Risk,295,98.576,16189224.547000015,97.20663515989362,3833
16999.0,484.82,2,294,0.0,0.0,0.0,484.82,0.0,0.0,24,2,484.82,Loyal Customers,51,242.41,16189709.367000015,97.20954621475741,3834
13733.0,487.03000000000003,2,335,-2.5,1.0,2.0,484.53000000000003,0.5,0.005133154015153071,411,2,487.03,Hibernating,325,243.515,16190193.897000015,97.21245552834418,3835
16024.0,483.99,3,504,0.0,0.0,0.0,483.99,0.0,0.0,13,3,483.99,Loyal Customers,399,161.33,16190677.887000015,97.21536159955312,3836
16603.0,482.47,2,480,0.0,0.0,0.0,482.47,0.0,0.0,75,2,482.47,Needs Attention,17,241.235,16191160.357000016,97.21825854406886,3837
17996.0,482.33,3,587,0.0,0.0,0.0,482.33,0.0,0.0,380,3,482.33,At Risk,167,160.77666666666667,16191642.687000016,97.22115464796813,3838
18216.0,481.75,1,200,0.0,0.0,0.0,481.75,0.0,0.0,32,1,481.75,New / Promising,0,481.75,16192124.437000016,97.22404726931342,3839
17106.0,481.58000000000004,1,153,0.0,0.0,0.0,481.58000000000004,0.0,0.0,390,1,481.58,Hibernating,0,481.58,16192606.017000016,97.22693886991011,3840
13176.0,481.49,1,448,0.0,0.0,0.0,481.49,0.0,0.0,47,1,481.49,New / Promising,0,481.49,16193087.507000016,97.22982993011053,3841
15174.0,481.46,2,382,0.0,0.0,0.0,481.46,0.0,0.0,323,2,481.46,Hibernating,88,240.73,16193568.967000017,97.23272081017882,3842
17988.0,489.54,14,186,-9.95,1.0,1.0,479.59000000000003,0.07142857142857142,0.020325203252032516,12,14,489.54,Loyal Customers,721,34.96714285714286,16194048.557000017,97.23560046201273,3843
12979.0,517.7,1,520,-38.16,1.0,36.0,479.5400000000001,1.0,0.07371064322966968,730,1,517.7,Hibernating,0,517.7,16194528.097000016,97.23847981362647,3844
13428.0,478.54,3,356,0.0,0.0,0.0,478.54,0.0,0.0,11,3,478.54,Loyal Customers,504,159.51333333333335,16195006.637000015,97.24135316083678,3845
12479.0,527.2,1,385,-49.9,2.0,34.0,477.30000000000007,2.0,0.09465098634294385,12,1,527.2,New / Promising,0,527.2,16195483.937000016,97.24421906258688,3846
14319.0,494.85,1,329,-17.9,1.0,2.0,476.95000000000005,1.0,0.036172577548752145,425,1,494.85,Hibernating,0,494.85,16195960.887000015,97.24708286279576,3847
15344.0,563.94,3,116,-87.36,2.0,10.0,476.58000000000004,0.6666666666666666,0.1549100968188105,1,3,563.94,Loyal Customers,74,187.98,16196437.467000015,97.24994444137539,3848
12447.0,476.49,1,190,0.0,0.0,0.0,476.49,0.0,0.0,244,1,476.49,Hibernating,0,476.49,16196913.957000015,97.25280547955872,3849
15277.0,476.34000000000003,2,373,0.0,0.0,0.0,476.34000000000003,0.0,0.0,47,2,476.34,New / Promising,379,238.17,16197390.297000015,97.25566561708152,3850
15048.0,479.7,4,224,-3.4799999999999995,1.0,12.0,476.21999999999997,0.25,0.007254534083802376,66,4,479.7,Potential Loyalists,303,119.925,16197866.517000016,97.25852503407593,3851
15507.0,475.86,1,160,0.0,0.0,0.0,475.86,0.0,0.0,172,1,475.86,Needs Attention,0,475.86,16198342.377000015,97.2613822894851,3852
15780.0,475.28000000000003,3,220,0.0,0.0,0.0,475.28000000000003,0.0,0.0,184,3,475.28,Potential Loyalists,174,158.42666666666668,16198817.657000015,97.26423606234029,3853
16552.0,475.02,2,258,0.0,0.0,0.0,475.02,0.0,0.0,243,2,475.02,Hibernating,131,237.51,16199292.677000014,97.26708827405058,3854
17104.0,474.03000000000003,1,149,0.0,0.0,0.0,474.03000000000003,0.0,0.0,424,1,474.03,Hibernating,0,474.03,16199766.707000013,97.2699345414015,3855
16635.0,473.0,1,277,0.0,0.0,0.0,473.0,0.0,0.0,407,1,473.0,Hibernating,0,473.0,16200239.707000013,97.2727746242169,3856
16080.0,602.5600000000001,4,298,-129.66,2.0,42.0,472.9000000000001,0.5,0.21518189060010617,82,4,602.5600000000001,Potential Loyalists,369,150.64,16200712.607000014,97.27561410659196,3857
13194.0,472.78,2,326,0.0,0.0,0.0,472.78,0.0,0.0,136,2,472.78,Needs Attention,286,236.39,16201185.387000013,97.2784528684386,3858
18280.0,488.15000000000003,2,194,-15.7,1.0,2.0,472.45000000000005,0.5,0.03216224521151285,278,2,488.15,At Risk,117,244.075,16201657.837000012,97.28128964883213,3859
14975.0,472.39,2,507,0.0,0.0,0.0,472.39,0.0,0.0,58,2,472.39,New / Promising,364,236.195,16202130.227000013,97.28412606896146,3860
13161.0,472.13,2,105,0.0,0.0,0.0,472.13,0.0,0.0,314,2,472.13,Hibernating,187,236.065,16202602.357000014,97.28696092794588,3861
13043.0,516.42,1,254,-44.85,1.0,3.0,471.56999999999994,1.0,0.08684791448820728,274,1,516.42,Hibernating,0,516.42,16203073.927000014,97.28979242446441,3862
15721.0,471.40000000000003,1,388,0.0,0.0,0.0,471.40000000000003,0.0,0.0,12,1,471.4,New / Promising,0,471.4,16203545.327000014,97.29262290023435,3863
15963.0,470.76,2,298,0.0,0.0,0.0,470.76,0.0,0.0,20,2,470.76,New / Promising,26,235.38,16204016.087000014,97.2954495331861,3864
16473.0,470.83,4,296,-1.25,1.0,1.0,469.58,0.25,0.0026548860522906358,165,4,470.83,Potential Loyalists,210,117.7075,16204485.667000014,97.29826908094182,3865
17254.0,469.48,3,397,0.0,0.0,0.0,469.48,0.0,0.0,5,3,469.48,Loyal Customers,397,156.49333333333334,16204955.147000015,97.30108802825721,3866
14058.0,469.19,2,211,0.0,0.0,0.0,469.19,0.0,0.0,463,2,469.19,Hibernating,68,234.595,16205424.337000014,97.3039052342956,3867
14369.0,469.13,2,255,0.0,0.0,0.0,469.13,0.0,0.0,643,2,469.13,Hibernating,19,234.565,16205893.467000015,97.30672208006979,3868
15557.0,468.91,1,213,0.0,0.0,0.0,468.91,0.0,0.0,29,1,468.91,New / Promising,0,468.91,16206362.377000015,97.30953760487522,3869
15387.0,468.65,1,335,0.0,0.0,0.0,468.65,0.0,0.0,493,1,468.65,Hibernating,0,468.65,16206831.027000016,97.31235156853577,3870
12554.0,468.5,1,240,0.0,0.0,0.0,468.5,0.0,0.0,449,1,468.5,Hibernating,0,468.5,16207299.527000016,97.3151646315358,3871
14491.0,468.13,2,179,0.0,0.0,0.0,468.13,0.0,0.0,176,2,468.13,Needs Attention,197,234.065,16207767.657000016,97.31797547290658,3872
17294.0,467.79,2,297,0.0,0.0,0.0,467.79,0.0,0.0,670,2,467.79,At Risk,0,233.895,16208235.447000016,97.32078427278019,3873
17187.0,467.71,2,426,0.0,0.0,0.0,467.71,0.0,0.0,227,2,467.71,At Risk,300,233.855,16208703.157000016,97.32359259230152,3874
14029.0,467.66,2,198,0.0,0.0,0.0,467.66,0.0,0.0,64,2,467.66,Needs Attention,81,233.83,16209170.817000017,97.3264006116027,3875
16390.0,467.5,3,122,0.0,0.0,0.0,467.5,0.0,0.0,537,3,467.5,At Risk,143,155.83333333333334,16209638.317000017,97.32920767019931,3876
12958.0,467.34,2,118,0.0,0.0,0.0,467.34,0.0,0.0,401,2,467.34,Hibernating,183,233.67,16210105.657000016,97.33201376809139,3877
14052.0,466.66,2,174,0.0,0.0,0.0,466.66,0.0,0.0,20,2,466.66,New / Promising,371,233.33,16210572.317000017,97.33481578298912,3878
14148.0,466.29,2,223,0.0,0.0,0.0,466.29,0.0,0.0,234,2,466.29,Hibernating,181,233.145,16211038.607000016,97.3376155762576,3879
16504.0,465.88,1,510,0.0,0.0,0.0,465.88,0.0,0.0,26,1,465.88,New / Promising,0,465.88,16211504.487000016,97.3404129077207,3880
13248.0,465.68,2,305,0.0,0.0,0.0,465.68,0.0,0.0,125,2,465.68,Needs Attention,65,232.84,16211970.167000016,97.3432090383031,3881
17181.0,465.37,3,484,0.0,0.0,0.0,465.37,0.0,0.0,58,3,465.37,Loyal Customers,538,155.1233333333333,16212435.537000015,97.34600330752045,3882
13928.0,464.57,4,129,0.0,0.0,0.0,464.57,0.0,0.0,11,4,464.57,Loyal Customers,123,116.1425,16212900.107000016,97.34879277321505,3883
15349.0,463.91,2,321,0.0,0.0,0.0,463.91,0.0,0.0,159,2,463.91,Needs Attention,29,231.955,16213364.017000016,97.35157827600341,3884
18083.0,463.53,1,268,0.0,0.0,0.0,463.53,0.0,0.0,398,1,463.53,Hibernating,0,463.53,16213827.547000015,97.35436149711848,3885
17040.0,463.25,2,189,0.0,0.0,0.0,463.25,0.0,0.0,138,2,463.25,Potential Loyalists,413,231.625,16214290.797000015,97.35714303700058,3886
14331.0,462.66,2,252,0.0,0.0,0.0,462.66,0.0,0.0,125,2,462.66,Needs Attention,11,231.33,16214753.457000015,97.35992103428467,3887
17680.0,497.45000000000005,3,155,-34.95,1.0,1.0,462.50000000000006,0.3333333333333333,0.07025831741883606,24,3,497.4500000000001,Loyal Customers,488,165.8166666666667,16215215.957000015,97.36269807086421,3888
14954.0,462.12,2,209,0.0,0.0,0.0,462.12,0.0,0.0,13,2,462.12,New / Promising,691,231.06,16215678.077000014,97.36547282577045,3889
15958.0,462.12,4,154,0.0,0.0,0.0,462.12,0.0,0.0,75,4,462.12,Potential Loyalists,476,115.53,16216140.197000014,97.3682475806767,3890
15540.0,460.68,2,444,0.0,0.0,0.0,460.68,0.0,0.0,12,2,460.68,New / Promising,364,230.34,16216600.877000013,97.37101368924202,3891
12491.0,460.40000000000003,1,260,0.0,0.0,0.0,460.40000000000003,0.0,0.0,39,1,460.4,New / Promising,0,460.4,16217061.277000014,97.3737781165744,3892
16310.0,460.08,2,270,0.0,0.0,0.0,460.08,0.0,0.0,415,2,460.08,Hibernating,228,230.04,16217521.357000014,97.37654062249767,3893
17111.0,459.58,2,581,0.0,0.0,0.0,459.58,0.0,0.0,48,2,459.58,Loyal Customers,378,229.79,16217980.937000014,97.37930012621923,3894
13642.0,472.2,4,231,-12.75,1.0,1.0,459.45,0.25,0.027001270648030495,216,4,472.2,At Risk,217,118.05,16218440.387000013,97.38205884936836,3895
14118.0,458.45,1,97,0.0,0.0,0.0,458.45,0.0,0.0,429,1,458.45,Hibernating,0,458.45,16218898.837000012,97.38481156811407,3896
13957.0,458.25,3,157,0.0,0.0,0.0,458.25,0.0,0.0,418,3,458.25,At Risk,241,152.75,16219357.087000012,97.3875630859791,3897
14599.0,457.89,2,292,0.0,0.0,0.0,457.89,0.0,0.0,391,2,457.89,Hibernating,119,228.945,16219814.977000013,97.3903124422589,3898
15121.0,457.72,2,199,0.0,0.0,0.0,457.72,0.0,0.0,51,2,457.72,New / Promising,238,228.86,16220272.697000014,97.39306077779013,3899
16069.0,457.7,1,138,0.0,0.0,0.0,457.7,0.0,0.0,418,1,457.7,Hibernating,0,457.7,16220730.397000013,97.39580899323327,3900
12564.0,456.90000000000003,1,133,0.0,0.0,0.0,456.90000000000003,0.0,0.0,262,1,456.9,Hibernating,0,456.9,16221187.297000013,97.39855240515368,3901
15589.0,478.53,3,243,-21.95,1.0,1.0,456.58,0.3333333333333333,0.045869642446659566,256,3,478.53,At Risk,55,159.51,16221643.877000013,97.401293895665,3902
14819.0,456.41,4,170,0.0,0.0,0.0,456.41,0.0,0.0,65,4,456.41,Potential Loyalists,654,114.1025,16222100.287000014,97.40403436542775,3903
12999.0,455.88,3,342,0.0,0.0,0.0,455.88,0.0,0.0,197,3,455.88,At Risk,49,151.96,16222556.167000014,97.40677165285669,3904
12375.0,457.5,2,178,-2.08,1.0,1.0,455.42,0.5,0.0045464480874316945,11,2,457.5,New / Promising,88,228.75,16223011.587000014,97.40950617826005,3905
15585.0,455.3,1,320,0.0,0.0,0.0,455.3,0.0,0.0,177,1,455.3,Needs Attention,0,455.3,16223466.887000015,97.41223998313502,3906
14335.0,454.86,2,375,0.0,0.0,0.0,454.86,0.0,0.0,17,2,454.86,New / Promising,80,227.43,16223921.747000014,97.41497114607246,3907
16765.0,454.75,2,311,0.0,0.0,0.0,454.75,0.0,0.0,295,2,454.75,Hibernating,88,227.375,16224376.497000014,97.41770164852554,3908
17067.0,454.54,3,322,0.0,0.0,0.0,454.54,0.0,0.0,725,3,454.54,At Risk,7,151.51333333333335,16224831.037000014,97.4204308900539,3909
12459.0,454.36,1,258,0.0,0.0,0.0,454.36,0.0,0.0,606,1,454.36,Hibernating,0,454.36,16225285.397000013,97.42315905078964,3910
16038.0,471.78,3,244,-17.45,1.0,3.0,454.33,0.3333333333333333,0.03698757895629319,8,3,471.78,Loyal Customers,194,157.26,16225739.727000013,97.42588703139326,3911
17140.0,454.12,1,296,0.0,0.0,0.0,454.12,0.0,0.0,248,1,454.12,Hibernating,0,454.12,16226193.847000012,97.42861375107219,3912
15475.0,454.11,1,319,0.0,0.0,0.0,454.11,0.0,0.0,78,1,454.11,Needs Attention,0,454.11,16226647.957000012,97.43134041070707,3913
17564.0,454.01,3,146,0.0,0.0,0.0,454.01,0.0,0.0,25,3,454.01,Loyal Customers,56,151.33666666666667,16227101.967000011,97.43406646990161,3914
17376.0,453.64,4,244,0.0,0.0,0.0,453.64,0.0,0.0,71,4,453.64,Potential Loyalists,452,113.41,16227555.607000012,97.43679030746691,3915
12729.0,453.01,1,233,0.0,0.0,0.0,453.01,0.0,0.0,114,1,453.01,Needs Attention,0,453.01,16228008.617000012,97.43951036225803,3916
14184.0,452.89,1,127,0.0,0.0,0.0,452.89,0.0,0.0,67,1,452.89,Needs Attention,0,452.89,16228461.507000012,97.44222969652077,3917
14011.0,457.82,2,644,-5.9,1.0,2.0,451.92,0.5,0.012887160892927352,481,2,457.82,Hibernating,127,228.91,16228913.427000012,97.44494320651216,3918
18158.0,453.4,2,354,-1.65,1.0,1.0,451.75,0.5,0.003639170710189678,10,2,453.4,Loyal Customers,79,226.7,16229365.177000012,97.447655695755,3919
13698.0,451.73,2,227,0.0,0.0,0.0,451.73,0.0,0.0,597,2,451.73,Hibernating,85,225.865,16229816.907000013,97.45036806490977,3920
18100.0,451.56,1,440,0.0,0.0,0.0,451.56,0.0,0.0,551,1,451.56,Hibernating,0,451.56,16230268.467000013,97.45307941331595,3921
18031.0,451.3,1,298,0.0,0.0,0.0,451.3,0.0,0.0,379,1,451.3,Hibernating,0,451.3,16230719.767000014,97.45578920057724,3922
15961.0,451.28999999999996,1,154,0.0,0.0,0.0,451.28999999999996,0.0,0.0,380,1,451.29,Hibernating,0,451.29,16231171.057000013,97.4584989277945,3923
12831.0,451.11,3,303,0.0,0.0,0.0,451.11,0.0,0.0,263,3,451.11,At Risk,201,150.37,16231622.167000012,97.46120757421913,3924
15124.0,450.82,4,462,0.0,0.0,0.0,450.82,0.0,0.0,23,4,450.82,Loyal Customers,629,112.705,16232072.987000013,97.46391447936679,3925
16870.0,450.16,1,278,0.0,0.0,0.0,450.16,0.0,0.0,470,1,450.16,Hibernating,0,450.16,16232523.147000013,97.46661742160819,3926
14784.0,449.93,3,363,0.0,0.0,0.0,449.93,0.0,0.0,27,3,449.93,Loyal Customers,363,149.97666666666666,16232973.077000013,97.46931898283681,3927
16039.0,456.4,2,409,-6.75,1.0,1.0,449.65,0.5,0.014789658194566171,424,2,456.4,Hibernating,205,228.2,16233422.727000013,97.47201886283247,3928
13489.0,449.52,4,560,0.0,0.0,0.0,449.52,0.0,0.0,106,4,449.52,Potential Loyalists,189,112.38,16233872.247000013,97.47471796225568,3929
15126.0,449.49,2,273,0.0,0.0,0.0,449.49,0.0,0.0,537,2,449.49,Hibernating,151,224.745,16234321.737000013,97.47741688154679,3930
12448.0,449.45,1,243,0.0,0.0,0.0,449.45,0.0,0.0,45,1,449.45,New / Promising,0,449.45,16234771.187000012,97.48011556066174,3931
15418.0,449.42,2,264,0.0,0.0,0.0,449.42,0.0,0.0,426,2,449.42,Hibernating,161,224.71,16235220.607000012,97.48281405964462,3932
17823.0,449.25,2,252,0.0,0.0,0.0,449.25,0.0,0.0,422,2,449.25,At Risk,0,224.625,16235669.857000012,97.4855115378789,3933
15739.0,449.12,1,472,0.0,0.0,0.0,449.12,0.0,0.0,67,1,449.12,Needs Attention,0,449.12,16236118.977000011,97.48820823554075,3934
18176.0,476.35,1,283,-27.7,1.0,4.0,448.65000000000003,1.0,0.058150519575942056,359,1,476.35,Hibernating,0,476.35,16236567.627000012,97.49090211113301,3935
14296.0,456.4,2,314,-7.95,1.0,1.0,448.45,0.5,0.017418930762489047,422,2,456.4,Hibernating,153,228.2,16237016.07700001,97.49359478584455,3936
14761.0,447.92,3,206,0.0,0.0,0.0,447.92,0.0,0.0,59,3,447.92,Loyal Customers,386,149.30666666666667,16237463.99700001,97.4962842782223,3937
16799.0,452.78000000000003,2,162,-4.95,1.0,1.0,447.83000000000004,0.5,0.010932461681169663,433,2,452.78,Hibernating,21,226.39,16237911.82700001,97.49897323020375,3938
14780.0,447.68,2,310,0.0,0.0,0.0,447.68,0.0,0.0,55,2,447.68,New / Promising,25,223.84,16238359.50700001,97.50166128152468,3939
18201.0,447.53000000000003,1,191,0.0,0.0,0.0,447.53000000000003,0.0,0.0,723,1,447.53,Hibernating,0,447.53,16238807.03700001,97.50434843218508,3940
13754.0,447.05,3,315,0.0,0.0,0.0,447.05,0.0,0.0,152,3,447.05,Potential Loyalists,286,149.01666666666668,16239254.08700001,97.50703270073187,3941
16095.0,447.05,1,265,0.0,0.0,0.0,447.05,0.0,0.0,457,1,447.05,Hibernating,0,447.05,16239701.137000011,97.50971696927864,3942
17476.0,489.86,2,224,-43.349999999999994,2.0,4.0,446.51,1.0,0.0884946719470869,396,2,489.86,At Risk,342,244.93,16240147.647000011,97.51239799544759,3943
13877.0,449.68,3,478,-3.3499999999999996,2.0,3.0,446.33,0.6666666666666666,0.0074497420387831335,87,3,449.68,Potential Loyalists,603,149.89333333333337,16240593.977000011,97.5150779408239,3944
17370.0,446.18,4,540,0.0,0.0,0.0,446.18,0.0,0.0,73,4,446.18,Potential Loyalists,97,111.545,16241040.15700001,97.5177569855397,3945
17276.0,502.49,1,187,-57.050000000000004,1.0,5.0,445.44,1.0,0.11353459770343689,403,1,502.49,Hibernating,0,502.49,16241485.59700001,97.52043158699698,3946
18134.0,445.0,2,128,0.0,0.0,0.0,445.0,0.0,0.0,599,2,445.0,At Risk,96,222.5,16241930.59700001,97.52310354651675,3947
12788.0,444.90000000000003,4,194,0.0,0.0,0.0,444.90000000000003,0.0,0.0,464,4,444.9,At Risk,65,111.225,16242375.49700001,97.5257749055962,3948
17344.0,457.36,2,200,-13.5,1.0,2.0,443.86,0.5,0.029517229316074863,47,2,457.36,Loyal Customers,682,228.68,16242819.35700001,97.52844002009607,3949
14638.0,443.6,1,166,0.0,0.0,0.0,443.6,0.0,0.0,51,1,443.6,New / Promising,0,443.6,16243262.95700001,97.53110357345106,3950
18222.0,443.0,1,335,0.0,0.0,0.0,443.0,0.0,0.0,93,1,443.0,Needs Attention,0,443.0,16243705.95700001,97.533763524164,3951
14996.0,442.28999999999996,2,404,0.0,0.0,0.0,442.28999999999996,0.0,0.0,482,2,442.29,Hibernating,0,221.145,16244148.247000009,97.53641921175053,3952
17699.0,442.0,2,208,0.0,0.0,0.0,442.0,0.0,0.0,477,2,442.0,At Risk,85,221.0,16244590.247000009,97.53907315806006,3953
12907.0,508.91,2,177,-68.55000000000001,1.0,13.0,440.36,0.5,0.1346996521978346,396,2,508.91,Hibernating,99,254.455,16245030.607000008,97.54171725714798,3954
18233.0,440.0,1,4,0.0,0.0,0.0,440.0,0.0,0.0,326,1,440.0,Hibernating,0,440.0,16245470.607000008,97.54435919465068,3955
16025.0,439.65999999999997,1,338,0.0,0.0,0.0,439.65999999999997,0.0,0.0,30,1,439.66,New / Promising,0,439.66,16245910.267000008,97.54699909065623,3956
16968.0,439.43,2,326,0.0,0.0,0.0,439.43,0.0,0.0,5,2,439.43,Loyal Customers,103,219.715,16246349.697000008,97.54963760564898,3957
13086.0,439.33000000000004,1,155,0.0,0.0,0.0,439.33000000000004,0.0,0.0,383,1,439.33,Hibernating,0,439.33,16246789.027000008,97.55227552020139,3958
13432.0,439.1,2,217,0.0,0.0,0.0,439.1,0.0,0.0,572,2,439.1,Hibernating,41,219.55,16247228.127000008,97.55491205374102,3959
13358.0,439.03000000000003,1,285,0.0,0.0,0.0,439.03000000000003,0.0,0.0,269,1,439.03,Hibernating,0,439.03,16247667.157000007,97.5575481669724,3960
17729.0,438.65000000000003,1,247,0.0,0.0,0.0,438.65000000000003,0.0,0.0,597,1,438.65,Hibernating,0,438.65,16248105.807000007,97.5601819985305,3961
15859.0,438.46,1,174,0.0,0.0,0.0,438.46,0.0,0.0,433,1,438.46,Hibernating,0,438.46,16248544.267000008,97.56281468925194,3962
15881.0,501.39,5,260,-63.15,3.0,61.0,438.24,0.6,0.12594985939089332,313,5,501.39,At Risk,52,100.278,16248982.507000009,97.56544605900463,3963
17807.0,437.87,3,262,0.0,0.0,0.0,437.87,0.0,0.0,396,3,437.87,At Risk,309,145.95666666666668,16249420.377000008,97.56807520712805,3964
15877.0,490.33,2,368,-52.5,1.0,125.0,437.83,0.5,0.10707074827157222,2,2,490.33,New / Promising,16,245.165,16249858.207000008,97.57070411507533,3965
12552.0,437.82,2,88,0.0,0.0,0.0,437.82,0.0,0.0,39,2,437.82,New / Promising,1,218.91,16250296.027000008,97.57333296297858,3966
15158.0,606.02,2,219,-168.36,1.0,9.0,437.65999999999997,0.5,0.27781261344510083,46,2,606.02,New / Promising,356,303.01,16250733.687000008,97.5759608501773,3967
17070.0,437.42,2,232,0.0,0.0,0.0,437.42,0.0,0.0,115,2,437.42,Potential Loyalists,296,218.71,16251171.107000008,97.57858729631918,3968
18284.0,461.68,1,494,-25.0,1.0,1.0,436.68,1.0,0.054150060648067926,432,1,461.68,Hibernating,0,461.68,16251607.787000008,97.58120929920256,3969
16084.0,436.18,1,216,0.0,0.0,0.0,436.18,0.0,0.0,300,1,436.18,Hibernating,0,436.18,16252043.967000008,97.5838282998842,3970
14123.0,436.18,1,234,0.0,0.0,0.0,436.18,0.0,0.0,734,1,436.18,Hibernating,0,436.18,16252480.147000007,97.58644730056585,3971
14311.0,516.45,2,235,-80.55,1.0,21.0,435.90000000000003,0.5,0.15596863200697064,243,2,516.45,Hibernating,325,258.225,16252916.047000008,97.58906462001455,3972
13150.0,449.96999999999997,3,171,-14.95,1.0,1.0,435.02,0.3333333333333333,0.0332244371847012,485,3,449.97,At Risk,146,149.98999999999998,16253351.067000007,97.59167665558824,3973
13738.0,434.78000000000003,1,237,0.0,0.0,0.0,434.78000000000003,0.0,0.0,397,1,434.78,Hibernating,0,434.78,16253785.847000007,97.59428725010511,3974
14238.0,434.23,3,189,0.0,0.0,0.0,434.23,0.0,0.0,327,3,434.23,At Risk,408,144.74333333333334,16254220.077000007,97.5968945422001,3975
16888.0,434.2,3,145,0.0,0.0,0.0,434.2,0.0,0.0,401,3,434.2,At Risk,301,144.73333333333332,16254654.277000006,97.599501654163,3976
14093.0,433.86,1,391,0.0,0.0,0.0,433.86,0.0,0.0,13,1,433.86,New / Promising,0,433.86,16255088.137000006,97.60210672462873,3977
16939.0,433.84999999999997,3,229,0.0,0.0,0.0,433.84999999999997,0.0,0.0,489,3,433.85,At Risk,161,144.61666666666665,16255521.987000005,97.60471173505042,3978
18029.0,433.77,1,253,0.0,0.0,0.0,433.77,0.0,0.0,643,1,433.77,Hibernating,0,433.77,16255955.757000005,97.60731626511983,3979
15613.0,433.71999999999997,1,700,0.0,0.0,0.0,433.71999999999997,0.0,0.0,611,1,433.72,Hibernating,0,433.72,16256389.477000006,97.60992049496909,3980
16522.0,433.36,2,212,0.0,0.0,0.0,433.36,0.0,0.0,436,2,433.36,Hibernating,15,216.68,16256822.837000005,97.61252256323311,3981
17178.0,432.96000000000004,1,100,0.0,0.0,0.0,432.96000000000004,0.0,0.0,732,1,432.96,Hibernating,0,432.96,16257255.797000006,97.61512222973577,3982
17687.0,432.68,1,210,0.0,0.0,0.0,432.68,0.0,0.0,421,1,432.68,Hibernating,0,432.68,16257688.477000006,97.61772021500548,3983
16236.0,432.2,1,184,0.0,0.0,0.0,432.2,0.0,0.0,79,1,432.2,Needs Attention,0,432.2,16258120.677000005,97.62031531816153,3984
16881.0,432.0,1,600,0.0,0.0,0.0,432.0,0.0,0.0,67,1,432.0,Needs Attention,0,432.0,16258552.677000005,97.62290922043691,3985
14042.0,431.98,1,180,0.0,0.0,0.0,431.98,0.0,0.0,726,1,431.98,Hibernating,0,431.98,16258984.657000005,97.62550300262423,3986
15488.0,431.92,5,251,0.0,0.0,0.0,431.92,0.0,0.0,93,5,431.92,Potential Loyalists,491,86.384,16259416.577000005,97.62809642454732,3987
13066.0,470.8,2,322,-39.9,1.0,2.0,430.90000000000003,0.5,0.08474936278674595,25,2,470.8,New / Promising,8,235.4,16259847.477000006,97.63068372197895,3988
17842.0,430.69,1,89,0.0,0.0,0.0,430.69,0.0,0.0,603,1,430.69,Hibernating,0,430.69,16260278.167000005,97.63326975848585,3989
12795.0,430.48,1,68,0.0,0.0,0.0,430.48,0.0,0.0,19,1,430.48,New / Promising,0,430.48,16260708.647000005,97.63585453406805,3990
16404.0,443.05,1,157,-12.75,1.0,1.0,430.3,1.0,0.028777790317119963,71,1,443.05,Needs Attention,0,443.05,16261138.947000006,97.63843822885761,3991
12827.0,430.15,3,197,0.0,0.0,0.0,430.15,0.0,0.0,6,3,430.15,Loyal Customers,39,143.38333333333333,16261569.097000007,97.64102102298668,3992
15450.0,429.84,1,376,0.0,0.0,0.0,429.84,0.0,0.0,31,1,429.84,New / Promising,0,429.84,16261998.937000006,97.64360195575068,3993
14979.0,429.66,1,209,0.0,0.0,0.0,429.66,0.0,0.0,736,1,429.66,Hibernating,0,429.66,16262428.597000007,97.64618180772206,3994
15230.0,429.6,2,351,0.0,0.0,0.0,429.6,0.0,0.0,240,2,429.6,Hibernating,1,214.8,16262858.197000006,97.64876129942925,3995
15036.0,429.56,3,316,0.0,0.0,0.0,429.56,0.0,0.0,73,3,429.56,Potential Loyalists,107,143.18666666666667,16263287.757000007,97.6513405509603,3996
15553.0,428.93,1,449,0.0,0.0,0.0,428.93,0.0,0.0,61,1,428.93,Needs Attention,0,428.93,16263716.687000006,97.65391601971719,3997
12452.0,430.57000000000005,2,185,-2.0,1.0,2.0,428.57000000000005,0.5,0.004645005457881412,17,2,430.5700000000001,New / Promising,0,215.28500000000005,16264145.257000007,97.65648932688885,3998
18089.0,428.45,1,95,0.0,0.0,0.0,428.45,0.0,0.0,447,1,428.45,Hibernating,0,428.45,16264573.707000006,97.65906191353211,3999
16481.0,453.38,1,201,-25.15,2.0,16.0,428.23,2.0,0.05547223079977061,683,1,453.38,Hibernating,0,453.38,16265001.937000006,97.6616331792066,4000
15360.0,427.93,1,223,0.0,0.0,0.0,427.93,0.0,0.0,40,1,427.93,New / Promising,0,427.93,16265429.867000006,97.66420264356009,4001
12740.0,427.6,1,342,0.0,0.0,0.0,427.6,0.0,0.0,64,1,427.6,Needs Attention,0,427.6,16265857.467000006,97.66677012646043,4002
13624.0,462.08,1,820,-34.9,1.0,6.0,427.18,1.0,0.07552804709141274,389,1,462.08,Hibernating,0,462.08,16266284.647000005,97.66933508751136,4003
18285.0,427.0,1,145,0.0,0.0,0.0,427.0,0.0,0.0,661,1,427.0,Hibernating,0,427.0,16266711.647000005,97.67189896776965,4004
17740.0,426.90000000000003,6,222,0.0,0.0,0.0,426.90000000000003,0.0,0.0,390,6,426.9,At Risk,308,71.15,16267138.547000006,97.67446224758761,4005
13171.0,468.41,3,229,-41.6,2.0,2.0,426.81,0.6666666666666666,0.08881108430648363,22,3,468.41,Loyal Customers,278,156.13666666666668,16267565.357000006,97.67702498700928,4006
18152.0,426.69,1,75,0.0,0.0,0.0,426.69,0.0,0.0,647,1,426.69,Hibernating,0,426.69,16267992.047000006,97.67958700590252,4007
15930.0,426.63,1,139,0.0,0.0,0.0,426.63,0.0,0.0,68,1,426.63,Needs Attention,0,426.63,16268418.677000007,97.68214866453155,4008
12445.0,434.98,2,206,-8.5,1.0,2.0,426.48,0.5,0.019541128327739205,23,2,434.98,New / Promising,398,217.49,16268845.157000007,97.68470942250008,4009
15217.0,426.24,1,190,0.0,0.0,0.0,426.24,0.0,0.0,564,1,426.24,Hibernating,0,426.24,16269271.397000007,97.68726873941179,4010
14877.0,425.85,2,168,0.0,0.0,0.0,425.85,0.0,0.0,419,2,425.85,Hibernating,224,212.925,16269697.247000007,97.68982571460617,4011
17103.0,424.3,1,471,0.0,0.0,0.0,424.3,0.0,0.0,723,1,424.3,Hibernating,0,424.3,16270121.547000008,97.69237338297525,4012
15545.0,424.3,2,237,0.0,0.0,0.0,424.3,0.0,0.0,55,2,424.3,New / Promising,317,212.15,16270545.847000008,97.69492105134434,4013
16913.0,423.91,3,229,0.0,0.0,0.0,423.91,0.0,0.0,291,3,423.91,At Risk,361,141.30333333333334,16270969.757000009,97.6974663779961,4014
17330.0,423.8,4,122,0.0,0.0,0.0,423.8,0.0,0.0,23,4,423.8,Loyal Customers,625,105.95,16271393.55700001,97.70001104416347,4015
12542.0,481.88,2,522,-58.5,2.0,8.0,423.38,1.0,0.12139951855233669,485,2,481.88,Hibernating,156,240.94,16271816.93700001,97.70255318848142,4016
14097.0,422.86,2,352,0.0,0.0,0.0,422.86,0.0,0.0,482,2,422.86,Hibernating,164,211.43,16272239.79700001,97.70509221050958,4017
13374.0,422.8,2,135,0.0,0.0,0.0,422.8,0.0,0.0,415,2,422.8,Hibernating,35,211.4,16272662.59700001,97.70763087227353,4018
16137.0,422.7,1,210,0.0,0.0,0.0,422.7,0.0,0.0,681,1,422.7,Hibernating,0,422.7,16273085.29700001,97.71016893359715,4019
18240.0,422.58,1,126,0.0,0.0,0.0,422.58,0.0,0.0,47,1,422.58,New / Promising,0,422.58,16273507.87700001,97.71270627439235,4020
16149.0,422.21999999999997,3,598,0.0,0.0,0.0,422.21999999999997,0.0,0.0,5,3,422.22,Loyal Customers,425,140.73999999999998,16273930.09700001,97.71524145360233,4021
13964.0,438.9,2,228,-17.0,1.0,2.0,421.9,0.5,0.038733196627933474,388,2,438.9,Hibernating,43,219.45,16274351.99700001,97.71777471140322,4022
16773.0,421.24,3,252,0.0,0.0,0.0,421.24,0.0,0.0,58,3,421.24,Loyal Customers,676,140.41333333333333,16274773.23700001,97.72030400629785,4023
14757.0,420.5,1,160,0.0,0.0,0.0,420.5,0.0,0.0,76,1,420.5,Needs Attention,0,420.5,16275193.73700001,97.72282885793395,4024
15206.0,420.3,4,162,0.0,0.0,0.0,420.3,0.0,0.0,11,4,420.3,Loyal Customers,265,105.075,16275614.037000012,97.72535250868938,4025
15711.0,420.25,2,199,0.0,0.0,0.0,420.25,0.0,0.0,557,2,420.25,Hibernating,128,210.125,16276034.287000012,97.72787585922464,4026
14575.0,420.22,1,163,0.0,0.0,0.0,420.22,0.0,0.0,489,1,420.22,Hibernating,0,420.22,16276454.507000012,97.73039902962778,4027
13442.0,419.87,3,115,0.0,0.0,0.0,419.87,0.0,0.0,668,3,419.87,At Risk,71,139.95666666666668,16276874.377000012,97.73292009848973,4028
16541.0,424.03,1,173,-4.25,1.0,1.0,419.78,1.0,0.010022875739924062,736,1,424.03,Hibernating,0,424.03,16277294.15700001,97.73544062695537,4029
13096.0,419.7000000000001,1,6,0.0,0.0,0.0,419.7000000000001,0.0,0.0,395,1,419.7000000000001,Hibernating,0,419.7000000000001,16277713.85700001,97.73796067506873,4030
14124.0,419.58,1,1618,0.0,0.0,0.0,419.58,0.0,0.0,85,1,419.58,Needs Attention,0,419.58,16278133.43700001,97.7404800026537,4031
13079.0,419.18,6,158,0.0,0.0,0.0,419.18,0.0,0.0,5,6,419.18,Loyal Customers,413,69.86333333333333,16278552.61700001,97.74299692847728,4032
15262.0,418.82,3,218,0.0,0.0,0.0,418.82,0.0,0.0,324,3,418.82,At Risk,165,139.60666666666663,16278971.43700001,97.74551169271565,4033
12593.0,418.1,3,206,0.0,0.0,0.0,418.1,0.0,0.0,109,3,418.1,Potential Loyalists,110,139.36666666666667,16279389.53700001,97.74802213378356,4034
13073.0,418.08,2,261,0.0,0.0,0.0,418.08,0.0,0.0,412,2,418.08,Hibernating,26,209.04,16279807.61700001,97.7505324547634,4035
17701.0,417.95,1,109,0.0,0.0,0.0,417.95,0.0,0.0,253,1,417.95,Hibernating,0,417.95,16280225.56700001,97.75304199517079,4036
17855.0,417.94,1,394,0.0,0.0,0.0,417.94,0.0,0.0,373,1,417.94,Hibernating,0,417.94,16280643.507000009,97.75555147553415,4037
15433.0,533.3,2,534,-115.43,1.0,135.0,417.86999999999995,0.5,0.21644477779861243,214,2,533.3,Hibernating,54,266.65,16281061.377000008,97.75806053558927,4038
17232.0,417.77,2,202,0.0,0.0,0.0,417.77,0.0,0.0,3,2,417.77,Loyal Customers,12,208.885,16281479.147000007,97.76056899520404,4039
16832.0,417.61,5,179,0.0,0.0,0.0,417.61,0.0,0.0,185,5,417.61,Potential Loyalists,274,83.522,16281896.757000007,97.76307649411426,4040
14762.0,417.57,2,428,0.0,0.0,0.0,417.57,0.0,0.0,264,2,417.57,Hibernating,363,208.785,16282314.327000007,97.76558375284837,4041
12833.0,417.38,1,156,0.0,0.0,0.0,417.38,0.0,0.0,146,1,417.38,Needs Attention,0,417.38,16282731.707000008,97.76808987074583,4042
17258.0,417.3,2,188,0.0,0.0,0.0,417.3,0.0,0.0,397,2,417.3,At Risk,269,208.65,16283149.007000009,97.77059550829101,4043
16816.0,417.06,4,274,0.0,0.0,0.0,417.06,0.0,0.0,104,4,417.06,Potential Loyalists,255,104.265,16283566.06700001,97.77309970477936,4044
12493.0,433.74,2,207,-16.95,1.0,1.0,416.79,0.5,0.0390787107483746,166,2,433.74,Needs Attention,32,216.87,16283982.857000008,97.77560228007879,4045
16957.0,416.64,2,172,0.0,0.0,0.0,416.64,0.0,0.0,240,2,416.64,At Risk,42,208.32,16284399.497000009,97.77810395471771,4046
15011.0,416.6,2,289,0.0,0.0,0.0,416.6,0.0,0.0,396,2,416.6,Hibernating,21,208.3,16284816.097000008,97.78060538918048,4047
12608.0,415.79,1,323,0.0,0.0,0.0,415.79,0.0,0.0,405,1,415.79,Hibernating,0,415.79,16285231.887000008,97.78310196007651,4048
15725.0,415.25,1,221,0.0,0.0,0.0,415.25,0.0,0.0,16,1,415.25,New / Promising,0,415.25,16285647.137000008,97.78559528859468,4049
16752.0,415.0,1,108,0.0,0.0,0.0,415.0,0.0,0.0,373,1,415.0,Hibernating,0,415.0,16286062.137000008,97.788087116012,4050
13565.0,414.8,3,260,0.0,0.0,0.0,414.8,0.0,0.0,20,3,414.8,Loyal Customers,392,138.26666666666668,16286476.937000008,97.79057774254863,4051
16356.0,415.87,6,190,-1.45,1.0,1.0,414.42,0.16666666666666666,0.0034866665063601606,198,6,415.87,At Risk,354,69.31166666666667,16286891.357000008,97.79306608741197,4052
18278.0,414.20000000000005,2,140,0.0,0.0,0.0,414.20000000000005,0.0,0.0,74,2,414.2000000000001,Potential Loyalists,331,207.1,16287305.557000007,97.79555311130656,4053
13002.0,414.13,3,201,0.0,0.0,0.0,414.13,0.0,0.0,319,3,414.13,At Risk,116,138.04333333333332,16287719.687000008,97.79803971489291,4054
14288.0,426.6,1,188,-12.75,1.0,1.0,413.85,1.0,0.029887482419127986,214,1,426.6,Hibernating,0,426.6,16288133.537000008,97.8005246372463,4055
13669.0,413.55,3,393,0.0,0.0,0.0,413.55,0.0,0.0,51,3,413.55,Loyal Customers,357,137.85,16288547.087000009,97.80300775827867,4056
14082.0,413.36,2,246,0.0,0.0,0.0,413.36,0.0,0.0,365,2,413.36,Hibernating,28,206.68,16288960.447000008,97.80548973847438,4057
17601.0,413.08,2,295,0.0,0.0,0.0,413.08,0.0,0.0,240,2,413.08,At Risk,141,206.54,16289373.527000008,97.80797003743716,4058
17767.0,413.05,2,198,0.0,0.0,0.0,413.05,0.0,0.0,16,2,413.05,Loyal Customers,395,206.525,16289786.577000009,97.81045015626782,4059
17662.0,412.92,2,184,0.0,0.0,0.0,412.92,0.0,0.0,662,2,412.92,At Risk,61,206.46,16290199.497000009,97.81292949452603,4060
16932.0,412.55,3,217,0.0,0.0,0.0,412.55,0.0,0.0,54,3,412.55,Loyal Customers,518,137.51666666666668,16290612.04700001,97.81540661115498,4061
18050.0,412.06,2,250,0.0,0.0,0.0,412.06,0.0,0.0,360,2,412.06,At Risk,34,206.03,16291024.10700001,97.81788078562627,4062
16272.0,411.7,1,224,0.0,0.0,0.0,411.7,0.0,0.0,117,1,411.7,Needs Attention,0,411.7,16291435.80700001,97.82035279851232,4063
12504.0,779.05,4,458,-368.04999999999995,2.0,39.0,411.0,0.5,0.47243437520056475,19,4,779.05,Loyal Customers,578,194.7625,16291846.80700001,97.82282060831598,4064
12579.0,440.42,1,285,-29.7,2.0,7.0,410.72,2.0,0.06743562962626583,79,1,440.42,Needs Attention,0,440.42,16292257.52700001,97.82528673688667,4065
12672.0,437.05,2,138,-26.55,1.0,7.0,410.5,0.5,0.06074819814666514,330,2,437.05,Hibernating,266,218.525,16292668.02700001,97.82775154448863,4066
15099.0,410.48,1,343,0.0,0.0,0.0,410.48,0.0,0.0,85,1,410.48,Needs Attention,0,410.48,16293078.50700001,97.83021623200251,4067
17598.0,409.98,1,126,0.0,0.0,0.0,409.98,0.0,0.0,382,1,409.98,Hibernating,0,409.98,16293488.48700001,97.8326779173147,4068
12930.0,415.8,2,252,-5.9,2.0,2.0,409.90000000000003,1.0,0.01418951418951419,79,2,415.8,Needs Attention,93,207.9,16293898.387000011,97.8351391222746,4069
15728.0,544.6,2,132,-134.8,1.0,34.0,409.8,0.5,0.24752111641571797,380,2,544.6,Hibernating,65,272.3,16294308.187000012,97.83759972679415,4070
13827.0,409.8,3,138,0.0,0.0,0.0,409.8,0.0,0.0,58,3,409.8,Loyal Customers,86,136.6,16294717.987000013,97.84006033131372,4071
15894.0,409.69,2,275,0.0,0.0,0.0,409.69,0.0,0.0,254,2,409.69,Hibernating,116,204.845,16295127.677000012,97.8425202753489,4072
14581.0,409.65,2,304,0.0,0.0,0.0,409.65,0.0,0.0,17,2,409.65,New / Promising,528,204.825,16295537.327000013,97.84497997920796,4073
14348.0,409.57,1,183,0.0,0.0,0.0,409.57,0.0,0.0,261,1,409.57,Hibernating,0,409.57,16295946.897000013,97.84743920271474,4074
15225.0,409.40000000000003,1,226,0.0,0.0,0.0,409.40000000000003,0.0,0.0,235,1,409.4,Hibernating,0,409.4,16296356.297000013,97.84989740547293,4075
16864.0,409.25,2,283,0.0,0.0,0.0,409.25,0.0,0.0,435,2,409.25,At Risk,164,204.625,16296765.547000013,97.85235470757061,4076
16921.0,409.21,3,275,0.0,0.0,0.0,409.21,0.0,0.0,62,3,409.21,Potential Loyalists,539,136.40333333333334,16297174.757000014,97.85481176949216,4077
16243.0,409.1,2,110,0.0,0.0,0.0,409.1,0.0,0.0,34,2,409.1,New / Promising,21,204.55,16297583.857000014,97.85726817092933,4078
13686.0,409.04,3,378,0.0,0.0,0.0,409.04,0.0,0.0,183,3,409.04,Potential Loyalists,219,136.34666666666666,16297992.897000013,97.85972421210228,4079
12974.0,408.95,2,104,0.0,0.0,0.0,408.95,0.0,0.0,198,2,408.95,Hibernating,368,204.475,16298401.847000012,97.86217971287894,4080
16629.0,408.63,2,489,0.0,0.0,0.0,408.63,0.0,0.0,74,2,408.63,Needs Attention,23,204.315,16298810.477000013,97.86463329224651,4081
16324.0,408.59000000000003,3,270,0.0,0.0,0.0,408.59000000000003,0.0,0.0,129,3,408.59,Potential Loyalists,49,136.1966666666667,16299219.067000013,97.86708663143794,4082
17285.0,407.94,2,134,0.0,0.0,0.0,407.94,0.0,0.0,629,2,407.94,At Risk,35,203.97,16299627.007000012,97.86953606776714,4083
14846.0,437.4,1,193,-30.6,1.0,12.0,406.79999999999995,1.0,0.06995884773662552,428,1,437.4,Hibernating,0,437.4,16300033.807000013,97.87197865907646,4084
12353.0,406.76,2,212,0.0,0.0,0.0,406.76,0.0,0.0,205,2,406.76,Hibernating,204,203.38,16300440.567000013,97.87442101020963,4085
16632.0,406.4,2,256,0.0,0.0,0.0,406.4,0.0,0.0,486,2,406.4,Hibernating,96,203.2,16300846.967000013,97.8768611997576,4086
14627.0,462.75,1,284,-56.35,2.0,15.0,406.4,2.0,0.1217720151269584,380,1,462.75,Hibernating,0,462.75,16301253.367000014,97.87930138930554,4087
17000.0,406.3,2,305,0.0,0.0,0.0,406.3,0.0,0.0,397,2,406.3,At Risk,12,203.15,16301659.667000014,97.88174097841315,4088
12741.0,406.07,2,214,0.0,0.0,0.0,406.07,0.0,0.0,530,2,406.07,Hibernating,4,203.035,16302065.737000015,97.88417918650796,4089
16815.0,406.02,2,237,0.0,0.0,0.0,406.02,0.0,0.0,454,2,406.02,Hibernating,83,203.01,16302471.757000014,97.88661709438261,4090
12922.0,405.38,1,370,0.0,0.0,0.0,405.38,0.0,0.0,162,1,405.38,Needs Attention,0,405.38,16302877.137000015,97.88905115943909,4091
13640.0,405.0,1,108,0.0,0.0,0.0,405.0,0.0,0.0,612,1,405.0,Hibernating,0,405.0,16303282.137000015,97.89148294282226,4092
15968.0,404.55,1,247,0.0,0.0,0.0,404.55,0.0,0.0,389,1,404.55,Hibernating,0,404.55,16303686.687000016,97.8939120242239,4093
13574.0,404.45,1,304,0.0,0.0,0.0,404.45,0.0,0.0,412,1,404.45,Hibernating,0,404.45,16304091.137000015,97.89634050518518,4094
16319.0,404.40000000000003,1,72,0.0,0.0,0.0,404.40000000000003,0.0,0.0,218,1,404.4,Hibernating,0,404.4,16304495.537000015,97.8987686859263,4095
12498.0,403.70000000000005,3,159,0.0,0.0,0.0,403.70000000000005,0.0,0.0,22,3,403.7000000000001,Loyal Customers,36,134.5666666666667,16304899.237000015,97.90119266358502,4096
17785.0,403.38,3,227,0.0,0.0,0.0,403.38,0.0,0.0,54,3,403.38,Loyal Customers,512,134.46,16305302.617000015,97.90361471983466,4097
17431.0,403.3,1,292,0.0,0.0,0.0,403.3,0.0,0.0,314,1,403.3,Hibernating,0,403.3,16305705.917000016,97.90603629573202,4098
13530.0,402.98,1,272,0.0,0.0,0.0,402.98,0.0,0.0,635,1,402.98,Hibernating,0,402.98,16306108.897000017,97.9084559502203,4099
16315.0,402.71,2,143,0.0,0.0,0.0,402.71,0.0,0.0,331,2,402.71,Hibernating,206,201.355,16306511.607000018,97.91087398351965,4100
15888.0,429.16,3,139,-27.04,1.0,16.0,402.12,0.3333333333333333,0.06300680398918818,81,3,429.16,Potential Loyalists,446,143.05333333333334,16306913.727000017,97.91328847422098,4101
14494.0,401.46,3,210,0.0,0.0,0.0,401.46,0.0,0.0,26,3,401.46,Loyal Customers,706,133.82,16307315.187000018,97.91569900201605,4102
14471.0,400.95,2,187,0.0,0.0,0.0,400.95,0.0,0.0,592,2,400.95,Hibernating,141,200.475,16307716.137000017,97.9181064675654,4103
18270.0,444.55,3,209,-44.2,1.0,4.0,400.35,0.3333333333333333,0.0994263862332696,39,3,444.55,Loyal Customers,394,148.18333333333334,16308116.487000016,97.92051033047268,4104
17168.0,400.2,1,220,0.0,0.0,0.0,400.2,0.0,0.0,499,1,400.2,Hibernating,0,400.2,16308516.687000016,97.92291329271944,4105
15501.0,399.95,2,205,0.0,0.0,0.0,399.95,0.0,0.0,405,2,399.95,Hibernating,11,199.975,16308916.637000015,97.92531475386535,4106
15966.0,426.53,1,275,-26.95,1.0,7.0,399.58,1.0,0.06318430122148501,451,1,426.53,Hibernating,0,426.53,16309316.217000015,97.92771399338201,4107
18128.0,399.29,1,216,0.0,0.0,0.0,399.29,0.0,0.0,538,1,399.29,Hibernating,0,399.29,16309715.507000014,97.93011149162167,4108
13143.0,405.1,1,198,-5.9,1.0,2.0,399.20000000000005,1.0,0.014564305109849419,585,1,405.1,Hibernating,0,405.1,16310114.707000013,97.93250844946503,4109
17052.0,399.09,1,251,0.0,0.0,0.0,399.09,0.0,0.0,29,1,399.09,New / Promising,0,399.09,16310513.797000013,97.93490474682402,4110
18111.0,405.85,1,232,-6.95,1.0,4.0,398.90000000000003,1.0,0.017124553406430945,590,1,405.85,Hibernating,0,405.85,16310912.697000014,97.93729990334636,4111
17830.0,398.7,3,92,0.0,0.0,0.0,398.7,0.0,0.0,2,3,398.7,Loyal Customers,287,132.9,16311311.397000013,97.939693858988,4112
15522.0,397.99,2,572,0.0,0.0,0.0,397.99,0.0,0.0,33,2,397.99,New / Promising,55,198.995,16311709.387000013,97.94208355150322,4113
12508.0,397.88,2,271,0.0,0.0,0.0,397.88,0.0,0.0,27,2,397.88,New / Promising,3,198.94,16312107.267000014,97.94447258353408,4114
15037.0,397.76,2,298,0.0,0.0,0.0,397.76,0.0,0.0,377,2,397.76,Hibernating,0,198.88,16312505.027000014,97.94686089503652,4115
15280.0,397.52,3,507,0.0,0.0,0.0,397.52,0.0,0.0,173,3,397.52,Potential Loyalists,399,132.50666666666666,16312902.547000013,97.94924776548214,4116
17789.0,397.15,2,199,0.0,0.0,0.0,397.15,0.0,0.0,282,2,397.15,At Risk,380,198.575,16313299.697000014,97.9516324142985,4117
12824.0,397.12,1,232,0.0,0.0,0.0,397.12,0.0,0.0,60,1,397.12,Needs Attention,0,397.12,16313696.817000013,97.95401688298276,4118
17486.0,396.87,1,191,0.0,0.0,0.0,396.87,0.0,0.0,262,1,396.87,Hibernating,0,396.87,16314093.687000012,97.95639985056614,4119
15883.0,396.48,2,223,0.0,0.0,0.0,396.48,0.0,0.0,3,2,396.48,New / Promising,31,198.24,16314490.167000012,97.95878047643221,4120
17918.0,396.39,3,352,0.0,0.0,0.0,396.39,0.0,0.0,501,3,396.39,At Risk,5,132.13,16314886.557000013,97.96116056190198,4121
18067.0,396.33,1,189,0.0,0.0,0.0,396.33,0.0,0.0,41,1,396.33,New / Promising,0,396.33,16315282.887000013,97.96354028710755,4122
15577.0,396.03,5,120,0.0,0.0,0.0,396.03,0.0,0.0,152,5,396.03,Potential Loyalists,575,79.20599999999999,16315678.917000012,97.96591821099206,4123
16893.0,395.82,2,179,0.0,0.0,0.0,395.82,0.0,0.0,367,2,395.82,At Risk,10,197.91,16316074.737000013,97.96829487395189,4124
13879.0,395.5,1,204,0.0,0.0,0.0,395.5,0.0,0.0,646,1,395.5,Hibernating,0,395.5,16316470.237000013,97.9706696155026,4125
13083.0,395.43,3,307,0.0,0.0,0.0,395.43,0.0,0.0,5,3,395.43,Loyal Customers,421,131.81,16316865.667000012,97.97304393674509,4126
16538.0,395.07,3,254,0.0,0.0,0.0,395.07,0.0,0.0,542,3,395.07,At Risk,54,131.69,16317260.737000013,97.97541609640234,4127
18048.0,394.93,3,256,0.0,0.0,0.0,394.93,0.0,0.0,204,3,394.93,At Risk,290,131.64333333333337,16317655.667000012,97.97778741544312,4128
18164.0,399.65,1,184,-4.95,1.0,1.0,394.7,1.0,0.01238583760790692,38,1,399.65,New / Promising,0,399.65,16318050.367000012,97.98015735347111,4129
16207.0,394.38,1,140,0.0,0.0,0.0,394.38,0.0,0.0,26,1,394.38,New / Promising,0,394.38,16318444.747000013,97.98252537009002,4130
15386.0,394.14,1,446,0.0,0.0,0.0,394.14,0.0,0.0,187,1,394.14,Needs Attention,0,394.14,16318838.887000013,97.98489194565208,4131
16998.0,402.0,5,104,-7.98,2.0,3.0,394.02,0.4,0.019850746268656717,150,5,402.0,Potential Loyalists,295,80.4,16319232.907000013,97.98725780068575,4132
15960.0,410.95,4,258,-16.95,1.0,1.0,394.0,0.25,0.04124589366102932,375,4,410.95,At Risk,61,102.7375,16319626.907000013,97.98962353563135,4133
12499.0,393.72,1,302,0.0,0.0,0.0,393.72,0.0,0.0,561,1,393.72,Hibernating,0,393.72,16320020.627000013,97.99198758934399,4134
17300.0,393.64,2,467,0.0,0.0,0.0,393.64,0.0,0.0,391,2,393.64,At Risk,91,196.82,16320414.267000014,97.99435116270438,4135
15437.0,393.45,2,177,0.0,0.0,0.0,393.45,0.0,0.0,263,2,393.45,Hibernating,378,196.725,16320807.717000013,97.99671359522809,4136
14620.0,412.78000000000003,2,214,-19.5,1.0,26.0,393.28000000000003,0.5,0.047240660884732784,206,2,412.78,Hibernating,78,206.39,16321200.997000013,97.99907500700323,4137
15504.0,402.7,4,141,-9.95,1.0,1.0,392.75,0.25,0.0247082195182518,82,4,402.7,Potential Loyalists,584,100.675,16321593.747000013,98.00143323644456,4138
16827.0,392.13,5,125,0.0,0.0,0.0,392.13,0.0,0.0,394,5,392.13,At Risk,196,78.426,16321985.877000013,98.00378774315578,4139
16424.0,443.06,2,212,-51.0,1.0,6.0,392.06,0.5,0.1151085631742879,192,2,443.06,Hibernating,191,221.53,16322377.937000014,98.00614182955876,4140
16783.0,391.95,1,163,0.0,0.0,0.0,391.95,0.0,0.0,437,1,391.95,Hibernating,0,391.95,16322769.887000013,98.00849525547734,4141
15342.0,406.09000000000003,1,283,-14.33,1.0,7.0,391.76000000000005,1.0,0.035287744096136324,130,1,406.09,Needs Attention,0,406.09,16323161.647000013,98.0108475405593,4142
15446.0,399.75,3,265,-8.1,2.0,4.0,391.65,0.6666666666666666,0.020262664165103188,377,3,399.75,At Risk,350,133.25,16323553.297000013,98.01319916515688,4143
15461.0,429.7,2,230,-38.4,1.0,4.0,391.3,0.5,0.08936467302769374,461,2,429.7,Hibernating,171,214.85,16323944.597000014,98.01554868821326,4144
14072.0,390.85,1,65,0.0,0.0,0.0,390.85,0.0,0.0,667,1,390.85,Hibernating,0,390.85,16324335.447000014,98.0178955092881,4145
14197.0,390.05,1,143,0.0,0.0,0.0,390.05,0.0,0.0,411,1,390.05,Hibernating,0,390.05,16324725.497000014,98.02023752684022,4146
14910.0,434.35,4,238,-44.489999999999995,3.0,17.0,389.86,0.75,0.10242891677218831,3,4,434.35,Loyal Customers,52,108.5875,16325115.357000014,98.02257840355567,4147
17116.0,389.78,1,392,0.0,0.0,0.0,389.78,0.0,0.0,649,1,389.78,Hibernating,0,389.78,16325505.137000013,98.02491879991885,4148
17379.0,389.71999999999997,1,623,0.0,0.0,0.0,389.71999999999997,0.0,0.0,12,1,389.72,New / Promising,0,389.72,16325894.857000014,98.02725883601784,4149
14752.0,389.64000000000004,1,260,0.0,0.0,0.0,389.64000000000004,0.0,0.0,44,1,389.64,New / Promising,0,389.64,16326284.497000014,98.02959839176455,4150
12677.0,395.1,2,176,-5.8,1.0,2.0,389.3,0.5,0.014679827891672994,556,2,395.1,Hibernating,111,197.55,16326673.797000015,98.0319359060141,4151
13352.0,397.98,1,321,-8.7,1.0,6.0,389.28000000000003,1.0,0.02186039499472335,61,1,397.98,Needs Attention,0,397.98,16327063.077000014,98.03427330017558,4152
17479.0,389.26000000000005,1,266,0.0,0.0,0.0,389.26000000000005,0.0,0.0,633,1,389.2600000000001,Hibernating,0,389.2600000000001,16327452.337000014,98.036610574249,4153
17286.0,389.18,3,368,0.0,0.0,0.0,389.18,0.0,0.0,22,3,389.18,Loyal Customers,379,129.72666666666666,16327841.517000014,98.03894736797012,4154
12690.0,389.01,1,106,0.0,0.0,0.0,389.01,0.0,0.0,206,1,389.01,Hibernating,0,389.01,16328230.527000014,98.04128314094268,4155
15592.0,388.58,1,354,0.0,0.0,0.0,388.58,0.0,0.0,47,1,388.58,New / Promising,0,388.58,16328619.107000014,98.04361633202177,4156
13896.0,388.55,1,149,0.0,0.0,0.0,388.55,0.0,0.0,626,1,388.55,Hibernating,0,388.55,16329007.657000015,98.04594934296877,4157
13899.0,388.52,2,156,0.0,0.0,0.0,388.52,0.0,0.0,17,2,388.52,New / Promising,258,194.26,16329396.177000014,98.04828217378365,4158
13673.0,387.44,2,114,0.0,0.0,0.0,387.44,0.0,0.0,19,2,387.44,New / Promising,14,193.72,16329783.617000014,98.05060851984284,4159
17771.0,387.41,4,373,0.0,0.0,0.0,387.41,0.0,0.0,57,4,387.41,Loyal Customers,533,96.8525,16330171.027000014,98.05293468576993,4160
17718.0,439.18,2,274,-52.2,1.0,36.0,386.98,0.5,0.11885787148777267,233,2,439.18,At Risk,412,219.59,16330558.007000014,98.05525826980356,4161
17595.0,386.69,2,228,0.0,0.0,0.0,386.69,0.0,0.0,13,2,386.69,Loyal Customers,25,193.345,16330944.697000014,98.05758011256019,4162
14678.0,403.39,1,179,-16.95,1.0,1.0,386.44,1.0,0.04201888990802945,580,1,403.39,Hibernating,0,403.39,16331331.137000013,98.05990045421596,4163
17614.0,386.32,1,235,0.0,0.0,0.0,386.32,0.0,0.0,58,1,386.32,New / Promising,0,386.32,16331717.457000013,98.06222007534335,4164
14779.0,386.15,3,84,0.0,0.0,0.0,386.15,0.0,0.0,281,3,386.15,At Risk,43,128.71666666666667,16332103.607000014,98.06453867572213,4165
16492.0,385.56,1,235,0.0,0.0,0.0,385.56,0.0,0.0,541,1,385.56,Hibernating,0,385.56,16332489.167000014,98.06685373350291,4166
12973.0,385.55,1,31,0.0,0.0,0.0,385.55,0.0,0.0,414,1,385.55,Hibernating,0,385.55,16332874.717000015,98.06916873123966,4167
14826.0,385.2,2,152,0.0,0.0,0.0,385.2,0.0,0.0,582,2,385.2,Hibernating,114,192.6,16333259.917000014,98.07148162743519,4168
17711.0,385.1,2,246,0.0,0.0,0.0,385.1,0.0,0.0,11,2,385.1,Loyal Customers,279,192.55,16333645.017000014,98.0737939231904,4169
17171.0,384.59000000000003,2,225,0.0,0.0,0.0,384.59000000000003,0.0,0.0,290,2,384.59,At Risk,372,192.295,16334029.607000014,98.07610315669986,4170
16868.0,384.56,3,112,0.0,0.0,0.0,384.56,0.0,0.0,395,3,384.56,At Risk,199,128.18666666666667,16334414.167000014,98.07841221007723,4171
16433.0,384.52,2,214,0.0,0.0,0.0,384.52,0.0,0.0,29,2,384.52,New / Promising,380,192.26,16334798.687000014,98.08072102327844,4172
17357.0,384.39,2,152,0.0,0.0,0.0,384.39,0.0,0.0,25,2,384.39,Loyal Customers,0,192.195,16335183.077000014,98.08302905590722,4173
14322.0,474.1,4,158,-89.8,2.0,16.0,384.3,0.5,0.18941151655768823,430,4,474.1,At Risk,230,118.525,16335567.377000015,98.08533654813971,4174
14358.0,400.06,2,338,-15.76,1.0,1.0,384.3,0.5,0.03939409088636704,390,2,400.06,Hibernating,39,200.03,16335951.677000016,98.08764404037218,4175
13966.0,384.26,1,760,0.0,0.0,0.0,384.26,0.0,0.0,436,1,384.26,Hibernating,0,384.26,16336335.937000016,98.08995129242851,4176
16982.0,384.06,1,182,0.0,0.0,0.0,384.06,0.0,0.0,61,1,384.06,Needs Attention,0,384.06,16336719.997000016,98.09225734360417,4177
15155.0,383.96999999999997,1,192,0.0,0.0,0.0,383.96999999999997,0.0,0.0,384,1,383.97,Hibernating,0,383.97,16337103.967000017,98.09456285438351,4178
13792.0,383.95,3,156,0.0,0.0,0.0,383.95,0.0,0.0,67,3,383.95,Potential Loyalists,356,127.98333333333332,16337487.917000016,98.09686824507479,4179
12515.0,383.7,1,131,0.0,0.0,0.0,383.7,0.0,0.0,354,1,383.7,Hibernating,0,383.7,16337871.617000015,98.09917213466521,4180
15440.0,383.68,3,197,0.0,0.0,0.0,383.68,0.0,0.0,55,3,383.68,Loyal Customers,154,127.89333333333332,16338255.297000015,98.10147590416756,4181
12547.0,383.58,3,309,0.0,0.0,0.0,383.58,0.0,0.0,198,3,383.58,At Risk,303,127.86,16338638.877000015,98.10377907322957,4182
12832.0,383.03000000000003,2,195,0.0,0.0,0.0,383.03000000000003,0.0,0.0,33,2,383.03,New / Promising,66,191.515,16339021.907000015,98.1060789398697,4183
13817.0,382.98,2,211,0.0,0.0,0.0,382.98,0.0,0.0,30,2,382.98,New / Promising,322,191.49,16339404.887000015,98.10837850628967,4184
17403.0,382.87,2,188,0.0,0.0,0.0,382.87,0.0,0.0,37,2,382.87,Loyal Customers,414,191.435,16339787.757000014,98.11067741222526,4185
14767.0,382.81,1,117,0.0,0.0,0.0,382.81,0.0,0.0,475,1,382.81,Hibernating,0,382.81,16340170.567000015,98.11297595789664,4186
16988.0,382.67,2,158,0.0,0.0,0.0,382.67,0.0,0.0,6,2,382.67,Loyal Customers,374,191.335,16340553.237000015,98.11527366295155,4187
13657.0,382.14,2,209,0.0,0.0,0.0,382.14,0.0,0.0,11,2,382.14,New / Promising,191,191.07,16340935.377000015,98.11756818567264,4188
17250.0,381.97,2,167,0.0,0.0,0.0,381.97,0.0,0.0,4,2,381.97,Loyal Customers,258,190.985,16341317.347000016,98.11986168764516,4189
14908.0,381.9,2,182,0.0,0.0,0.0,381.9,0.0,0.0,75,2,381.9,Needs Attention,389,190.95,16341699.247000016,98.12215476930945,4190
16304.0,381.66,1,228,0.0,0.0,0.0,381.66,0.0,0.0,695,1,381.66,Hibernating,0,381.66,16342080.907000016,98.1244464099169,4191
15090.0,381.32,1,208,0.0,0.0,0.0,381.32,0.0,0.0,309,1,381.32,Hibernating,0,381.32,16342462.227000017,98.1267360090272,4192
17393.0,381.15000000000003,2,238,0.0,0.0,0.0,381.15000000000003,0.0,0.0,411,2,381.15,At Risk,78,190.575,16342843.377000017,98.12902458738891,4193
17903.0,381.09000000000003,1,142,0.0,0.0,0.0,381.09000000000003,0.0,0.0,395,1,381.09,Hibernating,0,381.09,16343224.467000017,98.13131280548642,4194
12796.0,381.0,1,182,0.0,0.0,0.0,381.0,0.0,0.0,629,1,381.0,Hibernating,0,381.0,16343605.467000017,98.13360048318762,4195
17936.0,380.13,1,257,0.0,0.0,0.0,380.13,0.0,0.0,6,1,380.13,New / Promising,0,380.13,16343985.597000018,98.13588293705786,4196
14731.0,380.02,3,256,0.0,0.0,0.0,380.02,0.0,0.0,48,3,380.02,Loyal Customers,165,126.67333333333332,16344365.617000017,98.1381647304437,4197
16577.0,380.0,1,142,0.0,0.0,0.0,380.0,0.0,0.0,667,1,380.0,Hibernating,0,380.0,16344745.617000017,98.14044640374149,4198
17753.0,382.06,4,124,-2.5,1.0,2.0,379.56,0.25,0.006543474846882689,465,4,382.06,At Risk,238,95.515,16345125.177000018,98.14272543510178,4199
16484.0,404.3,2,200,-24.9,1.0,6.0,379.40000000000003,0.5,0.061587929755132324,174,2,404.3,Needs Attention,17,202.15,16345504.577000018,98.14500350575753,4200
14200.0,379.2,1,140,0.0,0.0,0.0,379.2,0.0,0.0,618,1,379.2,Hibernating,0,379.2,16345883.777000017,98.14728037553257,4201
16930.0,378.89,3,339,0.0,0.0,0.0,378.89,0.0,0.0,27,3,378.89,Loyal Customers,42,126.29666666666668,16346262.667000018,98.14955538394257,4202
17804.0,383.78000000000003,3,194,-5.1,1.0,1.0,378.68,0.3333333333333333,0.013288863411329406,377,3,383.78,At Risk,362,127.92666666666668,16346641.347000018,98.15182913142785,4203
13372.0,378.64,1,159,0.0,0.0,0.0,378.64,0.0,0.0,90,1,378.64,Needs Attention,0,378.64,16347019.987000018,98.154102638737,4204
13954.0,439.92,2,150,-61.33,1.0,9.0,378.59000000000003,0.5,0.13941171122022186,2,2,439.92,New / Promising,69,219.96,16347398.577000018,98.15637584582596,4205
17078.0,378.2,2,788,0.0,0.0,0.0,378.2,0.0,0.0,37,2,378.2,Loyal Customers,0,189.1,16347776.777000017,98.15864671119759,4206
13345.0,389.5,1,141,-11.899999999999999,1.0,2.0,377.6,1.0,0.030551989730423616,288,1,389.5,Hibernating,0,389.5,16348154.377000017,98.1609139739272,4207
12941.0,377.49,1,381,0.0,0.0,0.0,377.49,0.0,0.0,725,1,377.49,Hibernating,0,377.49,16348531.867000017,98.16318057617241,4208
17783.0,376.96,3,438,0.0,0.0,0.0,376.96,0.0,0.0,73,3,376.96,Potential Loyalists,440,125.65333333333332,16348908.827000018,98.16544399608381,4209
17717.0,376.92,1,344,0.0,0.0,0.0,376.92,0.0,0.0,422,1,376.92,Hibernating,0,376.92,16349285.747000018,98.16770717581907,4210
17489.0,376.64,2,428,0.0,0.0,0.0,376.64,0.0,0.0,59,2,376.64,Loyal Customers,154,188.32,16349662.387000019,98.1699686743214,4211
14353.0,376.5,3,344,0.0,0.0,0.0,376.5,0.0,0.0,216,3,376.5,At Risk,216,125.5,16350038.887000019,98.17222933220722,4212
13997.0,376.46,3,143,0.0,0.0,0.0,376.46,0.0,0.0,520,3,376.46,At Risk,31,125.48666666666666,16350415.34700002,98.17448974991693,4213
14531.0,376.34,1,260,0.0,0.0,0.0,376.34,0.0,0.0,480,1,376.34,Hibernating,0,376.34,16350791.68700002,98.17674944709822,4214
13688.0,375.5,1,130,0.0,0.0,0.0,375.5,0.0,0.0,636,1,375.5,Hibernating,0,375.5,16351167.18700002,98.17900410058064,4215
14448.0,375.35,2,104,0.0,0.0,0.0,375.35,0.0,0.0,10,2,375.35,New / Promising,355,187.675,16351542.53700002,98.18125785340254,4216
14294.0,375.34000000000003,1,190,0.0,0.0,0.0,375.34000000000003,0.0,0.0,408,1,375.34,Hibernating,0,375.34,16351917.877000019,98.1835115461804,4217
14067.0,374.7,2,361,0.0,0.0,0.0,374.7,0.0,0.0,64,2,374.7,Needs Attention,33,187.35,16352292.577000018,98.18576139614008,4218
17568.0,374.45,1,275,0.0,0.0,0.0,374.45,0.0,0.0,634,1,374.45,Hibernating,0,374.45,16352667.027000017,98.18800974499892,4219
14736.0,374.05,2,148,0.0,0.0,0.0,374.05,0.0,0.0,486,2,374.05,Hibernating,0,187.025,16353041.077000018,98.19025569209639,4220
13351.0,373.94,1,117,0.0,0.0,0.0,373.94,0.0,0.0,67,1,373.94,Needs Attention,0,373.94,16353415.017000018,98.19250097870948,4221
13283.0,373.36,4,204,0.0,0.0,0.0,373.36,0.0,0.0,60,4,373.36,Potential Loyalists,581,93.34,16353788.377000017,98.19474278276857,4222
13197.0,373.01000000000005,1,204,0.0,0.0,0.0,373.01000000000005,0.0,0.0,610,1,373.0100000000001,Hibernating,0,373.0100000000001,16354161.387000017,98.19698248528648,4223
12981.0,372.21999999999997,2,242,0.0,0.0,0.0,372.21999999999997,0.0,0.0,30,2,372.22,New / Promising,104,186.11,16354533.607000018,98.19921744432571,4224
13597.0,396.71,2,231,-24.5,1.0,11.0,372.21,0.5,0.06175795921453959,401,2,396.71,Hibernating,2,198.355,16354905.817000018,98.2014523433209,4225
17245.0,371.63,2,307,0.0,0.0,0.0,371.63,0.0,0.0,205,2,371.63,At Risk,485,185.815,16355277.44700002,98.2036837597621,4226
15472.0,371.56,1,251,0.0,0.0,0.0,371.56,0.0,0.0,114,1,371.56,Needs Attention,0,371.56,16355649.00700002,98.20591475589507,4227
18162.0,371.51,1,332,0.0,0.0,0.0,371.51,0.0,0.0,733,1,371.51,Hibernating,0,371.51,16356020.51700002,98.20814545180787,4228
15975.0,371.01,1,243,0.0,0.0,0.0,371.01,0.0,0.0,85,1,371.01,Needs Attention,0,371.01,16356391.52700002,98.21037314551894,4229
15063.0,370.79999999999995,1,56,0.0,0.0,0.0,370.79999999999995,0.0,0.0,214,1,370.8,Hibernating,0,370.8,16356762.32700002,98.21259957830532,4230
15765.0,370.63,1,335,0.0,0.0,0.0,370.63,0.0,0.0,667,1,370.63,Hibernating,0,370.63,16357132.95700002,98.2148249903431,4231
15458.0,370.44,2,300,0.0,0.0,0.0,370.44,0.0,0.0,26,2,370.44,New / Promising,377,185.22,16357503.39700002,98.21704926154423,4232
17094.0,402.20000000000005,2,212,-31.8,1.0,4.0,370.40000000000003,0.5,0.07906514172053704,323,2,402.2000000000001,At Risk,101,201.1,16357873.79700002,98.21927329256924,4233
16148.0,386.62,2,250,-16.25,2.0,3.0,370.37,1.0,0.04203093476798924,297,2,386.62,Hibernating,140,193.31,16358244.16700002,98.22149714346213,4234
17437.0,369.68,1,283,0.0,0.0,0.0,369.68,0.0,0.0,530,1,369.68,Hibernating,0,369.68,16358613.84700002,98.22371685131667,4235
16758.0,369.34000000000003,1,203,0.0,0.0,0.0,369.34000000000003,0.0,0.0,66,1,369.34,Needs Attention,0,369.34,16358983.18700002,98.22593451767405,4236
14888.0,369.2,1,184,0.0,0.0,0.0,369.2,0.0,0.0,208,1,369.2,Hibernating,0,369.2,16359352.387000019,98.22815134341495,4237
15477.0,368.4,1,216,0.0,0.0,0.0,368.4,0.0,0.0,650,1,368.4,Hibernating,0,368.4,16359720.78700002,98.23036336563312,4238
17792.0,368.35,2,149,0.0,0.0,0.0,368.35,0.0,0.0,468,2,368.35,At Risk,11,184.175,16360089.137000019,98.23257508763112,4239
15989.0,368.31,2,169,0.0,0.0,0.0,368.31,0.0,0.0,376,2,368.31,Hibernating,362,184.155,16360457.44700002,98.23478656945298,4240
15345.0,393.54,1,81,-25.85,1.0,3.0,367.69,1.0,0.06568582609137572,46,1,393.54,New / Promising,0,393.54,16360825.137000019,98.23699432854472,4241
14706.0,367.54,1,246,0.0,0.0,0.0,367.54,0.0,0.0,619,1,367.54,Hibernating,0,367.54,16361192.677000018,98.23920118697596,4242
14018.0,367.15,1,224,0.0,0.0,0.0,367.15,0.0,0.0,646,1,367.15,Hibernating,0,367.15,16361559.827000018,98.24140570368985,4243
14962.0,366.91,4,123,0.0,0.0,0.0,366.91,0.0,0.0,271,4,366.91,At Risk,314,91.7275,16361926.737000018,98.24360877934694,4244
12899.0,366.4,1,108,0.0,0.0,0.0,366.4,0.0,0.0,414,1,366.4,Hibernating,0,366.4,16362293.137000019,98.24580879275828,4245
17911.0,366.23,1,223,0.0,0.0,0.0,366.23,0.0,0.0,10,1,366.23,New / Promising,0,366.23,16362659.36700002,98.24800778542104,4246
12889.0,385.46000000000004,4,124,-19.8,2.0,4.0,365.66,0.5,0.05136719763399574,382,4,385.46,At Risk,121,96.365,16363025.02700002,98.25020335557384,4247
16974.0,365.5,2,70,0.0,0.0,0.0,365.5,0.0,0.0,523,2,365.5,At Risk,42,182.75,16363390.52700002,98.25239796502213,4248
12651.0,377.75,4,265,-12.45,1.0,3.0,365.3,0.25,0.03295830575777631,335,4,377.75,At Risk,131,94.4375,16363755.82700002,98.2545913735897,4249
15429.0,397.35,2,380,-32.45,1.0,11.0,364.90000000000003,0.5,0.08166603749842709,27,2,397.35,New / Promising,49,198.675,16364120.72700002,98.25678238039592,4250
17536.0,364.83,3,201,0.0,0.0,0.0,364.83,0.0,0.0,178,3,364.83,Potential Loyalists,505,121.61,16364485.55700002,98.2589729668939,4251
14886.0,364.8,1,160,0.0,0.0,0.0,364.8,0.0,0.0,253,1,364.8,Hibernating,0,364.8,16364850.357000021,98.26116337325979,4252
15949.0,364.72,2,284,0.0,0.0,0.0,364.72,0.0,0.0,17,2,364.72,New / Promising,55,182.36,16365215.077000022,98.26335329927339,4253
15343.0,364.5,1,84,0.0,0.0,0.0,364.5,0.0,0.0,88,1,364.5,Needs Attention,0,364.5,16365579.577000022,98.26554190431824,4254
15915.0,364.45,1,414,0.0,0.0,0.0,364.45,0.0,0.0,402,1,364.45,Hibernating,0,364.45,16365944.027000021,98.26773020914291,4255
14528.0,364.21999999999997,1,278,0.0,0.0,0.0,364.21999999999997,0.0,0.0,38,1,364.22,New / Promising,0,364.22,16366308.247000022,98.26991713295482,4256
16909.0,379.14,1,436,-15.0,1.0,2.0,364.14,1.0,0.039563222028802025,73,1,379.14,Needs Attention,0,379.14,16366672.387000022,98.27210357641444,4257
16509.0,363.70000000000005,1,64,0.0,0.0,0.0,363.70000000000005,0.0,0.0,297,1,363.7000000000001,Hibernating,0,363.7000000000001,16367036.087000022,98.27428737793656,4258
14253.0,363.40000000000003,2,88,0.0,0.0,0.0,363.40000000000003,0.0,0.0,494,2,363.4,Hibernating,130,181.7,16367399.487000022,98.27646937813765,4259
16078.0,362.99,2,200,0.0,0.0,0.0,362.99,0.0,0.0,284,2,362.99,Hibernating,386,181.495,16367762.477000022,98.27864891653334,4260
16378.0,362.95,3,267,0.0,0.0,0.0,362.95,0.0,0.0,248,3,362.95,At Risk,63,120.98333333333332,16368125.427000022,98.28082821475289,4261
17573.0,380.6,3,308,-17.700000000000003,1.0,6.0,362.90000000000003,0.3333333333333333,0.046505517603783506,30,3,380.6,Loyal Customers,64,126.86666666666667,16368488.327000022,98.28300721275228,4262
13962.0,362.8,3,160,0.0,0.0,0.0,362.8,0.0,0.0,22,3,362.8,Loyal Customers,414,120.93333333333334,16368851.127000023,98.28518561031133,4263
15029.0,365.1,1,234,-2.95,1.0,1.0,362.15000000000003,1.0,0.008079978088195015,620,1,365.1,Hibernating,0,365.1,16369213.277000023,98.28736010500816,4264
16052.0,362.06,1,282,0.0,0.0,0.0,362.06,0.0,0.0,55,1,362.06,New / Promising,0,362.06,16369575.337000024,98.28953405930868,4265
18110.0,392.28000000000003,2,169,-30.25,1.0,7.0,362.03000000000003,0.5,0.07711328642806159,20,2,392.28,Loyal Customers,392,196.14,16369937.367000023,98.29170783347709,4266
13844.0,361.62,1,196,0.0,0.0,0.0,361.62,0.0,0.0,12,1,361.62,New / Promising,0,361.62,16370298.987000022,98.29387914584011,4267
18119.0,361.4,1,248,0.0,0.0,0.0,361.4,0.0,0.0,368,1,361.4,Hibernating,0,361.4,16370660.387000022,98.29604913723436,4268
14950.0,371.2,1,136,-9.95,1.0,1.0,361.25,1.0,0.026804956896551723,20,1,371.2,New / Promising,0,371.2,16371021.637000022,98.29821822796812,4269
16305.0,361.22,1,256,0.0,0.0,0.0,361.22,0.0,0.0,139,1,361.22,Needs Attention,0,361.22,16371382.857000023,98.30038713856976,4270
16448.0,361.12,2,176,0.0,0.0,0.0,361.12,0.0,0.0,199,2,361.12,Hibernating,273,180.56,16371743.977000022,98.30255544873107,4271
18091.0,360.85,1,539,0.0,0.0,0.0,360.85,0.0,0.0,594,1,360.85,Hibernating,0,360.85,16372104.827000022,98.30472213770345,4272
13274.0,360.85,1,199,0.0,0.0,0.0,360.85,0.0,0.0,410,1,360.85,Hibernating,0,360.85,16372465.677000022,98.30688882667583,4273
17772.0,360.75,3,113,0.0,0.0,0.0,360.75,0.0,0.0,11,3,360.75,Loyal Customers,382,120.25,16372826.427000022,98.30905491520788,4274
17012.0,360.61,1,251,0.0,0.0,0.0,360.61,0.0,0.0,726,1,360.61,Hibernating,0,360.61,16373187.037000021,98.31122016312344,4275
17945.0,360.35,3,244,0.0,0.0,0.0,360.35,0.0,0.0,697,3,360.35,At Risk,0,120.11666666666667,16373547.38700002,98.31338384989411,4276
18208.0,360.08,1,82,0.0,0.0,0.0,360.08,0.0,0.0,566,1,360.08,Hibernating,0,360.08,16373907.46700002,98.31554591547587,4277
13298.0,360.0,1,96,0.0,0.0,0.0,360.0,0.0,0.0,2,1,360.0,New / Promising,0,360.0,16374267.46700002,98.31770750070535,4278
15008.0,360.0,2,1500,0.0,0.0,0.0,360.0,0.0,0.0,481,2,360.0,Hibernating,157,180.0,16374627.46700002,98.31986908593483,4279
13181.0,359.69,1,171,0.0,0.0,0.0,359.69,0.0,0.0,382,1,359.69,Hibernating,0,359.69,16374987.15700002,98.32202880979925,4280
14919.0,359.35,1,129,0.0,0.0,0.0,359.35,0.0,0.0,540,1,359.35,Hibernating,0,359.35,16375346.50700002,98.3241864921665,4281
17912.0,374.55,6,215,-15.399999999999999,1.0,2.0,359.15000000000003,0.16666666666666666,0.04111600587371512,311,6,374.55,At Risk,65,62.425,16375705.65700002,98.3263429736531,4282
17948.0,358.56000000000006,1,144,0.0,0.0,0.0,358.56000000000006,0.0,0.0,148,1,358.56000000000006,Needs Attention,0,358.56000000000006,16376064.21700002,98.32849591254165,4283
16856.0,358.49,3,171,0.0,0.0,0.0,358.49,0.0,0.0,15,3,358.49,Loyal Customers,428,119.49666666666668,16376422.70700002,98.33064843112199,4284
17748.0,358.15,1,111,0.0,0.0,0.0,358.15,0.0,0.0,528,1,358.15,Hibernating,0,358.15,16376780.857000021,98.33279890820515,4285
13228.0,358.0,1,200,0.0,0.0,0.0,358.0,0.0,0.0,82,1,358.0,Needs Attention,0,358.0,16377138.857000021,98.3349484846278,4286
16606.0,357.66,2,148,0.0,0.0,0.0,357.66,0.0,0.0,405,2,357.66,Hibernating,30,178.83,16377496.517000021,98.3370960195533,4287
15595.0,357.59999999999997,1,144,0.0,0.0,0.0,357.59999999999997,0.0,0.0,488,1,357.6,Hibernating,0,357.6,16377854.117000021,98.33924319421457,4288
18040.0,357.20000000000005,2,148,0.0,0.0,0.0,357.20000000000005,0.0,0.0,20,2,357.20000000000005,Loyal Customers,226,178.60000000000002,16378211.31700002,98.34138796711449,4289
18273.0,357.0,4,140,0.0,0.0,0.0,357.0,0.0,0.0,3,4,357.0,Loyal Customers,588,89.25,16378568.31700002,98.34353153913374,4290
14500.0,356.85,3,117,0.0,0.0,0.0,356.85,0.0,0.0,89,3,356.85,Potential Loyalists,101,118.95,16378925.16700002,98.34567421049245,4291
17200.0,356.71,4,367,0.0,0.0,0.0,356.71,0.0,0.0,388,4,356.71,At Risk,265,89.1775,16379281.87700002,98.34781604123471,4292
14172.0,369.02,3,78,-12.75,1.0,1.0,356.27,0.3333333333333333,0.034550972847000164,606,3,369.02,At Risk,37,123.00666666666666,16379638.14700002,98.34995523003944,4293
12544.0,372.7,1,136,-17.0,1.0,4.0,355.7,1.0,0.04561309364099812,37,1,372.7,New / Promising,0,372.7,16379993.84700002,98.35209099633424,4294
12996.0,355.5,1,122,0.0,0.0,0.0,355.5,0.0,0.0,376,1,355.5,Hibernating,0,355.5,16380349.34700002,98.35422556174835,4295
16920.0,355.45,1,81,0.0,0.0,0.0,355.45,0.0,0.0,412,1,355.45,Hibernating,0,355.45,16380704.797000019,98.35635982694228,4296
15863.0,355.1,5,162,0.0,0.0,0.0,355.1,0.0,0.0,26,5,355.1,Loyal Customers,697,71.02000000000001,16381059.897000019,98.35849199059503,4297
14268.0,354.85,1,147,0.0,0.0,0.0,354.85,0.0,0.0,471,1,354.85,Hibernating,0,354.85,16381414.747000018,98.36062265314692,4298
14244.0,366.41999999999996,1,814,-11.6,1.0,12.0,354.81999999999994,1.0,0.03165766060804542,661,1,366.42,Hibernating,0,366.42,16381769.567000018,98.36275313556672,4299
15986.0,354.42,2,368,0.0,0.0,0.0,354.42,0.0,0.0,31,2,354.42,New / Promising,351,177.21,16382123.987000018,98.36488121622514,4300
12845.0,354.09000000000003,4,204,0.0,0.0,0.0,354.09000000000003,0.0,0.0,268,4,354.09000000000003,At Risk,23,88.52250000000001,16382478.077000018,98.36700731543044,4301
16323.0,353.66,2,146,0.0,0.0,0.0,353.66,0.0,0.0,197,2,353.66,Hibernating,381,176.83,16382831.737000018,98.36913083274227,4302
18003.0,353.51,1,297,0.0,0.0,0.0,353.51,0.0,0.0,377,1,353.51,Hibernating,0,353.51,16383185.247000018,98.37125344939358,4303
13210.0,353.48,1,316,0.0,0.0,0.0,353.48,0.0,0.0,94,1,353.48,Needs Attention,0,353.48,16383538.727000019,98.37337588591281,4304
14804.0,353.27,1,121,0.0,0.0,0.0,353.27,0.0,0.0,9,1,353.27,New / Promising,0,353.27,16383891.997000018,98.3754970615073,4305
16382.0,353.1,2,167,0.0,0.0,0.0,353.1,0.0,0.0,409,2,353.1,Hibernating,142,176.55,16384245.097000018,98.3776172163532,4306
12617.0,352.98,1,210,0.0,0.0,0.0,352.98,0.0,0.0,30,1,352.98,New / Promising,0,352.98,16384598.077000018,98.37973665067072,4307
13765.0,352.821,1,297,0.0,0.0,0.0,352.821,0.0,0.0,654,1,352.821,Hibernating,0,352.821,16384950.898000019,98.38185513028809,4308
16857.0,352.8,1,168,0.0,0.0,0.0,352.8,0.0,0.0,443,1,352.8,Hibernating,0,352.8,16385303.69800002,98.38397348381298,4309
14333.0,415.2,1,58,-63.75,1.0,6.0,351.45,1.0,0.15354046242774566,68,1,415.2,Needs Attention,0,415.2,16385655.148000019,98.38608373139326,4310
16192.0,351.3,1,208,0.0,0.0,0.0,351.3,0.0,0.0,736,1,351.3,Hibernating,0,351.3,16386006.44800002,98.38819307831304,4311
13923.0,351.13,1,185,0.0,0.0,0.0,351.13,0.0,0.0,54,1,351.13,New / Promising,0,351.13,16386357.57800002,98.39030140448422,4312
14252.0,350.99,1,111,0.0,0.0,0.0,350.99,0.0,0.0,382,1,350.99,Hibernating,0,350.99,16386708.56800002,98.39240889003894,4313
13332.0,350.90000000000003,1,179,0.0,0.0,0.0,350.90000000000003,0.0,0.0,15,1,350.90000000000003,New / Promising,0,350.90000000000003,16387059.46800002,98.39451583519735,4314
15334.0,350.82,3,273,0.0,0.0,0.0,350.82,0.0,0.0,157,3,350.82,Potential Loyalists,17,116.94,16387410.288000021,98.39662230000347,4315
12532.0,349.83000000000004,1,153,0.0,0.0,0.0,349.83000000000004,0.0,0.0,31,1,349.83000000000004,New / Promising,0,349.83000000000004,16387760.118000021,98.39872282045023,4316
13670.0,349.7,1,282,0.0,0.0,0.0,349.7,0.0,0.0,76,1,349.7,Needs Attention,0,349.7,16388109.81800002,98.40082256032453,4317
13887.0,349.55,1,147,0.0,0.0,0.0,349.55,0.0,0.0,205,1,349.55,Hibernating,0,349.55,16388459.368000021,98.40292139953833,4318
14545.0,349.25,1,236,0.0,0.0,0.0,349.25,0.0,0.0,675,1,349.25,Hibernating,0,349.25,16388808.618000021,98.4050184374311,4319
16355.0,416.35,1,179,-67.15,1.0,34.0,349.20000000000005,1.0,0.16128257475681518,376,1,416.35,Hibernating,0,416.35,16389157.81800002,98.40711517510368,4320
17252.0,348.90999999999997,2,192,0.0,0.0,0.0,348.90999999999997,0.0,0.0,117,2,348.91,Potential Loyalists,70,174.45499999999998,16389506.72800002,98.4092101714993,4321
13790.0,348.79999999999995,1,748,0.0,0.0,0.0,348.79999999999995,0.0,0.0,5,1,348.79999999999995,New / Promising,0,348.79999999999995,16389855.528000021,98.41130450741053,4322
17577.0,348.75,2,179,0.0,0.0,0.0,348.75,0.0,0.0,646,2,348.75,At Risk,23,174.375,16390204.278000021,98.4133985431016,4323
15282.0,348.59,1,395,0.0,0.0,0.0,348.59,0.0,0.0,571,1,348.59,Hibernating,0,348.59,16390552.868000021,98.4154916180881,4324
16263.0,348.16,1,197,0.0,0.0,0.0,348.16,0.0,0.0,424,1,348.16,Hibernating,0,348.16,16390901.028000021,98.41758211118116,4325
18155.0,371.62,3,266,-23.8,1.0,8.0,347.82,0.3333333333333333,0.06404391582799634,76,3,371.62,Potential Loyalists,216,123.87333333333332,16391248.848000022,98.41967056277704,4326
12760.0,347.8,1,198,0.0,0.0,0.0,347.8,0.0,0.0,456,1,347.8,Hibernating,0,347.8,16391596.648000022,98.42175889428486,4327
17668.0,347.75,2,93,0.0,0.0,0.0,347.75,0.0,0.0,2,2,347.75,Loyal Customers,37,173.875,16391944.398000022,98.4238469255725,4328
15085.0,347.54,1,169,0.0,0.0,0.0,347.54,0.0,0.0,730,1,347.54,Hibernating,0,347.54,16392291.938000022,98.42593369593543,4329
12895.0,372.8,2,210,-25.5,1.0,6.0,347.3,0.5,0.06840128755364806,43,2,372.8,New / Promising,44,186.4,16392639.238000022,98.42801902524154,4330
12441.0,347.1,1,242,0.0,0.0,0.0,347.1,0.0,0.0,367,1,347.1,Hibernating,0,347.1,16392986.338000022,98.43010315366698,4331
13062.0,346.98,1,343,0.0,0.0,0.0,346.98,0.0,0.0,192,1,346.98,Hibernating,0,346.98,16393333.318000022,98.43218656156398,4332
12411.0,346.9,1,138,0.0,0.0,0.0,346.9,0.0,0.0,410,1,346.9,Hibernating,0,346.9,16393680.218000023,98.43426948910873,4333
12566.0,351.65,1,265,-4.95,1.0,1.0,346.7,1.0,0.014076496516422581,87,1,351.65,Needs Attention,0,351.65,16394026.918000022,98.43635121577279,4334
17780.0,346.56,3,156,0.0,0.0,0.0,346.56,0.0,0.0,668,3,346.56,At Risk,17,115.52,16394373.478000022,98.43843210182037,4335
13234.0,346.5,2,159,0.0,0.0,0.0,346.5,0.0,0.0,673,2,346.5,Hibernating,60,173.25,16394719.978000022,98.44051262760375,4336
16423.0,346.12,1,230,0.0,0.0,0.0,346.12,0.0,0.0,25,1,346.12,New / Promising,0,346.12,16395066.098000022,98.44259087171382,4337
13413.0,429.44,6,455,-83.64000000000001,2.0,73.0,345.79999999999995,0.3333333333333333,0.1947652757078987,640,6,429.44,At Risk,48,71.57333333333334,16395411.898000022,98.4446671944148,4338
15840.0,355.56,2,396,-9.9,1.0,2.0,345.66,0.5,0.027843401957475533,59,2,355.56,New / Promising,114,177.78,16395757.558000023,98.44674267649933,4339
12829.0,385.3,3,550,-39.95,1.0,1.0,345.35,0.3333333333333333,0.10368543991694784,337,3,385.3,At Risk,214,128.43333333333334,16396102.908000022,98.44881629721877,4340
17548.0,731.26,4,494,-386.26,2.0,322.0,345.0,0.5,0.5282115800125811,234,4,731.26,At Risk,163,182.815,16396447.908000022,98.45088781639701,4341
13774.0,345.0,1,192,0.0,0.0,0.0,345.0,0.0,0.0,82,1,345.0,Needs Attention,0,345.0,16396792.908000022,98.45295933557527,4342
14633.0,344.90000000000003,1,96,0.0,0.0,0.0,344.90000000000003,0.0,0.0,267,1,344.90000000000003,Hibernating,0,344.90000000000003,16397137.808000023,98.45503025431319,4343
15337.0,373.02,1,200,-28.3,1.0,8.0,344.71999999999997,1.0,0.07586724572408987,412,1,373.02,Hibernating,0,373.02,16397482.528000023,98.45710009225849,4344
15519.0,344.61,2,116,0.0,0.0,0.0,344.61,0.0,0.0,384,2,344.61,Hibernating,63,172.305,16397827.138000023,98.45916926971941,4345
17569.0,344.14,1,159,0.0,0.0,0.0,344.14,0.0,0.0,333,1,344.14,Hibernating,0,344.14,16398171.278000023,98.46123562511072,4346
13068.0,344.0,2,200,0.0,0.0,0.0,344.0,0.0,0.0,11,2,344.0,New / Promising,309,172.0,16398515.278000023,98.46330113988556,4347
16990.0,344.0,2,200,0.0,0.0,0.0,344.0,0.0,0.0,219,2,344.0,At Risk,204,172.0,16398859.278000023,98.4653666546604,4348
15120.0,358.82,1,296,-15.0,1.0,4.0,343.82,1.0,0.0418036898723594,134,1,358.82,Needs Attention,0,358.82,16399203.098000024,98.46743108864263,4349
15047.0,343.62,1,222,0.0,0.0,0.0,343.62,0.0,0.0,270,1,343.62,Hibernating,0,343.62,16399546.718000023,98.46949432174415,4350
15520.0,343.5,1,314,0.0,0.0,0.0,343.5,0.0,0.0,2,1,343.5,New / Promising,0,343.5,16399890.218000023,98.47155683431728,4351
18081.0,343.45,3,195,0.0,0.0,0.0,343.45,0.0,0.0,37,3,343.45,Loyal Customers,97,114.48333333333332,16400233.668000022,98.47361904667025,4352
12715.0,343.36,1,192,0.0,0.0,0.0,343.36,0.0,0.0,107,1,343.36,Needs Attention,0,343.36,16400577.028000021,98.4756807186269,4353
17810.0,373.16,2,118,-29.95,1.0,1.0,343.21000000000004,0.5,0.08026047807910815,669,2,373.16,At Risk,15,186.58,16400920.238000022,98.47774148992305,4354
18250.0,349.27,1,199,-6.35,1.0,1.0,342.91999999999996,1.0,0.0181807770492742,311,1,349.27,Hibernating,0,349.27,16401263.158000022,98.4798005199422,4355
17795.0,342.83,2,305,0.0,0.0,0.0,342.83,0.0,0.0,180,2,342.83,Potential Loyalists,85,171.415,16401605.988000022,98.48185900956503,4356
13550.0,342.55,1,430,0.0,0.0,0.0,342.55,0.0,0.0,384,1,342.55,Hibernating,0,342.55,16401948.538000023,98.48391581795492,4357
16851.0,342.45,3,271,0.0,0.0,0.0,342.45,0.0,0.0,5,3,342.45,Loyal Customers,47,114.15,16402290.988000022,98.48597202590447,4358
14989.0,342.4,1,200,0.0,0.0,0.0,342.4,0.0,0.0,662,1,342.4,Hibernating,0,342.4,16402633.388000023,98.48802793363383,4359
17835.0,342.24,3,344,0.0,0.0,0.0,342.24,0.0,0.0,3,3,342.24,Loyal Customers,21,114.08,16402975.628000023,98.49008288065868,4360
17660.0,342.22,2,259,0.0,0.0,0.0,342.22,0.0,0.0,142,2,342.22,Potential Loyalists,596,171.11,16403317.848000024,98.49213770759543,4361
18199.0,344.75,1,99,-2.55,1.0,1.0,342.2,1.0,0.0073966642494561275,684,1,344.75,Hibernating,0,344.75,16403660.048000023,98.49419241444411,4362
14724.0,341.9,1,184,0.0,0.0,0.0,341.9,0.0,0.0,591,1,341.9,Hibernating,0,341.9,16404001.948000023,98.49624531997179,4363
16826.0,341.7,1,158,0.0,0.0,0.0,341.7,0.0,0.0,52,1,341.7,New / Promising,0,341.7,16404343.648000022,98.49829702461876,4364
16585.0,341.59000000000003,2,151,0.0,0.0,0.0,341.59000000000003,0.0,0.0,594,2,341.59000000000003,Hibernating,102,170.79500000000002,16404685.238000022,98.50034806878138,4365
13347.0,341.36,1,205,0.0,0.0,0.0,341.36,0.0,0.0,71,1,341.36,Needs Attention,0,341.36,16405026.598000022,98.5023977319312,4366
13252.0,399.3,2,134,-58.0,1.0,6.0,341.3,0.5,0.14525419484097168,395,2,399.3,Hibernating,231,199.65,16405367.898000022,98.5044470348168,4367
17928.0,341.24,3,222,0.0,0.0,0.0,341.24,0.0,0.0,46,3,341.24,Loyal Customers,526,113.74666666666668,16405709.138000023,98.50649597743822,4368
16259.0,340.94,3,143,0.0,0.0,0.0,340.94,0.0,0.0,411,3,340.94,At Risk,195,113.64666666666666,16406050.078000022,98.50854311873861,4369
17542.0,340.85,3,323,0.0,0.0,0.0,340.85,0.0,0.0,270,3,340.85,At Risk,372,113.61666666666667,16406390.928000022,98.5105897196427,4370
16044.0,340.84000000000003,1,170,0.0,0.0,0.0,340.84000000000003,0.0,0.0,436,1,340.84000000000003,Hibernating,0,340.84000000000003,16406731.768000022,98.51263626050275,4371
15818.0,340.5,1,284,0.0,0.0,0.0,340.5,0.0,0.0,589,1,340.5,Hibernating,0,340.5,16407072.268000022,98.51468075986563,4372
13584.0,385.7,3,360,-45.3,2.0,87.0,340.4,0.6666666666666666,0.11744879439979258,307,3,385.7,At Risk,369,128.56666666666666,16407412.668000022,98.51672465878816,4373
12900.0,340.33000000000004,1,139,0.0,0.0,0.0,340.33000000000004,0.0,0.0,423,1,340.33000000000004,Hibernating,0,340.33000000000004,16407752.998000022,98.51876813740247,4374
14840.0,362.71000000000004,2,179,-22.5,1.0,6.0,340.21000000000004,0.5,0.062033029141738576,268,2,362.71,Hibernating,272,181.355,16408093.208000023,98.52081089548838,4375
12698.0,339.75,1,111,0.0,0.0,0.0,339.75,0.0,0.0,591,1,339.75,Hibernating,0,339.75,16408432.958000023,98.5228508915487,4376
13737.0,339.6,1,125,0.0,0.0,0.0,339.6,0.0,0.0,201,1,339.6,Hibernating,0,339.6,16408772.558000023,98.52488998694851,4377
14203.0,339.34,1,80,0.0,0.0,0.0,339.34,0.0,0.0,398,1,339.34,Hibernating,0,339.34,16409111.898000022,98.52692752120342,4378
17697.0,338.95,1,93,0.0,0.0,0.0,338.95,0.0,0.0,237,1,338.95,Hibernating,0,338.95,16409450.848000022,98.52896271374101,4379
14630.0,338.65,1,111,0.0,0.0,0.0,338.65,0.0,0.0,485,1,338.65,Hibernating,0,338.65,16409789.498000022,98.53099610495758,4380
17833.0,338.46000000000004,1,143,0.0,0.0,0.0,338.46000000000004,0.0,0.0,724,1,338.46000000000004,Hibernating,0,338.46000000000004,16410127.958000023,98.5330283553375,4381
14799.0,338.15000000000003,2,495,0.0,0.0,0.0,338.15000000000003,0.0,0.0,52,2,338.15000000000003,New / Promising,686,169.07500000000002,16410466.108000023,98.53505874435237,4382
17296.0,338.13,1,216,0.0,0.0,0.0,338.13,0.0,0.0,731,1,338.13,Hibernating,0,338.13,16410804.238000024,98.53708901327917,4383
12869.0,337.66999999999996,1,144,0.0,0.0,0.0,337.66999999999996,0.0,0.0,682,1,337.67,Hibernating,0,337.67,16411141.908000024,98.53911652018039,4384
14926.0,359.4,2,204,-21.75,1.0,15.0,337.65,0.5,0.06051752921535893,382,2,359.4,Hibernating,217,179.7,16411479.558000024,98.54114390699354,4385
13545.0,364.93,2,252,-27.29,1.0,7.0,337.64,0.5,0.07478146493848135,391,2,364.93,Hibernating,154,182.465,16411817.198000025,98.54317123376266,4386
17736.0,377.44,3,238,-39.95,1.0,1.0,337.49,0.3333333333333333,0.10584463755828742,10,3,377.44,Loyal Customers,104,125.81333333333332,16412154.688000025,98.54519765987126,4387
15942.0,337.44,1,232,0.0,0.0,0.0,337.44,0.0,0.0,134,1,337.44,Needs Attention,0,337.44,16412492.128000025,98.5472237857597,4388
12780.0,337.4,1,285,0.0,0.0,0.0,337.4,0.0,0.0,599,1,337.4,Hibernating,0,337.4,16412829.528000025,98.549249671472,4389
13930.0,337.34,2,274,0.0,0.0,0.0,337.34,0.0,0.0,58,2,337.34,New / Promising,79,168.67,16413166.868000025,98.55127519692009,4390
17973.0,337.04,1,176,0.0,0.0,0.0,337.04,0.0,0.0,52,1,337.04,New / Promising,0,337.04,16413503.908000024,98.55329892104714,4391
16476.0,350.35,1,187,-13.35,2.0,5.0,337.0,2.0,0.03810475239046667,432,1,350.35,Hibernating,0,350.35,16413840.908000024,98.55532240499808,4392
17488.0,336.5,1,136,0.0,0.0,0.0,336.5,0.0,0.0,642,1,336.5,Hibernating,0,336.5,16414177.408000024,98.5573428867473,4393
15619.0,336.4,1,136,0.0,0.0,0.0,336.4,0.0,0.0,11,1,336.4,New / Promising,0,336.4,16414513.808000024,98.55936276805619,4394
13482.0,336.09,2,187,0.0,0.0,0.0,336.09,0.0,0.0,233,2,336.09,Hibernating,395,168.045,16414849.898000024,98.56138078800001,4395
16690.0,353.03000000000003,4,209,-16.95,1.0,1.0,336.08000000000004,0.25,0.048012916749284755,73,4,353.03000000000003,Potential Loyalists,379,88.25750000000001,16415185.978000024,98.5633987478998,4396
17967.0,335.69,2,184,0.0,0.0,0.0,335.69,0.0,0.0,372,2,335.69,At Risk,45,167.845,16415521.668000024,98.56541436608227,4397
14196.0,335.52,1,142,0.0,0.0,0.0,335.52,0.0,0.0,107,1,335.52,Needs Attention,0,335.52,16415857.188000023,98.56742896351614,4398
16063.0,335.32,1,262,0.0,0.0,0.0,335.32,0.0,0.0,261,1,335.32,Hibernating,0,335.32,16416192.508000024,98.56944236006933,4399
17917.0,335.03,3,184,0.0,0.0,0.0,335.03,0.0,0.0,46,3,335.03,Loyal Customers,317,111.67666666666666,16416527.538000023,98.57145401534552,4400
12489.0,334.93,1,105,0.0,0.0,0.0,334.93,0.0,0.0,337,1,334.93,Hibernating,0,334.93,16416862.468000023,98.57346507018138,4401
17821.0,334.62,1,162,0.0,0.0,0.0,334.62,0.0,0.0,407,1,334.62,Hibernating,0,334.62,16417197.088000022,98.57547426365218,4402
12350.0,334.40000000000003,1,197,0.0,0.0,0.0,334.40000000000003,0.0,0.0,311,1,334.40000000000003,Hibernating,0,334.40000000000003,16417531.488000022,98.57748213615423,4403
17607.0,333.81,1,269,0.0,0.0,0.0,333.81,0.0,0.0,377,1,333.81,Hibernating,0,333.81,16417865.298000023,98.57948646605828,4404
13216.0,333.74,1,297,0.0,0.0,0.0,333.74,0.0,0.0,268,1,333.74,Hibernating,0,333.74,16418199.038000023,98.58149037565408,4405
14241.0,333.7,2,242,0.0,0.0,0.0,333.7,0.0,0.0,184,2,333.7,Needs Attention,513,166.85,16418532.738000022,98.58349404507373,4406
15781.0,345.46000000000004,3,180,-11.9,1.0,2.0,333.56000000000006,0.3333333333333333,0.034446824523823305,26,3,345.46000000000004,Loyal Customers,280,115.15333333333336,16418866.298000023,98.58549687387692,4407
16006.0,332.82,2,205,0.0,0.0,0.0,332.82,0.0,0.0,212,2,332.82,Hibernating,176,166.41,16419199.118000023,98.58749525942159,4408
13904.0,332.64,2,332,0.0,0.0,0.0,332.64,0.0,0.0,38,2,332.64,New / Promising,257,166.32,16419531.758000024,98.58949256417363,4409
16850.0,332.41,1,249,0.0,0.0,0.0,332.41,0.0,0.0,334,1,332.41,Hibernating,0,332.41,16419864.168000024,98.59148848791288,4410
16803.0,332.3,1,245,0.0,0.0,0.0,332.3,0.0,0.0,66,1,332.3,Needs Attention,0,332.3,16420196.468000025,98.59348375116777,4411
16452.0,332.17,2,199,0.0,0.0,0.0,332.17,0.0,0.0,631,2,332.17,Hibernating,63,166.085,16420528.638000024,98.59547823385022,4412
17647.0,331.65999999999997,3,82,0.0,0.0,0.0,331.65999999999997,0.0,0.0,66,3,331.66,Potential Loyalists,604,110.55333333333331,16420860.298000025,98.5974696542869,4413
15512.0,331.58,4,235,0.0,0.0,0.0,331.58,0.0,0.0,156,4,331.58,Potential Loyalists,521,82.895,16421191.878000025,98.59946059437132,4414
17435.0,331.35,1,195,0.0,0.0,0.0,331.35,0.0,0.0,412,1,331.35,Hibernating,0,331.35,16421523.228000024,98.60145015344295,4415
13519.0,343.21,2,133,-11.95,1.0,1.0,331.26,0.5,0.03481833279916086,79,2,343.21,Needs Attention,364,171.605,16421854.488000024,98.60343917211829,4416
16030.0,331.24,1,283,0.0,0.0,0.0,331.24,0.0,0.0,310,1,331.24,Hibernating,0,331.24,16422185.728000024,98.60542807070554,4417
16478.0,331.0,3,224,0.0,0.0,0.0,331.0,0.0,0.0,26,3,331.0,Loyal Customers,40,110.33333333333331,16422516.728000024,98.60741552823599,4418
15878.0,330.77,2,243,0.0,0.0,0.0,330.77,0.0,0.0,562,2,330.77,Hibernating,172,165.385,16422847.498000024,98.60940160475363,4419
14517.0,330.45,2,91,0.0,0.0,0.0,330.45,0.0,0.0,34,2,330.45,New / Promising,108,165.225,16423177.948000023,98.61138575986219,4420
13010.0,330.12,2,323,0.0,0.0,0.0,330.12,0.0,0.0,375,2,330.12,Hibernating,274,165.06,16423508.068000022,98.61336793351762,4421
15130.0,330.11,1,197,0.0,0.0,0.0,330.11,0.0,0.0,170,1,330.11,Needs Attention,0,330.11,16423838.178000022,98.61535004712903,4422
12850.0,330.0,1,200,0.0,0.0,0.0,330.0,0.0,0.0,446,1,330.0,Hibernating,0,330.0,16424168.178000022,98.61733150025604,4423
18186.0,329.58000000000004,1,338,0.0,0.0,0.0,329.58000000000004,0.0,0.0,723,1,329.58000000000004,Hibernating,0,329.58000000000004,16424497.758000022,98.61931043153363,4424
17518.0,329.42,2,267,0.0,0.0,0.0,329.42,0.0,0.0,426,2,329.42,At Risk,196,164.71,16424827.178000022,98.62128840210667,4425
17914.0,329.36,1,457,0.0,0.0,0.0,329.36,0.0,0.0,4,1,329.36,New / Promising,0,329.36,16425156.538000021,98.62326601241551,4426
17154.0,329.34,1,490,0.0,0.0,0.0,329.34,0.0,0.0,76,1,329.34,Needs Attention,0,329.34,16425485.878000021,98.62524350263628,4427
15153.0,329.25,1,198,0.0,0.0,0.0,329.25,0.0,0.0,32,1,329.25,New / Promising,0,329.25,16425815.128000021,98.62722045246075,4428
15979.0,329.21999999999997,1,450,0.0,0.0,0.0,329.21999999999997,0.0,0.0,603,1,329.22,Hibernating,0,329.22,16426144.348000022,98.62919722215312,4429
14012.0,328.8,1,160,0.0,0.0,0.0,328.8,0.0,0.0,278,1,328.8,Hibernating,0,328.8,16426473.148000022,98.63117146999605,4430
16855.0,328.40000000000003,2,164,0.0,0.0,0.0,328.40000000000003,0.0,0.0,24,2,328.40000000000003,Loyal Customers,20,164.20000000000002,16426801.548000023,98.63314331607761,4431
16318.0,328.15000000000003,1,199,0.0,0.0,0.0,328.15000000000003,0.0,0.0,36,1,328.15000000000003,New / Promising,0,328.15000000000003,16427129.698000023,98.63511366105831,4432
15709.0,327.85,2,169,0.0,0.0,0.0,327.85,0.0,0.0,284,2,327.85,Hibernating,306,163.925,16427457.548000023,98.637082204718,4433
17196.0,327.75,1,154,0.0,0.0,0.0,327.75,0.0,0.0,428,1,327.75,Hibernating,0,327.75,16427785.298000023,98.63905014793734,4434
15735.0,327.68,1,206,0.0,0.0,0.0,327.68,0.0,0.0,422,1,327.68,Hibernating,0,327.68,16428112.978000022,98.64101767084844,4435
16166.0,435.83,2,173,-108.35,2.0,17.0,327.48,1.0,0.24860610788610238,429,2,435.83,Hibernating,263,217.915,16428440.458000023,98.64298399287887,4436
13981.0,331.14,1,234,-3.75,1.0,1.0,327.39,1.0,0.011324515310744701,416,1,331.14,Hibernating,0,331.14,16428767.848000024,98.64494977451298,4437
13498.0,327.38,1,362,0.0,0.0,0.0,327.38,0.0,0.0,731,1,327.38,Hibernating,0,327.38,16429095.228000024,98.64691549610306,4438
16322.0,326.75,2,231,0.0,0.0,0.0,326.75,0.0,0.0,2,2,326.75,New / Promising,35,163.375,16429421.978000024,98.64887743491899,4439
12460.0,326.65,1,170,0.0,0.0,0.0,326.65,0.0,0.0,457,1,326.65,Hibernating,0,326.65,16429748.628000025,98.65083877329457,4440
16604.0,432.45000000000005,2,175,-106.20000000000002,1.0,60.0,326.25,0.5,0.24557752341311134,563,2,432.4500000000001,Hibernating,6,216.225,16430074.878000025,98.6527977099088,4441
18047.0,326.09,2,130,0.0,0.0,0.0,326.09,0.0,0.0,382,2,326.09,At Risk,0,163.045,16430400.968000025,98.65475568581846,4442
17439.0,325.74,1,370,0.0,0.0,0.0,325.74,0.0,0.0,656,1,325.74,Hibernating,0,325.74,16430726.708000025,98.65671156018693,4443
12804.0,325.37,2,270,0.0,0.0,0.0,325.37,0.0,0.0,466,2,325.37,Hibernating,35,162.685,16431052.078000024,98.65866521292614,4444
13661.0,325.24,1,118,0.0,0.0,0.0,325.24,0.0,0.0,604,1,325.24,Hibernating,0,325.24,16431377.318000024,98.6606180850929,4445
15213.0,328.35,2,272,-3.3,1.0,2.0,325.05,0.5,0.010050251256281405,319,2,328.35,Hibernating,11,164.175,16431702.368000025,98.66256981642304,4446
13801.0,324.8,1,168,0.0,0.0,0.0,324.8,0.0,0.0,67,1,324.8,Needs Attention,0,324.8,16432027.168000026,98.6645200466523,4447
15982.0,324.51,1,131,0.0,0.0,0.0,324.51,0.0,0.0,606,1,324.51,Hibernating,0,324.51,16432351.678000025,98.66646853560458,4448
12946.0,324.45,1,149,0.0,0.0,0.0,324.45,0.0,0.0,437,1,324.45,Hibernating,0,324.45,16432676.128000025,98.66841666429265,4449
18261.0,324.24,2,146,0.0,0.0,0.0,324.24,0.0,0.0,44,2,324.24,Loyal Customers,52,162.12,16433000.368000025,98.670363532056,4450
16685.0,324.24,2,396,0.0,0.0,0.0,324.24,0.0,0.0,62,2,324.24,Needs Attention,0,162.12,16433324.608000025,98.67231039981937,4451
17776.0,330.56,2,273,-6.75,1.0,1.0,323.81,0.5,0.020419893514036787,387,2,330.56,At Risk,337,165.28,16433648.418000026,98.67425468568925,4452
12495.0,357.4,1,130,-34.0,1.0,4.0,323.4,1.0,0.09513150531617236,641,1,357.4,Hibernating,0,357.4,16433971.818000026,98.67619650975374,4453
13025.0,323.39,1,241,0.0,0.0,0.0,323.39,0.0,0.0,732,1,323.39,Hibernating,0,323.39,16434295.208000027,98.67813827377418,4454
13646.0,326.25,2,79,-2.95,1.0,1.0,323.3,0.5,0.009042145593869733,400,2,326.25,Hibernating,0,163.125,16434618.508000027,98.68007949739834,4455
16195.0,323.25,1,123,0.0,0.0,0.0,323.25,0.0,0.0,724,1,323.25,Hibernating,0,323.25,16434941.758000027,98.6820204208023,4456
14263.0,322.93,1,171,0.0,0.0,0.0,322.93,0.0,0.0,424,1,322.93,Hibernating,0,322.93,16435264.688000027,98.68395942279719,4457
16627.0,322.8,1,162,0.0,0.0,0.0,322.8,0.0,0.0,80,1,322.8,Needs Attention,0,322.8,16435587.488000028,98.68589764421962,4458
13187.0,341.36,4,296,-18.7,1.0,22.0,322.66,0.25,0.0547808764940239,338,4,341.36,At Risk,287,85.34,16435910.148000028,98.68783502502558,4459
16342.0,322.41,4,157,0.0,0.0,0.0,322.41,0.0,0.0,76,4,322.41,Potential Loyalists,104,80.6025,16436232.558000028,98.6897709047307,4460
14424.0,322.08,1,48,0.0,0.0,0.0,322.08,0.0,0.0,18,1,322.08,New / Promising,0,322.08,16436554.638000028,98.69170480298266,4461
15726.0,321.91,1,123,0.0,0.0,0.0,321.91,0.0,0.0,391,1,321.91,Hibernating,0,321.91,16436876.548000028,98.69363768048606,4462
18090.0,321.9,1,307,0.0,0.0,0.0,321.9,0.0,0.0,422,1,321.9,Hibernating,0,321.9,16437198.448000029,98.69557049794543,4463
13111.0,321.88000000000005,1,180,0.0,0.0,0.0,321.88000000000005,0.0,0.0,719,1,321.88000000000005,Hibernating,0,321.88000000000005,16437520.32800003,98.69750319531673,4464
17471.0,321.65000000000003,1,153,0.0,0.0,0.0,321.65000000000003,0.0,0.0,475,1,321.65000000000003,Hibernating,0,321.65000000000003,16437841.97800003,98.69943451167524,4465
14070.0,321.6,1,85,0.0,0.0,0.0,321.6,0.0,0.0,685,1,321.6,Hibernating,0,321.6,16438163.57800003,98.70136552781356,4466
15770.0,321.45,1,67,0.0,0.0,0.0,321.45,0.0,0.0,613,1,321.45,Hibernating,0,321.45,16438485.028000029,98.70329564329138,4467
14823.0,321.43,3,88,0.0,0.0,0.0,321.43,0.0,0.0,181,3,321.43,Potential Loyalists,14,107.14333333333332,16438806.458000029,98.70522563868114,4468
17182.0,321.3,2,54,0.0,0.0,0.0,321.3,0.0,0.0,423,2,321.3,At Risk,296,160.65,16439127.75800003,98.70715485349845,4469
15869.0,321.11,3,273,0.0,0.0,0.0,321.11,0.0,0.0,278,3,321.11,At Risk,349,107.03666666666668,16439448.868000029,98.70908292747912,4470
15236.0,321.05,1,269,0.0,0.0,0.0,321.05,0.0,0.0,299,1,321.05,Hibernating,0,321.05,16439769.91800003,98.71101064119559,4471
15323.0,434.6,3,188,-113.7,1.0,49.0,320.90000000000003,0.3333333333333333,0.26161988034974687,563,3,434.6,At Risk,99,144.86666666666667,16440090.81800003,98.71293745425153,4472
12365.0,641.38,2,174,-320.69,1.0,1.0,320.69,0.5,0.5,292,2,641.38,Hibernating,0,320.69,16440411.50800003,98.71486300638276,4473
14622.0,320.58000000000004,1,146,0.0,0.0,0.0,320.58000000000004,0.0,0.0,185,1,320.58000000000004,Needs Attention,0,320.58000000000004,16440732.08800003,98.71678789802961,4474
13986.0,320.46,1,430,0.0,0.0,0.0,320.46,0.0,0.0,18,1,320.46,New / Promising,0,320.46,16441052.54800003,98.71871206914807,4475
17843.0,320.4,2,251,0.0,0.0,0.0,320.4,0.0,0.0,304,2,320.4,At Risk,108,160.2,16441372.94800003,98.7206358800023,4476
17309.0,320.39,3,181,0.0,0.0,0.0,320.39,0.0,0.0,96,3,320.39,Potential Loyalists,578,106.79666666666668,16441693.338000031,98.72255963081251,4477
13942.0,320.0,1,1000,0.0,0.0,0.0,320.0,0.0,0.0,535,1,320.0,Hibernating,0,320.0,16442013.338000031,98.72448103990538,4478
13843.0,319.75,1,145,0.0,0.0,0.0,319.75,0.0,0.0,382,1,319.75,Hibernating,0,319.75,16442333.088000031,98.7264009478974,4479
16967.0,319.02,1,333,0.0,0.0,0.0,319.02,0.0,0.0,190,1,319.02,Needs Attention,0,319.02,16442652.10800003,98.72831647267492,4480
17229.0,318.76,2,185,0.0,0.0,0.0,318.76,0.0,0.0,97,2,318.76,Potential Loyalists,46,159.38,16442970.86800003,98.73023043630756,4481
16273.0,318.34000000000003,2,40,0.0,0.0,0.0,318.34000000000003,0.0,0.0,649,2,318.34000000000003,Hibernating,8,159.17000000000002,16443289.20800003,98.73214187809076,4482
14703.0,318.17,1,183,0.0,0.0,0.0,318.17,0.0,0.0,15,1,318.17,New / Promising,0,318.17,16443607.37800003,98.73405229912538,4483
17839.0,318.15,1,257,0.0,0.0,0.0,318.15,0.0,0.0,43,1,318.15,New / Promising,0,318.15,16443925.52800003,98.73596260007194,4484
18253.0,317.88,1,128,0.0,0.0,0.0,317.88,0.0,0.0,643,1,317.88,Hibernating,0,317.88,16444243.408000031,98.73787127982958,4485
17267.0,317.2,2,158,0.0,0.0,0.0,317.2,0.0,0.0,128,2,317.2,Potential Loyalists,0,158.6,16444560.60800003,98.7397758765929,4486
15616.0,317.11,1,137,0.0,0.0,0.0,317.11,0.0,0.0,439,1,317.11,Hibernating,0,317.11,16444877.71800003,98.7416799329599,4487
17689.0,317.08,2,300,0.0,0.0,0.0,317.08,0.0,0.0,389,2,317.08,At Risk,86,158.54,16445194.79800003,98.74358380919479,4488
15682.0,318.24,2,222,-1.25,1.0,1.0,316.99,0.5,0.003927853192559075,600,2,318.24,Hibernating,88,159.12,16445511.78800003,98.74548714503338,4489
16761.0,316.62,1,341,0.0,0.0,0.0,316.62,0.0,0.0,97,1,316.62,Needs Attention,0,316.62,16445828.40800003,98.74738825924271,4490
15204.0,316.58,1,258,0.0,0.0,0.0,316.58,0.0,0.0,358,1,316.58,Hibernating,0,316.58,16446144.98800003,98.7492891332759,4491
13494.0,316.26000000000005,1,162,0.0,0.0,0.0,316.26000000000005,0.0,0.0,312,1,316.26000000000005,Hibernating,0,316.26000000000005,16446461.24800003,98.7511880859,4492
18117.0,315.65,1,605,0.0,0.0,0.0,315.65,0.0,0.0,26,1,315.65,New / Promising,0,315.65,16446776.89800003,98.75308337583802,4493
12614.0,315.6,1,76,0.0,0.0,0.0,315.6,0.0,0.0,278,1,315.6,Hibernating,0,315.6,16447092.49800003,98.75497836555587,4494
15042.0,315.45,2,238,0.0,0.0,0.0,315.45,0.0,0.0,200,2,315.45,Hibernating,396,157.725,16447407.948000029,98.75687245461319,4495
15670.0,325.2,2,132,-10.0,1.0,8.0,315.2,0.5,0.03075030750307503,297,2,325.2,Hibernating,260,162.6,16447723.148000028,98.75876504256966,4496
16091.0,315.06,2,154,0.0,0.0,0.0,315.06,0.0,0.0,155,2,315.06,Needs Attention,44,157.53,16448038.208000029,98.76065678990967,4497
17121.0,314.74,1,106,0.0,0.0,0.0,314.74,0.0,0.0,403,1,314.74,Hibernating,0,314.74,16448352.948000029,98.76254661584059,4498
14991.0,314.67,1,191,0.0,0.0,0.0,314.67,0.0,0.0,431,1,314.67,Hibernating,0,314.67,16448667.618000029,98.76443602146325,4499
18206.0,314.65999999999997,1,246,0.0,0.0,0.0,314.65999999999997,0.0,0.0,554,1,314.66,Hibernating,0,314.66,16448982.278000029,98.76632536704189,4500
12650.0,314.44,1,254,0.0,0.0,0.0,314.44,0.0,0.0,4,1,314.44,New / Promising,0,314.44,16449296.718000028,98.76821339165177,4501
17440.0,323.58,4,282,-9.32,2.0,14.0,314.26,0.5,0.028802769021571174,157,4,323.58,Potential Loyalists,393,80.895,16449610.978000028,98.77010033546904,4502
12888.0,354.12,2,76,-40.35,2.0,8.0,313.77,1.0,0.11394442561843443,215,2,354.12,Hibernating,41,177.06,16449924.748000028,98.77198433712863,4503
15196.0,313.7,2,130,0.0,0.0,0.0,313.7,0.0,0.0,433,2,313.7,Hibernating,294,156.85,16450238.448000027,98.77386791847998,4504
13087.0,313.64,1,86,0.0,0.0,0.0,313.64,0.0,0.0,727,1,313.64,Hibernating,0,313.64,16450552.088000027,98.77575113956713,4505
16582.0,313.62,1,164,0.0,0.0,0.0,313.62,0.0,0.0,114,1,313.62,Needs Attention,0,313.62,16450865.708000027,98.77763424056621,4506
14981.0,372.92,2,241,-59.400000000000006,1.0,12.0,313.52,0.5,0.15928349243805642,247,2,372.92,Hibernating,177,186.46,16451179.228000026,98.77951674112495,4507
13845.0,312.98,1,182,0.0,0.0,0.0,312.98,0.0,0.0,65,1,312.98,Needs Attention,0,312.98,16451492.208000027,98.78139599930586,4508
16234.0,333.18,3,170,-20.4,1.0,8.0,312.78000000000003,0.3333333333333333,0.061228164955879696,477,3,333.18,At Risk,85,111.06,16451804.988000026,98.78327405660606,4509
15318.0,312.62,1,642,0.0,0.0,0.0,312.62,0.0,0.0,4,1,312.62,New / Promising,0,312.62,16452117.608000025,98.78515115320174,4510
13226.0,312.46,2,179,0.0,0.0,0.0,312.46,0.0,0.0,274,2,312.46,Hibernating,120,156.23,16452430.068000026,98.78702728909286,4511
12834.0,312.38,1,110,0.0,0.0,0.0,312.38,0.0,0.0,283,1,312.38,Hibernating,0,312.38,16452742.448000027,98.7889029446317,4512
17326.0,312.35,2,136,0.0,0.0,0.0,312.35,0.0,0.0,409,2,312.35,At Risk,121,156.175,16453054.798000026,98.79077842003846,4513
12529.0,316.48,1,192,-4.7,1.0,2.0,311.78000000000003,1.0,0.014850859453993934,529,1,316.48,Hibernating,0,316.48,16453366.578000026,98.79265047293525,4514
14951.0,311.69,1,311,0.0,0.0,0.0,311.69,0.0,0.0,80,1,311.69,Needs Attention,0,311.69,16453678.268000025,98.79452198543575,4515
13990.0,311.3,1,190,0.0,0.0,0.0,311.3,0.0,0.0,214,1,311.3,Hibernating,0,311.3,16453989.568000026,98.79639115621892,4516
16328.0,310.83,1,141,0.0,0.0,0.0,310.83,0.0,0.0,564,1,310.83,Hibernating,0,310.83,16454300.398000026,98.79825750493247,4517
14094.0,311.77,1,158,-0.95,1.0,1.0,310.82,1.0,0.0030471180678063956,440,1,311.77,Hibernating,0,311.77,16454611.218000026,98.80012379360198,4518
13847.0,310.72,1,96,0.0,0.0,0.0,310.72,0.0,0.0,720,1,310.72,Hibernating,0,310.72,16454921.938000027,98.80198948183117,4519
16439.0,310.70000000000005,1,74,0.0,0.0,0.0,310.70000000000005,0.0,0.0,723,1,310.70000000000005,Hibernating,0,310.70000000000005,16455232.638000026,98.80385504997228,4520
12738.0,310.7,1,296,0.0,0.0,0.0,310.7,0.0,0.0,373,1,310.7,Hibernating,0,310.7,16455543.338000026,98.80572061811338,4521
15185.0,310.62,1,666,0.0,0.0,0.0,310.62,0.0,0.0,71,1,310.62,Needs Attention,0,310.62,16455853.958000025,98.80758570590221,4522
14848.0,310.56,1,260,0.0,0.0,0.0,310.56,0.0,0.0,405,1,310.56,Hibernating,0,310.56,16456164.518000025,98.80945043342685,4523
15188.0,310.43,1,233,0.0,0.0,0.0,310.43,0.0,0.0,726,1,310.43,Hibernating,0,310.43,16456474.948000025,98.81131438037903,4524
13315.0,310.26000000000005,1,232,0.0,0.0,0.0,310.26000000000005,0.0,0.0,690,1,310.26000000000005,Hibernating,0,310.26000000000005,16456785.208000025,98.81317730658265,4525
14749.0,310.15,1,403,0.0,0.0,0.0,310.15,0.0,0.0,480,1,310.15,Hibernating,0,310.15,16457095.358000025,98.81503957230187,4526
13628.0,310.14,1,106,0.0,0.0,0.0,310.14,0.0,0.0,677,1,310.14,Hibernating,0,310.14,16457405.498000026,98.81690177797708,4527
14122.0,362.42,3,114,-52.650000000000006,2.0,19.0,309.77,0.6666666666666666,0.14527343965564815,407,3,362.42,At Risk,331,120.80666666666669,16457715.268000025,98.81876176202302,4528
15699.0,309.65,1,113,0.0,0.0,0.0,309.65,0.0,0.0,18,1,309.65,New / Promising,0,309.65,16458024.918000026,98.82062102554055,4529
16373.0,309.49,2,119,0.0,0.0,0.0,309.49,0.0,0.0,383,2,309.49,Hibernating,29,154.745,16458334.408000026,98.82247932835352,4530
16683.0,320.25,1,190,-10.9,1.0,2.0,309.35,1.0,0.03403590944574551,534,1,320.25,Hibernating,0,320.25,16458643.758000026,98.82433679055002,4531
17563.0,392.38,2,256,-83.10000000000001,3.0,29.0,309.28,1.5,0.2117844946225598,579,2,392.38,At Risk,33,196.19,16458953.038000025,98.82619383243828,4532
12884.0,309.05,1,43,0.0,0.0,0.0,309.05,0.0,0.0,89,1,309.05,Needs Attention,0,309.05,16459262.088000026,98.82804949331376,4533
15010.0,308.94,1,184,0.0,0.0,0.0,308.94,0.0,0.0,36,1,308.94,New / Promising,0,308.94,16459571.028000025,98.82990449370486,4534
16194.0,308.6,1,140,0.0,0.0,0.0,308.6,0.0,0.0,376,1,308.6,Hibernating,0,308.6,16459879.628000025,98.8317574525988,4535
14181.0,308.35,2,120,0.0,0.0,0.0,308.35,0.0,0.0,411,2,308.35,Hibernating,152,154.175,16460187.978000024,98.83360891039187,4536
14927.0,308.2,1,196,0.0,0.0,0.0,308.2,0.0,0.0,397,1,308.2,Hibernating,0,308.2,16460496.178000024,98.83545946752444,4537
15778.0,307.95000000000005,1,101,0.0,0.0,0.0,307.95000000000005,0.0,0.0,432,1,307.95000000000005,Hibernating,0,307.95000000000005,16460804.128000023,98.83730852355616,4538
13289.0,307.95,1,119,0.0,0.0,0.0,307.95,0.0,0.0,724,1,307.95,Hibernating,0,307.95,16461112.078000022,98.83915757958788,4539
16123.0,307.78000000000003,1,170,0.0,0.0,0.0,307.78000000000003,0.0,0.0,52,1,307.78000000000003,New / Promising,0,307.78000000000003,16461419.858000021,98.84100561487101,4540
13529.0,307.76,2,74,0.0,0.0,0.0,307.76,0.0,0.0,79,2,307.76,Needs Attention,126,153.88,16461727.618000021,98.84285353006608,4541
18070.0,314.1,1,86,-6.35,1.0,1.0,307.75,1.0,0.02021649156319643,670,1,314.1,Hibernating,0,314.1,16462035.368000021,98.84470138521712,4542
13060.0,307.53000000000003,1,123,0.0,0.0,0.0,307.53000000000003,0.0,0.0,254,1,307.53000000000003,Hibernating,0,307.53000000000003,16462342.89800002,98.8465479193994,4543
18269.0,337.20000000000005,1,152,-29.700000000000003,1.0,6.0,307.50000000000006,1.0,0.08807829181494661,367,1,337.20000000000005,Hibernating,0,337.20000000000005,16462650.39800002,98.84839427344959,4544
17120.0,307.46,1,120,0.0,0.0,0.0,307.46,0.0,0.0,234,1,307.46,Hibernating,0,307.46,16462957.858000021,98.85024038732362,4545
13932.0,307.4,1,72,0.0,0.0,0.0,307.4,0.0,0.0,295,1,307.4,Hibernating,0,307.4,16463265.258000022,98.85208614093347,4546
15374.0,307.32,2,290,0.0,0.0,0.0,307.32,0.0,0.0,129,2,307.32,Needs Attention,496,153.66,16463572.578000022,98.85393141419104,4547
17721.0,307.21000000000004,1,107,0.0,0.0,0.0,307.21000000000004,0.0,0.0,660,1,307.21000000000004,Hibernating,0,307.21000000000004,16463879.788000023,98.85577602696424,4548
13036.0,307.1,1,38,0.0,0.0,0.0,307.1,0.0,0.0,685,1,307.1,Hibernating,0,307.1,16464186.888000023,98.85761997925306,4549
13142.0,307.09000000000003,1,258,0.0,0.0,0.0,307.09000000000003,0.0,0.0,20,1,307.09000000000003,New / Promising,0,307.09000000000003,16464493.978000022,98.85946387149784,4550
15087.0,306.94,1,470,0.0,0.0,0.0,306.94,0.0,0.0,282,1,306.94,Hibernating,0,306.94,16464800.918000022,98.86130686308209,4551
16649.0,306.58,1,82,0.0,0.0,0.0,306.58,0.0,0.0,521,1,306.58,Hibernating,0,306.58,16465107.498000022,98.86314769308115,4552
13718.0,306.55,2,173,0.0,0.0,0.0,306.55,0.0,0.0,247,2,306.55,Hibernating,49,153.275,16465414.048000023,98.8649883429481,4553
13281.0,350.85,1,201,-44.4,2.0,26.0,306.45000000000005,2.0,0.12654980761008977,440,1,350.85,Hibernating,0,350.85,16465720.498000022,98.86682839237467,4554
16524.0,306.19,2,259,0.0,0.0,0.0,306.19,0.0,0.0,447,2,306.19,Hibernating,245,153.095,16466026.688000022,98.86866688065639,4555
17077.0,306.0,1,36,0.0,0.0,0.0,306.0,0.0,0.0,579,1,306.0,Hibernating,0,306.0,16466332.688000022,98.87050422810144,4556
15454.0,305.99,2,146,0.0,0.0,0.0,305.99,0.0,0.0,363,2,305.99,Hibernating,256,152.995,16466638.678000022,98.87234151550247,4557
14168.0,370.45,2,147,-64.55,1.0,9.0,305.9,0.5,0.1742475367795924,421,2,370.45,Hibernating,144,185.225,16466944.578000022,98.8741782625072,4558
16796.0,305.62,1,186,0.0,0.0,0.0,305.62,0.0,0.0,90,1,305.62,Needs Attention,0,305.62,16467250.198000021,98.87601332827894,4559
16181.0,305.54,1,152,0.0,0.0,0.0,305.54,0.0,0.0,74,1,305.54,Needs Attention,0,305.54,16467555.73800002,98.87784791369842,4560
14783.0,307.3,1,262,-1.95,1.0,1.0,305.35,1.0,0.006345590628050764,660,1,307.3,Hibernating,0,307.3,16467861.08800002,98.87968135828127,4561
13383.0,305.28000000000003,1,288,0.0,0.0,0.0,305.28000000000003,0.0,0.0,544,1,305.28000000000003,Hibernating,0,305.28000000000003,16468166.36800002,98.88151438255586,4562
15893.0,305.28000000000003,1,288,0.0,0.0,0.0,305.28000000000003,0.0,0.0,482,1,305.28000000000003,Hibernating,0,305.28000000000003,16468471.648000019,98.88334740683045,4563
15163.0,304.47,2,186,0.0,0.0,0.0,304.47,0.0,0.0,19,2,304.47,New / Promising,174,152.235,16468776.11800002,98.8851755675383,4564
18185.0,304.25,1,183,0.0,0.0,0.0,304.25,0.0,0.0,250,1,304.25,Hibernating,0,304.25,16469080.36800002,98.88700240727738,4565
16674.0,304.24,2,181,0.0,0.0,0.0,304.24,0.0,0.0,55,2,304.24,New / Promising,44,152.12,16469384.60800002,98.88882918697244,4566
14990.0,304.17,2,129,0.0,0.0,0.0,304.17,0.0,0.0,613,2,304.17,Hibernating,118,152.085,16469688.77800002,98.89065554635924,4567
17383.0,304.09000000000003,2,160,0.0,0.0,0.0,304.09000000000003,0.0,0.0,5,2,304.09000000000003,Loyal Customers,449,152.04500000000002,16469992.86800002,98.89248142539377,4568
13343.0,353.43,1,135,-49.5,1.0,9.0,303.93,1.0,0.1400560224089636,178,1,353.43,Needs Attention,0,353.43,16470296.798000019,98.89430634372377,4569
16489.0,303.7,2,38,0.0,0.0,0.0,303.7,0.0,0.0,381,2,303.7,Hibernating,56,151.85,16470600.498000018,98.89612988104096,4570
14791.0,303.63,1,127,0.0,0.0,0.0,303.63,0.0,0.0,607,1,303.63,Hibernating,0,303.63,16470904.12800002,98.89795299804993,4571
14806.0,303.43,2,423,0.0,0.0,0.0,303.43,0.0,0.0,76,2,303.43,Needs Attention,364,151.715,16471207.558000019,98.89977491417822,4572
17339.0,362.36,3,188,-59.0,1.0,20.0,303.36,0.3333333333333333,0.16282150347720498,95,3,362.36,Potential Loyalists,415,120.78666666666668,16471510.918000018,98.90159640999826,4573
16689.0,422.6,2,330,-119.34,1.0,162.0,303.26,0.5,0.28239469947941315,76,2,422.6,Needs Attention,7,211.3,16471814.178000018,98.90341730537796,4574
18255.0,303.15,2,201,0.0,0.0,0.0,303.15,0.0,0.0,90,2,303.15,Potential Loyalists,367,151.575,16472117.328000018,98.90523754027328,4575
16425.0,302.7,1,199,0.0,0.0,0.0,302.7,0.0,0.0,303,1,302.7,Hibernating,0,302.7,16472420.028000018,98.90705507318707,4576
18165.0,302.46,1,254,0.0,0.0,0.0,302.46,0.0,0.0,178,1,302.46,Needs Attention,0,302.46,16472722.488000019,98.90887116504405,4577
15308.0,310.47,1,175,-8.2,1.0,2.0,302.27000000000004,1.0,0.026411569555834697,275,1,310.47,Hibernating,0,310.47,16473024.758000018,98.91068611606435,4578
15054.0,302.1,2,198,0.0,0.0,0.0,302.1,0.0,0.0,13,2,302.1,New / Promising,28,151.05,16473326.858000018,98.9125000463361,4579
15242.0,302.04,1,196,0.0,0.0,0.0,302.04,0.0,0.0,423,1,302.04,Hibernating,0,302.04,16473628.898000017,98.91431361634363,4580
13773.0,301.54,2,174,0.0,0.0,0.0,301.54,0.0,0.0,397,2,301.54,Hibernating,263,150.77,16473930.438000016,98.91612418414945,4581
12665.0,313.6,3,165,-12.149999999999999,2.0,8.0,301.45000000000005,0.6666666666666666,0.03874362244897958,325,3,313.6,At Risk,345,104.53333333333336,16474231.888000015,98.91793421155897,4582
15667.0,301.32000000000005,1,240,0.0,0.0,0.0,301.32000000000005,0.0,0.0,40,1,301.32000000000005,New / Promising,0,301.32000000000005,16474533.208000015,98.91974345839604,4583
15148.0,301.29,1,187,0.0,0.0,0.0,301.29,0.0,0.0,11,1,301.29,New / Promising,0,301.29,16474834.498000015,98.92155252510102,4584
13625.0,301.26,1,144,0.0,0.0,0.0,301.26,0.0,0.0,597,1,301.26,Hibernating,0,301.26,16475135.758000014,98.92336141167388,4585
15432.0,320.76,2,92,-19.5,2.0,2.0,301.26,1.0,0.060793116348671905,24,2,320.76,New / Promising,518,160.38,16475437.018000014,98.92517029824675,4586
16437.0,301.25,2,197,0.0,0.0,0.0,301.25,0.0,0.0,382,2,301.25,Hibernating,48,150.625,16475738.268000014,98.9269791247756,4587
12351.0,300.93,1,261,0.0,0.0,0.0,300.93,0.0,0.0,376,1,300.93,Hibernating,0,300.93,16476039.198000014,98.92878602989533,4588
13400.0,310.83,1,284,-9.9,1.0,2.0,300.93,1.0,0.03185020750892771,583,1,310.83,Hibernating,0,310.83,16476340.128000014,98.93059293501508,4589
16479.0,300.83,2,102,0.0,0.0,0.0,300.83,0.0,0.0,11,2,300.83,New / Promising,0,150.415,16476640.958000014,98.93239923969448,4590
16050.0,300.7,3,388,0.0,0.0,0.0,300.7,0.0,0.0,174,3,300.7,Potential Loyalists,228,100.23333333333332,16476941.658000013,98.93420476380143,4591
17556.0,300.67,2,184,0.0,0.0,0.0,300.67,0.0,0.0,206,2,300.67,At Risk,174,150.335,16477242.328000013,98.9360101077763,4592
17793.0,300.34,1,226,0.0,0.0,0.0,300.34,0.0,0.0,26,1,300.34,New / Promising,0,300.34,16477542.668000013,98.93781347029802,4593
14797.0,300.31,1,99,0.0,0.0,0.0,300.31,0.0,0.0,508,1,300.31,Hibernating,0,300.31,16477842.978000013,98.93961665268766,4594
17991.0,300.3,3,93,0.0,0.0,0.0,300.3,0.0,0.0,226,3,300.3,At Risk,366,100.1,16478143.278000014,98.94141977503324,4595
15724.0,310.85,3,117,-11.05,2.0,3.0,299.8,0.6666666666666666,0.03554769181277143,202,3,310.85,At Risk,199,103.61666666666667,16478443.078000015,98.94321989517714,4596
12852.0,311.55,1,149,-11.8,1.0,4.0,299.75,1.0,0.03787514042689777,295,1,311.55,Hibernating,0,311.55,16478742.828000015,98.94501971510086,4597
14043.0,302.59999999999997,2,152,-2.95,1.0,1.0,299.65,0.5,0.009748843357567748,492,2,302.6,Hibernating,238,151.29999999999998,16479042.478000015,98.94681893458423,4598
17766.0,299.61,2,155,0.0,0.0,0.0,299.61,0.0,0.0,382,2,299.61,At Risk,0,149.805,16479342.088000014,98.94861791389145,4599
12864.0,299.57,2,447,0.0,0.0,0.0,299.57,0.0,0.0,139,2,299.57,Needs Attention,370,149.785,16479641.658000015,98.95041665302257,4600
13346.0,299.4,6,180,0.0,0.0,0.0,299.4,0.0,0.0,463,6,299.4,At Risk,134,49.9,16479941.058000015,98.95221437140509,4601
17898.0,299.18,4,251,0.0,0.0,0.0,299.18,0.0,0.0,86,4,299.18,Potential Loyalists,482,74.795,16480240.238000015,98.95401076881886,4602
13667.0,299.05,1,149,0.0,0.0,0.0,299.05,0.0,0.0,150,1,299.05,Needs Attention,0,299.05,16480539.288000016,98.95580638566018,4603
12595.0,299.02,1,271,0.0,0.0,0.0,299.02,0.0,0.0,505,1,299.02,Hibernating,0,299.02,16480838.308000015,98.9576018223694,4604
17824.0,298.4,1,408,0.0,0.0,0.0,298.4,0.0,0.0,52,1,298.4,New / Promising,0,298.4,16481136.708000015,98.9593935363485,4605
12881.0,298.0,1,21,0.0,0.0,0.0,298.0,0.0,0.0,276,1,298.0,Hibernating,0,298.0,16481434.708000015,98.96118284856624,4606
13164.0,372.2,2,120,-74.74,1.0,6.0,297.46,0.5,0.20080601826974745,570,2,372.2,Hibernating,98,186.1,16481732.168000016,98.96296891840613,4607
18059.0,306.46,3,258,-9.75,1.0,5.0,296.71,0.3333333333333333,0.031814918749592115,24,3,306.46,Loyal Customers,44,102.15333333333332,16482028.878000017,98.96475048494348,4608
13751.0,296.25,1,152,0.0,0.0,0.0,296.25,0.0,0.0,289,1,296.25,Hibernating,0,296.25,16482325.128000017,98.96652928945524,4609
12898.0,296.21,2,235,0.0,0.0,0.0,296.21,0.0,0.0,464,2,296.21,Hibernating,196,148.105,16482621.338000018,98.96830785379088,4610
13504.0,295.93,1,178,0.0,0.0,0.0,295.93,0.0,0.0,65,1,295.93,Needs Attention,0,295.93,16482917.268000018,98.97008473689354,4611
13660.0,306.64,1,136,-10.9,1.0,2.0,295.74,1.0,0.03554656926689278,401,1,306.64,Hibernating,0,306.64,16483213.008000018,98.97186047915956,4612
14614.0,295.13,1,189,0.0,0.0,0.0,295.13,0.0,0.0,387,1,295.13,Hibernating,0,295.13,16483508.138000019,98.9736325587395,4613
17057.0,294.74,1,129,0.0,0.0,0.0,294.74,0.0,0.0,597,1,294.74,Hibernating,0,294.74,16483802.87800002,98.9754022966021,4614
17301.0,294.39,2,216,0.0,0.0,0.0,294.39,0.0,0.0,22,2,294.39,Loyal Customers,603,147.195,16484097.26800002,98.97716993292352,4615
14747.0,328.2,1,84,-33.9,1.0,2.0,294.3,1.0,0.10329067641681901,250,1,328.2,Hibernating,0,328.2,16484391.56800002,98.97893702884862,4616
17506.0,302.2,1,139,-7.91,1.0,3.0,294.28999999999996,1.0,0.026174718729318334,76,1,302.2,Needs Attention,0,302.2,16484685.85800002,98.98070406472968,4617
15060.0,294.25,4,257,0.0,0.0,0.0,294.25,0.0,0.0,9,4,294.25,Loyal Customers,1,73.5625,16484980.10800002,98.98247086043462,4618
17124.0,294.24,1,129,0.0,0.0,0.0,294.24,0.0,0.0,186,1,294.24,Needs Attention,0,294.24,16485274.34800002,98.98423759609551,4619
14137.0,332.7,1,462,-38.6,1.0,62.0,294.09999999999997,1.0,0.1160204388337842,696,1,332.7,Hibernating,0,332.7,16485568.44800002,98.98600349113993,4620
17927.0,294.0,1,108,0.0,0.0,0.0,294.0,0.0,0.0,722,1,294.0,Hibernating,0,294.0,16485862.44800002,98.987768785744,4621
15718.0,293.79,1,95,0.0,0.0,0.0,293.79,0.0,0.0,541,1,293.79,Hibernating,0,293.79,16486156.238000019,98.98953281942336,4622
15135.0,305.68,2,84,-11.9,1.0,2.0,293.78000000000003,0.5,0.03892959958126145,240,2,305.68,Hibernating,317,152.84,16486450.018000018,98.99129679305868,4623
14192.0,293.74,1,218,0.0,0.0,0.0,293.74,0.0,0.0,389,1,293.74,Hibernating,0,293.74,16486743.758000018,98.99306052651788,4624
15928.0,293.53,1,164,0.0,0.0,0.0,293.53,0.0,0.0,657,1,293.53,Hibernating,0,293.53,16487037.288000017,98.99482299905233,4625
17710.0,293.5,1,158,0.0,0.0,0.0,293.5,0.0,0.0,424,1,293.5,Hibernating,0,293.5,16487330.788000017,98.9965852914547,4626
17441.0,293.35,1,245,0.0,0.0,0.0,293.35,0.0,0.0,733,1,293.35,Hibernating,0,293.35,16487624.138000017,98.99834668319656,4627
14835.0,297.0,2,180,-3.9,1.0,2.0,293.1,0.5,0.013131313131313131,529,2,297.0,Hibernating,89,148.5,16487917.238000017,99.00010657383757,4628
17207.0,292.62,1,233,0.0,0.0,0.0,292.62,0.0,0.0,653,1,292.62,Hibernating,0,292.62,16488209.858000016,99.00186358236492,4629
16721.0,292.47,1,172,0.0,0.0,0.0,292.47,0.0,0.0,263,1,292.47,Hibernating,0,292.47,16488502.328000017,99.00361969023179,4630
16956.0,308.74,1,114,-16.4,1.0,2.0,292.34000000000003,1.0,0.05311912936451382,18,1,308.74,New / Promising,0,308.74,16488794.668000016,99.00537501752619,4631
13739.0,292.2,2,76,0.0,0.0,0.0,292.2,0.0,0.0,19,2,292.2,New / Promising,509,146.1,16489086.868000016,99.0071295042041,4632
14985.0,292.01,2,256,0.0,0.0,0.0,292.01,0.0,0.0,199,2,292.01,Hibernating,160,146.005,16489378.878000015,99.00888285004538,4633
13449.0,291.88,1,222,0.0,0.0,0.0,291.88,0.0,0.0,24,1,291.88,New / Promising,0,291.88,16489670.758000016,99.01063541531423,4634
17907.0,291.76,1,1046,0.0,0.0,0.0,291.76,0.0,0.0,641,1,291.76,Hibernating,0,291.76,16489962.518000016,99.01238726005465,4635
17882.0,291.56,2,130,0.0,0.0,0.0,291.56,0.0,0.0,380,2,291.56,At Risk,0,145.78,16490254.078000017,99.0141379039144,4636
18182.0,291.13,1,167,0.0,0.0,0.0,291.13,0.0,0.0,464,1,291.13,Hibernating,0,291.13,16490545.208000017,99.01588596588068,4637
14727.0,463.73,3,458,-172.6,1.0,382.0,291.13,0.3333333333333333,0.37219934013326716,275,3,463.73,At Risk,272,154.57666666666668,16490836.338000018,99.01763402784697,4638
15302.0,308.0,1,102,-16.95,1.0,1.0,291.05,1.0,0.05503246753246753,731,1,308.0,Hibernating,0,308.0,16491127.388000019,99.01938160946096,4639
17551.0,290.34,1,142,0.0,0.0,0.0,290.34,0.0,0.0,360,1,290.34,Hibernating,0,290.34,16491417.728000019,99.02112492794855,4640
13796.0,289.7,1,218,0.0,0.0,0.0,289.7,0.0,0.0,500,1,289.7,Hibernating,0,289.7,16491707.428000018,99.02286440361794,4641
15962.0,289.48,1,228,0.0,0.0,0.0,289.48,0.0,0.0,450,1,289.48,Hibernating,0,289.48,16491996.908000018,99.02460255831858,4642
15041.0,289.4,2,194,0.0,0.0,0.0,289.4,0.0,0.0,171,2,289.4,Needs Attention,274,144.7,16492286.308000019,99.02634023266694,4643
14162.0,289.36,2,142,0.0,0.0,0.0,289.36,0.0,0.0,174,2,289.36,Needs Attention,119,144.68,16492575.668000018,99.02807766683918,4644
17501.0,288.6,2,160,0.0,0.0,0.0,288.6,0.0,0.0,221,2,288.6,At Risk,0,144.3,16492864.268000018,99.02981053766482,4645
16808.0,288.42,2,196,0.0,0.0,0.0,288.42,0.0,0.0,100,2,288.42,Needs Attention,175,144.21,16493152.688000018,99.03154232769784,4646
14010.0,445.15,2,177,-157.05,1.0,49.0,288.09999999999997,0.5,0.35280242614848933,566,2,445.15,Hibernating,0,222.575,16493440.788000017,99.03327219632175,4647
16432.0,287.40000000000003,1,276,0.0,0.0,0.0,287.40000000000003,0.0,0.0,65,1,287.40000000000003,Needs Attention,0,287.40000000000003,16493728.188000018,99.03499786186329,4648
17497.0,287.25,2,59,0.0,0.0,0.0,287.25,0.0,0.0,391,2,287.25,At Risk,220,143.625,16494015.438000018,99.03672262674431,4649
13508.0,287.05,2,180,0.0,0.0,0.0,287.05,0.0,0.0,244,2,287.05,Hibernating,399,143.525,16494302.488000019,99.03844619074465,4650
17688.0,304.2,1,114,-17.700000000000003,1.0,6.0,286.5,1.0,0.058185404339250506,394,1,304.2,Hibernating,0,304.2,16494588.988000019,99.04016645232312,4651
16555.0,1915.68,6,1816,-1629.79,4.0,1641.0,285.8900000000001,0.6666666666666666,0.8507631754781592,36,6,1915.68,Champions,470,319.28000000000003,16494874.87800002,99.0418830512155,4652
14660.0,285.74,2,228,0.0,0.0,0.0,285.74,0.0,0.0,87,2,285.74,Needs Attention,14,142.87,16495160.61800002,99.04359874944737,4653
14402.0,285.6,1,240,0.0,0.0,0.0,285.6,0.0,0.0,653,1,285.6,Hibernating,0,285.6,16495446.218000019,99.04531360706275,4654
16890.0,285.41,3,243,0.0,0.0,0.0,285.41,0.0,0.0,477,3,285.41,At Risk,106,95.13666666666668,16495731.62800002,99.04702732384149,4655
13708.0,285.33,1,301,0.0,0.0,0.0,285.33,0.0,0.0,272,1,285.33,Hibernating,0,285.33,16496016.95800002,99.04874056026797,4656
17627.0,296.36,1,676,-11.25,1.0,3.0,285.11,1.0,0.0379605884734782,479,1,296.36,Hibernating,0,296.36,16496302.068000019,99.05045247572568,4657
16429.0,284.55,1,9,0.0,0.0,0.0,284.55,0.0,0.0,107,1,284.55,Needs Attention,0,284.55,16496586.61800002,99.05216102871749,4658
15445.0,284.5,2,118,0.0,0.0,0.0,284.5,0.0,0.0,265,2,284.5,Hibernating,326,142.25,16496871.11800002,99.05386928148911,4659
17359.0,284.46,2,237,0.0,0.0,0.0,284.46,0.0,0.0,12,2,284.46,Loyal Customers,637,142.23,16497155.57800002,99.05557729408461,4660
13616.0,283.85,2,172,0.0,0.0,0.0,283.85,0.0,0.0,569,2,283.85,Hibernating,123,141.925,16497439.42800002,99.05728164399403,4661
15662.0,283.73,2,145,0.0,0.0,0.0,283.73,0.0,0.0,662,2,283.73,Hibernating,77,141.865,16497723.15800002,99.05898527337503,4662
15391.0,289.87,1,109,-6.95,1.0,1.0,282.92,1.0,0.02397626522234105,585,1,289.87,Hibernating,0,289.87,16498006.07800002,99.06068403918927,4663
13909.0,282.85,2,301,0.0,0.0,0.0,282.85,0.0,0.0,424,2,282.85,Hibernating,98,141.425,16498288.92800002,99.06238238469527,4664
15936.0,282.79,2,211,0.0,0.0,0.0,282.79,0.0,0.0,380,2,282.79,Hibernating,88,141.395,16498571.718000019,99.06408036993706,4665
16557.0,281.85,2,111,0.0,0.0,0.0,281.85,0.0,0.0,25,2,281.85,New / Promising,113,140.925,16498853.568000019,99.06577271103963,4666
13326.0,281.76,1,140,0.0,0.0,0.0,281.76,0.0,0.0,433,1,281.76,Hibernating,0,281.76,16499135.328000018,99.06746451174591,4667
13679.0,281.26,3,102,0.0,0.0,0.0,281.26,0.0,0.0,494,3,281.26,At Risk,242,93.75333333333332,16499416.588000018,99.06915331025047,4668
18042.0,281.15,2,69,0.0,0.0,0.0,281.15,0.0,0.0,54,2,281.15,Loyal Customers,488,140.575,16499697.738000019,99.07084144827067,4669
15772.0,280.88,1,110,0.0,0.0,0.0,280.88,0.0,0.0,419,1,280.88,Hibernating,0,280.88,16499978.61800002,99.07252796510194,4670
12851.0,280.76,2,157,0.0,0.0,0.0,280.76,0.0,0.0,97,2,280.76,Needs Attention,381,140.38,16500259.37800002,99.07421376140479,4671
14433.0,280.7,1,131,0.0,0.0,0.0,280.7,0.0,0.0,466,1,280.7,Hibernating,0,280.7,16500540.078000018,99.07589919744345,4672
14242.0,280.55,2,123,0.0,0.0,0.0,280.55,0.0,0.0,235,2,280.55,Hibernating,91,140.275,16500820.62800002,99.0775837328216,4673
13581.0,280.53000000000003,2,119,0.0,0.0,0.0,280.53000000000003,0.0,0.0,310,2,280.53000000000003,Hibernating,105,140.265,16501101.158000018,99.07926814811167,4674
17247.0,280.09000000000003,1,105,0.0,0.0,0.0,280.09000000000003,0.0,0.0,16,1,280.09000000000003,New / Promising,0,280.09000000000003,16501381.248000018,99.08094992146424,4675
15556.0,279.77,1,236,0.0,0.0,0.0,279.77,0.0,0.0,25,1,279.77,New / Promising,0,279.77,16501661.018000018,99.0826297734077,4676
14183.0,278.34000000000003,2,60,0.0,0.0,0.0,278.34000000000003,0.0,0.0,412,2,278.34000000000003,Hibernating,70,139.17000000000002,16501939.358000018,99.0843010390543,4677
14303.0,277.94,2,218,0.0,0.0,0.0,277.94,0.0,0.0,408,2,277.94,Hibernating,27,138.97,16502217.298000017,99.08596990293952,4678
15338.0,277.93,1,148,0.0,0.0,0.0,277.93,0.0,0.0,678,1,277.93,Hibernating,0,277.93,16502495.228000017,99.08763870678072,4679
16543.0,292.21,1,317,-14.399999999999999,1.0,14.0,277.81,1.0,0.049279627665035415,592,1,292.21,Hibernating,0,292.21,16502773.038000017,99.08930679009352,4680
15355.0,277.05,2,45,0.0,0.0,0.0,277.05,0.0,0.0,30,2,277.05,New / Promising,24,138.525,16503050.088000018,99.0909703100597,4681
13606.0,276.75,3,276,0.0,0.0,0.0,276.75,0.0,0.0,30,3,276.75,Loyal Customers,282,92.25,16503326.838000018,99.09263202870487,4682
13272.0,276.56,2,96,0.0,0.0,0.0,276.56,0.0,0.0,32,2,276.56,New / Promising,58,138.28,16503603.398000019,99.09429260651338,4683
12750.0,275.88,1,137,0.0,0.0,0.0,275.88,0.0,0.0,129,1,275.88,Needs Attention,0,275.88,16503879.27800002,99.09594910132759,4684
16297.0,301.9,1,206,-26.499999999999996,3.0,26.0,275.4,3.0,0.08777740973832394,269,1,301.9,Hibernating,0,301.9,16504154.67800002,99.09760271402813,4685
13399.0,275.4,3,120,0.0,0.0,0.0,275.4,0.0,0.0,465,3,275.4,At Risk,55,91.8,16504430.07800002,99.09925632672869,4686
16313.0,274.15000000000003,2,165,0.0,0.0,0.0,274.15000000000003,0.0,0.0,4,2,274.15000000000003,New / Promising,46,137.07500000000002,16504704.22800002,99.10090243392497,4687
17072.0,273.35,1,212,0.0,0.0,0.0,273.35,0.0,0.0,626,1,273.35,Hibernating,0,273.35,16504977.57800002,99.10254373759852,4688
12789.0,273.35,3,36,0.0,0.0,0.0,273.35,0.0,0.0,66,3,273.35,Potential Loyalists,628,91.11666666666667,16505250.92800002,99.10418504127209,4689
13307.0,273.34,3,140,0.0,0.0,0.0,273.34,0.0,0.0,121,3,273.34,Potential Loyalists,472,91.11333333333332,16505524.26800002,99.1058262849016,4690
17355.0,273.31,1,249,0.0,0.0,0.0,273.31,0.0,0.0,387,1,273.31,Hibernating,0,273.31,16505797.57800002,99.10746734839901,4691
17498.0,272.21999999999997,1,394,0.0,0.0,0.0,272.21999999999997,0.0,0.0,76,1,272.22,Needs Attention,0,272.22,16506069.79800002,99.10910186709671,4692
13917.0,272.04,2,228,0.0,0.0,0.0,272.04,0.0,0.0,50,2,272.04,New / Promising,142,136.02,16506341.83800002,99.11073530500178,4693
14816.0,271.85,1,5,0.0,0.0,0.0,271.85,0.0,0.0,198,1,271.85,Hibernating,0,271.85,16506613.68800002,99.11236760207022,4694
17292.0,271.75,2,131,0.0,0.0,0.0,271.75,0.0,0.0,473,2,271.75,At Risk,107,135.875,16506885.43800002,99.1139992986983,4695
14436.0,271.7,2,297,0.0,0.0,0.0,271.7,0.0,0.0,99,2,271.7,Needs Attention,455,135.85,16507157.138000019,99.11563069510622,4696
13058.0,271.40000000000003,3,52,0.0,0.0,0.0,271.40000000000003,0.0,0.0,25,3,271.40000000000003,Loyal Customers,127,90.46666666666668,16507428.53800002,99.11726029019312,4697
15943.0,271.28999999999996,2,183,0.0,0.0,0.0,271.28999999999996,0.0,0.0,650,2,271.29,Hibernating,28,135.64499999999998,16507699.828000018,99.11888922479562,4698
17278.0,271.24,2,195,0.0,0.0,0.0,271.24,0.0,0.0,242,2,271.24,At Risk,324,135.62,16507971.068000019,99.12051785917797,4699
18238.0,270.92,1,114,0.0,0.0,0.0,270.92,0.0,0.0,516,1,270.92,Hibernating,0,270.92,16508241.988000019,99.12214457215123,4700
14520.0,270.6,2,146,0.0,0.0,0.0,270.6,0.0,0.0,2,2,270.6,New / Promising,289,135.3,16508512.588000018,99.12376936371538,4701
16757.0,270.48,2,180,0.0,0.0,0.0,270.48,0.0,0.0,319,2,270.48,Hibernating,91,135.24,16508783.068000019,99.12539343475113,4702
15609.0,298.48,1,148,-28.45,1.0,3.0,270.03000000000003,1.0,0.09531626909675689,185,1,298.48,Needs Attention,0,298.48,16509053.098000018,99.12701480380535,4703
12807.0,330.35,1,145,-60.4,2.0,25.0,269.95000000000005,2.0,0.18283638565158164,384,1,330.35,Hibernating,0,330.35,16509323.048000017,99.12863569250729,4704
15964.0,269.21000000000004,1,93,0.0,0.0,0.0,269.21000000000004,0.0,0.0,664,1,269.21000000000004,Hibernating,0,269.21000000000004,16509592.258000018,99.1302521379507,4705
13533.0,269.09,3,202,0.0,0.0,0.0,269.09,0.0,0.0,183,3,269.09,Potential Loyalists,85,89.69666666666666,16509861.348000018,99.1318678628657,4706
17264.0,268.28,1,217,0.0,0.0,0.0,268.28,0.0,0.0,425,1,268.28,Hibernating,0,268.28,16510129.628000017,99.13347872421394,4707
12751.0,268.27,1,189,0.0,0.0,0.0,268.27,0.0,0.0,445,1,268.27,Hibernating,0,268.27,16510397.898000017,99.13508952551814,4708
18254.0,267.9,1,188,0.0,0.0,0.0,267.9,0.0,0.0,582,1,267.9,Hibernating,0,267.9,16510665.798000017,99.13669810519308,4709
14039.0,267.28000000000003,2,192,0.0,0.0,0.0,267.28000000000003,0.0,0.0,34,2,267.28000000000003,New / Promising,542,133.64,16510933.078000017,99.13830296213789,4710
15408.0,267.18,1,106,0.0,0.0,0.0,267.18,0.0,0.0,265,1,267.18,Hibernating,0,267.18,16511200.258000016,99.13990721864238,4711
15320.0,267.13,1,326,0.0,0.0,0.0,267.13,0.0,0.0,45,1,267.13,New / Promising,0,267.13,16511467.388000017,99.14151117492669,4712
15517.0,267.03,1,293,0.0,0.0,0.0,267.03,0.0,0.0,234,1,267.03,Hibernating,0,267.03,16511734.418000016,99.14311453077065,4713
17786.0,266.85,2,195,0.0,0.0,0.0,266.85,0.0,0.0,86,2,266.85,Potential Loyalists,232,133.425,16512001.268000016,99.14471680582201,4714
14863.0,266.76,1,132,0.0,0.0,0.0,266.76,0.0,0.0,30,1,266.76,New / Promising,0,266.76,16512268.028000016,99.14631854047705,4715
13837.0,266.59000000000003,2,182,0.0,0.0,0.0,266.59000000000003,0.0,0.0,212,2,266.59000000000003,Hibernating,106,133.29500000000002,16512534.618000016,99.14791925438351,4716
14392.0,266.4,1,114,0.0,0.0,0.0,266.4,0.0,0.0,433,1,266.4,Hibernating,0,266.4,16512801.018000016,99.14951882745333,4717
15119.0,266.4,1,88,0.0,0.0,0.0,266.4,0.0,0.0,246,1,266.4,Hibernating,0,266.4,16513067.418000016,99.15111840052316,4718
12962.0,266.39,2,129,0.0,0.0,0.0,266.39,0.0,0.0,8,2,266.39,New / Promising,106,133.195,16513333.808000017,99.15271791354894,4719
13217.0,666.48,4,512,-400.36,2.0,148.0,266.12,0.5,0.6007081982955228,123,4,666.48,Potential Loyalists,533,166.62,16513599.928000016,99.15431580538579,4720
17636.0,285.56,1,182,-19.630000000000003,1.0,6.0,265.93,1.0,0.06874212074520242,20,1,285.56,New / Promising,0,285.56,16513865.858000016,99.155912556386,4721
16321.0,604.5500000000001,7,259,-339.05,3.0,157.0,265.50000000000006,0.42857142857142855,0.5608303696964684,73,7,604.5500000000001,Potential Loyalists,666,86.36428571428573,16514131.358000016,99.15750672549275,4722
13973.0,264.7,1,109,0.0,0.0,0.0,264.7,0.0,0.0,288,1,264.7,Hibernating,0,264.7,16514396.058000015,99.15909609107675,4723
16615.0,291.5,1,211,-27.0,1.0,4.0,264.5,1.0,0.09262435677530018,627,1,291.5,Hibernating,0,291.5,16514660.558000015,99.16068425578008,4724
16334.0,263.73,1,206,0.0,0.0,0.0,263.73,0.0,0.0,493,1,263.73,Hibernating,0,263.73,16514924.288000016,99.16226779709278,4725
16286.0,328.95,2,101,-65.30000000000001,2.0,14.0,263.65,1.0,0.1985104119167047,478,2,328.95,Hibernating,146,164.475,16515187.938000016,99.16385085805321,4726
13128.0,263.5,1,31,0.0,0.0,0.0,263.5,0.0,0.0,632,1,263.5,Hibernating,0,263.5,16515451.438000016,99.16543301835313,4727
16089.0,263.49,2,119,0.0,0.0,0.0,263.49,0.0,0.0,387,2,263.49,Hibernating,123,131.745,16515714.928000016,99.167015118609,4728
12892.0,263.38,1,140,0.0,0.0,0.0,263.38,0.0,0.0,397,1,263.38,Hibernating,0,263.38,16515978.308000017,99.1685965583805,4729
17808.0,262.64,4,143,0.0,0.0,0.0,262.64,0.0,0.0,549,4,262.64,At Risk,33,65.66,16516240.948000018,99.17017355489348,4730
12771.0,282.3,1,104,-19.8,1.0,4.0,262.5,1.0,0.07013815090329437,486,1,282.3,Hibernating,0,282.3,16516503.448000018,99.17174971078998,4731
13331.0,262.4,1,54,0.0,0.0,0.0,262.4,0.0,0.0,402,1,262.4,Hibernating,0,262.4,16516765.848000018,99.17332526624614,4732
17910.0,261.7,1,121,0.0,0.0,0.0,261.7,0.0,0.0,727,1,261.7,Hibernating,0,261.7,16517027.548000017,99.1748966186199,4733
14957.0,261.69,2,97,0.0,0.0,0.0,261.69,0.0,0.0,254,2,261.69,Hibernating,391,130.845,16517289.238000017,99.17646791094963,4734
14269.0,295.73,1,123,-34.05,1.0,9.0,261.68,1.0,0.11513880904879449,440,1,295.73,Hibernating,0,295.73,16517550.918000016,99.17803914323532,4735
12655.0,261.35,1,80,0.0,0.0,0.0,261.35,0.0,0.0,424,1,261.35,Hibernating,0,261.35,16517812.268000016,99.1796083940679,4736
13080.0,280.73,4,193,-19.9,1.0,2.0,260.83000000000004,0.25,0.07088661703416092,180,4,280.73,Potential Loyalists,430,70.1825,16518073.098000016,99.18117452261069,4737
13189.0,260.68,2,842,0.0,0.0,0.0,260.68,0.0,0.0,19,2,260.68,New / Promising,97,130.34,16518333.778000016,99.18273975049297,4738
17901.0,260.08,3,38,0.0,0.0,0.0,260.08,0.0,0.0,30,3,260.08,Loyal Customers,492,86.69333333333333,16518593.858000016,99.1843013757332,4739
17022.0,260.0,2,180,0.0,0.0,0.0,260.0,0.0,0.0,32,2,260.0,Loyal Customers,401,130.0,16518853.858000016,99.18586252062116,4740
12487.0,285.3,1,174,-25.5,1.0,30.0,259.8,1.0,0.08937960042060988,731,1,285.3,Hibernating,0,285.3,16519113.658000017,99.18742246462844,4741
16733.0,259.68,1,112,0.0,0.0,0.0,259.68,0.0,0.0,530,1,259.68,Hibernating,0,259.68,16519373.338000016,99.1889816881073,4742
14149.0,446.62,1,218,-187.19,2.0,89.0,259.43,2.0,0.4191258788231606,221,1,446.62,Hibernating,0,446.62,16519632.768000016,99.19053941048531,4743
16217.0,304.25,2,91,-44.86,2.0,15.0,259.39,1.0,0.14744453574363187,236,2,304.25,Hibernating,47,152.125,16519892.158000017,99.1920968926872,4744
17558.0,259.17,1,54,0.0,0.0,0.0,259.17,0.0,0.0,394,1,259.17,Hibernating,0,259.17,16520151.328000017,99.19365305392031,4745
13127.0,259.17,1,127,0.0,0.0,0.0,259.17,0.0,0.0,78,1,259.17,Needs Attention,0,259.17,16520410.498000016,99.19520921515344,4746
17219.0,259.13,2,188,0.0,0.0,0.0,259.13,0.0,0.0,32,2,259.13,Loyal Customers,385,129.565,16520669.628000017,99.19676513621043,4747
15536.0,259.09,1,242,0.0,0.0,0.0,259.09,0.0,0.0,410,1,259.09,Hibernating,0,259.09,16520928.718000017,99.19832081709129,4748
14526.0,258.65,1,178,0.0,0.0,0.0,258.65,0.0,0.0,390,1,258.65,Hibernating,0,258.65,16521187.368000017,99.19987385603464,4749
13683.0,258.6,1,180,0.0,0.0,0.0,258.6,0.0,0.0,458,1,258.6,Hibernating,0,258.6,16521445.968000017,99.20142659475782,4750
16502.0,258.55,2,220,0.0,0.0,0.0,258.55,0.0,0.0,621,2,258.55,Hibernating,0,129.275,16521704.518000018,99.20297903326082,4751
13227.0,257.7,1,99,0.0,0.0,0.0,257.7,0.0,0.0,202,1,257.7,Hibernating,0,257.7,16521962.218000017,99.20452636802092,4752
15014.0,257.67,2,149,0.0,0.0,0.0,257.67,0.0,0.0,44,2,257.67,New / Promising,133,128.835,16522219.888000017,99.20607352264894,4753
16542.0,257.32,2,142,0.0,0.0,0.0,257.32,0.0,0.0,54,2,257.32,New / Promising,348,128.66,16522477.208000017,99.20761857573574,4754
15503.0,257.3,2,130,0.0,0.0,0.0,257.3,0.0,0.0,363,2,257.3,Hibernating,364,128.65,16522734.508000018,99.20916350873448,4755
15852.0,257.26,3,60,0.0,0.0,0.0,257.26,0.0,0.0,187,3,257.26,Potential Loyalists,340,85.75333333333333,16522991.768000018,99.21070820155707,4756
15404.0,257.06,1,334,0.0,0.0,0.0,257.06,0.0,0.0,376,1,257.06,Hibernating,0,257.06,16523248.828000018,99.212251693499,4757
14876.0,256.7,2,162,0.0,0.0,0.0,256.7,0.0,0.0,522,2,256.7,Hibernating,40,128.35,16523505.528000018,99.21379302385567,4758
14274.0,256.6,1,178,0.0,0.0,0.0,256.6,0.0,0.0,687,1,256.6,Hibernating,0,256.6,16523762.128000017,99.21533375377203,4759
12430.0,256.4,1,117,0.0,0.0,0.0,256.4,0.0,0.0,44,1,256.4,New / Promising,0,256.4,16524018.528000018,99.2168732828077,4760
13806.0,256.38,1,56,0.0,0.0,0.0,256.38,0.0,0.0,64,1,256.38,Needs Attention,0,256.38,16524274.908000018,99.2184126917553,4761
17896.0,256.32,1,288,0.0,0.0,0.0,256.32,0.0,0.0,24,1,256.32,New / Promising,0,256.32,16524531.228000019,99.21995174043869,4762
17385.0,256.11,1,197,0.0,0.0,0.0,256.11,0.0,0.0,15,1,256.11,New / Promising,0,256.11,16524787.338000018,99.22148952819737,4763
13825.0,255.59,2,182,0.0,0.0,0.0,255.59,0.0,0.0,622,2,255.59,Hibernating,109,127.795,16525042.928000018,99.22302419366625,4764
14881.0,255.4,1,316,0.0,0.0,0.0,255.4,0.0,0.0,20,1,255.4,New / Promising,0,255.4,16525298.328000018,99.2245577182985,4765
13121.0,283.73,1,252,-29.0,1.0,25.0,254.73000000000002,1.0,0.10220984739012441,270,1,283.73,Hibernating,0,283.73,16525553.058000019,99.22608721998047,4766
12604.0,254.18,2,201,0.0,0.0,0.0,254.18,0.0,0.0,80,2,254.18,Needs Attention,182,127.09,16525807.238000019,99.22761341924054,4767
15923.0,254.16,1,244,0.0,0.0,0.0,254.16,0.0,0.0,373,1,254.16,Hibernating,0,254.16,16526061.398000019,99.22913949841256,4768
14765.0,254.11,3,135,0.0,0.0,0.0,254.11,0.0,0.0,30,3,254.11,Loyal Customers,147,84.70333333333333,16526315.508000018,99.23066527736441,4769
17626.0,254.0,1,202,0.0,0.0,0.0,254.0,0.0,0.0,603,1,254.0,Hibernating,0,254.0,16526569.508000018,99.23219039583188,4770
16845.0,253.88,1,167,0.0,0.0,0.0,253.88,0.0,0.0,619,1,253.88,Hibernating,0,253.88,16526823.388000019,99.23371479377093,4771
17992.0,252.88,1,130,0.0,0.0,0.0,252.88,0.0,0.0,390,1,252.88,Hibernating,0,252.88,16527076.26800002,99.23523318730658,4772
18267.0,269.37,1,135,-16.5,1.0,4.0,252.87,1.0,0.06125403719790622,673,1,269.37,Hibernating,0,269.37,16527329.138000019,99.23675152079818,4773
15019.0,252.81,1,150,0.0,0.0,0.0,252.81,0.0,0.0,267,1,252.81,Hibernating,0,252.81,16527581.94800002,99.2382694940256,4774
15035.0,252.73000000000002,1,245,0.0,0.0,0.0,252.73000000000002,0.0,0.0,90,1,252.73,Needs Attention,0,252.73,16527834.67800002,99.23978698690073,4775
13251.0,252.68,1,215,0.0,0.0,0.0,252.68,0.0,0.0,403,1,252.68,Hibernating,0,252.68,16528087.35800002,99.24130417955568,4776
15552.0,252.52,2,166,0.0,0.0,0.0,252.52,0.0,0.0,218,2,252.52,Hibernating,406,126.26,16528339.87800002,99.24282041150609,4777
16074.0,252.5,1,38,0.0,0.0,0.0,252.5,0.0,0.0,391,1,252.5,Hibernating,0,252.5,16528592.37800002,99.24433652336843,4778
13404.0,252.49,2,111,0.0,0.0,0.0,252.49,0.0,0.0,2,2,252.49,New / Promising,211,126.245,16528844.86800002,99.24585257518676,4779
13645.0,252.1,1,158,0.0,0.0,0.0,252.1,0.0,0.0,121,1,252.1,Needs Attention,0,252.1,16529096.968000019,99.24736628528773,4780
17210.0,251.72,1,242,0.0,0.0,0.0,251.72,0.0,0.0,393,1,251.72,Hibernating,0,251.72,16529348.68800002,99.24887771371542,4781
16453.0,251.71,2,139,0.0,0.0,0.0,251.71,0.0,0.0,531,2,251.71,Hibernating,18,125.855,16529600.39800002,99.25038908209906,4782
16976.0,251.51999999999998,1,88,0.0,0.0,0.0,251.51999999999998,0.0,0.0,268,1,251.52,Hibernating,0,251.52,16529851.91800002,99.25189930964606,4783
16911.0,255.25,2,161,-3.9,1.0,2.0,251.35,0.5,0.015279138099902057,636,2,255.25,At Risk,26,127.625,16530103.26800002,99.25340851644448,4784
13861.0,273.26,2,225,-21.95,1.0,5.0,251.31,0.5,0.08032642904193808,430,2,273.26,Hibernating,101,136.63,16530354.57800002,99.25491748306676,4785
14166.0,251.15,2,82,0.0,0.0,0.0,251.15,0.0,0.0,506,2,251.15,Hibernating,121,125.575,16530605.72800002,99.2564254889845,4786
18266.0,251.1,1,138,0.0,0.0,0.0,251.1,0.0,0.0,435,1,251.1,Hibernating,0,251.1,16530856.82800002,99.25793319468205,4787
16962.0,251.04,1,158,0.0,0.0,0.0,251.04,0.0,0.0,410,1,251.04,Hibernating,0,251.04,16531107.86800002,99.25944054011542,4788
14764.0,278.3,1,190,-27.75,1.0,15.0,250.55,1.0,0.09971254042400288,47,1,278.3,New / Promising,0,278.3,16531358.41800002,99.26094494339111,4789
17303.0,250.04,1,144,0.0,0.0,0.0,250.04,0.0,0.0,362,1,250.04,Hibernating,0,250.04,16531608.45800002,99.26244628442105,4790
15510.0,250.0,1,2,0.0,0.0,0.0,250.0,0.0,0.0,331,1,250.0,Hibernating,0,250.0,16531858.45800002,99.26394738527485,4791
13747.0,249.39999999999998,2,68,0.0,0.0,0.0,249.39999999999998,0.0,0.0,374,2,249.4,Hibernating,51,124.7,16532107.85800002,99.26544488348661,4792
12563.0,249.24,1,113,0.0,0.0,0.0,249.24,0.0,0.0,409,1,249.24,Hibernating,0,249.24,16532357.09800002,99.26694142099382,4793
14483.0,257.1,2,193,-7.9,1.0,2.0,249.20000000000002,0.5,0.030727343446129908,282,2,257.1,Hibernating,455,128.55,16532606.298000019,99.26843771832489,4794
13061.0,248.61,1,107,0.0,0.0,0.0,248.61,0.0,0.0,73,1,248.61,Needs Attention,0,248.61,16532854.908000018,99.26993047305794,4795
13592.0,247.95999999999998,4,84,0.0,0.0,0.0,247.95999999999998,0.0,0.0,36,4,247.96,Loyal Customers,229,61.99,16533102.86800002,99.27141932492879,4796
13834.0,324.19,2,221,-76.3,1.0,7.0,247.89,0.5,0.23535580986458557,577,2,324.19,Hibernating,93,162.095,16533350.75800002,99.2729077564914,4797
16381.0,247.85,2,108,0.0,0.0,0.0,247.85,0.0,0.0,396,2,247.85,Hibernating,23,123.925,16533598.60800002,99.27439594787786,4798
15293.0,247.5,1,178,0.0,0.0,0.0,247.5,0.0,0.0,666,1,247.5,Hibernating,0,247.5,16533846.10800002,99.27588203772314,4799
13349.0,247.32,1,225,0.0,0.0,0.0,247.32,0.0,0.0,11,1,247.32,New / Promising,0,247.32,16534093.42800002,99.2773670467758,4800
14658.0,247.15,2,47,0.0,0.0,0.0,247.15,0.0,0.0,6,2,247.15,New / Promising,112,123.575,16534340.57800002,99.27885103507987,4801
14654.0,246.86,1,273,0.0,0.0,0.0,246.86,0.0,0.0,739,1,246.86,Hibernating,0,246.86,16534587.43800002,99.28033328210694,4802
15697.0,246.75,1,127,0.0,0.0,0.0,246.75,0.0,0.0,690,1,246.75,Hibernating,0,246.75,16534834.18800002,99.28181486864965,4803
13943.0,246.54000000000002,1,94,0.0,0.0,0.0,246.54000000000002,0.0,0.0,578,1,246.54,Hibernating,0,246.54,16535080.728000019,99.28329519426762,4804
15378.0,246.5,2,130,0.0,0.0,0.0,246.5,0.0,0.0,463,2,246.5,Hibernating,39,123.25,16535327.228000019,99.28477527970948,4805
15495.0,246.5,1,194,0.0,0.0,0.0,246.5,0.0,0.0,380,1,246.5,Hibernating,0,246.5,16535573.728000019,99.28625536515133,4806
15783.0,246.3,1,212,0.0,0.0,0.0,246.3,0.0,0.0,11,1,246.3,New / Promising,0,246.3,16535820.02800002,99.28773424971251,4807
18153.0,246.22,1,200,0.0,0.0,0.0,246.22,0.0,0.0,660,1,246.22,Hibernating,0,246.22,16536066.24800002,99.28921265392141,4808
16778.0,245.94,2,194,0.0,0.0,0.0,245.94,0.0,0.0,75,2,245.94,Needs Attention,200,122.97,16536312.18800002,99.29068937689736,4809
13250.0,253.09,2,107,-7.5,1.0,2.0,245.59,0.5,0.029633727132640564,461,2,253.09,Hibernating,42,126.545,16536557.77800002,99.2921639983321,4810
14325.0,245.48000000000002,1,320,0.0,0.0,0.0,245.48000000000002,0.0,0.0,570,1,245.48,Hibernating,0,245.48,16536803.25800002,99.29363795928246,4811
14281.0,245.15,1,45,0.0,0.0,0.0,245.15,0.0,0.0,409,1,245.15,Hibernating,0,245.15,16537048.40800002,99.29510993877972,4812
12660.0,245.10000000000002,1,127,0.0,0.0,0.0,245.10000000000002,0.0,0.0,12,1,245.1,New / Promising,0,245.1,16537293.50800002,99.29658161805679,4813
15118.0,244.8,1,1440,0.0,0.0,0.0,244.8,0.0,0.0,135,1,244.8,Needs Attention,0,244.8,16537538.30800002,99.29805149601285,4814
13511.0,282.76,1,60,-38.15,1.0,7.0,244.60999999999999,1.0,0.13492007356061678,677,1,282.76,Hibernating,0,282.76,16537782.91800002,99.29952023313223,4815
13905.0,312.65,1,135,-68.2,2.0,11.0,244.45,2.0,0.218135295058372,733,1,312.65,Hibernating,0,312.65,16538027.36800002,99.30098800954707,4816
16528.0,244.41,1,171,0.0,0.0,0.0,244.41,0.0,0.0,4,1,244.41,New / Promising,0,244.41,16538271.77800002,99.30245554578579,4817
18002.0,244.37,4,71,0.0,0.0,0.0,244.37,0.0,0.0,376,4,244.37,At Risk,356,61.0925,16538516.148000019,99.30392284184836,4818
14694.0,244.31,1,193,0.0,0.0,0.0,244.31,0.0,0.0,618,1,244.31,Hibernating,0,244.31,16538760.45800002,99.30538977764675,4819
13551.0,244.2,2,36,0.0,0.0,0.0,244.2,0.0,0.0,320,2,244.2,Hibernating,347,122.1,16539004.658000018,99.30685605296074,4820
17892.0,244.1,3,109,0.0,0.0,0.0,244.1,0.0,0.0,57,3,244.1,Loyal Customers,99,81.36666666666666,16539248.758000018,99.3083217278344,4821
16793.0,243.84,1,146,0.0,0.0,0.0,243.84,0.0,0.0,58,1,243.84,New / Promising,0,243.84,16539492.598000018,99.30978584156317,4822
13886.0,243.56,1,126,0.0,0.0,0.0,243.56,0.0,0.0,72,1,243.56,Needs Attention,0,243.56,16539736.158000018,99.31124827405898,4823
16215.0,242.35,1,104,0.0,0.0,0.0,242.35,0.0,0.0,81,1,242.35,Needs Attention,0,242.35,16539978.508000018,99.31270344122666,4824
15543.0,242.26,2,167,0.0,0.0,0.0,242.26,0.0,0.0,289,2,242.26,Hibernating,171,121.13,16540220.768000018,99.31415806799804,4825
17009.0,242.06,1,336,0.0,0.0,0.0,242.06,0.0,0.0,552,1,242.06,Hibernating,0,242.06,16540462.828000018,99.31561149388872,4826
13445.0,241.89999999999998,1,198,0.0,0.0,0.0,241.89999999999998,0.0,0.0,627,1,241.9,Hibernating,0,241.9,16540704.728000019,99.31706395907487,4827
13582.0,241.68,2,106,0.0,0.0,0.0,241.68,0.0,0.0,390,2,241.68,Hibernating,228,120.84,16540946.408000018,99.31851510329226,4828
15776.0,241.62,1,138,0.0,0.0,0.0,241.62,0.0,0.0,134,1,241.62,Needs Attention,0,241.62,16541188.028000018,99.31996588724544,4829
15162.0,312.9,1,74,-71.4,1.0,8.0,241.49999999999997,1.0,0.22818791946308728,732,1,312.9,Hibernating,0,312.9,16541429.528000018,99.32141595067023,4830
14774.0,241.45000000000002,1,99,0.0,0.0,0.0,241.45000000000002,0.0,0.0,529,1,241.45,Hibernating,0,241.45,16541670.978000017,99.32286571387482,4831
14523.0,241.09,1,251,0.0,0.0,0.0,241.09,0.0,0.0,109,1,241.09,Needs Attention,0,241.09,16541912.068000017,99.3243133154942,4832
16427.0,241.06,2,156,0.0,0.0,0.0,241.06,0.0,0.0,264,2,241.06,Hibernating,21,120.53,16542153.128000017,99.32576073698147,4833
16508.0,240.95,1,103,0.0,0.0,0.0,240.95,0.0,0.0,631,1,240.95,Hibernating,0,240.95,16542394.078000017,99.32720749798438,4834
15286.0,240.55,1,55,0.0,0.0,0.0,240.55,0.0,0.0,50,1,240.55,New / Promising,0,240.55,16542634.628000017,99.3286518572259,4835
15336.0,240.5,1,84,0.0,0.0,0.0,240.5,0.0,0.0,402,1,240.5,Hibernating,0,240.5,16542875.128000017,99.33009591624727,4836
15931.0,239.9,1,118,0.0,0.0,0.0,239.9,0.0,0.0,429,1,239.9,Hibernating,0,239.9,16543115.028000018,99.33153637262659,4837
15690.0,239.76,2,408,0.0,0.0,0.0,239.76,0.0,0.0,5,2,239.76,New / Promising,96,119.88,16543354.788000017,99.33297598838942,4838
13570.0,239.49,1,161,0.0,0.0,0.0,239.49,0.0,0.0,244,1,239.49,Hibernating,0,239.49,16543594.278000018,99.33441398296333,4839
13789.0,239.46,1,258,0.0,0.0,0.0,239.46,0.0,0.0,389,1,239.46,Hibernating,0,239.46,16543833.738000019,99.33585179740516,4840
17684.0,239.41,1,145,0.0,0.0,0.0,239.41,0.0,0.0,44,1,239.41,New / Promising,0,239.41,16544073.148000019,99.33728931162679,4841
14777.0,307.56,1,212,-68.3,3.0,12.0,239.26,3.0,0.22207049031083365,404,1,307.56,Hibernating,0,307.56,16544312.408000018,99.33872592518792,4842
17981.0,239.12,1,260,0.0,0.0,0.0,239.12,0.0,0.0,411,1,239.12,Hibernating,0,239.12,16544551.528000018,99.34016169813256,4843
13275.0,238.86,2,138,0.0,0.0,0.0,238.86,0.0,0.0,384,2,238.86,Hibernating,249,119.43,16544790.388000017,99.34159590993232,4844
12561.0,238.85,1,177,0.0,0.0,0.0,238.85,0.0,0.0,303,1,238.85,Hibernating,0,238.85,16545029.238000017,99.34303006168804,4845
15884.0,244.60000000000002,2,152,-5.95,1.0,1.0,238.65000000000003,0.5,0.024325429272281273,433,2,244.6,Hibernating,304,122.3,16545267.888000017,99.34446301256308,4846
12718.0,238.25,1,203,0.0,0.0,0.0,238.25,0.0,0.0,72,1,238.25,Needs Attention,0,238.25,16545506.138000017,99.34589356167677,4847
16280.0,238.05,1,101,0.0,0.0,0.0,238.05,0.0,0.0,726,1,238.05,Hibernating,0,238.05,16545744.188000018,99.34732290990976,4848
14982.0,237.78,1,125,0.0,0.0,0.0,237.78,0.0,0.0,573,1,237.78,Hibernating,0,237.78,16545981.968000017,99.34875063695384,4849
17877.0,237.61,1,98,0.0,0.0,0.0,237.61,0.0,0.0,171,1,237.61,Needs Attention,0,237.61,16546219.578000017,99.35017734324933,4850
15457.0,237.07,1,132,0.0,0.0,0.0,237.07,0.0,0.0,263,1,237.07,Hibernating,0,237.07,16546456.648000017,99.35160080716697,4851
18024.0,389.78,2,184,-153.0,1.0,36.0,236.77999999999997,0.5,0.39252911899019965,153,2,389.78,Potential Loyalists,0,194.89,16546693.428000016,99.35302252980763,4852
12732.0,236.26000000000002,1,111,0.0,0.0,0.0,236.26000000000002,0.0,0.0,180,1,236.26,Needs Attention,0,236.26,16546929.688000016,99.3544411301585,4853
13088.0,236.11,1,76,0.0,0.0,0.0,236.11,0.0,0.0,418,1,236.11,Hibernating,0,236.11,16547165.798000015,99.35585882984887,4854
16026.0,236.09,1,243,0.0,0.0,0.0,236.09,0.0,0.0,44,1,236.09,New / Promising,0,236.09,16547401.888000015,99.35727640945117,4855
17093.0,235.88,1,114,0.0,0.0,0.0,235.88,0.0,0.0,593,1,235.88,Hibernating,0,235.88,16547637.768000016,99.35869272812876,4856
17872.0,235.87,1,176,0.0,0.0,0.0,235.87,0.0,0.0,382,1,235.87,Hibernating,0,235.87,16547873.638000015,99.36010898676231,4857
16046.0,235.78,1,248,0.0,0.0,0.0,235.78,0.0,0.0,563,1,235.78,Hibernating,0,235.78,16548109.418000014,99.36152470499955,4858
12392.0,234.75000000000003,1,73,0.0,0.0,0.0,234.75000000000003,0.0,0.0,592,1,234.75000000000003,Hibernating,0,234.75000000000003,16548344.168000014,99.36293423870127,4859
13114.0,234.38,1,74,0.0,0.0,0.0,234.38,0.0,0.0,731,1,234.38,Hibernating,0,234.38,16548578.548000015,99.36434155077374,4860
14473.0,234.34,2,88,0.0,0.0,0.0,234.34,0.0,0.0,75,2,234.34,Needs Attention,208,117.17,16548812.888000015,99.36574862267005,4861
17060.0,234.24,1,216,0.0,0.0,0.0,234.24,0.0,0.0,267,1,234.24,Hibernating,0,234.24,16549047.128000015,99.36715509412605,4862
13009.0,234.0,1,120,0.0,0.0,0.0,234.0,0.0,0.0,673,1,234.0,Hibernating,0,234.0,16549281.128000015,99.3685601245252,4863
12736.0,234.0,1,173,0.0,0.0,0.0,234.0,0.0,0.0,333,1,234.0,Hibernating,0,234.0,16549515.128000015,99.36996515492437,4864
16579.0,295.05,1,119,-61.2,1.0,24.0,233.85000000000002,1.0,0.2074224707676665,426,1,295.05,Hibernating,0,295.05,16549748.978000015,99.37136928466302,4865
13348.0,233.76000000000002,1,136,0.0,0.0,0.0,233.76000000000002,0.0,0.0,65,1,233.76,Needs Attention,0,233.76,16549982.738000015,99.37277287400536,4866
14153.0,233.39999999999998,1,312,0.0,0.0,0.0,233.39999999999998,0.0,0.0,484,1,233.4,Hibernating,0,233.4,16550216.138000015,99.37417430176248,4867
13129.0,233.25,2,296,0.0,0.0,0.0,233.25,0.0,0.0,453,2,233.25,Hibernating,77,116.625,16550449.388000015,99.37557482885909,4868
17055.0,232.85000000000002,1,83,0.0,0.0,0.0,232.85000000000002,0.0,0.0,446,1,232.85,Hibernating,0,232.85,16550682.238000015,99.37697295419431,4869
13678.0,232.6,1,924,0.0,0.0,0.0,232.6,0.0,0.0,152,1,232.6,Needs Attention,0,232.6,16550914.838000014,99.37836957842869,4870
18213.0,232.48000000000002,1,232,0.0,0.0,0.0,232.48000000000002,0.0,0.0,237,1,232.48,Hibernating,0,232.48,16551147.318000015,99.37976548213467,4871
16971.0,357.21,1,72,-125.0,1.0,1.0,232.20999999999998,1.0,0.3499342123680748,39,1,357.21,New / Promising,0,357.21,16551379.528000016,99.38115976465173,4872
13608.0,232.05,1,110,0.0,0.0,0.0,232.05,0.0,0.0,541,1,232.05,Hibernating,0,232.05,16551611.578000017,99.38255308646423,4873
14995.0,231.98000000000002,2,102,0.0,0.0,0.0,231.98000000000002,0.0,0.0,39,2,231.98,New / Promising,242,115.99,16551843.558000017,99.3839459879685,4874
16408.0,231.93,1,227,0.0,0.0,0.0,231.93,0.0,0.0,592,1,231.93,Hibernating,0,231.93,16552075.488000017,99.3853385892526,4875
17151.0,231.90000000000003,1,42,0.0,0.0,0.0,231.90000000000003,0.0,0.0,736,1,231.90000000000003,Hibernating,0,231.90000000000003,16552307.388000017,99.38673101040459,4876
16436.0,319.14,3,227,-87.3,1.0,22.0,231.83999999999997,0.3333333333333333,0.27354765933446135,669,3,319.14,At Risk,65,106.38,16552539.228000017,99.38812307129237,4877
17136.0,231.68,1,256,0.0,0.0,0.0,231.68,0.0,0.0,663,1,231.68,Hibernating,0,231.68,16552770.908000017,99.38951417147561,4878
18279.0,231.34,1,630,0.0,0.0,0.0,231.34,0.0,0.0,520,1,231.34,Hibernating,0,231.34,16553002.248000016,99.39090323016168,4879
15487.0,231.32,1,144,0.0,0.0,0.0,231.32,0.0,0.0,680,1,231.32,Hibernating,0,231.32,16553233.568000017,99.3922921687597,4880
12746.0,254.55,1,97,-23.700000000000003,2.0,6.0,230.85000000000002,2.0,0.09310548025928109,541,1,254.55,Hibernating,0,254.55,16553464.418000016,99.3936782852881,4881
15941.0,405.0,1,60,-174.4,1.0,32.0,230.6,1.0,0.4306172839506173,638,1,405.0,Hibernating,0,405.0,16553695.018000016,99.39506290071564,4882
17125.0,230.5,1,281,0.0,0.0,0.0,230.5,0.0,0.0,51,1,230.5,New / Promising,0,230.5,16553925.518000016,99.39644691570287,4883
13960.0,230.22,2,142,0.0,0.0,0.0,230.22,0.0,0.0,22,2,230.22,New / Promising,50,115.11,16554155.738000017,99.39782924945712,4884
14017.0,229.75,1,73,0.0,0.0,0.0,229.75,0.0,0.0,572,1,229.75,Hibernating,0,229.75,16554385.488000017,99.39920876114176,4885
12812.0,229.64000000000001,1,164,0.0,0.0,0.0,229.64000000000001,0.0,0.0,45,1,229.64,New / Promising,0,229.64,16554615.128000017,99.40058761234204,4886
13403.0,229.5,3,114,0.0,0.0,0.0,229.5,0.0,0.0,18,3,229.5,Loyal Customers,706,76.5,16554844.628000017,99.40196562292584,4887
17185.0,229.46,3,119,0.0,0.0,0.0,229.46,0.0,0.0,592,3,229.46,At Risk,7,76.48666666666666,16555074.088000018,99.4033433933335,4888
15528.0,229.33,1,123,0.0,0.0,0.0,229.33,0.0,0.0,255,1,229.33,Hibernating,0,229.33,16555303.418000018,99.40472038316872,4889
15273.0,228.96,1,216,0.0,0.0,0.0,228.96,0.0,0.0,600,1,228.96,Hibernating,0,228.96,16555532.37800002,99.40609515137467,4890
17347.0,228.96,1,216,0.0,0.0,0.0,228.96,0.0,0.0,87,1,228.96,Needs Attention,0,228.96,16555761.33800002,99.40746991958062,4891
13146.0,228.91,1,154,0.0,0.0,0.0,228.91,0.0,0.0,27,1,228.91,New / Promising,0,228.91,16555990.24800002,99.4088443875664,4892
15231.0,250.26000000000002,1,190,-21.900000000000002,1.0,8.0,228.36,1.0,0.08750899064972428,622,1,250.26,Hibernating,0,250.26,16556218.60800002,99.41021555313031,4893
17066.0,228.34,1,93,0.0,0.0,0.0,228.34,0.0,0.0,727,1,228.34,Hibernating,0,228.34,16556446.94800002,99.41158659860614,4894
14458.0,228.07,1,317,0.0,0.0,0.0,228.07,0.0,0.0,381,1,228.07,Hibernating,0,228.07,16556675.01800002,99.41295602289306,4895
16760.0,228.0,1,168,0.0,0.0,0.0,228.0,0.0,0.0,431,1,228.0,Hibernating,0,228.0,16556903.01800002,99.41432502687172,4896
15566.0,227.87,2,153,0.0,0.0,0.0,227.87,0.0,0.0,393,2,227.87,Hibernating,332,113.935,16557130.888000019,99.41569325027795,4897
14363.0,227.47000000000003,2,105,0.0,0.0,0.0,227.47000000000003,0.0,0.0,403,2,227.47000000000003,Hibernating,49,113.735,16557358.35800002,99.41705907192281,4898
17868.0,227.15,1,85,0.0,0.0,0.0,227.15,0.0,0.0,387,1,227.15,Hibernating,0,227.15,16557585.50800002,99.41842297215858,4899
17617.0,385.19,1,249,-158.05,1.0,29.0,227.14,1.0,0.41031698642228515,559,1,385.19,Hibernating,0,385.19,16557812.64800002,99.41978681235032,4900
16740.0,226.91,1,110,0.0,0.0,0.0,226.91,0.0,0.0,396,1,226.91,Hibernating,0,226.91,16558039.55800002,99.42114927152927,4901
15451.0,226.86,2,76,0.0,0.0,0.0,226.86,0.0,0.0,435,2,226.86,Hibernating,165,113.43,16558266.41800002,99.42251143048804,4902
18005.0,226.47,2,86,0.0,0.0,0.0,226.47,0.0,0.0,4,2,226.47,Loyal Customers,44,113.235,16558492.88800002,99.4238712477295,4903
14718.0,226.42,1,202,0.0,0.0,0.0,226.42,0.0,0.0,411,1,226.42,Hibernating,0,226.42,16558719.30800002,99.42523076475076,4904
17993.0,225.99,1,108,0.0,0.0,0.0,225.99,0.0,0.0,618,1,225.99,Hibernating,0,225.99,16558945.29800002,99.42658769987858,4905
14069.0,225.81,2,58,0.0,0.0,0.0,225.81,0.0,0.0,515,2,225.81,Hibernating,47,112.905,16559171.108000021,99.42794355421378,4906
17915.0,225.78,1,184,0.0,0.0,0.0,225.78,0.0,0.0,552,1,225.78,Hibernating,0,225.78,16559396.88800002,99.42929922841687,4907
16587.0,225.15,1,71,0.0,0.0,0.0,225.15,0.0,0.0,233,1,225.15,Hibernating,0,225.15,16559622.038000021,99.4306511198458,4908
14357.0,225.12,1,147,0.0,0.0,0.0,225.12,0.0,0.0,44,1,225.12,New / Promising,0,225.12,16559847.15800002,99.43200283114264,4909
13619.0,224.94,2,79,0.0,0.0,0.0,224.94,0.0,0.0,545,2,224.94,Hibernating,130,112.47,16560072.09800002,99.43335346164686,4910
16346.0,224.51,1,289,0.0,0.0,0.0,224.51,0.0,0.0,386,1,224.51,Hibernating,0,224.51,16560296.60800002,99.43470151025761,4911
15175.0,224.14,1,454,0.0,0.0,0.0,224.14,0.0,0.0,72,1,224.14,Needs Attention,0,224.14,16560520.74800002,99.4360473372391,4912
12914.0,223.98,1,336,0.0,0.0,0.0,223.98,0.0,0.0,401,1,223.98,Hibernating,0,223.98,16560744.72800002,99.43739220351604,4913
16753.0,223.92000000000002,1,189,0.0,0.0,0.0,223.92000000000002,0.0,0.0,59,1,223.92,New / Promising,0,223.92,16560968.64800002,99.43873670952878,4914
16562.0,223.86,1,264,0.0,0.0,0.0,223.86,0.0,0.0,477,1,223.86,Hibernating,0,223.86,16561192.50800002,99.44008085527732,4915
13926.0,223.85000000000002,1,104,0.0,0.0,0.0,223.85000000000002,0.0,0.0,24,1,223.85,New / Promising,0,223.85,16561416.35800002,99.4414249409818,4916
18131.0,222.95999999999998,1,552,0.0,0.0,0.0,222.95999999999998,0.0,0.0,632,1,222.96,Hibernating,0,222.96,16561639.31800002,99.44276368276726,4917
12887.0,222.4,1,100,0.0,0.0,0.0,222.4,0.0,0.0,384,1,222.4,Hibernating,0,222.4,16561861.71800002,99.44409906208682,4918
15294.0,233.35,1,97,-11.049999999999999,1.0,2.0,222.29999999999998,1.0,0.04735376044568245,411,1,233.35,Hibernating,0,233.35,16562084.018000022,99.44543384096602,4919
14596.0,222.22,1,75,0.0,0.0,0.0,222.22,0.0,0.0,627,1,222.22,Hibernating,0,222.22,16562306.238000022,99.44676813949297,4920
14598.0,384.03999999999996,2,354,-162.07,1.0,165.0,221.96999999999997,0.5,0.4220133319445891,45,2,384.04,New / Promising,525,192.02,16562528.208000023,99.44810093691905,4921
14314.0,229.79999999999998,2,332,-7.9,1.0,2.0,221.89999999999998,0.5,0.03437771975630984,107,2,229.8,Needs Attention,324,114.9,16562750.108000023,99.44943331403688,4922
14445.0,221.65,1,83,0.0,0.0,0.0,221.65,0.0,0.0,456,1,221.65,Hibernating,0,221.65,16562971.758000024,99.45076419005387,4923
17261.0,221.59,1,95,0.0,0.0,0.0,221.59,0.0,0.0,510,1,221.59,Hibernating,0,221.59,16563193.348000024,99.45209470580666,4924
17087.0,221.53,1,113,0.0,0.0,0.0,221.53,0.0,0.0,738,1,221.53,Hibernating,0,221.53,16563414.878000023,99.45342486129522,4925
18197.0,230.1,1,166,-8.7,1.0,4.0,221.4,1.0,0.0378096479791395,576,1,230.1,Hibernating,0,230.1,16563636.278000023,99.45475423621136,4926
14960.0,221.27,2,221,0.0,0.0,0.0,221.27,0.0,0.0,9,2,221.27,New / Promising,163,110.635,16563857.548000023,99.45608283055505,4927
13419.0,221.06,1,275,0.0,0.0,0.0,221.06,0.0,0.0,64,1,221.06,Needs Attention,0,221.06,16564078.608000023,99.45741016397402,4928
12821.0,220.8,2,162,0.0,0.0,0.0,220.8,0.0,0.0,215,2,220.8,Hibernating,397,110.4,16564299.408000024,99.4587359362481,4929
18030.0,230.64999999999998,2,67,-9.95,1.0,1.0,220.7,0.5,0.04313895512681552,5,2,230.65,Loyal Customers,38,115.325,16564520.108000023,99.46006110808185,4930
16482.0,220.62,1,346,0.0,0.0,0.0,220.62,0.0,0.0,16,1,220.62,New / Promising,0,220.62,16564740.728000022,99.4613857995633,4931
13033.0,220.55,2,98,0.0,0.0,0.0,220.55,0.0,0.0,358,2,220.55,Hibernating,72,110.275,16564961.278000023,99.46271007073653,4932
18132.0,220.13,1,212,0.0,0.0,0.0,220.13,0.0,0.0,505,1,220.13,Hibernating,0,220.13,16565181.408000024,99.46403182006034,4933
18114.0,220.1,1,55,0.0,0.0,0.0,220.1,0.0,0.0,291,1,220.1,Hibernating,0,220.1,16565401.508000024,99.46535338925202,4934
13454.0,219.87,1,198,0.0,0.0,0.0,219.87,0.0,0.0,642,1,219.87,Hibernating,0,219.87,16565621.378000023,99.46667357743092,4935
13992.0,219.5,3,154,0.0,0.0,0.0,219.5,0.0,0.0,31,3,219.5,Loyal Customers,433,73.16666666666667,16565840.878000023,99.46799154398057,4936
14074.0,219.4,1,228,0.0,0.0,0.0,219.4,0.0,0.0,624,1,219.4,Hibernating,0,219.4,16566060.278000023,99.46930891008986,4937
15096.0,219.39000000000001,1,120,0.0,0.0,0.0,219.39000000000001,0.0,0.0,43,1,219.39,New / Promising,0,219.39,16566279.668000024,99.47062621615514,4938
12799.0,219.35,1,137,0.0,0.0,0.0,219.35,0.0,0.0,530,1,219.35,Hibernating,0,219.35,16566499.018000023,99.47194328204428,4939
15423.0,266.89,3,198,-47.75,1.0,5.0,219.14,0.3333333333333333,0.17891266064670838,39,3,266.89,Loyal Customers,583,88.96333333333332,16566718.158000024,99.47325908700869,4940
12702.0,219.0,1,53,0.0,0.0,0.0,219.0,0.0,0.0,20,1,219.0,New / Promising,0,219.0,16566937.158000024,99.47457405135663,4941
15790.0,218.75,1,113,0.0,0.0,0.0,218.75,0.0,0.0,11,1,218.75,New / Promising,0,218.75,16567155.908000024,99.4758875146037,4942
15086.0,218.53,2,95,0.0,0.0,0.0,218.53,0.0,0.0,565,2,218.53,Hibernating,61,109.265,16567374.438000023,99.47719965688204,4943
12574.0,218.45000000000002,1,61,0.0,0.0,0.0,218.45000000000002,0.0,0.0,316,1,218.45,Hibernating,0,218.45,16567592.888000023,99.47851131880809,4944
15591.0,217.9,3,58,0.0,0.0,0.0,217.9,0.0,0.0,583,3,217.9,At Risk,91,72.63333333333334,16567810.788000023,99.47981967831227,4945
16035.0,217.73,1,33,0.0,0.0,0.0,217.73,0.0,0.0,561,1,217.73,Hibernating,0,217.73,16568028.518000023,99.48112701706786,4946
16666.0,217.71,2,354,0.0,0.0,0.0,217.71,0.0,0.0,20,2,217.71,New / Promising,602,108.855,16568246.228000024,99.4824342357354,4947
15554.0,217.2,1,74,0.0,0.0,0.0,217.2,0.0,0.0,278,1,217.2,Hibernating,0,217.2,16568463.428000024,99.48373839215718,4948
13423.0,217.03,1,141,0.0,0.0,0.0,217.03,0.0,0.0,429,1,217.03,Hibernating,0,217.03,16568680.458000023,99.48504152783039,4949
15401.0,216.95,2,93,0.0,0.0,0.0,216.95,0.0,0.0,453,2,216.95,Hibernating,116,108.475,16568897.408000022,99.4863441831513,4950
18021.0,216.41,2,168,0.0,0.0,0.0,216.41,0.0,0.0,510,2,216.41,At Risk,3,108.205,16569113.818000022,99.4876435960944,4951
17902.0,216.4,1,526,0.0,0.0,0.0,216.4,0.0,0.0,547,1,216.4,Hibernating,0,216.4,16569330.218000023,99.48894294899345,4952
15604.0,216.39000000000001,1,159,0.0,0.0,0.0,216.39000000000001,0.0,0.0,53,1,216.39,New / Promising,0,216.39,16569546.608000023,99.49024224184848,4953
13858.0,216.17000000000002,1,75,0.0,0.0,0.0,216.17000000000002,0.0,0.0,58,1,216.17,New / Promising,0,216.17,16569762.778000023,99.49154021373475,4954
13674.0,240.68,1,102,-24.799999999999997,1.0,4.0,215.88,1.0,0.10304138274887817,433,1,240.68,Hibernating,0,240.68,16569978.658000024,99.49283644434404,4955
16179.0,215.83,1,99,0.0,0.0,0.0,215.83,0.0,0.0,61,1,215.83,Needs Attention,0,215.83,16570194.488000024,99.49413237473314,4956
15788.0,221.83,1,115,-6.300000000000001,1.0,3.0,215.53,1.0,0.028400126222783213,509,1,221.83,Hibernating,0,221.83,16570410.018000023,99.49542650380123,4957
16189.0,215.48,2,134,0.0,0.0,0.0,215.48,0.0,0.0,16,2,215.48,New / Promising,70,107.74,16570625.498000024,99.49672033264915,4958
14376.0,215.46,1,50,0.0,0.0,0.0,215.46,0.0,0.0,684,1,215.46,Hibernating,0,215.46,16570840.958000025,99.498014041409,4959
18007.0,215.22,1,246,0.0,0.0,0.0,215.22,0.0,0.0,393,1,215.22,Hibernating,0,215.22,16571056.178000025,99.49930630911203,4960
14635.0,215.22,1,118,0.0,0.0,0.0,215.22,0.0,0.0,454,1,215.22,Hibernating,0,215.22,16571271.398000026,99.50059857681505,4961
16338.0,214.8,1,94,0.0,0.0,0.0,214.8,0.0,0.0,158,1,214.8,Needs Attention,0,214.8,16571486.198000027,99.50188832266863,4962
14106.0,214.8,1,24,0.0,0.0,0.0,214.8,0.0,0.0,738,1,214.8,Hibernating,0,214.8,16571700.998000028,99.50317806852225,4963
14361.0,214.71,1,251,0.0,0.0,0.0,214.71,0.0,0.0,579,1,214.71,Hibernating,0,214.71,16571915.708000029,99.50446727397953,4964
17619.0,214.37,1,124,0.0,0.0,0.0,214.37,0.0,0.0,313,1,214.37,Hibernating,0,214.37,16572130.078000028,99.50575443793966,4965
15460.0,214.26,1,107,0.0,0.0,0.0,214.26,0.0,0.0,355,1,214.26,Hibernating,0,214.26,16572344.338000027,99.5070409414154,4966
14271.0,214.18,2,148,0.0,0.0,0.0,214.18,0.0,0.0,226,2,214.18,Hibernating,184,107.09,16572558.518000027,99.50832696453887,4967
14601.0,213.96,1,168,0.0,0.0,0.0,213.96,0.0,0.0,11,1,213.96,New / Promising,0,213.96,16572772.478000028,99.50961166669359,4968
18157.0,213.9,1,145,0.0,0.0,0.0,213.9,0.0,0.0,572,1,213.9,Hibernating,0,213.9,16572986.378000028,99.51089600858411,4969
13621.0,213.85,1,343,0.0,0.0,0.0,213.85,0.0,0.0,117,1,213.85,Needs Attention,0,213.85,16573200.228000028,99.51218005025446,4970
17153.0,213.78,1,104,0.0,0.0,0.0,213.78,0.0,0.0,25,1,213.78,New / Promising,0,213.78,16573414.008000027,99.51346367161656,4971
13411.0,213.55,1,72,0.0,0.0,0.0,213.55,0.0,0.0,108,1,213.55,Needs Attention,0,213.55,16573627.558000028,99.51474591196589,4972
16591.0,213.5,1,41,0.0,0.0,0.0,213.5,0.0,0.0,69,1,213.5,Needs Attention,0,213.5,16573841.058000028,99.51602785209504,4973
16897.0,289.78,2,73,-76.75,1.0,15.0,213.02999999999997,0.5,0.2648560977293119,300,2,289.78,At Risk,14,144.89,16574054.088000027,99.51730697015458,4974
13724.0,213.01,1,130,0.0,0.0,0.0,213.01,0.0,0.0,638,1,213.01,Hibernating,0,213.01,16574267.098000027,99.51858596812605,4975
16302.0,233.22,1,158,-20.4,1.0,24.0,212.82,1.0,0.08747105737072292,127,1,233.22,Needs Attention,0,233.22,16574479.918000028,99.51986382526088,4976
13691.0,212.78,1,145,0.0,0.0,0.0,212.78,0.0,0.0,397,1,212.78,Hibernating,0,212.78,16574692.698000027,99.52114144221957,4977
12961.0,211.99,1,180,0.0,0.0,0.0,211.99,0.0,0.0,380,1,211.99,Hibernating,0,211.99,16574904.688000027,99.52241431569956,4978
12470.0,211.95,1,95,0.0,0.0,0.0,211.95,0.0,0.0,690,1,211.95,Hibernating,0,211.95,16575116.638000026,99.52368694900342,4979
15866.0,211.89,1,124,0.0,0.0,0.0,211.89,0.0,0.0,102,1,211.89,Needs Attention,0,211.89,16575328.528000027,99.52495922204308,4980
14843.0,211.8,1,132,0.0,0.0,0.0,211.8,0.0,0.0,437,1,211.8,Hibernating,0,211.8,16575540.328000028,99.52623095468643,4981
15703.0,211.5,1,66,0.0,0.0,0.0,211.5,0.0,0.0,265,1,211.5,Hibernating,0,211.5,16575751.828000028,99.52750088600875,4982
14992.0,210.5,1,145,0.0,0.0,0.0,210.5,0.0,0.0,443,1,210.5,Hibernating,0,210.5,16575962.328000028,99.52876481292765,4983
13532.0,210.31,1,129,0.0,0.0,0.0,210.31,0.0,0.0,34,1,210.31,New / Promising,0,210.31,16576172.638000028,99.53002759900991,4984
17217.0,210.1,2,93,0.0,0.0,0.0,210.1,0.0,0.0,235,2,210.1,At Risk,385,105.05,16576382.738000028,99.53128912416746,4985
16874.0,209.89000000000001,1,78,0.0,0.0,0.0,209.89000000000001,0.0,0.0,380,1,209.89,Hibernating,0,209.89,16576592.628000028,99.53254938840027,4986
17484.0,209.57,2,339,0.0,0.0,0.0,209.57,0.0,0.0,577,2,209.57,At Risk,48,104.785,16576802.198000029,99.53380773122402,4987
13828.0,209.49,1,311,0.0,0.0,0.0,209.49,0.0,0.0,23,1,209.49,New / Promising,0,209.49,16577011.688000029,99.53506559369546,4988
13056.0,209.48,1,158,0.0,0.0,0.0,209.48,0.0,0.0,552,1,209.48,Hibernating,0,209.48,16577221.16800003,99.5363233961229,4989
14003.0,209.41,1,149,0.0,0.0,0.0,209.41,0.0,0.0,733,1,209.41,Hibernating,0,209.41,16577430.57800003,99.53758077824207,4990
16487.0,209.4,2,163,0.0,0.0,0.0,209.4,0.0,0.0,578,2,209.4,Hibernating,82,104.7,16577639.97800003,99.53883810031724,4991
15112.0,209.4,1,72,0.0,0.0,0.0,209.4,0.0,0.0,612,1,209.4,Hibernating,0,209.4,16577849.37800003,99.54009542239237,4992
17026.0,208.98000000000002,3,132,0.0,0.0,0.0,208.98000000000002,0.0,0.0,186,3,208.98,Potential Loyalists,232,69.66000000000001,16578058.35800003,99.54135022261809,4993
13651.0,226.85,3,62,-17.9,1.0,2.0,208.95,0.3333333333333333,0.07890676658584968,36,3,226.85,Loyal Customers,346,75.61666666666666,16578267.30800003,99.5426048427117,4994
17743.0,229.2,1,96,-20.349999999999998,1.0,13.0,208.85,1.0,0.0887870855148342,449,1,229.2,Hibernating,0,229.2,16578476.15800003,99.54385886236497,4995
15327.0,208.75,1,116,0.0,0.0,0.0,208.75,0.0,0.0,53,1,208.75,New / Promising,0,208.75,16578684.90800003,99.5451122815779,4996
15741.0,208.62,2,70,0.0,0.0,0.0,208.62,0.0,0.0,459,2,208.62,Hibernating,160,104.31,16578893.528000029,99.54636492021838,4997
15897.0,208.59,2,223,0.0,0.0,0.0,208.59,0.0,0.0,195,2,208.59,Hibernating,0,104.295,16579102.118000029,99.54761737872676,4998
16457.0,208.36,1,140,0.0,0.0,0.0,208.36,0.0,0.0,219,1,208.36,Hibernating,0,208.36,16579310.478000028,99.54886845622235,4999
12848.0,208.0,1,58,0.0,0.0,0.0,208.0,0.0,0.0,676,1,208.0,Hibernating,0,208.0,16579518.478000028,99.55011737213272,5000
16964.0,207.85,2,49,0.0,0.0,0.0,207.85,0.0,0.0,734,2,207.85,At Risk,0,103.925,16579726.328000028,99.55136538738257,5001
16866.0,207.74,3,60,0.0,0.0,0.0,207.74,0.0,0.0,141,3,207.74,Potential Loyalists,21,69.24666666666667,16579934.068000028,99.55261274214806,5002
15052.0,207.73000000000002,1,79,0.0,0.0,0.0,207.73000000000002,0.0,0.0,320,1,207.73,Hibernating,0,207.73,16580141.798000028,99.55386003686951,5003
13099.0,207.36,1,288,0.0,0.0,0.0,207.36,0.0,0.0,100,1,207.36,Needs Attention,0,207.36,16580349.158000028,99.55510510996167,5004
17989.0,207.33,1,300,0.0,0.0,0.0,207.33,0.0,0.0,380,1,207.33,Hibernating,0,207.33,16580556.488000028,99.55635000292176,5005
15925.0,207.15,1,93,0.0,0.0,0.0,207.15,0.0,0.0,195,1,207.15,Hibernating,0,207.15,16580763.638000028,99.55759381508922,5006
15295.0,207.04,1,139,0.0,0.0,0.0,207.04,0.0,0.0,655,1,207.04,Hibernating,0,207.04,16580970.678000027,99.5588369667723,5007
15820.0,206.98,1,128,0.0,0.0,0.0,206.98,0.0,0.0,320,1,206.98,Hibernating,0,206.98,16581177.658000028,99.5600797581912,5008
14964.0,206.21,1,143,0.0,0.0,0.0,206.21,0.0,0.0,248,1,206.21,Hibernating,0,206.21,16581383.868000029,99.56131792621944,5009
15914.0,205.99,2,149,0.0,0.0,0.0,205.99,0.0,0.0,379,2,205.99,Hibernating,0,102.995,16581589.858000029,99.56255477327896,5010
14278.0,205.83,1,131,0.0,0.0,0.0,205.83,0.0,0.0,410,1,205.83,Hibernating,0,205.83,16581795.688000029,99.56379065963391,5011
16540.0,205.75,1,105,0.0,0.0,0.0,205.75,0.0,0.0,415,1,205.75,Hibernating,0,205.75,16582001.438000029,99.5650260656366,5012
17670.0,205.7,1,110,0.0,0.0,0.0,205.7,0.0,0.0,228,1,205.7,Hibernating,0,205.7,16582207.138000028,99.5662611714191,5013
16622.0,225.4,1,44,-19.8,1.0,4.0,205.6,1.0,0.0878438331854481,544,1,225.4,Hibernating,0,225.4,16582412.738000028,99.56749567676127,5014
14602.0,205.35999999999999,1,80,0.0,0.0,0.0,205.35999999999999,0.0,0.0,657,1,205.36,Hibernating,0,205.36,16582618.098000027,99.56872874104661,5015
15307.0,205.3,1,37,0.0,0.0,0.0,205.3,0.0,0.0,96,1,205.3,Needs Attention,0,205.3,16582823.398000028,99.56996144506776,5016
15758.0,205.25,1,47,0.0,0.0,0.0,205.25,0.0,0.0,25,1,205.25,New / Promising,0,205.25,16583028.648000028,99.57119384886875,5017
12400.0,205.25,1,91,0.0,0.0,0.0,205.25,0.0,0.0,415,1,205.25,Hibernating,0,205.25,16583233.898000028,99.57242625266971,5018
15319.0,204.5,1,175,0.0,0.0,0.0,204.5,0.0,0.0,284,1,204.5,Hibernating,0,204.5,16583438.398000028,99.57365415316814,5019
14928.0,223.91000000000003,1,268,-19.45,1.0,5.0,204.46000000000004,1.0,0.08686525836273501,628,1,223.91000000000005,Hibernating,0,223.91000000000005,16583642.858000029,99.57488181349042,5020
17271.0,204.3,1,113,0.0,0.0,0.0,204.3,0.0,0.0,737,1,204.3,Hibernating,0,204.3,16583847.15800003,99.57610851310815,5021
16901.0,204.26,1,42,0.0,0.0,0.0,204.26,0.0,0.0,730,1,204.26,Hibernating,0,204.26,16584051.41800003,99.57733497254975,5022
14468.0,204.24,1,164,0.0,0.0,0.0,204.24,0.0,0.0,734,1,204.24,Hibernating,0,204.24,16584255.65800003,99.57856131190329,5023
17206.0,204.24,1,76,0.0,0.0,0.0,204.24,0.0,0.0,54,1,204.24,New / Promising,0,204.24,16584459.89800003,99.57978765125681,5024
13017.0,204.0,1,48,0.0,0.0,0.0,204.0,0.0,0.0,8,1,204.0,New / Promising,0,204.0,16584663.89800003,99.5810125495535,5025
12663.0,239.4,2,181,-35.400000000000006,1.0,12.0,204.0,0.5,0.14786967418546368,625,2,239.4,Hibernating,44,119.7,16584867.89800003,99.58223744785022,5026
17394.0,203.86999999999998,1,241,0.0,0.0,0.0,203.86999999999998,0.0,0.0,220,1,203.87,Hibernating,0,203.87,16585071.768000029,99.58346156557447,5027
17891.0,203.85999999999999,1,393,0.0,0.0,0.0,203.85999999999999,0.0,0.0,163,1,203.86,Needs Attention,0,203.86,16585275.628000028,99.5846856232547,5028
14519.0,203.14,2,81,0.0,0.0,0.0,203.14,0.0,0.0,684,2,203.14,Hibernating,45,101.57,16585478.768000029,99.58590535776447,5029
17074.0,203.05,1,19,0.0,0.0,0.0,203.05,0.0,0.0,563,1,203.05,Hibernating,0,203.05,16585681.81800003,99.58712455187793,5030
15459.0,202.83,2,121,0.0,0.0,0.0,202.83,0.0,0.0,418,2,202.83,Hibernating,80,101.415,16585884.64800003,99.58834242502265,5031
18169.0,202.65,1,61,0.0,0.0,0.0,202.65,0.0,0.0,61,1,202.65,Needs Attention,0,202.65,16586087.29800003,99.58955921737474,5032
12416.0,202.56,1,132,0.0,0.0,0.0,202.56,0.0,0.0,657,1,202.56,Hibernating,0,202.56,16586289.85800003,99.59077546933054,5033
14892.0,202.35000000000002,1,79,0.0,0.0,0.0,202.35000000000002,0.0,0.0,691,1,202.35,Hibernating,0,202.35,16586492.20800003,99.5919904603616,5034
14385.0,202.10999999999999,3,159,0.0,0.0,0.0,202.10999999999999,0.0,0.0,10,3,202.11,Loyal Customers,14,67.36999999999999,16586694.31800003,99.59320401033585,5035
16965.0,201.19,1,291,0.0,0.0,0.0,201.19,0.0,0.0,227,1,201.19,Hibernating,0,201.19,16586895.50800003,99.59441203625896,5036
18281.0,201.14,2,146,0.0,0.0,0.0,201.14,0.0,0.0,181,2,201.14,Potential Loyalists,397,100.57,16587096.64800003,99.59561976196191,5037
18126.0,200.92,1,135,0.0,0.0,0.0,200.92,0.0,0.0,61,1,200.92,Needs Attention,0,200.92,16587297.56800003,99.59682616669609,5038
13556.0,200.82,2,134,0.0,0.0,0.0,200.82,0.0,0.0,430,2,200.82,Hibernating,6,100.41,16587498.38800003,99.59803197098994,5039
12995.0,211.32,1,108,-10.6,1.0,10.0,200.72,1.0,0.050160893431762256,86,1,211.32,Needs Attention,0,211.32,16587699.10800003,99.59923717484345,5040
14330.0,200.63,1,103,0.0,0.0,0.0,200.63,0.0,0.0,624,1,200.63,Hibernating,0,200.63,16587899.738000032,99.60044183830064,5041
13133.0,200.45,3,55,0.0,0.0,0.0,200.45,0.0,0.0,274,3,200.45,At Risk,186,66.81666666666666,16588100.18800003,99.60164542096523,5042
13944.0,200.43,1,153,0.0,0.0,0.0,200.43,0.0,0.0,654,1,200.43,Hibernating,0,200.43,16588300.61800003,99.60284888354174,5043
16669.0,1348.88,3,881,-1148.73,2.0,6.0,200.1500000000001,0.6666666666666666,0.8516176383369907,24,3,1348.88,Loyal Customers,55,449.6266666666667,16588500.76800003,99.6040506648853,5044
14782.0,200.10000000000002,1,114,0.0,0.0,0.0,200.10000000000002,0.0,0.0,320,1,200.1,Hibernating,0,200.1,16588700.86800003,99.60525214600868,5045
15593.0,199.8,1,60,0.0,0.0,0.0,199.8,0.0,0.0,71,1,199.8,Needs Attention,0,199.8,16588900.668000031,99.60645182581105,5046
13322.0,199.48000000000002,1,117,0.0,0.0,0.0,199.48000000000002,0.0,0.0,18,1,199.48,New / Promising,0,199.48,16589100.148000032,99.60764958420432,5047
15001.0,199.10999999999999,2,70,0.0,0.0,0.0,199.10999999999999,0.0,0.0,395,2,199.11,Hibernating,0,99.555,16589299.258000031,99.60884512096833,5048
15020.0,198.47,1,111,0.0,0.0,0.0,198.47,0.0,0.0,380,1,198.47,Hibernating,0,198.47,16589497.728000032,99.61003681491415,5049
17184.0,198.41000000000003,2,73,0.0,0.0,0.0,198.41000000000003,0.0,0.0,570,2,198.41000000000005,At Risk,161,99.205,16589696.138000032,99.61122814859577,5050
12581.0,197.71,1,161,0.0,0.0,0.0,197.71,0.0,0.0,40,1,197.71,New / Promising,0,197.71,16589893.848000033,99.612415279195,5051
17778.0,197.70000000000002,1,214,0.0,0.0,0.0,197.70000000000002,0.0,0.0,662,1,197.7,Hibernating,0,197.7,16590091.548000032,99.61360234975018,5052
14185.0,197.65,1,6,0.0,0.0,0.0,197.65,0.0,0.0,332,1,197.65,Hibernating,0,197.65,16590289.198000032,99.6147891200852,5053
14789.0,197.64,1,116,0.0,0.0,0.0,197.64,0.0,0.0,29,1,197.64,New / Promising,0,197.64,16590486.838000033,99.61597583037619,5054
17112.0,197.57,1,130,0.0,0.0,0.0,197.57,0.0,0.0,503,1,197.57,Hibernating,0,197.57,16590684.408000033,99.61716212035894,5055
12927.0,197.31,1,145,0.0,0.0,0.0,197.31,0.0,0.0,395,1,197.31,Hibernating,0,197.31,16590881.718000034,99.6183468491968,5056
15234.0,197.0,1,196,0.0,0.0,0.0,197.0,0.0,0.0,277,1,197.0,Hibernating,0,197.0,16591078.718000034,99.6195297166696,5057
13436.0,196.89,1,76,0.0,0.0,0.0,196.89,0.0,0.0,2,1,196.89,New / Promising,0,196.89,16591275.608000034,99.62071192365804,5058
13978.0,196.79,2,315,0.0,0.0,0.0,196.79,0.0,0.0,15,2,196.79,New / Promising,31,98.395,16591472.398000034,99.62189353020611,5059
16937.0,196.25,1,123,0.0,0.0,0.0,196.25,0.0,0.0,500,1,196.25,Hibernating,0,196.25,16591668.648000034,99.62307189437635,5060
13284.0,201.19,1,91,-5.04,1.0,12.0,196.15,1.0,0.02505094686614643,331,1,201.19,Hibernating,0,201.19,16591864.798000034,99.62424965810625,5061
16112.0,195.74,4,574,0.0,0.0,0.0,195.74,0.0,0.0,144,4,195.74,Potential Loyalists,195,48.935,16592060.538000034,99.62542496003074,5062
13757.0,195.55,1,54,0.0,0.0,0.0,195.55,0.0,0.0,675,1,195.55,Hibernating,0,195.55,16592256.088000035,99.6265991211186,5063
15212.0,208.28,2,84,-12.85,1.0,3.0,195.43,0.5,0.06169579412329556,242,2,208.28,Hibernating,135,104.14,16592451.518000035,99.62777256167803,5064
14666.0,195.25,1,161,0.0,0.0,0.0,195.25,0.0,0.0,25,1,195.25,New / Promising,0,195.25,16592646.768000035,99.62894492144486,5065
15612.0,195.15,2,52,0.0,0.0,0.0,195.15,0.0,0.0,37,2,195.15,New / Promising,25,97.575,16592841.918000035,99.63011668077134,5066
14405.0,195.0,1,100,0.0,0.0,0.0,195.0,0.0,0.0,387,1,195.0,Hibernating,0,195.0,16593036.918000035,99.63128753943731,5067
17468.0,194.8,3,184,0.0,0.0,0.0,194.8,0.0,0.0,11,3,194.8,Loyal Customers,365,64.93333333333334,16593231.718000036,99.6324571972226,5068
17475.0,194.37,1,178,0.0,0.0,0.0,194.37,0.0,0.0,80,1,194.37,Needs Attention,0,194.37,16593426.088000035,99.6336242731144,5069
14476.0,193.0,1,110,0.0,0.0,0.0,193.0,0.0,0.0,258,1,193.0,Hibernating,0,193.0,16593619.088000035,99.63478312297354,5070
12522.0,192.72,2,194,0.0,0.0,0.0,192.72,0.0,0.0,40,2,192.72,New / Promising,12,96.36,16593811.808000036,99.63594029159974,5071
18028.0,192.05,1,133,0.0,0.0,0.0,192.05,0.0,0.0,584,1,192.05,Hibernating,0,192.05,16594003.858000036,99.63709343727564,5072
14100.0,191.95,1,63,0.0,0.0,0.0,191.95,0.0,0.0,138,1,191.95,Needs Attention,0,191.95,16594195.808000036,99.6382459825112,5073
15909.0,191.94,1,98,0.0,0.0,0.0,191.94,0.0,0.0,174,1,191.94,Needs Attention,0,191.94,16594387.748000035,99.6393984677027,5074
16695.0,191.9,2,184,0.0,0.0,0.0,191.9,0.0,0.0,562,2,191.9,Hibernating,0,95.95,16594579.648000035,99.6405507127181,5075
14279.0,191.86,2,46,0.0,0.0,0.0,191.86,0.0,0.0,521,2,191.86,Hibernating,161,95.93,16594771.508000035,99.64170271755732,5076
15692.0,191.04,1,138,0.0,0.0,0.0,191.04,0.0,0.0,29,1,191.04,New / Promising,0,191.04,16594962.548000034,99.64284979878578,5077
15954.0,190.75,1,119,0.0,0.0,0.0,190.75,0.0,0.0,590,1,190.75,Hibernating,0,190.75,16595153.298000034,99.64399513873722,5078
14728.0,190.58,1,68,0.0,0.0,0.0,190.58,0.0,0.0,414,1,190.58,Hibernating,0,190.58,16595343.878000034,99.6451394579401,5079
15688.0,190.57,1,95,0.0,0.0,0.0,190.57,0.0,0.0,419,1,190.57,Hibernating,0,190.57,16595534.448000034,99.64628371709894,5080
15412.0,190.53,1,108,0.0,0.0,0.0,190.53,0.0,0.0,172,1,190.53,Needs Attention,0,190.53,16595724.978000034,99.64742773608164,5081
14617.0,190.47,2,81,0.0,0.0,0.0,190.47,0.0,0.0,403,2,190.47,Hibernating,13,95.235,16595915.448000034,99.64857139480014,5082
13766.0,190.35,1,137,0.0,0.0,0.0,190.35,0.0,0.0,496,1,190.35,Hibernating,0,190.35,16596105.798000034,99.64971433299023,5083
14501.0,251.21,2,161,-60.9,1.0,42.0,190.31,0.5,0.2424266549898491,184,2,251.21,Needs Attention,136,125.605,16596296.108000034,99.65085703100418,5084
13972.0,190.25,2,187,0.0,0.0,0.0,190.25,0.0,0.0,71,2,190.25,Needs Attention,131,95.125,16596486.358000034,99.65199936875393,5085
17257.0,189.78,2,187,0.0,0.0,0.0,189.78,0.0,0.0,437,2,189.78,At Risk,0,94.89,16596676.138000034,99.65313888443407,5086
18046.0,189.63,1,44,0.0,0.0,0.0,189.63,0.0,0.0,650,1,189.63,Hibernating,0,189.63,16596865.768000035,99.6542774994537,5087
17166.0,206.34,2,78,-16.85,1.0,3.0,189.49,0.5,0.08166133565959097,39,2,206.34,Loyal Customers,165,103.17,16597055.258000035,99.65541527385685,5088
14801.0,189.34,1,173,0.0,0.0,0.0,189.34,0.0,0.0,62,1,189.34,Needs Attention,0,189.34,16597244.598000035,99.65655214759948,5089
14830.0,188.88,1,164,0.0,0.0,0.0,188.88,0.0,0.0,54,1,188.88,New / Promising,0,188.88,16597433.478000036,99.65768625931656,5090
16277.0,188.69,1,33,0.0,0.0,0.0,188.69,0.0,0.0,734,1,188.69,Hibernating,0,188.69,16597622.168000035,99.65881923019698,5091
14697.0,188.61,2,181,0.0,0.0,0.0,188.61,0.0,0.0,219,2,188.61,Hibernating,0,94.305,16597810.778000034,99.65995172072513,5092
17283.0,188.46,1,179,0.0,0.0,0.0,188.46,0.0,0.0,379,1,188.46,Hibernating,0,188.46,16597999.238000035,99.66108331059276,5093
16051.0,188.44,1,80,0.0,0.0,0.0,188.44,0.0,0.0,682,1,188.44,Hibernating,0,188.44,16598187.678000035,99.66221478037232,5094
13063.0,188.4,1,116,0.0,0.0,0.0,188.4,0.0,0.0,481,1,188.4,Hibernating,0,188.4,16598376.078000035,99.66334600997577,5095
17781.0,188.02,2,34,0.0,0.0,0.0,188.02,0.0,0.0,160,2,188.02,Potential Loyalists,94,94.01,16598564.098000035,99.66447495790588,5096
17279.0,187.82999999999998,1,48,0.0,0.0,0.0,187.82999999999998,0.0,0.0,58,1,187.83,New / Promising,0,187.83,16598751.928000035,99.66560276499938,5097
16900.0,887.11,3,833,-699.42,2.0,110.0,187.69000000000005,0.6666666666666666,0.7884253362040784,17,3,887.11,Loyal Customers,47,295.7033333333333,16598939.618000034,99.66672973147637,5098
15072.0,187.52,1,164,0.0,0.0,0.0,187.52,0.0,0.0,480,1,187.52,Hibernating,0,187.52,16599127.138000034,99.66785567720478,5099
18013.0,187.29,2,285,0.0,0.0,0.0,187.29,0.0,0.0,156,2,187.29,Potential Loyalists,0,93.645,16599314.428000033,99.66898024192042,5100
13568.0,187.05,1,66,0.0,0.0,0.0,187.05,0.0,0.0,174,1,187.05,Needs Attention,0,187.05,16599501.478000034,99.67010336557924,5101
17693.0,200.47,1,231,-13.45,2.0,2.0,187.02,2.0,0.06709233301740909,138,1,200.47,Needs Attention,0,200.47,16599688.498000033,99.67122630910595,5102
13387.0,186.94,1,123,0.0,0.0,0.0,186.94,0.0,0.0,418,1,186.94,Hibernating,0,186.94,16599875.438000033,99.6723487722804,5103
16267.0,186.66,1,198,0.0,0.0,0.0,186.66,0.0,0.0,592,1,186.66,Hibernating,0,186.66,16600062.098000033,99.67346955422188,5104
18063.0,186.60000000000002,2,48,0.0,0.0,0.0,186.60000000000002,0.0,0.0,391,2,186.6,At Risk,243,93.3,16600248.698000032,99.67458997589917,5105
17215.0,186.15,1,104,0.0,0.0,0.0,186.15,0.0,0.0,465,1,186.15,Hibernating,0,186.15,16600434.848000033,99.67570769559491,5106
16388.0,186.05,1,83,0.0,0.0,0.0,186.05,0.0,0.0,654,1,186.05,Hibernating,0,186.05,16600620.898000034,99.67682481485032,5107
15567.0,186.01,1,223,0.0,0.0,0.0,186.01,0.0,0.0,19,1,186.01,New / Promising,0,186.01,16600806.908000033,99.67794169392958,5108
12641.0,185.9,1,72,0.0,0.0,0.0,185.9,0.0,0.0,116,1,185.9,Needs Attention,0,185.9,16600992.808000034,99.67905791252447,5109
17574.0,185.65,1,77,0.0,0.0,0.0,185.65,0.0,0.0,243,1,185.65,Hibernating,0,185.65,16601178.458000034,99.68017263001852,5110
17010.0,195.36,1,118,-9.9,1.0,2.0,185.46,1.0,0.05067567567567567,19,1,195.36,New / Promising,0,195.36,16601363.918000035,99.6812862066759,5111
14879.0,185.06,1,104,0.0,0.0,0.0,185.06,0.0,0.0,685,1,185.06,Hibernating,0,185.06,16601548.978000036,99.68239738157193,5112
16097.0,185.04999999999998,1,87,0.0,0.0,0.0,185.04999999999998,0.0,0.0,241,1,185.05,Hibernating,0,185.05,16601734.028000036,99.68350849642393,5113
14677.0,184.91,1,139,0.0,0.0,0.0,184.91,0.0,0.0,593,1,184.91,Hibernating,0,184.91,16601918.938000036,99.68461877065944,5114
17803.0,184.66,1,98,0.0,0.0,0.0,184.66,0.0,0.0,393,1,184.66,Hibernating,0,184.66,16602103.598000037,99.68572754379409,5115
16914.0,183.76,1,112,0.0,0.0,0.0,183.76,0.0,0.0,37,1,183.76,New / Promising,0,183.76,16602287.358000036,99.68683091296568,5116
14059.0,183.6,1,128,0.0,0.0,0.0,183.6,0.0,0.0,267,1,183.6,Hibernating,0,183.6,16602470.958000036,99.68793332143271,5117
13460.0,183.44,2,286,0.0,0.0,0.0,183.44,0.0,0.0,30,2,183.44,New / Promising,20,91.72,16602654.398000035,99.68903476919519,5118
14983.0,183.20000000000002,1,90,0.0,0.0,0.0,183.20000000000002,0.0,0.0,690,1,183.2,Hibernating,0,183.2,16602837.598000035,99.69013477590086,5119
15746.0,196.88,1,178,-13.919999999999998,1.0,48.0,182.96,1.0,0.0707029662738724,135,1,196.88,Needs Attention,0,196.88,16603020.558000036,99.69123334154972,5120
16819.0,182.59,2,253,0.0,0.0,0.0,182.59,0.0,0.0,466,2,182.59,Hibernating,0,91.295,16603203.148000035,99.6923296855693,5121
14941.0,182.1,1,80,0.0,0.0,0.0,182.1,0.0,0.0,579,1,182.1,Hibernating,0,182.1,16603385.248000035,99.69342308743121,5122
12934.0,181.65,1,31,0.0,0.0,0.0,181.65,0.0,0.0,737,1,181.65,Hibernating,0,181.65,16603566.898000035,99.69451378731159,5123
15490.0,210.85,1,82,-29.5,1.0,10.0,181.35,1.0,0.13990988854635997,431,1,210.85,Hibernating,0,210.85,16603748.248000035,99.69560268587094,5124
16594.0,181.09,1,64,0.0,0.0,0.0,181.09,0.0,0.0,76,1,181.09,Needs Attention,0,181.09,16603929.338000035,99.69669002328541,5125
14858.0,180.75,1,105,0.0,0.0,0.0,180.75,0.0,0.0,506,1,180.75,Hibernating,0,180.75,16604110.088000035,99.6977753192027,5126
16090.0,180.56,1,58,0.0,0.0,0.0,180.56,0.0,0.0,625,1,180.56,Hibernating,0,180.56,16604290.648000035,99.69885947428337,5127
12622.0,180.1,1,69,0.0,0.0,0.0,180.1,0.0,0.0,233,1,180.1,Hibernating,0,180.1,16604470.748000035,99.69994086733844,5128
18234.0,179.6,1,80,0.0,0.0,0.0,179.6,0.0,0.0,552,1,179.6,Hibernating,0,179.6,16604650.348000035,99.70101925819182,5129
16640.0,179.4,1,146,0.0,0.0,0.0,179.4,0.0,0.0,398,1,179.4,Hibernating,0,179.4,16604829.748000035,99.70209644816451,5130
14945.0,179.4,1,156,0.0,0.0,0.0,179.4,0.0,0.0,414,1,179.4,Hibernating,0,179.4,16605009.148000035,99.7031736381372,5131
18147.0,179.34,2,203,0.0,0.0,0.0,179.34,0.0,0.0,46,2,179.34,Loyal Customers,63,89.67,16605188.488000035,99.7042504678457,5132
15895.0,179.17,1,94,0.0,0.0,0.0,179.17,0.0,0.0,150,1,179.17,Needs Attention,0,179.17,16605367.658000035,99.7053262768056,5133
16490.0,205.41000000000003,1,113,-26.25,1.0,7.0,179.16000000000003,1.0,0.12779319409960566,437,1,205.41000000000005,Hibernating,0,205.41000000000005,16605546.818000035,99.70640202572146,5134
14705.0,179.0,1,100,0.0,0.0,0.0,179.0,0.0,0.0,199,1,179.0,Hibernating,0,179.0,16605725.818000035,99.7074768139328,5135
15209.0,178.98000000000002,1,94,0.0,0.0,0.0,178.98000000000002,0.0,0.0,731,1,178.98000000000002,Hibernating,0,178.98000000000002,16605904.798000036,99.70855148205605,5136
15139.0,178.96,2,208,0.0,0.0,0.0,178.96,0.0,0.0,240,2,178.96,Hibernating,97,89.48,16606083.758000037,99.70962603009124,5137
14812.0,178.85,1,135,0.0,0.0,0.0,178.85,0.0,0.0,599,1,178.85,Hibernating,0,178.85,16606262.608000036,99.71069991764206,5138
16691.0,178.83,2,92,0.0,0.0,0.0,178.83,0.0,0.0,419,2,178.83,Hibernating,143,89.415,16606441.438000036,99.7117736851048,5139
16299.0,193.65,1,107,-15.0,1.0,4.0,178.65,1.0,0.07745933384972889,478,1,193.65,Hibernating,0,193.65,16606620.088000037,99.71284637177493,5140
17879.0,178.52,1,45,0.0,0.0,0.0,178.52,0.0,0.0,174,1,178.52,Needs Attention,0,178.52,16606798.608000036,99.71391827787261,5141
15292.0,178.39,1,55,0.0,0.0,0.0,178.39,0.0,0.0,202,1,178.39,Hibernating,0,178.39,16606976.998000037,99.71498940339787,5142
18045.0,178.34,1,138,0.0,0.0,0.0,178.34,0.0,0.0,46,1,178.34,New / Promising,0,178.34,16607155.338000037,99.71606022870294,5143
12686.0,178.28,1,214,0.0,0.0,0.0,178.28,0.0,0.0,372,1,178.28,Hibernating,0,178.28,16607333.618000036,99.71713069374381,5144
17253.0,178.26,1,43,0.0,0.0,0.0,178.26,0.0,0.0,19,1,178.26,New / Promising,0,178.26,16607511.878000036,99.71820103869659,5145
17798.0,178.07,1,138,0.0,0.0,0.0,178.07,0.0,0.0,582,1,178.07,Hibernating,0,178.07,16607689.948000036,99.71927024281275,5146
13618.0,177.34,1,246,0.0,0.0,0.0,177.34,0.0,0.0,174,1,177.34,Needs Attention,0,177.34,16607867.288000036,99.7203350637144,5147
12618.0,177.31,1,96,0.0,0.0,0.0,177.31,0.0,0.0,22,1,177.31,New / Promising,0,177.31,16608044.598000037,99.72139970448396,5148
13072.0,177.15,1,69,0.0,0.0,0.0,177.15,0.0,0.0,267,1,177.15,Hibernating,0,177.15,16608221.748000037,99.72246338454897,5149
16285.0,176.9,1,60,0.0,0.0,0.0,176.9,0.0,0.0,647,1,176.9,Hibernating,0,176.9,16608398.648000037,99.72352556351312,5150
17036.0,176.9,1,76,0.0,0.0,0.0,176.9,0.0,0.0,384,1,176.9,Hibernating,0,176.9,16608575.548000038,99.72458774247728,5151
17587.0,176.71,1,67,0.0,0.0,0.0,176.71,0.0,0.0,629,1,176.71,Hibernating,0,176.71,16608752.258000039,99.72564878060479,5152
13746.0,176.69,1,83,0.0,0.0,0.0,176.69,0.0,0.0,414,1,176.69,Hibernating,0,176.69,16608928.948000038,99.72670969864423,5153
17947.0,176.68,1,168,0.0,0.0,0.0,176.68,0.0,0.0,38,1,176.68,New / Promising,0,176.68,16609105.628000038,99.72777055663963,5154
18282.0,178.05,2,103,-1.45,1.0,5.0,176.60000000000002,0.5,0.008143779837124403,8,2,178.05,Loyal Customers,119,89.025,16609282.228000037,99.72883093428275,5155
12893.0,176.55,1,90,0.0,0.0,0.0,176.55,0.0,0.0,31,1,176.55,New / Promising,0,176.55,16609458.778000038,99.72989101170572,5156
12509.0,176.5,1,55,0.0,0.0,0.0,176.5,0.0,0.0,285,1,176.5,Hibernating,0,176.5,16609635.278000038,99.7309507889085,5157
18054.0,176.5,1,96,0.0,0.0,0.0,176.5,0.0,0.0,393,1,176.5,Hibernating,0,176.5,16609811.778000038,99.7320105661113,5158
18175.0,176.10000000000002,1,70,0.0,0.0,0.0,176.10000000000002,0.0,0.0,676,1,176.10000000000002,Hibernating,0,176.10000000000002,16609987.878000038,99.7330679415527,5159
18084.0,795.23,3,755,-619.2,2.0,426.0,176.02999999999997,0.6666666666666666,0.778642656841417,17,3,795.23,Loyal Customers,372,265.07666666666665,16610163.908000037,99.7341248966859,5160
17840.0,175.9,1,128,0.0,0.0,0.0,175.9,0.0,0.0,444,1,175.9,Hibernating,0,175.9,16610339.808000037,99.73518107124663,5161
18166.0,175.5,1,90,0.0,0.0,0.0,175.5,0.0,0.0,624,1,175.5,Hibernating,0,175.5,16610515.308000037,99.736234844046,5162
14486.0,175.5,2,90,0.0,0.0,0.0,175.5,0.0,0.0,512,2,175.5,Hibernating,42,87.75,16610690.808000037,99.73728861684538,5163
13007.0,175.25,1,59,0.0,0.0,0.0,175.25,0.0,0.0,580,1,175.25,Hibernating,0,175.25,16610866.058000037,99.7383408885439,5164
17331.0,175.2,1,16,0.0,0.0,0.0,175.2,0.0,0.0,124,1,175.2,Needs Attention,0,175.2,16611041.258000037,99.73939286002224,5165
16144.0,175.2,1,16,0.0,0.0,0.0,175.2,0.0,0.0,247,1,175.2,Hibernating,0,175.2,16611216.458000036,99.74044483150058,5166
16559.0,175.0,1,61,0.0,0.0,0.0,175.0,0.0,0.0,398,1,175.0,Hibernating,0,175.0,16611391.458000036,99.74149560209825,5167
17108.0,174.95,1,31,0.0,0.0,0.0,174.95,0.0,0.0,664,1,174.95,Hibernating,0,174.95,16611566.408000035,99.74254607247573,5168
18010.0,174.8,1,60,0.0,0.0,0.0,174.8,0.0,0.0,257,1,174.8,Hibernating,0,174.8,16611741.208000036,99.74359564219272,5169
13826.0,189.5,1,82,-14.85,1.0,2.0,174.65,1.0,0.07836411609498681,177,1,189.5,Needs Attention,0,189.5,16611915.858000036,99.7446443112492,5170
14518.0,174.37,1,278,0.0,0.0,0.0,174.37,0.0,0.0,65,1,174.37,Needs Attention,0,174.37,16612090.228000036,99.7456912990727,5171
14674.0,173.66,1,103,0.0,0.0,0.0,173.66,0.0,0.0,510,1,173.66,Hibernating,0,173.66,16612263.888000036,99.74673402376979,5172
15565.0,173.16000000000003,2,60,0.0,0.0,0.0,173.16000000000003,0.0,0.0,51,2,173.16000000000005,New / Promising,20,86.58000000000001,16612437.048000036,99.74777374626518,5173
16741.0,173.06,1,81,0.0,0.0,0.0,173.06,0.0,0.0,626,1,173.06,Hibernating,0,173.06,16612610.108000036,99.74881286832021,5174
16599.0,172.8,1,159,0.0,0.0,0.0,172.8,0.0,0.0,386,1,172.8,Hibernating,0,172.8,16612782.908000037,99.74985042923036,5175
13671.0,172.6,1,95,0.0,0.0,0.0,172.6,0.0,0.0,395,1,172.6,Hibernating,0,172.6,16612955.508000037,99.75088678925984,5176
13271.0,211.49,1,240,-39.12,1.0,72.0,172.37,1.0,0.1849732847888789,38,1,211.49,New / Promising,0,211.49,16613127.878000036,99.75192176827652,5177
13690.0,172.25,1,67,0.0,0.0,0.0,172.25,0.0,0.0,60,1,172.25,Needs Attention,0,172.25,16613300.128000036,99.75295602676478,5178
12442.0,172.06,1,182,0.0,0.0,0.0,172.06,0.0,0.0,4,1,172.06,New / Promising,0,172.06,16613472.188000036,99.75398914441641,5179
15515.0,171.81,1,131,0.0,0.0,0.0,171.81,0.0,0.0,388,1,171.81,Hibernating,0,171.81,16613643.998000037,99.75502076096718,5180
17983.0,171.71,1,108,0.0,0.0,0.0,171.71,0.0,0.0,396,1,171.71,Hibernating,0,171.71,16613815.708000038,99.75605177707763,5181
17575.0,171.7,1,72,0.0,0.0,0.0,171.7,0.0,0.0,668,1,171.7,Hibernating,0,171.7,16613987.408000037,99.757082733144,5182
13560.0,171.42000000000002,1,63,0.0,0.0,0.0,171.42000000000002,0.0,0.0,8,1,171.42000000000002,New / Promising,0,171.42000000000002,16614158.828000037,99.75811200797745,5183
16312.0,171.15,1,53,0.0,0.0,0.0,171.15,0.0,0.0,433,1,171.15,Hibernating,0,171.15,16614329.978000037,99.75913966162196,5184
16673.0,171.13,1,95,0.0,0.0,0.0,171.13,0.0,0.0,680,1,171.13,Hibernating,0,171.13,16614501.108000038,99.76016719517841,5185
14536.0,170.95,1,39,0.0,0.0,0.0,170.95,0.0,0.0,260,1,170.95,Hibernating,0,170.95,16614672.058000037,99.76119364794225,5186
15403.0,170.88,2,492,0.0,0.0,0.0,170.88,0.0,0.0,492,2,170.88,Hibernating,239,85.44,16614842.938000038,99.76221968039785,5187
14811.0,170.5,1,74,0.0,0.0,0.0,170.5,0.0,0.0,388,1,170.5,Hibernating,0,170.5,16615013.438000038,99.76324343118014,5188
13852.0,187.35000000000002,1,85,-16.9,1.0,6.0,170.45000000000002,1.0,0.09020549773151854,611,1,187.35,Hibernating,0,187.35,16615183.888000038,99.76426688174227,5189
17922.0,170.4,1,49,0.0,0.0,0.0,170.4,0.0,0.0,544,1,170.4,Hibernating,0,170.4,16615354.288000038,99.76529003208422,5190
15256.0,170.4,2,92,0.0,0.0,0.0,170.4,0.0,0.0,149,2,170.4,Needs Attention,413,85.2,16615524.688000038,99.76631318242617,5191
16731.0,170.3,1,124,0.0,0.0,0.0,170.3,0.0,0.0,649,1,170.3,Hibernating,0,170.3,16615694.988000039,99.7673357323278,5192
15335.0,170.22,1,79,0.0,0.0,0.0,170.22,0.0,0.0,54,1,170.22,New / Promising,0,170.22,16615865.20800004,99.76835780187714,5193
14218.0,169.48000000000002,1,160,0.0,0.0,0.0,169.48000000000002,0.0,0.0,43,1,169.48000000000002,New / Promising,0,169.48000000000002,16616034.68800004,99.76937542816796,5194
16002.0,169.21,1,70,0.0,0.0,0.0,169.21,0.0,0.0,626,1,169.21,Hibernating,0,169.21,16616203.898000041,99.77039143326985,5195
15647.0,169.0,1,124,0.0,0.0,0.0,169.0,0.0,0.0,416,1,169.0,Hibernating,0,169.0,16616372.898000041,99.77140617744703,5196
12367.0,168.9,1,173,0.0,0.0,0.0,168.9,0.0,0.0,5,1,168.9,New / Promising,0,168.9,16616541.798000041,99.77242032118386,5197
14578.0,168.63,1,240,0.0,0.0,0.0,168.63,0.0,0.0,4,1,168.63,New / Promising,0,168.63,16616710.428000042,99.77343284373178,5198
14860.0,170.32,1,232,-1.7,1.0,2.0,168.62,1.0,0.009981211836542978,20,1,170.32,New / Promising,0,170.32,16616879.048000041,99.77444530623565,5199
17904.0,181.07,1,59,-12.75,1.0,1.0,168.32,1.0,0.07041475672391893,22,1,181.07,New / Promising,0,181.07,16617047.368000042,99.77545596741851,5200
18099.0,168.31,1,149,0.0,0.0,0.0,168.31,0.0,0.0,128,1,168.31,Needs Attention,0,168.31,16617215.678000042,99.77646656855732,5201
17737.0,168.24,2,108,0.0,0.0,0.0,168.24,0.0,0.0,10,2,168.24,Loyal Customers,49,84.12,16617383.918000042,99.7774767493879,5202
14131.0,168.22,1,105,0.0,0.0,0.0,168.22,0.0,0.0,649,1,168.22,Hibernating,0,168.22,16617552.138000043,99.77848681013042,5203
12551.0,168.0,1,100,0.0,0.0,0.0,168.0,0.0,0.0,358,1,168.0,Hibernating,0,168.0,16617720.138000043,99.77949554990417,5204
14521.0,199.45000000000002,1,211,-31.800000000000004,1.0,8.0,167.65,1.0,0.15943845575332163,492,1,199.45,Hibernating,0,199.45,16617887.788000043,99.78050218813674,5205
17559.0,167.62,1,270,0.0,0.0,0.0,167.62,0.0,0.0,513,1,167.62,Hibernating,0,167.62,16618055.408000043,99.7815086462372,5206
17367.0,167.55,1,149,0.0,0.0,0.0,167.55,0.0,0.0,239,1,167.55,Hibernating,0,167.55,16618222.958000043,99.78251468402942,5207
18037.0,167.42,15,37,0.0,0.0,0.0,167.42,0.0,0.0,155,15,167.42,Potential Loyalists,584,11.161333333333332,16618390.378000043,99.7835199412492,5208
17586.0,167.4,1,68,0.0,0.0,0.0,167.4,0.0,0.0,620,1,167.4,Hibernating,0,167.4,16618557.778000044,99.78452507838091,5209
13609.0,167.35,1,19,0.0,0.0,0.0,167.35,0.0,0.0,594,1,167.35,Hibernating,0,167.35,16618725.128000043,99.78552991529244,5210
16405.0,167.25,2,187,0.0,0.0,0.0,167.25,0.0,0.0,303,2,167.25,Hibernating,8,83.625,16618892.378000043,99.78653415176365,5211
15166.0,167.16,1,140,0.0,0.0,0.0,167.16,0.0,0.0,468,1,167.16,Hibernating,0,167.16,16619059.538000043,99.78753784783852,5212
17875.0,167.1,1,98,0.0,0.0,0.0,167.1,0.0,0.0,689,1,167.1,Hibernating,0,167.1,16619226.638000043,99.78854118364922,5213
13547.0,167.08,1,79,0.0,0.0,0.0,167.08,0.0,0.0,409,1,167.08,Hibernating,0,167.08,16619393.718000043,99.78954439937183,5214
14495.0,174.8,3,68,-8.5,1.0,1.0,166.3,0.3333333333333333,0.048627002288329516,51,3,174.8,Loyal Customers,609,58.26666666666667,16619560.018000044,99.79054293165979,5215
13967.0,166.3,2,66,0.0,0.0,0.0,166.3,0.0,0.0,146,2,166.3,Needs Attention,251,83.15,16619726.318000045,99.79154146394774,5216
17650.0,166.07999999999998,1,150,0.0,0.0,0.0,166.07999999999998,0.0,0.0,22,1,166.07999999999998,New / Promising,0,166.07999999999998,16619892.398000045,99.79253867526694,5217
18088.0,166.03,1,107,0.0,0.0,0.0,166.03,0.0,0.0,62,1,166.03,Needs Attention,0,166.03,16620058.428000044,99.79353558636596,5218
18107.0,165.88,1,65,0.0,0.0,0.0,165.88,0.0,0.0,443,1,165.88,Hibernating,0,165.88,16620224.308000045,99.79453159680449,5219
13903.0,165.45000000000002,1,103,0.0,0.0,0.0,165.45000000000002,0.0,0.0,401,1,165.45000000000002,Hibernating,0,165.45000000000002,16620389.758000044,99.79552502534955,5220
16663.0,165.0,1,100,0.0,0.0,0.0,165.0,0.0,0.0,730,1,165.0,Hibernating,0,165.0,16620554.758000044,99.79651575191305,5221
13470.0,165.0,2,100,0.0,0.0,0.0,165.0,0.0,0.0,100,2,165.0,Needs Attention,16,82.5,16620719.758000044,99.79750647847656,5222
15316.0,165.0,1,100,0.0,0.0,0.0,165.0,0.0,0.0,327,1,165.0,Hibernating,0,165.0,16620884.758000044,99.79849720504006,5223
17408.0,316.09000000000003,3,163,-151.20000000000002,1.0,72.0,164.89000000000001,0.3333333333333333,0.47834477522224683,164,3,316.09000000000003,Potential Loyalists,351,105.36333333333334,16621049.648000045,99.79948727111922,5224
13191.0,164.69,1,115,0.0,0.0,0.0,164.69,0.0,0.0,659,1,164.69,Hibernating,0,164.69,16621214.338000044,99.80047613631766,5225
15904.0,164.68,1,84,0.0,0.0,0.0,164.68,0.0,0.0,9,1,164.68,New / Promising,0,164.68,16621379.018000044,99.80146494147209,5226
17535.0,164.4,1,136,0.0,0.0,0.0,164.4,0.0,0.0,281,1,164.4,Hibernating,0,164.4,16621543.418000044,99.80245206539355,5227
13603.0,164.34,1,164,0.0,0.0,0.0,164.34,0.0,0.0,27,1,164.34,New / Promising,0,164.34,16621707.758000044,99.8034388290508,5228
17417.0,164.18,1,76,0.0,0.0,0.0,164.18,0.0,0.0,549,1,164.18,Hibernating,0,164.18,16621871.938000044,99.80442463200352,5229
14955.0,163.77,1,74,0.0,0.0,0.0,163.77,0.0,0.0,733,1,163.77,Hibernating,0,163.77,16622035.708000043,99.80540797315084,5230
14354.0,163.62,2,210,0.0,0.0,0.0,163.62,0.0,0.0,6,2,163.62,New / Promising,25,81.81,16622199.328000043,99.80639041363763,5231
14119.0,183.37,2,177,-19.9,1.0,2.0,163.47,0.5,0.10852374979549544,376,2,183.37,Hibernating,343,91.685,16622362.798000043,99.80737195346391,5232
14485.0,162.8,1,70,0.0,0.0,0.0,162.8,0.0,0.0,39,1,162.8,New / Promising,0,162.8,16622525.598000044,99.80834947033992,5233
16517.0,162.70000000000002,1,96,0.0,0.0,0.0,162.70000000000002,0.0,0.0,278,1,162.70000000000002,Hibernating,0,162.70000000000002,16622688.298000043,99.80932638677557,5234
15359.0,181.35,8,145,-18.75,1.0,15.0,162.6,0.125,0.10339123242349049,663,8,181.35,At Risk,31,22.66875,16622850.898000043,99.81030270277088,5235
18174.0,162.5,2,80,0.0,0.0,0.0,162.5,0.0,0.0,8,2,162.5,Loyal Customers,596,81.25,16623013.398000043,99.81127841832586,5236
12954.0,162.45,1,83,0.0,0.0,0.0,162.45,0.0,0.0,639,1,162.45,Hibernating,0,162.45,16623175.848000042,99.81225383366066,5237
15733.0,162.3,1,62,0.0,0.0,0.0,162.3,0.0,0.0,283,1,162.3,Hibernating,0,162.3,16623338.148000043,99.81322834833495,5238
15534.0,162.25,1,63,0.0,0.0,0.0,162.25,0.0,0.0,726,1,162.25,Hibernating,0,162.25,16623500.398000043,99.81420256278908,5239
16443.0,162.24,1,96,0.0,0.0,0.0,162.24,0.0,0.0,521,1,162.24,Hibernating,0,162.24,16623662.638000043,99.81517671719917,5240
18014.0,162.22,1,66,0.0,0.0,0.0,162.22,0.0,0.0,29,1,162.22,New / Promising,0,162.22,16623824.858000044,99.81615075152118,5241
13672.0,419.92,3,138,-257.85,4.0,58.0,162.07,1.3333333333333333,0.6140455324823776,302,3,419.92,At Risk,429,139.97333333333333,16623986.928000044,99.8171238851827,5242
12661.0,162.0,1,216,0.0,0.0,0.0,162.0,0.0,0.0,437,1,162.0,Hibernating,0,162.0,16624148.928000044,99.81809659853596,5243
17971.0,161.94,1,62,0.0,0.0,0.0,161.94,0.0,0.0,549,1,161.94,Hibernating,0,161.94,16624310.868000044,99.81906895162503,5244
17600.0,161.67000000000002,1,144,0.0,0.0,0.0,161.67000000000002,0.0,0.0,18,1,161.67000000000002,New / Promising,0,161.67000000000002,16624472.538000043,99.82003968352515,5245
16113.0,161.38,1,176,0.0,0.0,0.0,161.38,0.0,0.0,184,1,161.38,Needs Attention,0,161.38,16624633.918000044,99.82100867414832,5246
13714.0,161.35,1,50,0.0,0.0,0.0,161.35,0.0,0.0,466,1,161.35,Hibernating,0,161.35,16624795.268000044,99.82197748463936,5247
13779.0,161.13,1,53,0.0,0.0,0.0,161.13,0.0,0.0,516,1,161.13,Hibernating,0,161.13,16624956.398000045,99.82294497416166,5248
16403.0,177.5,1,114,-16.45,1.0,11.0,161.05,1.0,0.09267605633802817,313,1,177.5,Hibernating,0,177.5,16625117.448000045,99.82391198333168,5249
13229.0,160.95,1,63,0.0,0.0,0.0,160.95,0.0,0.0,226,1,160.95,Hibernating,0,160.95,16625278.398000045,99.82487839206135,5250
17605.0,160.75,1,71,0.0,0.0,0.0,160.75,0.0,0.0,591,1,160.75,Hibernating,0,160.75,16625439.148000045,99.82584359991036,5251
17202.0,160.65,1,55,0.0,0.0,0.0,160.65,0.0,0.0,421,1,160.65,Hibernating,0,160.65,16625599.798000045,99.82680820731902,5252
17487.0,160.55,1,37,0.0,0.0,0.0,160.55,0.0,0.0,729,1,160.55,Hibernating,0,160.55,16625760.348000046,99.82777221428734,5253
15229.0,160.5,1,114,0.0,0.0,0.0,160.5,0.0,0.0,587,1,160.5,Hibernating,0,160.5,16625920.848000046,99.82873592103549,5254
16645.0,160.39,1,117,0.0,0.0,0.0,160.39,0.0,0.0,736,1,160.39,Hibernating,0,160.39,16626081.238000046,99.82969896729925,5255
18146.0,160.35,2,153,0.0,0.0,0.0,160.35,0.0,0.0,141,2,160.35,Potential Loyalists,80,80.175,16626241.588000046,99.83066177338688,5256
12966.0,160.18,1,75,0.0,0.0,0.0,160.18,0.0,0.0,10,1,160.18,New / Promising,0,160.18,16626401.768000046,99.83162355872594,5257
14571.0,160.0,1,56,0.0,0.0,0.0,160.0,0.0,0.0,426,1,160.0,Hibernating,0,160.0,16626561.768000046,99.83258426327237,5258
13701.0,161.0,1,80,-1.45,1.0,1.0,159.55,1.0,0.009006211180124223,447,1,161.0,Hibernating,0,161.0,16626721.318000047,99.83354226583727,5259
13302.0,159.2,2,12,0.0,0.0,0.0,159.2,0.0,0.0,156,2,159.2,Needs Attention,371,79.6,16626880.518000046,99.83449816686097,5260
17953.0,159.17000000000002,1,98,0.0,0.0,0.0,159.17000000000002,0.0,0.0,541,1,159.17000000000002,Hibernating,0,159.17000000000002,16627039.688000046,99.83545388775256,5261
16213.0,159.0,1,48,0.0,0.0,0.0,159.0,0.0,0.0,79,1,159.0,Needs Attention,0,159.0,16627198.688000046,99.83640858789559,5262
18224.0,158.95000000000002,1,69,0.0,0.0,0.0,158.95000000000002,0.0,0.0,264,1,158.95000000000002,Hibernating,0,158.95000000000002,16627357.638000045,99.83736298781844,5263
14089.0,158.75,1,133,0.0,0.0,0.0,158.75,0.0,0.0,57,1,158.75,New / Promising,0,158.75,16627516.388000045,99.83831618686061,5264
15499.0,158.65,1,59,0.0,0.0,0.0,158.65,0.0,0.0,724,1,158.65,Hibernating,0,158.65,16627675.038000045,99.83926878546244,5265
15548.0,158.09,1,64,0.0,0.0,0.0,158.09,0.0,0.0,596,1,158.09,Hibernating,0,158.09,16627833.128000045,99.84021802159835,5266
15348.0,158.04,1,84,0.0,0.0,0.0,158.04,0.0,0.0,73,1,158.04,Needs Attention,0,158.04,16627991.168000044,99.84116695751408,5267
14318.0,158.02,1,152,0.0,0.0,0.0,158.02,0.0,0.0,461,1,158.02,Hibernating,0,158.02,16628149.188000044,99.84211577334176,5268
18004.0,157.92,1,75,0.0,0.0,0.0,157.92,0.0,0.0,363,1,157.92,Hibernating,0,157.92,16628307.108000044,99.84306398872909,5269
17751.0,157.85999999999999,1,147,0.0,0.0,0.0,157.85999999999999,0.0,0.0,422,1,157.86,Hibernating,0,157.86,16628464.968000043,99.84401184385221,5270
14207.0,157.8,1,36,0.0,0.0,0.0,157.8,0.0,0.0,688,1,157.8,Hibernating,0,157.8,16628622.768000044,99.84495933871113,5271
14822.0,157.7,1,94,0.0,0.0,0.0,157.7,0.0,0.0,486,1,157.7,Hibernating,0,157.7,16628780.468000043,99.84590623312972,5272
16687.0,157.63,1,141,0.0,0.0,0.0,157.63,0.0,0.0,391,1,157.63,Hibernating,0,157.63,16628938.098000044,99.84685270724006,5273
12894.0,157.35,1,33,0.0,0.0,0.0,157.35,0.0,0.0,576,1,157.35,Hibernating,0,157.35,16629095.448000044,99.84779750011745,5274
17318.0,157.32999999999998,1,59,0.0,0.0,0.0,157.32999999999998,0.0,0.0,726,1,157.32999999999998,Hibernating,0,157.32999999999998,16629252.778000044,99.84874217290677,5275
16371.0,157.2,1,108,0.0,0.0,0.0,157.2,0.0,0.0,449,1,157.2,Hibernating,0,157.2,16629409.978000043,99.84968606512363,5276
17128.0,157.09,1,76,0.0,0.0,0.0,157.09,0.0,0.0,335,1,157.09,Hibernating,0,157.09,16629567.068000043,99.85062929685613,5277
17118.0,157.02,1,154,0.0,0.0,0.0,157.02,0.0,0.0,318,1,157.02,Hibernating,0,157.02,16629724.088000042,99.85157210828038,5278
15007.0,156.91,1,69,0.0,0.0,0.0,156.91,0.0,0.0,160,1,156.91,Needs Attention,0,156.91,16629880.998000043,99.85251425922027,5279
15742.0,156.87,1,51,0.0,0.0,0.0,156.87,0.0,0.0,620,1,156.87,Hibernating,0,156.87,16630037.868000042,99.85345616998401,5280
14406.0,156.75,1,77,0.0,0.0,0.0,156.75,0.0,0.0,120,1,156.75,Needs Attention,0,156.75,16630194.618000042,99.85439736021935,5281
18018.0,297.99,4,186,-141.3,1.0,120.0,156.69,0.25,0.4741769858048928,109,4,297.99,Potential Loyalists,312,74.4975,16630351.308000041,99.85533819019048,5282
16578.0,156.6,1,108,0.0,0.0,0.0,156.6,0.0,0.0,627,1,156.6,Hibernating,0,156.6,16630507.90800004,99.85627847976531,5283
15438.0,156.57999999999998,1,59,0.0,0.0,0.0,156.57999999999998,0.0,0.0,132,1,156.57999999999998,Needs Attention,0,156.57999999999998,16630664.48800004,99.85721864925206,5284
17820.0,180.60999999999999,1,111,-24.05,2.0,5.0,156.55999999999997,2.0,0.1331598471845413,375,1,180.61,Hibernating,0,180.61,16630821.048000041,99.85815869865075,5285
15263.0,156.51,1,89,0.0,0.0,0.0,156.51,0.0,0.0,107,1,156.51,Needs Attention,0,156.51,16630977.558000041,99.85909844782927,5286
17885.0,156.34,1,110,0.0,0.0,0.0,156.34,0.0,0.0,13,1,156.34,New / Promising,0,156.34,16631133.898000041,99.8600371762592,5287
13051.0,155.8,2,72,0.0,0.0,0.0,155.8,0.0,0.0,579,2,155.8,Hibernating,41,77.9,16631289.698000042,99.8609726623113,5288
17832.0,155.37,1,208,0.0,0.0,0.0,155.37,0.0,0.0,50,1,155.37,New / Promising,0,155.37,16631445.068000041,99.86190556646991,5289
14368.0,155.0,1,36,0.0,0.0,0.0,155.0,0.0,0.0,320,1,155.0,Hibernating,0,155.0,16631600.068000041,99.86283624899927,5290
14046.0,154.99,1,460,0.0,0.0,0.0,154.99,0.0,0.0,285,1,154.99,Hibernating,0,154.99,16631755.058000041,99.8637668714846,5291
17698.0,154.95,1,93,0.0,0.0,0.0,154.95,0.0,0.0,261,1,154.95,Hibernating,0,154.95,16631910.00800004,99.86469725379379,5292
15740.0,154.88,1,152,0.0,0.0,0.0,154.88,0.0,0.0,50,1,154.88,New / Promising,0,154.88,16632064.888000041,99.86562721579475,5293
15729.0,192.55,3,47,-37.85,2.0,7.0,154.70000000000002,0.6666666666666666,0.19657231887821344,213,3,192.55,At Risk,191,64.18333333333334,16632219.58800004,99.86655609700308,5294
17899.0,154.55,1,170,0.0,0.0,0.0,154.55,0.0,0.0,160,1,154.55,Needs Attention,0,154.55,16632374.138000041,99.8674840775509,5295
15226.0,154.41,1,71,0.0,0.0,0.0,154.41,0.0,0.0,311,1,154.41,Hibernating,0,154.41,16632528.548000041,99.86841121748226,5296
13490.0,154.25,1,25,0.0,0.0,0.0,154.25,0.0,0.0,655,1,154.25,Hibernating,0,154.25,16632682.798000041,99.86933739670904,5297
14814.0,154.21,1,93,0.0,0.0,0.0,154.21,0.0,0.0,582,1,154.21,Hibernating,0,154.21,16632837.008000042,99.87026333575972,5298
17517.0,153.94,1,102,0.0,0.0,0.0,153.94,0.0,0.0,309,1,153.94,Hibernating,0,153.94,16632990.948000042,99.87118765362145,5299
16908.0,252.59,1,61,-99.0,1.0,20.0,153.59,1.0,0.39193950671047945,723,1,252.59,Hibernating,0,252.59,16633144.538000042,99.87210986994201,5300
15560.0,153.52,2,72,0.0,0.0,0.0,153.52,0.0,0.0,398,2,153.52,Hibernating,0,76.76,16633298.058000041,99.8730316659543,5301
15431.0,153.24,1,84,0.0,0.0,0.0,153.24,0.0,0.0,503,1,153.24,Hibernating,0,153.24,16633451.298000041,99.87395178073365,5302
13676.0,243.9,2,104,-90.75,1.0,45.0,153.15,0.5,0.3720787207872079,540,2,243.9,Hibernating,80,121.95,16633604.448000042,99.8748713551167,5303
12602.0,153.12,1,162,0.0,0.0,0.0,153.12,0.0,0.0,59,1,153.12,New / Promising,0,153.12,16633757.568000041,99.87579074936764,5304
16248.0,152.94,1,78,0.0,0.0,0.0,152.94,0.0,0.0,62,1,152.94,Needs Attention,0,152.94,16633910.50800004,99.87670906282595,5305
18138.0,152.65,1,38,0.0,0.0,0.0,152.65,0.0,0.0,296,1,152.65,Hibernating,0,152.65,16634063.15800004,99.87762563500729,5306
18113.0,152.64000000000001,1,144,0.0,0.0,0.0,152.64000000000001,0.0,0.0,369,1,152.64,Hibernating,0,152.64,16634215.798000041,99.8785421471446,5307
14066.0,152.55,1,45,0.0,0.0,0.0,152.55,0.0,0.0,267,1,152.55,Hibernating,0,152.55,16634368.348000042,99.8794581188856,5308
15509.0,152.41,1,58,0.0,0.0,0.0,152.41,0.0,0.0,381,1,152.41,Hibernating,0,152.41,16634520.758000042,99.88037325001011,5309
17327.0,152.35,2,59,0.0,0.0,0.0,152.35,0.0,0.0,410,2,152.35,At Risk,153,76.175,16634673.108000042,99.88128802087041,5310
13653.0,152.2,1,72,0.0,0.0,0.0,152.2,0.0,0.0,488,1,152.2,Hibernating,0,152.2,16634825.308000041,99.88220189107021,5311
16617.0,151.85,1,91,0.0,0.0,0.0,151.85,0.0,0.0,236,1,151.85,Hibernating,0,151.85,16634977.15800004,99.8831136597288,5312
14362.0,151.5,1,96,0.0,0.0,0.0,151.5,0.0,0.0,23,1,151.5,New / Promising,0,151.5,16635128.65800004,99.88402332684622,5313
18076.0,151.49,1,164,0.0,0.0,0.0,151.49,0.0,0.0,381,1,151.49,Hibernating,0,151.49,16635280.148000041,99.88493293391959,5314
13697.0,151.3,1,177,0.0,0.0,0.0,151.3,0.0,0.0,39,1,151.3,New / Promising,0,151.3,16635431.448000042,99.88584140015632,5315
14287.0,176.63,3,261,-25.4,1.0,25.0,151.23,0.3333333333333333,0.14380343090075298,9,3,176.63,Loyal Customers,190,58.876666666666665,16635582.678000042,99.8867494460848,5316
14516.0,151.17,1,63,0.0,0.0,0.0,151.17,0.0,0.0,517,1,151.17,Hibernating,0,151.17,16635733.848000042,99.88765713174908,5317
16662.0,151.05,1,35,0.0,0.0,0.0,151.05,0.0,0.0,395,1,151.05,Hibernating,0,151.05,16635884.898000043,99.88856409688496,5318
16337.0,151.05,1,87,0.0,0.0,0.0,151.05,0.0,0.0,37,1,151.05,New / Promising,0,151.05,16636035.948000044,99.88947106202085,5319
14980.0,150.68,1,79,0.0,0.0,0.0,150.68,0.0,0.0,738,1,150.68,Hibernating,0,150.68,16636186.628000043,99.89037580552744,5320
15991.0,150.55,1,41,0.0,0.0,0.0,150.55,0.0,0.0,535,1,150.55,Hibernating,0,150.55,16636337.178000044,99.8912797684616,5321
15775.0,150.5,2,260,0.0,0.0,0.0,150.5,0.0,0.0,246,2,150.5,Hibernating,386,75.25,16636487.678000044,99.8921834311756,5322
14084.0,150.5,1,306,0.0,0.0,0.0,150.5,0.0,0.0,513,1,150.5,Hibernating,0,150.5,16636638.178000044,99.89308709388959,5323
15474.0,150.35,1,55,0.0,0.0,0.0,150.35,0.0,0.0,596,1,150.35,Hibernating,0,150.35,16636788.528000044,99.89398985594306,5324
18200.0,150.35,1,104,0.0,0.0,0.0,150.35,0.0,0.0,107,1,150.35,Needs Attention,0,150.35,16636938.878000043,99.89489261799655,5325
14845.0,150.0,1,600,0.0,0.0,0.0,150.0,0.0,0.0,600,1,150.0,Hibernating,0,150.0,16637088.878000043,99.89579327850883,5326
17234.0,149.89,1,55,0.0,0.0,0.0,149.89,0.0,0.0,183,1,149.89,Needs Attention,0,149.89,16637238.768000044,99.89669327853674,5327
17946.0,149.57999999999998,2,75,0.0,0.0,0.0,149.57999999999998,0.0,0.0,234,2,149.57999999999998,At Risk,26,74.78999999999999,16637388.348000044,99.89759141719959,5328
17390.0,149.3,1,49,0.0,0.0,0.0,149.3,0.0,0.0,421,1,149.3,Hibernating,0,149.3,16637537.648000045,99.8984878746295,5329
15435.0,149.29,1,54,0.0,0.0,0.0,149.29,0.0,0.0,23,1,149.29,New / Promising,0,149.29,16637686.938000044,99.89938427201534,5330
13003.0,149.05,3,103,0.0,0.0,0.0,149.05,0.0,0.0,106,3,149.05,Potential Loyalists,109,49.68333333333334,16637835.988000045,99.90027922834439,5331
17549.0,148.86,2,210,0.0,0.0,0.0,148.86,0.0,0.0,24,2,148.86,Loyal Customers,28,74.43,16637984.848000044,99.90117304383678,5332
13125.0,148.62,1,53,0.0,0.0,0.0,148.62,0.0,0.0,524,1,148.62,Hibernating,0,148.62,16638133.468000043,99.90206541827234,5333
15526.0,148.44,2,24,0.0,0.0,0.0,148.44,0.0,0.0,34,2,148.44,New / Promising,0,74.22,16638281.908000043,99.9029567119153,5334
15684.0,173.95,3,77,-26.15,3.0,5.0,147.79999999999998,1.0,0.15033055475711413,548,3,173.95,At Risk,188,57.98333333333333,16638429.708000043,99.90384416274007,5335
13578.0,147.66,1,127,0.0,0.0,0.0,147.66,0.0,0.0,410,1,147.66,Hibernating,0,147.66,16638577.368000044,99.90473077294835,5336
15479.0,147.4,1,38,0.0,0.0,0.0,147.4,0.0,0.0,734,1,147.4,Hibernating,0,147.4,16638724.768000044,99.90561582201177,5337
14098.0,147.35,1,104,0.0,0.0,0.0,147.35,0.0,0.0,37,1,147.35,New / Promising,0,147.35,16638872.118000044,99.906500570855,5338
16724.0,147.35,1,69,0.0,0.0,0.0,147.35,0.0,0.0,405,1,147.35,Hibernating,0,147.35,16639019.468000043,99.90738531969822,5339
17794.0,147.3,2,46,0.0,0.0,0.0,147.3,0.0,0.0,687,2,147.3,At Risk,2,73.65,16639166.768000044,99.9082697683213,5340
17030.0,146.87,1,146,0.0,0.0,0.0,146.87,0.0,0.0,64,1,146.87,Needs Attention,0,146.87,16639313.638000043,99.90915163505089,5341
14683.0,146.56,1,386,0.0,0.0,0.0,146.56,0.0,0.0,589,1,146.56,Hibernating,0,146.56,16639460.198000044,99.91003164041543,5342
15496.0,146.14,1,98,0.0,0.0,0.0,146.14,0.0,0.0,632,1,146.14,Hibernating,0,146.14,16639606.338000044,99.91090912393054,5343
18137.0,145.99,2,59,0.0,0.0,0.0,145.99,0.0,0.0,552,2,145.99,At Risk,0,72.995,16639752.328000044,99.91178570678512,5344
13866.0,145.67,1,57,0.0,0.0,0.0,145.67,0.0,0.0,75,1,145.67,Needs Attention,0,145.67,16639897.998000044,99.91266036823062,5345
15937.0,145.35000000000002,1,73,0.0,0.0,0.0,145.35000000000002,0.0,0.0,65,1,145.35000000000002,Needs Attention,0,145.35000000000002,16640043.348000044,99.91353310826702,5346
14972.0,145.07,2,40,0.0,0.0,0.0,145.07,0.0,0.0,129,2,145.07,Needs Attention,253,72.535,16640188.418000044,99.91440416707047,5347
15902.0,145.01,1,124,0.0,0.0,0.0,145.01,0.0,0.0,381,1,145.01,Hibernating,0,145.01,16640333.428000044,99.91527486560972,5348
16852.0,144.91,2,56,0.0,0.0,0.0,144.91,0.0,0.0,11,2,144.91,Loyal Customers,166,72.455,16640478.338000044,99.9161449637086,5349
16822.0,181.39,1,171,-36.55,2.0,5.0,144.83999999999997,2.0,0.2014995313964386,687,1,181.39,Hibernating,0,181.39,16640623.178000044,99.91701464149926,5350
17938.0,144.29,1,53,0.0,0.0,0.0,144.29,0.0,0.0,421,1,144.29,Hibernating,0,144.29,16640767.468000043,99.91788101686805,5351
12587.0,144.0,1,51,0.0,0.0,0.0,144.0,0.0,0.0,8,1,144.0,New / Promising,0,144.0,16640911.468000043,99.91874565095983,5352
17186.0,144.0,2,200,0.0,0.0,0.0,144.0,0.0,0.0,47,2,144.0,Loyal Customers,14,72.0,16641055.468000043,99.91961028505165,5353
12387.0,143.94,1,134,0.0,0.0,0.0,143.94,0.0,0.0,416,1,143.94,Hibernating,0,143.94,16641199.408000043,99.92047455887922,5354
14604.0,143.85999999999999,1,88,0.0,0.0,0.0,143.85999999999999,0.0,0.0,634,1,143.86,Hibernating,0,143.86,16641343.268000042,99.92133835235452,5355
14574.0,143.70000000000002,1,63,0.0,0.0,0.0,143.70000000000002,0.0,0.0,733,1,143.70000000000002,Hibernating,0,143.70000000000002,16641486.968000041,99.92220118512529,5356
13457.0,148.22,2,96,-4.949999999999999,2.0,3.0,143.27,1.0,0.03339630279314532,689,2,148.22,Hibernating,49,74.11,16641630.23800004,99.9230614360026,5357
17149.0,143.10000000000002,1,18,0.0,0.0,0.0,143.10000000000002,0.0,0.0,452,1,143.10000000000002,Hibernating,0,143.10000000000002,16641773.33800004,99.92392066613131,5358
15705.0,143.1,1,62,0.0,0.0,0.0,143.1,0.0,0.0,202,1,143.1,Hibernating,0,143.1,16641916.43800004,99.92477989626003,5359
15761.0,143.05,1,31,0.0,0.0,0.0,143.05,0.0,0.0,443,1,143.05,Hibernating,0,143.05,16642059.48800004,99.92563882616858,5360
16507.0,142.71,1,111,0.0,0.0,0.0,142.71,0.0,0.0,573,1,142.71,Hibernating,0,142.71,16642202.198000042,99.92649571457997,5361
14386.0,142.4,1,54,0.0,0.0,0.0,142.4,0.0,0.0,297,1,142.4,Hibernating,0,142.4,16642344.598000042,99.9273507416263,5362
17859.0,141.92,1,102,0.0,0.0,0.0,141.92,0.0,0.0,305,1,141.92,Hibernating,0,141.92,16642486.518000042,99.92820288655899,5363
18038.0,141.48,1,80,0.0,0.0,0.0,141.48,0.0,0.0,557,1,141.48,Hibernating,0,141.48,16642627.998000043,99.92905238955419,5364
14041.0,141.41,1,94,0.0,0.0,0.0,141.41,0.0,0.0,267,1,141.41,Hibernating,0,141.41,16642769.408000043,99.92990147224113,5365
17273.0,141.12,1,133,0.0,0.0,0.0,141.12,0.0,0.0,425,1,141.12,Hibernating,0,141.12,16642910.528000042,99.93074881365108,5366
12636.0,141.0,1,1,0.0,0.0,0.0,141.0,0.0,0.0,739,1,141.0,Hibernating,0,141.0,16643051.528000042,99.93159543453262,5367
17959.0,140.75,1,49,0.0,0.0,0.0,140.75,0.0,0.0,593,1,140.75,Hibernating,0,140.75,16643192.278000042,99.93244055431332,5368
16598.0,145.05,1,73,-4.35,1.0,3.0,140.70000000000002,1.0,0.029989658738366076,286,1,145.05,Hibernating,0,145.05,16643332.978000041,99.93328537387384,5369
15388.0,140.54,1,88,0.0,0.0,0.0,140.54,0.0,0.0,271,1,140.54,Hibernating,0,140.54,16643473.51800004,99.9341292327298,5370
15702.0,140.39,2,103,0.0,0.0,0.0,140.39,0.0,0.0,477,2,140.39,Hibernating,206,70.195,16643613.90800004,99.93497219092528,5371
13420.0,159.85,2,101,-19.5,2.0,13.0,140.35,1.0,0.12198936502971536,150,2,159.85,Needs Attention,21,79.925,16643754.25800004,99.9358149089446,5372
13483.0,140.34,1,160,0.0,0.0,0.0,140.34,0.0,0.0,66,1,140.34,Needs Attention,0,140.34,16643894.59800004,99.93665756691989,5373
15324.0,140.22000000000003,1,74,0.0,0.0,0.0,140.22000000000003,0.0,0.0,702,1,140.22000000000003,Hibernating,0,140.22000000000003,16644034.818000041,99.93749950436678,5374
13839.0,139.95000000000002,1,25,0.0,0.0,0.0,139.95000000000002,0.0,0.0,487,1,139.95000000000002,Hibernating,0,139.95000000000002,16644174.76800004,99.93833982062473,5375
14073.0,151.04,1,130,-11.5,1.0,2.0,139.54,1.0,0.07613877118644068,33,1,151.04,New / Promising,0,151.04,16644314.30800004,99.93917767507729,5376
14768.0,192.60000000000002,2,52,-53.1,1.0,18.0,139.50000000000003,0.5,0.2757009345794392,18,2,192.6,New / Promising,110,96.3,16644453.80800004,99.94001528935371,5377
16483.0,139.35,1,44,0.0,0.0,0.0,139.35,0.0,0.0,193,1,139.35,Hibernating,0,139.35,16644593.158000039,99.94085200296962,5378
14772.0,139.26,1,82,0.0,0.0,0.0,139.26,0.0,0.0,113,1,139.26,Needs Attention,0,139.26,16644732.418000039,99.94168817618923,5379
14707.0,139.2,2,96,0.0,0.0,0.0,139.2,0.0,0.0,436,2,139.2,Hibernating,141,69.6,16644871.618000038,99.94252398914463,5380
18209.0,139.10000000000002,1,58,0.0,0.0,0.0,139.10000000000002,0.0,0.0,29,1,139.10000000000002,New / Promising,0,139.10000000000002,16645010.718000038,99.94335920165967,5381
13273.0,138.98,1,153,0.0,0.0,0.0,138.98,0.0,0.0,114,1,138.98,Needs Attention,0,138.98,16645149.698000038,99.94419369364633,5382
12902.0,138.68,1,66,0.0,0.0,0.0,138.68,0.0,0.0,265,1,138.68,Hibernating,0,138.68,16645288.378000038,99.94502638431196,5383
13716.0,138.28,1,138,0.0,0.0,0.0,138.28,0.0,0.0,270,1,138.28,Hibernating,0,138.28,16645426.658000037,99.9458566732162,5384
15873.0,313.91999999999996,4,1152,-175.68,1.0,576.0,138.23999999999995,0.25,0.5596330275229359,500,4,313.92,At Risk,1,78.47999999999999,16645564.898000037,99.94668672194433,5385
17982.0,138.18,1,117,0.0,0.0,0.0,138.18,0.0,0.0,681,1,138.18,Hibernating,0,138.18,16645703.078000037,99.94751641040824,5386
15663.0,138.14,1,106,0.0,0.0,0.0,138.14,0.0,0.0,107,1,138.14,Needs Attention,0,138.14,16645841.218000038,99.94834585869603,5387
15848.0,137.99,1,45,0.0,0.0,0.0,137.99,0.0,0.0,622,1,137.99,Hibernating,0,137.99,16645979.208000038,99.9491744063233,5388
13907.0,136.8,1,68,0.0,0.0,0.0,136.8,0.0,0.0,692,1,136.8,Hibernating,0,136.8,16646116.008000039,99.9499958087105,5389
13195.0,136.73,1,70,0.0,0.0,0.0,136.73,0.0,0.0,415,1,136.73,Hibernating,0,136.73,16646252.738000039,99.95081679078947,5390
16237.0,136.65,1,57,0.0,0.0,0.0,136.65,0.0,0.0,438,1,136.65,Hibernating,0,136.65,16646389.38800004,99.95163729251615,5391
16651.0,136.2,1,60,0.0,0.0,0.0,136.2,0.0,0.0,587,1,136.2,Hibernating,0,136.2,16646525.588000039,99.95245509226132,5392
16876.0,136.01,1,181,0.0,0.0,0.0,136.01,0.0,0.0,404,1,136.01,Hibernating,0,136.01,16646661.598000038,99.95327175116981,5393
14366.0,136.0,1,16,0.0,0.0,0.0,136.0,0.0,0.0,526,1,136.0,Hibernating,0,136.0,16646797.598000038,99.95408835003428,5394
13830.0,156.85000000000002,1,47,-20.9,1.0,2.0,135.95000000000002,1.0,0.13324832642652212,582,1,156.85000000000002,Hibernating,0,156.85000000000002,16646933.548000038,99.95490464867859,5395
17583.0,135.95,1,55,0.0,0.0,0.0,135.95,0.0,0.0,561,1,135.95,Hibernating,0,135.95,16647069.498000037,99.95572094732287,5396
12968.0,135.95,1,73,0.0,0.0,0.0,135.95,0.0,0.0,113,1,135.95,Needs Attention,0,135.95,16647205.448000036,99.95653724596718,5397
14889.0,135.9,1,90,0.0,0.0,0.0,135.9,0.0,0.0,337,1,135.9,Hibernating,0,135.9,16647341.348000037,99.95735324439131,5398
15419.0,135.86,1,230,0.0,0.0,0.0,135.86,0.0,0.0,25,1,135.86,New / Promising,0,135.86,16647477.208000036,99.9581690026393,5399
16114.0,135.75000000000003,1,43,0.0,0.0,0.0,135.75000000000003,0.0,0.0,171,1,135.75000000000003,Needs Attention,0,135.75000000000003,16647612.958000036,99.95898410040292,5400
14391.0,135.6,1,168,0.0,0.0,0.0,135.6,0.0,0.0,577,1,135.6,Hibernating,0,135.6,16647748.558000036,99.95979829750603,5401
15283.0,148.32999999999998,3,27,-12.9,1.0,2.0,135.42999999999998,0.3333333333333333,0.08696824647744894,391,3,148.32999999999998,At Risk,128,49.44333333333333,16647883.988000035,99.96061147386054,5402
16665.0,135.4,1,59,0.0,0.0,0.0,135.4,0.0,0.0,363,1,135.4,Hibernating,0,135.4,16648019.388000036,99.96142447008296,5403
13076.0,135.4,1,44,0.0,0.0,0.0,135.4,0.0,0.0,458,1,135.4,Hibernating,0,135.4,16648154.788000036,99.96223746630538,5404
14588.0,135.39,1,62,0.0,0.0,0.0,135.39,0.0,0.0,579,1,135.39,Hibernating,0,135.39,16648290.178000037,99.96305040248377,5405
13144.0,135.35,2,29,0.0,0.0,0.0,135.35,0.0,0.0,333,2,135.35,Hibernating,99,67.675,16648425.528000036,99.96386309848603,5406
17972.0,135.19,1,36,0.0,0.0,0.0,135.19,0.0,0.0,242,1,135.19,Hibernating,0,135.19,16648560.718000036,99.96467483378373,5407
13702.0,135.18,1,74,0.0,0.0,0.0,135.18,0.0,0.0,446,1,135.18,Hibernating,0,135.18,16648695.898000035,99.96548650903739,5408
17960.0,135.08,3,60,0.0,0.0,0.0,135.08,0.0,0.0,172,3,135.08,Potential Loyalists,470,45.02666666666667,16648830.978000036,99.96629758385073,5409
17199.0,135.04000000000002,1,232,0.0,0.0,0.0,135.04000000000002,0.0,0.0,583,1,135.04000000000002,Hibernating,0,135.04000000000002,16648966.018000035,99.96710841848791,5410
13119.0,134.9,1,110,0.0,0.0,0.0,134.9,0.0,0.0,669,1,134.9,Hibernating,0,134.9,16649100.918000035,99.96791841250862,5411
16055.0,134.8,1,22,0.0,0.0,0.0,134.8,0.0,0.0,221,1,134.8,Hibernating,0,134.8,16649235.718000036,99.968727806089,5412
14340.0,134.7,1,58,0.0,0.0,0.0,134.7,0.0,0.0,219,1,134.7,Hibernating,0,134.7,16649370.418000035,99.96953659922903,5413
14174.0,134.46,1,94,0.0,0.0,0.0,134.46,0.0,0.0,34,1,134.46,New / Promising,0,134.46,16649504.878000036,99.97034395131224,5414
15926.0,134.44,1,155,0.0,0.0,0.0,134.44,0.0,0.0,543,1,134.44,Hibernating,0,134.44,16649639.318000035,99.9711511833074,5415
16486.0,134.36,1,24,0.0,0.0,0.0,134.36,0.0,0.0,538,1,134.36,Hibernating,0,134.36,16649773.678000035,99.97195793495027,5416
14586.0,237.35999999999999,1,444,-103.2,2.0,208.0,134.15999999999997,2.0,0.4347826086956522,277,1,237.36,Hibernating,0,237.36,16649907.838000035,99.97276348571245,5417
14280.0,134.04,1,52,0.0,0.0,0.0,134.04,0.0,0.0,197,1,134.04,Hibernating,0,134.04,16650041.878000034,99.97356831594621,5418
14349.0,133.5,1,86,0.0,0.0,0.0,133.5,0.0,0.0,11,1,133.5,New / Promising,0,133.5,16650175.378000034,99.97436990380216,5419
12959.0,150.95,1,109,-17.6,1.0,1.0,133.35,1.0,0.11659489897316994,485,1,150.95,Hibernating,0,150.95,16650308.728000034,99.97517059099756,5420
17881.0,133.35,1,32,0.0,0.0,0.0,133.35,0.0,0.0,305,1,133.35,Hibernating,0,133.35,16650442.078000033,99.97597127819299,5421
17826.0,133.34,1,84,0.0,0.0,0.0,133.34,0.0,0.0,375,1,133.34,Hibernating,0,133.34,16650575.418000033,99.97677190534438,5422
12964.0,132.24,1,56,0.0,0.0,0.0,132.24,0.0,0.0,438,1,132.24,Hibernating,0,132.24,16650707.658000033,99.977565927652,5423
12512.0,132.18,2,96,0.0,0.0,0.0,132.18,0.0,0.0,67,2,132.18,Needs Attention,0,66.09,16650839.838000033,99.97835958969542,5424
14438.0,131.9,1,82,0.0,0.0,0.0,131.9,0.0,0.0,307,1,131.9,Hibernating,0,131.9,16650971.738000033,99.97915157050589,5425
15558.0,202.68,1,73,-70.80000000000001,1.0,24.0,131.88,1.0,0.34931912374185914,640,1,202.68,Hibernating,0,202.68,16651103.618000034,99.9799434312283,5426
17565.0,131.83,1,67,0.0,0.0,0.0,131.83,0.0,0.0,587,1,131.83,Hibernating,0,131.83,16651235.448000034,99.98073499173053,5427
17455.0,131.7,1,66,0.0,0.0,0.0,131.7,0.0,0.0,204,1,131.7,Hibernating,0,131.7,16651367.148000034,99.98152577166032,5428
14795.0,131.45000000000002,1,17,0.0,0.0,0.0,131.45000000000002,0.0,0.0,167,1,131.45000000000002,Needs Attention,0,131.45000000000002,16651498.598000033,99.98231505048923,5429
14378.0,131.25,1,57,0.0,0.0,0.0,131.25,0.0,0.0,622,1,131.25,Hibernating,0,131.25,16651629.848000033,99.98310312843749,5430
12565.0,145.92000000000002,1,80,-14.75,1.0,5.0,131.17000000000002,1.0,0.10108278508771928,289,1,145.92000000000002,Hibernating,0,145.92000000000002,16651761.018000033,99.98389072603347,5431
17225.0,131.15,1,36,0.0,0.0,0.0,131.15,0.0,0.0,582,1,131.15,Hibernating,0,131.15,16651892.168000033,99.98467820354138,5432
16865.0,130.95,1,157,0.0,0.0,0.0,130.95,0.0,0.0,402,1,130.95,Hibernating,0,130.95,16652023.118000032,99.9854644801686,5433
15844.0,130.73999999999998,1,134,0.0,0.0,0.0,130.73999999999998,0.0,0.0,47,1,130.73999999999998,New / Promising,0,130.73999999999998,16652153.858000033,99.9862494958711,5434
17240.0,130.60000000000002,1,108,0.0,0.0,0.0,130.60000000000002,0.0,0.0,597,1,130.60000000000002,Hibernating,0,130.60000000000002,16652284.458000032,99.98703367095713,5435
16410.0,130.32,1,348,0.0,0.0,0.0,130.32,0.0,0.0,735,1,130.32,Hibernating,0,130.32,16652414.778000033,99.98781616481021,5436
16288.0,129.85,1,19,0.0,0.0,0.0,129.85,0.0,0.0,471,1,129.85,Hibernating,0,129.85,16652544.628000032,99.98859583659366,5437
17762.0,129.75,1,129,0.0,0.0,0.0,129.75,0.0,0.0,457,1,129.75,Hibernating,0,129.75,16652674.378000032,99.98937490793679,5438
14865.0,129.72,4,300,0.0,0.0,0.0,129.72,0.0,0.0,8,4,129.72,Loyal Customers,731,32.43,16652804.098000033,99.99015379914782,5439
17847.0,129.69,2,29,0.0,0.0,0.0,129.69,0.0,0.0,516,2,129.69,At Risk,130,64.845,16652933.788000032,99.99093251022674,5440
14999.0,129.48000000000002,1,88,0.0,0.0,0.0,129.48000000000002,0.0,0.0,593,1,129.48000000000002,Hibernating,0,129.48000000000002,16653063.268000033,99.99170996038094,5441
18020.0,190.48000000000002,1,67,-61.2,1.0,24.0,129.28000000000003,1.0,0.3212935741285174,544,1,190.48,Hibernating,0,190.48,16653192.548000032,99.99248620965446,5442
12555.0,129.23,1,1,0.0,0.0,0.0,129.23,0.0,0.0,683,1,129.23,Hibernating,0,129.23,16653321.778000033,99.99326215870781,5443
13071.0,129.22,1,30,0.0,0.0,0.0,129.22,0.0,0.0,613,1,129.22,Hibernating,0,129.22,16653450.998000033,99.99403804771714,5444
17056.0,128.60000000000002,1,26,0.0,0.0,0.0,128.60000000000002,0.0,0.0,739,1,128.60000000000002,Hibernating,0,128.60000000000002,16653579.598000033,99.99481021399633,5445
16828.0,128.5,2,59,0.0,0.0,0.0,128.5,0.0,0.0,94,2,128.5,Needs Attention,19,64.25,16653708.098000033,99.99558177983519,5446
17089.0,128.45,1,35,0.0,0.0,0.0,128.45,0.0,0.0,387,1,128.45,Hibernating,0,128.45,16653836.548000032,99.99635304545387,5447
16251.0,128.31,1,44,0.0,0.0,0.0,128.31,0.0,0.0,513,1,128.31,Hibernating,0,128.31,16653964.858000033,99.99712347045607,5448
15892.0,128.2,1,46,0.0,0.0,0.0,128.2,0.0,0.0,670,1,128.2,Hibernating,0,128.2,16654093.058000032,99.9978932349739,5449
17297.0,128.18,1,65,0.0,0.0,0.0,128.18,0.0,0.0,18,1,128.18,New / Promising,0,128.18,16654221.238000032,99.99866287940367,5450
13666.0,127.9,5,54,0.0,0.0,0.0,127.9,0.0,0.0,61,5,127.9,Potential Loyalists,675,25.58,16654349.138000032,99.99943084260047,5451
13053.0,127.65,1,47,0.0,0.0,0.0,127.65,0.0,0.0,622,1,127.65,Hibernating,0,127.65,16654476.788000032,100.00019730469643,5452
13586.0,127.28,1,38,0.0,0.0,0.0,127.28,0.0,0.0,542,1,127.28,Hibernating,0,127.28,16654604.068000032,100.00096154516311,5453
15578.0,127.1,1,52,0.0,0.0,0.0,127.1,0.0,0.0,163,1,127.1,Needs Attention,0,127.1,16654731.168000031,100.00172470483719,5454
16973.0,127.0,1,60,0.0,0.0,0.0,127.0,0.0,0.0,387,1,127.0,Hibernating,0,127.0,16654858.168000031,100.00248726407092,5455
16840.0,139.85,2,117,-13.14,1.0,1.0,126.71,0.5,0.09395781194136575,604,2,139.85,At Risk,71,69.925,16654984.878000032,100.00324808202767,5456
14751.0,126.45,2,65,0.0,0.0,0.0,126.45,0.0,0.0,685,2,126.45,Hibernating,42,63.225,16655111.328000031,100.00400733883951,5457
13279.0,137.75,1,73,-11.45,1.0,3.0,126.3,1.0,0.08312159709618874,79,1,137.75,Needs Attention,0,137.75,16655237.628000032,100.00476569499088,5458
15463.0,126.14,1,106,0.0,0.0,0.0,126.14,0.0,0.0,30,1,126.14,New / Promising,0,126.14,16655363.768000033,100.00552309043766,5459
16294.0,126.05000000000001,1,54,0.0,0.0,0.0,126.05000000000001,0.0,0.0,477,1,126.05,Hibernating,0,126.05,16655489.818000033,100.00627994548816,5460
13794.0,126.03,1,63,0.0,0.0,0.0,126.03,0.0,0.0,547,1,126.03,Hibernating,0,126.03,16655615.848000033,100.0070366804506,5461
17657.0,126.0,1,60,0.0,0.0,0.0,126.0,0.0,0.0,431,1,126.0,Hibernating,0,126.0,16655741.848000033,100.0077932352809,5462
12814.0,125.92,1,49,0.0,0.0,0.0,125.92,0.0,0.0,102,1,125.92,Needs Attention,0,125.92,16655867.768000033,100.00854930975895,5463
13522.0,125.80000000000001,1,44,0.0,0.0,0.0,125.80000000000001,0.0,0.0,31,1,125.8,New / Promising,0,125.8,16655993.568000033,100.00930466370859,5464
14773.0,140.55,1,53,-14.85,1.0,3.0,125.70000000000002,1.0,0.10565635005336178,593,1,140.55,Hibernating,0,140.55,16656119.268000033,100.01005941721787,5465
16925.0,125.65,1,123,0.0,0.0,0.0,125.65,0.0,0.0,541,1,125.65,Hibernating,0,125.65,16656244.918000033,100.01081387050701,5466
15017.0,125.58,1,63,0.0,0.0,0.0,125.58,0.0,0.0,34,1,125.58,New / Promising,0,125.58,16656370.498000033,100.01156790348789,5467
15731.0,125.3,1,122,0.0,0.0,0.0,125.3,0.0,0.0,554,1,125.3,Hibernating,0,125.3,16656495.798000034,100.01232025523584,5468
13912.0,124.95,1,29,0.0,0.0,0.0,124.95,0.0,0.0,424,1,124.95,Hibernating,0,124.95,16656620.748000033,100.01307050544254,5469
17148.0,124.88,1,82,0.0,0.0,0.0,124.88,0.0,0.0,52,1,124.88,New / Promising,0,124.88,16656745.628000034,100.01382033534105,5470
17818.0,124.78,1,86,0.0,0.0,0.0,124.78,0.0,0.0,738,1,124.78,Hibernating,0,124.78,16656870.408000033,100.01456956479919,5471
13312.0,124.75,1,41,0.0,0.0,0.0,124.75,0.0,0.0,452,1,124.75,Hibernating,0,124.75,16656995.158000033,100.01531861412525,5472
16849.0,124.57,1,33,0.0,0.0,0.0,124.57,0.0,0.0,187,1,124.57,Needs Attention,0,124.57,16657119.728000034,100.0160665826587,5473
17316.0,124.45,1,44,0.0,0.0,0.0,124.45,0.0,0.0,421,1,124.45,Hibernating,0,124.45,16657244.178000033,100.0168138306637,5474
18000.0,124.25,1,109,0.0,0.0,0.0,124.25,0.0,0.0,565,1,124.25,Hibernating,0,124.25,16657368.428000033,100.01755987778805,5475
15779.0,124.08000000000001,2,20,0.0,0.0,0.0,124.08000000000001,0.0,0.0,464,2,124.08,Hibernating,69,62.040000000000006,16657492.508000033,100.01830490416381,5476
13968.0,123.66,1,174,0.0,0.0,0.0,123.66,0.0,0.0,424,1,123.66,Hibernating,0,123.66,16657616.168000033,100.01904740869014,5477
14187.0,123.5,1,50,0.0,0.0,0.0,123.5,0.0,0.0,474,1,123.5,Hibernating,0,123.5,16657739.668000033,100.01978895251192,5478
16397.0,123.13,1,43,0.0,0.0,0.0,123.13,0.0,0.0,629,1,123.13,Hibernating,0,123.13,16657862.798000034,100.02052827470445,5479
13876.0,122.7,1,36,0.0,0.0,0.0,122.7,0.0,0.0,64,1,122.7,Needs Attention,0,122.7,16657985.498000033,100.02126501500348,5480
13638.0,122.64,1,93,0.0,0.0,0.0,122.64,0.0,0.0,16,1,122.64,New / Promising,0,122.64,16658108.138000034,100.02200139503832,5481
12969.0,122.45,1,55,0.0,0.0,0.0,122.45,0.0,0.0,603,1,122.45,Hibernating,0,122.45,16658230.588000033,100.02273663423651,5482
13244.0,121.74000000000001,1,38,0.0,0.0,0.0,121.74000000000001,0.0,0.0,93,1,121.74,Needs Attention,0,121.74,16658352.328000033,100.02346761030829,5483
13182.0,121.18,1,201,0.0,0.0,0.0,121.18,0.0,0.0,46,1,121.18,New / Promising,0,121.18,16658473.508000033,100.02419522391415,5484
15049.0,121.17000000000002,1,63,0.0,0.0,0.0,121.17000000000002,0.0,0.0,274,1,121.17000000000002,Hibernating,0,121.17000000000002,16658594.678000033,100.02492277747596,5485
12858.0,147.27,1,51,-26.19,1.0,1.0,121.08000000000001,1.0,0.17783662660419636,384,1,147.27,Hibernating,0,147.27,16658715.758000033,100.02564979064148,5486
17260.0,120.95,1,23,0.0,0.0,0.0,120.95,0.0,0.0,412,1,120.95,Hibernating,0,120.95,16658836.708000032,100.02637602323455,5487
17446.0,120.89999999999999,2,198,0.0,0.0,0.0,120.89999999999999,0.0,0.0,177,2,120.9,Potential Loyalists,134,60.45,16658957.608000033,100.02710195560745,5488
14884.0,120.6,1,72,0.0,0.0,0.0,120.6,0.0,0.0,670,1,120.6,Hibernating,0,120.6,16659078.208000032,100.02782608665932,5489
14165.0,120.44,1,53,0.0,0.0,0.0,120.44,0.0,0.0,276,1,120.44,Hibernating,0,120.44,16659198.648000032,100.02854925700666,5490
14444.0,120.44,1,172,0.0,0.0,0.0,120.44,0.0,0.0,457,1,120.44,Hibernating,0,120.44,16659319.088000031,100.02927242735397,5491
17543.0,120.05,1,62,0.0,0.0,0.0,120.05,0.0,0.0,550,1,120.05,Hibernating,0,120.05,16659439.138000032,100.02999325598398,5492
18015.0,120.03,1,157,0.0,0.0,0.0,120.03,0.0,0.0,5,1,120.03,New / Promising,0,120.03,16659559.168000031,100.03071396452592,5493
14259.0,120.0,1,68,0.0,0.0,0.0,120.0,0.0,0.0,142,1,120.0,Needs Attention,0,120.0,16659679.168000031,100.03143449293574,5494
14453.0,119.93,1,49,0.0,0.0,0.0,119.93,0.0,0.0,191,1,119.93,Hibernating,0,119.93,16659799.098000031,100.03215460103732,5495
15161.0,119.92,1,144,0.0,0.0,0.0,119.92,0.0,0.0,389,1,119.92,Hibernating,0,119.92,16659919.01800003,100.03287464909488,5496
17541.0,119.86,1,44,0.0,0.0,0.0,119.86,0.0,0.0,510,1,119.86,Hibernating,0,119.86,16660038.87800003,100.03359433688823,5497
17177.0,119.5,1,40,0.0,0.0,0.0,119.5,0.0,0.0,506,1,119.5,Hibernating,0,119.5,16660158.37800003,100.03431186309635,5498
17170.0,178.68,2,152,-59.7,1.0,6.0,118.98,0.5,0.3341168569509738,375,2,178.68,At Risk,15,89.34,16660277.35800003,100.03502626701469,5499
15843.0,118.95,1,27,0.0,0.0,0.0,118.95,0.0,0.0,304,1,118.95,Hibernating,0,118.95,16660396.30800003,100.03574049080093,5500
17280.0,118.86,1,74,0.0,0.0,0.0,118.86,0.0,0.0,439,1,118.86,Hibernating,0,118.86,16660515.16800003,100.03645417419085,5501
17079.0,118.80000000000001,1,24,0.0,0.0,0.0,118.80000000000001,0.0,0.0,79,1,118.8,Needs Attention,0,118.8,16660633.96800003,100.03716749731659,5502
14155.0,118.75,1,25,0.0,0.0,0.0,118.75,0.0,0.0,267,1,118.75,Hibernating,0,118.75,16660752.71800003,100.03788052022216,5503
14076.0,118.67,1,79,0.0,0.0,0.0,118.67,0.0,0.0,130,1,118.67,Needs Attention,0,118.67,16660871.38800003,100.03859306277543,5504
13257.0,149.75,1,33,-31.799999999999997,2.0,4.0,117.95,2.0,0.21235392320534222,437,1,149.75,Hibernating,0,149.75,16660989.33800003,100.03930128215825,5505
16291.0,117.72,1,1,0.0,0.0,0.0,117.72,0.0,0.0,683,1,117.72,Hibernating,0,117.72,16661107.05800003,100.04000812052828,5506
17654.0,117.55,1,41,0.0,0.0,0.0,117.55,0.0,0.0,278,1,117.55,Hibernating,0,117.55,16661224.60800003,100.04071393814978,5507
15836.0,137.37,1,26,-19.9,1.0,2.0,117.47,1.0,0.14486423527698913,51,1,137.37,New / Promising,0,137.37,16661342.078000031,100.04141927541896,5508
16959.0,117.35000000000001,1,49,0.0,0.0,0.0,117.35000000000001,0.0,0.0,88,1,117.35,Needs Attention,0,117.35,16661459.428000031,100.04212389215974,5509
15409.0,131.25,1,59,-14.05,1.0,5.0,117.2,1.0,0.10704761904761906,722,1,131.25,Hibernating,0,131.25,16661576.62800003,100.04282760823999,5510
14726.0,116.5,1,82,0.0,0.0,0.0,116.5,0.0,0.0,655,1,116.5,Hibernating,0,116.5,16661693.12800003,100.04352712123787,5511
13084.0,122.39999999999999,1,144,-5.949999999999999,1.0,7.0,116.44999999999999,1.0,0.04861111111111111,492,1,122.4,Hibernating,0,122.4,16661809.57800003,100.04422633401558,5512
17117.0,116.2,1,68,0.0,0.0,0.0,116.2,0.0,0.0,289,1,116.2,Hibernating,0,116.2,16661925.778000029,100.04492404569241,5513
14874.0,116.18,1,148,0.0,0.0,0.0,116.18,0.0,0.0,536,1,116.18,Hibernating,0,116.18,16662041.958000029,100.04562163728119,5514
14143.0,115.8,1,30,0.0,0.0,0.0,115.8,0.0,0.0,134,1,115.8,Needs Attention,0,115.8,16662157.75800003,100.04631694719667,5515
16068.0,115.73,1,48,0.0,0.0,0.0,115.73,0.0,0.0,594,1,115.73,Hibernating,0,115.73,16662273.48800003,100.04701183680392,5516
18027.0,115.31,1,78,0.0,0.0,0.0,115.31,0.0,0.0,99,1,115.31,Needs Attention,0,115.31,16662388.79800003,100.04770420456173,5517
18012.0,115.3,1,63,0.0,0.0,0.0,115.3,0.0,0.0,724,1,115.3,Hibernating,0,115.3,16662504.098000031,100.0483965122755,5518
17603.0,1788.38,4,638,-1673.47,7.0,130.0,114.91000000000008,1.75,0.9357463178966439,79,4,1788.38,Potential Loyalists,651,447.095,16662619.008000031,100.04908647827196,5519
17401.0,114.85,1,34,0.0,0.0,0.0,114.85,0.0,0.0,542,1,114.85,Hibernating,0,114.85,16662733.85800003,100.04977608400421,5520
17933.0,114.69,1,63,0.0,0.0,0.0,114.69,0.0,0.0,633,1,114.69,Hibernating,0,114.69,16662848.54800003,100.0504647290319,5521
15905.0,114.69,1,82,0.0,0.0,0.0,114.69,0.0,0.0,544,1,114.69,Hibernating,0,114.69,16662963.23800003,100.05115337405958,5522
13188.0,114.6,1,25,0.0,0.0,0.0,114.6,0.0,0.0,12,1,114.6,New / Promising,0,114.6,16663077.83800003,100.05184147869095,5523
16247.0,114.56,1,182,0.0,0.0,0.0,114.56,0.0,0.0,171,1,114.56,Needs Attention,0,114.56,16663192.39800003,100.05252934314622,5524
14632.0,114.56,1,96,0.0,0.0,0.0,114.56,0.0,0.0,263,1,114.56,Hibernating,0,114.56,16663306.95800003,100.05321720760145,5525
14652.0,114.18,1,53,0.0,0.0,0.0,114.18,0.0,0.0,78,1,114.18,Needs Attention,0,114.18,16663421.13800003,100.05390279038342,5526
12938.0,114.14,1,140,0.0,0.0,0.0,114.14,0.0,0.0,26,1,114.14,New / Promising,0,114.14,16663535.27800003,100.05458813298922,5527
14582.0,114.11,1,73,0.0,0.0,0.0,114.11,0.0,0.0,41,1,114.11,New / Promising,0,114.11,16663649.38800003,100.05527329546294,5528
17275.0,114.1,1,71,0.0,0.0,0.0,114.1,0.0,0.0,384,1,114.1,Hibernating,0,114.1,16663763.48800003,100.05595839789261,5529
15056.0,113.65,1,69,0.0,0.0,0.0,113.65,0.0,0.0,521,1,113.65,Hibernating,0,113.65,16663877.13800003,100.05664079834075,5530
14457.0,113.64,1,88,0.0,0.0,0.0,113.64,0.0,0.0,311,1,113.64,Hibernating,0,113.64,16663990.77800003,100.05732313874486,5531
18105.0,113.48000000000002,1,46,0.0,0.0,0.0,113.48000000000002,0.0,0.0,38,1,113.48000000000002,New / Promising,0,113.48000000000002,16664104.258000031,100.05800451844442,5532
16821.0,113.35,1,13,0.0,0.0,0.0,113.35,0.0,0.0,382,1,113.35,Hibernating,0,113.35,16664217.60800003,100.05868511757154,5533
17784.0,112.86,1,72,0.0,0.0,0.0,112.86,0.0,0.0,551,1,112.86,Hibernating,0,112.86,16664330.46800003,100.05936277454097,5534
18148.0,112.85000000000001,1,63,0.0,0.0,0.0,112.85000000000001,0.0,0.0,647,1,112.85,Hibernating,0,112.85,16664443.31800003,100.06004037146639,5535
14689.0,112.80000000000001,1,76,0.0,0.0,0.0,112.80000000000001,0.0,0.0,209,1,112.8,Hibernating,0,112.8,16664556.11800003,100.06071766817163,5536
16697.0,112.75,1,27,0.0,0.0,0.0,112.75,0.0,0.0,242,1,112.75,Hibernating,0,112.75,16664668.86800003,100.06139466465669,5537
18129.0,112.55000000000001,1,48,0.0,0.0,0.0,112.55000000000001,0.0,0.0,244,1,112.55,Hibernating,0,112.55,16664781.418000031,100.06207046026108,5538
13241.0,112.53,1,46,0.0,0.0,0.0,112.53,0.0,0.0,412,1,112.53,Hibernating,0,112.53,16664893.94800003,100.06274613577739,5539
15899.0,112.5,1,78,0.0,0.0,0.0,112.5,0.0,0.0,369,1,112.5,Hibernating,0,112.5,16665006.44800003,100.0634216311616,5540
15610.0,112.46000000000001,1,66,0.0,0.0,0.0,112.46000000000001,0.0,0.0,52,1,112.46,New / Promising,0,112.46,16665118.908000031,100.06409688636968,5541
13620.0,112.34,1,74,0.0,0.0,0.0,112.34,0.0,0.0,529,1,112.34,Hibernating,0,112.34,16665231.248000031,100.06477142104934,5542
17816.0,112.32,6,96,0.0,0.0,0.0,112.32,0.0,0.0,37,6,112.32,Loyal Customers,688,18.72,16665343.568000032,100.06544583564096,5543
12756.0,112.08,1,144,0.0,0.0,0.0,112.08,0.0,0.0,87,1,112.08,Needs Attention,0,112.08,16665455.648000032,100.06611880917573,5544
13193.0,112.08,1,46,0.0,0.0,0.0,112.08,0.0,0.0,62,1,112.08,Needs Attention,0,112.08,16665567.728000032,100.06679178271052,5545
15317.0,129.75,1,45,-17.700000000000003,1.0,6.0,112.05,1.0,0.13641618497109828,678,1,129.75,Hibernating,0,129.75,16665679.778000033,100.0674645761132,5546
14750.0,112.03,1,65,0.0,0.0,0.0,112.03,0.0,0.0,737,1,112.03,Hibernating,0,112.03,16665791.808000032,100.0681372494278,5547
17957.0,111.68,1,287,0.0,0.0,0.0,111.68,0.0,0.0,67,1,111.68,Needs Attention,0,111.68,16665903.488000032,100.0688078212012,5548
14668.0,111.63,1,49,0.0,0.0,0.0,111.63,0.0,0.0,446,1,111.63,Hibernating,0,111.63,16666015.118000032,100.06947809275447,5549
17304.0,111.5,1,73,0.0,0.0,0.0,111.5,0.0,0.0,535,1,111.5,Hibernating,0,111.5,16666126.618000032,100.07014758373525,5550
17887.0,111.35,1,30,0.0,0.0,0.0,111.35,0.0,0.0,130,1,111.35,Needs Attention,0,111.35,16666237.968000032,100.07081617405554,5551
17208.0,111.15,1,101,0.0,0.0,0.0,111.15,0.0,0.0,396,1,111.15,Hibernating,0,111.15,16666349.118000032,100.07148356349514,5552
15352.0,111.15,1,40,0.0,0.0,0.0,111.15,0.0,0.0,549,1,111.15,Hibernating,0,111.15,16666460.268000033,100.07215095293476,5553
18120.0,111.15,1,31,0.0,0.0,0.0,111.15,0.0,0.0,215,1,111.15,Hibernating,0,111.15,16666571.418000033,100.07281834237436,5554
14464.0,111.0,2,62,0.0,0.0,0.0,111.0,0.0,0.0,569,2,111.0,Hibernating,59,55.5,16666682.418000033,100.07348483115344,5555
12692.0,110.95,1,36,0.0,0.0,0.0,110.95,0.0,0.0,638,1,110.95,Hibernating,0,110.95,16666793.368000032,100.07415101971236,5556
14509.0,110.95,1,38,0.0,0.0,0.0,110.95,0.0,0.0,535,1,110.95,Hibernating,0,110.95,16666904.318000032,100.07481720827127,5557
15537.0,110.92,1,29,0.0,0.0,0.0,110.92,0.0,0.0,164,1,110.92,Needs Attention,0,110.92,16667015.238000032,100.07548321669807,5558
15853.0,110.8,1,135,0.0,0.0,0.0,110.8,0.0,0.0,52,1,110.8,New / Promising,0,110.8,16667126.038000032,100.07614850459649,5559
14787.0,110.65,1,59,0.0,0.0,0.0,110.65,0.0,0.0,472,1,110.65,Hibernating,0,110.65,16667236.688000033,100.0768128918344,5560
16963.0,110.55000000000001,1,35,0.0,0.0,0.0,110.55000000000001,0.0,0.0,188,1,110.55,Needs Attention,0,110.55,16667347.238000033,100.07747667863197,5561
14641.0,110.46000000000001,1,90,0.0,0.0,0.0,110.46000000000001,0.0,0.0,22,1,110.46,New / Promising,0,110.46,16667457.698000034,100.0781399250332,5562
16544.0,376.70000000000005,4,150,-266.40000000000003,2.0,96.0,110.30000000000001,0.5,0.7071940536235731,520,4,376.7000000000001,At Risk,143,94.175,16667567.998000035,100.07880221072992,5563
17836.0,110.21000000000001,1,88,0.0,0.0,0.0,110.21000000000001,0.0,0.0,48,1,110.21,New / Promising,0,110.21,16667678.208000036,100.07946395603031,5564
17909.0,110.05,1,35,0.0,0.0,0.0,110.05,0.0,0.0,738,1,110.05,Hibernating,0,110.05,16667788.258000037,100.08012474062615,5565
15851.0,109.73,1,67,0.0,0.0,0.0,109.73,0.0,0.0,527,1,109.73,Hibernating,0,109.73,16667897.988000037,100.08078360381292,5566
14033.0,109.44,1,576,0.0,0.0,0.0,109.44,0.0,0.0,556,1,109.44,Hibernating,0,109.44,16668007.428000037,100.08144072572267,5567
16363.0,109.36000000000001,1,52,0.0,0.0,0.0,109.36000000000001,0.0,0.0,54,1,109.36,New / Promising,0,109.36,16668116.788000036,100.08209736728016,5568
16064.0,109.31,1,55,0.0,0.0,0.0,109.31,0.0,0.0,726,1,109.31,Hibernating,0,109.31,16668226.098000037,100.08275370861747,5569
16664.0,109.2,1,24,0.0,0.0,0.0,109.2,0.0,0.0,570,1,109.2,Hibernating,0,109.2,16668335.298000036,100.08340938947042,5570
14721.0,109.07,1,57,0.0,0.0,0.0,109.07,0.0,0.0,380,1,109.07,Hibernating,0,109.07,16668444.368000036,100.08406428975091,5571
14345.0,108.98,1,50,0.0,0.0,0.0,108.98,0.0,0.0,39,1,108.98,New / Promising,0,108.98,16668553.348000037,100.08471864963511,5572
13170.0,108.81,1,141,0.0,0.0,0.0,108.81,0.0,0.0,27,1,108.81,New / Promising,0,108.81,16668662.158000037,100.08537198877072,5573
15875.0,108.52,1,74,0.0,0.0,0.0,108.52,0.0,0.0,647,1,108.52,Hibernating,0,108.52,16668770.678000037,100.08602358662935,5574
16106.0,108.38,1,74,0.0,0.0,0.0,108.38,0.0,0.0,66,1,108.38,Needs Attention,0,108.38,16668879.058000037,100.08667434387148,5575
15935.0,416.86,2,115,-308.82,1.0,286.0,108.04000000000002,0.5,0.7408242575444993,240,2,416.86,Hibernating,2,208.43,16668987.098000037,100.08732305961647,5576
14374.0,108.0,1,20,0.0,0.0,0.0,108.0,0.0,0.0,542,1,108.0,Hibernating,0,108.0,16669095.098000037,100.08797153518532,5577
14661.0,107.95,1,35,0.0,0.0,0.0,107.95,0.0,0.0,27,1,107.95,New / Promising,0,107.95,16669203.048000036,100.08861971053398,5578
13580.0,107.75,1,45,0.0,0.0,0.0,107.75,0.0,0.0,407,1,107.75,Hibernating,0,107.75,16669310.798000036,100.08926668500197,5579
14943.0,107.62,1,46,0.0,0.0,0.0,107.62,0.0,0.0,664,1,107.62,Hibernating,0,107.62,16669418.418000035,100.08991287889752,5580
15395.0,107.45,1,17,0.0,0.0,0.0,107.45,0.0,0.0,326,1,107.45,Hibernating,0,107.45,16669525.868000034,100.09055805204447,5581
16301.0,107.33,1,41,0.0,0.0,0.0,107.33,0.0,0.0,737,1,107.33,Hibernating,0,107.33,16669633.198000034,100.09120250466303,5582
15328.0,107.24,1,88,0.0,0.0,0.0,107.24,0.0,0.0,408,1,107.24,Hibernating,0,107.24,16669740.438000035,100.09184641688529,5583
17893.0,107.21,1,149,0.0,0.0,0.0,107.21,0.0,0.0,226,1,107.21,Hibernating,0,107.21,16669847.648000035,100.09249014897543,5584
16047.0,107.14,1,1,0.0,0.0,0.0,107.14,0.0,0.0,683,1,107.14,Hibernating,0,107.14,16669954.788000036,100.09313346075734,5585
15846.0,107.01,1,79,0.0,0.0,0.0,107.01,0.0,0.0,386,1,107.01,Hibernating,0,107.01,16670061.798000036,100.09377599196681,5586
16082.0,106.75,1,39,0.0,0.0,0.0,106.75,0.0,0.0,671,1,106.75,Hibernating,0,106.75,16670168.548000036,100.09441696203139,5587
14637.0,106.68,1,100,0.0,0.0,0.0,106.68,0.0,0.0,678,1,106.68,Hibernating,0,106.68,16670275.228000036,100.09505751178772,5588
15168.0,106.56,1,52,0.0,0.0,0.0,106.56,0.0,0.0,26,1,106.56,New / Promising,0,106.56,16670381.788000036,100.09569734101564,5589
15927.0,106.54,1,66,0.0,0.0,0.0,106.54,0.0,0.0,648,1,106.54,Hibernating,0,106.54,16670488.328000035,100.0963370501555,5590
17791.0,106.1,1,46,0.0,0.0,0.0,106.1,0.0,0.0,30,1,106.1,New / Promising,0,106.1,16670594.428000035,100.09697411735785,5591
18103.0,105.8,1,23,0.0,0.0,0.0,105.8,0.0,0.0,550,1,105.8,Hibernating,0,105.8,16670700.228000036,100.09760938323919,5592
15642.0,105.78,1,270,0.0,0.0,0.0,105.78,0.0,0.0,730,1,105.78,Hibernating,0,105.78,16670806.008000035,100.09824452903244,5593
14579.0,105.56,1,56,0.0,0.0,0.0,105.56,0.0,0.0,433,1,105.56,Hibernating,0,105.56,16670911.568000035,100.09887835385696,5594
15340.0,105.5,1,76,0.0,0.0,0.0,105.5,0.0,0.0,562,1,105.5,Hibernating,0,105.5,16671017.068000035,100.09951181841727,5595
12929.0,117.85,1,37,-12.75,1.0,1.0,105.1,1.0,0.10818837505303353,312,1,117.85,Hibernating,0,117.85,16671122.168000035,100.1001428812162,5596
14027.0,104.82,1,62,0.0,0.0,0.0,104.82,0.0,0.0,61,1,104.82,Needs Attention,0,104.82,16671226.988000035,100.1007722627822,5597
17328.0,104.7,1,86,0.0,0.0,0.0,104.7,0.0,0.0,674,1,104.7,Hibernating,0,104.7,16671331.688000035,100.10140092381977,5598
16630.0,106.80000000000001,1,72,-2.5,1.0,2.0,104.30000000000001,1.0,0.02340823970037453,408,1,106.8,Hibernating,0,106.8,16671435.988000035,100.10202718309597,5599
16547.0,104.25999999999999,1,108,0.0,0.0,0.0,104.25999999999999,0.0,0.0,547,1,104.26,Hibernating,0,104.26,16671540.248000035,100.10265320219605,5600
16375.0,104.0,2,74,0.0,0.0,0.0,104.0,0.0,0.0,471,2,104.0,Hibernating,0,52.0,16671644.248000035,100.10327766015124,5601
16896.0,103.95,1,18,0.0,0.0,0.0,103.95,0.0,0.0,556,1,103.95,Hibernating,0,103.95,16671748.198000034,100.10390181788624,5602
14542.0,103.25,1,19,0.0,0.0,0.0,103.25,0.0,0.0,186,1,103.25,Needs Attention,0,103.25,16671851.448000034,100.10452177253886,5603
15924.0,102.82,1,103,0.0,0.0,0.0,102.82,0.0,0.0,732,1,102.82,Hibernating,0,102.82,16671954.268000035,100.10513914529801,5604
16396.0,137.8,1,80,-35.1,2.0,34.0,102.70000000000002,2.0,0.25471698113207547,477,1,137.8,Hibernating,0,137.8,16672056.968000034,100.10575579752876,5605
18124.0,102.65,1,47,0.0,0.0,0.0,102.65,0.0,0.0,473,1,102.65,Hibernating,0,102.65,16672159.618000034,100.10637214953933,5606
17467.0,102.6,1,20,0.0,0.0,0.0,102.6,0.0,0.0,396,1,102.6,Hibernating,0,102.6,16672262.218000034,100.10698820132973,5607
14836.0,102.45,3,45,0.0,0.0,0.0,102.45,0.0,0.0,11,3,102.45,Loyal Customers,20,34.15,16672364.668000033,100.10760335245963,5608
16462.0,136.0,3,16,-34.0,1.0,4.0,102.0,0.3333333333333333,0.25,74,3,136.0,Potential Loyalists,210,45.333333333333336,16672466.668000033,100.10821580160798,5609
15486.0,102.0,1,40,0.0,0.0,0.0,102.0,0.0,0.0,528,1,102.0,Hibernating,0,102.0,16672568.668000033,100.10882825075633,5610
18068.0,101.7,1,6,0.0,0.0,0.0,101.7,0.0,0.0,290,1,101.7,Hibernating,0,101.7,16672670.368000032,100.10943889858366,5611
16516.0,101.69999999999999,1,58,0.0,0.0,0.0,101.69999999999999,0.0,0.0,31,1,101.7,New / Promising,0,101.7,16672772.068000032,100.11004954641098,5612
16944.0,101.36,1,27,0.0,0.0,0.0,101.36,0.0,0.0,610,1,101.36,Hibernating,0,101.36,16672873.428000031,100.11065815274114,5613
18086.0,101.34,1,106,0.0,0.0,0.0,101.34,0.0,0.0,275,1,101.34,Hibernating,0,101.34,16672974.76800003,100.11126663898324,5614
13235.0,1031.07,1,441,-929.9,1.0,1.0,101.16999999999996,1.0,0.9018786309367939,213,1,1031.07,Hibernating,0,1031.07,16673075.93800003,100.11187410447675,5615
18195.0,101.16,1,60,0.0,0.0,0.0,101.16,0.0,0.0,388,1,101.16,Hibernating,0,101.16,16673177.098000031,100.11248150992624,5616
13011.0,101.10000000000001,1,26,0.0,0.0,0.0,101.10000000000001,0.0,0.0,373,1,101.1,Hibernating,0,101.1,16673278.19800003,100.11308855511152,5617
17741.0,101.1,2,114,0.0,0.0,0.0,101.1,0.0,0.0,407,2,101.1,At Risk,154,50.55,16673379.29800003,100.1136956002968,5618
17493.0,100.91,1,62,0.0,0.0,0.0,100.91,0.0,0.0,386,1,100.91,Hibernating,0,100.91,16673480.20800003,100.11430150464543,5619
14946.0,100.9,1,22,0.0,0.0,0.0,100.9,0.0,0.0,15,1,100.9,New / Promising,0,100.9,16673581.10800003,100.11490734895003,5620
17224.0,100.86000000000001,1,65,0.0,0.0,0.0,100.86000000000001,0.0,0.0,502,1,100.86,Hibernating,0,100.86,16673681.96800003,100.11551295307848,5621
17427.0,100.8,1,34,0.0,0.0,0.0,100.8,0.0,0.0,72,1,100.8,Needs Attention,0,100.8,16673782.76800003,100.11611819694275,5622
14371.0,100.5,1,34,0.0,0.0,0.0,100.5,0.0,0.0,296,1,100.5,Hibernating,0,100.5,16673883.26800003,100.11672163948597,5623
15635.0,100.35,1,5,0.0,0.0,0.0,100.35,0.0,0.0,396,1,100.35,Hibernating,0,100.35,16673983.61800003,100.1173241813687,5624
13703.0,425.56,2,128,-326.06,1.0,118.0,99.5,0.5,0.7661904314315255,319,2,425.56,Hibernating,97,212.78,16674083.11800003,100.1179216195085,5625
17939.0,99.14,1,40,0.0,0.0,0.0,99.14,0.0,0.0,160,1,99.14,Needs Attention,0,99.14,16674182.258000031,100.11851689606308,5626
16289.0,136.31,1,97,-37.5,1.0,10.0,98.81,1.0,0.2751082092289634,463,1,136.31,Hibernating,0,136.31,16674281.068000032,100.11911019116455,5627
12774.0,98.7,1,53,0.0,0.0,0.0,98.7,0.0,0.0,536,1,98.7,Hibernating,0,98.7,16674379.76800003,100.11970282578164,5628
17538.0,98.42,1,134,0.0,0.0,0.0,98.42,0.0,0.0,26,1,98.42,New / Promising,0,98.42,16674478.18800003,100.12029377916576,5629
16694.0,98.30000000000001,1,26,0.0,0.0,0.0,98.30000000000001,0.0,0.0,724,1,98.3,Hibernating,0,98.3,16674576.488000032,100.12088401202148,5630
12984.0,97.5,1,26,0.0,0.0,0.0,97.5,0.0,0.0,19,1,97.5,New / Promising,0,97.5,16674673.988000032,100.12146944135448,5631
17395.0,97.5,1,66,0.0,0.0,0.0,97.5,0.0,0.0,509,1,97.5,Hibernating,0,97.5,16674771.488000032,100.12205487068744,5632
14642.0,96.12,1,76,0.0,0.0,0.0,96.12,0.0,0.0,59,1,96.12,New / Promising,0,96.12,16674867.60800003,100.12263201394371,5633
13793.0,96.0,1,52,0.0,0.0,0.0,96.0,0.0,0.0,647,1,96.0,Hibernating,0,96.0,16674963.60800003,100.12320843667158,5634
15583.0,95.96,1,56,0.0,0.0,0.0,95.96,0.0,0.0,377,1,95.96,Hibernating,0,95.96,16675059.568000032,100.12378461922331,5635
17024.0,95.85,3,69,0.0,0.0,0.0,95.85,0.0,0.0,46,3,95.85,Loyal Customers,112,31.95,16675155.418000031,100.12436014129065,5636
17895.0,95.45,1,127,0.0,0.0,0.0,95.45,0.0,0.0,45,1,95.45,New / Promising,0,95.45,16675250.86800003,100.12493326159664,5637
18249.0,95.34,1,128,0.0,0.0,0.0,95.34,0.0,0.0,18,1,95.34,New / Promising,0,95.34,16675346.20800003,100.12550572141825,5638
12548.0,95.19999999999999,1,49,0.0,0.0,0.0,95.19999999999999,0.0,0.0,167,1,95.2,Needs Attention,0,95.2,16675441.40800003,100.12607734062338,5639
15285.0,94.92,1,120,0.0,0.0,0.0,94.92,0.0,0.0,408,1,94.92,Hibernating,0,94.92,16675536.32800003,100.12664727859556,5640
14833.0,94.8,1,58,0.0,0.0,0.0,94.8,0.0,0.0,499,1,94.8,Hibernating,0,94.8,16675631.12800003,100.12721649603931,5641
15868.0,94.53,1,57,0.0,0.0,0.0,94.53,0.0,0.0,584,1,94.53,Hibernating,0,94.53,16675725.65800003,100.12778409229415,5642
16073.0,122.4,1,48,-28.05,1.0,11.0,94.35000000000001,1.0,0.22916666666666666,298,1,122.4,Hibernating,0,122.4,16675820.00800003,100.12835060775637,5643
16339.0,94.05,1,21,0.0,0.0,0.0,94.05,0.0,0.0,285,1,94.05,Hibernating,0,94.05,16675914.05800003,100.12891532189758,5644
15397.0,94.0,1,20,0.0,0.0,0.0,94.0,0.0,0.0,290,1,94.0,Hibernating,0,94.0,16676008.05800003,100.1294797358186,5645
18033.0,93.82000000000001,1,252,0.0,0.0,0.0,93.82000000000001,0.0,0.0,66,1,93.82,Needs Attention,0,93.82,16676101.87800003,100.13004306894702,5646
14394.0,93.8,1,58,0.0,0.0,0.0,93.8,0.0,0.0,565,1,93.8,Hibernating,0,93.8,16676195.678000031,100.13060628198738,5647
18227.0,388.75,2,22,-295.0,1.0,1.0,93.75,0.5,0.7588424437299035,218,2,388.75,At Risk,267,194.375,16676289.428000031,100.13116919480755,5648
15305.0,93.6,1,40,0.0,0.0,0.0,93.6,0.0,0.0,556,1,93.6,Hibernating,0,93.6,16676383.02800003,100.13173120696722,5649
15082.0,93.35000000000001,1,43,0.0,0.0,0.0,93.35000000000001,0.0,0.0,669,1,93.35,Hibernating,0,93.35,16676476.37800003,100.13229171802602,5650
12992.0,93.35,1,21,0.0,0.0,0.0,93.35,0.0,0.0,726,1,93.35,Hibernating,0,93.35,16676569.72800003,100.13285222908483,5651
15816.0,144.15,2,54,-50.85,1.0,3.0,93.30000000000001,0.5,0.35275754422476585,543,2,144.15,Hibernating,0,72.075,16676663.02800003,100.13341243992349,5652
16196.0,93.3,1,26,0.0,0.0,0.0,93.3,0.0,0.0,489,1,93.3,Hibernating,0,93.3,16676756.328000031,100.13397265076213,5653
14054.0,92.46000000000001,1,62,0.0,0.0,0.0,92.46000000000001,0.0,0.0,66,1,92.46,Needs Attention,0,92.46,16676848.788000032,100.13452781790191,5654
16831.0,91.8,1,48,0.0,0.0,0.0,91.8,0.0,0.0,565,1,91.8,Hibernating,0,91.8,16676940.588000033,100.13507902213543,5655
13160.0,91.8,1,56,0.0,0.0,0.0,91.8,0.0,0.0,23,1,91.8,New / Promising,0,91.8,16677032.388000034,100.13563022636896,5656
12659.0,91.68,1,105,0.0,0.0,0.0,91.68,0.0,0.0,30,1,91.68,New / Promising,0,91.68,16677124.068000033,100.13618071007406,5657
13392.0,91.14,1,82,0.0,0.0,0.0,91.14,0.0,0.0,678,1,91.14,Hibernating,0,91.14,16677215.208000034,100.13672795140131,5658
14786.0,90.96,1,112,0.0,0.0,0.0,90.96,0.0,0.0,551,1,90.96,Hibernating,0,90.96,16677306.168000035,100.13727411193598,5659
13947.0,90.60000000000001,1,44,0.0,0.0,0.0,90.60000000000001,0.0,0.0,66,1,90.6,Needs Attention,0,90.6,16677396.768000035,100.1378181108854,5660
14435.0,90.42,1,282,0.0,0.0,0.0,90.42,0.0,0.0,502,1,90.42,Hibernating,0,90.42,16677487.188000035,100.13836102904222,5661
16506.0,90.30000000000001,2,42,0.0,0.0,0.0,90.30000000000001,0.0,0.0,20,2,90.3,New / Promising,21,45.150000000000006,16677577.488000035,100.1389032266706,5662
16597.0,90.04,1,184,0.0,0.0,0.0,90.04,0.0,0.0,5,1,90.04,New / Promising,0,90.04,16677667.528000034,100.1394438631541,5663
15686.0,90.0,1,72,0.0,0.0,0.0,90.0,0.0,0.0,421,1,90.0,Hibernating,0,90.0,16677757.528000034,100.13998425946147,5664
14117.0,90.0,1,72,0.0,0.0,0.0,90.0,0.0,0.0,144,1,90.0,Needs Attention,0,90.0,16677847.528000034,100.14052465576884,5665
14974.0,89.94,1,37,0.0,0.0,0.0,89.94,0.0,0.0,38,1,89.94,New / Promising,0,89.94,16677937.468000034,100.141064691812,5666
13535.0,89.5,1,10,0.0,0.0,0.0,89.5,0.0,0.0,403,1,89.5,Hibernating,0,89.5,16678026.968000034,100.14160208591767,5667
13222.0,88.5,1,30,0.0,0.0,0.0,88.5,0.0,0.0,578,1,88.5,Hibernating,0,88.5,16678115.468000034,100.14213347561991,5668
15083.0,88.2,1,38,0.0,0.0,0.0,88.2,0.0,0.0,257,1,88.2,Hibernating,0,88.2,16678203.668000033,100.14266306400113,5669
16564.0,87.80000000000001,1,40,0.0,0.0,0.0,87.80000000000001,0.0,0.0,570,1,87.80000000000001,Hibernating,0,87.80000000000001,16678291.468000034,100.14319025062099,5670
17606.0,87.30000000000001,1,42,0.0,0.0,0.0,87.30000000000001,0.0,0.0,738,1,87.30000000000001,Hibernating,0,87.30000000000001,16678378.768000035,100.14371443503916,5671
16498.0,100.97,2,45,-14.85,1.0,3.0,86.12,0.5,0.14707338813508963,162,2,100.97,Needs Attention,1,50.485,16678464.888000034,100.14423153426127,5672
13180.0,86.10000000000001,1,42,0.0,0.0,0.0,86.10000000000001,0.0,0.0,608,1,86.10000000000001,Hibernating,0,86.10000000000001,16678550.988000033,100.14474851339531,5673
15541.0,85.13000000000001,1,49,0.0,0.0,0.0,85.13000000000001,0.0,0.0,115,1,85.13000000000001,Needs Attention,0,85.13000000000001,16678636.118000034,100.14525966825805,5674
13841.0,85.0,1,100,0.0,0.0,0.0,85.0,0.0,0.0,253,1,85.0,Hibernating,0,85.0,16678721.118000034,100.14577004254835,5675
12401.0,84.3,1,11,0.0,0.0,0.0,84.3,0.0,0.0,304,1,84.3,Hibernating,0,84.3,16678805.418000035,100.14627621375627,5676
15094.0,83.0,2,28,0.0,0.0,0.0,83.0,0.0,0.0,464,2,83.0,Hibernating,181,41.5,16678888.418000035,100.14677457923973,5677
14347.0,82.60000000000001,1,48,0.0,0.0,0.0,82.60000000000001,0.0,0.0,737,1,82.60000000000001,Hibernating,0,82.60000000000001,16678971.018000035,100.14727054296182,5678
13469.0,82.4,1,52,0.0,0.0,0.0,82.4,0.0,0.0,654,1,82.4,Hibernating,0,82.4,16679053.418000035,100.14776530580323,5679
17065.0,194.7,2,82,-112.35,1.0,1.0,82.35,0.5,0.5770416024653313,638,2,194.7,At Risk,0,97.35,16679135.768000035,100.14825976842448,5680
16028.0,82.2,1,18,0.0,0.0,0.0,82.2,0.0,0.0,596,1,82.2,Hibernating,0,82.2,16679217.968000034,100.1487533303852,5681
13215.0,81.6,1,96,0.0,0.0,0.0,81.6,0.0,0.0,403,1,81.6,Hibernating,0,81.6,16679299.568000033,100.14924328970389,5682
13006.0,81.57,1,55,0.0,0.0,0.0,81.57,0.0,0.0,57,1,81.57,New / Promising,0,81.57,16679381.138000034,100.14973306889046,5683
17620.0,81.44,1,60,0.0,0.0,0.0,81.44,0.0,0.0,60,1,81.44,Needs Attention,0,81.44,16679462.578000033,100.15022206750459,5684
17008.0,81.36,1,24,0.0,0.0,0.0,81.36,0.0,0.0,430,1,81.36,Hibernating,0,81.36,16679543.938000033,100.15071058576646,5685
15170.0,81.15,1,33,0.0,0.0,0.0,81.15,0.0,0.0,407,1,81.15,Hibernating,0,81.15,16679625.088000033,100.1511978431036,5686
17336.0,81.12,1,48,0.0,0.0,0.0,81.12,0.0,0.0,473,1,81.12,Hibernating,0,81.12,16679706.208000032,100.15168492030864,5687
16789.0,80.80000000000001,1,32,0.0,0.0,0.0,80.80000000000001,0.0,0.0,9,1,80.80000000000001,New / Promising,0,80.80000000000001,16679787.008000033,100.1521700761046,5688
17752.0,80.64,1,192,0.0,0.0,0.0,80.64,0.0,0.0,360,1,80.64,Hibernating,0,80.64,16679867.648000034,100.15265427119601,5689
15833.0,80.4,1,24,0.0,0.0,0.0,80.4,0.0,0.0,738,1,80.4,Hibernating,0,80.4,16679948.048000034,100.15313702523059,5690
15131.0,80.28,1,88,0.0,0.0,0.0,80.28,0.0,0.0,395,1,80.28,Hibernating,0,80.28,16680028.328000033,100.15361905873677,5691
14109.0,144.2,1,88,-64.0,1.0,32.0,80.19999999999999,1.0,0.44382801664355065,73,1,144.2,Needs Attention,0,144.2,16680108.528000033,100.15410061189066,5692
16165.0,79.9,1,2,0.0,0.0,0.0,79.9,0.0,0.0,506,1,79.9,Hibernating,0,79.9,16680188.428000033,100.15458036372354,5693
14190.0,79.9,1,2,0.0,0.0,0.0,79.9,0.0,0.0,667,1,79.9,Hibernating,0,79.9,16680268.328000033,100.15506011555641,5694
14589.0,79.5,1,10,0.0,0.0,0.0,79.5,0.0,0.0,372,1,79.5,Hibernating,0,79.5,16680347.828000033,100.15553746562793,5695
14007.0,79.48,1,16,0.0,0.0,0.0,79.48,0.0,0.0,513,1,79.48,Hibernating,0,79.48,16680427.308000034,100.15601469561138,5696
15753.0,79.2,1,144,0.0,0.0,0.0,79.2,0.0,0.0,305,1,79.2,Hibernating,0,79.2,16680506.508000033,100.15649024436186,5697
12570.0,77.52,1,1,0.0,0.0,0.0,77.52,0.0,0.0,683,1,77.52,Hibernating,0,77.52,16680584.028000033,100.15695570571461,5698
17942.0,77.50000000000001,1,38,0.0,0.0,0.0,77.50000000000001,0.0,0.0,8,1,77.50000000000001,New / Promising,0,77.50000000000001,16680661.528000033,100.1574210469793,5699
14785.0,77.4,2,84,0.0,0.0,0.0,77.4,0.0,0.0,11,2,77.4,New / Promising,5,38.7,16680738.928000033,100.15788578780362,5700
13132.0,77.3,1,20,0.0,0.0,0.0,77.3,0.0,0.0,262,1,77.3,Hibernating,0,77.3,16680816.228000034,100.15834992818762,5701
16867.0,76.74000000000001,1,58,0.0,0.0,0.0,76.74000000000001,0.0,0.0,690,1,76.74000000000001,Hibernating,0,76.74000000000001,16680892.968000034,100.15881070610571,5702
14373.0,76.55,1,17,0.0,0.0,0.0,76.55,0.0,0.0,359,1,76.55,Hibernating,0,76.55,16680969.518000035,100.15927034318715,5703
14090.0,76.32000000000001,1,72,0.0,0.0,0.0,76.32000000000001,0.0,0.0,325,1,76.32000000000001,Hibernating,0,76.32000000000001,16681045.838000035,100.1597285992558,5704
14613.0,76.32000000000001,1,72,0.0,0.0,0.0,76.32000000000001,0.0,0.0,681,1,76.32000000000001,Hibernating,0,76.32000000000001,16681122.158000035,100.16018685532447,5705
15668.0,76.32000000000001,1,72,0.0,0.0,0.0,76.32000000000001,0.0,0.0,218,1,76.32000000000001,Hibernating,0,76.32000000000001,16681198.478000036,100.16064511139311,5706
13219.0,76.23,1,11,0.0,0.0,0.0,76.23,0.0,0.0,619,1,76.23,Hibernating,0,76.23,16681274.708000036,100.16110282706545,5707
17628.0,75.75,1,79,0.0,0.0,0.0,75.75,0.0,0.0,82,1,75.75,Needs Attention,0,75.75,16681350.458000036,100.16155766062415,5708
16610.0,75.66,1,66,0.0,0.0,0.0,75.66,0.0,0.0,220,1,75.66,Hibernating,0,75.66,16681426.118000036,100.16201195378656,5709
14559.0,75.6,1,72,0.0,0.0,0.0,75.6,0.0,0.0,391,1,75.6,Hibernating,0,75.6,16681501.718000036,100.16246588668474,5710
17192.0,75.28,1,45,0.0,0.0,0.0,75.28,0.0,0.0,537,1,75.28,Hibernating,0,75.28,16681576.998000035,100.16291789817384,5711
16420.0,75.0,1,120,0.0,0.0,0.0,75.0,0.0,0.0,397,1,75.0,Hibernating,0,75.0,16681651.998000035,100.16336822842997,5712
17944.0,74.99,1,84,0.0,0.0,0.0,74.99,0.0,0.0,424,1,74.99,Hibernating,0,74.99,16681726.988000035,100.16381849864209,5713
15603.0,88.48,2,128,-13.75,1.0,11.0,74.73,0.5,0.1554023508137432,79,2,88.48,Needs Attention,570,44.24,16681801.718000036,100.1642672077093,5714
13095.0,74.39999999999999,1,144,0.0,0.0,0.0,74.39999999999999,0.0,0.0,71,1,74.39999999999999,Needs Attention,0,74.39999999999999,16681876.118000036,100.1647139353234,5715
18032.0,73.5,1,42,0.0,0.0,0.0,73.5,0.0,0.0,335,1,73.5,Hibernating,0,73.5,16681949.618000036,100.16515525897442,5716
12506.0,73.5,1,23,0.0,0.0,0.0,73.5,0.0,0.0,233,1,73.5,Hibernating,0,73.5,16682023.118000036,100.16559658262545,5717
16171.0,73.19999999999999,1,24,0.0,0.0,0.0,73.19999999999999,0.0,0.0,60,1,73.19999999999999,Needs Attention,0,73.19999999999999,16682096.318000035,100.16603610495542,5718
17906.0,72.9,1,26,0.0,0.0,0.0,72.9,0.0,0.0,248,1,72.9,Hibernating,0,72.9,16682169.218000036,100.1664738259644,5719
14717.0,81.3,1,32,-8.5,1.0,2.0,72.8,1.0,0.1045510455104551,734,1,81.3,Hibernating,0,81.3,16682242.018000036,100.16691094653302,5720
13105.0,72.0,1,100,0.0,0.0,0.0,72.0,0.0,0.0,437,1,72.0,Hibernating,0,72.0,16682314.018000036,100.16734326357894,5721
16459.0,71.78999999999999,1,59,0.0,0.0,0.0,71.78999999999999,0.0,0.0,730,1,71.78999999999999,Hibernating,0,71.78999999999999,16682385.808000036,100.1677743197001,5722
13938.0,71.66,1,70,0.0,0.0,0.0,71.66,0.0,0.0,36,1,71.66,New / Promising,0,71.66,16682457.468000036,100.16820459524884,5723
13185.0,71.4,1,12,0.0,0.0,0.0,71.4,0.0,0.0,268,1,71.4,Hibernating,0,71.4,16682528.868000036,100.16863330965269,5724
16970.0,71.4,1,12,0.0,0.0,0.0,71.4,0.0,0.0,627,1,71.4,Hibernating,0,71.4,16682600.268000036,100.16906202405656,5725
14576.0,70.80000000000001,1,24,0.0,0.0,0.0,70.80000000000001,0.0,0.0,373,1,70.80000000000001,Hibernating,0,70.80000000000001,16682671.068000037,100.16948713581834,5726
15564.0,70.74000000000001,2,42,0.0,0.0,0.0,70.74000000000001,0.0,0.0,464,2,70.74000000000001,Hibernating,213,35.370000000000005,16682741.808000037,100.16991188731595,5727
16581.0,105.84,1,134,-35.400000000000006,1.0,12.0,70.44,1.0,0.33446712018140595,183,1,105.84,Needs Attention,0,105.84,16682812.248000037,100.17033483749252,5728
12568.0,70.0,1,48,0.0,0.0,0.0,70.0,0.0,0.0,645,1,70.0,Hibernating,0,70.0,16682882.248000037,100.17075514573158,5729
13172.0,69.6,1,48,0.0,0.0,0.0,69.6,0.0,0.0,401,1,69.6,Hibernating,0,69.6,16682951.848000037,100.17117305220926,5730
12861.0,68.25,1,27,0.0,0.0,0.0,68.25,0.0,0.0,620,1,68.25,Hibernating,0,68.25,16683020.098000037,100.17158285274238,5731
17249.0,68.03,1,79,0.0,0.0,0.0,68.03,0.0,0.0,429,1,68.03,Hibernating,0,68.03,16683088.128000036,100.1719913323067,5732
14393.0,67.95,1,13,0.0,0.0,0.0,67.95,0.0,0.0,219,1,67.95,Hibernating,0,67.95,16683156.078000035,100.17239933151876,5733
17532.0,65.34,1,30,0.0,0.0,0.0,65.34,0.0,0.0,386,1,65.34,Hibernating,0,65.34,16683221.418000035,100.17279165923792,5734
13022.0,65.3,1,35,0.0,0.0,0.0,65.3,0.0,0.0,430,1,65.3,Hibernating,0,65.3,16683286.718000036,100.17318374678092,5735
17747.0,71.4,1,12,-6.75,1.0,1.0,64.65,1.0,0.09453781512605042,113,1,71.4,Needs Attention,0,71.4,16683351.368000036,100.17357193146172,5736
13130.0,64.0,1,32,0.0,0.0,0.0,64.0,0.0,0.0,95,1,64.0,Needs Attention,0,64.0,16683415.368000036,100.17395621328029,5737
16238.0,63.66,1,85,0.0,0.0,0.0,63.66,0.0,0.0,423,1,63.66,Hibernating,0,63.66,16683479.028000036,100.1743384536017,5738
17216.0,63.6,1,21,0.0,0.0,0.0,63.6,0.0,0.0,555,1,63.6,Hibernating,0,63.6,16683542.628000036,100.17472033365891,5739
17263.0,63.440000000000005,1,36,0.0,0.0,0.0,63.440000000000005,0.0,0.0,209,1,63.440000000000005,Hibernating,0,63.440000000000005,16683606.068000035,100.17510125301156,5740
15470.0,63.419999999999995,1,232,0.0,0.0,0.0,63.419999999999995,0.0,0.0,576,1,63.42,Hibernating,0,63.42,16683669.488000035,100.17548205227618,5741
12404.0,63.24,1,1,0.0,0.0,0.0,63.24,0.0,0.0,683,1,63.24,Hibernating,0,63.24,16683732.728000036,100.17586177074816,5742
16058.0,62.7,1,18,0.0,0.0,0.0,62.7,0.0,0.0,407,1,62.7,Hibernating,0,62.7,16683795.428000035,100.17623824684227,5743
13218.0,62.64,1,88,0.0,0.0,0.0,62.64,0.0,0.0,128,1,62.64,Needs Attention,0,62.64,16683858.068000035,100.1766143626722,5744
14650.0,62.5,1,22,0.0,0.0,0.0,62.5,0.0,0.0,590,1,62.5,Hibernating,0,62.5,16683920.568000035,100.17698963788565,5745
15516.0,62.43,3,27,0.0,0.0,0.0,62.43,0.0,0.0,45,3,62.43,Loyal Customers,2,20.81,16683982.998000035,100.17736449279087,5746
13380.0,62.4,1,48,0.0,0.0,0.0,62.4,0.0,0.0,433,1,62.4,Hibernating,0,62.4,16684045.398000035,100.17773916756398,5747
13303.0,61.72,1,26,0.0,0.0,0.0,61.72,0.0,0.0,401,1,61.72,Hibernating,0,61.72,16684107.118000036,100.17810975934279,5748
13818.0,61.28,1,60,0.0,0.0,0.0,61.28,0.0,0.0,430,1,61.28,Hibernating,0,61.28,16684168.398000035,100.17847770918407,5749
15375.0,60.959999999999994,1,84,0.0,0.0,0.0,60.959999999999994,0.0,0.0,691,1,60.96,Hibernating,0,60.96,16684229.358000036,100.17884373761625,5750
18256.0,110.69999999999999,1,180,-50.099999999999994,1.0,70.0,60.599999999999994,1.0,0.45257452574525747,388,1,110.7,Hibernating,0,110.7,16684289.958000036,100.17920760446322,5751
16605.0,60.48,1,144,0.0,0.0,0.0,60.48,0.0,0.0,725,1,60.48,Hibernating,0,60.48,16684350.438000036,100.17957075078176,5752
15250.0,60.0,1,48,0.0,0.0,0.0,60.0,0.0,0.0,641,1,60.0,Hibernating,0,60.0,16684410.438000036,100.17993101498668,5753
17174.0,59.9,1,41,0.0,0.0,0.0,59.9,0.0,0.0,218,1,59.9,Hibernating,0,59.9,16684470.338000037,100.18029067875128,5754
13391.0,59.8,1,4,0.0,0.0,0.0,59.8,0.0,0.0,204,1,59.8,Hibernating,0,59.8,16684530.138000038,100.1806497420755,5755
13682.0,59.5,1,10,0.0,0.0,0.0,59.5,0.0,0.0,188,1,59.5,Needs Attention,0,59.5,16684589.638000038,100.18100700407871,5756
15371.0,59.400000000000006,1,12,0.0,0.0,0.0,59.400000000000006,0.0,0.0,663,1,59.400000000000006,Hibernating,0,59.400000000000006,16684649.038000038,100.18136366564157,5757
15233.0,59.400000000000006,1,12,0.0,0.0,0.0,59.400000000000006,0.0,0.0,402,1,59.400000000000006,Hibernating,0,59.400000000000006,16684708.438000038,100.18172032720443,5758
14384.0,58.5,1,30,0.0,0.0,0.0,58.5,0.0,0.0,501,1,58.5,Hibernating,0,58.5,16684766.938000038,100.18207158480423,5759
12466.0,56.73,1,1,0.0,0.0,0.0,56.73,0.0,0.0,683,1,56.73,Hibernating,0,56.73,16684823.668000039,100.18241221460997,5760
17775.0,56.4,1,72,0.0,0.0,0.0,56.4,0.0,0.0,255,1,56.4,Hibernating,0,56.4,16684880.06800004,100.18275086296259,5761
13366.0,56.16,1,144,0.0,0.0,0.0,56.16,0.0,0.0,51,1,56.16,New / Promising,0,56.16,16684936.22800004,100.18308807025839,5762
15685.0,55.980000000000004,1,36,0.0,0.0,0.0,55.980000000000004,0.0,0.0,451,1,55.98,Hibernating,0,55.98,16684992.20800004,100.18342419676158,5763
12776.0,55.5,1,46,0.0,0.0,0.0,55.5,0.0,0.0,668,1,55.5,Hibernating,0,55.5,16685047.70800004,100.18375744115113,5764
17494.0,54.7,1,26,0.0,0.0,0.0,54.7,0.0,0.0,502,1,54.7,Hibernating,0,54.7,16685102.408000039,100.18408588201792,5765
12860.0,54.22,1,26,0.0,0.0,0.0,54.22,0.0,0.0,694,1,54.22,Hibernating,0,54.22,16685156.62800004,100.1844114407711,5766
14760.0,89.2,1,40,-35.400000000000006,1.0,12.0,53.8,1.0,0.39686098654708524,298,1,89.2,Hibernating,0,89.2,16685210.42800004,100.18473447767487,5767
13306.0,53.65,1,74,0.0,0.0,0.0,53.65,0.0,0.0,431,1,53.65,Hibernating,0,53.65,16685264.07800004,100.18505661391808,5768
16349.0,53.5,1,9,0.0,0.0,0.0,53.5,0.0,0.0,291,1,53.5,Hibernating,0,53.5,16685317.57800004,100.18537784950081,5769
15313.0,52.0,1,25,0.0,0.0,0.0,52.0,0.0,0.0,111,1,52.0,Needs Attention,0,52.0,16685369.57800004,100.1856900784784,5770
16786.0,51.84,1,72,0.0,0.0,0.0,51.84,0.0,0.0,394,1,51.84,Hibernating,0,51.84,16685421.41800004,100.18600134675144,5771
17844.0,51.559999999999995,1,52,0.0,0.0,0.0,51.559999999999995,0.0,0.0,107,1,51.56,Needs Attention,0,51.56,16685472.978000041,100.18631093379153,5772
13254.0,51.41,1,43,0.0,0.0,0.0,51.41,0.0,0.0,377,1,51.41,Hibernating,0,51.41,16685524.388000041,100.1866196201711,5773
17763.0,86.15,4,41,-35.0,1.0,14.0,51.150000000000006,0.25,0.40626813697040043,264,4,86.15,At Risk,396,21.5375,16685575.538000042,100.18692674540578,5774
14351.0,51.0,1,12,0.0,0.0,0.0,51.0,0.0,0.0,165,1,51.0,Needs Attention,0,51.0,16685626.538000042,100.18723296997997,5775
14743.0,50.480000000000004,1,40,0.0,0.0,0.0,50.480000000000004,0.0,0.0,593,1,50.48,Hibernating,0,50.48,16685677.018000042,100.18753607226438,5776
18184.0,49.8,1,60,0.0,0.0,0.0,49.8,0.0,0.0,16,1,49.8,New / Promising,0,49.8,16685726.818000043,100.18783509155446,5777
16530.0,48.35,1,17,0.0,0.0,0.0,48.35,0.0,0.0,669,1,48.35,Hibernating,0,48.35,16685775.168000042,100.18812540445958,5778
16257.0,46.95,1,2,0.0,0.0,0.0,46.95,0.0,0.0,177,1,46.95,Needs Attention,0,46.95,16685822.118000042,100.18840731119994,5779
13438.0,46.5,1,10,0.0,0.0,0.0,46.5,0.0,0.0,548,1,46.5,Hibernating,0,46.5,16685868.618000042,100.18868651595874,5780
15698.0,46.2,1,60,0.0,0.0,0.0,46.2,0.0,0.0,625,1,46.2,Hibernating,0,46.2,16685914.818000041,100.18896391939651,5781
12496.0,45.34,2,30,0.0,0.0,0.0,45.34,0.0,0.0,621,2,45.34,Hibernating,0,22.67,16685960.15800004,100.18923615904735,5782
15672.0,45.300000000000004,1,10,0.0,0.0,0.0,45.300000000000004,0.0,0.0,726,1,45.3,Hibernating,0,45.3,16686005.458000042,100.18950815852207,5783
16061.0,89.65,1,19,-44.7,2.0,6.0,44.95,2.0,0.4986056887897379,432,1,89.65,Hibernating,0,89.65,16686050.40800004,100.1897780564556,5784
17599.0,52.05,1,11,-7.5,2.0,2.0,44.55,2.0,0.1440922190201729,478,1,52.05,Hibernating,0,52.05,16686094.958000042,100.19004555262774,5785
17916.0,43.87,2,90,0.0,0.0,0.0,43.87,0.0,0.0,629,2,43.87,At Risk,105,21.935,16686138.82800004,100.19030896580557,5786
14300.0,43.2,1,32,0.0,0.0,0.0,43.2,0.0,0.0,19,1,43.2,New / Promising,0,43.2,16686182.02800004,100.19056835603308,5787
13913.0,42.22,1,10,0.0,0.0,0.0,42.22,0.0,0.0,507,1,42.22,Hibernating,0,42.22,16686224.24800004,100.19082186194528,5788
13906.0,42.0,1,100,0.0,0.0,0.0,42.0,0.0,0.0,410,1,42.0,Hibernating,0,42.0,16686266.24800004,100.19107404688872,5789
16219.0,40.8,1,48,0.0,0.0,0.0,40.8,0.0,0.0,501,1,40.8,Hibernating,0,40.8,16686307.048000041,100.19131902654807,5790
14266.0,40.56,1,24,0.0,0.0,0.0,40.56,0.0,0.0,429,1,40.56,Hibernating,0,40.56,16686347.608000042,100.1915625651506,5791
15178.0,40.5,1,30,0.0,0.0,0.0,40.5,0.0,0.0,261,1,40.5,Hibernating,0,40.5,16686388.108000042,100.19180574348891,5792
14086.0,39.95,1,1,0.0,0.0,0.0,39.95,0.0,0.0,463,1,39.95,Hibernating,0,39.95,16686428.058000041,100.19204561940536,5793
16659.0,39.12,1,72,0.0,0.0,0.0,39.12,0.0,0.0,190,1,39.12,Needs Attention,0,39.12,16686467.17800004,100.19228051166695,5794
17246.0,38.92,2,36,0.0,0.0,0.0,38.92,0.0,0.0,547,2,38.92,At Risk,192,19.46,16686506.09800004,100.19251420304786,5795
18019.0,38.45,1,7,0.0,0.0,0.0,38.45,0.0,0.0,52,1,38.45,New / Promising,0,38.45,16686544.54800004,100.19274507235917,5796
15455.0,38.25,1,3,0.0,0.0,0.0,38.25,0.0,0.0,598,1,38.25,Hibernating,0,38.25,16686582.79800004,100.19297474078981,5797
15693.0,37.5,1,30,0.0,0.0,0.0,37.5,0.0,0.0,660,1,37.5,Hibernating,0,37.5,16686620.29800004,100.19319990591788,5798
16162.0,37.4,1,4,0.0,0.0,0.0,37.4,0.0,0.0,253,1,37.4,Hibernating,0,37.4,16686657.69800004,100.19342447060562,5799
17352.0,36.25,1,15,0.0,0.0,0.0,36.25,0.0,0.0,697,1,36.25,Hibernating,0,36.25,16686693.94800004,100.1936421302294,5800
14993.0,36.13,1,21,0.0,0.0,0.0,36.13,0.0,0.0,564,1,36.13,Hibernating,0,36.13,16686730.07800004,100.19385906932482,5801
16417.0,35.7,1,6,0.0,0.0,0.0,35.7,0.0,0.0,493,1,35.7,Hibernating,0,35.7,16686765.77800004,100.19407342652673,5802
17831.0,35.400000000000006,1,12,0.0,0.0,0.0,35.400000000000006,0.0,0.0,34,1,35.400000000000006,New / Promising,0,35.400000000000006,16686801.17800004,100.19428598240762,5803
17533.0,34.8,1,24,0.0,0.0,0.0,34.8,0.0,0.0,435,1,34.8,Hibernating,0,34.8,16686835.978000041,100.19449493564649,5804
15744.0,34.8,1,120,0.0,0.0,0.0,34.8,0.0,0.0,78,1,34.8,Needs Attention,0,34.8,16686870.778000042,100.19470388888534,5805
15871.0,33.099999999999994,1,5,0.0,0.0,0.0,33.099999999999994,0.0,0.0,438,1,33.099999999999994,Hibernating,0,33.099999999999994,16686903.878000041,100.19490263463837,5806
16941.0,33.0,1,12,0.0,0.0,0.0,33.0,0.0,0.0,612,1,33.0,Hibernating,0,33.0,16686936.878000041,100.19510077995109,5807
14977.0,31.93,1,17,0.0,0.0,0.0,31.93,0.0,0.0,726,1,31.93,Hibernating,0,31.93,16686968.808000041,100.19529250055213,5808
17129.0,31.85,1,5,0.0,0.0,0.0,31.85,0.0,0.0,521,1,31.85,Hibernating,0,31.85,16687000.65800004,100.1954837408009,5809
13915.0,70.80000000000001,1,24,-39.6,1.0,8.0,31.20000000000001,1.0,0.559322033898305,395,1,70.80000000000001,Hibernating,0,70.80000000000001,16687031.85800004,100.19567107818746,5810
13120.0,30.6,1,12,0.0,0.0,0.0,30.6,0.0,0.0,239,1,30.6,Hibernating,0,30.6,16687062.45800004,100.19585481293196,5811
14144.0,30.6,1,12,0.0,0.0,0.0,30.6,0.0,0.0,487,1,30.6,Hibernating,0,30.6,16687093.05800004,100.19603854767647,5812
16548.0,30.15,1,6,0.0,0.0,0.0,30.15,0.0,0.0,600,1,30.15,Hibernating,0,30.15,16687123.20800004,100.19621958043943,5813
15575.0,30.1,1,6,0.0,0.0,0.0,30.1,0.0,0.0,620,1,30.1,Hibernating,0,30.1,16687153.30800004,100.19640031298222,5814
15657.0,30.0,1,24,0.0,0.0,0.0,30.0,0.0,0.0,23,1,30.0,New / Promising,0,30.0,16687183.30800004,100.19658044508468,5815
17319.0,29.099999999999998,1,14,0.0,0.0,0.0,29.099999999999998,0.0,0.0,670,1,29.1,Hibernating,0,29.1,16687212.408000039,100.19675517322406,5816
17102.0,25.5,1,2,0.0,0.0,0.0,25.5,0.0,0.0,262,1,25.5,Hibernating,0,25.5,16687237.908000039,100.19690828551116,5817
15284.0,24.75,1,5,0.0,0.0,0.0,24.75,0.0,0.0,501,1,24.75,Hibernating,0,24.75,16687262.658000039,100.19705689449567,5818
14610.0,24.35,2,15,0.0,0.0,0.0,24.35,0.0,0.0,396,2,24.35,Hibernating,119,12.175,16687287.008000039,100.19720310171884,5819
16537.0,23.35,1,59,0.0,0.0,0.0,23.35,0.0,0.0,642,1,23.35,Hibernating,0,23.35,16687310.358000038,100.19734330453858,5820
12606.0,21.0,1,1,0.0,0.0,0.0,21.0,0.0,0.0,683,1,21.0,Hibernating,0,21.0,16687331.358000038,100.19746939701031,5821
17986.0,20.8,1,10,0.0,0.0,0.0,20.8,0.0,0.0,57,1,20.8,New / Promising,0,20.8,16687352.158000039,100.19759428860135,5822
16953.0,20.8,1,10,0.0,0.0,0.0,20.8,0.0,0.0,31,1,20.8,New / Promising,0,20.8,16687372.95800004,100.19771918019238,5823
15999.0,20.4,1,24,0.0,0.0,0.0,20.4,0.0,0.0,736,1,20.4,Hibernating,0,20.4,16687393.35800004,100.19784167002206,5824
16093.0,17.0,1,20,0.0,0.0,0.0,17.0,0.0,0.0,107,1,17.0,Needs Attention,0,17.0,16687410.35800004,100.19794374488012,5825
12846.0,15.58,1,1,0.0,0.0,0.0,15.58,0.0,0.0,683,1,15.58,Hibernating,0,15.58,16687425.93800004,100.19803729348533,5826
17900.0,112.19999999999999,2,73,-97.19999999999999,2.0,72.0,15.0,1.0,0.8663101604278075,191,2,112.2,At Risk,0,56.1,16687440.93800004,100.19812735953654,5827
14580.0,14.85,1,3,0.0,0.0,0.0,14.85,0.0,0.0,519,1,14.85,Hibernating,0,14.85,16687455.78800004,100.19821652492726,5828
14900.0,13.919999999999998,1,48,0.0,0.0,0.0,13.919999999999998,0.0,0.0,523,1,13.919999999999998,Hibernating,0,13.919999999999998,16687469.70800004,100.19830010622282,5829
17956.0,12.75,1,1,0.0,0.0,0.0,12.75,0.0,0.0,250,1,12.75,Hibernating,0,12.75,16687482.45800004,100.19837666236636,5830
18115.0,9.700000000000001,1,3,0.0,0.0,0.0,9.700000000000001,0.0,0.0,698,1,9.7,Hibernating,0,9.7,16687492.158000039,100.19843490507947,5831
15040.0,7.49,1,1,0.0,0.0,0.0,7.49,0.0,0.0,542,1,7.49,Hibernating,0,7.49,16687499.64800004,100.19847987806105,5832
15913.0,6.300000000000001,1,3,0.0,0.0,0.0,6.300000000000001,0.0,0.0,535,1,6.300000000000001,Hibernating,0,6.300000000000001,16687505.94800004,100.19851770580257,5833
16738.0,3.75,1,3,0.0,0.0,0.0,3.75,0.0,0.0,298,1,3.75,Hibernating,0,3.75,16687509.69800004,100.19854022231539,5834
13788.0,3.75,1,1,0.0,0.0,0.0,3.75,0.0,0.0,506,1,3.75,Hibernating,0,3.75,16687513.44800004,100.19856273882819,5835
14095.0,2.95,1,1,0.0,0.0,0.0,2.95,0.0,0.0,723,1,2.95,Hibernating,0,2.95,16687516.39800004,100.19858045181826,5836
16454.0,30.950000000000003,4,9,-29.05,4.0,4.0,1.9000000000000021,1.0,0.9386106623586429,45,4,30.950000000000003,Loyal Customers,567,7.737500000000001,16687518.29800004,100.19859186018476,5837
12503.0,1126.0,1,561,-1126.0,1.0,1.0,0.0,1.0,1.0,585,1,1126.0,Hibernating,0,1126.0,16687518.29800004,100.19859186018476,5838
13364.0,134.96,1,71,-134.96,1.0,71.0,0.0,1.0,1.0,72,1,134.96,Needs Attention,0,134.96,16687518.29800004,100.19859186018476,5839
12773.0,124.25,1,109,-124.25,1.0,109.0,0.0,1.0,1.0,565,1,124.25,Hibernating,0,124.25,16687518.29800004,100.19859186018476,5840
12607.0,1579.51,1,1228,-1579.51,1.0,1228.0,0.0,1.0,1.0,61,1,1579.51,Needs Attention,0,1579.51,16687518.29800004,100.19859186018476,5841
18274.0,175.92,1,88,-175.92,1.0,88.0,0.0,1.0,1.0,31,1,175.92,New / Promising,0,175.92,16687518.29800004,100.19859186018476,5842
14792.0,6.2,1,2,-6.2,1.0,2.0,0.0,1.0,1.0,64,1,6.2,Needs Attention,0,6.2,16687518.29800004,100.19859186018476,5843
15940.0,35.8,1,4,-35.8,2.0,5.0,0.0,2.0,1.0,312,1,35.8,Hibernating,0,35.8,16687518.29800004,100.19859186018476,5844
16878.0,13.3,1,12,-13.3,1.0,12.0,0.0,1.0,1.0,85,1,13.3,Needs Attention,0,13.3,16687518.29800004,100.19859186018476,5845
17378.0,10.95,1,1,-10.95,1.0,1.0,0.0,1.0,1.0,375,1,10.95,Hibernating,0,10.95,16687518.29800004,100.19859186018476,5846
12467.0,132.8,1,129,-132.8,1.0,129.0,0.0,1.0,1.0,424,1,132.8,Hibernating,0,132.8,16687518.29800004,100.19859186018476,5847
18072.0,247.44,1,288,-247.44,1.0,242.0,0.0,1.0,1.0,186,1,247.44,Needs Attention,0,247.44,16687518.29800004,100.19859186018476,5848
13829.0,102.0,1,12,-102.0,1.0,12.0,0.0,1.0,1.0,422,1,102.0,Hibernating,0,102.0,16687518.29800004,100.19859186018476,5849
13163.0,17.65,1,3,-17.65,1.0,3.0,0.0,1.0,1.0,611,1,17.65,Hibernating,0,17.65,16687518.29800004,100.19859186018476,5850
17570.0,100.0,1,1,-100.0,1.0,1.0,0.0,1.0,1.0,382,1,100.0,Hibernating,0,100.0,16687518.29800004,100.19859186018476,5851
16886.0,134.0,1,48,-134.0,1.0,48.0,0.0,1.0,1.0,457,1,134.0,Hibernating,0,134.0,16687518.29800004,100.19859186018476,5852
17592.0,148.3,1,38,-148.3,1.0,38.0,0.0,1.0,1.0,739,1,148.3,Hibernating,0,148.3,16687518.29800004,100.19859186018476,5853
12768.0,168.69,1,102,-168.69,1.0,102.0,0.0,1.0,1.0,451,1,168.69,Hibernating,0,168.69,16687518.29800004,100.19859186018476,5854
14557.0,788.38,1,510,-788.38,1.0,510.0,0.0,1.0,1.0,86,1,788.38,Needs Attention,0,788.38,16687518.29800004,100.19859186018476,5855
12558.0,269.96,1,196,-269.96,1.0,196.0,0.0,1.0,1.0,8,1,269.96,New / Promising,0,269.96,16687518.29800004,100.19859186018476,5856
13112.0,20.599999999999998,1,11,-26.040000000000003,2.0,12.0,-5.440000000000005,2.0,1.2640776699029128,542,1,20.6,Hibernating,0,20.6,16687512.85800004,100.19855919623018,5857
16446.0,168472.5,2,80997,-168478.6,2.0,80997.0,-6.100000000005821,1.0,1.0000362076896823,1,2,168472.5,New / Promising,205,84236.25,16687506.75800004,100.19852256936935,5858
12346.0,77556.46,12,74285,-77608.20000000001,5.0,74232.0,-51.74000000000524,0.4166666666666667,1.000667126890526,326,12,77556.46,At Risk High Value,400,6463.038333333334,16687455.01800004,100.19821190153664,5859
14906.0,68.44,1,1,-135.42000000000002,2.0,2.0,-66.98000000000002,2.0,1.9786674459380482,446,1,68.44,Hibernating,0,68.44,16687388.03800004,100.19780972659589,5860
15354.0,284.4,3,3,-379.2,4.0,4.0,-94.80000000000001,1.3333333333333333,1.3333333333333335,604,3,284.4,At Risk,0,94.8,16687293.238000039,100.19724050915212,5861
14380.0,48.96,1,1,-148.69,1.0,1.0,-99.72999999999999,1.0,3.036968954248366,683,1,48.96,Hibernating,0,48.96,16687193.508000039,100.19664168999951,5862
13091.0,2321.82,3,1339,-2452.04,3.0,2424.0,-130.2199999999998,1.0,1.0560853123842502,29,3,2321.82,Loyal Customers,701,773.94,16687063.288000038,100.19585979658679,5863
13290.0,208.63,1,1,-417.26,2.0,2.0,-208.63,2.0,2.0,439,1,208.63,Hibernating,0,208.63,16686854.658000037,100.19460709790226,5864
14832.0,322.69,1,1,-597.3199999999999,2.0,2.0,-274.62999999999994,2.0,1.851064489138182,631,1,322.69,Hibernating,0,322.69,16686580.028000036,100.19295810859232,5865
16252.0,295.09000000000003,1,158,-590.1800000000001,1.0,316.0,-295.09000000000003,1.0,2.0,383,1,295.09000000000003,Hibernating,0,295.09000000000003,16686284.938000036,100.19118626918852,5866
13776.0,623.98,2,2,-964.1500000000001,6.0,6.0,-340.1700000000001,3.0,1.5451617039007661,429,2,623.98,Hibernating,0,311.99,16685944.768000036,100.18914375127876,5867
14328.0,445.05,1,1,-890.11,2.0,2.0,-445.06,2.0,2.0000224693854625,439,1,445.05,Hibernating,0,445.05,16685499.708000036,100.1864714314948,5868
15802.0,451.42,1,1,-902.84,2.0,2.0,-451.42,2.0,2.0,143,1,451.42,Needs Attention,0,451.42,16685048.288000036,100.1837609237051,5869
14308.0,1147.02,2,2,-1996.47,3.0,3.0,-849.45,1.5,1.7405712193335774,550,2,1147.02,Hibernating,0,573.51,16684198.838000037,100.17866048322404,5870
14213.0,1192.2,1,244,-2384.4,1.0,488.0,-1192.2,1.0,2.0,405,1,1192.2,Hibernating,0,1192.2,16683006.638000038,100.17150203347241,5871
14255.0,1000.63,1,1,-2442.23,3.0,3.0,-1441.6,3.0,2.440692363810799,547,1,1000.63,Hibernating,0,1000.63,16681565.038000038,100.162846085509,5872
14802.0,1502.98,2,2,-3005.96,4.0,4.0,-1502.98,2.0,2.0,439,2,1502.98,Hibernating,0,751.49,16680062.058000037,100.15382158726398,5873
15413.0,6798.72,5,2694,-9330.1,2.0,2.0,-2531.38,0.4,1.3723318507013085,692,5,6798.72,At Risk High Value,47,1359.744,16677530.678000037,100.13862216054675,5874
15202.0,6001.49,3,3,-8571.67,5.0,5.0,-2570.1800000000003,1.6666666666666667,1.428256982849259,421,3,6001.49,At Risk,0,2000.496666666667,16674960.498000037,100.12318976297698,5875
14063.0,22710.2,9,3850,-26477.399999999998,4.0,4.0,-3767.199999999997,0.4444444444444444,1.1658814101152786,439,9,22710.2,At Risk High Value,293,2523.355555555556,16671193.298000038,100.10056997443115,5876
15760.0,13916.34,2,2,-19712.21,3.0,3.0,-5795.869999999999,1.5,1.4164794766440025,631,2,13916.34,Hibernating,0,6958.17,16665397.428000038,100.06576923280895,5877
12918.0,10953.5,1,1,-21907.0,2.0,2.0,-10953.5,2.0,2.0,627,1,10953.5,Hibernating,0,10953.5,16654443.928000038,100.00000000000024,5878
