StockCode,GrossRevenue,UnitsSold,SalesLines,SalesOrders,Description,ProductCategory,CommercialProduct,RevenueShare
22423,344069.3,27536,4041,3918,REGENCY CAKESTAND 3 TIER,Merchandise,True,1.6460417548464354
M,340327.63,9748,866,784,Manual,Fees / Adjustments,False,1.6281414508877383
DOT,322657.48,1436,1436,1415,DOTCOM POSTAGE,Logistics / Postage,False,1.5436067228129002
85123A,262768.47000000003,96027,5628,5365,WHITE HANGING HEART T-LIGHT HOLDER,Merchandise,True,1.2570952231922843
85099B,183136.14,98175,4109,3989,JUMBO BAG RED RETROSPOT,Merchandise,True,0.8761308645130574
23843,168469.6,80995,1,1,"PAPER CRAFT , LITTLE BIRDIE",Merchandise,True,0.8059655308458995
47566,149109.35,28362,2729,2674,PARTY BUNTING,Merchandise,True,0.7133452945032043
84879,131817.81,81590,2911,2807,ASSORTED COLOUR BIRD ORNAMENT,Merchandise,True,0.6306218523199076
POST,127597.42,5461,1886,1851,POSTAGE,Logistics / Postage,False,0.6104313320911737
22086,123002.89,36534,2168,2018,PAPER CHAIN KIT 50'S CHRISTMAS ,Merchandise,True,0.5884509106356861
79321,85157.56,16763,1179,1135,CHILLI LIGHTS,Merchandise,True,0.40739728740936965
23166,81700.92000000001,78033,250,247,MEDIUM CERAMIC TOP STORAGE JAR,Merchandise,True,0.3908605787536646
22197,80888.34,89860,2432,2322,SMALL POPCORN HOLDER,Merchandise,True,0.38697316244202873
22386,77049.38,39809,2303,2245,JUMBO BAG PINK POLKADOT,Merchandise,True,0.36860741910141315
84347,74380.06999999999,32498,822,756,ROTATING SILVER ANGELS T-LIGHT HLDR,Merchandise,True,0.355837329713522
20725,72001.35,40752,3140,3056,LUNCH BAG RED RETROSPOT,Merchandise,True,0.3444574348984708
21137,69295.72,19945,649,634,BLACK RECORD COVER FRAME,Merchandise,True,0.33151358912912965
85099F,68382.73,37072,1872,1830,JUMBO BAG STRAWBERRY,Merchandise,True,0.3271458072265965
20685,67812.32,9968,1765,1725,DOORMAT RED RETROSPOT,Merchandise,True,0.3244169422061429
48138,67629.75,10157,1692,1664,DOORMAT UNION FLAG,Merchandise,True,0.32354351977879375
23084,66870.03,30739,1017,994,RABBIT NIGHT LIGHT,Merchandise,True,0.31990898789236294
21843,66348.55,6263,1566,1527,RED RETROSPOT CAKE STAND,Merchandise,True,0.3174142060146502
22114,63362.35,12420,1676,1583,HOT WATER BOTTLE TEA AND SYMPATHY,Merchandise,True,0.30312810176669075
82484,62778.72,11046,1208,1176,WOOD BLACK BOARD ANT WHITE FINISH,Merchandise,True,0.30033599171972925
21931,62257.72,29489,2387,2329,JUMBO STORAGE BAG SUKI,Merchandise,True,0.2978435061818594
22910,61671.840000000004,19580,1529,1427,PAPER CHAIN KIT VINTAGE CHRISTMAS,Merchandise,True,0.295040632041884
22502,61466.47,3861,955,924,PICNIC BASKET WICKER SMALL,Merchandise,True,0.29405813347199466
22112,60644.32,11532,1811,1721,CHOCOLATE HOT WATER BOTTLE,Merchandise,True,0.29012493388474003
21621,60549.54,6931,1319,1292,VINTAGE UNION JACK BUNTING,Merchandise,True,0.289671502446584
85099C,60103.56,31153,1916,1868,JUMBO  BAG BAROQUE BLACK WHITE,Merchandise,True,0.2875379156900021
15056N,58403.79,11366,1054,1033,EDWARDIAN PARASOL NATURAL,Merchandise,True,0.27940614574239175
22411,58149.35,27669,2250,2192,JUMBO SHOPPER VINTAGE RED PAISLEY,Merchandise,True,0.2781888942639741
22470,55772.020000000004,18508,2059,1952,HEART OF WICKER LARGE,Merchandise,True,0.26681564926638474
22189,54547.380000000005,18350,1327,1299,CREAM HEART CARD HOLDER,Merchandise,True,0.26095692088040223
20914,53335.66,18952,2098,2030,SET/5 RED RETROSPOT LID GLASS BOWLS,Merchandise,True,0.2551600023085258
22178,53105.59,40572,1864,1816,VICTORIAN GLASS HANGING T-LIGHT,Merchandise,True,0.25405933791755125
22139,53085.61,10649,2110,2093,RETROSPOT TEA SET CERAMIC 11 PC ,Merchandise,True,0.25396375277158845
21212,52948.799999999996,96472,3239,3118,PACK OF 72 RETROSPOT CAKE CASES,Merchandise,True,0.25330924807593397
21623,52082.93,7196,549,530,VINTAGE UNION JACK MEMOBOARD,Merchandise,True,0.2491668902013172
22111,51936.86,10163,1803,1689,SCOTTIE DOG HOT WATER BOTTLE,Merchandise,True,0.24846808528285916
21733,51441.92,17960,1840,1760,RED HANGING HEART T-LIGHT HOLDER,Merchandise,True,0.2461002718622962
84946,51148.47,37919,1833,1769,ANTIQUE SILVER TEA GLASS ETCHED,Merchandise,True,0.24469639493122536
22469,51088.16,29013,2272,2151,HEART OF WICKER SMALL,Merchandise,True,0.24440786939804127
21181,50818.920000000006,25028,1875,1810,PLEASE ONE PERSON METAL SIGN,Merchandise,True,0.2431198141077993
22090,50723.600000000006,16798,1732,1703,PAPER BUNTING RETROSPOT,Merchandise,True,0.2426637992873199
21232,50660.48,38901,2514,2435,STRAWBERRY CERAMIC TRINKET BOX,Merchandise,True,0.24236183059797187
21929,50300.82,25937,1651,1619,JUMBO BAG PINK VINTAGE PAISLEY,Merchandise,True,0.24064120228981398
48194,49542.47,7835,1372,1349,DOORMAT HEARTS,Merchandise,True,0.23701322454001825
21731,49508.34,29696,1586,1537,RED TOADSTOOL LED NIGHT LIGHT,Merchandise,True,0.2368499452091017
22457,48423.25000000001,15687,2105,2046,NATURAL SLATE HEART CHALKBOARD ,Merchandise,True,0.23165882979204383
15056BL,47828.19,9600,886,857,EDWARDIAN PARASOL BLACK,Merchandise,True,0.228812038152572
21754,47774.74,7796,2130,2066,HOME BUILDING BLOCK WORD,Merchandise,True,0.2285563311429767
84029E,47479.83,11757,1253,1145,RED WOOLLY HOTTIE WHITE HEART.,Merchandise,True,0.22714546951155024
21523,47194.58,7046,1147,1122,DOORMAT FANCY FONT HOME SWEET HOME,Merchandise,True,0.22578082171946318
48187,47026.85,7395,1304,1282,DOORMAT NEW ENGLAND,Merchandise,True,0.22497839446559195
21928,47023.18,24743,1571,1542,JUMBO BAG SCANDINAVIAN PAISLEY,Merchandise,True,0.22496083703387607
22355,46584.99,32635,1778,1742,CHARLOTTE BAG SUKI DESIGN,Merchandise,True,0.22286451795932868
71477,46519.13,15719,854,809,COLOUR GLASS. STAR T-LIGHT HOLDER,Merchandise,True,0.22254944099671042
20727,46283.89,27042,2440,2351,LUNCH BAG  BLACK SKULL.,Merchandise,True,0.22142404311201086
48185,46050.99,6855,1004,983,DOORMAT FAIRY CAKE,Merchandise,True,0.2203098398840456
22138,45882.01,9366,1926,1914,BAKING SET 9 PIECE RETROSPOT ,Merchandise,True,0.21950143257850005
22326,44943.43,15655,1429,1391,ROUND SNACK BOXES SET OF4 WOODLAND ,Merchandise,True,0.2150112270580896
21915,44680.05,38088,1063,1025,RED  HARMONICA IN BOX ,Merchandise,True,0.21375120625009694
82494L,44667.100000000006,15601,2051,1973,WOODEN FRAME ANTIQUE WHITE ,Merchandise,True,0.21368925291475072
21175,44282.23,20856,1701,1659,GIN + TONIC DIET METAL SIGN,Merchandise,True,0.21184801892442448
84078A,43921.51,1129,329,328,SET/4 WHITE RETRO STORAGE CUBES ,Merchandise,True,0.21012231953244673
22383,43836.86,25403,2472,2398,LUNCH BAG SUKI  DESIGN ,Merchandise,True,0.20971735043305964
23298,43148.18,8466,1161,1146,SPOTTY BUNTING,Merchandise,True,0.20642267684338553
20728,42695.64,24838,2118,2067,LUNCH BAG CARS BLUE,Merchandise,True,0.20425770677561664
82482,42396.03,17141,2068,2006,WOODEN PICTURE FRAME WHITE FINISH,Merchandise,True,0.2028243601498946
23203,42030.340000000004,20485,1242,1231,JUMBO BAG VINTAGE DOILY ,Merchandise,True,0.20107488407245963
20713,41332.89,21170,1351,1314,JUMBO BAG OWLS,Merchandise,True,0.19773825444023832
22083,41256.41,13961,1445,1401,PAPER CHAIN KIT RETROSPOT,Merchandise,True,0.19737237095859478
22328,40407.96,14602,1191,1159,ROUND SNACK BOXES SET OF 4 FRUITS ,Merchandise,True,0.19331335108411174
84997D,40250.98,10746,1124,1085,PINK 3 PIECE MINI DOTS CUTLERY SET,Merchandise,True,0.19256235227463997
22960,39639.31,9289,1212,1159,JAM MAKING SET WITH JARS,Merchandise,True,0.18963609770851936
85066,39173.65,3128,952,929,CREAM SWEETHEART MINI CHEST,Merchandise,True,0.18740836101837646
22699,39061.14,13314,1473,1424,ROSES REGENCY TEACUP AND SAUCER ,Merchandise,True,0.1868701085272714
82486,39004.8,4853,1326,1274,WOOD S/3 CABINET ANT WHITE FINISH,Merchandise,True,0.18660057563820504
20726,38883.73,22301,1983,1926,LUNCH BAG WOODLAND,Merchandise,True,0.186021371753234
22629,38691.7,21193,1416,1368,SPACEBOY LUNCH BOX ,Merchandise,True,0.18510269229481338
21485,38585.35,7872,1469,1385,RETROSPOT HEART HOT WATER BOTTLE,Merchandise,True,0.18459390949835952
21166,38428.21,20063,1465,1425,COOK WITH WINE METAL SIGN ,Merchandise,True,0.1838421452422734
23284,38133.64,5487,732,728,DOORMAT KEEP CALM AND COME IN,Merchandise,True,0.18243291018490237
22720,38108.89,7483,1392,1385,SET OF 3 CAKE TINS PANTRY DESIGN ,Merchandise,True,0.1823145051617502
20712,37988.94,17936,1446,1415,JUMBO BAG WOODLAND ANIMALS,Merchandise,True,0.18174065940307943
22727,37857.61,9565,1428,1363,ALARM CLOCK BAKELIKE RED ,Merchandise,True,0.18111237125396532
21524,36565.22,5329,1173,1150,DOORMAT SPOTTY HOME SWEET HOME,Merchandise,True,0.17492952406723292
20724,35558.23,32443,2082,2035,RED RETROSPOT CHARLOTTE BAG,Merchandise,True,0.17011204227878854
22379,35362.76,16053,1608,1570,RECYCLING BAG RETROSPOT ,Merchandise,True,0.1691769057181601
21755,35356.39,5726,1741,1696,LOVE BUILDING BLOCK WORD,Merchandise,True,0.16914643137482757
84997B,34949.56,9378,1051,1019,RED 3 PIECE MINI DOTS CUTLERY SET,Merchandise,True,0.16720013983668636
21479,34560.68,6857,1026,930,WHITE SKULL HOT WATER BOTTLE ,Merchandise,True,0.16533972184058882
22384,34425.81,20988,2158,2106,LUNCH BAG PINK POLKADOT,Merchandise,True,0.16469449818513296
22666,34421.200000000004,10928,1718,1657,RECIPE BOX PANTRY YELLOW DESIGN,Merchandise,True,0.16467244375455797
22382,34317.59,20386,2202,2153,LUNCH BAG SPACEBOY DESIGN ,Merchandise,True,0.16417676923137428
AMAZONFEE,34009.13,4,4,3,AMAZON FEE,Fees / Adjustments,False,0.16270108383979784
22630,33923.45,18334,1380,1333,DOLLY GIRL LUNCH BOX,Merchandise,True,0.16229118717783106
22726,33666.34,7935,1340,1273,ALARM CLOCK BAKELIKE GREEN,Merchandise,True,0.161061162309037
22865,33394.91,15471,1336,1212,HAND WARMER OWL DESIGN,Merchandise,True,0.1597626299682616
22188,33197.05,12483,585,566,BLACK HEART CARD HOLDER,Merchandise,True,0.1588160595488318
15036,33041.55,44365,1003,991,ASSORTED COLOURS SILK FAN,Merchandise,True,0.15807214112054244
84997C,32942.86,8852,975,951,BLUE 3 PIECE MINI DOTS CUTLERY SET,Merchandise,True,0.15760000408074898
22385,32735.2,17220,1275,1248,JUMBO BAG SPACEBOY DESIGN,Merchandise,True,0.15660655005619228
22622,32144.04,3240,602,571,BOX OF VINTAGE ALPHABET BLOCKS,Merchandise,True,0.15377841617794444
22077,32142.04,17526,1822,1751,6 RIBBONS RUSTIC CHARM,Merchandise,True,0.15376884809526548
85152,31976.56,16603,1503,1460,HAND OVER THE CHOCOLATE   SIGN ,Merchandise,True,0.1529771849344081
84029G,31927.13,7307,1103,1009,KNITTED UNION FLAG HOT WATER BOTTLE,Merchandise,True,0.15274070977099752
48184,31551.32,4770,863,851,DOORMAT ENGLISH ROSE ,Merchandise,True,0.150942819195207
22697,31431.670000000002,10077,1402,1353,GREEN REGENCY TEACUP AND SAUCER,Merchandise,True,0.15037040864893808
22659,31142.57,16838,1146,1075,LUNCH BOX I LOVE LONDON,Merchandise,True,0.14898734229769398
23245,31118.550000000003,6345,876,873,SET OF 3 REGENCY CAKE TINS,Merchandise,True,0.14887242962471967
85014B,31088.23,6196,917,900,RED RETROSPOT UMBRELLA,Merchandise,True,0.14872737749130657
22501,30768.59,2637,780,762,PICNIC BASKET WICKER LARGE,Merchandise,True,0.14719820651755472
22752,30736.75,3773,750,692,SET 7 BABUSHKA NESTING BOXES,Merchandise,True,0.14704588264130564
20679,30649.47,6256,736,715,EDWARDIAN PARASOL RED,Merchandise,True,0.1466283315131957
23199,30450.690000000002,14908,986,978,JUMBO BAG APPLES,Merchandise,True,0.14567735977573357
21217,30393.48,2952,958,928,RED RETROSPOT ROUND CAKE TINS,Merchandise,True,0.14540366477070182
22866,30323.640000000003,13723,1212,1083,HAND WARMER SCOTTY DOG DESIGN,Merchandise,True,0.14506954732355246
22158,30197.280000000002,9341,767,718,3 HEARTS HANGING DECORATION RUSTIC,Merchandise,True,0.1444650358598956
82483,30014.440000000002,5072,1170,1123,WOOD 2 DRAWER CABINET WHITE FINISH,Merchandise,True,0.1435903217413848
47590B,29532.93,5768,885,872,PINK HAPPY BIRTHDAY BUNTING,Merchandise,True,0.14128675799601112
22867,29484.320000000003,13426,1190,1054,HAND WARMER BIRD DESIGN,Merchandise,True,0.14105420574649893
22492,28999.39,45593,747,732,MINI PAINT SET VINTAGE ,Merchandise,True,0.13873428057974418
20971,28966.21,22580,1193,1148,PINK BLUE FELT CRAFT TRINKET BOX,Merchandise,True,0.1385755460881002
22467,28919.800000000003,12212,1142,1095,GUMBALL COAT RACK,Merchandise,True,0.13835351872953486
48188,28775.21,4889,704,698,DOORMAT WELCOME PUPPIES,Merchandise,True,0.13766179419225924
23355,28718.8,5816,796,782,HOT WATER BOTTLE KEEP CALM,Merchandise,True,0.13739192642029907
84978,28629.82,21819,1450,1425,HANGING HEART JAR T-LIGHT HOLDER,Merchandise,True,0.13696624242191202
22835,28455.98,5524,1065,1011,HOT WATER BOTTLE I AM SO POORLY,Merchandise,True,0.13613458467545658
21977,28413.629999999997,56625,2056,1993,PACK OF 60 PINK PAISLEY CAKE CASES,Merchandise,True,0.13593198052472955
82583,28324.61,13008,1224,1176,HOT BATHS METAL SIGN,Merchandise,True,0.13550610516468892
20719,28249.92,24901,1605,1573,WOODLAND CHARLOTTE BAG,Merchandise,True,0.13514878511704304
22961,28218.239999999998,18069,1280,1200,JAM MAKING SET PRINTED,Merchandise,True,0.13499722668740827
22624,28010.17,3232,1250,1219,IVORY KITCHEN SCALES,Merchandise,True,0.13400181120590238
21930,27888.86,13640,1364,1321,JUMBO STORAGE BAG SKULLS,Merchandise,True,0.13342145915100986
23201,27850.83,13366,911,906,JUMBO BAG ALPHABET,Merchandise,True,0.1332395220588694
72741,27820.88,20113,948,920,GRAND CHOCOLATECANDLE,Merchandise,True,0.13309624002075193
20750,27523.12,3772,937,909,RED RETROSPOT MINI CASES,Merchandise,True,0.13167174387150796
84991,27321.37,54537,2216,2127,60 TEATIME FAIRY CAKE CASES,Merchandise,True,0.13070656353126756
71459,27090.51,33457,1025,1017,HANGING JAM JAR T-LIGHT HOLDER,Merchandise,True,0.12960211974763486
22734,27039.82,9820,780,756,SET OF 6 RIBBONS VINTAGE CHRISTMAS,Merchandise,True,0.12935961669213658
21481,26925.18,8537,1121,1050,FAWN BLUE HOT WATER BOTTLE,Merchandise,True,0.12881117419297844
22149,26783.86,12888,1443,1382,FELTCRAFT 6 FLOWER FRIENDS,Merchandise,True,0.12813509347088292
22507,26626.56,5694,917,900,MEMO BOARD RETROSPOT  DESIGN,Merchandise,True,0.12738256376818247
48111,26483.99,4301,742,720,DOORMAT 3 SMILEY CATS,Merchandise,True,0.12670050299441263
22551,26420.75,15740,1355,1299,PLASTERS IN TIN SPACEBOY,Merchandise,True,0.1263979602201038
20711,26183.0,12836,1064,1052,JUMBO BAG TOYS ,Merchandise,True,0.1252605543916421
82600,26168.760000000002,12887,1233,1201,NO SINGING METAL SIGN,Merchandise,True,0.1251924296429679
21080,26013.27,31801,2197,2123,SET/20 RED RETROSPOT PAPER NAPKINS ,Merchandise,True,0.12444855905509192
47566B,25954.45,5831,777,761,TEA TIME PARTY BUNTING,Merchandise,True,0.12416716174350362
21108,25859.050000000003,13087,634,613,FAIRY CAKE FLANNEL ASSORTED COLOUR,Merchandise,True,0.1237107641997171
22087,25507.120000000003,8513,877,847,PAPER BUNTING WHITE LACE,Merchandise,True,0.12202711653111341
21527,25493.02,3414,858,831,RED RETROSPOT TRADITIONAL TEAPOT ,Merchandise,True,0.1219596615482267
22084,25453.83,8870,835,811,PAPER CHAIN KIT EMPIRE,Merchandise,True,0.12177217496813243
37503,25428.33,2465,523,522,TEA TIME CAKE STAND IN GIFT BOX,Merchandise,True,0.12165018191397567
84755,25386.65,40703,1285,1259,COLOUR GLASS T-LIGHT HOLDER HANGING,Merchandise,True,0.12145078307094608
21314,25253.850000000002,11647,1092,1066,SMALL GLASS HEART TRINKET POT,Merchandise,True,0.12081546238106294
84077,25197.98,109898,1039,1019,WORLD WAR 2 GLIDERS ASSTD DESIGNS,Merchandise,True,0.1205481779914261
20972,25080.59,20704,1446,1397,PINK CREAM FELT CRAFT TRINKET BOX ,Merchandise,True,0.11998657937858437
23173,24879.13,2766,421,416,REGENCY TEAPOT ROSES ,Merchandise,True,0.11902278641033245
22728,24858.52,6361,1015,969,ALARM CLOCK BAKELIKE PINK,Merchandise,True,0.11892418731832574
84836,24563.170000000002,20057,1465,1408,ZINC METAL HEART DECORATION,Merchandise,True,0.11751122070870991
47590A,24542.88,4826,698,689,BLUE HAPPY BIRTHDAY BUNTING,Merchandise,True,0.11741415250993183
21231,24499.38,19672,1538,1482,SWEETHEART CERAMIC TRINKET BOX,Merchandise,True,0.11720604671166439
22722,24459.960000000003,5972,848,835,SET OF 6 SPICE TINS PANTRY DESIGN,Merchandise,True,0.11701745980206205
22698,24377.570000000003,8194,1040,1033,PINK REGENCY TEACUP AND SAUCER,Merchandise,True,0.11662330263610217
21258,24089.84,1687,561,526,VICTORIAN SEWING BOX LARGE,Merchandise,True,0.11524679042149316
22171,24081.66,3181,675,661,3 HOOK PHOTO SHELF ANTIQUE WHITE,Merchandise,True,0.11520765696333621
21790,24063.3,27904,1952,1888,VINTAGE SNAP CARDS,Merchandise,True,0.11511982196434332
21955,23949.35,3933,748,729,DOORMAT UNION JACK GUNS AND ROSES,Merchandise,True,0.1145746804537094
21791,23926.98,18532,1368,1313,VINTAGE HEADS AND TAILS CARD GAME ,Merchandise,True,0.11446766144894523
22625,23851.23,2719,985,950,RED KITCHEN SCALES,Merchandise,True,0.1141052703174795
84406B,23816.65,7383,886,841,CREAM CUPID HEARTS COAT HANGER,Merchandise,True,0.11393983816796024
23344,23772.07,10285,722,716,JUMBO BAG 50'S CHRISTMAS ,Merchandise,True,0.11372656560504615
22605,23731.02,1845,652,642,WOODEN CROQUET GARDEN SET,Merchandise,True,0.11353018070806044
23243,23489.42,4800,471,470,SET OF TEA COFFEE SUGAR TINS PANTRY,Merchandise,True,0.11237435632044171
48173C,23295.82,4099,510,500,DOORMAT BLACK FLOCK ,Merchandise,True,0.11144816591711812
22554,23276.56,13822,1326,1275,PLASTERS IN TIN WOODLAND ANIMALS,Merchandise,True,0.11135602528091972
22113,23031.27,6020,1075,996,GREY HEART HOT WATER BOTTLE,Merchandise,True,0.11018254778075831
22607,23030.05,2544,755,744,WOODEN ROUNDERS GARDEN SET ,Merchandise,True,0.11017671125032413
22585,22847.67,18288,1168,1084,PACK OF 6 BIRDY GIFT TAGS,Merchandise,True,0.10930419779082952
21936,22818.09,7823,1062,1046,RED RETROSPOT PICNIC BAG,Merchandise,True,0.10916268584800766
20749,22703.16,3143,793,766,ASSORTED COLOUR MINI CASES,Merchandise,True,0.10861285597686106
37449,22672.61,2415,491,477,CERAMIC CAKE STAND + HANGING CAKES,Merchandise,True,0.1084667035139399
22556,22651.23,13771,1245,1196,PLASTERS IN TIN CIRCUS PARADE ,Merchandise,True,0.10836442071010179
22941,22619.82,2707,520,483,CHRISTMAS LIGHTS 10 REINDEER,Merchandise,True,0.10821415397162869
22969,22441.85,15075,753,709,HOMEMADE JAM SCENTED CANDLES,Merchandise,True,0.10736273813444118
22632,22334.47,11166,891,779,HAND WARMER RED RETROSPOT,Merchandise,True,0.10684902777540765
84970S,22057.379999999997,26756,1454,1425,HANGING HEART ZINC T-LIGHT HOLDER,Merchandise,True,0.10552341776065073
85014A,22024.5,4660,703,684,BLACK/BLUE POLKADOT UMBRELLA,Merchandise,True,0.10536611848140859
21210,21948.559999999998,15243,1185,1161,SET OF 72 RETROSPOT PAPER  DOILIES,Merchandise,True,0.10500281838208839
22499,21898.74,3595,784,774,WOODEN UNION JACK BUNTING,Merchandise,True,0.10476447744255542
22456,21859.23,4457,851,835,NATURAL SLATE CHALKBOARD LARGE ,Merchandise,True,0.1045754599692325
23202,21810.43,10941,886,879,JUMBO BAG VINTAGE LEAF,Merchandise,True,0.10434199875186581
85048,21779.2,2749,545,517,15CM CHRISTMAS GLASS BALL 20 LIGHTS,Merchandise,True,0.1041925931408338
21213,21661.75,40563,1526,1481,PACK OF 72 SKULL CAKE CASES,Merchandise,True,0.1036307074855117
22570,21542.29,5795,851,807,FELTCRAFT CUSHION RABBIT,Merchandise,True,0.10305920590709726
23209,21418.82,13170,1114,1098,LUNCH BAG VINTAGE DOILY ,Merchandise,True,0.1024685203229115
22424,21267.71,1557,753,739,ENAMEL BREAD BIN CREAM,Merchandise,True,0.10174560383610246
22356,21243.09,20226,1618,1584,CHARLOTTE BAG PINK POLKADOT,Merchandise,True,0.10162782073832442
22617,21138.14,4384,963,942,BAKING SET SPACEBOY DESIGN,Merchandise,True,0.10112573559974584
21218,21079.56,5299,921,897,RED SPOTTY BISCUIT TIN,Merchandise,True,0.10084548645807904
22568,21022.75,5683,920,875,FELTCRAFT CUSHION OWL,Merchandise,True,0.10057370506958307
22294,20962.02,16923,918,861,HEART FILIGREE DOVE  SMALL,Merchandise,True,0.10028317023903638
22569,20872.46,5717,835,784,FELTCRAFT CUSHION BUTTERFLY,Merchandise,True,0.09985471149667241
23206,20852.58,12147,1053,1036,LUNCH BAG APPLE DESIGN,Merchandise,True,0.09975960475484354
48116,20787.72,3459,501,496,DOORMAT MULTICOLOUR STRIPE,Merchandise,True,0.09944931183356476
85150,20650.38,8512,1144,1110,LADIES & GENTLEMEN METAL SIGN,Merchandise,True,0.0987922715960004
20723,20640.22,18441,1408,1379,STRAWBERRY CHARLOTTE BAG,Merchandise,True,0.09874366573599125
21559,20612.52,8313,1264,1221,STRAWBERRY LUNCH BOX WITH CUTLERY,Merchandise,True,0.09861114779088763
22693,20499.08,17899,352,350,GROW A FLYTRAP OR SUNFLOWER IN TIN,Merchandise,True,0.09806844614133686
21216,20484.03,3940,824,802,"SET 3 RETROSPOT TEA,COFFEE,SUGAR",Merchandise,True,0.09799644631917764
22900,20459.510000000002,6349,785,723, SET 2 TEA TOWELS I LOVE LONDON ,Merchandise,True,0.09787914162553359
22273,20301.52,7398,836,810,FELTCRAFT DOLL MOLLY,Merchandise,True,0.0971233109343089
22558,20136.65,14263,1245,1202,CLOTHES PEGS RETROSPOT PACK 24 ,Merchandise,True,0.0963345660386686
21622,20080.49,3728,637,626,VINTAGE UNION JACK CUSHION COVER,Merchandise,True,0.09606589427704333
22381,19960.07,9442,1121,1100,TOY TIDY PINK POLKADOT,Merchandise,True,0.09548980001894297
22413,19937.79,7037,904,881,METAL SIGN TAKE IT OR LEAVE IT ,Merchandise,True,0.09538321157789932
22169,19930.8,2323,714,701,FAMILY ALBUM WHITE PICTURE FRAME,Merchandise,True,0.09534977112893635
21174,19838.71,9800,1169,1135,POTTERING IN THE SHED METAL SIGN,Merchandise,True,0.0949092087619835
22952,19775.579999999998,33719,1225,1144,60 CAKE CASES VINTAGE CHRISTMAS,Merchandise,True,0.09460719223222203
48129,19752.97,3145,553,543,DOORMAT TOPIARY,Merchandise,True,0.09449902505753636
22561,19740.54,11771,938,904,WOODEN SCHOOL COLOURING SET,Merchandise,True,0.0944395594236866
84997A,19693.32,5262,610,589,GREEN 3 PIECE MINI DOTS CUTLERY SET,Merchandise,True,0.09421365699163631
71053,19654.86,4976,778,727,WHITE METAL LANTERN,Merchandise,True,0.09402966276171984
22633,19521.13,9498,992,858,HAND WARMER UNION JACK,Merchandise,True,0.09338989291339099
21908,19479.510000000002,9839,1004,974,CHOCOLATE THIS WAY METAL SIGN,Merchandise,True,0.09319078111284178
84949,19479.36,12232,722,693,SILVER HANGING T-LIGHT HOLDER,Merchandise,True,0.09319006350664086
22427,19463.56,3238,817,798,ENAMEL FLOWER JUG CREAM,Merchandise,True,0.09311447565347705
21340,19398.11,1772,429,419,CLASSIC METAL BIRDCAGE PLANT HOLDER,Merchandise,True,0.09280136014780799
22041,19371.46,7861,577,555,"RECORD FRAME 7"" SINGLE SIZE ",Merchandise,True,0.0926738654461108
22061,19260.67,2185,526,520,LARGE CAKE STAND  HANGING STRAWBERY,Merchandise,True,0.09214384150610964
22555,19240.02,11882,1006,967,PLASTERS IN TIN STRONGMAN,Merchandise,True,0.09204505105244937
84947,19055.54,16065,714,680,ANTIQUE SILVER TEA GLASS ENGRAVED,Merchandise,True,0.09116249110614183
21035,18951.77,6079,959,929,SET/2 RED RETROSPOT TEA TOWELS ,Merchandise,True,0.09066605113634385
21484,18949.600000000002,4764,917,864,CHICK GREY HOT WATER BOTTLE,Merchandise,True,0.09065566976663718
21121,18930.58,15639,896,873,SET/10 RED POLKADOT PARTY CANDLES,Merchandise,True,0.09056467730036025
22847,18890.09,1191,493,482,BREAD BIN DINER STYLE IVORY,Merchandise,True,0.09037097146652463
22837,18742.170000000002,4008,532,450,HOT WATER BOTTLE BABUSHKA ,Merchandise,True,0.08966331607158856
84945,18596.55,22637,687,653,MULTI COLOUR SILVER T-LIGHT HOLDER,Merchandise,True,0.08896666397173325
21430,18514.2,4741,833,814,SET/3 RED GINGHAM ROSE STORAGE BOX,Merchandise,True,0.08857269816742697
22147,18358.85,13129,1212,1132,FELTCRAFT BUTTERFLY HEARTS,Merchandise,True,0.08782949734533851
22505,18318.08,3818,769,744,MEMO BOARD COTTAGE DESIGN,Merchandise,True,0.08763445197992788
22560,18270.55,15192,776,742,TRADITIONAL MODELLING CLAY,Merchandise,True,0.08740706649506232
21914,18194.35,13308,1006,963,BLUE HARMONICA IN BOX ,Merchandise,True,0.08704252254499383
22654,18135.920000000002,2682,627,597,DELUXE SEWING KIT ,Merchandise,True,0.08676299100952793
22776,18074.68,1762,711,691,SWEETHEART CAKESTAND 3 TIER,Merchandise,True,0.0864700163178981
22352,18067.420000000002,7172,1144,1117,LUNCH BOX WITH CUTLERY RETROSPOT ,Merchandise,True,0.08643528417777346
79323W,18048.72,3004,350,349, WHITE CHERRY LIGHTS,Merchandise,True,0.08634582260472516
22297,17926.6,13871,1015,969,HEART IVORY TRELLIS SMALL,Merchandise,True,0.08576159547634767
22557,17797.96,10598,1191,1126,PLASTERS IN TIN VINTAGE PAISLEY ,Merchandise,True,0.08514617639843679
20718,17730.0,13481,1229,1213,RED RETROSPOT SHOPPER BAG,Merchandise,True,0.08482105294900563
47591D,17685.22,9513,1171,1140,PINK FAIRY CAKE CHILDRENS APRON,Merchandise,True,0.08460682357782366
21136,17661.149999999998,10606,762,739,PAINTED METAL PEARS ASSORTED,Merchandise,True,0.08449167170278232
21889,17612.57,13212,1180,1123,WOODEN BOX OF DOMINOES,Merchandise,True,0.08425926297451032
21156,17487.36,9391,959,930,RETROSPOT CHILDRENS APRON,Merchandise,True,0.08366025315839386
84467,17477.66,816,83,83,ENGLISH ROSE DESIGN QUILTED THROW,Merchandise,True,0.08361384795740089
84992,17440.21,35109,1529,1460,72 SWEETHEART FAIRY CAKE CASES,Merchandise,True,0.08343468560923731
22366,17423.17,2561,577,568,DOORMAT AIRMAIL ,Merchandise,True,0.08335316554481254
84970L,17359.49,17561,1107,1080,SINGLE HEART ZINC T-LIGHT HOLDER,Merchandise,True,0.08304851779231437
22652,17237.23,10146,872,830,TRAVEL SEWING KIT,Merchandise,True,0.08246362089814938
35004C,17027.23,3280,365,355,SET OF 3 COLOURED  FLYING DUCKS,Merchandise,True,0.08145897221685826
23240,17000.17,4177,546,536,SET OF 4 KNICK KNACK TINS DOILY ,Merchandise,True,0.08132951605821188
21535,16842.1,6778,1134,1111,RED RETROSPOT SMALL MILK JUG,Merchandise,True,0.08057330264368007
21533,16814.37,3385,973,954,RETRO SPOT LARGE MILK JUG,Merchandise,True,0.08044064117733625
21164,16812.300000000003,6040,736,721,HOME SWEET HOME METAL SIGN ,Merchandise,True,0.08043073821176355
72760B,16569.55,1714,503,494,VINTAGE CREAM 3 BASKET CAKE STAND,Merchandise,True,0.07926941217660441
22487,16549.399999999998,1645,909,898,WHITE WOOD GARDEN PLANT LADDER,Merchandise,True,0.07917301374361385
22993,16478.48,12649,1090,1073,SET OF 4 PANTRY JELLY MOULDS,Merchandise,True,0.07883372953181784
21155,16475.41,6726,988,969,RED RETROSPOT PEG BAG,Merchandise,True,0.07881904252490562
84375,16463.22,7889,835,796,SET OF 20 KIDS COOKIE CUTTERS,Merchandise,True,0.07876072506097735
22191,16454.05,1995,635,620,IVORY DINER WALL CLOCK,Merchandise,True,0.0787168554018943
22662,16368.31,10037,1022,994,LUNCH BAG DOLLY GIRL DESIGN,Merchandise,True,0.07830667169744716
23301,16327.35,8807,920,913,GARDENERS KNEELING PAD KEEP CALM ,Merchandise,True,0.07811071736418201
22193,16296.48,1931,630,617,RED DINER WALL CLOCK,Merchandise,True,0.07796303400803221
22296,16260.51,9855,872,833,HEART IVORY TRELLIS LARGE,Merchandise,True,0.07779095204105108
22634,16223.5,1717,516,499,CHILDS BREAKFAST SET SPACEBOY ,Merchandise,True,0.07761389467107686
22619,16212.32,4154,740,708,SET OF 6 SOLDIER SKITTLES,Merchandise,True,0.07756040908890147
22759,16176.039999999999,9523,838,795,SET OF 3 NOTEBOOKS IN PARCEL,Merchandise,True,0.07738684406910508
22635,16093.99,1689,505,485,CHILDS BREAKFAST SET DOLLY GIRL ,Merchandise,True,0.07699431347720063
21877,16083.97,14154,772,755,HOME SWEET HOME MUG,Merchandise,True,0.07694637738297902
22367,16060.91,8153,1184,1156,CHILDRENS APRON SPACEBOY DESIGN,Merchandise,True,0.07683605738969058
22692,16024.84,2139,609,606,DOORMAT WELCOME TO OUR HOME,Merchandise,True,0.07666349701857549
22940,16009.289999999999,3653,637,586,FELTCRAFT CHRISTMAS FAIRY,Merchandise,True,0.07658910517574655
22690,15922.33,2540,444,437,DOORMAT HOME SWEET HOME BLUE ,Merchandise,True,0.07617308494086525
22333,15865.82,10165,715,697,RETROSPOT PARTY BAG + STICKER SET,Merchandise,True,0.07590273876477115
22170,15800.66,2406,583,575,PICTURE FRAME WOOD TRIPLE PORTRAIT,Merchandise,True,0.07559101063109054
23313,15798.66,2990,408,401,VINTAGE CHRISTMAS BUNTING,Merchandise,True,0.07558144254841158
22173,15768.95,5137,1032,997,METAL 4 HOOK HANGER FRENCH CHATEAU,Merchandise,True,0.07543930868021559
22909,15760.83,17684,1173,1086,SET OF 20 VINTAGE CHRISTMAS NAPKINS,Merchandise,True,0.07540046226453899
22749,15729.83,3855,722,685,FELTCRAFT PRINCESS CHARLOTTE DOLL,Merchandise,True,0.07525215698301507
21094,15723.119999999999,20160,1006,984,SET/6 RED SPOTTY PAPER PLATES,Merchandise,True,0.07522005606562715
21891,15713.0,12249,884,835,TRADITIONAL WOODEN SKIPPING ROPE,Merchandise,True,0.0751716415672716
84378,15567.38,11761,1292,1248,SET OF 3 HEART COOKIE CUTTERS,Merchandise,True,0.07447498946741632
22730,15534.04,3868,782,746,ALARM CLOCK BAKELIKE IVORY,Merchandise,True,0.07431548952915801
21844,15518.320000000002,5430,506,494,RED RETROSPOT MUG,Merchandise,True,0.07424028439930137
22365,15503.93,2355,455,443,DOORMAT RESPECTABLE HOUSE,Merchandise,True,0.07417144204442622
22946,15451.32,990,285,275,WOODEN ADVENT CALENDAR CREAM,Merchandise,True,0.0739197536295561
85232B,15436.48,3082,552,539,SET/3 RUSSIAN DOLL STACKING TINS,Merchandise,True,0.07384875845607819
82582,15426.070000000002,7620,824,796,AREA PATROLLED METAL SIGN,Merchandise,True,0.0737989565857342
84050,15419.17,10514,744,715,PINK HEART SHAPE EGG FRYING PAN,Merchandise,True,0.07376594670049177
21165,15351.35,9445,1006,966,BEWARE OF THE CAT METAL SIGN ,Merchandise,True,0.07344149301684814
21975,15330.25,31481,1341,1303,PACK OF 60 DINOSAUR CAKE CASES,Merchandise,True,0.07334054974458508
21122,15280.06,12601,830,807,SET/10 PINK POLKADOT PARTY CANDLES,Merchandise,True,0.07310043870975651
35970,15177.83,8400,711,692,ZINC FOLKART SLEIGH BELLS,Merchandise,True,0.07261136616362132
22179,14953.75,2093,587,566,SET 10 LIGHTS NIGHT OWL,Merchandise,True,0.07153935818027032
17003,14948.75,71394,475,456,BROCADE RING PURSE ,Merchandise,True,0.07151543797357293
21912,14934.74,3791,849,828,VINTAGE SNAKES & LADDERS,Merchandise,True,0.07144841355440679
22606,14913.84,1071,379,374,WOODEN SKITTLES GARDEN SET,Merchandise,True,0.07134842709041163
21770,14807.300000000001,2991,652,651,OPEN CLOSED METAL SIGN,Merchandise,True,0.07083873532610328
22150,14800.449999999999,7948,986,938,3 STRIPEY MICE FELTCRAFT,Merchandise,True,0.07080596464292782
22485,14779.84,1109,423,419,SET OF 2 WOODEN MARKET CRATES,Merchandise,True,0.07070736555092112
21380,14643.480000000001,5047,663,651,WOODEN HAPPY BIRTHDAY GARLAND,Merchandise,True,0.07005501367386943
21672,14479.91,11172,834,815,WHITE SPOT RED CERAMIC DRAWER KNOB,Merchandise,True,0.06927248803197045
21259,14456.980000000001,2395,680,655,VICTORIAN SEWING BOX SMALL ,Merchandise,True,0.06916278996405614
21257,14434.18,1587,551,532,VICTORIAN SEWING BOX MEDIUM,Merchandise,True,0.06905371382151597
22804,14414.08,5377,703,670,CANDLEHOLDER PINK HANGING HEART,Merchandise,True,0.06895755459059238
21169,14397.69,8924,806,772,YOU'RE CONFUSING ME METAL SIGN ,Merchandise,True,0.0688791441530383
22627,14356.68,1634,669,653,MINT KITCHEN SCALES,Merchandise,True,0.06868295061770616
84380,14329.029999999999,10533,1146,1114,SET OF 3 BUTTERFLY COOKIE CUTTERS,Merchandise,True,0.06855067187466948
20748,14317.98,1604,187,183,KENSINGTON COFFEE SET,Merchandise,True,0.06849780821786822
22444,14229.9,10416,470,453,GROW YOUR OWN PLANT IN A CAN ,Merchandise,True,0.0680764298566867
22109,14197.68,3431,670,642,FULL ENGLISH BREAKFAST PLATE,Merchandise,True,0.06792228804472861
23200,14188.960000000001,7067,598,595,JUMBO BAG PEARS,Merchandise,True,0.06788057120424834
21098,14174.210000000001,9007,654,596,CHRISTMAS TOILET ROLL,Merchandise,True,0.06781000659449099
22271,14156.300000000001,4945,809,787,FELTCRAFT DOLL ROSIE,Merchandise,True,0.06772432441410087
21888,14152.84,3581,853,825,BINGO SET,Merchandise,True,0.06770777163106627
22236,14109.669999999998,1140,423,421,CAKE STAND 3 TIER MAGIC GARDEN,Merchandise,True,0.06750124456644084
22295,14108.2,8547,741,706,HEART FILIGREE DOVE LARGE,Merchandise,True,0.06749421202567182
22667,14014.100000000002,4990,889,848,RECIPE BOX RETROSPOT ,Merchandise,True,0.06704403373562662
35400,13999.1,1435,423,419,WOODEN BOX ADVENT CALENDAR ,Merchandise,True,0.06697227311553439
23343,13972.710000000001,6078,486,476,JUMBO BAG VINTAGE CHRISTMAS ,Merchandise,True,0.06684602226458548
21669,13971.07,10669,830,805,BLUE STRIPE CERAMIC DRAWER KNOB,Merchandise,True,0.06683817643678873
21668,13958.039999999999,10391,839,825,RED STRIPE CERAMIC DRAWER KNOB,Merchandise,True,0.06677584037813528
21871,13900.51,11654,815,779,SAVE THE PLANET MUG,Merchandise,True,0.06650061447987492
22621,13847.06,8764,902,875,TRADITIONAL KNITTING NANCY,Merchandise,True,0.06624490747027963
79323P,13787.93,2281,266,265,PINK CHERRY LIGHTS,Merchandise,True,0.0659620271058761
21539,13769.44,2767,732,709,RED RETROSPOT BUTTER DISH,Merchandise,True,0.06587357018150909
22636,13761.73,1657,506,489,CHILDS BREAKFAST SET CIRCUS PARADE,Merchandise,True,0.06583668522278169
22846,13750.369999999999,855,357,346,BREAD BIN DINER STYLE RED ,Merchandise,True,0.06578233851316517
22207,13715.91,3185,495,480,FRYING PAN UNION FLAG,Merchandise,True,0.06561748044860664
23077,13695.77,10395,344,344,DOUGHNUT LIP GLOSS ,Merchandise,True,0.0655211298560295
47556B,13691.02,5201,452,449,TEA TIME TEA TOWELS ,Merchandise,True,0.06549840565966696
C2,13676.0,273,272,267,CARRIAGE,Merchandise,True,0.06542654935874793
21390,13590.47,10967,607,588,FILIGRIS HEART WITH BUTTERFLY,Merchandise,True,0.0650173703029821
22198,13580.83,7793,690,646,LARGE POPCORN HOLDER ,Merchandise,True,0.0649712521444695
22838,13519.36,936,281,271,3 TIER CAKE TIN RED AND CREAM,Merchandise,True,0.06467717712333157
21673,13497.51,10221,781,763,WHITE SPOT BLUE CERAMIC DRAWER KNOB,Merchandise,True,0.0645726458200639
22584,13427.79,5271,606,589,PACK OF 6 PANNETONE GIFT BOXES,Merchandise,True,0.06423910245787526
22553,13405.51,8009,1148,1090,PLASTERS IN TIN SKULLS,Merchandise,True,0.06413251401683161
21935,13353.81,7209,948,921,SUKI  SHOULDER BAG,Merchandise,True,0.06388517907958043
21704,13343.35,17299,587,568,BAG 250g SWIRLY MARBLES,Merchandise,True,0.06383513800716945
23356,13334.32,2359,486,476,LOVE HOT WATER BOTTLE,Merchandise,True,0.06379193811387393
23207,13325.55,7830,756,740,LUNCH BAG ALPHABET DESIGN,Merchandise,True,0.06374998207132666
23108,13290.52,2219,373,372,SET OF 10 LED DOLLY LIGHTS,Merchandise,True,0.06358239710320464
20676,13279.16,10620,986,966,RED RETROSPOT BOWL,Merchandise,True,0.06352805039358814
22580,13277.720000000001,2338,507,495,ADVENT CALENDAR GINGHAM SACK,Merchandise,True,0.06352116137405929
23328,13269.49,2841,409,405,SET 6 SCHOOL MILK BOTTLES IN CRATE,Merchandise,True,0.06348178871383534
15044A,13210.85,4964,250,250,PINK PAPER PARASOL ,Merchandise,True,0.06320125252968815
75049L,13156.31,13969,353,344,LARGE CIRCULAR MIRROR MOBILE,Merchandise,True,0.06294033091503283
22646,13151.21,9253,920,880,CERAMIC STRAWBERRY CAKE MONEY BANK,Merchandise,True,0.06291593230420148
21906,13143.550000000001,1813,440,424,PHARMACIE FIRST AID TIN,Merchandise,True,0.06287928654754106
22655,13140.0,77,54,53,VINTAGE RED KITCHEN CABINET,Merchandise,True,0.0628623032007859
22464,13129.58,7922,806,784,HANGING METAL HEART LANTERN,Merchandise,True,0.06281245349002851
22947,13111.85,1026,222,209,WOODEN ADVENT CALENDAR RED,Merchandise,True,0.06272763243707949
22088,13103.44,4407,632,619,PAPER BUNTING COLOURED LACE,Merchandise,True,0.06268739864941446
22766,13094.44,4436,664,640,PHOTO FRAME CORNICE,Merchandise,True,0.06264434227735913
84988,13059.199999999999,8393,1036,1019,SET OF 72 PINK HEART PAPER DOILIES,Merchandise,True,0.0624757526605558
22144,12994.69,5368,767,704,CHRISTMAS CRAFT LITTLE FRIENDS,Merchandise,True,0.062167134153745855
22834,12879.75,7641,672,597,HAND WARMER BABUSHKA DESIGN,Merchandise,True,0.06161725644218585
22943,12783.82,2601,389,356,CHRISTMAS LIGHTS 10 VINTAGE BAUBLES,Merchandise,True,0.06115832335648941
22616,12747.23,40106,871,825,PACK OF 12 LONDON TISSUES ,Merchandise,True,0.06098327528387778
22303,12701.630000000001,5439,541,540,COFFEE MUG APPLES DESIGN,Merchandise,True,0.06076512299879744
22623,12665.58,2353,559,541,BOX OF VINTAGE JIGSAW BLOCKS ,Merchandise,True,0.060592658308509115
22082,12504.77,7427,1006,957,RIBBON REEL STRIPES DESIGN ,Merchandise,True,0.059823336620707115
15056P,12479.470000000001,2526,348,344,EDWARDIAN PARASOL PINK,Merchandise,True,0.059702300374818246
62018,12456.7,9570,130,127,SOMBRERO ,Merchandise,True,0.05959336775351825
21671,12426.88,9552,739,727,RED SPOT CERAMIC DRAWER KNOB,Merchandise,True,0.059450707640774904
22301,12399.66,5104,666,643,COFFEE MUG CAT + BIRD DESIGN,Merchandise,True,0.05932048603551422
22631,12368.01,6327,686,663,CIRCUS PARADE LUNCH BOX ,Merchandise,True,0.05916907112711963
23174,12342.43,3055,324,322,REGENCY SUGAR BOWL GREEN,Merchandise,True,0.059046695349655696
20969,12300.1,3290,637,613,RED FLORAL FELTCRAFT SHOULDER BAG,Merchandise,True,0.05884418687975545
22192,12274.76,1444,556,543,BLUE DINER WALL CLOCK,Merchandise,True,0.05872295927221299
20975,12255.73,18668,965,902,12 PENCILS SMALL TUBE RED RETROSPOT,Merchandise,True,0.05863191896552266
22729,12253.88,3093,649,612,ALARM CLOCK BAKELIKE ORANGE,Merchandise,True,0.05862306848904462
21124,12242.800000000001,10084,648,629,SET/10 BLUE SPOTTY PARTY CANDLES,Merchandise,True,0.05857006131100317
85042,12234.56,2685,296,292,ANTIQUE LILY FAIRY LIGHTS,Merchandise,True,0.05853064081036584
22791,12211.710000000001,9846,459,434,T-LIGHT GLASS FLUTED ANTIQUE,Merchandise,True,0.05842132546575869
21670,12183.789999999999,8918,782,767,BLUE SPOT CERAMIC DRAWER KNOB,Merchandise,True,0.05828775503156036
21154,12100.22,8396,950,903,RED RETROSPOT OVEN GLOVE ,Merchandise,True,0.0578879526968199
21937,12091.960000000001,4114,669,657,STRAWBERRY   PICNIC BAG,Merchandise,True,0.05784843651535579
22750,12035.22,3214,678,647,FELTCRAFT PRINCESS LOLA DOLL,Merchandise,True,0.05757699000975361
21787,11986.359999999999,15184,485,469,RAIN PONCHO RETROSPOT,Merchandise,True,0.05734324174990654
21242,11979.4,7120,666,657,RED RETROSPOT PLATE ,Merchandise,True,0.05730994482218375
21428,11975.93,2935,477,465,SET3 BOOK BOX GREEN GINGHAM FLOWER ,Merchandise,True,0.05729334419873576
84212,11962.14,24795,279,277,"ASSORTED FLOWER COLOUR ""LEIS""",Merchandise,True,0.057227372268664305
22968,11952.26,1194,331,306,ROSE COTTAGE KEEPSAKE BOX ,Merchandise,True,0.057180105940230236
22243,11949.41,7731,404,388,5 HOOK HANGER RED MAGIC TOADSTOOL,Merchandise,True,0.05716647142241271
84987,11890.9,8150,825,812,SET OF 36 TEATIME PAPER DOILIES,Merchandise,True,0.056886557163639655
21326,11886.68,18224,675,643,AGED GLASS SILVER T-LIGHT HOLDER,Merchandise,True,0.05686636850918705
22637,11882.33,4611,623,598,PIGGY BANK RETROSPOT ,Merchandise,True,0.056845557929360295
22488,11874.22,6951,822,808,NATURAL SLATE RECTANGLE CHALKBOARD,Merchandise,True,0.056806759354097104
22468,11846.630000000001,1777,431,413,BABUSHKA LIGHTS STRING OF 10,Merchandise,True,0.05667476765354081
47567B,11814.990000000002,2187,363,348,TEA TIME KITCHEN APRON,Merchandise,True,0.05652340058555962
22844,11788.72,1247,512,498,VINTAGE CREAM DOG FOOD CONTAINER,Merchandise,True,0.056397723819571435
23300,11785.99,6809,766,758,GARDENERS KNEELING PAD CUP OF TEA ,Merchandise,True,0.05638466338671466
21260,11775.68,3577,551,534,FIRST AID TIN,Merchandise,True,0.0563353399205046
22508,11750.29,2923,719,697,DOORSTOP RETROSPOT HEART,Merchandise,True,0.05621387311089517
21429,11743.529999999999,6568,1044,997,RED GINGHAM ROSE JEWELLERY BOX,Merchandise,True,0.05618153299144027
22649,11698.12,2325,504,486,STRAWBERRY FAIRY CAKE TEAPOT,Merchandise,True,0.05596428967421443
22795,11697.31,1661,528,498,SWEETHEART RECIPE BOOK STAND,Merchandise,True,0.05596041460072944
22151,11692.69,27749,749,716,PLACE SETTING WHITE HEART,Merchandise,True,0.055938312329741044
22988,11673.72,9684,485,446,SOLDIERS EGG CUP ,Merchandise,True,0.05584755906553107
22740,11670.689999999999,13628,314,300,POLKADOT PEN,Merchandise,True,0.055833063420272444
23581,11581.83,5020,345,338,JUMBO BAG PAISLEY PARK,Merchandise,True,0.05540795350684613
37370,11549.06,7478,542,492,RETRO COFFEE MUGS ASSORTED,Merchandise,True,0.055251180472151315
22694,11532.0,5115,913,858,WICKER STAR ,Merchandise,True,0.05516956472689977
22663,11527.83,5791,700,688,JUMBO BAG DOLLY GIRL DESIGN,Merchandise,True,0.05514961527451413
21735,11503.15,887,268,262,TWO DOOR CURIO CABINET,Merchandise,True,0.05503154513425573
22768,11464.16,1195,373,354,FAMILY PHOTO FRAME CORNICE,Merchandise,True,0.054845015362429354
21172,11461.769999999999,7738,994,971,PARTY METAL SIGN ,Merchandise,True,0.054833581503627986
22950,11452.64,8333,356,352,36 DOILIES VINTAGE CHRISTMAS,Merchandise,True,0.054789903206198524
21868,11383.72,9235,908,881,POTTING SHED TEA MUG,Merchandise,True,0.054460187077081466
47599A,11342.28,6043,378,369,PINK PARTY BAGS,Merchandise,True,0.054261936403973365
22620,11325.05,8347,881,841,4 TRADITIONAL SPINNING TOPS,Merchandise,True,0.05417950737169408
21922,11273.970000000001,1449,393,388,UNION STRIPE WITH FRINGE  HAMMOCK,Merchandise,True,0.05393513854007339
72351B,11260.54,5816,514,499,SET/6 PINK  BUTTERFLY T-LIGHTS,Merchandise,True,0.05387088886488415
22417,11250.09,21625,1138,1103,PACK OF 60 SPACEBOY CAKE CASES,Merchandise,True,0.053820895632886556
22130,11244.119999999999,9918,455,424,PARTY CONE CHRISTMAS DECORATION ,Merchandise,True,0.05379233490608985
21833,11208.35,6557,460,444,CAMOUFLAGE LED TORCH,Merchandise,True,0.053621209747376615
22812,11165.68,5049,506,462,PACK 3 BOXES CHRISTMAS PANNETONE,Merchandise,True,0.05341707470342094
23170,11097.25,6857,445,445,REGENCY TEA PLATE ROSES ,Merchandise,True,0.05308970275456022
20828,11062.76,4468,636,607,GLITTER BUTTERFLY CLIPS,Merchandise,True,0.05292470116876151
21907,11022.230000000001,5242,789,771,I'M ON HOLIDAY METAL SIGN,Merchandise,True,0.05273080397327233
21498,10999.92,27126,810,802,RED RETROSPOT WRAP ,Merchandise,True,0.0526240720109885
21749,10997.82,5661,288,286,LARGE RED RETROSPOT WINDMILL,Merchandise,True,0.05261402552417558
22174,10993.4,5423,593,557,PHOTO CUBE,Merchandise,True,0.05259288006145507
22595,10964.1,13008,834,796,GINGHAM HEART DECORATION,Merchandise,True,0.05245270765020828
22904,10955.84,3516,483,463,CALENDAR PAPER CUT DESIGN,Merchandise,True,0.05241319146874415
21558,10945.17,4244,795,768,SKULL LUNCH BOX WITH CUTLERY ,Merchandise,True,0.052362145747651884
21086,10939.75,16887,869,843,SET/6 RED SPOTTY PAPER CUPS,Merchandise,True,0.052336216243591895
22668,10933.51,3593,585,579,PINK BABY BUNTING,Merchandise,True,0.05230636382563353
22274,10926.500000000002,3818,680,656,FELTCRAFT DOLL EMILY,Merchandise,True,0.05227282769584378
22466,10806.519999999999,5876,411,394,FAIRY TALE COTTAGE NIGHTLIGHT,Merchandise,True,0.051698838415932785
22418,10790.32,12730,614,586,10 COLOUR SPACEBOY PEN,Merchandise,True,0.051621336946233186
22064,10737.11,6678,719,693,PINK DOUGHNUT TRINKET POT ,Merchandise,True,0.05136677810655938
21624,10712.55,1783,411,403,VINTAGE UNION JACK DOORSTOP,Merchandise,True,0.05124928205126172
22348,10708.33,12566,988,961,TEA BAG PLATE RED RETROSPOT,Merchandise,True,0.05122909339680911
21974,10656.3,7059,816,808,SET OF 36 PAISLEY FLOWER DOILIES,Merchandise,True,0.05098017972591588
82001S,10646.87,2956,237,230,VINYL RECORD FRAME SILVER,Merchandise,True,0.05093506621608458
21890,10625.75,3538,577,547,S/6 WOODEN SKITTLES IN COTTON BAG,Merchandise,True,0.05083402726299473
22349,10608.039999999999,2585,371,366,DOG BOWL CHASING BALL DESIGN,Merchandise,True,0.05074930189087251
20754,10604.550000000001,5157,881,852,RETROSPOT RED WASHING UP GLOVES,Merchandise,True,0.05073260558659773
22725,10593.95,2580,575,549,ALARM CLOCK BAKELIKE CHOCOLATE,Merchandise,True,0.05068189474839922
22645,10525.49,5826,772,741,CERAMIC HEART FAIRY CAKE MONEY BANK,Merchandise,True,0.05035437927829832
21982,10495.89,32371,756,718,PACK OF 12 SUKI TISSUES ,Merchandise,True,0.05021277165464967
22302,10492.45,4926,399,396,COFFEE MUG PEARS  DESIGN,Merchandise,True,0.05019631455244186
22966,10480.13,8486,778,732,GINGERBREAD MAN COOKIE CUTTER,Merchandise,True,0.050137375163139444
23208,10441.91,6308,677,668,LUNCH BAG VINTAGE LEAF DESIGN,Merchandise,True,0.04995452910314446
22120,10404.22,1026,371,367,WELCOME  WOODEN BLOCK LETTERS,Merchandise,True,0.049774218585059406
22180,10403.21,1004,420,410,RETROSPOT LAMP,Merchandise,True,0.04976938670330654
22748,10396.69,4245,788,742,POPPY'S PLAYHOUSE KITCHEN,Merchandise,True,0.04973819475377312
20682,10388.78,3123,607,589,RED RETROSPOT CHILDRENS UMBRELLA,Merchandise,True,0.04970035298677782
22771,10382.19,7666,533,512,CLEAR DRAWER KNOB ACRYLIC EDWARDIAN,Merchandise,True,0.049668826154350636
22992,10373.99,5233,356,348,REVOLVER WOODEN RULER ,Merchandise,True,0.049629597015366886
21892,10346.57,7953,865,818,TRADITIONAL WOODEN CATCH CUP GAME ,Merchandise,True,0.049498418601838304
20979,10343.06,8213,718,709,36 PENCILS TUBE RED RETROSPOT,Merchandise,True,0.049481626616736725
22089,10329.91,3514,564,552,PAPER BUNTING VINTAGE PAISLEY,Merchandise,True,0.04941871647312255
21531,10318.87,4134,793,776,RED RETROSPOT SUGAR JAM BOWL,Merchandise,True,0.04936590065673467
84880,10275.26,1802,383,375,WHITE WIRE EGG HOLDER,Merchandise,True,0.049157268613919884
22380,10274.42,4985,701,688,TOY TIDY SPACEBOY  ,Merchandise,True,0.049153250019194725
21488,10266.230000000001,2443,377,359,RED WHITE SCARF  HOT WATER BOTTLE,Merchandise,True,0.049114068720624376
22840,10263.300000000001,1348,415,402,ROUND CAKE TIN VINTAGE RED,Merchandise,True,0.04910005147949969
84792,10259.050000000001,2325,532,519,ENCHANTED BIRD COATHANGER 5 HOOK,Merchandise,True,0.0490797193038069
21033,10240.04,4623,583,573,JUMBO BAG CHARLIE AND LOLA TOYS,Merchandise,True,0.04898877467794336
21756,10222.16,1655,600,581,BATH BUILDING BLOCK WORD,Merchandise,True,0.04890323601879342
21781,10215.42,661,372,363,MA CAMPAGNE CUTLERY BOX,Merchandise,True,0.04887099158016532
23582,10206.41,4802,262,259,VINTAGE DOILY JUMBO BAG RED ,Merchandise,True,0.048827887367696596
22970,10140.6,4334,319,317,LONDON BUS COFFEE MUG,Merchandise,True,0.048513049607145316
22300,10095.2,4191,545,526,COFFEE MUG DOG + BALL DESIGN,Merchandise,True,0.04829585413033287
22429,10056.39,2325,646,625,ENAMEL MEASURING JUG CREAM,Merchandise,True,0.04811018548594759
22327,10054.490000000002,3095,676,646,ROUND SNACK BOXES SET OF 4 SKULLS,Merchandise,True,0.04810109580740258
23171,10051.99,6247,383,381,REGENCY TEA PLATE GREEN ,Merchandise,True,0.04808913570405387
22131,10045.14,5304,725,692,FOOD CONTAINER SET 3 LOVE HEART ,Merchandise,True,0.04805636502087842
22745,9993.66,4073,750,703,POPPY'S PLAYHOUSE BEDROOM ,Merchandise,True,0.047810082572721915
22549,9968.06,6680,745,711,PICTURE DOMINOES,Merchandise,True,0.04768761111443119
20677,9936.14,7888,779,760,PINK POLKADOT BOWL,Merchandise,True,0.047534904514874944
23076,9935.76,8076,277,277,ICE CREAM SUNDAE LIP GLOSS,Merchandise,True,0.04753308657916595
79000,9909.519999999999,12174,442,436,MOROCCAN TEA GLASS,Merchandise,True,0.04740755333441794
22942,9899.68,1271,267,246,CHRISTMAS LIGHTS 10 SANTAS ,Merchandise,True,0.04736047836763745
20829,9875.44,4842,500,481,GLITTER HANGING BUTTERFLY STRING,Merchandise,True,0.047244513205568425
22665,9843.730000000001,3022,728,703,RECIPE BOX BLUE SKETCHBOOK DESIGN,Merchandise,True,0.04709281125469347
16014,9839.4,30370,97,93,SMALL CHINESE STYLE SCISSOR,Merchandise,True,0.04707209635569351
22767,9667.76,1022,306,295,TRIPLE PHOTO FRAME CORNICE ,Merchandise,True,0.04625096350018492
47570B,9664.87,977,229,224,TEA TIME TABLE CLOTH,Merchandise,True,0.046237137620713825
82552,9645.67,7036,812,794,WASHROOM METAL SIGN,Merchandise,True,0.046145284026995775
35961,9632.63,11521,662,637,FOLKART ZINC HEART CHRISTMAS DEC,Merchandise,True,0.046082900127928934
20970,9617.0,2543,599,574,PINK FLORAL FELTCRAFT SHOULDER BAG,Merchandise,True,0.046008125561792845
23175,9587.15,3160,331,329,REGENCY MILK JUG PINK ,Merchandise,True,0.04586532192780932
84030E,9566.01,2238,516,485,ENGLISH ROSE HOT WATER BOTTLE,Merchandise,True,0.045764187293892686
22978,9564.98,2464,238,238,PANTRY ROLLING PIN,Merchandise,True,0.04575925973131302
84692,9514.94,19430,1169,1122,BOX OF 24 COCKTAIL PARASOLS,Merchandise,True,0.04551986630268537
21716,9490.94,3734,505,496,BOYS VINTAGE TIN SEASIDE BUCKET,Merchandise,True,0.04540504931053782
22121,9482.730000000001,1529,466,438,NOEL WOODEN BLOCK LETTERS ,Merchandise,True,0.04536577233114068
22072,9448.51,2463,535,511,RED RETROSPOT TEA CUP AND SAUCER ,Merchandise,True,0.04520206243650362
22357,9445.82,2092,471,462,KINGS CHOICE BISCUIT TIN,Merchandise,True,0.04518919336530042
21385,9440.949999999999,10918,719,690,IVORY HANGING DECORATION  HEART,Merchandise,True,0.045165895083977135
22195,9440.1,5269,848,811,LARGE HEART MEASURING SPOONS,Merchandise,True,0.04516182864883858
21658,9434.45,2257,540,519,GLASS  BEURRE DISH,Merchandise,True,0.045134798815270515
84032A,9406.970000000001,3420,690,662,CHARLIE+LOLA PINK HOT WATER BOTTLE,Merchandise,True,0.04500333335926157
22219,9403.86,9906,1190,1149,LOVEBIRD HANGING DECORATION WHITE ,Merchandise,True,0.04498845499069577
22839,9329.09,595,276,260,3 TIER CAKE TIN GREEN AND CREAM,Merchandise,True,0.04463075221974275
21243,9323.19,5657,509,503,PINK  POLKADOT PLATE ,Merchandise,True,0.044602526375839814
21745,9321.32,2732,497,486,GAOLERS KEYS DECORATIVE GARDEN ,Merchandise,True,0.044593580218534976
22656,9290.0,45,37,37,VINTAGE BLUE KITCHEN CABINET,Merchandise,True,0.044443744043782415
21041,9279.59,2724,553,525,RED RETROSPOT OVEN GLOVE DOUBLE,Merchandise,True,0.04439394217343842
22741,9248.689999999999,10721,299,292,FUNKY DIVA PEN,Merchandise,True,0.04424611529604843
22141,9235.81,3785,624,572,CHRISTMAS CRAFT TREE TOP ANGEL,Merchandise,True,0.04418449684359592
20747,9224.92,683,108,108,PICCADILLY TEA SET,Merchandise,True,0.04413239863340897
22244,9220.82,4814,441,431,3 HOOK HANGER MAGIC GARDEN,Merchandise,True,0.044112784063917096
23319,9219.53,3720,411,403,BOX OF 6 MINI 50'S CRACKERS,Merchandise,True,0.04410661265058917
22110,9206.87,2726,547,512,BIRD HOUSE HOT WATER BOTTLE,Merchandise,True,0.04404604668723133
51008,9179.25,2865,84,80,AFGHAN SLIPPER SOCK PAIR,Merchandise,True,0.04391391146543485
22371,9178.51,1867,710,684,AIRLINE BAG VINTAGE TOKYO 78,Merchandise,True,0.04391037127484364
21777,9170.91,1138,374,367,RECIPE BOX WITH METAL HEART,Merchandise,True,0.04387401256066358
23318,9162.41,3809,382,376,BOX OF 6 MINI VINTAGE CRACKERS,Merchandise,True,0.043833348209277985
21933,9161.4,4139,640,625,PINK VINTAGE PAISLEY PICNIC BAG,Merchandise,True,0.04382851632752511
23080,9117.62,1074,261,257,RED METAL BOX TOP SECRET,Merchandise,True,0.04361907099768262
21715,9017.8,3564,494,487,GIRLS VINTAGE TIN SEASIDE BUCKET,Merchandise,True,0.04314152799117557
21985,9015.56,25648,951,919,PACK OF 12 HEARTS DESIGN TISSUES ,Merchandise,True,0.04313081173857514
22989,8999.27,2811,378,372,SET 2 PANTRY DESIGN TEA TOWELS,Merchandise,True,0.043052879705154985
ADJUST,8897.929999999998,36,36,36,Adjustment by john on 26/01/2010 16,Merchandise,True,0.04256806495581193
21042,8884.73,1500,415,399,RED RETROSPOT APRON ,Merchandise,True,0.04250491561013078
20974,8883.54,13493,879,822,12 PENCILS SMALL TUBE SKULL,Merchandise,True,0.042499222600936803
23322,8878.210000000001,3069,572,562,LARGE WHITE HEART OF WICKER,Merchandise,True,0.04247372366059737
22215,8869.43,1092,363,359,CAKE STAND WHITE TWO TIER LACE,Merchandise,True,0.04243171977763672
23439,8855.51,3986,412,397,HAND WARMER RED LOVE HEART,Merchandise,True,0.04236512592219114
22212,8839.880000000001,4100,858,828,FOUR HOOK  WHITE LOVEBIRDS,Merchandise,True,0.04229035135605504
22895,8787.220000000001,2886,427,411,SET OF 2 TEA TOWELS APPLE AND PEARS,Merchandise,True,0.04203842373911796
84839,8747.05,1523,394,393,SWEETHEART KEY CABINET,Merchandise,True,0.041846248798510975
85049E,8733.76,6511,882,830,SCANDINAVIAN REDS RIBBONS,Merchandise,True,0.041782668889109274
21980,8712.99,31546,694,676,PACK OF 12 RED RETROSPOT TISSUES ,Merchandise,True,0.04168330435048825
22751,8690.2,2325,488,466,FELTCRAFT PRINCESS OLIVIA DOLL,Merchandise,True,0.04157427604836146
23256,8667.07,2113,372,368,CHILDRENS CUTLERY SPACEBOY ,Merchandise,True,0.041463621172179256
72807C,8663.24,2018,360,345,SET/3 VANILLA SCENTED CANDLE IN BOX,Merchandise,True,0.04144529829384904
21135,8656.81,6038,422,405,VICTORIAN  METAL POSTCARD SPRING,Merchandise,True,0.041414536908036176
21381,8634.7,5140,549,532,MINI WOODEN HAPPY BIRTHDAY GARLAND,Merchandise,True,0.04130876175402025
22283,8628.95,1042,387,382,6 EGG HOUSE PAINTED WOOD,Merchandise,True,0.04128125351631823
23534,8608.9,1387,261,260,WALL ART STOP FOR TEA ,Merchandise,True,0.041185333487461624
22073,8587.13,2160,492,474,RED RETROSPOT STORAGE JAR,Merchandise,True,0.04108118490750111
22354,8563.31,2257,284,280,RETROSPOT PADDED SEAT CUSHION,Merchandise,True,0.040967229042794664
21769,8562.52,134,50,48,VINTAGE POST OFFICE CABINET,Merchandise,True,0.04096344965013648
23082,8558.76,2328,303,297,SET 6 PAPER TABLE LANTERN HEARTS ,Merchandise,True,0.040945461654700026
23078,8553.34,6831,257,257,ICE CREAM PEN LIP GLOSS ,Merchandise,True,0.04091953215064004
22358,8541.25,2687,626,605,KINGS CHOICE TEA CADDY ,Merchandise,True,0.040861693090845704
21932,8539.92,3884,659,649,SCANDINAVIAN PAISLEY PICNIC BAG,Merchandise,True,0.04085533031586419
21186,8532.17,5272,375,369,WHITE DOVE HONEYCOMB PAPER GARLAND,Merchandise,True,0.040818253995483215
22078,8519.26,4015,495,480,RIBBON REEL LACE DESIGN ,Merchandise,True,0.04075649202179051
22079,8510.14,5054,698,684,RIBBON REEL HEARTS DESIGN ,Merchandise,True,0.04071286156477444
23493,8497.98,3964,424,415,VINTAGE DOILY TRAVEL SEWING KIT,Merchandise,True,0.04065468762208634
21411,8493.04,2118,641,624,GINGHAM HEART  DOORSTOP RED,Merchandise,True,0.040631054457869305
48189,8487.26,1322,275,274,DOOR MAT FRIENDSHIP ,Merchandise,True,0.04060340269892711
79323LP,8481.19,1433,170,170,LIGHT PINK CHERRY LIGHTS,Merchandise,True,0.04057436356799645
22329,8448.9,5165,618,610,ROUND CONTAINER SET OF 5 RETROSPOT,Merchandise,True,0.04041988687314459
21244,8448.69,5159,454,445,BLUE POLKADOT PLATE ,Merchandise,True,0.040418882224463305
23535,8440.24,1324,216,215,WALL ART BICYCLE SAFETY,Merchandise,True,0.04037845707514468
23321,8438.54,4716,644,629,SMALL WHITE HEART OF WICKER,Merchandise,True,0.040370324204867566
21874,8424.34,6467,642,617,GIN AND TONIC MUG,Merchandise,True,0.04030239081784693
22628,8408.48,1748,354,350,PICNIC BOXES SET OF 3 RETROSPOT ,Merchandise,True,0.040226515922202756
22275,8403.18,1015,320,313,WEEKEND BAG VINTAGE ROSE PAISLEY,Merchandise,True,0.0402011605031035
21934,8394.72,4643,739,725,SKULL SHOULDER BAG,Merchandise,True,0.04016068751337149
22689,8382.62,1094,266,264,DOORMAT MERRY CHRISTMAS RED ,Merchandise,True,0.04010280061316377
85049A,8351.15,6328,715,667,TRADITIONAL CHRISTMAS RIBBONS,Merchandise,True,0.039952246832210284
22738,8347.89,4615,531,498,RIBBON REEL SNOWY VILLAGE,Merchandise,True,0.03993665085744357
85067,8309.69,502,180,175,CREAM SWEETHEART WALL CABINET,Merchandise,True,0.039753900478275386
85064,8305.210000000001,1785,294,279,CREAM SWEETHEART LETTER RACK,Merchandise,True,0.03973246797307452
21238,8248.68,9568,929,903,RED RETROSPOT CUP,Merchandise,True,0.039462026116153626
22504,8224.63,374,118,115,CABIN BAG VINTAGE RETROSPOT,Merchandise,True,0.03934696992193909
84032B,8210.390000000001,3424,624,601,CHARLIE + LOLA RED HOT WATER BOTTLE,Merchandise,True,0.03927884517326489
22796,8183.639999999999,819,325,316,PHOTO FRAME 3 CLASSIC HANGING,Merchandise,True,0.03915087206743375
22055,8179.19,4925,747,724,MINI CAKE STAND  HANGING STRAWBERY,Merchandise,True,0.03912958308347306
20675,8179.16,6564,705,693,BLUE POLKADOT BOWL,Merchandise,True,0.03912943956223288
82551,8162.4,5689,770,751,LAUNDRY 15C METAL SIGN,Merchandise,True,0.039049259029383165
22890,8143.82,832,272,260,NOVELTY BISCUITS CAKE STAND 3 TIER,Merchandise,True,0.0389603715412956
84508A,8096.58,3811,111,108,CAMOUFLAGE DESIGN TEDDY,Merchandise,True,0.0387343734284185
21116,8094.27,1385,551,534,OWL DOORSTOP,Merchandise,True,0.0387233222929243
21115,8046.38,1257,440,431,ROSE CARAVAN DOORSTOP,Merchandise,True,0.03849421455317653
22592,8035.83,1999,315,304,CARDHOLDER HOLLY WREATH METAL,Merchandise,True,0.038443742917045005
22588,8025.58,2918,506,483,CARD HOLDER GINGHAM HEART,Merchandise,True,0.03839470649331532
21870,7999.28,6377,661,630,I CAN ONLY PLEASE ONE PERSON MUG,Merchandise,True,0.038268886206086955
22350,7952.01,2860,344,331,ILLUSTRATED CAT BOWL ,Merchandise,True,0.038042744571969676
21875,7946.07,6854,427,414,KINGS CHOICE MUG,Merchandise,True,0.03801432736641315
22784,7934.57,1588,388,369,LANTERN CREAM GAZEBO ,Merchandise,True,0.03795931089100911
22353,7917.89,3039,498,493,LUNCH BOX WITH CUTLERY FAIRY CAKES ,Merchandise,True,0.037879513081466566
21976,7905.88,14745,978,950,PACK OF 60 MUSHROOM CAKE CASES,Merchandise,True,0.03782205674497939
22813,7865.429999999999,4031,399,373,PACK 3 BOXES BIRD PANNETONE ,Merchandise,True,0.03762854227279737
22809,7862.400000000001,2632,400,379,SET OF 6 T-LIGHTS SANTA,Merchandise,True,0.03761404662753875
21588,7848.0,3390,298,284,RETROSPOT GIANT TUBE MATCHES,Merchandise,True,0.03754515643225021
22165,7844.22,991,282,272,"DIAMANTE HEART SHAPED WALL MIRROR, ",Merchandise,True,0.03752707275598697
20717,7834.73,6337,777,757,STRAWBERRY SHOPPER BAG,Merchandise,True,0.037481672203675286
21110,7824.08,1651,340,329,LARGE CAKE TOWEL PINK SPOTS,Merchandise,True,0.03743072216340981
22669,7823.62,2434,458,438,RED BABY BUNTING ,Merchandise,True,0.03742852150439365
84568,7817.91,37134,313,310,GIRLS ALPHABET IRON ON PATCHES ,Merchandise,True,0.03740120462834521
22550,7813.46,2085,440,425,HOLIDAY FUN LUDO,Merchandise,True,0.03737991564438452
23238,7771.61,1849,278,274,SET OF 4 KNICK KNACK TINS LONDON ,Merchandise,True,0.03717970351432722
23204,7741.94,7976,586,583,CHARLOTTE BAG APPLES DESIGN,Merchandise,True,0.03703776100778481
23007,7741.749999999999,498,184,184, SPACEBOY BABY GIFT SET,Merchandise,True,0.037036852039930304
22493,7738.89,4810,439,418,PAINT YOUR OWN CANVAS SET,Merchandise,True,0.03702316968169939
22798,7737.46,2486,379,356,ANTIQUE GLASS DRESSING TABLE POT,Merchandise,True,0.037016328502583934
84968C,7731.24,644,196,191,SET OF 16 VINTAGE PISTACHIO CUTLERY,Merchandise,True,0.03698657176545236
22945,7696.69,7827,368,338,CHRISTMAS METAL TAGS ASSORTED ,Merchandise,True,0.03682128313717327
22739,7678.26,4159,642,601,RIBBON REEL CHRISTMAS SOCK BAUBLE,Merchandise,True,0.03673311325528664
21361,7660.82,580,295,286,LOVE LARGE WOOD LETTERS ,Merchandise,True,0.03664967957432607
22242,7657.44,4812,378,368,"HOOK, 5 HANGER , MAGIC TOADSTOOL",Merchandise,True,0.03663350951459863
22779,7649.639999999999,2020,204,193,WOODEN OWLS LIGHT GARLAND ,Merchandise,True,0.03659619399215067
22199,7638.17,1861,413,405,FRYING PAN RED RETROSPOT,Merchandise,True,0.036541321037986824
22224,7634.200000000001,2403,415,401,WHITE LOVEBIRD LANTERN,Merchandise,True,0.03652232839386908
22360,7630.000000000001,2525,436,425,GLASS JAR ENGLISH CONFECTIONERY,Merchandise,True,0.036502235420243265
22528,7626.77,5825,560,554,GARDENERS KNEELING PAD,Merchandise,True,0.03648678296671673
22489,7607.1,18050,807,785,PACK OF 12 TRADITIONAL CRAYONS,Merchandise,True,0.03639268087356914
22827,7605.0,49,37,35,RUSTIC  SEVENTEEN DRAWER SIDEBOARD,Merchandise,True,0.03638263438675622
22991,7604.889999999999,3887,279,274,GIRAFFE WOODEN RULER,Merchandise,True,0.03638210814220887
21463,7593.76,1370,306,302,MIRRORED DISCO BALL ,Merchandise,True,0.036328861762100456
82580,7545.160000000001,13376,1376,1336,BATHROOM METAL SIGN,Merchandise,True,0.03609635735300166
85065,7524.44,620,256,256,CREAM SWEETHEART TRAYS,Merchandise,True,0.0359972320164476
11001,7504.9,4882,262,251,ASSTD DESIGN RACING CAR PEN,Merchandise,True,0.03590375184867413
22465,7499.4,4636,487,461,HANGING METAL STAR LANTERN,Merchandise,True,0.03587743962130698
85174,7491.04,1521,378,357,S/4 CACTI CANDLES,Merchandise,True,0.03583744503570892
21746,7477.12,5969,499,488,SMALL RED RETROSPOT WINDMILL,Merchandise,True,0.03577085118026334
21876,7460.09,5718,644,623,POTTERING MUG,Merchandise,True,0.03568937895625197
72351A,7408.59,3746,408,399,SET/6 TURQUOISE BUTTERFLY T-LIGHTS,Merchandise,True,0.03544300082726868
22282,7406.65,565,219,216,12 EGG HOUSE PAINTED WOOD,Merchandise,True,0.03543371978707008
22644,7400.99,5060,635,610,CERAMIC CHERRY CAKE MONEY BANK,Merchandise,True,0.03540664211308862
21114,7399.66,5733,514,494,LAVENDER SCENTED FABRIC HEART,Merchandise,True,0.035400279338107105
22626,7379.96,861,353,339,BLACK KITCHEN SCALES,Merchandise,True,0.03530603372371932
22029,7365.650000000001,17799,1119,1101,SPACEBOY BIRTHDAY CARD,Merchandise,True,0.03523757409215135
21737,7362.66,398,164,164,SET 3 WICKER LOG BASKETS,Merchandise,True,0.035223269808546294
23382,7356.18,1875,221,220,BOX OF 6 CHRISTMAS CAKE DECORATIONS,Merchandise,True,0.035192269220666456
21561,7326.82,2977,528,522,DINOSAUR LUNCH BOX WITH CUTLERY,Merchandise,True,0.03505180976693928
22907,7314.69,8727,862,829,PACK OF 20 NAPKINS PANTRY DESIGN,Merchandise,True,0.03499377934549137
22577,7279.889999999999,14160,879,832,WOODEN HEART CHRISTMAS SCANDINAVIAN,Merchandise,True,0.03482729470687741
22567,7277.12,5784,527,506,20 DOLLY PEGS RETROSPOT,Merchandise,True,0.03481404291236705
22781,7251.77,889,319,307,GUMBALL MAGAZINE RACK,Merchandise,True,0.0346927674644112
23083,7250.900000000001,1932,249,246,SET 6 PAPER TABLE LANTERN STARS ,Merchandise,True,0.03468860534844585
22414,7241.85,1191,223,220,DOORMAT NEIGHBOURHOOD WITCH ,Merchandise,True,0.03464530977432355
21625,7234.87,1007,348,334,VINTAGE UNION JACK APRON,Merchandise,True,0.03461191716577396
22618,7203.25,740,255,242,COOKING SET RETROSPOT,Merchandise,True,0.03446064577861956
21981,7200.23,26425,580,553,PACK OF 12 WOODLAND TISSUES ,Merchandise,True,0.03444619797377432
21700,7177.8099999999995,6421,543,525,BIG DOUGHNUT FRIDGE MAGNETS,Merchandise,True,0.03433893976694315
22187,7113.5,2158,387,364,GREEN CHRISTMAS TREE CARD HOLDER,Merchandise,True,0.0340312780684011
37450,7105.79,2467,404,391,CERAMIC CAKE BOWL + HANGING CAKES,Merchandise,True,0.033994393109673705
10002,7093.65,8831,386,362,INFLATABLE POLITICAL GLOBE ,Merchandise,True,0.0339363148478124
21984,7070.67,25487,452,432,PACK OF 12 PINK PAISLEY TISSUES ,Merchandise,True,0.033826377577831114
23236,7059.97,2493,330,327,STORAGE TIN VINTAGE DOILY ,Merchandise,True,0.03377518833549866
23320,7053.57,2661,338,333,GIANT 50'S CHRISTMAS CRACKER,Merchandise,True,0.03374457047092598
21107,7042.950000000001,2452,330,313,CREAM SLICE FLANNEL PINK SPOT ,Merchandise,True,0.03369376395190069
22810,7041.93,2295,359,328,SET OF 6 T-LIGHTS SNOWMEN,Merchandise,True,0.03368888422973442
23215,7038.400000000001,3564,213,210,JINGLE BELL HEART ANTIQUE SILVER,Merchandise,True,0.033671996563806046
21992,7014.97,3423,680,656,VINTAGE PAISLEY STATIONERY SET,Merchandise,True,0.033559906475222
23543,7010.76,1236,105,103,WALL ART KEEP CALM ,Merchandise,True,0.03353976566118278
21497,7009.5,17575,488,485,FANCY FONTS BIRTHDAY WRAP,Merchandise,True,0.03353373776909503
22938,7006.299999999999,3746,286,273,CUPCAKE LACE PAPER SET 6,Merchandise,True,0.033518428836808695
23283,7003.38,994,233,233,DOORMAT VINTAGE LEAF,Merchandise,True,0.03350445943609741
21903,7001.39,3468,423,407,MAN FLU METAL SIGN,Merchandise,True,0.03349493919383184
23293,6989.54,8471,554,552,SET OF 12 FAIRY CAKE BAKING CASES,Merchandise,True,0.03343824830395899
22563,6978.86,5985,556,533,HAPPY STENCIL CRAFT,Merchandise,True,0.03338715474245332
22845,6955.2,1024,408,394,VINTAGE CREAM CAT FOOD CONTAINER,Merchandise,True,0.033273964324361194
22780,6954.88,1848,186,179,LIGHT GARLAND BUTTERFILES PINK,Merchandise,True,0.03327243343113256
22498,6939.6900000000005,1136,384,381,WOODEN REGATTA BUNTING,Merchandise,True,0.03319976384318584
35004B,6932.15,1500,280,275,SET OF 3 BLACK FLYING DUCKS,Merchandise,True,0.033163692171486146
37448,6931.509999999999,4619,550,528,CERAMIC CAKE DESIGN SPOTTED MUG,Merchandise,True,0.03316063038502887
22377,6931.48,3621,439,435,BOTTLE BAG RETROSPOT ,Merchandise,True,0.03316048686378869
21563,6925.89,2800,371,362,RED HEART SHAPE LOVE BUCKET ,Merchandise,True,0.033133744072701
20973,6918.12,10047,701,658,12 PENCIL SMALL TUBE WOODLAND,Merchandise,True,0.03309657207149322
22378,6909.82,3776,557,546,WALL TIDY RETROSPOT ,Merchandise,True,0.03305686452837552
22085,6904.52,2545,233,230,PAPER CHAIN KIT SKULLS ,Merchandise,True,0.033031509109276276
23254,6903.110000000001,1703,301,299,CHILDRENS CUTLERY DOLLY GIRL ,Merchandise,True,0.033024763610987606
22311,6897.35,2145,316,300,OFFICE MUG WARMER BLACK+SILVER ,Merchandise,True,0.03299720753287219
22220,6895.389999999999,746,271,270,CAKE STAND LOVEBIRD 2 TIER WHITE,Merchandise,True,0.03298783081184681
85220,6875.0,12236,5,5,SMALL FAIRY CAKE FRIDGE MAGNETS,Merchandise,True,0.032890284208934785
37500,6869.719999999999,887,268,263,TEA TIME TEAPOT IN GIFT BOX,Merchandise,True,0.032865024470662314
22431,6859.179999999999,3403,631,620,WATERING CAN BLUE ELEPHANT,Merchandise,True,0.03281460067494418
47502,6855.75,640,79,79,POLKADOT CUTLERY 24 PCS IN TRAY,Merchandise,True,0.03279819141314976
23103,6846.16,4072,376,365,JINGLE BELL HEART DECORATION,Merchandise,True,0.03275231245670414
23109,6835.0199999999995,2386,272,268,PACK OF SIX LED TEA LIGHTS,Merchandise,True,0.03269901823618231
22746,6831.62,2966,596,564,POPPY'S PLAYHOUSE LIVINGROOM ,Merchandise,True,0.032682752495628076
22430,6831.49,1408,367,356,ENAMEL WATERING CAN CREAM,Merchandise,True,0.032682130570253945
23541,6823.91,872,152,152,WALL ART CLASSIC PUDDINGS ,Merchandise,True,0.03264586753690068
47599B,6820.04,3567,294,286,BLUE PARTY BAGS ,Merchandise,True,0.032627353296916885
22575,6816.0,3168,354,330,METAL MERRY CHRISTMAS WREATH,Merchandise,True,0.03260802576990538
21989,6811.83,8571,666,654,PACK OF 20 SKULL PAPER NAPKINS,Merchandise,True,0.03258807631751974
22059,6798.889999999999,5050,486,458,CERAMIC STRAWBERRY DESIGN MUG,Merchandise,True,0.03252617082258685
23297,6792.23,4303,163,161,SET 40 HEART SHAPE PETIT FOUR CASES,Merchandise,True,0.032494309107265903
22432,6784.3099999999995,3555,526,517,WATERING CAN PINK BUNNY,Merchandise,True,0.03245641949985721
22898,6777.93,3249,490,471,CHILDRENS APRON APPLES DESIGN,Merchandise,True,0.03242589731611132
85175,6774.78,15842,452,442,CACTI T-LIGHT CANDLES,Merchandise,True,0.032410827585891956
21768,6756.09,497,164,163,WALL MOUNTED VINTAGE ORGANISER,Merchandise,True,0.03232141385325705
23229,6739.71,1869,256,256,VINTAGE DONKEY TAIL GAME ,Merchandise,True,0.03224305125611634
22221,6722.71,906,158,156,CAKE STAND LOVEBIRD 2 TIER PINK,Merchandise,True,0.03216172255334516
23008,6719.61,433,133,133,DOLLY GIRL BABY GIFT SET,Merchandise,True,0.03214689202519277
23480,6719.14,1798,218,215,MINI LIGHTS WOODLAND MUSHROOMS,Merchandise,True,0.03214464352576321
22526,6715.16,545,209,207,WHEELBARROW FOR CHILDREN ,Merchandise,True,0.032125603041232076
22661,6703.35,8287,650,631,CHARLOTTE BAG DOLLY GIRL DESIGN,Merchandise,True,0.0320691035130128
23247,6681.25,2194,309,309,BISCUIT TIN 50'S CHRISTMAS,Merchandise,True,0.03196337619941026
21592,6671.21,5971,501,476,RETROSPOT CIGAR BOX MATCHES ,Merchandise,True,0.03191534442436186
85014D,6664.45,1918,90,90,PINK/BROWN DOTS RUFFLED UMBRELLA,Merchandise,True,0.03188300430490697
85047,6664.33,1051,240,236,WHITE BEADED GARLAND STRING 20LIGHT,Merchandise,True,0.03188243021994623
21494,6663.08,3926,528,501,ROTATING LEAVES T-LIGHT HOLDER,Merchandise,True,0.031876450168271876
23169,6662.84,1556,315,314,CLASSIC GLASS COOKIE JAR,Merchandise,True,0.031875301998350404
85068,6647.24,960,199,197,CREAM SWEETHEART SHELF + HOOKS,Merchandise,True,0.0318006709534545
22080,6619.13,3947,534,519,RIBBON REEL SPOTS DESIGN ,Merchandise,True,0.03166619155140167
22142,6618.19,4406,539,503,CHRISTMAS CRAFT WHITE FAIRY ,Merchandise,True,0.03166169455254256
16156S,6600.62,16761,423,419,WRAP PINK FAIRY CAKES ,Merchandise,True,0.031577638946207874
21240,6593.22,7634,781,769,BLUE POLKADOT CUP,Merchandise,True,0.03154223704029571
79067,6590.08,1661,413,396,CORONA MEXICAN TRAY,Merchandise,True,0.031527215150489736
84968A,6589.08,533,208,204,SET OF 16 VINTAGE ROSE CUTLERY,Merchandise,True,0.031522431109150255
22833,6567.169999999999,193,15,13,HALL CABINET WITH 3 DRAWERS,Merchandise,True,0.031417612763402214
21201,6555.37,2755,245,235,TROPICAL  HONEYCOMB PAPER GARLAND ,Merchandise,True,0.03136116107559634
15060B,6554.83,1437,461,449,FAIRY CAKE DESIGN UMBRELLA,Merchandise,True,0.031358577693273014
22332,6551.9,4177,389,381,SKULLS PARTY BAG + STICKER SET,Merchandise,True,0.03134456045214833
22849,6543.13,417,169,162,BREAD BIN DINER STYLE MINT,Merchandise,True,0.03130260440960109
22364,6531.1,2061,349,340,GLASS JAR DIGESTIVE BISCUITS,Merchandise,True,0.031245052392287122
22578,6519.139999999999,13410,820,768,WOODEN STAR CHRISTMAS SCANDINAVIAN,Merchandise,True,0.03118783525786692
21500,6510.5,16125,497,492,PINK POLKADOT WRAP ,Merchandise,True,0.031146501140693804
21239,6509.59,7444,769,751,PINK  POLKADOT CUP,Merchandise,True,0.031142147663074878
85062,6509.55,3971,352,342,PEARL CRYSTAL PUMPKIN T-LIGHT HLDR,Merchandise,True,0.0311419563014213
23311,6488.2,2390,347,344,VINTAGE CHRISTMAS STOCKING ,Merchandise,True,0.031039817018823364
22148,6480.29,3237,305,299,EASTER CRAFT 4 CHICKS ,Merchandise,True,0.031001975251828066
22596,6471.2,6331,445,438,CHRISTMAS STAR WISH LIST CHALKBOARD,Merchandise,True,0.030958488316052184
22065,6457.96,8738,486,456,CHRISTMAS PUDDING TRINKET POT ,Merchandise,True,0.030895147608717453
47559B,6455.54,5221,729,701,TEA TIME OVEN GLOVE,Merchandise,True,0.030883570228675904
23188,6447.7699999999995,3471,337,333,VINTAGE  2 METER FOLDING RULER,Merchandise,True,0.03084639822746813
23553,6444.65,568,68,68,LANDMARK FRAME CAMDEN TOWN ,Merchandise,True,0.03083147201848895
22783,6443.95,489,49,45,SET 3 WICKER OVAL BASKETS W LIDS,Merchandise,True,0.030828123189551315
23134,6431.110000000001,1065,38,38,LARGE ZINC HEART WALL ORGANISER,Merchandise,True,0.030766696098752377
23571,6406.91,2841,262,257,TRADITIONAL NAUGHTS & CROSSES,Merchandise,True,0.030650922298336925
22848,6392.75,398,157,151,BREAD BIN DINER STYLE PINK,Merchandise,True,0.03058318027296987
22979,6391.82,4090,383,381,PANTRY WASHING UP BRUSH,Merchandise,True,0.03057873111452415
22063,6391.46,2315,366,356,CERAMIC BOWL WITH STRAWBERRY DESIGN,Merchandise,True,0.030577008859641933
22582,6380.71,2540,311,295,PACK OF 6 SWEETIE GIFT BOXES,Merchandise,True,0.030525580415242507
84520B,6378.37,7452,744,722,PACK 20 ENGLISH ROSE PAPER NAPKINS,Merchandise,True,0.030514385758508126
23307,6371.889999999999,12049,641,629,SET OF 60 PANTRY DESIGN CAKE CASES ,Merchandise,True,0.030483385170628284
22906,6362.64,3443,484,445,12 MESSAGE CARDS WITH ENVELOPES,Merchandise,True,0.030439132788238087
22460,6356.45,4821,384,376,EMBOSSED GLASS TEALIGHT HOLDER,Merchandise,True,0.03040951957234669
23172,6344.41,3861,305,305,REGENCY TEA PLATE PINK,Merchandise,True,0.030351919714619334
22830,6324.05,309,22,18,UTILTY CABINET WITH HOOKS,Merchandise,True,0.03025451663294749
84884A,6312.62,1722,315,312,ANT WHITE WIRE HEART SPIRAL,Merchandise,True,0.030199835040437217
22435,6296.49,5002,558,537,SET OF 9 HEART SHAPED BALLOONS,Merchandise,True,0.030122668453631384
22278,6277.16,1063,404,383,OVERNIGHT BAG VINTAGE ROSE PAISLEY,Merchandise,True,0.030030192934539207
22196,6270.2,6713,1032,981,SMALL HEART MEASURING SPOONS,Merchandise,True,0.02999689600681642
22185,6269.33,3922,472,462,SLATE TILE NATURAL HANGING,Merchandise,True,0.02999273389085107
22855,6257.8,5007,449,427,FINE WICKER HEART ,Merchandise,True,0.02993757389420685
72802C,6242.94,2226,285,269,VANILLA SCENT CANDLE JEWELLED BOX,Merchandise,True,0.029866483039902154
84832,6228.98,6883,656,630,ZINC WILLIE WINKIE  CANDLE STICK,Merchandise,True,0.029799697822802992
21730,6228.89,1269,326,293,GLASS STAR FROSTED T-LIGHT HOLDER,Merchandise,True,0.02979926725908244
85178,6212.07,5623,332,313,VICTORIAN SEWING KIT,Merchandise,True,0.029718799683752364
22826,6210.0,58,41,41,LOVE SEAT ANTIQUE WHITE METAL,Merchandise,True,0.02970889671817964
22222,6205.39,1498,408,403,CAKE PLATE LOVEBIRD WHITE,Merchandise,True,0.02968684228760463
21078,6200.639999999999,7227,761,741,SET/20 STRAWBERRY PAPER NAPKINS ,Merchandise,True,0.02966411809124209
21714,6188.66,4286,528,522,CITRONELLA CANDLE GARDEN POT,Merchandise,True,0.0296068052759951
21584,6187.2,3840,379,352,RETROSPOT SMALL TUBE MATCHES,Merchandise,True,0.029599820575639462
21499,6186.84,15402,466,460,BLUE POLKADOT WRAP,Merchandise,True,0.029598098320757247
21586,6185.85,2657,252,238,KINGS CHOICE GIANT TUBE MATCHES,Merchandise,True,0.02959336211983116
22167,6144.36,696,309,303, OVAL WALL MIRROR DIAMANTE ,Merchandise,True,0.029394872244656072
21591,6135.58,4084,394,365,COSY HOUR CIGAR BOX MATCHES ,Merchandise,True,0.02935286836169543
22331,6135.5,3732,451,437,WOODLAND PARTY BAG + STICKER SET,Merchandise,True,0.029352485638388274
21667,6126.25,354,163,163,GLASS CAKE COVER AND PLATE,Merchandise,True,0.02930823325599807
23192,6114.24,3516,351,345,BUNDLE OF 3 ALPHABET EXERCISE BOOKS,Merchandise,True,0.029250776919510894
22841,6106.33,783,315,306,ROUND CAKE TIN VINTAGE GREEN,Merchandise,True,0.029212935152515596
20751,6103.080000000001,2875,509,471,FUNKY WASHING UP GLOVES ASSORTED,Merchandise,True,0.02919738701816229
23118,6102.18,813,258,258,PARISIENNE JEWELLERY DRAWER ,Merchandise,True,0.02919308138095675
22772,6097.61,4504,330,314,PINK DRAWER KNOB ACRYLIC EDWARDIAN,Merchandise,True,0.02917121831203532
22737,6077.2699999999995,3379,529,493,RIBBON REEL CHRISTMAS PRESENT ,Merchandise,True,0.029073910911190267
21918,6077.1,14730,816,788,SET 12 KIDS COLOUR  CHALK STICKS,Merchandise,True,0.029073097624162558
22361,6074.67,1852,503,496,GLASS JAR DAISY FRESH COTTON WOOL,Merchandise,True,0.02906147240370762
22491,6056.82,7541,403,390,PACK OF 12 COLOURED PENCILS,Merchandise,True,0.02897607726579787
85038,6040.84,2897,408,382,6 CHOCOLATE LOVE HEART T-LIGHTS,Merchandise,True,0.028899628285192963
22045,6023.64,14642,477,473,SPACEBOY GIFT WRAP,Merchandise,True,0.028817342774153883
23526,6021.400000000001,1012,144,143,WALL ART DOG LICENCE ,Merchandise,True,0.028806626521553445
21832,6020.99,3431,480,459,CHOCOLATE CALCULATOR,Merchandise,True,0.02880466506460425
21407,6002.09,1314,467,453,BROWN CHECK CAT DOORSTOP ,Merchandise,True,0.028714246683288057
23296,5985.55,4979,382,378,SET OF 6 TEA TIME BAKING CASES,Merchandise,True,0.028635118639533032
23312,5964.150000000001,1423,218,214,VINTAGE CHRISTMAS GIFT SACK,Merchandise,True,0.028532740154868133
21452,5960.76,1944,432,408,TOADSTOOL MONEY BOX,Merchandise,True,0.028516522254727287
84509A,5958.39,1534,409,404,SET OF 4 ENGLISH ROSE PLACEMATS,Merchandise,True,0.028505184076752718
22964,5957.85,2849,431,408,3 PIECE SPACEBOY COOKIE CUTTER SET,Merchandise,True,0.028502600694429395
23052,5949.34,654,278,278,RECYCLED ACAPULCO MAT TURQUOISE,Merchandise,True,0.028461888502630407
22899,5937.89,2840,442,421,CHILDREN'S APRON DOLLY GIRL ,Merchandise,True,0.028407111229293347
48197,5905.64,898,225,225,DOOR MAT BIRD ON THE WIRE,Merchandise,True,0.028252825896095072
21313,5903.599999999999,6862,429,415,GLASS HEART T-LIGHT HOLDER ,Merchandise,True,0.028243066451762524
22660,5901.54,888,200,194,DOORMAT I LOVE LONDON,Merchandise,True,0.028233211326603197
22441,5891.31,2717,494,472,GROW YOUR OWN BASIL IN ENAMEL MUG,Merchandise,True,0.0281842705837003
22951,5888.4,11193,662,634,60 CAKE CASES DOLLY GIRL DESIGN,Merchandise,True,0.028170349023402413
22200,5882.61,1317,364,357,FRYING PAN PINK POLKADOT,Merchandise,True,0.028142649424046814
85132C,5881.19,2069,310,302,CHARLIE AND LOLA FIGURES TINS,Merchandise,True,0.02813585608534475
23113,5868.5,1154,57,57,PANTRY CHOPPING BOARD,Merchandise,True,0.02807514660074673
22241,5864.92,4351,480,474,GARLAND WOODEN HAPPY EASTER,Merchandise,True,0.028058019732751387
22971,5849.29,2431,274,272,QUEENS GUARD COFFEE MUG,Merchandise,True,0.02798324516661529
21988,5847.83,7854,427,416,PACK OF 6 SKULL PAPER PLATES,Merchandise,True,0.02797626046625965
23485,5843.92,262,83,83,BOTANICAL GARDENS WALL CLOCK ,Merchandise,True,0.02795755486462228
23154,5842.88,2701,240,235,SET OF 4 JAM JAR MAGNETS,Merchandise,True,0.02795257946162922
21577,5825.62,2592,479,464,SAVE THE PLANET COTTON TOTE BAG,Merchandise,True,0.027870006908109767
37495,5807.6,1580,336,330,FAIRY CAKE BIRTHDAY CANDLE SET,Merchandise,True,0.027783798483172313
22687,5784.67,895,149,149,DOORMAT CHRISTMAS VILLAGE,Merchandise,True,0.027674100415258
22115,5777.77,2910,511,500,METAL SIGN EMPIRE TEA,Merchandise,True,0.027641090530015584
22070,5750.24,1848,328,320,SMALL RED RETROSPOT MUG IN BOX ,Merchandise,True,0.027509385871939657
21703,5741.47,14795,585,561,BAG 125g SWIRLY MARBLES,Merchandise,True,0.027467429829392404
22119,5738.47,924,358,340,PEACE WOODEN BLOCK LETTERS,Merchandise,True,0.027453077705373963
23205,5726.38,5857,470,467,CHARLOTTE BAG VINTAGE ALPHABET ,Merchandise,True,0.027395238645579634
22341,5725.41,3481,245,240,LOVE GARLAND PAINTED ZINC ,Merchandise,True,0.027390598125480333
21528,5721.52,904,261,257,DAIRY MAID TRADITIONAL TEAPOT ,Merchandise,True,0.027371988204669753
22653,5712.74,3076,396,381,BUTTON BOX ,Merchandise,True,0.027329984321709105
22060,5711.3099999999995,735,162,158,LARGE CAKE STAND HANGING HEARTS,Merchandise,True,0.027323143142593646
22335,5707.36,8740,535,510,HEART DECORATION PAINTED ZINC ,Merchandise,True,0.02730424617930269
22854,5700.99,1173,252,244,CREAM SWEETHEART EGG HOLDER,Merchandise,True,0.027273771835970198
84968B,5681.41,428,135,135,S/16 VINTAGE IVORY CUTLERY,Merchandise,True,0.02718010030654315
82599,5677.120000000001,2571,535,506,FANNY'S REST STOPMETAL SIGN,Merchandise,True,0.02715957676919678
21207,5627.24,3617,286,282,SKULL AND CROSSBONES  GARLAND ,Merchandise,True,0.026920948787183444
22534,5623.900000000001,13156,620,583,MAGIC DRAWING SLATE SPACEBOY ,Merchandise,True,0.026904970089109574
21900,5622.95,8458,863,835,"KEY FOB , SHED",Merchandise,True,0.026900425249837066
22156,5611.28,6237,605,581,HEART DECORATION WITH PEARLS ,Merchandise,True,0.026844595487405316
40016,5599.1,15682,251,244,CHINESE DRAGON PAPER LANTERNS,Merchandise,True,0.026786325863890438
22670,5588.11,4490,443,425,FRENCH WC SIGN BLUE METAL,Merchandise,True,0.026733749249569536
84971S,5585.5199999999995,6587,475,459,SMALL HEART FLOWERS HOOK ,Merchandise,True,0.026721358582500274
22168,5577.93,671,320,312,ORGANISER WOOD ANTIQUE WHITE ,Merchandise,True,0.026685047708733617
22801,5572.25,1363,322,299,ANTIQUE GLASS PEDESTAL BOWL,Merchandise,True,0.026657874353925363
22186,5570.160000000001,2040,361,345,RED STAR CARD HOLDER,Merchandise,True,0.026647875707525845
22763,5550.469999999999,673,142,135,KEY CABINET MA CAMPAGNE,Merchandise,True,0.02655367793355145
22443,5545.400000000001,698,275,264,GROW YOUR OWN HERBS SET OF 3,Merchandise,True,0.026529422843960287
23531,5538.26,976,113,112,WALL ART BIG LOVE ,Merchandise,True,0.026495264788796387
22203,5533.74,1415,400,392,MILK PAN RED RETROSPOT,Merchandise,True,0.026473640921941925
23126,5532.04,1109,293,291,FELTCRAFT GIRL AMELIE KIT,Merchandise,True,0.026465508051664813
21112,5531.5,2234,196,189,"SWISS ROLL TOWEL, PINK  SPOTS",Merchandise,True,0.026462924669341494
23133,5525.4,782,155,155,LARGE IVORY HEART WALL ORGANISER,Merchandise,True,0.026433742017170653
22602,5522.98,6496,565,535,CHRISTMAS RETROSPOT HEART WOOD,Merchandise,True,0.02642216463712911
23177,5521.29,2532,270,267,TREASURE ISLAND BOOK BOX,Merchandise,True,0.026414079607265387
85061W,5516.009999999999,6380,486,469,WHITE JEWELLED HEART DECORATION,Merchandise,True,0.02638881986899292
23158,5513.83,2633,255,255,SET OF 5 LUCKY CAT MAGNETS ,Merchandise,True,0.026378390658872854
22483,5511.370000000001,1895,357,349,RED GINGHAM TEDDY BEAR ,Merchandise,True,0.026366621917177733
20983,5508.179999999999,6326,663,641,12 PENCILS TALL TUBE RED RETROSPOT,Merchandise,True,0.02635136082530478
22437,5502.01,6562,460,443,SET OF 9 BLACK SKULL BALLOONS,Merchandise,True,0.026321843290240187
23583,5497.33,3385,332,325,LUNCH BAG PAISLEY PARK  ,Merchandise,True,0.02629945397677141
37446,5483.23,3800,425,410,MINI CAKE STAND WITH HANGING CAKES,Merchandise,True,0.02623199899388472
21587,5482.95,2201,287,260,COSY HOUR GIANT TUBE MATCHES,Merchandise,True,0.026230659462309666
20978,5479.83,4149,575,557,36 PENCILS TUBE SKULLS,Merchandise,True,0.026215733253330487
22842,5477.33,843,245,237,BISCUIT TIN VINTAGE RED,Merchandise,True,0.02620377314998178
21069,5474.43,5148,292,279,VINTAGE BILLBOARD TEA MUG,Merchandise,True,0.026189899430097287
79029,5473.82,2944,349,343,GLASS HONEYPOT WASP CATCHER,Merchandise,True,0.0261869811648802
72756,5459.48,4012,129,129,FAIRY CAKE CANDLES,Merchandise,True,0.026118378012072035
21363,5455.53,1010,421,401,HOME SMALL WOOD LETTERS,Merchandise,True,0.026099481048781088
16161P,5445.9,13223,441,440,WRAP ENGLISH ROSE ,Merchandise,True,0.02605341073068188
22571,5436.08,6080,545,511,ROCKING HORSE RED CHRISTMAS ,Merchandise,True,0.026006431444728174
21432,5435.91,942,239,237,SET OF 3 CASES WOODLAND DESIGN,Merchandise,True,0.02600561815770046
85063,5426.74,308,180,180,CREAM SWEETHEART MAGAZINE RACK,Merchandise,True,0.025961748498617418
84968D,5419.21,474,108,106,SET OF 16 VINTAGE RED CUTLERY,Merchandise,True,0.02592572466733112
22476,5416.32,1356,283,269,EMPIRE UNION JACK TV DINNER TRAY,Merchandise,True,0.02591189878786002
23135,5416.18,1541,45,45,SMALL ZINC HEART WALL ORGANISER,Merchandise,True,0.025911229022072494
84937,5394.54,2542,124,124,KASHMIR FOLKART TUMBLERS,Merchandise,True,0.025807702367486116
21491,5367.009999999999,2878,250,248,SET OF THREE VINTAGE GIFT WRAPS,Merchandise,True,0.02567599770941019
22218,5365.66,1232,264,264,CAKE STAND LACE WHITE,Merchandise,True,0.02566953925360189
22175,5358.02,1845,376,363,PINK OWL SOFT TOY,Merchandise,True,0.02563298917776826
23494,5354.01,809,206,205,VINTAGE DOILY DELUXE SEWING KIT ,Merchandise,True,0.025613805171996934
21993,5350.1900000000005,2898,595,577,FLORAL FOLK STATIONERY SET,Merchandise,True,0.025595530134080113
35832,5341.85,1737,190,188,WOOLLY HAT SOCK GLOVE ADVENT STRING,Merchandise,True,0.02555563122930884
22775,5333.81,3745,301,284,PURPLE DRAWERKNOB ACRYLIC EDWARDIAN,Merchandise,True,0.02551716753693941
22564,5287.65,4623,354,343,ALPHABET STENCIL CRAFT,Merchandise,True,0.025296336188708947
22896,5276.17,2087,376,367,PEG BAG APPLES DESIGN,Merchandise,True,0.025241415394131703
21718,5270.32,4044,473,467,RED METAL BEACH SPADE ,Merchandise,True,0.025213428752295732
22998,5262.82,12366,538,534,TRAVEL CARD WALLET KEEP CALM,Merchandise,True,0.025177548442249623
22472,5256.14,1111,257,250,TV DINNER TRAY DOLLY GIRL,Merchandise,True,0.025145591046101888
22030,5253.28,12867,700,685,SWALLOWS GREETING CARD,Merchandise,True,0.02513190868787097
84950,5251.85,7919,281,274,ASSORTED COLOUR T-LIGHT HOLDER,Merchandise,True,0.025125067508755514
85132A,5249.68,1359,257,250,CHARLIE + LOLA BISCUITS TINS,Merchandise,True,0.02511468613904884
22433,5241.8099999999995,2803,432,422,WATERING CAN GREEN DINOSAUR,Merchandise,True,0.025077035733707117
22117,5222.49,1769,234,230,METAL SIGN HER DINNER IS SERVED ,Merchandise,True,0.024984608055028338
21071,5221.45,4450,507,472,VINTAGE BILLBOARD DRINK ME MUG,Merchandise,True,0.024979632652035275
22894,5220.28,568,197,192,TABLECLOTH RED APPLES DESIGN ,Merchandise,True,0.024974035323668084
22509,5207.11,392,190,187,SEWING BOX RETROSPOT DESIGN ,Merchandise,True,0.02491102949922711
22691,5206.55,759,219,218,DOORMAT WELCOME SUNRISE,Merchandise,True,0.024908350436077004
21872,5204.74,5118,338,330,GLAMOROUS  MUG,Merchandise,True,0.024899691321252544
22426,5195.24,1347,379,372,ENAMEL WASH BOWL CREAM,Merchandise,True,0.02485424292852747
22374,5180.47,1038,442,430,AIRLINE BAG VINTAGE JET SET RED,Merchandise,True,0.02478358263794333
21713,5179.06,2747,399,391,CITRONELLA CANDLE FLOWERPOT,Merchandise,True,0.02477683713965466
22412,5163.96,2408,411,402,METAL SIGN NEIGHBOURHOOD WITCH ,Merchandise,True,0.024704598115428487
23263,5147.19,3863,474,445,SET OF 3 WOODEN HEART DECORATIONS,Merchandise,True,0.024624369742165385
22610,5146.44,12721,291,287,PENS ASSORTED FUNNY FACE,Merchandise,True,0.024620781711160774
23162,5143.6900000000005,1412,176,176,REGENCY TEA STRAINER,Merchandise,True,0.024607625597477204
23157,5143.06,2557,169,163,SET OF 6 NATIVITY MAGNETS ,Merchandise,True,0.024604611651433333
23165,5141.0599999999995,3114,283,280,LARGE CERAMIC TOP STORAGE JAR,Merchandise,True,0.024595043568754364
21495,5140.3,12515,378,376,SKULLS AND CROSSBONES WRAP,Merchandise,True,0.024591407697336358
20977,5138.74,3847,495,485,36 PENCILS TUBE WOODLAND,Merchandise,True,0.024583944592846768
23132,5138.6,1020,152,152,SMALL IVORY HEART WALL ORGANISER,Merchandise,True,0.024583274827059243
21471,5125.63,1414,322,319,STRAWBERRY RAFFIA FOOD COVER,Merchandise,True,0.024521225810886168
22593,5122.41,5757,436,415,CHRISTMAS GINGHAM STAR,Merchandise,True,0.02450582119777303
21544,5117.139999999999,6128,521,503,SKULLS  WATER TRANSFER TATTOOS ,Merchandise,True,0.024480609299913966
22732,5112.76,3854,358,337,3D VINTAGE CHRISTMAS STICKERS ,Merchandise,True,0.024459655198847043
22956,5110.530000000001,2607,286,256,36 FOIL HEART CAKE CASES,Merchandise,True,0.02444898678666
22075,5105.33,3355,381,358,6 RIBBONS ELEGANT CHRISTMAS ,Merchandise,True,0.02442410977169469
22318,5102.01,1620,403,389,FIVE HEART HANGING DECORATION,Merchandise,True,0.024408226754447617
23397,5097.65,489,217,217,FOOT STOOL HOME SWEET HOME ,Merchandise,True,0.024387368334207474
22276,5097.53,1950,386,373,WASH BAG VINTAGE ROSE PAISLEY,Merchandise,True,0.024386794249246738
21578,5088.17,2215,390,380,WOODLAND DESIGN  COTTON TOTE BAG,Merchandise,True,0.024342015622309192
21706,5086.96,1355,259,254,FOLDING UMBRELLA RED/WHITE POLKADOT,Merchandise,True,0.02433622693228842
23234,5079.78,1722,278,277,BISCUIT TIN VINTAGE CHRISTMAS,Merchandise,True,0.024301877515470943
21056,5077.68,558,198,195,DOCTOR'S BAG SOFT TOY,Merchandise,True,0.024291831028658034
23295,5073.45,6134,450,444,SET OF 12 MINI LOAF BAKING CASES,Merchandise,True,0.024271594533792025
23198,5062.599999999999,3342,485,475,PANTRY MAGNETIC  SHOPPING LIST,Merchandise,True,0.02421968768525865
46000S,5054.7,3486,383,380,POLYESTER FILLER PAD 40x40cm,Merchandise,True,0.02418189375867675
22107,5037.51,1276,391,369,PIZZA PLATE IN BOX,Merchandise,True,0.024099656088051064
22957,5014.650000000001,1775,216,214,SET 3 PAPER VINTAGE CHICK PAPER EGG,Merchandise,True,0.02399029290303052
23314,5012.96,407,118,117,VINTAGE CHRISTMAS TABLECLOTH,Merchandise,True,0.023982207873166794
22583,5004.0,1887,371,349,PACK OF 6 HANDBAG GIFT BOXES,Merchandise,True,0.02393934286276504
22604,5003.52,2035,256,247,SET OF 4 NAPKIN CHARMS CUTLERY,Merchandise,True,0.023937046522922095
22688,5000.599999999999,899,99,93,DOORMAT PEACE ON EARTH BLUE,Merchandise,True,0.0239230771222108
84796B,4999.79,600,182,180,BLUE SAVANNAH PICNIC HAMPER FOR 2,Merchandise,True,0.023919202048725823
23310,4997.28,12050,246,245,BUBBLEGUM RING ASSORTED,Merchandise,True,0.023907194104963725
47568,4983.02,2384,411,410,ENGLISH ROSE DESIGN PEG BAG,Merchandise,True,0.023838973675462723
21896,4975.61,2395,298,290,POTTING SHED TWINE,Merchandise,True,0.023803523929137163
23556,4937.01,436,53,53,LANDMARK FRAME COVENT GARDEN ,Merchandise,True,0.02361885993343318
20963,4932.62,3642,540,509,APPLE BATH SPONGE,Merchandise,True,0.023597857991952857
23570,4931.87,2772,286,276,TRADITIONAL PICK UP STICKS GAME ,Merchandise,True,0.023594269960948246
85184C,4930.06,2288,350,345,S/4 VALENTINE DECOUPAGE HEART BOX,Merchandise,True,0.02358561084612379
22574,4926.61,5382,441,415,HEART WOODEN CHRISTMAS DECORATION,Merchandise,True,0.023569105903502575
22800,4905.87,1206,287,268,ANTIQUE TALL SWIRLGLASS TRINKET POT,Merchandise,True,0.023469884886121728
20961,4886.57,3672,538,514,STRAWBERRY BATH SPONGE ,Merchandise,True,0.023377552888269735
23010,4879.599999999999,315,111,111,CIRCUS PARADE BABY GIFT SET,Merchandise,True,0.02334420812013355
23351,4875.65,3535,358,354,ROLL WRAP 50'S CHRISTMAS,Merchandise,True,0.0233253111568426
22128,4864.59,4007,201,195,PARTY CONES CANDY ASSORTED,Merchandise,True,0.023272399659627935
23503,4860.55,3643,342,335,PLAYING CARDS KEEP CALM & CARRY ON,Merchandise,True,0.02325307213261643
20681,4859.79,1429,353,341,PINK SPOTTY CHILDS UMBRELLA,Merchandise,True,0.023249436261198426
22027,4846.87,11387,858,845,TEA PARTY BIRTHDAY CARD,Merchandise,True,0.023187626447092324
21249,4841.39,1679,267,259,WOODLAND  HEIGHT CHART STICKERS ,Merchandise,True,0.023161409900551967
22442,4836.87,875,179,172,GROW YOUR OWN FLOWERS SET OF 3,Merchandise,True,0.02313978603369751
22474,4830.21,984,266,254,SPACEBOY TV DINNER TRAY,Merchandise,True,0.023107924318376563
84270,4827.87,22953,480,476,ASSTD DESIGN BUBBLE GUM RING,Merchandise,True,0.02309672966164218
21328,4816.33,2523,673,643,BALLOONS  WRITING SET ,Merchandise,True,0.023041521824584563
21986,4806.25,13528,483,469,PACK OF 12 PINK POLKADOT TISSUES,Merchandise,True,0.02299329868788259
23554,4805.53,422,57,57,LANDMARK FRAME OXFORD STREET,Merchandise,True,0.02298985417811816
21916,4803.17,11124,742,713,SET 12 RETRO WHITE CHALK STICKS,Merchandise,True,0.022978563840556986
22304,4801.68,2422,176,167,COFFEE MUG BLUE PAISLEY DESIGN,Merchandise,True,0.022971435618961162
85049G,4798.65,3890,536,510,CHOCOLATE BOX RIBBONS ,Merchandise,True,0.02295693997370253
22434,4795.89,2579,292,281,BALLOON PUMP WITH 10 BALLOONS,Merchandise,True,0.022943736019605563
22399,4794.6,4088,282,277,MAGNETS PACK OF 4 CHILDHOOD MEMORY,Merchandise,True,0.022937564606277633
21534,4793.66,942,347,342,DAIRY MAID LARGE MILK JUG,Merchandise,True,0.02293306760741852
72807B,4790.28,1090,238,225,SET/3 OCEAN SCENT CANDLE JEWEL BOX,Merchandise,True,0.02291689754769107
23555,4780.57,421,51,50,LANDMARK FRAME NOTTING HILL ,Merchandise,True,0.022870444506284705
22672,4774.3,2869,382,370,FRENCH BATHROOM SIGN BLUE METAL,Merchandise,True,0.02284044856708616
22305,4772.7300000000005,2291,147,144,COFFEE MUG PINK PAISLEY DESIGN,Merchandise,True,0.022832937622183174
23184,4764.5,874,266,264,BULL DOG BOTTLE OPENER,Merchandise,True,0.02279356496195924
23389,4751.49,1115,239,237,SPACEBOY MINI BACKPACK,Merchandise,True,0.022731324584132587
23286,4747.62,5048,222,222,BLUE VINTAGE SPOT BEAKER,Merchandise,True,0.022712810344148793
22601,4729.84,5422,443,417,CHRISTMAS RETROSPOT ANGEL WOOD,Merchandise,True,0.022627750089132814
21811,4723.54,6446,414,382,HANGING HEART WITH BELL,Merchandise,True,0.02259761062869408
23569,4717.66,954,196,192,TRADTIONAL ALPHABET STAMP SET,Merchandise,True,0.02256948046561793
22736,4717.48,2618,439,408,RIBBON REEL MAKING SNOWMEN ,Merchandise,True,0.02256861933817682
22451,4715.4400000000005,1394,264,238,SILK PURSE BABUSHKA RED,Merchandise,True,0.022558859893844284
22562,4714.8,4004,405,393,MONSTERS STENCIL CRAFT,Merchandise,True,0.022555798107387014
23159,4713.52,2293,224,223,SET OF 5 PANCAKE DAY MAGNETS,Merchandise,True,0.02254967453447248
23558,4703.87,415,52,52,LANDMARK FRAME LONDON BRIDGE ,Merchandise,True,0.02250350853554648
84031A,4700.62,1151,331,314,CHARLIE+LOLA RED HOT WATER BOTTLE ,Merchandise,True,0.022487960401193167
23176,4693.08,2165,227,226,ABC TREASURE BOOK BOX ,Merchandise,True,0.022451888729493476
82581,4687.85,8463,934,913,TOILET METAL SIGN,Merchandise,True,0.022426868193287992
21864,4681.58,1960,427,411,UNION JACK FLAG PASSPORT COVER ,Merchandise,True,0.02239687225408944
22721,4671.81,1020,298,297,SET OF 3 CAKE TINS SKETCHBOOK,Merchandise,True,0.022350132170202708
23241,4669.55,2165,366,363,TREASURE TIN GYMKHANA DESIGN,Merchandise,True,0.02233932023677548
21506,4662.02,11194,685,665,"FANCY FONT BIRTHDAY CARD, ",Merchandise,True,0.022303296405489188
22743,4660.610000000001,1531,371,351,MAKE YOUR OWN FLOWERPOWER CARD KIT,Merchandise,True,0.022296550907200518
15044B,4655.9400000000005,1673,192,189,BLUE PAPER PARASOL ,Merchandise,True,0.02227420943414514
10135,4640.1,4271,337,324,COLOURING PENCILS BROWN TUBE,Merchandise,True,0.022198430219327752
21990,4635.78,2493,513,497,MODERN FLORAL STATIONERY SET,Merchandise,True,0.02217776316074119
22926,4632.17,758,243,216,IVORY GIANT GARDEN THERMOMETER,Merchandise,True,0.022160492771505662
22573,4627.08,5122,433,405,STAR WOODEN CHRISTMAS DECORATION,Merchandise,True,0.0221361420010877
37447,4619.53,2930,373,364,CERAMIC CAKE DESIGN SPOTTED PLATE,Merchandise,True,0.022100022488974618
22594,4597.42,5008,430,412,CHRISTMAS GINGHAM TREE,Merchandise,True,0.021994247334958684
22760,4596.11,360,123,120,"TRAY, BREAKFAST IN BED",Merchandise,True,0.02198798024080396
21878,4591.54,5591,413,403,PACK OF 6 SANDCASTLE FLAGS ASSORTED,Merchandise,True,0.021966117171882533
22747,4588.02,2081,423,402,POPPY'S PLAYHOUSE BATHROOM,Merchandise,True,0.02194927734636756
21068,4585.41,4396,398,373,VINTAGE BILLBOARD LOVE/HATE MUG,Merchandise,True,0.02193679099847151
51014A,4585.2,6700,381,376,"FEATHER PEN,HOT PINK",Merchandise,True,0.02193578634979022
22908,4583.75,5666,503,485,PACK OF 20 NAPKINS RED APPLES,Merchandise,True,0.02192884948984797
21564,4577.620000000001,1967,300,294,PINK  HEART SHAPE LOVE BUCKET ,Merchandise,True,0.021899523316436954
23285,4572.41,4807,192,191,PINK VINTAGE SPOT BEAKER,Merchandise,True,0.021874598461058253
15044D,4565.56,1597,230,227,RED PAPER PARASOL,Merchandise,True,0.021841827777882808
23404,4561.76,1011,169,169,HOME SWEET HOME BLACKBOARD,Merchandise,True,0.021823648420792777
23168,4558.67,3291,342,337,CLASSIC CAFE SUGAR DISPENSER,Merchandise,True,0.021808865733053778
21064,4557.84,904,181,171,BOOM BOX SPEAKER BOYS,Merchandise,True,0.02180489497874201
21109,4550.95,1181,233,223,"LARGE CAKE TOWEL, CHOCOLATE SPOTS",Merchandise,True,0.021771932933912982
85184D,4546.78,8311,66,66,S/4 BLUE ROUND DECOUPAGE BOXES,Merchandise,True,0.021751983481527345
22733,4539.7699999999995,3523,362,338,3D TRADITIONAL CHRISTMAS STICKERS,Merchandise,True,0.02171844735173758
22449,4538.74,1370,325,308,SILK PURSE BABUSHKA PINK,Merchandise,True,0.021713519789157913
21614,4538.17,1627,197,194,SET OF 12 ROSE BOTANICAL T-LIGHTS,Merchandise,True,0.02171079288559441
84997b,4534.32,539,90,85,CHILDRENS CUTLERY RETROSPOT RED ,Merchandise,True,0.021692374326437405
21537,4526.59,1049,268,256,RED RETROSPOT PUDDING BOWL,Merchandise,True,0.021655393686883215
84279P,4525.55,1153,305,299,CHERRY BLOSSOM  DECORATIVE FLASK,Merchandise,True,0.021650418283890156
23275,4521.72,3720,334,325,SET OF 3 HANGING OWLS OLLIE BEAK,Merchandise,True,0.02163209540555994
22312,4516.700000000001,1312,286,269,OFFICE MUG WARMER POLKADOT,Merchandise,True,0.021608079518035745
23163,4515.22,1832,209,209,REGENCY SUGAR TONGS,Merchandise,True,0.021600999136853313
23112,4507.08,546,241,241,PARISIENNE CURIO CABINET,Merchandise,True,0.02156205704034993
22299,4505.88,3966,208,202,PIG KEYRING WITH LIGHT & SOUND ,Merchandise,True,0.021556316190742556
20966,4500.68,3151,451,420,SANDWICH BATH SPONGE,Merchandise,True,0.021531439175777253
23309,4495.849999999999,8275,422,407,SET OF 60 I LOVE LONDON CAKE CASES ,Merchandise,True,0.021508332256107553
84968E,4490.48,387,98,98,SET OF 16 VINTAGE BLACK CUTLERY,Merchandise,True,0.021482641954114538
21143,4483.88,2233,203,182,ANTIQUE GLASS HEART DECORATION ,Merchandise,True,0.021451067281273963
21967,4478.9,15898,507,479,PACK OF 12 SKULL TISSUES,Merchandise,True,0.021427242755403343
23167,4476.01,5847,238,231,SMALL CERAMIC TOP STORAGE JAR ,Merchandise,True,0.021413416875932244
22548,4475.6,3579,458,428,HEADS AND TAILS SPORTING FUN,Merchandise,True,0.02141145541898306
72807A,4472.37,971,232,216,SET/3 ROSE CANDLE IN JEWELLED BOX,Merchandise,True,0.02139600296545653
21810,4455.8099999999995,7009,373,344,CHRISTMAS HANGING STAR WITH BELL,Merchandise,True,0.021316779240874717
21012,4450.7,2362,312,299,ANTIQUE ALL GLASS CANDLESTICK,Merchandise,True,0.02129233278962997
84969,4445.38,998,352,341,BOX OF 6 ASSORTED COLOUR TEASPOONS,Merchandise,True,0.021266881689703927
23288,4444.2300000000005,4625,186,185,GREEN VINTAGE SPOT BEAKER,Merchandise,True,0.02126138004216353
23530,4436.27,1056,87,87,WALL ART ONLY ONE PERSON ,Merchandise,True,0.021223299073101255
22227,4427.11,6136,675,643,HANGING HEART MIRROR DECORATION ,Merchandise,True,0.021179477254431603
79341,4423.69,725,80,79,WILLOW BRANCH LIGHTS.,Merchandise,True,0.021163115833050573
21913,4423.2,1155,309,298,VINTAGE SEASIDE JIGSAW PUZZLES,Merchandise,True,0.02116077165279423
22071,4419.75,1546,267,256,SMALL WHITE RETROSPOT MUG IN BOX ,Merchandise,True,0.02114426671017302
22291,4412.929999999999,3193,269,264,"SPRING DEC , HANGING CHICK CREAM",Merchandise,True,0.021111639548237752
22425,4401.8,866,311,301,ENAMEL COLANDER CREAM,Merchandise,True,0.021058393168129328
22202,4400.12,1090,269,264,MILK PAN PINK RETROSPOT,Merchandise,True,0.021050355978679
21899,4398.08,6783,646,622,"KEY FOB , GARAGE DESIGN",Merchandise,True,0.021040596534346458
47580,4395.26,1693,359,344,TEA TIME DES TEA COSY,Merchandise,True,0.021027105537769118
22744,4392.75,1557,319,300,MAKE YOUR OWN MONSOON CARD KIT,Merchandise,True,0.02101509759400702
72802B,4390.69,1589,221,212,OCEAN SCENT CANDLE IN JEWELLED BOX,Merchandise,True,0.021005242468847687
20674,4383.55,3437,472,463,GREEN POLKADOT BOWL,Merchandise,True,0.020971084413683793
85053,4382.22,2037,388,378,FRENCH ENAMEL CANDLEHOLDER,Merchandise,True,0.020964721638702284
22797,4375.26,250,146,140,CHEST OF DRAWERS GINGHAM HEART ,Merchandise,True,0.02093142471097949
20665,4371.47,1366,362,348,RED RETROSPOT PURSE ,Merchandise,True,0.020913293194302858
22892,4367.06,3556,298,295,SET OF SALT AND PEPPER TOADSTOOLS,Merchandise,True,0.020892195571995745
84598,4360.46,20799,221,217,BOYS ALPHABET IRON ON PATCHES,Merchandise,True,0.020860620899155167
15039,4360.03,5117,311,306,SANDALWOOD FAN,Merchandise,True,0.02085856376137919
79320,4357.38,904,150,150,FLAMINGO LIGHTS,Merchandise,True,0.020845886051829562
22611,4348.8,908,201,195,VINTAGE UNION JACK SHOPPING BAG,Merchandise,True,0.020804838977136815
22497,4345.08,946,290,279,SET OF 2 TINS VINTAGE BATHROOM ,Merchandise,True,0.02078704234335394
22530,4343.16,10270,491,468,MAGIC DRAWING SLATE DOLLY GIRL ,Merchandise,True,0.020777856983982136
23349,4342.6,3221,343,337,ROLL WRAP VINTAGE CHRISTMAS,Merchandise,True,0.020775177920832028
20967,4320.08,1139,323,296,GREY FLORAL FELTCRAFT SHOULDER BAG,Merchandise,True,0.020667441309866905
22600,4317.5,4958,450,429,CHRISTMAS RETROSPOT STAR WOOD,Merchandise,True,0.020655098483211044
21355,4308.08,3521,356,341,TOAST ITS - I LOVE YOU ,Merchandise,True,0.02061003281379313
21556,4305.45,1626,303,293,CERAMIC STRAWBERRY MONEY BOX,Merchandise,True,0.02059745078507029
20982,4298.2,4915,596,576,12 PENCILS TALL TUBE SKULLS,Merchandise,True,0.02056276648535905
21153,4294.6900000000005,393,139,139,RED SPOTTY TABLECLOTH ,Merchandise,True,0.020545974500257476
23050,4286.55,497,205,205,RECYCLED ACAPULCO MAT GREEN,Merchandise,True,0.020507032403754094
21245,4285.26,2577,311,304,GREEN POLKADOT PLATE ,Merchandise,True,0.020500860990426164
22285,4274.53,2719,272,261,"DECORATION HEN ON NEST, HANGING",Merchandise,True,0.020449528226853527
23237,4274.39,1053,177,177,SET OF 4 KNICK KNACK TINS LEAF,Merchandise,True,0.020448858461066
22723,4262.820000000001,1164,298,295,SET OF 6 HERB TINS SKETCHBOOK,Merchandise,True,0.020393507102768202
21470,4258.67,1118,329,319,FLOWER VINE RAFFIA FOOD COVER,Merchandise,True,0.020373653331209354
22454,4237.09,1515,192,179,MEASURING TAPE BABUSHKA RED,Merchandise,True,0.020270413719103344
21609,4230.55,1513,225,218,SET 12 LAVENDER  BOTANICAL T-LIGHTS,Merchandise,True,0.020239126088743134
70006,4229.62,4476,309,290,LOVE HEART POCKET WARMER,Merchandise,True,0.020234676930297416
22851,4228.01,5195,544,523,SET 20 NAPKINS FAIRY CAKES DESIGN ,Merchandise,True,0.020226974623740852
23089,4215.78,2354,228,225,GLASS BON BON JAR,Merchandise,True,0.02016846579815899
22807,4213.47,1412,310,294,SET OF 6 T-LIGHTS TOADSTOOLS,Merchandise,True,0.020157414662664793
23144,4197.83,5089,275,274,ZINC T-LIGHT HOLDER STARS SMALL,Merchandise,True,0.020082592256115302
21743,4197.77,1443,199,182,STAR PORTABLE TABLE LIGHT ,Merchandise,True,0.020082305213634934
23012,4197.110000000001,1071,248,246,GLASS APOTHECARY BOTTLE PERFUME,Merchandise,True,0.02007914774635088
21474,4189.5,210,94,94,SWEETHEART CREAM STEEL FOLDIN BENCH,Merchandise,True,0.020042741191757422
21707,4184.95,1005,172,172,FOLDING UMBRELLA BLACKBLUE POLKADOT,Merchandise,True,0.020020973803662783
22127,4183.11,3492,161,155,PARTY CONES CARNIVAL ASSORTED,Merchandise,True,0.020012171167598135
84580,4148.45,1082,462,442,MOUSE TOY WITH PINK T-SHIRT,Merchandise,True,0.019846356294771706
23110,4147.18,700,256,255,PARISIENNE KEY CABINET ,Merchandise,True,0.01984028056227057
23486,4145.47,275,74,74,ANTIQUE HEART SHELF UNIT,Merchandise,True,0.01983209985158006
21901,4141.96,6274,721,688,"KEY FOB , BACK DOOR ",Merchandise,True,0.019815307866478473
21590,4141.28,3448,295,286,KINGS CHOICE CIGAR BOX MATCHES ,Merchandise,True,0.019812054718367625
21349,4125.83,565,178,171,IVY HEART WREATH,Merchandise,True,0.019738141279672636
23306,4123.38,2808,279,277,SET OF 36 DOILIES PANTRY DESIGN,Merchandise,True,0.01972642037839091
21911,4120.69,2566,352,344,GARDEN METAL SIGN ,Merchandise,True,0.0197135513071877
22778,4119.49,1045,212,194,GLASS CLOCHE SMALL,Merchandise,True,0.019707810457580327
20981,4118.34,4773,527,513,12 PENCILS TALL TUBE WOODLAND,Merchandise,True,0.019702308810039922
72349B,4117.200000000001,2021,296,287,SET/6 PURPLE BUTTERFLY T-LIGHTS,Merchandise,True,0.01969685500291292
21472,4111.57,1065,291,285,LADYBIRD + BEE RAFFIA FOOD COVER,Merchandise,True,0.01966992085017163
84596B,4105.94,6244,737,725,SMALL DOLLY MIX DESIGN ORANGE BOWL,Merchandise,True,0.01964298669743035
16161U,4105.92,10076,320,318,WRAP SUKI AND FRIENDS,Merchandise,True,0.019642891016603565
22359,4099.42,1290,208,202,GLASS JAR KINGS CHOICE,Merchandise,True,0.019611794747896934
23255,4097.22,1014,158,158,CHILDRENS CUTLERY CIRCUS PARADE,Merchandise,True,0.019601269856950078
22731,4090.66,3054,287,266,3D CHRISTMAS STAMPS STICKERS ,Merchandise,True,0.01956988654576308
22125,4089.09,653,189,183,UNION JACK HOT WATER BOTTLE ,Merchandise,True,0.019562375600860094
21679,4088.75,4931,377,370,SKULLS  STICKERS,Merchandise,True,0.01956074902680467
22314,4085.8800000000006,1162,270,249,OFFICE MUG WARMER CHOC+BLUE,Merchandise,True,0.01954701882816036
23009,4082.52,263,103,103,I LOVE LONDON BABY GIFT SET,Merchandise,True,0.019530944449259697
22639,4082.2400000000002,1673,289,275,SET OF 4 NAPKIN CHARMS HEARTS,Merchandise,True,0.019529604917684646
23193,4079.28,1922,175,175,BUFFALO BILL TREASURE BOOK BOX,Merchandise,True,0.01951544415531978
23194,4077.37,1835,217,214,GYMKHANA TREASURE BOOK BOX,Merchandise,True,0.01950630663636137
21812,4076.9700000000003,833,213,205,GARLAND WITH HEARTS AND BELLS,Merchandise,True,0.01950439301982558
22777,4075.06,481,108,100,GLASS CLOCHE LARGE,Merchandise,True,0.019495255500867167
22788,4073.41,486,91,84,BROCANTE COAT RACK,Merchandise,True,0.019487361832657025
35924,4062.02,2168,195,188,HANGING FAIRY CAKE DECORATION,Merchandise,True,0.019432871601800333
18097C,4049.83,1811,219,211,WHITE TALL PORCELAIN T-LIGHT HOLDER,Merchandise,True,0.019374554137872053
22245,4046.49,4697,425,413,"HOOK, 1 HANGER ,MAGIC GARDEN",Merchandise,True,0.019358575439798183
21717,4044.69,1555,177,176,EASTER TIN BUCKET,Merchandise,True,0.019349964165387118
21648,4044.21,2987,241,231,ASSORTED TUTTI FRUTTI SMALL PURSE,Merchandise,True,0.019347667825544167
22284,4040.9,2478,307,300,HEN HOUSE DECORATION,Merchandise,True,0.01933183264871048
21192,4040.59,2235,241,216,WHITE BELL HONEYCOMB PAPER ,Merchandise,True,0.019330349595895243
23081,4038.25,483,139,139,GREEN METAL BOX ARMY SUPPLIES,Merchandise,True,0.01931915493916086
22057,4035.57,3076,262,260,CERAMIC PLATE STRAWBERRY DESIGN,Merchandise,True,0.019306333708371048
23340,4034.08,2500,152,151,VINTAGE CHRISTMAS CAKE FRILL,Merchandise,True,0.01929920548677522
21055,4032.31,404,231,222,TOOL BOX SOFT TOY ,Merchandise,True,0.019290737733604336
22445,4025.5700000000006,1312,292,275,PENCIL CASE LIFE IS BEAUTIFUL,Merchandise,True,0.019258493294976236
85206A,4022.51,2351,323,318,CREAM FELT EASTER EGG BASKET,Merchandise,True,0.01924385412847742
22053,4020.89,4551,87,87,EMPIRE DESIGN ROSETTE,Merchandise,True,0.019236103981507456
23129,3999.5,950,172,172,HEART SHAPED HOLLY WREATH,Merchandise,True,0.019133773337255952
21987,3999.11,6434,395,385,PACK OF 6 SKULL PAPER CUPS,Merchandise,True,0.019131907561133553
85123a,3992.39,597,101,99,WHITE HANGING HEART T-LIGHT HOLDER,Merchandise,True,0.01909975880333224
23130,3988.98,962,184,184,MISTLETOE HEART WREATH GREEN,Merchandise,True,0.019083445222364607
22959,3987.42,9751,286,284,WRAP CHRISTMAS VILLAGE,Merchandise,True,0.019075982117875017
22612,3984.99,1001,111,109,TEA COSY VINTAGE UNION JACK,Merchandise,True,0.019064356897420077
22536,3977.35,10162,389,365,MAGIC DRAWING SLATE PURDEY,Merchandise,True,0.01902780682158644
21813,3957.7000000000003,842,199,184,GARLAND WITH STARS AND BELLS,Merchandise,True,0.01893380040926563
22118,3953.9,816,286,271,JOY WOODEN BLOCK LETTERS,Merchandise,True,0.018915621052175598
22965,3932.75,1888,273,260,3 TRADITIONAl BISCUIT CUTTERS  SET,Merchandise,True,0.018814438577845566
46000M,3932.3500000000004,2537,358,353,POLYESTER FILLER PAD 45x45cm,Merchandise,True,0.018812524961309775
23557,3930.27,350,32,32,LANDMARK FRAME BAKER STREET ,Merchandise,True,0.018802574155323652
22272,3928.01,1396,316,300,FELTCRAFT DOLL MARIA,Merchandise,True,0.018791762221896425
37340,3927.08,13674,211,204,MULTICOLOUR SPRING FLOWER MUG,Merchandise,True,0.018787313063450706
22475,3925.63,778,266,256,SKULL DESIGN TV DINNER TRAY,Merchandise,True,0.018780376203508458
22579,3920.8999999999996,7286,592,553,WOODEN TREE CHRISTMAS SCANDINAVIAN,Merchandise,True,0.018757747687972712
21351,3911.1,1132,185,177,CINAMMON & ORANGE WREATH,Merchandise,True,0.018710864082845793
22980,3910.01,2363,294,291,PANTRY SCRUBBING BRUSH,Merchandise,True,0.01870564947778576
21846,3907.4,1625,274,264,PINK DIAMANTE PEN IN GIFT BOX,Merchandise,True,0.018693163129889712
72802A,3904.65,941,189,182,ROSE SCENT CANDLE IN JEWELLED BOX,Merchandise,True,0.01868000701620614
22843,3899.01,601,183,177,BISCUIT TIN VINTAGE GREEN,Merchandise,True,0.018653025023051464
23049,3896.84,456,186,186,RECYCLED ACAPULCO MAT RED,Merchandise,True,0.018642643653344792
22790,3884.000000000001,200,1,1,"MIRROR, ARCHED GEORGIAN",Merchandise,True,0.01858121656254585
23552,3881.91,1863,123,116,BICYCLE PUNCTURE REPAIR KIT ,Merchandise,True,0.01857121791614633
21034,3876.0,4080,2042,1902,REX CASH+CARRY JUMBO SHOPPER,Merchandise,True,0.018542944231829995
21067,3873.2200000000003,4792,271,266,VINTAGE RED TEATIME MUG,Merchandise,True,0.018529644596906238
22962,3872.0499999999997,4630,380,354,JAM JAR WITH PINK LID,Merchandise,True,0.018524047268539044
21627,3870.7799999999997,200,119,115,ELEPHANT CARNIVAL POUFFE,Merchandise,True,0.0185179715360379
21447,3868.89,2796,346,336,12 IVORY ROSE PEG PLACE SETTINGS,Merchandise,True,0.01850892969790628
22162,3868.61,1258,276,260,HEART GARLAND RUSTIC PADDED,Merchandise,True,0.018507590166331227
22591,3864.35,1351,210,208,CARDHOLDER GINGHAM CHRISTMAS TREE,Merchandise,True,0.018487210150225034
22478,3859.69,2778,321,317,BIRDHOUSE GARDEN MARKER ,Merchandise,True,0.018464916517583054
22494,3855.98,2859,485,468,EMERGENCY FIRST AID TIN ,Merchandise,True,0.01844716772421358
23032,3853.68,2328,203,199,DRAWER KNOB CRACKLE GLAZE IVORY,Merchandise,True,0.01843616442913277
23253,3848.86,258,70,70,16 PIECE CUTLERY SET PANTRY DESIGN,Merchandise,True,0.01841310534987647
21329,3845.65,2119,576,555,DINOSAURS  WRITING SET ,Merchandise,True,0.018397748577176735
85040B,3840.2999999999997,2465,259,252,SET/4 BLUE FLOWER CANDLES IN BOWL,Merchandise,True,0.018372153956010506
23111,3839.2400000000002,312,139,138,PARISIENNE SEWING BOX,Merchandise,True,0.01836708287219066
23131,3835.98,942,116,115,MISTLETOE HEART WREATH CREAM,Merchandise,True,0.018351486897423948
22589,3835.32,1385,254,238,CARDHOLDER GINGHAM STAR,Merchandise,True,0.018348329430139892
22544,3825.2999999999997,9541,356,341,MINI JIGSAW SPACEBOY,Merchandise,True,0.018300393335918284
22765,3825.25,338,58,53,NEWSPAPER STAND,Merchandise,True,0.01830015413385131
71038,3821.9500000000003,723,147,144,WHITE HANGING BEADS CANDLE HOLDER,Merchandise,True,0.018284366797431024
22458,3815.85,1530,179,173,CAST IRON HOOK GARDEN FORK,Merchandise,True,0.01825518414526019
21100,3812.58,2546,275,269,CHARLIE AND LOLA CHARLOTTE BAG,Merchandise,True,0.018239540330080083
21845,3811.51,2539,160,158,DAIRY MAID STRIPE MUG,Merchandise,True,0.01823442140584684
22774,3811.28,2945,194,184,RED DRAWER KNOB ACRYLIC EDWARDIAN,Merchandise,True,0.01823332107633876
23542,3800.16,506,89,89,WALL ART 70'S ALPHABET ,Merchandise,True,0.018180122536643722
22769,3795.68,179,47,45,CHALKBOARD KITCHEN ORGANISER,Merchandise,True,0.018158690031442846
85049C,3793.8,3018,517,500,ROMANTIC PINKS RIBBONS ,Merchandise,True,0.018149696033724624
84016,3791.67,1004,62,62,FLAG OF ST GEORGE CAR FLAG,Merchandise,True,0.018139506025671527
22398,3791.2599999999998,4319,448,430,MAGNETS PACK OF 4 SWALLOWS,Merchandise,True,0.01813754456872234
84558A,3787.4300000000003,1311,214,199,3D DOG PICTURE PLAYING CARDS,Merchandise,True,0.018119221690392127
21486,3786.55,1152,308,294,PINK HEART DOTS HOT WATER BOTTLE,Merchandise,True,0.01811501173401338
22292,3783.97,2785,231,222,HANGING CHICK  YELLOW DECORATION,Merchandise,True,0.01810266890735752
84356,3777.9900000000002,751,134,133,POMPOM CURTAIN,Merchandise,True,0.018074060340147424
23299,3772.88,1012,146,146,FOOD COVER WITH BEADS SET 2 ,Merchandise,True,0.018049613888902673
23127,3759.0,736,196,194,FELTCRAFT GIRL NICOLE KIT,Merchandise,True,0.01798321139511067
23092,3757.78,523,135,135,LARGE ANTIQUE WHITE PHOTO FRAME,Merchandise,True,0.017977374864676505
21795,3734.9400000000005,441,80,80,SET OF 3 BLUE STRIPE BASKET,Merchandise,True,0.01786810736048275
85114B,3731.39,2066,231,223,IVORY ENCHANTED FOREST PLACEMAT,Merchandise,True,0.017851124013727585
22461,3722.5299999999997,416,151,146,SAVOY ART DECO CLOCK,Merchandise,True,0.01780873740745978
23064,3717.56,221,23,23,CINDERELLA CHANDELIER ,Merchandise,True,0.017784960722002557
22782,3712.2999999999997,254,84,84,SET 3 WICKER STORAGE BASKETS ,Merchandise,True,0.017759796664556887
22166,3697.54,453,165,159,WALL MIRROR RECTANGLE DIAMANTE PINK,Merchandise,True,0.01768918421438614
85232D,3696.87,710,228,223,SET/3 DECOUPAGE STACKING TINS,Merchandise,True,0.017685978906688687
21246,3695.53,751,210,209,RED RETROSPOT BIG BOWL,Merchandise,True,0.017679568291293784
23182,3688.21,3741,437,433,TOILET SIGN OCCUPIED OR VACANT,Merchandise,True,0.01764454910868878
84352,3684.1299999999997,216,133,126,SILVER CHRISTMAS TREE BAUBLE STAND ,Merchandise,True,0.017625030220023694
20692,3682.76,908,141,139,FLORAL ELEPHANT SOFT TOY,Merchandise,True,0.017618476083388606
21866,3681.14,2209,471,453,UNION JACK FLAG LUGGAGE TAG,Merchandise,True,0.017610725936418645
23013,3674.1600000000003,924,224,223,GLASS APOTHECARY BOTTLE TONIC,Merchandise,True,0.017577333327869066
20785,3672.35,102,37,36,FUSCHIA RETRO BAR STOOL,Merchandise,True,0.017568674213044602
23091,3656.32,580,210,209,ZINC HERB GARDEN CONTAINER,Merchandise,True,0.01749198603037272
23497,3656.02,2558,200,195,CLASSIC CHROME BICYCLE BELL ,Merchandise,True,0.017490550817970872
22823,3655.0,32,18,18,CHEST NATURAL WOOD 20 DRAWERS,Merchandise,True,0.0174856710958046
85040A,3646.61,2067,416,400,S/4 PINK FLOWER CANDLES IN BOWL,Merchandise,True,0.017445532988966353
22902,3643.0800000000004,1779,212,199,TOTE BAG I LOVE LONDON,Merchandise,True,0.017428645323037985
22603,3633.8599999999997,4223,415,388,CHRISTMAS RETROSPOT TREE WOOD,Merchandise,True,0.017384536461887964
21509,3631.9900000000002,8805,635,628,COWBOYS AND INDIANS BIRTHDAY CARD ,Merchandise,True,0.017375590304583136
22944,3631.62,4901,166,158,CHRISTMAS METAL POSTCARD WITH BELLS,Merchandise,True,0.017373820209287526
23191,3628.89,2201,287,281,BUNDLE OF 3 RETRO NOTE BOOKS,Merchandise,True,0.01736075977643074
22095,3628.17,3368,312,284,LADS ONLY TISSUE BOX,Merchandise,True,0.017357315266666312
84968F,3622.7599999999998,301,134,131,SET OF 16 VINTAGE SKY BLUE CUTLERY,Merchandise,True,0.01733143360301972
21784,3617.8799999999997,298,184,178,SHOE SHINE BOX ,Merchandise,True,0.017308087481283048
22704,3617.26,8803,300,295,WRAP RED APPLES ,Merchandise,True,0.017305121375652575
21191,3610.52,1544,215,201,LARGE WHITE HONEYCOMB PAPER BELL  ,Merchandise,True,0.017272876937024468
21054,3609.6,390,186,182,NURSE'S BAG SOFT TOY,Merchandise,True,0.017268475618992144
23294,3607.81,4392,358,354,SET OF 6 SNACK LOAF BAKING CASES,Merchandise,True,0.017259912184994473
22176,3592.9000000000005,1199,269,258,BLUE OWL SOFT TOY,Merchandise,True,0.017188582128622808
22531,3586.94,8302,430,406,MAGIC DRAWING SLATE CIRCUS PARADE  ,Merchandise,True,0.017160069242239496
21794,3585.98,716,181,178,CLASSIC FRENCH STYLE BASKET NATURAL,Merchandise,True,0.017155476562553593
23085,3583.23,376,84,78,ANTIQUE SILVER BAUBLE LAMP  ,Merchandise,True,0.01714232044887002
22334,3578.7599999999998,2246,270,264,DINOSAUR PARTY BAG + STICKER SET,Merchandise,True,0.017120935784082535
20886,3577.7999999999997,1787,320,308,BOX OF 9 PEBBLE CANDLES,Merchandise,True,0.017116343104396633
20784,3570.87,101,37,37,RED RETRO BAR STOOL,Merchandise,True,0.017083189697914027
22320,3562.8700000000003,601,181,180,BIRDS MOBILE VINTAGE DESIGN,Merchandise,True,0.01704491736719818
21179,3559.23,4312,520,505,NO JUNK MAIL METAL SIGN,Merchandise,True,0.017027503456722465
22452,3558.3,1347,262,255,MEASURING TAPE BABUSHKA PINK,Merchandise,True,0.017023054298276746
23210,3551.53,2849,202,192,WHITE ROCKING HORSE HAND PAINTED,Merchandise,True,0.01699066633840846
82494l,3545.55,424,88,86,WOODEN FRAME ANTIQUE WHITE ,Merchandise,True,0.01696205777119836
22939,3545.5,705,185,181,APRON APPLE DELIGHT,Merchandise,True,0.016961818569131384
23332,3542.71,2059,296,287,IVORY WICKER HEART LARGE,Merchandise,True,0.016948471093794232
22076,3535.83,2376,389,375,6 RIBBONS EMPIRE  ,Merchandise,True,0.0169155568893786
20786,3533.9,99,32,31,BLACK RETRO BAR STOOL,Merchandise,True,0.016906323689593404
22428,3533.63,479,202,191,ENAMEL FIRE BUCKET CREAM,Merchandise,True,0.01690503199843174
47505,3527.42,737,180,178,MINATURE COLOURED GARDENING SET,Merchandise,True,0.016875323101713562
22822,3522.8700000000003,606,192,183,CREAM WALL PLANTER HEART SHAPED,Merchandise,True,0.01685355571361892
21466,3517.29,937,280,275,RED FLOWER CROCHET FOOD COVER,Merchandise,True,0.016826860762944613
21469,3512.01,1173,213,210,POLKA DOT RAFFIA FOOD COVER,Merchandise,True,0.016801601024672156
23353,3510.05,4007,331,327,6 GIFT TAGS VINTAGE CHRISTMAS ,Merchandise,True,0.01679222430364677
22309,3509.68,1341,275,266,TEA COSY RED  STRIPE,Merchandise,True,0.01679045420835116
23189,3507.5099999999998,1249,142,141,SET OF 12 FORK CANDLES,Merchandise,True,0.016780072838644484
22862,3500.51,781,238,221,LOVE HEART NAPKIN BOX ,Merchandise,True,0.01674658454926812
21507,3490.36,8310,589,584,"ELEPHANT, BIRTHDAY CARD, ",Merchandise,True,0.01669802652967238
21327,3468.69,1962,517,495,SKULLS WRITING SET ,Merchandise,True,0.01659435635384582
22762,3468.1,216,138,133,CUPBOARD 3 DRAWER MA CAMPAGNE,Merchandise,True,0.016591533769455522
22183,3465.2200000000003,613,220,209,CAKE STAND VICTORIAN FILIGREE MED,Merchandise,True,0.016577755730397818
22764,3462.49,183,25,25,"RUSTIC WOODEN CABINET, GLASS DOORS",Merchandise,True,0.01656469529754103
21902,3461.69,5440,498,474,"KEY FOB , FRONT  DOOR ",Merchandise,True,0.016560868064469447
37501,3457.81,487,180,177,TEA TIME TEA SET IN GIFT BOX,Merchandise,True,0.016542305984072258
22172,3451.82,378,186,185,METAL SHELF WITH RAIL ,Merchandise,True,0.01651364957644877
22503,3447.2,149,57,54,CABIN BAG VINTAGE PAISLEY,Merchandise,True,0.01649154730546036
21039,3445.67,1319,233,228,RED RETROSPOT SHOPPING BAG,Merchandise,True,0.016484227722210955
23350,3445.08,2712,311,305,ROLL WRAP VINTAGE SPOT ,Merchandise,True,0.016481405137820662
23426,3444.43,1275,208,206,METAL SIGN DROP YOUR PANTS,Merchandise,True,0.016478295510949995
23536,3442.13,626,85,85,WALL ART VILLAGE SHOW ,Merchandise,True,0.016467292215869192
21364,3441.4700000000003,473,170,167,PEACE SMALL WOOD LETTERS,Merchandise,True,0.016464134748585133
23232,3436.92,8526,239,238,WRAP VINTAGE LEAF DESIGN,Merchandise,True,0.01644236736049049
23388,3432.09,821,154,154,WOODLAND MINI BACKPACK,Merchandise,True,0.016419260440820798
21123,3430.56,2781,259,252,SET/10 IVORY POLKADOT PARTY CANDLES,Merchandise,True,0.01641194085757139
23354,3429.4,3740,330,322,6 GIFT TAGS 50'S CHRISTMAS ,Merchandise,True,0.016406391369617593
23065,3427.44,273,99,99,LARGE DECO JEWELLERY STAND,Merchandise,True,0.01639701464859221
22440,3425.87,8586,306,292,BALLOON WATER BOMB PACK OF 35,Merchandise,True,0.01638950370368922
84031B,3423.99,867,288,271,CHARLIE LOLA BLUE HOT WATER BOTTLE ,Merchandise,True,0.016380509705970995
23156,3423.29,1665,207,205,SET OF 5 MINI GROCERY MAGNETS,Merchandise,True,0.01637716087703336
22972,3421.76,1992,265,243,CHILDREN'S SPACEBOY MUG,Merchandise,True,0.016369841293783955
22459,3420.18,1386,181,172,CAST IRON HOOK GARDEN TROWEL,Merchandise,True,0.016362282508467572
23014,3419.5800000000004,856,211,209,GLASS APOTHECARY BOTTLE ELIXIR,Merchandise,True,0.016359412083663885
84472,3402.32,87,30,30,PINK AND LILAC QUILTED THROW ,Merchandise,True,0.016276839530144437
22794,3399.2400000000002,402,217,209,SWEETHEART WIRE MAGAZINE RACK,Merchandise,True,0.016262104682818832
22154,3396.63,7881,347,317,ANGEL DECORATION 3 BUTTONS ,Merchandise,True,0.016249618334922788
21211,3385.94,2419,241,237,SET OF 72 SKULL PAPER  DOILIES,Merchandise,True,0.01619847693300373
22477,3385.5299999999997,2433,283,276,WATERING CAN GARDEN MARKER,Merchandise,True,0.01619651547605454
44230,3381.62,347,53,53,SQUARE MIRROR CURTAIN,Merchandise,True,0.016177809874417172
22419,3370.77,7058,535,509,LIPSTICK PEN RED,Merchandise,True,0.016125903025883796
22223,3369.83,727,178,175,CAKE PLATE LOVEBIRD PINK,Merchandise,True,0.016121406027024686
84813,3364.5,426,101,99,SET OF 4 DIAMOND NAPKIN RINGS,Merchandise,True,0.016095907086685245
84797A,3361.25,481,44,44,PINK HAWAIIAN PICNIC HAMPER FOR 4,Merchandise,True,0.01608035895233193
22891,3353.94,686,246,230,TEA FOR ONE POLKADOT,Merchandise,True,0.016045387610140325
23239,3353.84,842,181,178,SET OF 4 KNICK KNACK TINS POPPIES,Merchandise,True,0.016044909206006375
20702,3351.95,795,250,245,PINK PADDED MOBILE,Merchandise,True,0.016035867367874754
22047,3351.0,8250,261,261,EMPIRE GIFT WRAP,Merchandise,True,0.01603132252860225
22792,3349.9,3596,277,262,FLUTED ANTIQUE CANDLE HOLDER,Merchandise,True,0.016026060083128818
84828,3346.55,2516,362,353,JUNGLE POPSICLES ICE LOLLY HOLDERS,Merchandise,True,0.016010033544641557
21917,3345.73,8052,480,467,SET 12 KIDS  WHITE CHALK STICKS,Merchandise,True,0.016006110630743184
21352,3340.71,917,171,158,EUCALYPTUS & PINECONE  WREATH,Merchandise,True,0.015982094743218985
22136,3340.67,1995,276,265,LOVE HEART SOCK HANGER,Merchandise,True,0.015981903381565406
18098C,3340.36,1252,253,236,PORCELAIN BUTTERFLY OIL BURNER,Merchandise,True,0.015980420328750168
15058B,3327.67,438,156,156,PINK POLKADOT GARDEN PARASOL,Merchandise,True,0.015919710844152148
21830,3320.46,7975,273,256,ASSORTED CREEPY CRAWLIES,Merchandise,True,0.015885217906094484
22572,3311.47,3668,394,362,ROCKING HORSE GREEN CHRISTMAS ,Merchandise,True,0.015842209374452545
84849B,3309.99,1972,301,293,FAIRY SOAP SOAP HOLDER,Merchandise,True,0.015835128993270116
22773,3306.28,2483,242,227,GREEN DRAWER KNOB ACRYLIC EDWARDIAN,Merchandise,True,0.01581738019990064
22963,3303.81,3954,349,319,JAM JAR WITH GREEN LID,Merchandise,True,0.01580556361779212
21111,3299.3500000000004,1408,225,214,"SWISS ROLL TOWEL, CHOCOLATE  SPOTS",Merchandise,True,0.015784226793418035
84510A,3299.21,2431,483,474,SET OF 4 ENGLISH ROSE COASTERS,Merchandise,True,0.015783557027630506
22863,3293.4700000000003,1149,180,169,SOAP DISH BROCANTE,Merchandise,True,0.015756096630341884
22122,3290.0800000000004,1095,196,191,SET OF 2 FANCY FONT TEA TOWELS,Merchandise,True,0.01573987873020104
37410,3288.65,25707,33,33,BLACK AND WHITE PAISLEY FLOWER MUG,Merchandise,True,0.015733037551085582
22281,3285.86,511,149,149,EASTER TREE YELLOW BIRDS,Merchandise,True,0.01571969007574843
21467,3278.75,1029,260,254,CHERRY CROCHET FOOD COVER,Merchandise,True,0.015685675541824717
84975,3274.85,1995,216,212,HEART SHAPED MIRROR,Merchandise,True,0.01566701778060074
23308,3272.6099999999997,6139,389,382,SET OF 60 VINTAGE LEAF CAKE CASES ,Merchandise,True,0.015656301528000297
22967,3271.4100000000003,1171,138,138,SET 3 SONG BIRD PAPER EGGS ASSORTED,Merchandise,True,0.015650560678392923
22310,3270.96,1801,241,223,IVORY KNITTED MUG COSY ,Merchandise,True,0.015648407859790155
21829,3270.2,15137,420,409,DINOSAUR KEYRINGS ASSORTED,Merchandise,True,0.01564477198837215
21820,3267.75,828,193,180,GLITTER HEART GARLAND WITH BELLS ,Merchandise,True,0.01563305108709042
21333,3262.9,1080,228,222,CLASSIC WHITE FRAME,Merchandise,True,0.015609848486593936
20992,3262.7,6196,459,433,JAZZ HEARTS PURSE NOTEBOOK,Merchandise,True,0.01560889167832604
84997d,3258.31,390,86,82,CHILDRENS CUTLERY POLKADOT PINK,Merchandise,True,0.015587889736845715
23395,3257.08,748,211,210,BELLE JARDINIERE CUSHION COVER,Merchandise,True,0.015582005365998153
22313,3255.2200000000003,1022,143,137,OFFICE MUG WARMER PINK,Merchandise,True,0.015573107049106718
23053,3254.32,364,164,164,RECYCLED ACAPULCO MAT PINK,Merchandise,True,0.015568801411901185
21557,3251.04,953,313,302,SET OF 6 FUNKY BEAKERS,Merchandise,True,0.015553109756307686
21477,3248.94,273,45,45,STRING OF 20 ROSE LIGHTS,Merchandise,True,0.015543063269494775
22194,3246.1,377,163,160,BLACK DINER WALL CLOCK,Merchandise,True,0.015529476592090648
79164,3235.61,3677,94,91,BLACK WINE GLASS,Merchandise,True,0.015479291998439488
84944,3234.63,1154,203,194,SET OF 6 KASHMIR FOLKART BAUBLES,Merchandise,True,0.015474603637926796
21949,3224.28,2636,281,269,SET OF 6 STRAWBERRY CHOPSTICKS,Merchandise,True,0.015425088810063164
23051,3223.49,365,162,162,RECYCLED ACAPULCO MAT BLUE,Merchandise,True,0.015421309417404971
22927,3221.9100000000003,502,177,162,GREEN GIANT GARDEN THERMOMETER,Merchandise,True,0.015413750632088592
23230,3217.92,7976,235,235,WRAP ALPHABET DESIGN,Merchandise,True,0.01539466230714406
21628,3215.18,166,88,87,TRIANGULAR POUFFE VINTAGE ,Merchandise,True,0.01538155403387388
21732,3214.57,925,60,58,RED HANGING METAL STAR TLIGHT HLDR,Merchandise,True,0.0153786357686568
21473,3212.16,157,90,90,SWEETHEART CREAM STEEL TABLE RECT,Merchandise,True,0.015367106229028649
21705,3210.66,2563,235,225,BAG 500g SWIRLY MARBLES,Merchandise,True,0.015359930167019425
22473,3210.17,833,218,209,TV DINNER TRAY VINTAGE PAISLEY,Merchandise,True,0.01535758598676308
84837,3210.04,251,144,143,WHITE SWEETHEARTS CABINET 4 DRAWERS,Merchandise,True,0.015356964061388948
79323GR,3209.36,532,83,83,GREEN CHERRY LIGHTS,Merchandise,True,0.0153537109132781
84596F,3208.97,4726,613,600,SMALL MARSHMALLOWS PINK BOWL,Merchandise,True,0.015351845137155703
23393,3207.91,801,231,229,HOME SWEET HOME CUSHION COVER ,Merchandise,True,0.01534677405333585
23035,3199.99,2191,192,191,DRAWER KNOB CERAMIC IVORY,Merchandise,True,0.015308884445927158
21519,3195.35,7458,561,553,GIN & TONIC DIET GREETING CARD ,Merchandise,True,0.015286686494111966
21786,3186.87,7785,478,450,POLKADOT RAIN HAT ,Merchandise,True,0.015246117823553161
22700,3181.96,1392,101,98,BLACK AND WHITE DOG BOWL,Merchandise,True,0.01522262818057631
22816,3180.75,7350,466,436,CARD MOTORBIKE SANTA,Merchandise,True,0.015216839490555537
23342,3176.41,373,163,163,MINT DINER WALL CLOCK,Merchandise,True,0.015196076751142186
22406,3175.61,2507,223,217,MONEY BOX KINGS CHOICE DESIGN,Merchandise,True,0.015192249518070603
85227,3169.02,3520,471,442,SET OF 6 3D KIT CARDS FOR KIDS,Merchandise,True,0.015160722685643419
22325,3168.68,702,228,224,MOBILE VINTAGE HEARTS ,Merchandise,True,0.015159096111587994
22805,3165.23,2316,242,231,BLUE DRAWER KNOB ACRYLIC EDWARDIAN,Merchandise,True,0.015142591168966785
22702,3160.5199999999995,1591,97,94,BLACK AND WHITE CAT BOWL,Merchandise,True,0.015120058334257825
20956,3160.25,2381,254,236,PORCELAIN T-LIGHT HOLDERS ASSORTED,Merchandise,True,0.015118766643096165
82578,3154.8900000000003,5635,723,704,KITCHEN METAL SIGN,Merchandise,True,0.015093124181516548
15058A,3153.73,476,149,148,BLUE POLKADOT GARDEN PARASOL,Merchandise,True,0.01508757469356275
21272,3153.65,2376,354,339,SALLE DE BAIN HOOK,Merchandise,True,0.015087191970255591
22372,3149.75,616,298,287,AIRLINE BAG VINTAGE WORLD CHAMPION ,Merchandise,True,0.015068534209031613
23323,3146.78,1469,302,294,WHITE WICKER STAR ,Merchandise,True,0.015054325606253353
84912B,3141.4,1145,269,259,GREEN ROSE WASHBAG,Merchandise,True,0.015028587463846943
47504K,3135.75,2671,322,312,ENGLISH ROSE GARDEN SECATEURS,Merchandise,True,0.015001557630278873
21408,3134.29,715,246,240,SPOTTY PINK DUCK DOORSTOP,Merchandise,True,0.01499457292992323
22347,3119.18,2716,115,115,PIZZA SLICE DISH,Merchandise,True,0.014922286065283664
22757,3116.58,2718,326,308,LARGE RED BABUSHKA NOTEBOOK ,Merchandise,True,0.014909847557801012
23346,3112.34,2628,186,184,SPACEBOY BEAKER,Merchandise,True,0.014889563222521612
22754,3111.0899999999997,3980,515,492,SMALL RED BABUSHKA NOTEBOOK ,Merchandise,True,0.014883583170847259
22208,3103.55,2396,451,433,WOOD STAMP SET THANK YOU,Merchandise,True,0.014847511499147573
22925,3102.51,505,201,191,BLUE GIANT GARDEN THERMOMETER,Merchandise,True,0.014842536096154511
22177,3101.46,325,125,125,5 HOOK BLACKBOARD ORGANISER ,Merchandise,True,0.014837512852748055
22129,3100.22,3252,176,174,PARTY CONES CANDY TREE DECORATION,Merchandise,True,0.014831580641487097
21206,3089.35,2168,242,238,STRAWBERRY HONEYCOMB  GARLAND ,Merchandise,True,0.014779578112126933
79072,3083.2,284,107,107,TEATIME CAKE TIN WITH HANDLE,Merchandise,True,0.014750156257889124
22375,3079.58,609,296,284,AIRLINE BAG VINTAGE JET SET BROWN,Merchandise,True,0.014732838028240202
84279B,3076.92,808,215,215,CHERRY BLOSSOM DECORATIVE FLASK,Merchandise,True,0.01472011247827718
21765,3076.39,371,146,143,HANGING METAL BIRD BATH,Merchandise,True,0.014717576936367256
22037,3076.08,7144,647,634,ROBOT BIRTHDAY CARD,Merchandise,True,0.014716093883552014
22067,3075.54,1887,258,252,CHOC TRUFFLE GOLD TRINKET POT ,Merchandise,True,0.014713510501228697
20985,3070.5099999999998,2386,305,291,HEART CALCULATOR,Merchandise,True,0.014689446773291103
35001W,3064.71,969,196,190,HAND OPEN SHAPE DECO.WHITE,Merchandise,True,0.014661699333522111
21626,3053.1,1511,210,204,VINTAGE UNION JACK PENNANT,Merchandise,True,0.014606156613570733
21354,3048.32,2532,226,217,TOAST ITS - BEST MUM,Merchandise,True,0.014583288895968013
22755,3048.19,3825,523,499,SMALL PURPLE BABUSHKA NOTEBOOK ,Merchandise,True,0.014582666970593879
22930,3046.45,1199,197,189,BAKING MOULD HEART MILK CHOCOLATE,Merchandise,True,0.01457434273866318
15044C,3042.03,970,234,231,PURPLE PAPER PARASOL,Merchandise,True,0.014553197275942674
22576,3041.8399999999997,3360,363,330,SWALLOW WOODEN CHRISTMAS DECORATION,Merchandise,True,0.01455228830808817
23461,3041.21,847,100,94,SWEETHEART BIRD HOUSE,Merchandise,True,0.0145492743620443
23329,3038.19,1767,250,233,DECORATIVE WICKER HEART LARGE,Merchandise,True,0.014534826557199065
22712,3037.29,7375,522,508,CARD DOLLY GIRL ,Merchandise,True,0.014530520919993533
22402,3032.8,3445,257,250,MAGNETS PACK OF 4 VINTAGE COLLAGE,Merchandise,True,0.01450904057437926
23390,3025.59,747,166,163,DOLLY GIRL MINI BACKPACK,Merchandise,True,0.014474547636321599
23242,3024.63,1470,217,214,TREASURE TIN BUFFALO BILL ,Merchandise,True,0.014469954956635698
22277,3024.14,1441,256,250,COSMETIC BAG VINTAGE ROSE PAISLEY,Merchandise,True,0.014467610776379349
22519,3019.23,1443,267,258,CHILDS GARDEN BRUSH PINK,Merchandise,True,0.014444121133402496
23231,3008.34,7277,260,260,WRAP DOILEY DESIGN,Merchandise,True,0.014392022923215543
22132,3008.1099999999997,3357,396,388,RED LOVE HEART SHAPE CUP,Merchandise,True,0.014390922593707462
84912A,3007.69,1097,235,231,PINK ROSE WASHBAG,Merchandise,True,0.01438891329634488
22664,3006.78,1445,273,266,TOY TIDY DOLLY GIRL DESIGN,Merchandise,True,0.014384559818725955
22905,2995.53,1089,199,194,CALENDAR IN SEASON DESIGN,Merchandise,True,0.014330739353656788
22184,2988.71,401,153,146,CAKE STAND VICTORIAN FILIGREE LARGE,Merchandise,True,0.014298112191721524
84997c,2984.2799999999997,356,80,75,CHILDRENS CUTLERY POLKADOT BLUE,Merchandise,True,0.014276918888587621
22674,2978.84,2394,304,297,FRENCH TOILET SIGN BLUE METAL,Merchandise,True,0.014250893703700843
22811,2978.6600000000003,1040,149,140,SET OF 6 T-LIGHTS CACTI ,Merchandise,True,0.014250032576259737
22974,2977.79,1738,234,211,CHILDRENS DOLLY GIRL MUG,Merchandise,True,0.014245870460294387
21688,2975.4600000000005,955,149,142,SILVER PLATE CANDLE BOWL SMALL,Merchandise,True,0.014234723643973397
85049D,2975.46,2372,412,400,BRIGHT BLUES RIBBONS ,Merchandise,True,0.014234723643973395
22955,2952.4700000000003,1479,201,185,36 FOIL STAR CAKE CASES ,Merchandise,True,0.014124738533578717
21948,2950.19,2308,278,267,SET OF 6 CAKE CHOPSTICKS,Merchandise,True,0.0141138309193247
22518,2939.75,1412,274,266,CHILDS GARDEN BRUSH BLUE,Merchandise,True,0.014063885527740514
20752,2939.6800000000003,1526,370,358,BLUE POLKADOT WASHING UP GLOVES,Merchandise,True,0.014063550644846752
22581,2937.52,3642,409,380,WOOD STOCKING CHRISTMAS SCANDISPOT,Merchandise,True,0.01405321711555347
21821,2935.06,723,165,153,GLITTER STAR GARLAND WITH BELLS ,Merchandise,True,0.014041448373858345
23211,2930.57,2329,162,160,RED ROCKING HORSE HAND PAINTED,Merchandise,True,0.014019968028244073
22983,2928.44,6892,569,551,CARD BILLBOARD FONT,Merchandise,True,0.014009778020190978
22450,2925.7200000000003,870,198,180,SILK PURSE BABUSHKA BLUE,Merchandise,True,0.01399676542774759
22480,2925.58,2416,280,263,RED TEA TOWEL CLASSIC DESIGN,Merchandise,True,0.01399609566196006
22803,2925.4900000000002,78,45,36,IVORY EMBROIDERED QUILT ,Merchandise,True,0.013995665098239511
22897,2921.01,1972,305,298,OVEN MITT APPLES DESIGN,Merchandise,True,0.013974232593038632
21214,2920.8199999999997,2006,202,199,SET OF 72 IVORY PAPER DOILIES,Merchandise,True,0.01397332362518413
22696,2918.8199999999997,1476,311,288,WICKER WREATH LARGE,Merchandise,True,0.013963755542505165
22990,2917.43,633,166,164,COTTON APRON PANTRY DESIGN,Merchandise,True,0.013957105725043287
23056,2898.12,963,40,39,FLOWERS CHANDELIER T-LIGHT HOLDER,Merchandise,True,0.0138647258867779
23290,2890.3500000000004,2430,214,214,SPACEBOY CHILDRENS BOWL,Merchandise,True,0.013827553885570134
21709,2886.62,698,119,117,FOLDING UMBRELLA CHOCOLATE POLKADOT,Merchandise,True,0.013809709411373864
23345,2886.25,2451,176,174, DOLLY GIRL BEAKER,Merchandise,True,0.013807939316078257
22818,2884.26,6634,427,404,CARD CHRISTMAS VILLAGE,Merchandise,True,0.013798419073812691
21465,2883.1400000000003,795,189,187,PINK FLOWER CROCHET FOOD COVER,Merchandise,True,0.013793060947512472
21439,2880.09,2288,249,240,BASKET OF TOADSTOOLS,Merchandise,True,0.013778469621427052
21324,2875.2200000000003,1023,180,175,HANGING MEDINA LANTERN SMALL,Merchandise,True,0.013755171340103779
22949,2871.48,2016,182,177,36 DOILIES DOLLY GIRL,Merchandise,True,0.013737279025494115
22914,2871.4,598,184,170,BLUE COAT RACK PARIS FASHION,Merchandise,True,0.01373689630218696
21682,2866.59,579,155,152,LARGE MEDINA STAMPED METAL BOWL ,Merchandise,True,0.013713885063344053
22293,2866.16,2036,232,225,HANGING CHICK GREEN DECORATION,Merchandise,True,0.013711827925568073
21424,2861.6400000000003,955,142,142,WOODLAND STORAGE BOX LARGE ,Merchandise,True,0.013690204058713622
23212,2860.89,2296,191,186,HEART WREATH DECORATION WITH BELL,Merchandise,True,0.013686616027709007
23427,2860.58,237,115,114,STOOL HOME SWEET HOME ,Merchandise,True,0.013685132974893769
22671,2859.25,1716,252,246,FRENCH LAUNDRY SIGN BLUE METAL,Merchandise,True,0.01367877019991226
47480,2854.83,1735,152,150,HANGING PHOTO CLIP ROPE LADDER,Merchandise,True,0.01365762473719175
85199S,2849.99,6143,509,486,SMALL HANGING IVORY/RED WOOD BIRD,Merchandise,True,0.013634469977108661
23504,2848.8900000000003,1927,217,208,PLAYING CARDS JUBILEE UNION JACK,Merchandise,True,0.013629207531635231
22101,2847.28,1934,121,116,MIRROR MOSAIC VOTIVE HOLDER,Merchandise,True,0.013621505225078667
23196,2842.24,1872,304,298,VINTAGE LEAF MAGNETIC NOTEPAD,Merchandise,True,0.013597393656727678
22217,2839.85,2390,218,214,T-LIGHT HOLDER HANGING LACE,Merchandise,True,0.013585959797926319
21683,2837.13,962,157,152,MEDIUM MEDINA STAMPED METAL BOWL ,Merchandise,True,0.01357294720548293
51014C,2836.42,4366,273,265,"FEATHER PEN,COAL BLACK",Merchandise,True,0.013569550536131897
21508,2834.08,6778,547,541,VINTAGE KID DOLLY CARD ,Merchandise,True,0.01355835587939751
22710,2831.78,7209,174,173,WRAP I LOVE LONDON ,Merchandise,True,0.013547352584316705
22161,2824.35,6837,519,489,HEART DECORATION RUSTIC HANGING ,Merchandise,True,0.013511807157164357
22315,2820.77,2192,399,387,200 RED + WHITE BENDY STRAWS,Merchandise,True,0.013494680289169014
22145,2815.66,1336,202,197,CHRISTMAS CRAFT HEART STOCKING ,Merchandise,True,0.013470233837924263
84519A,2812.0600000000004,1207,205,203,TOMATO CHARLIE+LOLA COASTER SET,Merchandise,True,0.013453011289102132
22155,2810.7,6226,371,340,STAR DECORATION RUSTIC,Merchandise,True,0.013446504992880434
21360,2810.31,443,102,100,JOY LARGE WOOD LETTERS,Merchandise,True,0.013444639216758036
22597,2808.99,4653,303,291,MUSICAL ZINC HEART DECORATION ,Merchandise,True,0.013438324282189922
84754,2808.45,2211,239,218,S/15 SILVER GLASS BAUBLES IN BAG,Merchandise,True,0.013435740899866601
21188,2806.8,918,135,128,3D HEARTS  HONEYCOMB PAPER GARLAND,Merchandise,True,0.01342784723165646
22651,2806.44,3249,289,270,GENTLEMAN SHIRT REPAIR KIT ,Merchandise,True,0.013426124976774246
22081,2805.5099999999998,1573,314,302,RIBBON REEL FLORA + FAUNA ,Merchandise,True,0.013421675818328527
22525,2803.66,1971,340,328,CHILDRENS GARDEN GLOVES PINK,Merchandise,True,0.013412825341850487
22650,2802.37,1839,294,282,CERAMIC PIRATE CHEST MONEY BANK,Merchandise,True,0.013406653928522553
85183B,2799.2599999999998,1775,175,171,CHARLIE & LOLA WASTEPAPER BIN FLORA,Merchandise,True,0.013391775559956767
84909A,2797.55,209,30,30,PINK PAISLEY QUILT ,Merchandise,True,0.013383594849266257
22482,2796.93,2365,228,214,BLUE TEA TOWEL CLASSIC DESIGN,Merchandise,True,0.013380628743635777
85132B,2795.9,922,126,123,CHARLIE AND LOLA TABLE TINS,Merchandise,True,0.01337570118105611
85015,2787.89,2923,261,254,SET OF 12  VINTAGE POSTCARD SET,Merchandise,True,0.013337381009926864
21744,2782.7500000000005,923,229,217,SNOWFLAKE PORTABLE TABLE LIGHT ,Merchandise,True,0.013312791037441932
21796,2782.19,324,67,67,SET OF 3 RED STRIPE BASKETS,Merchandise,True,0.013310111974291822
22675,2775.03,2235,276,270,FRENCH KITCHEN SIGN BLUE METAL,Merchandise,True,0.013275858238301136
21728,2773.11,298,40,40,METAL MEDINA LANTERN ,Merchandise,True,0.01326667287892933
22416,2767.79,1972,178,176,SET OF 36 DOILIES SPACEBOY DESIGN ,Merchandise,True,0.013241221779003288
21808,2764.28,1014,148,144,"CHRISTMAS GARLAND STARS,TREES",Merchandise,True,0.013224429793901711
23190,2761.9,1702,203,202,BUNDLE OF 3 SCHOOL EXERCISE BOOKS  ,Merchandise,True,0.013213043775513742
21693,2757.8,905,126,120,SMALL HAMMERED SILVER CANDLEPOT ,Merchandise,True,0.013193429206021871
15058C,2753.72,470,122,122,ICE CREAM DESIGN GARDEN PARASOL,Merchandise,True,0.013173910317356782
22231,2753.08,2163,306,297,JIGSAW TREE WITH BIRDHOUSE,Merchandise,True,0.013170848530899516
84795C,2752.59,325,132,131,OCEAN STRIPE HAMMOCK ,Merchandise,True,0.01316850435064317
23147,2752.2,1868,265,261,SINGLE ANTIQUE ROSE HOOK IVORY,Merchandise,True,0.01316663857452077
23396,2750.5299999999997,654,201,196,LE JARDIN BOTANIQUE CUSHION COVER,Merchandise,True,0.013158649225483836
21788,2745.49,3399,214,206,KIDS RAIN MAC BLUE,Merchandise,True,0.01313453765713285
23266,2743.82,2053,337,319,SET OF 3 WOODEN STOCKING DECORATION,Merchandise,True,0.01312654830809592
23341,2741.35,307,121,121,PINK DINER WALL CLOCK,Merchandise,True,0.0131147317259874
85035C,2740.54,1365,209,197,ROSE 3 WICK MORRIS BOX CANDLE,Merchandise,True,0.013110856652502419
21224,2739.45,2205,324,312,SET/4 SKULL BADGES,Merchandise,True,0.013105642047442384
23100,2739.38,2166,263,257,SILVER BELLS TABLE DECORATION,Merchandise,True,0.013105307164548621
22524,2736.2,1940,300,293,CHILDRENS GARDEN GLOVES BLUE,Merchandise,True,0.013090093913089068
72800E,2734.87,1436,304,286,4 IVORY DINNER CANDLES SILVER FLOCK,Merchandise,True,0.01308373113810756
22828,2730.0,18,12,11,REGENCY MIRROR WITH SHUTTERS,Merchandise,True,0.013060432856784284
22495,2729.5400000000004,954,243,237,SET OF 2 ROUND TINS CAMEMBERT ,Merchandise,True,0.013058232197768124
22066,2729.16,3435,280,273,LOVE HEART TRINKET POT,Merchandise,True,0.01305641426205912
47503J,2727.1,346,76,74,SET/3 FLORAL GARDEN TOOLS IN BAG,Merchandise,True,0.013046559136899788
22436,2724.75,4273,300,289,12 COLOURED PARTY BALLOONS,Merchandise,True,0.013035316639752008
22376,2721.22,543,259,246,AIRLINE BAG VINTAGE JET SET WHITE,Merchandise,True,0.013018428973823637
23164,2718.65,578,92,92,REGENCY CAKE SLICE,Merchandise,True,0.013006133987581171
21818,2714.35,4390,319,285,GLITTER CHRISTMAS HEART ,Merchandise,True,0.0129855626098214
21096,2711.7099999999996,15919,143,143,SET/6 FRUIT SALAD  PAPER PLATES,Merchandise,True,0.012972932740685169
23407,2709.43,265,133,133,SET OF 2 TRAYS HOME SWEET HOME,Merchandise,True,0.012962025126431152
23489,2709.23,913,165,159,VINTAGE BELLS GARLAND,Merchandise,True,0.012961068318163255
23292,2703.33,2181,223,222,SPACEBOY CHILDRENS CUP,Merchandise,True,0.012932842474260315
22479,2699.96,1944,218,214,DAISY GARDEN MARKER,Merchandise,True,0.012916720254946263
23333,2695.45,2089,243,233,IVORY WICKER HEART MEDIUM,Merchandise,True,0.012895144228505202
22094,2695.32,3592,349,339,RED RETROSPOT TISSUE BOX,Merchandise,True,0.012894522303131069
23264,2690.81,1963,314,299,SET OF 3 WOODEN SLEIGH DECORATIONS,Merchandise,True,0.01287294627669001
22937,2690.7400000000002,1022,170,160,BAKING MOULD CHOCOLATE CUPCAKES,Merchandise,True,0.012872611393796246
22152,2687.52,6331,254,241,PLACE SETTING WHITE STAR,Merchandise,True,0.012857206780683115
22500,2686.9100000000003,588,203,198,SET OF 2 TINS JARDIN DE PROVENCE,Merchandise,True,0.012854288515466031
21204,2686.35,1609,208,205,DAISIES  HONEYCOMB GARLAND ,Merchandise,True,0.012851609452315919
22028,2683.65,6384,514,507,PENNY FARTHING BIRTHDAY CARD,Merchandise,True,0.012838692540699323
72799E,2678.57,1258,187,178,IVORY PILLAR CANDLE SILVER FLOCK,Merchandise,True,0.012814389610694756
22471,2678.31,643,188,176,TV DINNER TRAY AIR HOSTESS ,Merchandise,True,0.012813145759946491
90057,2675.88,1804,37,37,DIAMANTE RING ASSORTED IN BOX.,Merchandise,True,0.01280152053949155
21742,2665.9500000000003,439,197,193,LARGE ROUND WICKER PLATTER ,Merchandise,True,0.012754015008990502
85049F,2662.75,2133,324,314,BABY BOOM RIBBONS ,Merchandise,True,0.01273870607670416
21923,2662.64,337,119,119,RED/CREAM STRIPE FRINGE HAMMOCK,Merchandise,True,0.012738179832156814
85049B,2660.8,2132,342,338,LUSH GREENS RIBBONS,Merchandise,True,0.01272937719609217
22190,2660.31,1428,259,242,LOCAL CAFE MUG,Merchandise,True,0.012727033015835824
22758,2655.93,2459,331,314,LARGE PURPLE BABUSHKA NOTEBOOK  ,Merchandise,True,0.012706078914768895
21422,2655.72,3203,152,147,PORCELAIN ROSE SMALL,Merchandise,True,0.012705074266087605
22713,2655.65,6173,379,368,CARD I LOVE LONDON ,Merchandise,True,0.012704739383193843
22735,2646.1,1484,254,231,RIBBON REEL SOCKS AND MITTENS,Merchandise,True,0.012659051788401795
23146,2645.2599999999998,798,231,227,TRIPLE HOOK ANTIQUE IVORY ROSE,Merchandise,True,0.012655033193676628
84849D,2641.93,1572,264,260,HOT BATHS SOAP HOLDER,Merchandise,True,0.012639102336016155
22439,2641.89,3956,378,363,6 ROCKET BALLOONS ,Merchandise,True,0.012638910974362575
21897,2641.36,866,108,106,POTTING SHED CANDLE CITRONELLA,Merchandise,True,0.012636375432452654
85034B,2640.64,1191,156,152,3 WHITE CHOC MORRIS BOXED CANDLES,Merchandise,True,0.012632930922688225
22270,2638.67,685,158,153,HAPPY EASTER HANGING DECORATION,Merchandise,True,0.012623506361249447
85034C,2638.12,1321,208,197,3 ROSE MORRIS BOXED CANDLES,Merchandise,True,0.012620875138512731
84012,2633.53,1839,181,179,MAGIC SHEEP WOOL GROWING FROM PAPER,Merchandise,True,0.012598916388764512
22146,2633.13,1413,109,107,EASTER CRAFT IVY WREATH WITH CHICK,Merchandise,True,0.012597002772228721
90062,2629.67,207,113,109,CARNIVAL BRACELET,Merchandise,True,0.012580449989194113
22933,2621.32,952,124,122,BAKING MOULD EASTER EGG MILK CHOC,Merchandise,True,0.012540503244009446
22046,2613.5,6375,208,208,TEA PARTY  WRAPPING PAPER ,Merchandise,True,0.012503092040734697
47585A,2612.88,1084,148,148,PINK FAIRY CAKE CUSHION COVER,Merchandise,True,0.01250012593510422
23054,2604.93,295,130,130,RECYCLED ACAPULCO MAT LAVENDER,Merchandise,True,0.012462092806455341
21215,2603.45,4497,299,291,IVORY PAPER CUP CAKE CASES ,Merchandise,True,0.01245501242527291
37502,2599.7900000000004,868,173,171,TEA TIME MUG IN GIFT BOX,Merchandise,True,0.012437502833970411
21171,2599.0299999999997,1858,263,260,BATHROOM METAL SIGN ,Merchandise,True,0.012433866962552402
22415,2591.7000000000003,326,210,204,WHITE TISSUE REAM,Merchandise,True,0.012398799939534005
21288,2586.9900000000002,990,227,224,STRIPEY CHOCOLATE NESTING BOXES,Merchandise,True,0.012376267104825046
85035B,2586.01,996,137,131,CHOCOLATE 3 WICK MORRIS BOX CANDLE,Merchandise,True,0.012371578744312356
21642,2584.37,4420,265,251,ASSORTED TUTTI FRUTTI PEN,Merchandise,True,0.012363732916515605
21589,2583.4500000000003,1119,89,88,SWALLOW GIANT TUBE MATCHES,Merchandise,True,0.012359331598483283
21262,2574.2200000000003,637,143,132,WHITE GOOSE FEATHER CHRISTMAS TREE ,Merchandise,True,0.01231517489691987
20960,2570.92,1908,220,215,WATERMELON BATH SPONGE,Merchandise,True,0.01229938756049958
82597,2569.6600000000003,1210,217,215,BOMBS AWAY METAL SIGN,Merchandise,True,0.012293359668411837
21653,2565.67,1246,115,111,GLASS ETCHED T-LIGHT HOLDER LARGE,Merchandise,True,0.012274271343467303
82567,2553.63,1228,497,489,"AIRLINE LOUNGE,METAL SIGN",Merchandise,True,0.012216671485739948
20668,2550.65,21748,390,367,DISCO BALL CHRISTMAS DECORATION,Merchandise,True,0.012202415042548292
22829,2548.17,249,123,118,SWEETHEART WIRE WALL TIDY,Merchandise,True,0.012190550620026379
21680,2543.95,2927,276,268,WOODLAND  STICKERS,Merchandise,True,0.012170361965573764
21898,2538.8100000000004,827,117,113,POTTING SHED ROSE CANDLE,Merchandise,True,0.012145771993088835
20787,2535.1,69,32,30,BLUE RETRO BAR STOOL,Merchandise,True,0.012128023199719356
21792,2531.45,495,142,141,CLASSIC FRENCH STYLE BASKET GREEN ,Merchandise,True,0.012110561448830248
22342,2531.33,1820,233,230,HOME GARLAND PAINTED ZINC ,Merchandise,True,0.01210998736386951
21203,2527.0,1539,148,145,BUTTERFLIES  HONEYCOMB GARLAND,Merchandise,True,0.012089272464869556
23681,2525.04,1576,133,132,LUNCH BAG RED VINTAGE DOILY,Merchandise,True,0.012079895743844172
22742,2516.63,1013,188,180,MAKE YOUR OWN PLAYTIME CARD KIT,Merchandise,True,0.012039661956179134
22153,2512.57,5793,306,283,ANGEL DECORATION STARS ON DRESS,Merchandise,True,0.01202023874834084
21431,2511.3599999999997,1483,279,278,GREEN GINGHAM FLOWER JEWELLERY BOX,Merchandise,True,0.012014450058320065
23424,2509.62,462,135,135,GINGHAM RECIPE BOOK BOX,Merchandise,True,0.012006125826389368
22091,2508.42,3191,331,324,EMPIRE TISSUE BOX,Merchandise,True,0.012000384976781991
21323,2506.89,740,80,80,HANGING MEDINA LANTERN LARGE,Merchandise,True,0.011993065393532584
85054,2506.8300000000004,919,210,204,FRENCH ENAMEL POT W LID,Merchandise,True,0.011992778351052218
22911,2504.5,870,173,164,PAPER CHAIN KIT LONDON,Merchandise,True,0.011981631534731224
23316,2501.64,250,110,110,RED REFECTORY CLOCK ,Merchandise,True,0.011967949176500308
21686,2500.09,66,34,33,MEDINA STAMPED METAL STOOL,Merchandise,True,0.01196053391242411
21616,2499.83,1163,199,191,4 PEAR BOTANICAL DINNER CANDLES,Merchandise,True,0.011959290061675846
23367,2491.2,3278,285,282,SET 12 COLOUR PENCILS SPACEBOY ,Merchandise,True,0.01191800378491612
85041,2489.87,1853,95,92,SET/4 PINK ORCHID CANDLES IN BOWL,Merchandise,True,0.01191164100993461
22676,2488.77,1845,311,305,FRENCH BLUE METAL DOOR SIGN 1,Merchandise,True,0.011906378564461181
21924,2486.6600000000003,315,124,123,BLUE/CREAM STRIPE FRINGE HAMMOCK,Merchandise,True,0.011896284237234878
84509B,2486.54,657,202,196,SET OF 4 FAIRY CAKE PLACEMATS,Merchandise,True,0.011895710152274138
84840,2481.76,285,143,140,SWEETHEART CARRY-ALL BASKET,Merchandise,True,0.011872842434671417
85116,2480.9,2040,197,181,BLACK CANDELABRA T-LIGHT HOLDER,Merchandise,True,0.011868728159119463
21809,2479.25,3045,220,207,CHRISTMAS HANGING TREE WITH BELL,Merchandise,True,0.011860834490909317
85206B,2477.2999999999997,1538,184,183,PINK FELT EASTER EGG BASKET,Merchandise,True,0.011851505610297328
21823,2474.14,2482,233,212,PAINTED METAL HEART WITH HOLLY BELL,Merchandise,True,0.011836388039664567
22021,2469.91,1437,239,233,BLUE FELT EASTER EGG BASKET,Merchandise,True,0.01181615154479856
22852,2467.11,565,160,160,DOG BOWL VINTAGE CREAM,Merchandise,True,0.011802756229048014
21462,2465.91,419,175,171,"NURSERY A,B,C PAINTED LETTERS",Merchandise,True,0.011797015379440634
22540,2464.09,6286,198,189,MINI JIGSAW CIRCUS PARADE ,Merchandise,True,0.011788308424202781
21789,2461.64,2947,224,218,KIDS RAIN MAC PINK,Merchandise,True,0.01177658752292105
22362,2460.6800000000003,764,255,253,GLASS JAR PEACOCK BATH SALTS,Merchandise,True,0.01177199484323515
23352,2459.2,1800,213,212,ROLL WRAP 50'S RED CHRISTMAS ,Merchandise,True,0.011764914462052713
84509F,2456.1,2781,46,46,SET OF 4 NEW ENGLAND PLACEMATS,Merchandise,True,0.011750083933900323
21106,2455.09,801,175,169,CREAM SLICE FLANNEL CHOCOLATE SPOT ,Merchandise,True,0.011745252052147447
21330,2454.0699999999997,1452,203,201,WOODLAND ANIMAL  WRITING SET ,Merchandise,True,0.011740372329981175
21747,2452.35,2049,154,153,SMALL SKULL WINDMILL,Merchandise,True,0.011732143778877269
22789,2451.36,1252,203,196,T-LIGHT HOLDER SWEETHEART HANGING,Merchandise,True,0.011727407577951182
22306,2450.37,1692,170,163,SILVER MUG BONE CHINA TREE OF LIFE,Merchandise,True,0.011722671377025094
84795B,2442.69,306,98,96,SUNSET CHECK HAMMOCK,Merchandise,True,0.011685929939537877
22448,2440.13,757,124,121,PIN CUSHION BABUSHKA RED,Merchandise,True,0.011673682793708806
22537,2437.32,5897,368,350,MAGIC DRAWING SLATE DINOSAUR,Merchandise,True,0.011660239637544862
21873,2430.87,2065,203,199,IF YOU CAN'T STAND THE HEAT MUG,Merchandise,True,0.011629382570905207
22613,2429.07,3061,283,273,PACK OF 20 SPACEBOY NAPKINS,Merchandise,True,0.01162077129649414
21973,2428.73,1676,211,210,SET OF 36 MUSHROOM PAPER DOILIES,Merchandise,True,0.011619144722438716
22609,2424.5,7093,205,201,PENS ASSORTED SPACEBALL,Merchandise,True,0.01159890822757271
22973,2423.53,1422,167,155,CHILDREN'S CIRCUS PARADE MUG,Merchandise,True,0.011594267707473413
23406,2422.6600000000003,456,111,111,HOME SWEET HOME KEY HOLDER,Merchandise,True,0.011590105591508066
22566,2422.1499999999996,2890,314,297,FELTCRAFT HAIRBAND PINK AND PURPLE,Merchandise,True,0.011587665730424926
21274,2420.69,175,106,105,EMBOSSED HEART 3 DRAWER SHELF,Merchandise,True,0.011580681030069286
85035A,2412.81,659,190,178,GARDENIA 3 WICK MORRIS BOXED CANDLE,Merchandise,True,0.011542982784314171
22986,2410.9,5845,206,204,GINGHAM ROSE WRAP,Merchandise,True,0.011533845265355763
23400,2409.34,461,108,107,SHELF WITH 4 HOOKS HOME SWEET HOME,Merchandise,True,0.011526382160866173
85034A,2407.32,856,146,135,3 GARDENIA MORRIS BOXED CANDLES,Merchandise,True,0.011516718397360421
35001G,2406.1,758,107,103,HAND OPEN SHAPE GOLD,Merchandise,True,0.011510881866926252
23265,2404.79,1769,305,293,SET OF 3 WOODEN TREE DECORATIONS,Merchandise,True,0.01150461477277153
85059,2403.64,702,214,211,FRENCH ENAMEL WATER BASIN,Merchandise,True,0.011499113125231128
10133,2402.97,3871,297,289,COLOURING PENCILS BROWN TUBE,Merchandise,True,0.011495907817533674
85036A,2401.96,622,173,165,GARDENIA 1 WICK MORRIS BOXED CANDLE,Merchandise,True,0.0114910759357808
21187,2399.42,1440,158,144,WHITE BELL HONEYCOMB PAPER GARLAND ,Merchandise,True,0.011478924470778517
22421,2397.37,4814,427,406,LIPSTICK PEN FUSCHIA,Merchandise,True,0.011469117186032579
21540,2394.95,1323,87,87,DAIRY MAID CERAMIC BUTTER DISH,Merchandise,True,0.011457539805991034
21741,2394.07,733,197,190,COSY SLIPPER SHOES LARGE GREEN,Merchandise,True,0.011453329849612292
22321,2393.22,2584,314,305,BIRD DECORATION RED RETROSPOT,Merchandise,True,0.01144926341447373
22453,2390.2700000000004,866,150,144,MEASURING TAPE BABUSHKA BLUE,Merchandise,True,0.011435150492522264
22246,2387.13,1111,195,188,MAGIC GARDEN FELT GARLAND ,Merchandise,True,0.01142012860271629
84818,2384.8,1789,215,214,DANISH ROSE PHOTO FRAME,Merchandise,True,0.011408981786395298
21824,2379.0899999999997,2800,225,211,PAINTED METAL STAR WITH HOLLY BELLS,Merchandise,True,0.011381664910346858
23028,2377.13,1369,138,137,DRAWER KNOB CRACKLE GLAZE BLUE,Merchandise,True,0.011372288189321475
23437,2373.63,1939,131,131, 50'S CHRISTMAS GIFT BAG LARGE,Merchandise,True,0.01135554404463329
21826,2373.24,1825,259,240,EIGHT PIECE DINOSAUR SET,Merchandise,True,0.011353678268510891
47570,2373.01,220,79,78,ENGLISH ROSE TABLE CLOTH,Merchandise,True,0.011352577939002812
23498,2372.68,1640,102,99,CLASSIC BICYCLE CLIPS ,Merchandise,True,0.011350999205360781
21464,2371.75,559,221,217,DISCO BALL ROTATOR BATTERY OPERATED,Merchandise,True,0.011346550046915064
21468,2368.89,671,147,142,BUTTERFLY CROCHET FOOD COVER,Merchandise,True,0.011332867688684148
23048,2368.37,577,102,99,SET OF 10 LANTERNS FAIRY LIGHT STAR,Merchandise,True,0.011330379987187616
21126,2367.98,2339,292,285,SET OF 6 GIRLS CELEBRATION CANDLES,Merchandise,True,0.011328514211065219
23436,2367.39,1979,114,114,VINTAGE CHRISTMAS GIFT BAG LARGE ,Merchandise,True,0.011325691626674926
22642,2366.32,996,148,141,SET OF 4 NAPKIN CHARMS STARS   ,Merchandise,True,0.011320572702441682
84459B,2358.5699999999997,1480,221,213,YELLOW METAL CHICKEN HEART ,Merchandise,True,0.011283496382060698
23401,2354.87,459,83,83,RUSTIC MIRROR WITH LACE HEART,Merchandise,True,0.011265795429104618
23412,2354.8,358,77,76,HEART MIRROR ANTIQUE WHITE,Merchandise,True,0.011265460546210856
21437,2350.92,677,114,109,24 HANGING EASTER EGGS FLORAL TUB,Merchandise,True,0.011246898465813667
85172,2348.48,4447,158,150,HYACINTH BULB T-LIGHT CANDLES,Merchandise,True,0.011235225404945332
84536A,2346.22,5190,640,613,ENGLISH ROSE NOTEBOOK A7 SIZE,Merchandise,True,0.011224413471518103
85199L,2344.15,3545,281,272,LARGE HANGING IVORY & RED WOOD BIRD,Merchandise,True,0.011214510505945378
85114A,2341.84,1410,107,103,BLACK ENCHANTED FOREST PLACEMAT,Merchandise,True,0.011203459370451176
21708,2341.43,612,131,129,FOLDING UMBRELLA CREAM POLKADOT,Merchandise,True,0.011201497913501987
16237,2337.0299999999997,10935,603,580,SLEEPING CAT ERASERS,Merchandise,True,0.011180448131608269
85114C,2335.78,1221,174,161,RED ENCHANTED FOREST PLACEMAT,Merchandise,True,0.011174468079933919
22251,2335.15,1884,303,298,BIRDHOUSE DECORATION MAGIC GARDEN,Merchandise,True,0.011171454133890046
85176,2331.38,2776,316,306,SEWING SUSAN 21 NEEDLE SET,Merchandise,True,0.0111534182980402
21615,2331.17,1174,173,169,4 LAVENDER BOTANICAL DINNER CANDLES,Merchandise,True,0.011152413649358909
21947,2326.59,1691,309,298,SET OF 6 HEART CHOPSTICKS,Merchandise,True,0.011130502740024084
22409,2325.48,1712,169,164,MONEY BOX BISCUITS DESIGN,Merchandise,True,0.01112519245413726
22785,2318.59,427,130,122,SQUARECUSHION COVER PINK UNION FLAG,Merchandise,True,0.011092230409308233
85106,2318.44,1202,62,59,CUT GLASS HEXAGON T-LIGHT HOLDER,Merchandise,True,0.011091512803107311
22539,2313.24,5744,261,247,MINI JIGSAW DOLLY GIRL,Merchandise,True,0.011066635788142005
21696,2310.15,768,111,107,SMALL SILVER TRELLIS CANDLEPOT,Merchandise,True,0.01105185310040301
22363,2309.3,782,173,169,GLASS JAR MARMALADE ,Merchandise,True,0.011047786665264452
21804,2308.85,612,149,137,WHITE CHRISTMAS GARLAND STARS TREES,Merchandise,True,0.011045633846661684
85107,2305.39,1215,73,70,CUT GLASS T-LIGHT HOLDER OCTAGON,Merchandise,True,0.011029081063627077
23371,2304.78,1705,186,185,SET 36 COLOUR PENCILS SPACEBOY ,Merchandise,True,0.011026162798409995
22133,2304.11,2508,338,327,PINK LOVE HEART SHAPE CUP,Merchandise,True,0.011022957490712542
22831,2304.0,780,143,138,WHITE BROCANTE SOAP DISH,Merchandise,True,0.011022431246165199
23029,2303.92,1352,156,156,DRAWER KNOB CRACKLE GLAZE GREEN,Merchandise,True,0.011022048522858041
23197,2303.5,1478,250,249,SKETCHBOOK MAGNETIC SHOPPING LIST,Merchandise,True,0.011020039225495458
17091J,2297.99,4086,189,178,VANILLA INCENSE IN TIN,Merchandise,True,0.010993679157714913
21482,2296.76,740,185,184,MUSHROOM BLUE HOT WATER BOTTLE,Merchandise,True,0.010987794786867355
20658,2296.43,1613,368,353,RED SPOTTY LUGGAGE TAG,Merchandise,True,0.010986216053225323
22336,2296.27,4734,232,214,DOVE DECORATION PAINTED ZINC ,Merchandise,True,0.010985450606611007
22935,2294.07,771,68,65,BAKING MOULD ROSE MILK CHOCOLATE,Merchandise,True,0.01097492571566415
22948,2292.77,2243,196,180,METAL DECORATION NAUGHTY CHILDREN ,Merchandise,True,0.010968706461922821
22163,2291.9100000000003,1287,208,197,HEART STRING MEMO HOLDER HANGING,Merchandise,True,0.01096459218637087
21819,2289.6,3896,262,248,GLITTER CHRISTMAS STAR ,Merchandise,True,0.010953541050876666
84913A,2287.26,629,274,266,SOFT PINK ROSE TOWEL ,Merchandise,True,0.01094234639414228
23330,2286.97,1794,223,216,DECORATIVE WICKER HEART MEDIUM,Merchandise,True,0.01094095902215383
23360,2286.4,1182,116,114,SET 8 CANDLES VINTAGE DOILY,Merchandise,True,0.010938232118590326
22024,2284.75,5454,447,439,RAINY LADIES BIRTHDAY CARD,Merchandise,True,0.01093033845038018
21655,2277.5,1396,89,89,HANGING RIDGE GLASS T-LIGHT HOLDER,Merchandise,True,0.010895654150668942
85183A,2275.75,1512,143,141,CHARLIE & LOLA WASTEPAPER BIN BLUE,Merchandise,True,0.010887282078324848
21638,2275.61,1039,150,142,ASSORTED TUTTI FRUTTI NOTEBOOK,Merchandise,True,0.010886612312537321
85014C,2270.73,547,72,72,BLUE/BROWN DOTS RUFFLED UMBRELLA,Merchandise,True,0.010863266190800651
21651,2266.48,1399,130,124,HANGING GLASS ETCHED TEALIGHT,Merchandise,True,0.010842934015107856
21710,2265.25,730,115,110,FOLDING UMBRELLA PINKWHITE POLKADOT,Merchandise,True,0.010837049644260294
85045,2264.09,476,87,83,GREEN CHRISTMAS TREE STRING 20LIGHT,Merchandise,True,0.010831500156306495
23252,2261.61,603,138,138,VINTAGE RED ENAMEL TRIM JUG ,Merchandise,True,0.010819635733784581
20931,2260.9300000000003,676,160,157,BLUE POT PLANT CANDLE ,Merchandise,True,0.010816382585673735
21125,2260.14,2161,258,246,SET 6 FOOTBALL CELEBRATION CANDLES,Merchandise,True,0.010812603193015543
15056n,2259.44,180,121,116,EDWARDIAN PARASOL NATURAL,Merchandise,True,0.010809254364077906
23128,2258.66,448,139,139,FELTCRAFT BOY JEAN-PAUL KIT,Merchandise,True,0.01080552281183311
22716,2254.7,5318,459,447,CARD CIRCUS PARADE,Merchandise,True,0.010786578008128763
84469,2249.41,664,44,44,ROSE DES PADDED FLOOR CUSHION,Merchandise,True,0.010761270429442908
21398,2242.41,2299,129,126,RED POLKADOT COFFEE  MUG,Merchandise,True,0.010727782140066538
23093,2239.2400000000002,939,142,142,SMALL PARISIENNE HEART PHOTO FRAME ,Merchandise,True,0.010712616729020383
23326,2237.08,3442,76,76,HANGING MINI COLOURED BOTTLES,Merchandise,True,0.010702283199727101
21681,2234.81,233,80,79,GIANT MEDINA STAMPED METAL BOWL ,Merchandise,True,0.010691423425886479
22920,2234.21,3521,269,252,HERB MARKER BASIL,Merchandise,True,0.01068855300108279
51014L,2232.5499999999997,3457,228,226,"FEATHER PEN,LIGHT PINK",Merchandise,True,0.01068061149245925
22824,2225.8500000000004,63,50,48,3 TIER SWEETHEART GARDEN SHELF,Merchandise,True,0.010648558415484727
84691,2225.5,2747,236,235,PACK 20 DOLLY PEGS,Merchandise,True,0.010646884001015907
23079,2225.45,251,107,106,TOADSTOOL BEDSIDE LIGHT ,Merchandise,True,0.010646644798948932
22074,2224.59,2161,295,287,6 RIBBONS SHIMMERING PINKS ,Merchandise,True,0.01064253052339698
22514,2223.92,1092,236,233,CHILDS GARDEN SPADE BLUE,Merchandise,True,0.010639325215699528
22069,2221.78,984,278,267,BROWN  PIRATE TREASURE CHEST ,Merchandise,True,0.010629087367233036
21476,2219.5099999999998,142,85,85,STEEL SWEETHEART ROUND TABLE CREAM,Merchandise,True,0.010618227593392413
23501,2217.87,1821,114,112,KEY RING BASEBALL BOOT UNION JACK,Merchandise,True,0.010610381765595664
20770,2215.81,1055,209,201,ABSTRACT CIRCLE JOURNAL ,Merchandise,True,0.010600526640436331
21620,2210.48,1088,228,222,SET OF 4 ROSE BOTANICAL CANDLES,Merchandise,True,0.010575027700096896
22711,2210.34,5377,181,181,WRAP CIRCUS PARADE,Merchandise,True,0.010574357934309369
23438,2209.92,1809,109,109, RED SPOT GIFT BAG LARGE,Merchandise,True,0.010572348636946787
22853,2208.82,646,147,146,CAT BOWL VINTAGE CREAM,Merchandise,True,0.010567086191473358
23403,2204.11,625,135,134,LETTER HOLDER HOME SWEET HOME,Merchandise,True,0.0105445533567644
22286,2200.75,1937,195,195,"DECORATION , WOBBLY RABBIT , METAL ",Merchandise,True,0.010528478977863742
85039B,2200.0499999999997,1666,274,266,S/4 IVORY MINI ROSE CANDLE IN BOWL,Merchandise,True,0.010525130148926103
17084R,2198.85,12065,67,66,ASSORTED INCENSE PACK,Merchandise,True,0.010519389299318727
22338,2197.35,6150,278,264,STAR DECORATION PAINTED ZINC ,Merchandise,True,0.010512213237309505
21774,2196.2599999999998,1744,381,368,DECORATIVE CATS BATHROOM BOTTLE,Merchandise,True,0.010506998632249468
21617,2195.01,850,175,169,4 LILY  BOTANICAL DINNER CANDLES,Merchandise,True,0.01050101858057512
21195,2194.2000000000003,1017,156,150,PINK  HONEYCOMB PAPER BALL ,Merchandise,True,0.01049714350709014
23020,2191.84,180,76,76,GLASS  SONGBIRD STORAGE JAR,Merchandise,True,0.010485853169528964
22182,2190.13,569,178,172,CAKE STAND VICTORIAN FILIGREE SMALL,Merchandise,True,0.010477672458838449
21611,2182.19,750,151,148,SET OF 12 LILY BOTANICAL T-LIGHTS,Merchandise,True,0.010439687170602967
23302,2181.42,1536,233,230,KNEELING MAT HOUSEWORK  DESIGN,Merchandise,True,0.010436003458771567
22913,2179.39,462,131,122,RED COAT RACK PARIS FASHION,Merchandise,True,0.010426291854852417
22714,2174.73,5315,364,359,CARD BIRTHDAY COWBOY,Merchandise,True,0.010403998222210435
22932,2169.93,963,75,72,BAKING MOULD TOFFEE CUP CHOCOLATE,Merchandise,True,0.010381034823780923
21421,2163.23,1807,110,105,PORCELAIN ROSE LARGE ,Merchandise,True,0.010348981746806398
85216,2162.02,2861,189,187,ASSORTED CAKES FRIDGE MAGNETS,Merchandise,True,0.010343193056785625
21643,2161.81,1536,210,204,ASSORTED TUTTI FRUTTI MIRROR,Merchandise,True,0.010342188408104334
22708,2161.5,5375,161,159,WRAP DOLLY GIRL,Merchandise,True,0.010340705355289095
23445,2161.24,2668,102,101,ICE CREAM BUBBLES,Merchandise,True,0.01033946150454083
21291,2161.11,2506,160,153,SMALL POLKADOT CHOCOLATE GIFT BAG ,Merchandise,True,0.010338839579166698
22515,2159.18,1056,215,208,CHILDS GARDEN SPADE PINK,Merchandise,True,0.010329606379381498
22677,2158.09,1589,284,280,FRENCH BLUE METAL DOOR SIGN 2,Merchandise,True,0.010324391774321465
21905,2157.87,1623,266,263,MORE BUTTER METAL SIGN ,Merchandise,True,0.010323339285226777
20764,2153.51,690,199,193,ABSTRACT CIRCLES SKETCHBOOK ,Merchandise,True,0.01030248086498664
85103,2153.43,317,87,87,SILVER T-LIGHT SETTING,Merchandise,True,0.01030209814167948
22802,2153.1,120,67,62,FAUX FUR CHOCOLATE THROW,Merchandise,True,0.010300519408037452
22931,2152.75,900,135,129,BAKING MOULD HEART WHITE CHOCOLATE,Merchandise,True,0.010298844993568633
23031,2152.3,1278,155,155,DRAWER KNOB CRACKLE GLAZE PINK,Merchandise,True,0.010296692174965868
23370,2151.6,1550,153,151,SET 36 COLOURING PENCILS DOILY,Merchandise,True,0.010293343346028229
21359,2150.48,209,76,73,RELAX LARGE WOOD LETTERS,Merchandise,True,0.010287985219728011
22695,2145.87,1500,244,225,WICKER WREATH SMALL,Merchandise,True,0.010265930789153
23161,2145.3,1715,98,98,REGENCY CAKE FORK,Merchandise,True,0.010263203885589498
23213,2138.42,1682,155,152,STAR WREATH DECORATION WITH BELL,Merchandise,True,0.010230289681173866
23066,2137.81,259,85,85,SMALL DECO JEWELLERY STAND,Merchandise,True,0.01022737141595678
84670,2128.72,5196,189,182,JAPANESE CROCHETED ANIMAL,Merchandise,True,0.010183884480180894
23005,2126.55,4733,244,241,TRAVEL CARD WALLET I LOVE LONDON,Merchandise,True,0.01017350311047422
22308,2115.41,683,218,214,TEA COSY BLUE STRIPE,Merchandise,True,0.010120208889952397
85099b,2111.64,419,25,25,JUMBO BAG RED RETROSPOT,Merchandise,True,0.010102173054102551
23046,2111.4900000000002,349,36,36,PAPER LANTERN 9 POINT DELUXE STAR,Merchandise,True,0.010101455447901631
72799F,2110.11,1134,111,102,IVORY PILLAR CANDLE GOLD FLOCK,Merchandise,True,0.010094853470853146
21070,2108.5,2050,236,229,VINTAGE BILLBOARD MUG ,Merchandise,True,0.01008715116429658
22279,2108.37,1443,218,214,POCKET BAG BLUE PAISLEY RED SPOT,Merchandise,True,0.010086529238922448
23251,2105.75,1712,120,120,VINTAGE RED ENAMEL TRIM MUG ,Merchandise,True,0.010073995050613006
22859,2105.67,1260,171,165,EASTER TIN BUNNY BOUQUET,Merchandise,True,0.010073612327305848
23233,2105.5,5175,159,158,WRAP POPPIES  DESIGN,Merchandise,True,0.010072799040278137
84854,2104.2200000000003,386,112,110,GIRLY PINK TOOL SET,Merchandise,True,0.010066675467363602
21865,2102.46,902,306,297,PINK UNION JACK  PASSPORT COVER ,Merchandise,True,0.010058255554606113
84676,2102.46,848,110,110,BATH DUCK WATERING CAN,Merchandise,True,0.010058255554606113
22023,2101.18,5028,438,430,EMPIRE BIRTHDAY CARD,Merchandise,True,0.010052131981691576
40018F,2100.33,1092,119,117,CHERRY DESIGN PAPERLANTERNS,Merchandise,True,0.010048065546553017
22832,2097.65,191,87,85,BROCANTE SHELF WITH HOOKS,Merchandise,True,0.010035244315763206
22996,2094.93,4801,415,408,TRAVEL CARD WALLET VINTAGE TICKET,Merchandise,True,0.010022231723319817
23315,2094.24,213,86,86,IVORY REFECTORY CLOCK,Merchandise,True,0.010018930734795574
79323S,2084.32,334,56,56, SILVER CHERRY LIGHTS,Merchandise,True,0.009971473044707921
23152,2080.65,554,160,159,IVORY SWEETHEART WIRE LETTER RACK ,Merchandise,True,0.009953915612992022
85049H,2079.69,2075,342,334,URBAN BLACK RIBBONS ,Merchandise,True,0.009949322933306122
22928,2077.02,301,121,118,YELLOW GIANT GARDEN THERMOMETER,Merchandise,True,0.009936549542929706
21619,2076.64,1132,214,212,4 VANILLA BOTANICAL CANDLES,Merchandise,True,0.009934731607220701
21803,2074.56,4780,341,322,CHRISTMAS TREE STAR DECORATION,Merchandise,True,0.00992478080123458
84796A,2072.9500000000003,284,111,111,PINK HAWAIIAN PICNIC HAMPER FOR 2,Merchandise,True,0.009917078494678017
21058,2070.85,2413,282,275,PARTY INVITES WOODLAND,Merchandise,True,0.009907032007865104
21356,2070.55,1623,366,349,TOAST ITS - FAIRY FLOWER,Merchandise,True,0.009905596795463262
21200,2070.11,1424,128,126,MULTICOLOUR HONEYCOMB PAPER GARLAND,Merchandise,True,0.00990349181727389
23227,2070.06,1642,117,117,FILIGREE HEART BUTTERFLY WHITE ,Merchandise,True,0.009903252615206914
35953,2068.47,3917,161,155,FOLKART STAR CHRISTMAS DECORATIONS,Merchandise,True,0.009895645989477139
21802,2067.58,4731,343,323,CHRISTMAS TREE HEART DECORATION,Merchandise,True,0.009891388192684999
37476,2066.64,212,81,77,CONDIMENT TRAY 4 BOWLS AND 4 SPOONS,Merchandise,True,0.009886891193825888
21657,2065.21,270,123,118,MILK BOTTLE WITH GLASS STOPPER ,Merchandise,True,0.00988005001471043
22400,2064.56,2462,238,234,MAGNETS PACK OF 4 HOME SWEET HOME,Merchandise,True,0.009876940387839766
22903,2062.82,747,84,82,CALENDAR FAMILY FAVOURITES,Merchandise,True,0.00986861615590907
84990,2062.19,4248,199,193,60 GOLD AND SILVER FAIRY CAKE CASES,Merchandise,True,0.009865602209865196
84459A,2061.85,1269,208,201,PINK METAL CHICKEN HEART ,Merchandise,True,0.009863975635809772
84509G,2060.45,806,161,159,SET OF 4 FAIRY CAKE PLACEMATS ,Merchandise,True,0.009857277977934497
20686,2059.44,602,191,186,DOLLY MIXTURE CHILDREN'S UMBRELLA,Merchandise,True,0.009852446096181623
23291,2059.03,1634,196,195,DOLLY GIRL CHILDRENS CUP,Merchandise,True,0.009850484639232436
21077,2058.1,2790,195,192,SET/20 WOODLAND PAPER NAPKINS ,Merchandise,True,0.009846035480786716
85016,2056.16,1688,170,167,SET OF 6 VINTAGE NOTELETS KIT,Merchandise,True,0.009836754440588121
22719,2056.1,1516,246,235,GUMBALL MONOCHROME COAT RACK,Merchandise,True,0.009836467398107755
21640,2053.5699999999997,2228,217,205,ASSORTED TUTTI FRUTTI  FOB NOTEBOOK,Merchandise,True,0.009824363773518864
22201,2042.8700000000001,510,167,166,FRYING PAN BLUE POLKADOT,Merchandise,True,0.009773174531186415
84763,2039.79,1638,176,170,ZINC FINISH 15CM PLANTER POTS,Merchandise,True,0.009758439683860812
21397,2039.4599999999998,2171,183,180,BLUE  SPOTTY EGG CUP ,Merchandise,True,0.009756860950218783
23500,2038.33,1626,102,98,KEY RING BASEBALL BOOT ASSORTED ,Merchandise,True,0.00975145498350517
21630,2037.6,167,99,95,FLOOR CUSHION ELEPHANT CARNIVAL,Merchandise,True,0.009747962633327348
22261,2035.1599999999999,2112,259,243,FELT EGG COSY WHITE RABBIT ,Merchandise,True,0.009736289572459011
22405,2033.4,1672,228,217,MONEY BOX POCKET MONEY DESIGN,Merchandise,True,0.009727869659701526
23490,2032.77,542,101,101,T-LIGHT HOLDER HANGING LOVE BIRD,Merchandise,True,0.009724855713657653
21348,2030.8400000000001,842,134,133,PINK SPOTS CHOCOLATE NESTING BOXES ,Merchandise,True,0.009715622513872453
21504,2030.22,4973,334,329,SKULLS GREETING CARD,Merchandise,True,0.009712656408241975
22799,2029.34,254,109,108,SWEETHEART WIRE FRUIT BOWL,Merchandise,True,0.00970844645186323
22211,2028.95,1535,300,291,WOOD STAMP SET FLOWERS,Merchandise,True,0.009706580675740834
21612,2025.7700000000002,698,114,113,SET 12 WILDFLOWER BOTANICAL T-LIGHT,Merchandise,True,0.009691367424281283
23268,2018.1399999999999,1447,89,89,SET OF 2 CERAMIC CHRISTMAS REINDEER,Merchandise,True,0.009654865188861038
22068,2015.86,1124,287,276,BLACK PIRATE TREASURE CHEST,Merchandise,True,0.00964395757460702
23289,2013.7,1622,192,191,DOLLY GIRL CHILDRENS BOWL,Merchandise,True,0.009633624045313741
47591C,2012.43,1051,159,159,BLUE FAIRY CAKE CHILD'S APRON,Merchandise,True,0.0096275483128126
23529,2011.9900000000002,637,37,37,WALL ART DOLLY GIRL ,Merchandise,True,0.00962544333462323
21389,2011.4099999999999,2301,270,261,IVORY HANGING DECORATION  BIRD,Merchandise,True,0.009622668590646328
22520,2011.28,2294,376,369,CHILDS GARDEN TROWEL BLUE ,Merchandise,True,0.009622046665272197
23358,2008.38,594,89,89,HOT STUFF HOT WATER BOTTLE,Merchandise,True,0.009608172945387702
79323G,2007.88,314,61,61,GOLD  CHERRY LIGHTS,Merchandise,True,0.009605780924717961
23274,2005.0,1180,120,119,STAR T-LIGHT HOLDER WILLIE WINKIE,Merchandise,True,0.009592002885660254
79160,2004.5700000000002,959,221,210,HEART SHAPE WIRELESS DOORBELL,Merchandise,True,0.009589945747884278
22614,2002.2599999999998,5878,383,368,PACK OF 12 SPACEBOY TISSUES,Merchandise,True,0.009578894612390072
20846,1999.48,1470,177,169,ZINC HEART LATTICE T-LIGHT HOLDER,Merchandise,True,0.009565594977466316
22496,1999.0400000000002,732,195,193,SET OF 2 ROUND TINS DUTCH CHEESE,Merchandise,True,0.009563489999276946
22098,1998.37,2894,330,309,BOUDOIR SQUARE TISSUE BOX,Merchandise,True,0.00956028469157949
22343,1995.94,3309,190,188,PARTY PIZZA DISH RED RETROSPOT,Merchandise,True,0.009548659471124552
35971,1994.02,1997,231,217,ROSE FOLKART HEART DECORATIONS,Merchandise,True,0.009539474111752747
20703,1993.47,471,169,169,BLUE PADDED SOFT MOBILE,Merchandise,True,0.009536842889016033
22521,1992.1,2291,379,370,CHILDS GARDEN TROWEL PINK,Merchandise,True,0.009530288752380942
22599,1991.29,3135,194,189,CHRISTMAS MUSICAL ZINC STAR,Merchandise,True,0.009526413678895963
22559,1990.63,1585,206,202,SEASIDE FLYING DISC,Merchandise,True,0.009523256211611906
21695,1987.5800000000002,642,104,102,SMALL SILVER FLOWER CANDLE POT,Merchandise,True,0.009508664885526487
84872A,1983.54,177,102,102,TEATIME FUNKY FLOWER BACKPACK FOR 2,Merchandise,True,0.009489337358514982
23357,1982.05,450,103,102,HOT WATER BOTTLE SEX BOMB,Merchandise,True,0.009482209136919155
85217,1981.8500000000001,2869,165,164,ASSORTED ICE CREAM FRIDGE MAGNETS,Merchandise,True,0.00948125232865126
23145,1979.48,2084,170,169,ZINC T-LIGHT HOLDER STAR LARGE,Merchandise,True,0.009469914150676688
20871,1978.05,1273,129,127,OPULENT VELVET SET/3 CANDLES,Merchandise,True,0.009463072971561228
85231B,1977.3799999999999,2153,409,384,CINAMMON SET OF 9 T-LIGHTS,Merchandise,True,0.009459867663863775
21629,1977.27,179,107,105,SQUARE FLOOR CUSHION VINTAGE RED,Merchandise,True,0.009459341419316434
22262,1975.31,2045,327,306,FELT EGG COSY CHICKEN,Merchandise,True,0.00944996469829105
22204,1974.29,537,170,169,MILK PAN BLUE POLKADOT,Merchandise,True,0.009445084976124778
23068,1966.93,809,138,136,ALUMINIUM STAMPED HEART,Merchandise,True,0.009409874431866196
21991,1966.07,1118,301,289,BOHEMIAN COLLAGE STATIONERY SET,Merchandise,True,0.00940576015631424
23374,1962.83,2456,131,131,RED SPOT PAPER GIFT BAG,Merchandise,True,0.009390259862374321
21082,1960.45,7183,165,163,SET/20 FRUIT SALAD PAPER NAPKINS ,Merchandise,True,0.009378873843986356
23075,1960.3,472,80,80,PARLOUR CERAMIC WALL HOOK,Merchandise,True,0.009378156237785432
23228,1960.0,1492,126,125,FILIGREE HEART BIRD WHITE ,Merchandise,True,0.009376721025383589
23235,1950.66,736,105,105,STORAGE TIN VINTAGE LEAF,Merchandise,True,0.009332038079272832
22753,1950.55,2365,423,404,SMALL YELLOW BABUSHKA NOTEBOOK ,Merchandise,True,0.009331511834725489
22438,1950.27,1478,184,170,BALLOON ART MAKE YOUR OWN FLOWERS,Merchandise,True,0.009330172303150435
22210,1949.69,1615,301,287,WOOD STAMP SET BEST WISHES,Merchandise,True,0.009327397559173535
46775D,1949.21,154,96,95,SUNSET COLOUR CHUNKY KNITTED THROW,Merchandise,True,0.009325101219330584
20984,1947.7599999999998,5875,254,245,12 PENCILS TALL TUBE POSY,Merchandise,True,0.009318164359388335
21538,1943.26,1313,53,51,DAIRY MAID  PUDDING BOWL,Merchandise,True,0.00929663617336067
84581,1940.15,511,241,234,DOG TOY WITH PINK CROCHET SKIRT,Merchandise,True,0.009281757804794883
21773,1936.99,1663,317,308,DECORATIVE ROSE BATHROOM BOTTLE,Merchandise,True,0.009266640234162122
22565,1936.9599999999998,2125,291,278,FELTCRAFT HAIRBANDS PINK AND WHITE ,Merchandise,True,0.009266496712921936
21692,1936.62,510,123,111,SILVER LATTICE VANILLA CANDLE POT,Merchandise,True,0.009264870138866513
21581,1935.17,1188,214,203,SKULLS  DESIGN  COTTON TOTE BAG,Merchandise,True,0.009257933278924265
20716,1933.81,1538,253,246,PARTY FOOD SHOPPER BAG,Merchandise,True,0.00925142698270257
20684,1933.62,584,181,176,STRAWBERRY DREAM CHILDS UMBRELLA,Merchandise,True,0.009250518014848068
22307,1930.48,1266,125,118,GOLD MUG BONE CHINA TREE OF LIFE,Merchandise,True,0.009235496125042097
23094,1924.92,152,79,79,LE GRAND TRAY CHIC SET,Merchandise,True,0.009208896855194581
21983,1924.7199999999998,6272,337,325,PACK OF 12 BLUE PAISLEY TISSUES ,Merchandise,True,0.009207940046926684
21043,1921.03,677,141,141,APRON MODERN VINTAGE COTTON,Merchandise,True,0.009190286934383998
40001,1920.8799999999999,2492,125,121,WHITE BAMBOO RIBS LAMPSHADE,Merchandise,True,0.009189569328183074
22513,1917.32,590,173,170,DOORSTOP FOOTBALL DESIGN,Merchandise,True,0.009172538141014522
85185B,1917.2600000000002,613,196,182,PINK HORSE SOCK PUPPET,Merchandise,True,0.009172251098534154
22985,1916.24,4772,138,136,"WRAP, BILLBOARD FONTS DESIGN",Merchandise,True,0.009167371376367882
21677,1909.2099999999998,2176,288,279,HEARTS  STICKERS,Merchandise,True,0.009133739565751328
21445,1907.23,1535,148,146,12 PINK ROSE PEG PLACE SETTINGS,Merchandise,True,0.009124267163899153
22522,1905.81,2239,339,334,CHILDS GARDEN FORK BLUE ,Merchandise,True,0.00911747382519709
85162B,1905.15,977,13,13,BLACK RETRODISC LAMPSHADE,Merchandise,True,0.009114316357913033
23155,1904.7700000000002,2221,135,135,KNICKERBOCKERGLORY MAGNET ASSORTED ,Merchandise,True,0.00911249842220403
21647,1903.4800000000002,850,150,144,ASSORTED TUTTI FRUTTI LARGE PURSE,Merchandise,True,0.0091063270088761
84519B,1901.27,869,216,214,CARROT CHARLIE+LOLA COASTER SET,Merchandise,True,0.009095754277515845
22587,1899.6799999999998,2177,328,308,FELTCRAFT HAIRBAND RED AND BLUE,Merchandise,True,0.009088147651786069
23491,1897.76,228,79,78,VINTAGE JINGLE BELLS HEART,Merchandise,True,0.009078962292414264
22678,1895.59,1410,255,248,FRENCH BLUE METAL DOOR SIGN 3,Merchandise,True,0.00906858092270759
21287,1893.75,4134,96,93,SCENTED VELVET LOUNGE CANDLE ,Merchandise,True,0.009059778286642945
16169E,1892.46,4563,150,149,WRAP 50'S  CHRISTMAS,Merchandise,True,0.009053606873315015
21659,1891.7,120,66,66,GLASS CAKE STAND,Merchandise,True,0.009049971001897007
16016,1891.1,2338,110,106,LARGE CHINESE STYLE SCISSOR,Merchandise,True,0.00904710057709332
85232A,1889.88,375,139,138,SET/3 POLKA DOT STACKING TINS,Merchandise,True,0.009041264046659152
22523,1884.8,2185,360,352,CHILDS GARDEN FORK PINK,Merchandise,True,0.009016961116654586
23434,1884.17,2095,200,199,3 RAFFIA RIBBONS 50'S CHRISTMAS ,Merchandise,True,0.009013947170610713
21547,1877.9800000000002,728,124,119,CERAMIC BIRDHOUSE CRESTED TIT SMALL,Merchandise,True,0.008984333954719325
23394,1877.65,435,152,150,POSTE FRANCE CUSHION COVER,Merchandise,True,0.008982755221077296
21894,1877.47,1345,257,247,POTTING SHED SEED ENVELOPES,Merchandise,True,0.008981894093636188
22858,1877.34,1135,140,139,EASTER TIN KEEPSAKE,Merchandise,True,0.008981272168262054
84856S,1877.21,467,33,33,SMALL TAHITI BEACH BAG,Merchandise,True,0.008980650242887923
21761,1874.65,67,26,24,WOOD AND GLASS MEDICINE CABINET,Merchandise,True,0.00896840309705885
21613,1873.2500000000002,636,149,145,S/12 VANILLA  BOTANICAL T-LIGHTS,Merchandise,True,0.008961705439183577
21085,1872.68,13731,68,66,SET/6 WOODLAND PAPER CUPS,Merchandise,True,0.008958978535620072
21687,1871.23,477,106,101,SILVER PLATE CANDLE BOWL LARGE,Merchandise,True,0.008952041675677824
23090,1870.0300000000002,2237,152,149,VINTAGE GLASS T-LIGHT HOLDER,Merchandise,True,0.008946300826070447
21241,1869.07,2213,261,260,GREEN SPOTTY CUP,Merchandise,True,0.008941708146384543
21091,1868.7,13700,48,47,SET/6 WOODLAND PAPER PLATES,Merchandise,True,0.008939938051088937
23359,1866.4599999999998,990,79,79,SET OF 12 T-LIGHTS VINTAGE DOILY,Merchandise,True,0.008929221798488495
22535,1865.86,4461,305,298,MAGIC DRAWING SLATE BUNNIES ,Merchandise,True,0.008926351373684808
22686,1864.91,1410,224,221,FRENCH BLUE METAL DOOR SIGN No,Merchandise,True,0.008921806534412302
21394,1864.6299999999999,4005,150,150,RED POLKADOT BEAKER ,Merchandise,True,0.008920467002837244
20772,1863.95,974,166,161,GARDEN PATH JOURNAL,Merchandise,True,0.0089172138547264
23525,1863.8200000000002,582,53,53,WALL ART BUFFALO BILL ,Merchandise,True,0.008916591929352267
79302M,1860.6000000000001,654,114,107,"ART LIGHTS,FUNK MONKEY",Merchandise,True,0.008901187316239137
21841,1857.47,437,134,132,BABY MOUSE RED GINGHAM DRESS,Merchandise,True,0.00888621326684656
22586,1848.9399999999998,2122,311,295,FELTCRAFT HAIRBAND PINK AND BLUE,Merchandise,True,0.008845405394220782
70007,1848.62,1365,226,205,HI TEC ALPINE HAND WARMER,Merchandise,True,0.008843874500992149
22680,1847.95,1378,234,230,FRENCH BLUE METAL DOOR SIGN 5,Merchandise,True,0.008840669193294695
84797B,1845.2,323,33,33,BLUE SAVANNAH PICNIC HAMPER FOR 4,Merchandise,True,0.008827513079611122
22533,1844.76,4670,246,231,MAGIC DRAWING SLATE BAKE A CAKE ,Merchandise,True,0.00882540810142175
21161,1843.22,2383,216,206,KEEP OUT BOYS DOOR HANGER ,Merchandise,True,0.008818040677758949
84006,1842.75,1962,224,212,MAGIC TREE -PAPER FLOWERS,Merchandise,True,0.008815792178329392
21618,1842.61,702,148,139,4 WILDFLOWER BOTANICAL CANDLES,Merchandise,True,0.008815122412541863
85162C,1841.7,904,46,46,WHITE RETRODISC LAMPSHADE,Merchandise,True,0.008810768934922936
22324,1841.51,681,158,152,BLUE POLKADOT KIDS BAG,Merchandise,True,0.008809859967068435
85173,1841.25,1021,154,150,SET/6 FROG PRINCE T-LIGHT CANDLES,Merchandise,True,0.00880861611632017
23378,1840.08,3997,183,176,PACK OF 12 50'S CHRISTMAS TISSUES,Merchandise,True,0.008803018787952976
22317,1839.4600000000003,589,169,167,FIVE CATS HANGING DECORATION,Merchandise,True,0.0088000526823225
21357,1832.76,1392,218,211,TOAST ITS - DINOSAUR,Merchandise,True,0.008767999605347972
22770,1829.52,114,73,71,MIRROR CORNICE,Merchandise,True,0.008752499311408053
21391,1828.73,1421,181,175,FRENCH LAVENDER SCENT HEART,Merchandise,True,0.008748719918749863
21158,1827.85,2606,328,310,MOODY GIRL DOOR HANGER ,Merchandise,True,0.00874450996237112
85164B,1825.1799999999998,140,65,65,BLACK BAROQUE CUCKOO CLOCK,Merchandise,True,0.008731736571994704
72816,1823.84,1454,151,136,SET/3 CHRISTMAS DECOUPAGE CANDLES,Merchandise,True,0.008725325956599798
84327A,1820.27,959,123,123,PINK JUMPER LARRY THE LAMB,Merchandise,True,0.00870824692901785
22922,1819.8,2109,116,113,FRIDGE MAGNETS US DINER ASSORTED,Merchandise,True,0.008705998429588293
21088,1816.73,16615,137,136,SET/6 FRUIT SALAD PAPER CUPS,Merchandise,True,0.008691311422676087
23148,1816.3100000000002,2139,254,247,MINIATURE ANTIQUE ROSE HOOK IVORY,Merchandise,True,0.008689302125313504
21384,1810.1899999999998,1917,152,150,IVORY HANGING DECORATION  BUTTERFLY,Merchandise,True,0.008660023792315875
90167,1809.67,2207,112,111,BEADED LOVE HEART JEWELLERY SET,Merchandise,True,0.008657536090819347
22254,1807.21,1410,151,148,FELT TOADSTOOL LARGE,Merchandise,True,0.008645767349124223
22422,1803.99,2785,375,354,TOOTHPASTE TUBE PEN,Merchandise,True,0.008630362736011093
47566b,1803.61,217,116,113,TEA TIME PARTY BUNTING,Merchandise,True,0.008628544800302089
21280,1800.44,3333,70,70,VINTAGE KITCHEN PRINT VEGETABLES,Merchandise,True,0.008613379389255934
23160,1794.48,1450,76,76,REGENCY TEA SPOON,Merchandise,True,0.008584866502872624
21529,1790.44,503,152,152,RETRO SPOT CERAMIC TOASTRACK,Merchandise,True,0.008565538975861119
22975,1788.51,1322,210,193,SPACEBOY CHILDRENS EGG CUP,Merchandise,True,0.008556305776075919
21163,1788.3,2817,270,253,DO NOT TOUCH MY STUFF DOOR HANGER ,Merchandise,True,0.008555301127394627
47591B,1787.25,1109,294,281,SCOTTIES CHILDRENS APRON,Merchandise,True,0.008550277883988173
85127,1785.46,289,87,81,SMALL SQUARE CUT GLASS CANDLESTICK,Merchandise,True,0.008541714449990502
37343,1782.2,1123,107,104,SPOTS DESIGN MUG W PINK INSIDE,Merchandise,True,0.008526118475223792
84748,1781.1200000000001,1170,94,93,FOLK FELT HANGING MULTICOL GARLAND,Merchandise,True,0.008520951710577152
20729,1778.12,5262,121,121,RED SPOTTY CANDY BAG,Merchandise,True,0.008506599586558706
23317,1777.46,173,82,82,BLUE REFECTORY CLOCK ,Merchandise,True,0.00850344211927465
22209,1777.1000000000001,1428,261,257,WOOD STAMP SET HAPPY BIRTHDAY,Merchandise,True,0.008501719864392437
21662,1776.6100000000001,273,110,106,VINTAGE GLASS COFFEE CADDY,Merchandise,True,0.008499375684136092
21548,1776.1200000000001,682,108,107,CERAMIC BIRDHOUSE FINCH BLUE ROOF,Merchandise,True,0.008497031503879746
21294,1773.75,2342,143,139,ETCHED GLASS COASTER,Merchandise,True,0.008485693325905175
21205,1772.3899999999999,677,152,144,MULTICOLOUR 3D BALLS GARLAND,Merchandise,True,0.008479187029683479
22446,1772.03,624,191,186,PIN CUSHION BABUSHKA PINK,Merchandise,True,0.008477464774801265
23057,1768.67,773,45,45,BEADED CHANDELIER T-LIGHT HOLDER,Merchandise,True,0.008461390395900608
84535B,1766.53,2711,341,327,FAIRY CAKES NOTEBOOK A6 SIZE,Merchandise,True,0.008451152547434119
22546,1765.8999999999999,4381,184,181,MINI JIGSAW PURDEY,Merchandise,True,0.008448138601390244
84507B,1764.03,1349,116,115,STRIPES DESIGN MONKEY DOLL,Merchandise,True,0.008439192444085414
21000,1762.67,695,99,94,ROSE DU SUD COSMETICS BAG,Merchandise,True,0.00843268614786372
22103,1760.64,1746,71,71,MIRROR MOSAIC T-LIGHT HOLDER ROUND,Merchandise,True,0.008422974543944573
21927,1758.24,1284,194,192,BLUE/CREAM STRIPE CUSHION COVER ,Merchandise,True,0.008411492844729817
10125,1755.65,2148,178,167,MINI FUNKY DESIGN TAPES,Merchandise,True,0.008399102177660562
21189,1752.64,813,130,123,WHITE HONEYCOMB PAPER GARLAND ,Merchandise,True,0.008384702213228722
23372,1750.29,1389,151,147,SET 36 COLOUR PENCILS DOLLY GIRL,Merchandise,True,0.00837345971608094
21652,1747.9399999999998,896,79,78,GLASS ETCHED T-LIGHT HOLDER MEDIUM,Merchandise,True,0.008362217218933158
21281,1747.28,3689,71,67,VINTAGE KITCHEN PRINT SEAFOOD,Merchandise,True,0.008359059751649101
20767,1746.71,814,181,179,BLUE PAISLEY JOURNAL ,Merchandise,True,0.008356332848085598
21780,1745.8500000000001,203,32,32,MA CAMPAGNE 4 DRAWER WALL SHELF,Merchandise,True,0.008352218572533644
85060,1745.62,1448,88,87,WOOD FAN WITH FLOWER DESIGN,Merchandise,True,0.008351118243025561
23399,1745.55,1914,234,225,HOME SWEET HOME HANGING HEART,Merchandise,True,0.008350783360131798
84843,1742.96,282,112,110,WHITE SOAP RACK WITH 2 BOTTLES,Merchandise,True,0.008338392693062541
21637,1741.72,1358,93,93,ASSORTED SANSKRIT MINI NOTEBOOK,Merchandise,True,0.008332460481801585
21760,1740.0,15,13,12,FRENCH STYLE WALL DRESSER,Merchandise,True,0.008324231930697677
23101,1739.63,2031,214,213,SILVER STARS TABLE DECORATION,Merchandise,True,0.008322461835402068
22035,1737.98,4097,364,360,VINTAGE CARAVAN GREETING CARD ,Merchandise,True,0.008314568167191923
23096,1736.69,1033,146,146,PETIT TRAY CHIC,Merchandise,True,0.008308396753863993
23244,1733.9799999999998,936,112,112,ROUND STORAGE TIN VINTAGE LEAF,Merchandise,True,0.008295432001833997
23181,1733.57,201,82,82,BULL DOG BOTTLE TOP WALL CLOCK,Merchandise,True,0.00829347054488481
21275,1731.43,250,56,55,ZINC TOP  2 DOOR WOODEN SHELF ,Merchandise,True,0.00828323269641832
37342,1731.4,1629,132,131,POLKADOT COFFEE CUP & SAUCER PINK,Merchandise,True,0.008283089175178136
21895,1731.35,557,88,85,POTTING SHED SOW 'N' GROW SET,Merchandise,True,0.008282849973111161
21090,1730.79,3109,280,278,SET/6 COLLAGE PAPER PLATES,Merchandise,True,0.00828017090996105
72817,1729.1,1590,229,214,SET OF 2 CHRISTMAS DECOUPAGE CANDLE,Merchandise,True,0.008272085880097329
22123,1729.0,660,170,166,PING MICROWAVE APRON,Merchandise,True,0.00827160747596338
22026,1728.4,4054,369,366,BANQUET BIRTHDAY  CARD  ,Merchandise,True,0.008268737051159693
23122,1726.09,2251,136,133,PARTY CHARMS 50 PIECES,Merchandise,True,0.008257685915665489
22706,1714.24,4272,127,125,WRAP COWBOYS  ,Merchandise,True,0.008200995025792635
21576,1711.5,742,210,205,LETS GO SHOPPING COTTON TOTE BAG,Merchandise,True,0.008187886752522456
22516,1711.1200000000001,842,167,162,CHILDS GARDEN RAKE BLUE,Merchandise,True,0.008186068816813453
22934,1707.47,589,78,78,BAKING MOULD EASTER EGG WHITE CHOC,Merchandise,True,0.008168607065924345
23073,1706.5,143,61,61,GEORGIAN TRINKET BOX,Merchandise,True,0.008163966545825048
20990,1706.1399999999999,895,106,103,SPRING FLOWER CHOPSTICKS SET/5,Merchandise,True,0.008162244290942835
22319,1705.8400000000001,2999,175,174,HAIRCLIPS FORTIES FABRIC ASSORTED,Merchandise,True,0.008160809078540991
20996,1705.28,6337,342,335,JAZZ HEARTS ADDRESS BOOK,Merchandise,True,0.00815813001539088
22673,1703.77,1347,200,195,FRENCH GARDEN SIGN BLUE METAL,Merchandise,True,0.008150906112968264
21251,1701.66,598,134,132,DINOSAUR HEIGHT CHART STICKER SET,Merchandise,True,0.008140811785741959
22679,1699.44,1265,232,230,FRENCH BLUE METAL DOOR SIGN 4,Merchandise,True,0.008130191213968309
84795A,1696.02,208,71,70,PASTEL STRIPE HAMMOCK ,Merchandise,True,0.008113829792587283
82615,1695.77,618,91,90,PINK MARSHMALLOW SCARF KNITTING KIT,Merchandise,True,0.008112633782252413
23214,1695.04,789,104,103,JINGLE BELL HEART ANTIQUE GOLD,Merchandise,True,0.008109141432074592
21284,1692.3600000000001,1560,142,140,RETROSPOT CANDLE  SMALL,Merchandise,True,0.008096320201284781
17129F,1691.22,1584,149,145,BLUE GLASS GEMS IN BAG,Merchandise,True,0.008090866394157773
21157,1688.45,713,185,176,RED SPOTTY WASHBAG,Merchandise,True,0.008077614599647408
85039A,1687.93,1464,258,251,SET/4 RED MINI ROSE CANDLE IN BOWL,Merchandise,True,0.008075126898150879
85131A,1686.8799999999999,2082,204,199,BEADED PEARL HEART WHITE ON STICK,Merchandise,True,0.008070103654744422
85221,1685.46,3558,48,47,ASSORTED COLOUR SILK COIN PURSE,Merchandise,True,0.00806331031604236
21446,1683.61,1266,246,232,12 RED ROSE PEG PLACE SETTINGS,Merchandise,True,0.008054459839564319
22323,1683.31,635,117,116,PINK POLKADOT KIDS BAG,Merchandise,True,0.008053024627162475
18098c,1682.01,332,142,135,PORCELAIN BUTTERFLY OIL BURNER,Merchandise,True,0.008046805373421149
23368,1679.55,2379,236,232,SET 12 COLOUR PENCILS DOLLY GIRL ,Merchandise,True,0.008035036631726023
46776F,1675.73,487,157,157,WOVEN ROSE GARDEN CUSHION COVER ,Merchandise,True,0.008016761593809206
21382,1674.51,1241,154,152,SET/4 SPRING FLOWER DECORATION,Merchandise,True,0.008010925063375038
84913B,1672.3700000000001,442,210,200,MINT GREEN ROSE TOWEL,Merchandise,True,0.008000687214908547
35809A,1670.99,1138,179,177,ENAMEL PINK TEA CONTAINER,Merchandise,True,0.007994085237860063
85049a,1669.64,499,53,51,TRADITIONAL CHRISTMAS RIBBONS,Merchandise,True,0.007987626782051765
23366,1667.95,2249,198,195,SET 12 COLOURING PENCILS DOILY,Merchandise,True,0.007979541752188039
22410,1667.46,1363,198,198,MONEY BOX HOUSEKEEPING DESIGN,Merchandise,True,0.007977197571931695
21694,1663.9600000000003,580,73,70,SMALL REGAL  SILVER CANDLEPOT ,Merchandise,True,0.007960453427243509
21633,1663.11,175,72,72,SUNFLOWER DECORATIVE PARASOL,Merchandise,True,0.007956386992104948
21162,1660.6899999999998,2404,289,285,TOXIC AREA  DOOR HANGER ,Merchandise,True,0.007944809612063404
21278,1654.45,2758,119,118,VINTAGE KITCHEN PRINT PUDDINGS,Merchandise,True,0.007914957194105041
35241,1651.49,312,133,130,ENAMEL BLUE RIM BISCUIT BIN,Merchandise,True,0.007900796431740175
23505,1651.29,1200,117,115,PLAYING CARDS I LOVE LONDON ,Merchandise,True,0.007899839623472278
22025,1650.93,3987,291,288,RING OF ROSES BIRTHDAY CARD,Merchandise,True,0.007898117368590066
21426,1649.17,1029,102,99,WOODLAND STORAGE BOX SMALL,Merchandise,True,0.00788969745583258
23273,1649.05,969,113,112,HEART T-LIGHT HOLDER WILLIE WINKIE,Merchandise,True,0.007889123370871842
21448,1648.48,959,218,211,12 DAISY PEGS IN WOOD BOX,Merchandise,True,0.007886396467308337
23270,1646.32,1174,128,125,SET OF 2 CERAMIC PAINTED HEARTS ,Merchandise,True,0.007876062938015056
21332,1644.17,270,50,50,MOROCCAN BEATEN METAL MIRROR,Merchandise,True,0.007865777249135172
21645,1642.65,969,135,133,ASSORTED TUTTI FRUTTI ROUND BOX,Merchandise,True,0.007858505506299159
85036C,1641.77,881,134,128,ROSE 1 WICK MORRIS BOXED CANDLE,Merchandise,True,0.007854295549920415
21545,1640.1200000000001,697,83,82,CERAMIC BIRDHOUSE BUTTERFLY SMALL,Merchandise,True,0.007846401881710272
37441,1639.8,700,54,54,ASSORTED WHITE EMBOSSED CHINA MUGS,Merchandise,True,0.007844870988481637
21286,1638.19,1009,103,101,RETROSPOT CANDLE  LARGE,Merchandise,True,0.007837168681925072
21279,1637.01,3530,104,101,VINTAGE KITCHEN PRINT FRUITS,Merchandise,True,0.007831523513144485
85180A,1636.42,629,100,99,RED HEARTS LIGHT CHAIN ,Merchandise,True,0.00782870092875419
23483,1636.36,1328,74,73,HANGING  BUTTERFLY T-LIGHT HOLDER,Merchandise,True,0.007828413886273821
21541,1636.24,1907,203,201,DINOSAURS WATER TRANSFER TATTOOS ,Merchandise,True,0.007827839801313083
23348,1633.81,746,170,168,CHILDRENS TOY COOKING UTENSIL SET,Merchandise,True,0.007816214580858143
20802,1630.05,1067,119,116,SMALL GLASS SUNDAE DISH CLEAR,Merchandise,True,0.007798226585421694
21593,1629.31,1391,96,94,SWALLOW CIGAR BOX MATCHES ,Merchandise,True,0.007794686394830477
21283,1629.2,512,82,81,NATURAL BARK CANDLE SMALL,Merchandise,True,0.007794160150283134
23391,1628.17,389,88,87, I LOVE LONDON MINI BACKPACK,Merchandise,True,0.0077892325877034685
48195,1627.99,269,87,87,DOOR MAT GREEN PAISLEY ,Merchandise,True,0.007788371460262362
21656,1627.98,989,142,140,RIDGED GLASS POSY VASE ,Merchandise,True,0.007788323619848967
21793,1627.3600000000001,353,103,102,CLASSIC FRENCH STYLE BASKET BROWN,Merchandise,True,0.0077853575142184895
84619,1622.96,72,29,29,BLUE GINGHAM ROSE QUILT ,Merchandise,True,0.00776430773232477
21837,1622.64,244,91,91,CROSS STITCH ALPHABET CUSHION COVER,Merchandise,True,0.007762776839096137
22705,1620.36,3858,156,151,WRAP GREEN PEARS ,Merchandise,True,0.007751869224842119
22106,1620.34,515,83,79,MIRROR MOSAIC HURRICANE LAMP ,Merchandise,True,0.0077517735440153284
84919,1619.84,291,43,43,BLUE CUSHION COVER WITH FLOWER,Merchandise,True,0.007749381523345588
21801,1618.71,3753,275,258,CHRISTMAS TREE DECORATION WITH BELL,Merchandise,True,0.007743975556631974
22099,1614.23,2144,306,291,CARAVAN SQUARE TISSUE BOX,Merchandise,True,0.007722543051431097
23280,1614.16,2023,158,157,FOLDING BUTTERFLY MIRROR HOT PINK ,Merchandise,True,0.007722208168537334
22260,1613.96,1571,253,241,FELT EGG COSY BLUE RABBIT ,Merchandise,True,0.007721251360269439
23217,1613.82,1309,99,97,LAUREL HEART ANTIQUE SILVER,Merchandise,True,0.007720581594481909
35471D,1611.9199999999998,2251,363,348,SET OF 3 BIRD LIGHT PINK FEATHER ,Merchandise,True,0.007711491915936895
21675,1610.6399999999999,1817,276,268,BUTTERFLIES STICKERS,Merchandise,True,0.0077053683430223585
23462,1607.04,80,46,46,ROCOCO WALL MIRROR WHITE,Merchandise,True,0.007688145794200226
22912,1606.98,338,119,108,YELLOW COAT RACK PARIS FASHION,Merchandise,True,0.007687858751719858
35810A,1604.74,1205,172,171,ENAMEL PINK COFFEE CONTAINER,Merchandise,True,0.007677142499119419
23287,1603.3899999999999,1879,200,198,RED VINTAGE SPOT BEAKER,Merchandise,True,0.007670684043311119
21849,1602.08,658,143,134,SILVER DIAMANTE PEN IN GIFT BOX,Merchandise,True,0.007664416949156398
21542,1600.75,1877,191,190,WOODLAND WATER TRANSFER TATTOOS ,Merchandise,True,0.007658054174174887
21383,1599.53,2218,331,323,PACK OF 12 STICKY BUNNIES,Merchandise,True,0.00765221764374072
22517,1597.8300000000002,808,154,152,CHILDS GARDEN RAKE PINK,Merchandise,True,0.007644084773463602
23226,1596.67,1247,99,98,FILIGREE HEART DAISY WHITE,Merchandise,True,0.007638535285509804
22786,1594.98,254,98,92,CUSHION COVER PINK UNION JACK,Merchandise,True,0.007630450255646081
21867,1591.6299999999999,1166,311,288,PINK UNION JACK  LUGGAGE TAG,Merchandise,True,0.007614423717158816
35160,1590.64,2180,56,56,BUDDHA INCENSE HOLDER ASSORTED,Merchandise,True,0.0076096875162327314
20735,1589.03,1545,214,202,BLACK MINI TAPE MEASURE ,Merchandise,True,0.007601985209676166
20902,1588.8,212,121,116,VINTAGE KEEPSAKE BOX PARIS DAYS,Merchandise,True,0.007600884880168085
85170A,1587.16,849,85,84,SET/6 IVORY BIRD T-LIGHT CANDLES,Merchandise,True,0.007593039052371336
20986,1584.84,1246,215,204,BLUE CALCULATOR RULER,Merchandise,True,0.007581940076463738
84536B,1583.91,3541,415,399,FAIRY CAKES NOTEBOOK A7 SIZE,Merchandise,True,0.007577490918018021
21579,1583.9099999999999,1038,141,136,LOLITA  DESIGN  COTTON TOTE BAG,Merchandise,True,0.007577490918018019
15056bl,1583.52,126,93,87,EDWARDIAN PARASOL BLACK,Merchandise,True,0.007575625141895624
23369,1581.06,1105,129,126,SET 36 COLOUR PENCILS LOVE LONDON,Merchandise,True,0.0075638564002004985
85222,1579.68,1406,52,50,ASSORTED COLOUR SILK COSMETIC PURSE,Merchandise,True,0.0075572544231520145
21925,1577.33,1213,170,167,UNION STRIPE CUSHION COVER ,Merchandise,True,0.0075460119260042325
22976,1576.57,1210,162,149,CIRCUS PARADE CHILDRENS EGG CUP ,Merchandise,True,0.007542376054586226
22608,1575.47,5736,171,170,PENS ASSORTED FUNKY JEWELED ,Merchandise,True,0.007537113609112797
72803A,1574.75,729,99,97,ROSE SCENT CANDLE JEWELLED DRAWER,Merchandise,True,0.0075336690993483705
21289,1573.06,1432,104,102,LARGE STRIPES CHOCOLATE GIFT BAG,Merchandise,True,0.007525584069484647
21631,1571.75,221,54,54,HIPPY CHIC DECORATIVE PARASOL,Merchandise,True,0.007519316975329926
21092,1571.5,12846,28,28,SET/6 STRAWBERRY PAPER PLATES,Merchandise,True,0.007518120964995057
20766,1571.09,523,162,155,GARDEN PATH SKETCHBOOK,Merchandise,True,0.007516159508045869
21711,1570.78,384,73,71,FOLDING UMBRELLA WHITE/RED POLKADOT,Merchandise,True,0.00751467645523063
22915,1570.76,3461,206,194,ASSORTED BOTTLE TOP  MAGNETS ,Merchandise,True,0.00751458077440384
15059A,1567.0,509,4,4,ENGLISH ROSE EDWARDIAN PARASOL,Merchandise,True,0.00749659277896739
84789,1566.01,446,125,124,ENCHANTED BIRD PLANT CAGE,Merchandise,True,0.007491856578041303
79323B,1565.7,242,58,58,BLACK CHERRY LIGHTS,Merchandise,True,0.007490373525226065
21550,1565.51,295,67,64,CERAMIC BIRDHOUSE CRESTED TIT LARGE,Merchandise,True,0.0074894645573715625
22681,1563.28,1169,194,189,FRENCH BLUE METAL DOOR SIGN 6,Merchandise,True,0.007478796145184519
21972,1560.82,1055,171,171,SET OF 36 DINOSAUR PAPER DOILIES,Merchandise,True,0.007467027403489394
85194L,1560.6299999999999,1818,147,147,HANGING SPRING FLOWER EGG LARGE,Merchandise,True,0.007466118435634892
21276,1558.94,677,29,29,TWO EMBOSSED HEART MINI DRAWERS,Merchandise,True,0.00745803340577117
23524,1557.63,481,63,63,WALL ART HORSE & PONY ,Merchandise,True,0.00745176631161645
85036B,1555.6599999999999,604,88,87,CHOCOLATE 1 WICK MORRIS BOX CANDLE,Merchandise,True,0.00744234175017767
21399,1554.6399999999999,2380,119,118,BLUE POLKADOT COFFEE MUG,Merchandise,True,0.007437462028011399
22337,1550.96,2509,156,146,ANGEL DECORATION PAINTED ZINC ,Merchandise,True,0.007419856755882108
75131,1549.77,1220,71,68,METAL TUBE CHIME ON BAMBOO,Merchandise,True,0.007414163746688125
21002,1547.54,429,190,184,ROSE DU SUD DRAWSTRING BAG,Merchandise,True,0.007403495334501081
21851,1544.62,644,158,149,LILAC DIAMANTE PEN IN GIFT BOX,Merchandise,True,0.007389525933789796
16033,1544.52,15121,50,50,MINI HIGHLIGHTER PENS,Merchandise,True,0.007389047529655847
22982,1543.77,1154,212,212,PANTRY PASTRY BRUSH,Merchandise,True,0.007385459498651235
21610,1543.67,542,98,97,SET 12 PEAR BOTANICAL T-LIGHTS,Merchandise,True,0.007384981094517289
20768,1541.8400000000001,770,151,149,GREEN FERN JOURNAL ,Merchandise,True,0.007376226298866038
84795D,1538.79,189,83,83,SEASIDE STRIPE HAMMOCK,Merchandise,True,0.007361634972780619
22322,1536.51,1622,276,272,BIRD DECORATION GREEN POLKADOT,Merchandise,True,0.007350727358526601
22288,1536.03,1314,129,119,HANGING METAL RABBIT DECORATION,Merchandise,True,0.007348431018683651
20893,1535.39,667,80,76,HANGING BAUBLE T-LIGHT HOLDER SMALL,Merchandise,True,0.007345369232226382
85177,1533.28,1837,148,143,BASKET OF FLOWERS SEWING KIT,Merchandise,True,0.007335274905000076
85136C,1533.27,189,129,122,RED SHARK HELICOPTER,Merchandise,True,0.007335227064586681
23267,1531.95,1202,111,108,SET OF 4 SANTA PLACE SETTINGS,Merchandise,True,0.007328912130018566
72008,1531.4,3819,220,215,FROSTED BOX 9 WHITE T-LIGHT CANDLES,Merchandise,True,0.007326280907281851
23250,1531.03,1179,110,110,VINTAGE RED TRIM ENAMEL BOWL ,Merchandise,True,0.007324510811986243
22682,1526.88,1168,185,182,FRENCH BLUE METAL DOOR SIGN 7,Merchandise,True,0.007304657040427397
21282,1522.28,356,69,69,NATURAL BARK CANDLE LARGE,Merchandise,True,0.00728265045026578
84659A,1522.22,609,233,224,WHITE TRAVEL ALARM CLOCK,Merchandise,True,0.007282363407785412
85125,1520.19,313,64,62,SMALL ROUND CUT GLASS CANDLESTICK,Merchandise,True,0.007272651803866265
21785,1517.9899999999998,2008,104,100,RAIN PONCHO ,Merchandise,True,0.007262126912919404
21099,1516.64,13290,34,33,SET/6 STRAWBERRY PAPER CUPS,Merchandise,True,0.007255668457111107
22340,1514.41,1800,185,184,NOEL GARLAND PAINTED ZINC ,Merchandise,True,0.007245000044924062
21146,1513.6699999999998,789,58,58,ANTIQUE GLASS RIDGED HANGING BALL,Merchandise,True,0.007241459854332845
21634,1512.76,1773,71,69,ASSORTED MINI MADRAS NOTEBOOK,Merchandise,True,0.007237106376713918
21661,1511.3100000000002,239,99,98,VINTAGE GLASS TEA CADDY,Merchandise,True,0.0072301695167716696
22137,1511.23,607,44,43,BATHROOM SET LOVE HEART DESIGN,Merchandise,True,0.007229786793464511
22683,1509.18,1135,195,190,FRENCH BLUE METAL DOOR SIGN 8,Merchandise,True,0.007219979508718574
23528,1504.49,479,50,50,WALL ART SPACEBOY,Merchandise,True,0.007197542354836406
84856L,1504.15,239,82,81,LARGE TAHITI BEACH BAG,Merchandise,True,0.007195915780780982
84526,1503.6399999999999,538,34,34,GIANT BLACK SUNGLASSES,Merchandise,True,0.007193475919697847
85159B,1503.5,659,88,88,"WHITE TEA,COFFEE,SUGAR JARS",Merchandise,True,0.007192806153910319
21190,1500.3899999999999,918,118,111,PINK HEARTS PAPER GARLAND,Merchandise,True,0.007177927785344532
21066,1499.69,2286,133,131,VINTAGE RED MUG,Merchandise,True,0.007174578956406895
21051,1498.78,758,132,127,RIBBONS PURSE ,Merchandise,True,0.007170225478787967
23271,1496.8899999999999,1731,106,104,CHRISTMAS TABLE SILVER CANDLE SPIKE,Merchandise,True,0.007161183640656346
22815,1496.28,3496,346,340,CARD PSYCHEDELIC APPLES,Merchandise,True,0.007158265375439264
21739,1496.1000000000001,509,182,177,COSY SLIPPER SHOES SMALL GREEN,Merchandise,True,0.007157404247998157
21199,1495.7,1305,150,149,PINK  HEART CONFETTI IN TUBE,Merchandise,True,0.0071554906314623655
21807,1495.57,3395,188,172,WHITE CHRISTMAS STAR DECORATION,Merchandise,True,0.007154868706088232
21009,1494.99,1047,105,102,ETCHED GLASS STAR TREE DECORATION,Merchandise,True,0.007152093962111333
85160A,1493.75,8816,32,32,WHITE BIRD GARDEN DESIGN MUG,Merchandise,True,0.0071461617508503765
85167B,1493.53,727,64,59,BLACK GRAND BAROQUE PHOTO FRAME,Merchandise,True,0.00714510926175569
22052,1492.0,3600,131,128,VINTAGE CARAVAN GIFT WRAP,Merchandise,True,0.007137789678506283
23334,1491.75,2271,136,130,IVORY WICKER HEART SMALL,Merchandise,True,0.007136593668171413
20734,1485.6799999999998,1598,120,117,SILVER MINI TAPE MEASURE ,Merchandise,True,0.00710755453724076
22393,1484.67,839,124,120,PAPERWEIGHT VINTAGE COLLAGE,Merchandise,True,0.007102722655487884
21392,1484.43,7548,51,48,RED SPOTTY PUDDING BOWL,Merchandise,True,0.007101574485566409
85055,1484.31,369,114,107,FRENCH ENAMEL UTENSIL HOLDER,Merchandise,True,0.00710100040060567
23559,1482.41,649,124,124,WOODLAND BUNNIES LOLLY MAKERS,Merchandise,True,0.007091910722060657
84997a,1481.78,178,81,81,CHILDRENS CUTLERY POLKADOT GREEN ,Merchandise,True,0.007088896776016782
84510B,1481.05,1171,152,147,SET OF 4 FAIRY CAKES COASTERS ,Merchandise,True,0.007085404425838962
79030G,1478.97,1754,123,121,"TUMBLER, NEW ENGLAND",Merchandise,True,0.00707545361985284
20733,1477.7,1957,306,294,GOLD MINI TAPE MEASURE ,Merchandise,True,0.007069377887351699
23392,1475.03,662,114,113,SPACEBOY ROCKET LOLLY MAKERS,Merchandise,True,0.007056604496975283
22157,1474.35,1725,130,124,ANGEL DECORATION WITH LACE PADDED,Merchandise,True,0.007053351348864436
21065,1473.18,610,124,118,BOOM BOX SPEAKER GIRLS,Merchandise,True,0.007047754020497243
84616,1472.62,72,25,25,SILVER ROCCOCO CHANDELIER,Merchandise,True,0.007045074957347133
21198,1472.3,1282,119,118,WHITE HEART CONFETTI IN TUBE,Merchandise,True,0.007043544064118498
35965,1470.26,643,181,174,FOLKART HEART NAPKIN RINGS,Merchandise,True,0.007033784619785957
21869,1469.5800000000002,1264,112,111,POTTING SHED COFFEE MUG,Merchandise,True,0.00703053147167511
85198,1469.5,3859,53,51,ASSORTED FARMYARD ANIMALS IN BUCKET,Merchandise,True,0.007030148748367951
84637,1467.21,586,115,114,KITCHEN FLOWER POTS WALL PLAQUE,Merchandise,True,0.0070191932937005395
21410,1466.75,313,151,150,COUNTRY COTTAGE  DOORSTOP GREEN,Merchandise,True,0.007016992634684377
35637A,1464.58,552,54,53,IVORY STRING CURTAIN WITH POLE ,Merchandise,True,0.007006611264977703
21317,1464.42,358,77,74,GLASS SPHERE CANDLE STAND MEDIUM,Merchandise,True,0.007005845818363386
21644,1463.97,1089,144,137,ASSORTED TUTTI FRUTTI HEART BOX,Merchandise,True,0.0070036929997606195
22390,1463.82,819,84,83,PAPERWEIGHT CHILDHOOD MEMORIES,Merchandise,True,0.007002975393559697
23365,1463.08,1857,173,169,SET 12 COLOUR PENCILS LOVE LONDON,Merchandise,True,0.006999435202968481
21159,1462.77,2117,252,250,MOODY BOY  DOOR HANGER ,Merchandise,True,0.006997952150153241
47591d,1461.6,290,74,72,PINK FAIRY CAKE CHILDRENS APRON,Merchandise,True,0.006992354821786047
23470,1460.5,232,84,84,CARD HOLDER LOVE BIRD LARGE ,Merchandise,True,0.006987092376312618
20761,1460.2,466,152,146,BLUE PAISLEY SKETCHBOOK,Merchandise,True,0.006985657163910774
85135C,1459.8300000000002,179,123,111,RED DRAGONFLY HELICOPTER,Merchandise,True,0.006983887068615167
22929,1459.75,23,17,17,SCHOOL DESK AND CHAIR ,Merchandise,True,0.006983504345308007
22093,1457.3799999999999,2367,283,275,MOTORING TISSUE BOX,Merchandise,True,0.006972166167333436
85098B,1456.94,366,115,114,BLUE FLYING SINGING CANARY,Merchandise,True,0.006970061189144065
22228,1456.6,1727,278,275,BUNNY WOODEN PAINTED WITH BIRD ,Merchandise,True,0.0069684346150886405
23086,1451.43,1225,47,47,ZINC  STAR T-LIGHT HOLDER ,Merchandise,True,0.006943701121363523
21292,1450.9099999999999,2477,93,91,SMALL STRIPES CHOCOLATE GIFT BAG ,Merchandise,True,0.006941213419866991
22316,1450.32,1271,122,119,200 BENDY SKULL STRAWS,Merchandise,True,0.006938390835476697
23034,1448.6699999999998,979,90,88,DRAWER KNOB CERAMIC BLACK,Merchandise,True,0.006930497167266552
22396,1448.35,1910,189,184,MAGNETS PACK OF 4 RETRO PHOTO,Merchandise,True,0.006928966274037918
84596G,1447.83,2231,357,348,SMALL CHOCOLATES PINK BOWL,Merchandise,True,0.006926478572541388
35004G,1444.9099999999999,363,78,76,SET OF 3 GOLD FLYING DUCKS,Merchandise,True,0.006912509171830102
22817,1442.49,3407,359,355,CARD SUKI BIRTHDAY,Merchandise,True,0.006900931791788558
84313C,1442.3899999999999,548,73,73,ORANGE TV TRAY TABLE ,Merchandise,True,0.006900453387654609
22287,1435.75,1340,121,121,"DECORATION , WOBBLY CHICKEN, METAL ",Merchandise,True,0.006868687353160452
22249,1434.6599999999999,1636,248,243,DECORATION WHITE CHICK MAGIC GARDEN,Merchandise,True,0.006863472748100418
22545,1433.95,3480,190,184,MINI JIGSAW BUNNIES,Merchandise,True,0.006860076078749386
85071A,1433.39,1913,150,147,BLUE CHARLIE+LOLA PERSONAL DOORSIGN,Merchandise,True,0.0068573970155992765
20801,1432.12,1094,116,111,LARGE PINK GLASS SUNDAE DISH,Merchandise,True,0.006851321283098136
22819,1431.6,3379,333,331,"BIRTHDAY CARD, RETRO SPOT",Merchandise,True,0.006848833581601605
23527,1428.56,420,48,48,WALL ART ANIMALS AND NATURE ,Merchandise,True,0.006834290095929582
20840,1428.4099999999999,886,95,93,FRENCH FLORAL CUSHION COVER ,Merchandise,True,0.006833572489728658
23249,1426.1000000000001,842,81,81,VINTAGE RED ENAMEL TRIM PLATE,Merchandise,True,0.0068225213542344575
85169A,1423.33,1281,160,151,IVORY LOVE BIRD CANDLE,Merchandise,True,0.006809269559724094
15034,1422.45,10182,262,255,PAPER POCKET TRAVELING FAN ,Merchandise,True,0.006805059603345351
21358,1421.22,1146,226,222,TOAST ITS - HAPPY BIRTHDAY,Merchandise,True,0.006799175232497788
21822,1420.06,1048,150,142,GLITTER CHRISTMAS TREE WITH BELLS,Merchandise,True,0.006793625744543989
21532,1419.71,1387,92,90,DAIRY MAID SUGAR JAM BOWL,Merchandise,True,0.006791951330075171
22917,1418.42,2034,266,252,HERB MARKER ROSEMARY,Merchandise,True,0.00678577991674724
20780,1417.25,247,105,98,BLACK EAR MUFF HEADPHONES,Merchandise,True,0.006780182588380047
21828,1414.18,1113,189,180,EIGHT PIECE SNAKE  SET,Merchandise,True,0.00676549558146784
85135B,1413.0,174,134,115,BLUE DRAGONFLY HELICOPTER,Merchandise,True,0.00675985041268725
85032D,1411.48,1190,146,133,YULETIDE IMAGES GIFT WRAP SET,Merchandise,True,0.006752578669851239
22756,1409.72,1215,223,215,LARGE YELLOW BABUSHKA NOTEBOOK ,Merchandise,True,0.006744158757093752
22924,1407.48,1563,103,95,FRIDGE MAGNETS LA VIE EN ROSE,Merchandise,True,0.0067334425044933135
85017B,1407.3899999999999,2251,327,317,ENVELOPE 50 BLOSSOM IMAGES,Merchandise,True,0.00673301194077276
22339,1406.85,3551,155,145,CHRISTMAS TREE PAINTED ZINC ,Merchandise,True,0.00673042855844944
90200D,1406.22,335,155,150,PINK SWEETHEART BRACELET,Merchandise,True,0.0067274146124055665
22685,1405.87,1087,163,160,FRENCH BLUE METAL DOOR SIGN 0,Merchandise,True,0.006725740197936748
47503A,1405.51,2853,200,195,ASS FLORAL PRINT MULTI SCREWDRIVER,Merchandise,True,0.006724017943054534
23104,1405.42,118,46,46,IVORY CAFE HANGING LAMP ,Merchandise,True,0.006723587379333982
23119,1401.7,2282,151,151,PACK OF 6 LARGE FRUIT STRAWS ,Merchandise,True,0.00670579074555111
21395,1401.6,2968,115,115,BLUE POLKADOT BEAKER ,Merchandise,True,0.006705312341417162
85087,1401.1100000000001,421,147,146,CANDY SPOT CUSHION COVER,Merchandise,True,0.0067029681611608175
21011,1399.8999999999999,1858,128,118,GLITTER SNOW PEAR TREE DECORATION,Merchandise,True,0.006697179471140044
21910,1399.83,1067,112,111,WAY OUT METAL SIGN ,Merchandise,True,0.00669684458824628
22977,1396.41,1060,153,140,DOLLY GIRL CHILDRENS EGG CUP,Merchandise,True,0.006680483166865254
22916,1396.0900000000001,2003,268,249,HERB MARKER THYME,Merchandise,True,0.006678952273636621
21684,1395.74,1735,109,104,SMALL MEDINA STAMPED METAL BOWL ,Merchandise,True,0.006677277859167802
23055,1395.18,657,40,38,IVORY CHANDELIER T-LIGHT HOLDER,Merchandise,True,0.006674598796017692
23040,1394.03,253,43,41,PAPER LANTERN 9 POINT SNOW STAR ,Merchandise,True,0.0066690971484772875
22923,1392.21,1662,97,90,FRIDGE MAGNETS LES ENFANTS ASSORTED,Merchandise,True,0.006660390193239432
21738,1390.5100000000002,442,146,131,COSY SLIPPER SHOES SMALL  RED ,Merchandise,True,0.006652257322962315
84819,1389.51,913,97,95,DANISH ROSE ROUND SEWING BOX,Merchandise,True,0.006647473281622833
47503K,1389.44,3177,43,42,ASSORTED FLORAL SECATEURS,Merchandise,True,0.006647138398729069
84665,1388.5,230,48,47,SQUARE CHERRY BLOSSOM CABINET,Merchandise,True,0.006642641399869956
22250,1387.94,1524,264,257,DECORATION  BUTTERFLY  MAGIC GARDEN,Merchandise,True,0.006639962336719847
35957,1387.74,3775,161,148,SMALLFOLKART BAUBLE CHRISTMAS DEC,Merchandise,True,0.00663900552845195
84562A,1386.21,170,80,78,PINK/WHITE RIBBED MELAMINE JUG,Merchandise,True,0.006631685945202544
46776B,1386.07,432,156,153,WOVEN BERRIES CUSHION COVER ,Merchandise,True,0.006631016179415016
84685,1385.16,438,128,125,BEACH HUT KEY CABINET,Merchandise,True,0.0066266627017960884
23376,1384.9099999999999,3039,159,155,PACK OF 12 VINTAGE CHRISTMAS TISSUE,Merchandise,True,0.006625466691461216
35599D,1384.21,409,106,103,PINK AND WHITE CHRISTMAS TREE 120CM,Merchandise,True,0.006622117862523581
21285,1383.67,1012,101,99,RETROSPOT CANDLE  MEDIUM,Merchandise,True,0.006619534480200261
22984,1381.66,3374,217,214,CARD GINGHAM ROSE ,Merchandise,True,0.0066099185571079026
20762,1381.53,466,142,136,GREEN FERN SKETCHBOOK ,Merchandise,True,0.00660929663173377
84396,1380.52,552,50,49,6 HOOK JEWELLERY STAND BLACK DRESS,Merchandise,True,0.006604464749980894
21530,1379.2800000000002,963,169,162,DAIRY MAID TOASTRACK,Merchandise,True,0.006598532538719937
23414,1378.75,141,64,64,ZINC BOX SIGN HOME,Merchandise,True,0.006595996996810013
20866,1377.69,1284,195,191,BLUE ROSE FABRIC MIRROR,Merchandise,True,0.006590925912990161
20704,1371.42,361,80,80,MR ROBOT SOFT TOY,Merchandise,True,0.006560929973791613
21209,1369.69,1477,138,137,MULTICOLOUR HONEYCOMB FAN,Merchandise,True,0.006552653582274311
21059,1368.96,1620,223,221,PARTY INVITES DINOSAURS,Merchandise,True,0.006549161232096489
23000,1368.28,3169,279,278,TRAVEL CARD WALLET TRANSPORT,Merchandise,True,0.006545908083985641
23546,1365.0,3250,120,120,WRAP PAISLEY PARK ,Merchandise,True,0.006530216428392142
22050,1364.5,3325,116,115,PINK PAISLEY ROSE GIFT WRAP,Merchandise,True,0.006527824407722402
23221,1363.04,1536,149,145,REINDEER HEART DECORATION SILVER,Merchandise,True,0.0065208397073667585
35649,1362.8999999999999,1826,54,53,VINTAGE BEAD COSMETIC BAG ,Merchandise,True,0.0065201699415792305
22269,1360.21,1522,207,204,EGG CUP NATURAL CHICKEN,Merchandise,True,0.006507300870376026
84965B,1359.95,27,4,4,BLUE KASHMIRI COFFEE TABLE ,Merchandise,True,0.006506057019627761
35598D,1359.17,1764,112,103,PINK/WHITE CHRISTMAS TREE 60CM,Merchandise,True,0.006502325467382966
22918,1356.8700000000001,1968,267,249,HERB MARKER PARSLEY,Merchandise,True,0.006491322172302159
23469,1355.24,332,72,72,CARD HOLDER LOVE BIRD SMALL,Merchandise,True,0.006483524184918804
16235,1354.5,5906,323,310,RECYCLED PENCIL WITH RABBIT ERASER,Merchandise,True,0.006479983994327587
85071B,1352.96,2436,168,165,RED CHARLIE+LOLA PERSONAL DOORSIGN,Merchandise,True,0.006472616570664787
35962,1351.78,581,96,92,12 ASS ZINC CHRISTMAS DECORATIONS,Merchandise,True,0.006466971401884198
22684,1351.21,1017,169,162,FRENCH BLUE METAL DOOR SIGN 9,Merchandise,True,0.006464244498320694
17129D,1351.18,1125,39,39,CLEAR COLOUR GLASS GEMS IN BAG,Merchandise,True,0.006464100977080509
84466,1348.36,1256,73,73,TOP SECRET PEN SET,Merchandise,True,0.00645060998050317
21580,1347.6299999999999,550,175,172,RABBIT  DESIGN  COTTON TOTE BAG,Merchandise,True,0.006447117630325349
21775,1346.37,882,283,277,DECORATIVE FLORE BATHROOM BOTTLE,Merchandise,True,0.006441089738237603
22481,1346.06,1301,227,219,BLACK TEA TOWEL CLASSIC DESIGN,Merchandise,True,0.0064396066854223635
21945,1345.52,1891,253,240,STRAWBERRIES  DESIGN FLANNEL ,Merchandise,True,0.006437023303099044
47593B,1342.6399999999999,2366,369,356,SCOTTIE DOGS BABY BIB,Merchandise,True,0.006423245264041337
20798,1337.55,565,87,83,CLEAR MILKSHAKE GLASS,Merchandise,True,0.006398894493623378
85032A,1336.11,1447,162,161,ROMANTIC IMAGES GIFT WRAP SET,Merchandise,True,0.006392005474094524
20993,1334.1100000000001,10967,32,32,JAZZ HEARTS MEMO PAD,Merchandise,True,0.006382437391415563
23061,1332.68,1015,117,117,VINTAGE EMBOSSED HEART,Merchandise,True,0.006375596212300104
21277,1331.34,55,49,48,FRENCH STYLE EMBOSSED HEART CABINET,Merchandise,True,0.006369185596905197
22893,1330.5,2774,187,182,MINI CAKE STAND T-LIGHT HOLDER,Merchandise,True,0.006365167002180034
23538,1329.54,331,32,32,WALL ART VINTAGE HEART,Merchandise,True,0.00636057432249413
20933,1329.4900000000002,505,53,52,YELLOW POT PLANT CANDLE,Merchandise,True,0.006360335120427158
22701,1329.43,677,161,158,PINK DOG BOWL,Merchandise,True,0.006360048077946789
21219,1328.32,1028,183,176,SET/4 BADGES BALLOON GIRL,Merchandise,True,0.006354737792059964
22051,1328.0,3200,117,116,BLUE SCANDINAVIAN PAISLEY WRAP,Merchandise,True,0.00635320689883133
21926,1325.27,1009,147,147,RED/CREAM STRIPE CUSHION COVER ,Merchandise,True,0.006340146465974545
72818,1323.0,2439,140,127,CHRISTMAS DECOUPAGE CANDLE,Merchandise,True,0.006329286692133923
22761,1320.48,54,37,34,CHEST 7 DRAWER MA CAMPAGNE,Merchandise,True,0.00631723090795843
85200,1319.09,1045,106,105,BUNNY EGG BOX,Merchandise,True,0.00631058109049655
22232,1318.99,1109,158,158,JIGSAW TOADSTOOLS 3 PIECE,Merchandise,True,0.006310102686362602
35648,1318.15,1055,149,143,VINTAGE BEAD PINK PURSE ,Merchandise,True,0.006306084091637439
22181,1317.65,1567,146,138,SNOWSTORM PHOTO FRAME FRIDGE MAGNET,Merchandise,True,0.006303692070967698
20760,1317.06,5554,84,81,GARDEN PATH POCKET BOOK,Merchandise,True,0.006300869486577403
84569D,1316.31,1044,186,179,PACK 6 HEART/ICE-CREAM PATCHES,Merchandise,True,0.006297281455572791
21880,1314.24,2519,335,329,RED RETROSPOT TAPE,Merchandise,True,0.006287378490000066
84688,1313.52,422,81,81,BEACH HUT DESIGN BLACKBOARD,Merchandise,True,0.006283933980235639
23373,1313.3899999999999,1608,100,100,VINTAGE CHRISTMAS PAPER GIFT BAG,Merchandise,True,0.006283312054861506
72800B,1312.48,999,96,91, 4 PURPLE FLOCK DINNER CANDLES,Merchandise,True,0.006278958577242578
23405,1311.48,252,71,70,HOME SWEET HOME 2 DRAWER CABINET,Merchandise,True,0.006274174535903097
85170D,1311.09,727,155,151,SET/6 PINK BIRD T-LIGHT CANDLES,Merchandise,True,0.006272308759780698
21842,1308.74,551,47,47,PINK HEART CANDY BUTTON CALCULATOR,Merchandise,True,0.006261066262632917
82613D,1306.96,1196,278,271,METAL SIGN CUPCAKE SINGLE HOOK,Merchandise,True,0.00625255066904864
84609,1306.22,144,39,38,TALL ROCOCO CANDLE HOLDER,Merchandise,True,0.006249010478457424
22097,1304.26,2081,255,242,SWALLOW SQUARE TISSUE BOX,Merchandise,True,0.00623963375743204
85231G,1304.06,1496,269,253,ORANGE SCENTED SET/9 T-LIGHTS,Merchandise,True,0.006238676949164145
22543,1303.77,3298,123,118,MINI JIGSAW BAKE A CAKE ,Merchandise,True,0.006237289577175694
85025C,1302.53,728,132,125,PINK HEART SHAPE PHOTO FRAME,Merchandise,True,0.006231357365914738
20738,1301.72,1610,74,74,GREEN MINI TAPE MEASURE ,Merchandise,True,0.006227482292429759
21248,1299.55,1043,158,158,DOOR HANGER  MUM + DADS ROOM,Merchandise,True,0.006217100922723083
22105,1298.91,693,57,55,MIRROR MOSAIC GOBLET CANDLE HOLDER,Merchandise,True,0.006214039136265816
79191C,1295.46,1621,160,157,RETRO PLASTIC ELEPHANT TRAY,Merchandise,True,0.006197534193644604
16225,1295.18,1527,171,165,RATTLE SNAKE EGGS,Merchandise,True,0.00619619466206955
17091A,1294.6399999999999,2092,119,117,LAVENDER INCENSE IN TIN,Merchandise,True,0.006193611279746229
46776A,1291.65,408,122,121,WOVEN BUBBLE GUM CUSHION COVER,Merchandise,True,0.006179306996141181
22267,1291.47,1472,121,117,EASTER DECORATION EGG BUNNY ,Merchandise,True,0.006178445868700074
22258,1291.05,1342,133,131,FELT FARM ANIMAL RABBIT,Merchandise,True,0.006176436571337491
85006,1289.31,3049,37,37,SET 4 NURSERY DES ROUND BOXES,Merchandise,True,0.006168112339406793
20765,1287.56,448,152,146,CHRYSANTHEMUM SKETCHBOOK ,Merchandise,True,0.006159740267062701
84625A,1287.49,861,89,81,PINK NEW BAROQUECANDLESTICK CANDLE,Merchandise,True,0.006159405384168938
21063,1286.87,1492,241,238,PARTY INVITES JAZZ HEARTS,Merchandise,True,0.006156439278538459
85141,1286.44,182,73,71,JARDIN ETCHED GLASS FRUITBOWL,Merchandise,True,0.006154382140762482
46775E,1282.9,101,51,51,CANDY POP CHUNKY KNITTED THROW ,Merchandise,True,0.006137446634420719
20777,1280.97,3669,175,169,CHRYSANTHEMUM NOTEBOOK,Merchandise,True,0.006128213434635518
22214,1279.79,549,92,92,CANDLE PLATE LACE WHITE,Merchandise,True,0.00612256826585493
22919,1279.3400000000001,1829,264,248,HERB MARKER MINT,Merchandise,True,0.006120415447252164
84816,1278.3500000000001,33,20,20,DANISH ROSE BEDSIDE CABINET,Merchandise,True,0.006115679246326078
22389,1276.1200000000001,659,94,92,PAPERWEIGHT SAVE THE PLANET,Merchandise,True,0.006105010834139034
84658,1276.1100000000001,225,68,64,WHITE STITCHED CUSHION COVER,Merchandise,True,0.0061049629937256385
21425,1274.93,505,95,95,SKULLS STORAGE BOX LARGE,Merchandise,True,0.006099317824945051
21759,1274.47,30,13,13,METAL WALL SHELF UNIT WITH HOOKS,Merchandise,True,0.0060971171659288895
23072,1273.76,334,30,30,MARIE ANTOINETTE TRINKET BOX SILVER,Merchandise,True,0.006093720496577857
21689,1271.87,343,63,60,SILVER VANILLA  FLOWER CANDLE POT,Merchandise,True,0.006084678658446237
22268,1271.29,2554,245,236,EASTER DECORATION SITTING BUNNY,Merchandise,True,0.006081903914469338
21549,1270.39,547,52,51,CERAMIC BIRDHOUSE RED ROOF SMALL,Merchandise,True,0.006077598277263806
85163B,1268.6599999999999,115,66,66,BLACK BAROQUE WALL CLOCK ,Merchandise,True,0.006069321885746501
22808,1264.5300000000002,427,85,83,SET OF 6 T-LIGHTS EASTER CHICKS,Merchandise,True,0.006049563795014445
85159A,1261.68,494,83,82,"BLACK TEA,COFFEE,SUGAR JARS",Merchandise,True,0.006035929277196922
85136A,1261.1100000000001,155,118,106,YELLOW SHARK HELICOPTER,Merchandise,True,0.006033202373633418
77101A,1260.97,1086,90,88,UNION FLAG WINDSOCK,Merchandise,True,0.00603253260784589
79163,1260.6299999999999,1845,66,64,BLACK CHAMPAGNE GLASS,Merchandise,True,0.006030906033790466
21253,1260.6000000000001,341,126,122,SET OF PICTURE FRAME  STICKERS,Merchandise,True,0.006030762512550283
48173c,1259.39,78,39,37,DOORMAT BLACK FLOCK ,Merchandise,True,0.00602497382252951
40003,1258.27,1151,61,60,WHITE BAMBOO RIBS LAMPSHADE,Merchandise,True,0.00601961569622929
21145,1256.21,869,49,49,ANTIQUE GLASS PLACE SETTING,Merchandise,True,0.006009760571069958
20825,1255.08,361,7,7,GOLD WINE GLASS,Merchandise,True,0.006004354604356344
20731,1254.17,4143,74,73,POSY CANDY BAG,Merchandise,True,0.006000001126737417
22921,1253.29,1801,234,220,HERB MARKER CHIVES ,Merchandise,True,0.005995791170358673
22999,1252.59,2894,225,222,TRAVEL CARD WALLET VINTAGE LEAF,Merchandise,True,0.005992442341421035
22280,1252.49,880,163,158,POCKET BAG PINK PAISELY BROWN SPOT,Merchandise,True,0.005991963937287088
23511,1252.01,571,99,98,EMBROIDERED RIBBON REEL EMILY ,Merchandise,True,0.005989667597444136
84967B,1249.45,24,11,11,BLUE KASHMIRI OCCASIONAL TABLE,Merchandise,True,0.005977420451615065
22062,1248.15,761,132,126,CERAMIC BOWL WITH LOVE HEART DESIGN,Merchandise,True,0.005971201197873739
20707,1247.44,1615,202,199,CRAZY DAISY HEART DECORATION,Merchandise,True,0.005967804528522707
21752,1244.81,77,37,37,GLASS CAKE STAND MIRRORED BASE,Merchandise,True,0.00595522249979987
21883,1243.75,2413,232,226,STARS GIFT TAPE ,Merchandise,True,0.005950151415980019
84910A,1242.29,434,54,53,PINK PAISLEY CUSHION COVER ,Merchandise,True,0.005943166715624377
79066K,1240.12,1422,248,240,RETRO MOD TRAY,Merchandise,True,0.005932785345917702
23067,1236.66,294,82,78,HANGING ENGRAVED METAL HEART,Merchandise,True,0.0059162325628830965
85162A,1234.27,607,20,20,SILVER RETRODISC LAMPSHADE,Merchandise,True,0.005904798704081736
22216,1232.43,1406,122,116,T-LIGHT HOLDER WHITE LACE,Merchandise,True,0.005895996068017091
23138,1231.51,879,84,82,SINGLE WIRE HOOK IVORY HEART,Merchandise,True,0.005891594749984767
21438,1229.8200000000002,373,37,36,TUB 24 HANGING EASTER EGGS SPOTTY,Merchandise,True,0.005883509720121045
23539,1227.95,247,42,41,WALL ART LOVES' SECRET ,Merchandise,True,0.005874563562816214
84559A,1224.96,1356,239,230,3D SHEET OF DOG STICKERS,Merchandise,True,0.005860259279211164
16046,1224.35,10057,63,59,TEATIME PEN CASE & PENS,Merchandise,True,0.00585734101399408
22290,1223.02,670,79,78,STANDING METAL RABBIT WITH EGG,Merchandise,True,0.00585097823901257
85130A,1220.8400000000001,712,91,86,BEADED PEARL HEART WHITE LARGE,Merchandise,True,0.005840549028892502
23142,1220.8200000000002,121,40,40,IVORY WIRE KITCHEN ORGANISER,Merchandise,True,0.0058404533480657115
72819,1217.28,709,99,92,CUPID DESIGN SCENTED CANDLES,Merchandise,True,0.005823517841723947
22403,1217.16,1730,216,212,MAGNETS PACK OF 4 VINTAGE LABELS ,Merchandise,True,0.005822943756763209
23598,1215.53,427,47,47,PAPER BUNTING VINTAGE PARTY,Merchandise,True,0.005815145769379854
22233,1215.06,952,169,164,JIGSAW RABBIT AND BIRDHOUSE,Merchandise,True,0.005812897269950297
21261,1214.7,292,84,77,GREEN GOOSE FEATHER CHRISTMAS TREE ,Merchandise,True,0.005811175015068085
21904,1212.02,762,149,145,HOUSE WRECKING METAL SIGN ,Merchandise,True,0.005798353784278274
72232,1211.82,6378,124,118,FENG SHUI PILLAR CANDLE,Merchandise,True,0.005797396976010378
22265,1211.66,1847,179,168,EASTER DECORATION NATURAL CHICK,Merchandise,True,0.005796631529396061
21490,1210.6,637,56,55,SET OF THREE 50'S GIFT WRAPS ,Merchandise,True,0.005791560445576211
84823,1210.0,120,29,29,DANISH ROSE FOLDING CHAIR,Merchandise,True,0.005788690020772522
20771,1209.33,609,142,140,CHRYSANTHEMUM  JOURNAL,Merchandise,True,0.005785484713075069
84687,1208.06,314,73,73,BEACH HUT SHELF W 3 DRAWERS,Merchandise,True,0.005779408980573927
22256,1206.33,937,124,119,FELT FARM ANIMAL CHICKEN,Merchandise,True,0.005771132589056625
21396,1205.25,948,78,77,RED SPOTTY EGG CUP ,Merchandise,True,0.005765965824409985
23071,1205.1,315,20,19,MARIE ANTOINETTE TRINKET BOX GOLD,Merchandise,True,0.0057652482182090625
21366,1203.57,247,82,77,MIRRORED WALL ART PHOTO FRAMES,Merchandise,True,0.005757928634959656
21130,1200.93,721,49,49,COLOURFUL STANDING GNOME,Merchandise,True,0.005745298765823426
23444,1200.0,79,79,79,Next Day Carriage,Merchandise,True,0.005740849607377708
85129D,1199.83,796,171,168,BEADED CRYSTAL HEART PINK SMALL,Merchandise,True,0.005740036320349995
84674,1199.5400000000002,467,109,106,FLYING PIG WATERING CAN,Merchandise,True,0.005738648948361547
23026,1198.96,556,64,62,DRAWER KNOB VINTAGE GLASS STAR,Merchandise,True,0.0057358742043846465
84313B,1198.0,229,85,83,BLUE TV TRAY TABLE ,Merchandise,True,0.005731281524698745
84830,1195.15,113,7,7,LARGE ENGLISH ARBORETUM,Merchandise,True,0.005717647006881223
21393,1191.71,5253,47,43,BLUE  SPOTTY PUDDING BOWL,Merchandise,True,0.005701189904673406
22102,1191.69,1842,59,59,MIRROR MOSAIC T-LIGHT HOLDER ,Merchandise,True,0.005701094223846617
22252,1190.56,968,117,113,BIRDCAGE DECORATION TEALIGHT HOLDER,Merchandise,True,0.005695688257133002
84750A,1189.23,544,105,105,PINK SMALL GLASS CAKE STAND,Merchandise,True,0.005689325482151493
84678,1188.64,620,87,81,CLASSICAL ROSE SMALL VASE,Merchandise,True,0.005686502897761199
22615,1188.49,3863,194,188,PACK OF 12 CIRCUS PARADE TISSUES ,Merchandise,True,0.005685785291560276
47503E,1186.9,6842,25,25,ASS FLORAL PRINT SCISSORS,Merchandise,True,0.005678178665830502
20934,1185.07,197,75,74,SET/3 POT PLANT CANDLES,Merchandise,True,0.00566942387017925
85124C,1185.05,449,127,121,GREEN JUICY FRUIT PHOTO FRAME,Merchandise,True,0.00566932818935246
22806,1184.42,442,60,57,SET OF 6 T-LIGHTS WEDDING CAKE ,Merchandise,True,0.005666314243308588
84815,1183.8200000000002,926,53,53,SET OF 3 DANISH ROSE PLANTERS,Merchandise,True,0.005663443818504899
21806,1179.4299999999998,2707,132,128,WHITE CHRISTMAS HEART DECORATION,Merchandise,True,0.005642441877024574
85118,1179.4199999999998,2124,84,81,HEART T-LIGHT HOLDER,Merchandise,True,0.00564239403661118
21312,1179.17,299,26,26,LARGE CHUNKY GLASS ROMAN BOWL,Merchandise,True,0.00564119802627631
23041,1178.48,272,54,54,PAPER LANTERN 9 POINT SNOW STAR,Merchandise,True,0.005637897037752067
22048,1176.8,2840,103,102,BIRTHDAY BANQUET GIFT WRAP,Merchandise,True,0.005629859848301739
23225,1176.17,1355,88,88,CHERUB HEART DECORATION SILVER ,Merchandise,True,0.005626845902257866
72598,1175.1499999999999,1270,169,158,SET/12 TAPER CANDLES,Merchandise,True,0.0056219661800915935
23523,1173.81,360,41,41,WALL ART TREASURE AHOY ,Merchandise,True,0.005615555564696689
23431,1171.23,1449,74,72,NATURAL HANGING QUILTED HEARTS ,Merchandise,True,0.005603212738040827
21650,1171.02,3212,212,197,ASSORTED TUTTI FRUTTI BRACELET,Merchandise,True,0.005602208089359535
22814,1168.84,2771,300,295,CARD PARTY GAMES ,Merchandise,True,0.005591778879239466
21815,1167.37,736,104,92,STAR  T-LIGHT HOLDER ,Merchandise,True,0.005584746338470428
23418,1166.0,557,79,79,LAVENDER TOILETTE BOTTLE,Merchandise,True,0.005578192201835339
23515,1164.98,579,72,71,EMBROIDERED RIBBON REEL DAISY ,Merchandise,True,0.005573312479669069
21942,1164.5,1689,233,221,SKULLS DESIGN FLANNEL,Merchandise,True,0.005571016139826117
22264,1164.08,2027,172,168,FELT FARM ANIMAL WHITE BUNNY ,Merchandise,True,0.005569006842463534
23508,1163.45,2627,128,120,MINI PLAYING CARDS DOLLY GIRL ,Merchandise,True,0.005565992896419662
22718,1163.22,2655,268,264,CARD CAT AND TREE ,Merchandise,True,0.005564892566911581
21649,1162.89,421,29,29,ASSORTED TUTTI FRUTTI PHOTO FRAME,Merchandise,True,0.005563313833269553
37475,1160.56,116,72,72,SET/4 COLOURFUL MIXING BOWLS,Merchandise,True,0.00555216701694856
20892,1159.08,105,40,38,SET/3 TALL GLASS CANDLE HOLDER PINK,Merchandise,True,0.0055450866357661275
22253,1158.28,964,89,86,6 CROCHET STRAWBERRIES,Merchandise,True,0.005541259402694542
21763,1157.8999999999999,43,17,17,VINTAGE WOODEN BAR STOOL,Merchandise,True,0.005539441466985539
23566,1156.93,881,83,83,EGG CUP MILKMAID HEIDI,Merchandise,True,0.005534800946886243
23507,1155.67,2882,127,119,MINI PLAYING CARDS BUFFALO BILL ,Merchandise,True,0.005528773054798497
22255,1155.08,1216,150,142,FELT TOADSTOOL  SMALL,Merchandise,True,0.005525950470408202
20867,1153.2,1140,160,153,PINK ROSE FABRIC MIRROR,Merchandise,True,0.005516956472689977
23269,1152.98,779,95,94,SET OF 2 CERAMIC CHRISTMAS TREES,Merchandise,True,0.005515903983595291
21413,1152.47,3171,57,52,PERIWINKLE T-LIGHT HOLDER,Merchandise,True,0.005513464122512156
21316,1152.02,694,48,47,SMALL CHUNKY GLASS ROMAN  BOWL,Merchandise,True,0.005511311303909389
84847,1149.73,2330,49,49,FLORAL BATHROOM SET,Merchandise,True,0.005500355849241976
23402,1147.28,296,68,68,HOME SWEET HOME 3 PEG HANGER ,Merchandise,True,0.005488634947960247
21555,1146.67,431,135,134,CERAMIC STRAWBERRY TRINKET TRAY,Merchandise,True,0.005485716682743164
20669,1145.7,818,227,214,RED HEART LUGGAGE TAG,Merchandise,True,0.005481076162643867
84596E,1145.35,1132,208,201,SMALL LICORICE DES PINK BOWL,Merchandise,True,0.005479401748175047
22116,1145.2,835,202,198,METAL SIGN HIS DINNER IS SERVED,Merchandise,True,0.005478684141974125
20622,1144.43,586,132,128,VIPPASSPORT COVER ,Merchandise,True,0.005475000430142725
22040,1144.3,2815,94,94,BOTANICAL ROSE GIFT WRAP,Merchandise,True,0.005474378504768593
20932,1143.97,333,81,81,PINK POT PLANT CANDLE,Merchandise,True,0.005472799771126563
84750B,1142.02,609,78,78,BLACK SMALL GLASS CAKE STAND,Merchandise,True,0.005463470890514574
21817,1139.24,1760,142,130,GLITTER CHRISTMAS TREE,Merchandise,True,0.005450171255590816
85110,1138.04,11520,23,23,BLACK SILVER FLOWER T-LIGHT HOLDER,Merchandise,True,0.005444430405983439
84360,1136.19,217,43,40,TABLE LAMP WHITE SHADE WOOD BASE,Merchandise,True,0.005435579929505398
22598,1136.1,1795,148,144,CHRISTMAS MUSICAL ZINC TREE,Merchandise,True,0.005435149365784844
22715,1135.63,2719,220,218,CARD WEDDING DAY,Merchandise,True,0.005432900866355289
20700,1135.22,421,104,103,GREEN CAT FLORAL CUSHION COVER ,Merchandise,True,0.005430939409406101
37424,1134.68,5249,108,108,WHITE WITH BLACK CATS MUG,Merchandise,True,0.005428356027082782
22230,1134.6399999999999,1657,196,193,JIGSAW TREE WITH WATERING CAN,Merchandise,True,0.005428164665429201
20832,1134.35,1690,163,158,RED FLOCK LOVE HEART PHOTO FRAME,Merchandise,True,0.0054267772934407515
84625C,1130.37,804,78,71,BLUE NEW BAROQUE CANDLESTICK CANDLE,Merchandise,True,0.005407736808909615
23506,1129.1200000000001,2723,151,146,MINI PLAYING CARDS SPACEBOY ,Merchandise,True,0.005401756757235265
17021,1128.84,4322,85,76,NAMASTE SWAGAT INCENSE,Merchandise,True,0.005400417225660209
21040,1128.4,895,70,68,MODERN VINTAGE COTTON SHOPPING BAG,Merchandise,True,0.005398312247470838
37482B,1127.9099999999999,1251,9,9,CUBIC MUG BLUE POLKA DOT,Merchandise,True,0.005395968067214491
21850,1127.2,459,113,106,BLUE  DIAMANTE PEN IN GIFT BOX,Merchandise,True,0.00539257139786346
22532,1125.47,2919,186,175,MAGIC DRAWING SLATE LEAP FROG ,Merchandise,True,0.005384295006346158
85224,1120.96,2004,64,61,ASSORTED COLOUR SILK GLASSES CASE,Merchandise,True,0.005362718979905096
21944,1119.29,1797,210,204,KITTENS DESIGN FLANNEL,Merchandise,True,0.005354729630868162
47504H,1118.92,1031,143,140,ENGLISH ROSE SPIRIT LEVEL ,Merchandise,True,0.005352959535572554
23510,1118.8,2521,125,120,MINI PLAYING CARDS GYMKHANA,Merchandise,True,0.0053523854506118155
23411,1118.6100000000001,227,57,56, TRELLIS COAT RACK,Merchandise,True,0.005351476482757315
17096,1117.52,6241,77,76,ASSORTED LAQUERED INCENSE HOLDERS,Merchandise,True,0.00534626187769728
21010,1114.76,850,85,83,ETCHED GLASS BIRD TREE DECORATION,Merchandise,True,0.005333057923600311
23513,1114.26,566,70,70,EMBROIDERED RIBBON REEL SUSIE ,Merchandise,True,0.005330665902930571
20615,1111.47,647,204,195,BLUE POLKADOT PASSPORT COVER,Merchandise,True,0.005317318427593417
85131D,1111.41,1465,276,267,BEADED CRYSTAL HEART PINK ON STICK,Merchandise,True,0.005317031385113049
23433,1108.5800000000002,1258,89,89,HANGING QUILTED PATCHWORK APPLES,Merchandise,True,0.0053034925481223166
21758,1107.92,138,82,79,VINTAGE SHELLS PRINT,Merchandise,True,0.005300335080838259
84358,1107.43,122,30,29,FLOOR LAMP SHADE WOOD BASE,Merchandise,True,0.005297990900581913
21666,1106.8100000000002,1761,87,85,RIDGED GLASS T-LIGHT HOLDER,Merchandise,True,0.005295024794951435
84631,1106.16,288,50,50,FRUIT TREE AND BIRDS WALL PLAQUE,Merchandise,True,0.005291915168080771
21202,1105.1299999999999,855,67,66,DOLLY HONEYCOMB GARLAND,Merchandise,True,0.005286987605501104
20755,1104.95,5161,127,122,BLUE PAISLEY POCKET BOOK,Merchandise,True,0.005286126478059999
37479B,1103.5,1256,34,32,CUBIC MUG FLOCK BLUE ON BROWN,Merchandise,True,0.00527918961811775
85212,1103.1999999999998,2835,122,121,MINI PAINTED GARDEN DECORATION ,Merchandise,True,0.005277754405715905
84559B,1102.02,1234,205,195,3D SHEET OF CAT STICKERS,Merchandise,True,0.005272109236935318
21632,1101.71,133,54,53,VINTAGE PINK DECORATIVE PARASOL,Merchandise,True,0.005270626184120079
84638,1101.55,400,69,69,SMALL KITCHEN FLOWER POTS PLAQUE,Merchandise,True,0.005269860737505762
23375,1100.6899999999998,1342,103,103,50'S CHRISTMAS PAPER GIFT BAG,Merchandise,True,0.005265746461953807
47587A,1099.88,2706,26,26,PINK FAIRY CAKE COASTER,Merchandise,True,0.005261871388468828
22709,1099.58,2799,77,77,WRAP WEDDING DAY,Merchandise,True,0.0052604361760669825
21131,1098.86,276,50,49,GOLD STANDING GNOME,Merchandise,True,0.005256991666302556
21779,1097.8000000000002,301,22,22,MA CAMPAGNE MINI WOODEN CHEST,Merchandise,True,0.005251920582482706
22997,1094.93,2545,223,222,TRAVEL CARD WALLET UNION JACK,Merchandise,True,0.005238190383838395
20782,1094.46,169,90,87,CAMOUFLAGE EAR MUFF HEADPHONES,Merchandise,True,0.005235941884408839
85093,1093.72,1362,154,152,CANDY SPOT EGG WARMER HARE,Merchandise,True,0.005232401693817622
84509C,1093.58,278,97,96,SET OF 4 POLKADOT PLACEMATS ,Merchandise,True,0.0052317319280300945
84989A,1093.42,2120,155,152,75 GREEN FAIRY CAKE CASES,Merchandise,True,0.005230966481415778
72815,1091.83,283,72,70,3 WICK CHRISTMAS BRIAR CANDLE ,Merchandise,True,0.005223359855686002
23087,1090.66,868,69,69,ZINC  HEART T-LIGHT HOLDER,Merchandise,True,0.005217762527318809
23432,1088.3600000000001,1276,74,74,PRETTY HANGING QUILTED HEARTS,Merchandise,True,0.005206759232238002
84791,1086.13,334,106,106,GINGHAM HEART DECORATION,Merchandise,True,0.005196090820050959
84707A,1085.68,129,65,64,SILVER JEWELLED MIRROR TRINKET TRAY,Merchandise,True,0.005193938001448192
21839,1085.5900000000001,201,83,83,MUMMY MOUSE RED GINGHAM RIBBON,Merchandise,True,0.005193507437727639
85008,1083.74,273,102,99,SET OF 3 CONEY ISLAND OVAL BOXES,Merchandise,True,0.0051846569612495974
85078,1079.44,2284,166,162,SCANDINAVIAN 3 HEARTS NAPKIN RING,Merchandise,True,0.005164085583489828
23347,1077.3,860,98,97,I LOVE LONDON BEAKER,Merchandise,True,0.005153847735023337
21061,1077.1599999999999,1432,168,163,PARTY INVITES FOOTBALL,Merchandise,True,0.005153177969235809
85099f,1077.08,213,27,25,JUMBO BAG STRAWBERRY,Merchandise,True,0.005152795245928651
22511,1076.66,405,114,111,RETROSPOT BABUSHKA DOORSTOP,Merchandise,True,0.005150785948566069
21827,1075.14,840,145,134,EIGHT PIECE CREEPY CRAWLIE SET,Merchandise,True,0.005143514205730058
23102,1075.03,1274,159,157,SILVER HEARTS TABLE DECORATION,Merchandise,True,0.005142987961182714
35651,1073.75,460,65,63,VINTAGE BEAD PINK SCARF ,Merchandise,True,0.005136864388268178
84247E,1072.9,379,99,96,PACK/12 XMAS FUN CARD,Merchandise,True,0.005132797953129619
22821,1072.8,1699,190,186,GIFT BAG PSYCHEDELIC APPLES,Merchandise,True,0.005132319548995671
84923,1072.37,247,158,150,PINK BUTTERFLY HANDBAG W BOBBLES,Merchandise,True,0.005130262411219693
85126,1069.16,156,35,34,LARGE ROUND CUTGLASS CANDLESTICK,Merchandise,True,0.005114905638519959
35646,1068.91,647,108,104,VINTAGE BEAD PINK EVENING BAG,Merchandise,True,0.005113709628185088
21664,1064.82,267,72,67,RIDGED GLASS STORAGE JAR CREAM LID,Merchandise,True,0.005094142899106609
22860,1064.15,614,112,111,EASTER TIN CHICKS PINK DAISY,Merchandise,True,0.005090937591409156
20839,1063.77,642,121,118,FRENCH PAISLEY CUSHION COVER ,Merchandise,True,0.0050891196557001535
21725,1062.4199999999998,1157,181,173,SWEETIES  STICKERS,Merchandise,True,0.005082661199891853
23331,1062.28,1596,114,109,DECORATIVE WICKER HEART SMALL,Merchandise,True,0.0050819914341043255
37327,1061.83,1745,92,88,ASSTD MULTICOLOUR CIRCLES MUG,Merchandise,True,0.005079838615501559
72800F,1060.19,822,69,67,4 IVORY DINNER CANDLES GOLD FLOCK,Merchandise,True,0.00507199278770481
22856,1059.8500000000001,877,32,32,ASSORTED EASTER DECORATIONS  BELLS,Merchandise,True,0.005070366213649387
23033,1058.8999999999999,714,74,74,DRAWER KNOB CERAMIC RED,Merchandise,True,0.005065821374376878
22995,1058.64,2381,268,266,TRAVEL CARD WALLET SUKI,Merchandise,True,0.005064577523628614
23516,1058.6,296,44,42,EMBROIDERED RIBBON REEL SOPHIE  ,Merchandise,True,0.005064386161975035
21690,1058.34,276,93,82,SILVER  CANDLEPOT JARDIN ,Merchandise,True,0.005063142311226769
85163A,1058.17,103,57,57,WHITE BAROQUE WALL CLOCK ,Merchandise,True,0.005062329024199058
22134,1057.15,2373,306,298,MINI LADLE LOVE HEART RED ,Merchandise,True,0.005057449302032786
85179B,1056.6,246,45,45,WHITE BITTY LIGHT CHAIN ,Merchandise,True,0.005054818079296071
16047,1054.7,10612,31,31,POP ART PEN CASE & PENS,Merchandise,True,0.0050457284007510575
85144,1054.1,288,73,70,JARDIN ETCHED GLASS CHEESE DISH,Merchandise,True,0.005042857975947368
21269,1053.82,115,66,65,ANTIQUE CREAM CUTLERY SHELF ,Merchandise,True,0.005041518444372313
21825,1053.1899999999998,733,80,75,PAINTED METAL TREE WITH HOLLY BELLS,Merchandise,True,0.005038504498328439
84908B,1052.29,435,35,35,BLUE 5 PATCH FLOWER CUSHION COVER,Merchandise,True,0.005034198861122907
20783,1051.4,165,55,55,HEART EAR MUFF HEADPHONES,Merchandise,True,0.005029941064330769
20671,1051.22,796,145,143,BLUE TEATIME PRINT BOWL ,Merchandise,True,0.005029079936889662
23327,1051.1399999999999,1734,42,41,HANGING CLEAR MINI BOTTLE,Merchandise,True,0.005028697213582503
72800D,1050.81,643,87,86,4 BLUE DINNER CANDLES SILVER FLOCK,Merchandise,True,0.005027118479940473
84965A,1050.0,20,3,3,PINK KASHMIRI COFFEE TABLE ,Merchandise,True,0.0050232434064554935
22953,1049.8,841,129,119,BIRTHDAY PARTY CORDON BARRIER TAPE,Merchandise,True,0.0050222865981875975
18007,1048.58,11423,78,72,ESSENTIAL BALM 3.5g TIN IN ENVELOPE,Merchandise,True,0.00501645006775343
22857,1048.28,1230,66,66,ASSORTED EASTER GIFT TAGS,Merchandise,True,0.005015014855351586
85104,1048.0900000000001,359,60,56,SILVER GLASS T-LIGHT SET,Merchandise,True,0.005014105887497085
22049,1047.25,3575,117,114,WRAP CHRISTMAS SCREEN PRINT,Merchandise,True,0.00501008729277192
72750B,1047.2,496,39,39,FLOWER FAIRY SET 3 CANDLES LAVENDER,Merchandise,True,0.005009848090704947
84030e,1047.16,128,51,46,ENGLISH ROSE HOT WATER BOTTLE,Merchandise,True,0.005009656729051367
84908A,1045.16,432,36,36,PINK 5 PATCH FLOWER CUSHION COVER ,Merchandise,True,0.005000088646372404
46775A,1044.23,83,32,32,BUBBLE GUM CHUNKY KNITTED THROW ,Merchandise,True,0.0049956394879266865
23419,1043.72,473,86,86,HOME SWEET HOME BOTTLE ,Merchandise,True,0.00499319962684355
84405A,1042.16,129,50,50,S/3 PINK COL METAL BASKET W HANDLE,Merchandise,True,0.004985736522353961
21721,1041.87,1139,155,144,CANDY SHOP  STICKER SHEET,Merchandise,True,0.004984349150365509
22266,1040.11,2542,170,161,EASTER DECORATION HANGING BUNNY,Merchandise,True,0.004975929237608022
82616C,1040.04,638,147,142,MIDNIGHT GLAMOUR SCARF KNITTING KIT,Merchandise,True,0.0049755943547142596
21814,1039.81,685,103,95,HEART T-LIGHT HOLDER ,Merchandise,True,0.004974494025206178
21014,1038.6599999999999,1973,205,189,SWISS CHALET TREE DECORATION ,Merchandise,True,0.004968992377665774
85124A,1037.13,377,95,95,PINK JUICY FRUIT PHOTO FRAME,Merchandise,True,0.004961672794416369
20652,1034.81,1520,175,172,BLUE POLKADOT LUGGAGE TAG ,Merchandise,True,0.004950573818508771
23088,1033.28,795,79,79,ZINC HEART FLOWER T-LIGHT HOLDER,Merchandise,True,0.004943254235259364
85160B,1032.7,6155,37,36,BLACK BIRD GARDEN DESIGN MUG,Merchandise,True,0.0049404794912824655
85180B,1031.48,365,70,67,PINK HEARTS LIGHT CHAIN ,Merchandise,True,0.004934642960848298
22717,1031.05,2432,220,215,CARD DOG AND BALL ,Merchandise,True,0.004932585823072321
21417,1030.21,504,120,118,COCKLE SHELL DISH,Merchandise,True,0.004928567228347157
84985A,1029.73,652,160,153,SET OF 72 GREEN PAPER DOILIES,Merchandise,True,0.004926270888504206
84686,1027.79,389,76,76,BEACH HUT MIRROR,Merchandise,True,0.004916989848305612
84709B,1026.38,178,89,86,PINK OVAL JEWELLED MIRROR,Merchandise,True,0.004910244350016944
23545,1025.6,2480,85,84,WRAP RED VINTAGE DOILY,Merchandise,True,0.004906512797772147
35923,1023.77,1545,113,112,CANDY HEART HANGING DECORATION,Merchandise,True,0.004897758002120896
21427,1023.02,517,127,119,SKULLS STORAGE BOX SMALL,Merchandise,True,0.004894169971116286
21836,1022.88,252,103,100,GINGHAM OVEN GLOVE RED HEART ,Merchandise,True,0.004893500205328758
22247,1022.79,1184,187,182,BUNNY DECORATION MAGIC GARDEN,Merchandise,True,0.004893069641608204
35599B,1022.09,276,55,51,BLACK CHRISTMAS TREE 120CM,Merchandise,True,0.004889720812670568
23452,1021.76,518,87,87,HEART MINI PORTRAIT FRAME,Merchandise,True,0.004888142079028539
35653,1020.9200000000001,320,118,113,VINTAGE BEAD NOTEBOOK,Merchandise,True,0.004884123484303375
23153,1020.69,263,90,90,ZINC SWEETHEART WIRE LETTER RACK,Merchandise,True,0.004883023154795294
84596L,1020.22,1540,259,255,BISCUITS SMALL BOWL LIGHT BLUE,Merchandise,True,0.004880774655365737
22420,1019.85,2117,245,234,LIPSTICK PEN BABY PINK,Merchandise,True,0.004879004560070129
20619,1018.63,579,195,194,TROPICAL PASSPORT COVER ,Merchandise,True,0.004873168029635962
85031C,1017.48,481,107,106,CURIOUS IMAGES SCRAP BOOK SET,Merchandise,True,0.004867666382095558
22643,1016.44,468,97,96,SET OF 4 NAPKIN CHARMS LEAVES   ,Merchandise,True,0.004862690979102498
23544,1015.78,164,20,20,WALL ART MID CENTURY MODERN ,Merchandise,True,0.00485953351181844
72586,1013.5,2307,187,183,SET OF 6 HALLOWEEN GHOST T-LIGHTS,Merchandise,True,0.004848625897564423
20730,1011.7,2218,102,102,STRAWBERRY CANDY BAG,Merchandise,True,0.004840014623153356
85170C,1009.85,549,109,107,SET/6 EAU DE NIL BIRD T-LIGHTS,Merchandise,True,0.004831164146675316
23107,1009.51,359,73,73,WHITE HEARTS WIRE PLANT POT HOLDER,Merchandise,True,0.004829537572619891
21084,1008.8100000000001,2929,227,223,SET/6 COLLAGE PAPER CUPS,Merchandise,True,0.004826188743682254
47589,1008.73,183,77,76,CONGRATULATIONS BUNTING,Merchandise,True,0.004825806020375096
84905,1007.91,269,105,105,PINK BUTTERFLY CUSHION COVER ,Merchandise,True,0.004821883106476721
84929,1007.52,3096,93,93,ASSTD FRUIT+FLOWERS FRIDGE MAGNETS,Merchandise,True,0.004820017330354323
23460,1007.0799999999999,108,43,43,SWEETHEART WALL TIDY ,Merchandise,True,0.004817912352164951
47310M,1006.19,747,174,172,SMALL POP BOX FUNKY MONKEY,Merchandise,True,0.004813654555372813
82613B,1004.39,904,231,223,"METAL SIGN,CUPCAKE SINGLE HOOK",Merchandise,True,0.004805043280961747
21250,1003.45,404,61,60,SET OF SKULL WALL STICKERS,Merchandise,True,0.004800546282102634
22108,1002.26,320,133,128,PING! MICROWAVE PLATE,Merchandise,True,0.0047948532729086505
23281,1000.82,1280,104,101,FOLDING BUTTERFLY MIRROR RED  ,Merchandise,True,0.004787964253379798
23121,1000.44,2501,116,111,PACK OF 6 COCKTAIL PARASOL STRAWS,Merchandise,True,0.004786146317670796
84907,999.17,391,36,36,PINK YELLOW PATCH CUSHION COVER,Merchandise,True,0.004780070585169653
23533,998.64,215,36,36,WALL ART GARDEN HAVEN ,Merchandise,True,0.0047775350432597286
21127,998.03,297,50,48,COLOURFUL FISHING GNOME,Merchandise,True,0.004774616778042645
20617,997.2,499,106,105,FIRST CLASS PASSPORT COVER ,Merchandise,True,0.004770646023730876
23517,996.38,334,63,63,EMBROIDERED RIBBON REEL REBECCA ,Merchandise,True,0.0047667231098325
20705,996.19,273,53,53,MRS ROBOT SOFT TOY,Merchandise,True,0.004765814141977999
71279,995.7200000000001,300,81,78,PINK GLASS CANDLEHOLDER,Merchandise,True,0.004763565642548443
22529,995.61,2468,161,155,MAGIC DRAWING SLATE GO TO THE FAIR ,Merchandise,True,0.0047630393980011
84660C,995.6,726,86,85,PINK STITCHED WALL CLOCK,Merchandise,True,0.0047629915575877054
84918,995.12,208,63,63,CREAM CUSHION COVER WITH FLOWERS,Merchandise,True,0.004760695217744753
35958,994.8299999999999,1143,86,82,FOLKART ZINC STAR CHRISTMAS DEC,Merchandise,True,0.0047593078457563035
85018D,992.85,796,84,80,YULETIDE IMAGES S/6 PAPER BOXES,Merchandise,True,0.0047498354439041305
20773,992.03,3356,126,117,BLUE PAISLEY NOTEBOOK,Merchandise,True,0.004745912530005756
82616B,991.4200000000001,611,133,126,FRAPPUCINO SCARF KNITTING KIT,Merchandise,True,0.004742994264788672
72484,991.38,1818,66,64,ROSES IN WHITE HEART CANDLE ,Merchandise,True,0.004742802903135094
85049e,990.69,297,63,61,SCANDINAVIAN REDS RIBBONS,Merchandise,True,0.004739501914610851
84964B,990.0,17,2,2,BLUE PAINTED KASHMIRI TABLE ,Merchandise,True,0.004736200926086609
21335,989.62,42,28,28,LIBRARY LAMP,Merchandise,True,0.004734382990377606
85025B,988.76,571,99,95,EAU DE NILE HEART SHAPE PHOTO FRAME,Merchandise,True,0.004730268714825652
78124,986.11,736,32,31,MAGAZINE RACK GEBRA ASSORTED ,Merchandise,True,0.004717591005276026
21636,985.74,1014,101,98,MADRAS NOTEBOOK MEDIUM,Merchandise,True,0.004715820909980418
21303,985.54,96,30,30,FILIGREE WALL MIRROR  ANTIQUE WHITE,Merchandise,True,0.004714864101712521
23380,983.5,2344,123,121,PACK OF 12 VINTAGE DOILY TISSUES,Merchandise,True,0.004705104657379979
20661,983.0100000000001,899,125,123,BLUE SPOTTY PURSE ,Merchandise,True,0.004702760477123634
20878,982.51,761,94,85,SET/9 CHRISTMAS T-LIGHTS SCENTED ,Merchandise,True,0.004700368456453893
85019B,982.47,718,47,47,BLOSSOM  IMAGES NOTEBOOK SET,Merchandise,True,0.004700177094800313
23518,980.41,361,44,44,EMBROIDERED RIBBON REEL RACHEL ,Merchandise,True,0.004690321969640981
21208,980.27,1079,123,120,PASTEL COLOUR HONEYCOMB FAN,Merchandise,True,0.004689652203853455
23514,977.39,478,74,74,EMBROIDERED RIBBON REEL SALLY ,Merchandise,True,0.004675874164795748
20774,975.6800000000001,3492,125,119,GREEN FERN NOTEBOOK,Merchandise,True,0.004667693454105235
23512,975.24,500,57,57,EMBROIDERED RIBBON REEL ROSIE,Merchandise,True,0.004665588475915863
22104,974.7199999999999,1191,101,99,MIRROR MOSAIC CANDLE PLATE,Merchandise,True,0.004663100774419332
90175A,973.4,108,63,62,WHITE GLASS CHUNKY CHARM BRACELET,Merchandise,True,0.004656785839851217
84873a,973.36,88,59,59,FUNKY FLOWER PICNIC BAG FOR 4,Merchandise,True,0.004656594478197638
85124B,971.62,366,105,102,BLUE JUICY FRUIT PHOTO FRAME,Merchandise,True,0.00464827024626694
84800L,970.7900000000001,650,38,38,LARGE WHITE/PINK ROSE ART FLOWER,Merchandise,True,0.004644299491955171
21562,970.2800000000001,678,74,73,HAWAIIAN GRASS SKIRT ,Merchandise,True,0.004641859630872035
20998,969.23,332,132,127,ROSE DU SUD OVEN GLOVE,Merchandise,True,0.00463683638746558
85111,969.15,2919,79,77,SILVER GLITTER FLOWER VOTIVE HOLDER,Merchandise,True,0.0046364536641584205
85189,967.9499999999999,1176,69,68,HANGING BUTTERFLY  EGG,Merchandise,True,0.004630712814551043
72814,967.9200000000001,266,55,54,SET OF 3 CHRISTMAS BRIAR CANDLES,Merchandise,True,0.004630569293310859
23183,967.17,226,85,84,MOTHER'S KITCHEN SPOON REST ,Merchandise,True,0.0046269812623062475
85130D,967.1,793,111,107,BEADED CRYSTAL HEART PINK LARGE,Merchandise,True,0.004626646379412484
21299,966.35,166,34,34,EDWARDIAN TOILET ROLL UNIT ,Merchandise,True,0.004623058348407873
20830,964.61,407,83,82,SILVER PHOTO FRAME,Merchandise,True,0.004614734116477176
20758,964.4699999999999,5438,99,95,ABSTRACT CIRCLES POCKET BOOK,Merchandise,True,0.004614064350689648
22512,963.7900000000001,385,72,71,DOORSTOP RACING CAR DESIGN,Merchandise,True,0.004610811202578801
17012C,962.9499999999999,861,117,113,ORIGAMI LAVENDER INCENSE/CANDL SET ,Merchandise,True,0.004606792607853636
21060,962.75,1288,152,151,PARTY INVITES BALLOON GIRL,Merchandise,True,0.0046058357995857405
21691,960.99,249,79,72,SILVER VANILLA FLOWER CANDLE POT,Merchandise,True,0.004597415886828253
21641,959.5899999999999,1674,116,111,ASSORTED TUTTI FRUTTI KEYRING BALL,Merchandise,True,0.004590718228952979
85197,959.46,1669,76,74,SET OF 12 MINI BUNNIES IN A BUCKET,Merchandise,True,0.004590096303578846
85032C,959.1899999999999,892,163,161,CURIOUS IMAGES GIFT WRAP SET,Merchandise,True,0.004588804612417186
72753B,957.73,445,14,14,S/3 FLWR FAIRY LAVENDER CANDLES,Merchandise,True,0.0045818199120615435
21805,957.63,2221,105,103,WHITE CHRISTMAS TREE DECORATION ,Merchandise,True,0.004581341507927595
22994,956.94,2194,219,218,TRAVEL CARD WALLET RETROSPOT,Merchandise,True,0.004578040519403353
21726,956.41,1105,164,155,MULTI HEARTS  STICKERS,Merchandise,True,0.0045755049774934275
84664,955.35,193,51,51,CHERRY BLOSSOM BATHROOM CABINET,Merchandise,True,0.0045704338936735775
85032B,953.34,982,152,152,BLOSSOM IMAGES GIFT WRAP SET,Merchandise,True,0.00456081797058122
20778,950.96,3615,93,90,GARDEN PATH NOTEBOOK ,Merchandise,True,0.004549431952193254
84341B,950.0699999999999,1786,133,121,SMALL PINK MAGIC CHRISTMAS TREE,Merchandise,True,0.0045451741554011155
21129,949.44,124,60,60,SILVER FISHING GNOME ,Merchandise,True,0.004542160209357242
23540,947.0600000000001,150,14,14,WALL ART THE MAGIC FOREST ,Merchandise,True,0.004530774190969277
37492B,946.72,489,44,44,BLUE YELLOW FLOWER PIGGY BANK,Merchandise,True,0.004529147616913852
21331,946.68,110,30,30,MOROCCAN BEATEN METAL DISH LARGE,Merchandise,True,0.004528956255260274
22096,946.38,1671,189,180,PINK PAISLEY SQUARE TISSUE BOX ,Merchandise,True,0.004527521042858429
85031A,943.44,477,102,102,ROMANTIC IMAGES SCRAP BOOK SET,Merchandise,True,0.004513455961320354
22143,942.88,446,71,70,CHRISTMAS CRAFT HEART DECORATIONS,Merchandise,True,0.004510776898170244
21720,940.86,1081,114,112,CAKE SHOP  STICKER SHEET,Merchandise,True,0.0045011131346644915
90147,937.4499999999999,93,59,58,CHUNKY SILVER NECKLACE PASTEL FLOWE,Merchandise,True,0.0044847995536968594
84817,937.44,1059,80,79,DANISH ROSE DECORATIVE PLATE,Merchandise,True,0.004484751713283466
23178,936.89,327,68,68,JAM CLOCK MAGNET,Merchandise,True,0.00448212049054675
85121B,936.74,86,48,48,RETRO LAUNDRY TUB PINK,Merchandise,True,0.004481402884345828
84963A,935.1500000000001,27,10,9,PINK PAINTED KASHMIRI CHAIR,Merchandise,True,0.0044737962586160526
85226A,933.07,1714,151,144,WHITE/BLUE PULL BACK RACING CAR,Merchandise,True,0.004463845452629932
82001s,932.98,125,29,29,SILVER RECORD COVER FRAME,Merchandise,True,0.004463414888909378
20903,932.5,189,87,86,VINTAGE KEEPSAKE BOX TRAVELOGUE,Merchandise,True,0.004461118549066427
85019A,932.04,651,50,49,ROMANTIC IMAGES NOTEBOOK SET,Merchandise,True,0.004458917890050265
47504E,931.86,4387,48,48,ENGLISH ROSE SCISSORS,Merchandise,True,0.004458056762609158
35954,931.55,2325,121,111,SMALL FOLKART STAR CHRISTMAS DEC,Merchandise,True,0.004456573709793919
20775,931.55,3606,115,112,DAISY NOTEBOOK ,Merchandise,True,0.004456573709793919
23179,930.48,324,53,53,CLOCK MAGNET MUM'S KITCHEN,Merchandise,True,0.004451454785560674
20831,927.96,474,80,79,GOLD PHOTO FRAME,Merchandise,True,0.004439399001385182
37330,927.4599999999999,517,28,28,SPOTS MUG,Merchandise,True,0.0044370069807154406
21724,926.4699999999999,1038,187,178,PANDA AND BUNNIES STICKER SHEET,Merchandise,True,0.004432270779789354
23099,925.35,137,59,58,FRENCH CARRIAGE LANTERN,Merchandise,True,0.004426912653489135
22936,925.22,288,54,50,BAKING MOULD ROSE WHITE CHOCOLATE,Merchandise,True,0.004426290728115002
72800C,924.84,660,80,78,4 PINK DINNER CANDLE SILVER FLOCK,Merchandise,True,0.004424472792406
22703,923.91,514,166,165,PINK CAT BOWL,Merchandise,True,0.004420023633960281
21264,923.76,392,69,68,WHITE GOOSE FEATHER TREE 60CM ,Merchandise,True,0.0044193060277593595
82607A,923.72,663,159,159,GLASS BONBON JAR PARFUME AUX FLEURE,Merchandise,True,0.00441911466610578
22647,922.99,1059,83,82,CERAMIC LOVE HEART MONEY BANK,Merchandise,True,0.004415622315927958
85130B,921.69,912,84,83,BEADED CRYSTAL HEART GREEN LARGE,Merchandise,True,0.0044094030621866336
84826,920.08,1794,54,51,ASSTD DESIGN 3D PAPER STICKERS,Merchandise,True,0.004401700755630068
85121C,918.91,98,53,53,RETRO LAUNDRY TUB PISTACHIO,Merchandise,True,0.0043961034272628745
72529W,918.75,464,47,47,WHITE ADVENT CANDLE,Merchandise,True,0.004395337980648557
21702,918.6800000000001,2636,8,8,SET 5 MINI GATEAUX  FRIDGE MAGNETS,Merchandise,True,0.004395003097754794
72045D,918.65,539,6,6,ROSES ON BLUE TEACUP CANDLE ,Merchandise,True,0.00439485957651461
84600,918.27,108,52,52,NEW BAROQUE JEWELLERY BOX ,Merchandise,True,0.004393041640805606
23338,915.4000000000001,431,109,109,EGG FRYING PAN RED ,Merchandise,True,0.004379311442161295
21007,914.67,1927,48,48,ETCHED GLASS DROPLET DECORATION,Merchandise,True,0.0043758190919834725
23002,914.37,2119,194,192,TRAVEL CARD WALLET SKULLS,Merchandise,True,0.004374383879581629
85214,914.28,531,176,169,TUB 24 PINK FLOWER PEGS,Merchandise,True,0.004373953315861076
46000P,913.75,215,50,49,POLYESTER FILLER PAD 65CMx65CM,Merchandise,True,0.00437141777395115
46776C,913.52,260,99,96,WOVEN FROST CUSHION COVER,Merchandise,True,0.0043703174444430695
21320,913.34,398,57,56,GLASS CHALICE GREEN  LARGE ,Merchandise,True,0.004369456317001963
21676,909.87,1212,162,159,FLOWERS  STICKERS,Merchandise,True,0.004352855693553963
23413,909.31,173,58,58,VINTAGE COFFEE GRINDER BOX,Merchandise,True,0.004350176630403852
37482P,908.86,668,85,83,CUBIC MUG PINK POLKADOT,Merchandise,True,0.004348023811801086
72349b,907.35,218,121,112,SET/6 PURPLE BUTTERFLY T-LIGHTS,Merchandise,True,0.0043407999093784694
22164,906.8300000000002,322,51,49,STRING OF STARS CARD HOLDER,Merchandise,True,0.0043383122078819395
22707,905.94,2157,83,83,WRAP MONSTER FUN ,Merchandise,True,0.004334054411089801
23004,903.16,2002,224,221,TRAVEL CARD WALLET PANTRY,Merchandise,True,0.004320754776166042
22248,903.16,1014,180,173,DECORATION  PINK CHICK MAGIC GARDEN,Merchandise,True,0.004320754776166042
35598B,902.92,958,61,57,BLACK CHRISTMAS TREE 60CM,Merchandise,True,0.004319606606244567
21444,902.0300000000001,291,36,36,BLUE CHALET BIRDFEEDER,Merchandise,True,0.004315348809452428
20757,901.75,5360,83,78,RED DAISY POCKET BOOK ,Merchandise,True,0.004314009277877374
84086C,901.59,301,92,88,PINK/PURPLE RETRO RADIO,Merchandise,True,0.004313243831263056
23532,901.58,210,31,31,WALL ART WORK REST AND PLAY  ,Merchandise,True,0.004313195990849662
21318,900.42,972,94,93,GLASS CHALICE BLUE SMALL ,Merchandise,True,0.004307646502895862
21480,899.5200000000001,285,58,57,PINK STRIPE HOT WATER BOTTLE,Merchandise,True,0.00430334086569033
84660B,899.48,745,61,61,BLACK STITCHED WALL CLOCK,Merchandise,True,0.004303149504036751
84820,899.37,323,54,54,DANISH ROSE TRINKET TRAYS,Merchandise,True,0.004302623259489408
20941,898.79,999,126,124,FROG CANDLE,Merchandise,True,0.004299848515512508
21220,898.72,663,163,159,SET/4 BADGES DOGS,Merchandise,True,0.004299513632618744
20913,898.7199999999999,314,43,43,SET/5 BLUE SPOTTY LID GLASS BOWLS,Merchandise,True,0.004299513632618744
21147,896.86,488,127,118,JINGLE BELLS TREE DECORATION,Merchandise,True,0.004290615315727309
23502,896.41,714,95,94,PLAYING CARDS VINTAGE DOILY ,Merchandise,True,0.004288462497124542
17109B,896.3399999999999,4542,17,17,FLOWER FAIRY INCENSE LAVENDER,Merchandise,True,0.004288127614230778
21062,896.27,1077,139,136,PARTY INVITES SPACEMAN,Merchandise,True,0.004287792731337015
85031B,896.09,496,85,85,BLOSSOM IMAGES SCRAP BOOK SET,Merchandise,True,0.004286931603895909
84760L,896.0,560,1,1,LARGE HANGING GLASS+ZINC LANTERN,Merchandise,True,0.004286501040175355
90200C,895.84,211,103,98,BLUE SWEETHEART BRACELET,Merchandise,True,0.004285735593561038
20759,895.38,5782,65,63,CHRYSANTHEMUM POCKET BOOK ,Merchandise,True,0.004283534934544877
23472,894.42,58,33,33, NINE DRAWER OFFICE TIDY,Merchandise,True,0.004278942254858974
84666,892.7,226,33,33,SQUARE CHERRY BLOSSOM CABINET,Merchandise,True,0.004270713703755066
20803,891.26,1154,86,84,SMALL PINK GLASS SUNDAE DISH,Merchandise,True,0.004263824684226213
90200E,890.95,213,94,91,GREEN SWEETHEART BRACELET,Merchandise,True,0.004262341631410974
85194S,889.46,1760,133,131,HANGING SPRING FLOWER EGG SMALL,Merchandise,True,0.004255213409815147
17012B,885.02,728,131,126,ORIGAMI JASMINE INCENSE/CANDLE SET,Merchandise,True,0.004233972266267849
20991,884.5600000000002,7084,32,32,JAZZ HEARTS MAGNETIC MEMO PAD,Merchandise,True,0.004231771607251689
22486,881.9,106,41,40,PLASMATRONIC LAMP,Merchandise,True,0.004219046057288667
84974,879.55,89,58,57,S/2 ZINC HEART DESIGN PLANTERS,Merchandise,True,0.0042078035601408855
72799A,877.8000000000001,612,18,18,BLACK PILLAR CANDLE SILVER FLOCK,Merchandise,True,0.004199431487796793
23423,876.9,219,66,66,PANTRY 3 HOOK ROLLING PIN HANGER,Merchandise,True,0.00419512585059126
21185,876.29,132,44,44, HOME SWEET HOME  BLACKBOARD,Merchandise,True,0.004192207585374176
84925F,875.66,715,35,34,PSYCHEDELIC WALL THERMOMETER,Merchandise,True,0.004189193639330303
21270,874.43,76,52,51,ANTIQUE CREAM CUTLERY CUPBOARD,Merchandise,True,0.004183309268482741
21635,873.99,403,45,42,MADRAS NOTEBOOK LARGE ,Merchandise,True,0.004181204290293368
21338,873.25,199,14,13,MARAKESH LANTERN SMALL ,Merchandise,True,0.004177664099702153
85165,872.76,90,58,58,CANDY PINK FRENCH BOUDOIR CLOCK,Merchandise,True,0.004175319919445806
23479,872.38,113,44,44,WIRE EGG BASKET ,Merchandise,True,0.004173501983736803
21293,872.34,343,86,85,MIRRORED DOVE WALL DECORATION,Merchandise,True,0.004173310622083225
20897,872.3100000000001,358,77,75,VINTAGE NOTEBOOK PARIS DAYS,Merchandise,True,0.004173167100843041
21414,870.89,1637,37,36,SCALLOP SHELL SOAP DISH,Merchandise,True,0.004166373762140976
22547,869.95,2032,198,189,MINI JIGSAW DINOSAUR ,Merchandise,True,0.004161876763281864
23220,869.1500000000001,993,104,103,REINDEER HEART DECORATION GOLD,Merchandise,True,0.004158049530210279
21128,868.25,129,59,57,GOLD FISHING GNOME,Merchandise,True,0.004153743893004746
17033,867.8399999999999,3280,69,69,"BROCADE PURSE,SMALL ARCH BUTTON",Merchandise,True,0.004151782436055558
20936,867.0000000000001,340,78,76,FORKED CACTUS CANDLE,Merchandise,True,0.004147763841330394
85166B,864.1,510,38,38,BLACK METAL BAROQUE PHOTO FRAME,Merchandise,True,0.004133890121445898
85161,863.85,51,33,32,ACRYLIC GEOMETRIC LAMP,Merchandise,True,0.004132694111111028
21255,860.08,476,96,96,"FRENCH BOTTLE , LAVENDER",Merchandise,True,0.004114658275261183
84632,859.25,15,11,11,DECORATIVE HANGING SHELVING UNIT,Merchandise,True,0.004110687520949413
84849A,855.54,483,106,103,HELLO SAILOR BLUE SOAP HOLDER,Merchandise,True,0.004092938727579937
21376,855.36,184,47,46,LARGE  TALL CAMPHOR WOOD TOADSTOOL ,Merchandise,True,0.00409207760013883
84660A,855.26,860,51,51,WHITE STITCHED WALL CLOCK,Merchandise,True,0.004091599196004882
84578,854.91,222,114,112,ELEPHANT TOY WITH BLUE T-SHIRT,Merchandise,True,0.004089924781536063
21478,854.23,204,93,92,SILVER SKULL HOT WATER BOTTLE ,Merchandise,True,0.004086671633425216
22820,852.9300000000001,1365,112,110,GIFT BAG BIRTHDAY,Merchandise,True,0.00408045237968389
85071C,852.53,1291,143,141,"CHARLIE+LOLA""EXTREMELY BUSY"" SIGN",Merchandise,True,0.004078538763148097
47563A,852.19,346,154,151,RETRO LONGBOARD IRONING BOARD COVER,Merchandise,True,0.004076912189092674
22510,851.57,324,92,90,GINGHAM BABUSHKA DOORSTOP,Merchandise,True,0.004073946083462196
20756,851.5600000000001,5728,64,64,GREEN FERN POCKET BOOK,Merchandise,True,0.004073898243048801
21458,849.24,768,88,88,2 PICTURE BOOK EGGS EASTER BUNNY,Merchandise,True,0.004062799267141204
47367B,849.1700000000001,246,99,95,PAIR PADDED HANGERS PINK CHECK,Merchandise,True,0.00406246438424744
90161C,849.0,170,101,100,ANT COPPER LIME BOUDICCA BRACELET,Merchandise,True,0.004061651097219728
84951A,848.76,622,135,135,SET OF 4 PISTACHIO LOVEBIRD COASTER,Merchandise,True,0.004060502927298253
85208,845.34,424,90,87,SET/12 FUNKY FELT FLOWER PEG IN BAG,Merchandise,True,0.004044141505917226
22229,845.3,1007,189,185,BUNNY WOODEN PAINTED WITH FLOWER ,Merchandise,True,0.004043950144263647
21375,845.0899999999999,137,64,61,LARGE CAMPHOR WOOD FIELD MUSHROOM ,Merchandise,True,0.004042945495582356
84509a,844.74,113,75,75,SET OF 4 ENGLISH ROSE PLACEMATS,Merchandise,True,0.004041271081113538
37423,843.88,6168,70,70,WHITE WITH BLACK CATS PLATE,Merchandise,True,0.004037156805561584
21719,841.9599999999999,938,151,141,LOVELY BONBON STICKER SHEET,Merchandise,True,0.004027971446189779
21300,841.7,53,12,12,ANTIQUE EDWARDIAN DRESSER,Merchandise,True,0.004026727595441514
17107D,841.5,330,91,86,"FLOWER FAIRY,5 SUMMER B'DRAW LINERS",Merchandise,True,0.004025770787173618
23564,841.31,644,76,76,EGG CUP MILKMAID INGRID,Merchandise,True,0.004024861819319115
84782A,840.45,119,26,26,PINK 3 TIER GLASS PLATE STAND,Merchandise,True,0.004020747543767162
23551,839.8399999999999,1840,138,136,PACK OF 12 PAISLEY PARK TISSUES ,Merchandise,True,0.004017829278550078
20894,839.1,271,82,79,HANGING BAUBLE T-LIGHT HOLDER LARGE,Merchandise,True,0.004014289087958862
85231L,838.3499999999999,1039,118,116,LAVENDER SCENTED SET/9 T-LIGHTS,Merchandise,True,0.0040107010569542505
17039,837.88,3707,43,43,INLAID WOOD INCENSE HOLDER,Merchandise,True,0.004008452557524695
84762B,837.77,113,48,48,PINK PICNIC BARBECUE BUCKET,Merchandise,True,0.004007926312977352
21552,837.6,165,36,35,CERAMIC BIRDHOUSE BLACK ROSE  LARGE,Merchandise,True,0.0040071130259496405
40018E,837.02,384,81,81,TEA TIME PAPER LANTERNS,Merchandise,True,0.004004338281972741
20776,832.66,3258,85,84,ABSTRACT CIRCLES NOTEBOOK,Merchandise,True,0.003983479861732602
82613C,832.56,775,192,187,"METAL SIGN,CUPCAKE SINGLE HOOK",Merchandise,True,0.003983001457598653
85196,831.04,1564,71,71,EASTER BUNNIES ON A STICK,Merchandise,True,0.003975729714762641
85213,830.66,1379,81,80,MINI  ZINC GARDEN DECORATIONS ,Merchandise,True,0.0039739117790536386
22135,829.43,1661,329,317,MINI LADLE LOVE HEART PINK,Merchandise,True,0.003968027408206076
21654,828.91,1189,84,82,RIDGED GLASS FINGER BOWL,Merchandise,True,0.0039655397067095465
23017,826.28,67,22,22,APOTHECARY MEASURING JAR,Merchandise,True,0.00395295767798671
20699,825.81,300,94,88,MOUSEY LONG LEGS SOFT TOY,Merchandise,True,0.003950709178557154
85188A,824.9699999999999,944,105,105,GREEN METAL SWINGING BUNNY,Merchandise,True,0.003946690583831989
21551,824.95,169,22,22,CERAMIC BIRDHOUSE BUTTERFLY LARGE,Merchandise,True,0.0039465949030052004
79342B,824.9499999999999,119,34,34,BROWN FLOWER LIGHTS,Merchandise,True,0.0039465949030052
21374,824.67,474,72,71,MIRRORED WALL ART SKULLS,Merchandise,True,0.003945255371430145
84534B,824.5799999999999,870,196,187,FAIRY CAKE NOTEBOOK A5 SIZE,Merchandise,True,0.0039448248077095915
84920,824.13,206,90,88,PINK FLOWER FABRIC PONY,Merchandise,True,0.003942671989106825
22825,822.87,103,40,38,DECORATIVE PLANT POT WITH FRIEZE,Merchandise,True,0.003936644097019078
23186,819.4599999999999,1982,71,70,FRENCH STYLE STORAGE JAR CAFE ,Merchandise,True,0.003920330516051446
22344,819.18,1593,135,133,PARTY PIZZA DISH PINK POLKADOT,Merchandise,True,0.003918990984476392
20769,819.01,442,82,79,DAISY JOURNAL ,Merchandise,True,0.00391817769744868
17012A,818.7099999999999,731,99,95,ORIGAMI VANILLA INCENSE/CANDLE SET ,Merchandise,True,0.003916742485046836
85187,818.13,480,113,109,S/12 MINI RABBIT EASTER,Merchandise,True,0.003913967741069936
22289,817.48,764,78,76,"DECORATION , HANGING METAL CHICKEN",Merchandise,True,0.003910858114199274
23324,816.0400000000001,399,44,44,RUSTIC STRAWBERRY JAM POT LARGE ,Merchandise,True,0.0039039690946704206
23106,815.59,291,53,53,ZINC HEARTS PLANT POT HOLDER,Merchandise,True,0.0039018162760676538
37333,815.0,147,60,58,"RETRO ""TEA FOR ONE"" ",Merchandise,True,0.00389899369167736
84970s,813.86,387,103,98,HANGING HEART ZINC T-LIGHT HOLDER,Merchandise,True,0.003893539884550351
22408,813.67,662,97,95,MONEY BOX CONFECTIONERY DESIGN,Merchandise,True,0.0038926309166958492
22447,813.1600000000001,252,84,82,PIN CUSHION BABUSHKA BLUE,Merchandise,True,0.003890191055612714
20833,811.8,52,5,5,SHAKER THROW  QUILTED,Merchandise,True,0.003883684759391019
21222,809.67,623,136,133,SET/4 BADGES BEETLES,Merchandise,True,0.003873494751337924
85145,809.05,91,30,30,JARDIN ETCHED GLASS LARGE BELL JAR,Merchandise,True,0.0038705286457074452
16011,808.98,3858,114,112,ANIMAL STICKERS,Merchandise,True,0.0038701937628136816
47594B,808.39,408,122,122,SCOTTIES DESIGN WASHBAG,Merchandise,True,0.0038673711784233877
84922,808.22,342,17,17,PINK BUTTERFLY WASHBAG,Merchandise,True,0.003866557891395676
23022,808.16,422,24,22,SMALL BONNE JAM JAR  T-LIGHT HOLDER,Merchandise,True,0.0038662708489153063
21454,807.6,937,197,194,PAINTED PINK RABBIT ,Merchandise,True,0.0038635917857651977
20901,806.58,91,67,67,VINTAGE KEEPSAKE BOX PINK FLOWER,Merchandise,True,0.0038587120635989263
84767,806.22,195,6,6,ZINC POLICE BOX LANTERN,Merchandise,True,0.003856989808716713
47574A,805.48,576,131,129,ENGLISH ROSE SCENTED HANGING FLOWER,Merchandise,True,0.0038534496181254966
84951B,802.73,565,121,120,SET OF 4 BLACK LOVEBIRD COASTERS,Merchandise,True,0.003840293504441923
23409,801.68,215,43,43,PHOTO FRAME LINEN AND LACE LARGE,Merchandise,True,0.003835270261035467
85044,801.4,149,40,40,RED REINDEER STRING OF 20 LIGHTS,Merchandise,True,0.0038339307294604124
85017A,799.8,1166,180,174,ENVELOPE 50 ROMANTIC IMAGES,Merchandise,True,0.003826276263317242
72801G,798.62,1325,66,64,4 BURGUNDY WINE DINNER CANDLES,Merchandise,True,0.0038206310945366542
21015,797.3299999999999,1720,194,186,DARK BIRD HOUSE TREE DECORATION,Merchandise,True,0.0038144596812087223
21455,797.27,901,171,167,PAINTED YELLOW WOODEN DAISY,Merchandise,True,0.003814172638728354
20997,796.74,170,83,83,ROSE DU SUD CUSHION COVER ,Merchandise,True,0.0038116370968184292
21723,796.2099999999999,895,142,135,ALPHABET HEARTS STICKER SHEET,Merchandise,True,0.0038091015549085033
22058,795.72,520,110,103,CERAMIC LOVE HEARTS DESIGN MUG,Merchandise,True,0.003806757374652158
23487,795.5799999999999,80,44,44,SWEET HEART CAKE CARRIER,Merchandise,True,0.0038060876088646303
37494A,793.44,237,51,51,FAIRY CAKE CERAMIC BUTTER DISH,Merchandise,True,0.0037958497603981407
23521,793.37,413,44,44,WALL ART CAT AND BIRD ,Merchandise,True,0.003795514877504377
84625D,793.34,650,52,51,WHITE NEWBAROQUE CANDLESTICK CANDLE,Merchandise,True,0.0037953713562641923
35915C,793.32,662,82,82,PEACH KNITTED HEN ,Merchandise,True,0.003795275675437403
23519,792.31,224,24,24,EMBROIDERED RIBBON REEL CLAIRE,Merchandise,True,0.0037904437936845258
45008C,792.0699999999999,83,34,34,DECORATIVE NET CANOPY CREAM,Merchandise,True,0.00378929562376305
84712B,791.01,101,61,60,PINK JEWELLED PHOTO FRAME,Merchandise,True,0.0037842245399432005
23335,790.7800000000001,377,97,96,EGG FRYING PAN IVORY ,Merchandise,True,0.00378312421043512
23568,787.52,630,48,48,EGG CUP HENRIETTA HEN CREAM ,Merchandise,True,0.00376752823566841
90200B,783.95,185,85,84,BLACK SWEETHEART BRACELET,Merchandise,True,0.003750449208086462
72799C,783.1,471,48,48,PINK PILLAR CANDLE SILVER FLOCK,Merchandise,True,0.0037463827729479022
20989,782.18,407,57,57,URBAN CHIC CHOPSTICKS SET/5,Merchandise,True,0.0037419814549155797
20910,781.8199999999999,108,48,47,VINTAGE PHOTO ALBUM PARIS DAYS,Merchandise,True,0.0037402592000333663
37461,779.89,743,97,95,FUNKY MONKEY MUG,Merchandise,True,0.003731026000248167
21456,776.05,738,66,65,2 PICTURE BOOK EGGS EASTER CHICKS,Merchandise,True,0.003712655281504558
90200A,770.91,182,104,99,PURPLE SWEETHEART BRACELET,Merchandise,True,0.0036880653090196236
35095B,770.84,1957,181,177,RED VICTORIAN FABRIC OVAL BOX,Merchandise,True,0.0036877304261258605
22640,770.49,359,90,87,SET OF 4 NAPKIN CHARMS 3 KEYS ,Merchandise,True,0.0036860560116570417
23115,770.32,152,45,45,RED APPLES CHOPPING BOARD   ,Merchandise,True,0.00368524272462933
84761,768.8499999999999,276,61,61,IVORY HANGING BIRD PLANTER ,Merchandise,True,0.0036782101838602915
21554,767.75,167,22,22,CERAMIC BIRDHOUSE RED ROOF LARGE,Merchandise,True,0.0036729477383868627
72755C,767.0,592,14,14,FLOWER FAIRY OIL BURNER SET ROSE,Merchandise,True,0.0036693597073822514
72750A,766.85,383,16,16,"F.FAIRY S/3 CANDLE/GLASS,LILY/VALLY",Merchandise,True,0.0036686421011813295
84029C,766.19,204,48,48,BROWN FURRY HOT WATER BOTTLE,Merchandise,True,0.003665484633897272
23140,766.1,182,52,52,TRIPLE WIRE HOOK IVORY HEART,Merchandise,True,0.0036650540701767182
16259,766.09,5473,55,55,PIECE OF CAMO STATIONERY SET,Merchandise,True,0.0036650062297633236
84952C,765.13,413,47,42,MIRROR LOVE BIRD T-LIGHT HOLDER,Merchandise,True,0.0036604135500774215
16244B,765.02,345,29,28,MAXWELL 2 TONE BLUE 60 PAGE PHOTO A,Merchandise,True,0.003659887305530078
23550,763.1,1855,64,64,WRAP ALPHABET POSTER  ,Merchandise,True,0.003650701946158274
35811A,762.97,434,84,84,ENAMEL PINK SUGAR CONTAINER,Merchandise,True,0.0036500800207841418
23006,762.75,1758,173,173,TRAVEL CARD WALLET FLOWER MEADOW,Merchandise,True,0.003649027531689455
23458,762.4499999999999,51,30,30,DOLLY CABINET 3 DRAWERS ,Merchandise,True,0.003647592319287611
22124,761.97,302,134,132,SET OF 2 TEA TOWELS PING MICROWAVE,Merchandise,True,0.00364529597944466
84762C,761.25,105,43,43,GREEN PICNIC BARBECUE BUCKET,Merchandise,True,0.0036418514696802333
21377,760.8299999999999,527,101,98,SMALL CAMPHOR WOOD FIELD  MUSHROOM,Merchandise,True,0.003639842172317651
23025,760.8000000000001,350,54,54,DRAWER KNOB VINTAGE GLASS BALL,Merchandise,True,0.003639698651077467
90209C,760.79,402,68,66,PINK ENAMEL+GLASS HAIR COMB,Merchandise,True,0.0036396508106640714
23123,759.57,935,95,95,COCKTAIL SWORDS 50 PIECES,Merchandise,True,0.003633814280229905
84663A,758.21,375,66,64,GRASS HOPPER WOODEN WALL CLOCK ,Merchandise,True,0.0036273079840082097
22638,758.18,414,78,74,SET OF 4 NAPKIN CHARMS CROWNS ,Merchandise,True,0.003627164462768025
23282,757.86,812,137,135,FOLDING BUTTERFLY MIRROR IVORY ,Merchandise,True,0.0036256335695393914
85131B,757.09,979,225,216,BEADED CRYSTAL HEART GREEN ON STICK,Merchandise,True,0.003621949857707991
21298,755.8,52,14,14,EDWARDIAN 2 DRAWER WALL CABINET ,Merchandise,True,0.0036157784443800593
85135A,754.59,94,63,63,YELLOW DRAGONFLY HELICOPTER,Merchandise,True,0.003609989754359287
47581B,753.77,46,36,36,FAIRY CAKE WICKER PICNIC BASKET ,Merchandise,True,0.0036060668404609125
17165B,751.68,810,61,57,ASS COL LARGE SAND GECKO P'WEIGHT,Merchandise,True,0.003596068194061396
21194,751.5,578,97,95,PINK  HONEYCOMB PAPER FAN,Merchandise,True,0.0035952070666202896
23124,751.38,567,43,43,18PC WOODEN CUTLERY SET DISPOSABLE,Merchandise,True,0.0035946329816595513
84653,750.48,14,12,12,GREEN ROSE QUILT ,Merchandise,True,0.003590327344454018
21319,750.33,510,66,65,GLASS CHALICE GREEN  SMALL ,Merchandise,True,0.0035896097382530964
23223,750.19,801,89,88,CHRISTMAS TREE HANGING SILVER ,Merchandise,True,0.003588939972465569
21344,749.82,166,26,26,MOROCCAN BEATEN METAL DISH,Merchandise,True,0.003587169877169961
90209B,749.65,389,103,97,GREEN ENAMEL+GLASS HAIR COMB,Merchandise,True,0.003586356590142249
90161B,749.43,150,78,76,ANT COPPER TURQ BOUDICCA BRACELET,Merchandise,True,0.0035853041010475623
21001,749.01,148,95,90,ROSE DU SUD WASHBAG ,Merchandise,True,0.003583294803684981
84615,748.48,240,21,21,PINK ROUND BUTTERFLY MIRROR ,Merchandise,True,0.003580759261775056
35647,748.24,563,75,74,VINTAGE BEAD PINK SHADE ,Merchandise,True,0.0035796110918535798
84620,746.61,121,50,50,BLUE GINGHAM ROSE CUSHION COVER,Merchandise,True,0.0035718131044702255
84842,744.15,1505,35,35,HELLO SAILOR BATHROOM SET,Merchandise,True,0.003560044362775101
72800A,743.26,674,46,46,S/4 BLACK DINNER CANDLE SILVER FLOC,Merchandise,True,0.0035557865659829623
84689,742.9,312,40,40,S/2 BEACH HUT TREASURE CHESTS,Merchandise,True,0.003554064311100749
20854,742.78,459,114,107,BLUE PATCH PURSE PINK HEART,Merchandise,True,0.003553490226140011
84821,742.5,1318,75,74,DANISH ROSE DELUXE COASTER,Merchandise,True,0.0035521506945649563
23325,740.9399999999999,462,35,35,RUSTIC STRAWBERRY JAM POT SMALL,Merchandise,True,0.0035446875900753652
21503,740.42,1801,64,64,TOYBOX  WRAP ,Merchandise,True,0.0035421998885788353
23114,737.95,149,45,45,VINTAGE LEAF CHOPPING BOARD  ,Merchandise,True,0.0035303833064703164
85130C,737.89,659,69,68,BEADED CRYSTAL HEART BLUE  LARGE,Merchandise,True,0.003530096263989947
84033,735.38,392,50,49,FLAG OF ST GEORGE ,Merchandise,True,0.003518088320227849
84715,734.8900000000001,241,47,47,SET OF 6 ICE CREAM SKITTLES,Merchandise,True,0.0035157441399715035
21415,734.57,351,84,82,CLAM SHELL SMALL ,Merchandise,True,0.003514213246742869
79030D,734.26,1016,63,61,TUMBLER BAROQUE,Merchandise,True,0.0035127301939276295
23454,733.2,174,55,52,THREE MINI HANGING FRAMES,Merchandise,True,0.0035076591101077794
84708B,732.7900000000001,142,54,53,PINK JEWELLED PHOTO FRAME ,Merchandise,True,0.0035056976531585926
85230F,732.66,2970,63,62,JASMINE VOTIVE CANDLE,Merchandise,True,0.003505075727784459
23435,732.4200000000001,824,99,99,3 RAFFIA RIBBONS VINTAGE CHRISTMAS,Merchandise,True,0.003503927557862984
21365,731.5300000000001,476,81,77,MIRRORED WALL ART STARS,Merchandise,True,0.003499669761070846
ADJUST2,731.0500000000001,3,3,3,Adjustment by Peter on Jun 25 2010 ,Merchandise,True,0.0034973734212278944
47503F,729.9499999999999,2567,11,11,ASS FLORAL PRINT TORCH,Merchandise,True,0.0034921109757544647
22100,729.55,1016,138,127,SKULLS SQUARE TISSUE BOX,Merchandise,True,0.0034901973592186717
21378,728.97,560,88,88,SMALL TALL CAMPHOR WOOD TOADSTOOL,Merchandise,True,0.003487422615241773
35095A,728.9200000000001,1813,169,166,BLUE VICTORIAN FABRIC OVAL BOX,Merchandise,True,0.003487183413174799
21221,728.4399999999999,547,111,107,SET/4 BADGES CUTE CREATURES,Merchandise,True,0.003484887073331848
21443,727.9300000000001,257,26,26,OLIVE CHALET BIRDFEEDER,Merchandise,True,0.0034824472122487126
20657,727.72,1878,119,118,TROPICAL LUGGAGE TAG,Merchandise,True,0.003481442563567421
23522,727.4399999999999,354,32,32,WALL ART DOG AND BALL ,Merchandise,True,0.0034801030319923662
84976,726.12,675,57,56,RECTANGULAR SHAPED MIRROR,Merchandise,True,0.0034737880974242507
23562,724.59,251,43,43,SET OF 6 RIBBONS PERFECTLY PRETTY  ,Merchandise,True,0.003466468514174844
21026,724.25,553,129,124,SPACE OWL,Merchandise,True,0.0034648419401194204
22345,724.12,1480,133,128,PARTY PIZZA DISH BLUE POLKADOT,Merchandise,True,0.0034642200147452884
85017C,723.92,1092,122,119,ENVELOPE 50 CURIOUS IMAGES,Merchandise,True,0.0034632632064773915
85088,723.85,347,79,78,CANDY SPOT HAND BAG,Merchandise,True,0.0034629283235836283
84595E,723.5699999999999,367,43,43,LARGE TORTILLA DESIGN RED BOWL,Merchandise,True,0.003461588792008573
84971L,723.51,585,59,58,LARGE HEART FLOWERS HOOK   ,Merchandise,True,0.0034613017495282042
84569A,722.44,576,117,112,PACK 3 IRON ON DOG PATCHES,Merchandise,True,0.0034561828252949595
20701,721.49,353,50,50,PINK CAT FLORAL CUSHION COVER ,Merchandise,True,0.003451637986022452
10134,721.13,625,54,52,COLOURING PENCILS BROWN TUBE,Merchandise,True,0.0034499157311402386
84684,720.6999999999999,609,40,40,BEACH HUT PHOTO FRAME,Merchandise,True,0.003447858593364261
21379,719.23,650,128,125,CAMPHOR WOOD PORTOBELLO MUSHROOM,Merchandise,True,0.003440826052595224
23222,718.53,799,77,75,CHRISTMAS TREE HANGING GOLD,Merchandise,True,0.003437477223657587
35951,717.99,1352,46,46,FOLKART BAUBLE CHRISTMAS DECORATION,Merchandise,True,0.003434893841334267
72131,717.63,761,61,56,COLUMBIAN CANDLE RECTANGLE,Merchandise,True,0.0034331715864520536
21265,717.41,323,36,34,PINK GOOSE FEATHER TREE 60CM,Merchandise,True,0.003432119097357368
21457,716.0,685,65,65,2 PICTURE BOOK EGGS EASTER DUCKS,Merchandise,True,0.0034253735990686985
22641,715.06,303,71,69,SET OF 4 NAPKIN CHARMS INSTRUMENT,Merchandise,True,0.0034208766002095862
21076,714.55,843,94,92,SET/20 COLLAGE PAPER NAPKIN ,Merchandise,True,0.003418436739126451
20763,714.23,269,76,74,DAISY SKETCHBOOK ,Merchandise,True,0.0034169058458978167
20850,713.8000000000001,820,23,23,ZINC HEART LATTICE PLANTER BOWL,Merchandise,True,0.00341484870812184
35915B,713.73,563,68,67,BLUE KNITTED HEN ,Merchandise,True,0.0034145138252280765
21133,712.9100000000001,410,42,42,PAINTED BIRD ASSORTED CHRISTMAS,Merchandise,True,0.003410590911329702
16015,711.88,1573,66,65,MEDIUM CHINESE STYLE SCISSOR,Merchandise,True,0.003405663348750035
23042,711.51,103,28,28,PAPER LANTERN 7 POINT SNOW STAR,Merchandise,True,0.003403893253454427
23070,709.5400000000001,160,44,44,EDWARDIAN HEART PHOTO FRAME,Merchandise,True,0.003394468692015649
21442,706.63,974,137,136,GREEN BIRDHOUSE DECORATION,Merchandise,True,0.003380547131717758
21308,705.9,132,6,6,LOUVRE VANITY MIRROR,Merchandise,True,0.0033770547815399365
22981,704.13,471,108,105,PANTRY APPLE CORER,Merchandise,True,0.0033685870283690546
84869,703.54,302,26,26,CANDY BUTTON PHOTO ALBUM,Merchandise,True,0.00336576444397876
84563A,703.0,142,64,62,PINK & WHITE BREAKFAST TRAY,Merchandise,True,0.00336318106165544
90161D,702.79,141,77,75,ANT COPPER PINK BOUDICCA BRACELET,Merchandise,True,0.0033621764129741494
84872a,702.5899999999999,64,50,45,TEATIME FUNKY FLOWER BACKPACK FOR 2,Merchandise,True,0.0033612196047062524
84952B,701.74,427,48,44,BLACK LOVE BIRD T-LIGHT HOLDER,Merchandise,True,0.003357153169567694
84917,698.66,232,56,53,WHITE HAND TOWEL WITH BUTTERFLY,Merchandise,True,0.003342418322242091
21740,698.0100000000001,201,67,66,COSY SLIPPER SHOES LARGE RED,Merchandise,True,0.0033393086953714284
84584,696.75,282,75,75,PINK GINGHAM CAT WITH SCARF,Merchandise,True,0.0033332808032836814
90082D,696.1,108,53,51,DIAMANTE BOW BROOCH BLACK COLOUR,Merchandise,True,0.0033301711764130186
85231E,695.23,835,107,106,STRAWBERRY SCENTED SET/9 T-LIGHTS,Merchandise,True,0.00332600906044767
22036,695.11,1649,135,135,DINOSAUR BIRTHDAY CARD,Merchandise,True,0.0033254349754869325
23187,695.06,2338,75,74,FRENCH STYLE STORAGE JAR BONBONS,Merchandise,True,0.0033251957734199574
20898,693.9200000000001,327,55,53,VINTAGE NOTEBOOK TRAVELOGUE,Merchandise,True,0.0033197419662929495
72755D,693.25,533,13,13,FLOWER FAIRY OIL BURNER SET SUMMER,Merchandise,True,0.0033165366585954964
17012F,693.1999999999999,591,112,107,ORIGAMI SANDLEWOOD INCENSE/CAND SET,Merchandise,True,0.003316297456528522
35964,693.08,1189,136,132,FOLKART CLIP ON STARS,Merchandise,True,0.003315723371567785
85096,692.16,166,69,66,HILDA CANDY SPOT RABBIT,Merchandise,True,0.003311322053535462
20862,691.1400000000001,325,37,37,PINK PATCH PENCIL CASE BLUE HEART,Merchandise,True,0.0033064423313691913
72753A,690.24,315,14,14,S/3 FLWR FAIRY LILLY CANDLES,Merchandise,True,0.0033021366941636578
20856,688.9399999999999,417,126,122,DENIM PATCH PURSE PINK BUTTERFLY,Merchandise,True,0.0032959174404223316
84931B,688.73,274,83,83,BLUE SCOTTIE DOG W FLOWER PATTERN,Merchandise,True,0.003294912791741041
37444C,688.49,1657,57,54,PINK BREAKFAST CUP AND SAUCER ,Merchandise,True,0.003293764621819565
85186A,688.42,1476,163,159,EASTER BUNNY GARLAND OF FLOWERS,Merchandise,True,0.003293429738925801
47594A,684.4599999999999,346,107,105,CAROUSEL DESIGN WASHBAG,Merchandise,True,0.0032744849352214548
90160C,684.22,98,46,45,TURQ+RED BOUDICCA LARGE BRACELET,Merchandise,True,0.003273336765299979
21197,683.26,466,48,45,MULTICOLOUR  CONFETTI IN TUBE,Merchandise,True,0.003268744085614077
62094B,683.05,306,68,67,TURQ ICE CREAM BUM BAG ,Merchandise,True,0.0032677394369327855
37492D,682.99,361,26,26,PURPLE GREEN FLOWER PIGGY BANK,Merchandise,True,0.0032674523944524175
23120,682.39,1685,105,100,PACK OF 6 SMALL FRUIT STRAWS,Merchandise,True,0.0032645819696487284
85023B,682.35,293,38,38,EAU DE NILE JEWELLED PHOTOFRAME,Merchandise,True,0.0032643906079951493
17165D,682.32,716,93,89,ASS COL LARGE SAND FROG P'WEIGHT,Merchandise,True,0.003264247086754965
22033,681.93,1603,128,128,BOTANICAL ROSE GREETING CARD,Merchandise,True,0.0032623813106325665
84865,681.9,81,52,48,NEW BAROQUE BLACK PHOTO ALBUM,Merchandise,True,0.003262237789392382
85084,681.4,682,87,84,HOLLY TOP CHRISTMAS STOCKING,Merchandise,True,0.003259845768722642
21674,680.8499999999999,43,9,9,RIDGED GLASS PENDANT LAMPSHADE,Merchandise,True,0.0032572145459859266
21386,680.78,1148,110,105,IVORY HANGING DECORATION  EGG,Merchandise,True,0.0032568796630921635
84925D,680.0,453,27,26,LA PALMIERA WALL THERMOMETER,Merchandise,True,0.0032531481108473677
21847,679.58,348,73,71,GREEN  DIAMANTE PEN IN GIFT BOX,Merchandise,True,0.003251138813484786
23597,679.07,249,31,31,PAPER BUNTING PAISLEY PARK,Merchandise,True,0.0032486989524016506
75013B,677.87,395,82,76,"STRING OF 8 BUTTERFLIES,PINK",Merchandise,True,0.0032429581027942724
84916,676.91,267,63,58,HAND TOWEL PALE BLUE W FLOWERS,Merchandise,True,0.00323836542310837
21750,676.48,312,63,62,LARGE SKULL WINDMILL,Merchandise,True,0.0032363082853323934
84824,676.4499999999999,38,32,32,DANISH ROSE UMBRELLA STAND,Merchandise,True,0.0032361647640922085
21263,676.02,302,60,56,GREEN GOOSE FEATHER TREE 60CM,Merchandise,True,0.003234107626316232
23428,675.91,77,33,33,IVORY RETRO KITCHEN WALL CLOCK,Merchandise,True,0.0032335813817688883
22034,674.75,1620,95,94,ROBIN CHRISTMAS CARD,Merchandise,True,0.00322803189381509
21879,672.71,1576,157,152,HEARTS GIFT TAPE,Merchandise,True,0.0032182724494825487
21884,672.5600000000001,1454,166,161,CAKES AND BOWS GIFT  TAPE,Merchandise,True,0.003217554843281626
46776E,670.52,207,79,77,WOVEN CANDY CUSHION COVER ,Merchandise,True,0.0032077953989490837
90184B,670.23,74,48,47,AMETHYST CHUNKY BEAD BRACELET W STR,Merchandise,True,0.0032064080269606342
72023F,669.62,640,51,49,RED ORGANIC CANDLE IN GLASS,Merchandise,True,0.0032034897617435505
85205B,669.38,241,62,61,PINK FELT EASTER RABBIT GARLAND,Merchandise,True,0.003202341591822075
85203,669.27,1467,233,224,HANGING WOOD AND FELT BUTTERFLY ,Merchandise,True,0.0032018153472747318
16169K,669.25,2100,61,60,WRAP FOLK ART,Merchandise,True,0.0032017196664479424
23024,667.8500000000001,255,11,11,LARGE BONNE JAM JAR  T-LIGHT HOLDER,Merchandise,True,0.003195022008572669
82613A,667.47,492,116,116,"METAL SIGN,CUPCAKE SINGLE HOOK",Merchandise,True,0.0031932040728636655
21441,667.3199999999999,941,136,133,BLUE BIRDHOUSE DECORATION,Merchandise,True,0.0031924864666627428
21247,664.73,422,81,81,SET OF RED SALAD SERVERS ,Merchandise,True,0.0031800957995934864
85019C,663.94,426,26,25,CURIOUS  IMAGES NOTEBOOK SET,Merchandise,True,0.003176316406935296
17012D,663.74,522,118,116,ORIGAMI ROSE INCENSE/CANDLE SET ,Merchandise,True,0.0031753595986674
71403,661.95,178,71,69,"PINK/WHITE ""KEEP CLEAN"" BULLET BIN",Merchandise,True,0.0031667961646697283
23547,661.5,1575,62,62,WRAP FLOWER SHOP  ,Merchandise,True,0.0031646433460669615
17109C,661.23,3124,15,15,FLOWER FAIRY INCENSE ROSE,Merchandise,True,0.0031633516549053014
90184C,661.23,73,50,49,BLACK CHUNKY BEAD BRACELET W STRAP,Merchandise,True,0.0031633516549053014
23482,661.02,418,39,39,PEARLISED IVORY HEART LARGE ,Merchandise,True,0.0031623470062240103
37474,661.0,64,46,44,SET/4 2 TONE EGG SHAPE MIXING BOWLS,Merchandise,True,0.0031622513253972205
85188B,660.88,748,76,74,PINK METAL SWINGING BUNNY,Merchandise,True,0.003161677240436483
84993A,660.79,1498,181,177,75 GREEN PETIT FOUR CASES,Merchandise,True,0.0031612466767159293
21764,659.1500000000001,17,11,11,VINTAGE WOODEN PLATE RACK,Merchandise,True,0.0031534008489191804
85186C,658.19,1400,156,152,BUNNY EGG GARLAND,Merchandise,True,0.0031488081692332783
46776D,658.07,153,76,76,WOVEN SUNSET CUSHION COVER ,Merchandise,True,0.00314823408427254
22056,656.87,607,34,34,CERAMIC PLATE LOVE HEART DESIGN,Merchandise,True,0.003142493234665162
85028S,656.82,430,34,33,FRENCH CHATEAU SMALL FRUITBOWL,Merchandise,True,0.0031422540325981886
22042,655.52,1805,138,128,CHRISTMAS CARD SINGING ANGEL,Merchandise,True,0.0031360347788568625
22054,655.01,361,78,74,MINI CAKE STAND HANGING HEARTS,Merchandise,True,0.0031335949177737268
21307,654.27,751,74,72,SET/4 BUTTERFLY MIRROR MAGNETS,Merchandise,True,0.003130054727182511
85028L,654.01,271,27,27,FRENCH CHATEAU LARGE FRUIT BOWL ,Merchandise,True,0.003128810876434245
85168B,652.17,72,52,52,BLACK BAROQUE CARRIAGE CLOCK,Merchandise,True,0.0031200082403695993
20618,650.64,298,138,137,QUEEN OF THE SKIES PASSPORT COVER ,Merchandise,True,0.003112688657120193
20714,649.8199999999999,1580,28,28,POSY SHOPPER BAG,Merchandise,True,0.0031087657432218177
23224,649.02,738,71,71,CHERUB HEART DECORATION GOLD,Merchandise,True,0.003104938510150233
85215,648.44,838,69,66,ASSORTED CHEESE FRIDGE MAGNETS,Merchandise,True,0.0031021637661733338
21350,647.7500000000001,225,44,42,GINGHAM HEART WREATH,Merchandise,True,0.0030988627776490922
21003,647.75,109,64,64,ROSE DU SUD CUSHION COVER,Merchandise,True,0.003098862777649092
17084N,647.66,2798,191,187,FAIRY DREAMS INCENSE ,Merchandise,True,0.003098432213928538
17164B,647.4,1622,83,81,ASS COL SMALL SAND GECKO P'WEIGHT,Merchandise,True,0.003097188363180273
21134,646.4399999999999,377,48,46,VICTORIAN METAL POSTCARD CHRISTMAS,Merchandise,True,0.003092595683494371
47597,644.88,322,126,124,NEW ENGLAND TEATOWELS,Merchandise,True,0.00308513257900478
23408,644.8000000000001,310,59,59,PHOTO FRAME LINEN AND LACE SMALL,Merchandise,True,0.0030847498556976216
17181,642.66,353,67,65,CIRCLE OF FRIENDS CANDLE HOLDER,Merchandise,True,0.0030745120072311312
85185D,642.0100000000001,197,68,66,FROG SOCK PUPPET,Merchandise,True,0.003071402380360469
16169M,640.95,2060,60,59,WRAP DAISY CARPET ,Merchandise,True,0.0030663312965406183
21816,640.24,424,52,50,CHRISTMAS TREE T-LIGHT HOLDER,Merchandise,True,0.003062934627189586
84507C,639.74,435,73,70,BLUE CIRCLES DESIGN MONKEY DOLL,Merchandise,True,0.003060542606519846
84520D,639.47,699,94,94,PACK OF 20 FAIRY CAKE PAPER NAPKINS,Merchandise,True,0.003059250915358186
84986B,639.06,432,76,75,SET OF 36 SILVER PAPER DOILIES,Merchandise,True,0.0030572894584089978
35004P,638.97,120,43,43,SET OF 3 PINK FLYING DUCKS,Merchandise,True,0.003056858894688445
21665,638.8,879,78,75,TRIANGULAR RIDGED GLASS POSY HOLDER,Merchandise,True,0.003056045607660733
84601A,638.34,260,15,15,NEW BAROQUE IVORY CUSHION COVER ,Merchandise,True,0.0030538449486445718
84766,638.0,200,27,27,SILVER ROCOCO CANDLE STICK,Merchandise,True,0.0030522183745891477
47592A,637.37,331,101,101,CAROUSEL DES CHILD'S OVERALL,Merchandise,True,0.0030492044285452746
84707B,636.94,81,53,51,PINK JEWELLED MIRROR TRINKET TRAY,Merchandise,True,0.003047147290769298
16169N,636.75,2050,57,56,WRAP BLUE RUSSIAN FOLKART,Merchandise,True,0.003046238322914796
23492,635.38,76,28,28,VINTAGE JINGLE BELLS WREATH,Merchandise,True,0.0030396841862797065
20819,635.24,229,66,65,SILVER TEDDY BEAR,Merchandise,True,0.0030390144204921793
22391,635.19,323,66,66,PAPERWEIGHT HOME SWEET HOME,Merchandise,True,0.0030387752184252055
23456,634.1,158,36,36,MEDIUM PARLOUR PICTURE FRAME ,Merchandise,True,0.0030335606133651705
84247G,633.76,1487,111,107,"DECOUPAGE,GREETING CARD,",Merchandise,True,0.0030319340393097464
20696,633.18,153,62,60,FLORAL SOFT CAR TOY,Merchandise,True,0.003029159295332847
23216,630.73,525,45,44,LAUREL HEART ANTIQUE GOLD,Merchandise,True,0.003017438394051118
84964A,630.0,11,2,2,PINK PAINTED KASHMIRI TABLE,Merchandise,True,0.0030139460438732965
90195A,629.9499999999999,75,46,44,PURPLE GEMSTONE BRACELET,Merchandise,True,0.0030137068418063222
22043,629.88,2222,130,125,CHRISTMAS CARD SCREEN PRINT ,Merchandise,True,0.0030133719589125587
23019,629.05,81,28,28,SMALL APOTHECARY MEASURING JAR ,Merchandise,True,0.0030094012046007887
15056p,628.72,50,41,38,EDWARDIAN PARASOL PINK,Merchandise,True,0.00300782247095876
85230E,628.41,2445,66,66,STRAWBRY SCENTED VOTIVE CANDLE,Merchandise,True,0.003006339418143521
84596J,628.01,813,141,138,MIXED NUTS LIGHT GREEN BOWL,Merchandise,True,0.0030044258016077284
23027,627.95,295,30,30,DRAWER KNOB VINTAGE GLASS HEXAGON,Merchandise,True,0.00300413875912736
22263,627.38,836,107,105,FELT EGG COSY LADYBIRD ,Merchandise,True,0.003001411855563855
71101E,626.13,777,48,47,STANDING FAIRY POLE SUPPORT ,Merchandise,True,0.0029954318038895034
22092,625.41,959,144,140,BLUE PAISLEY TISSUE BOX,Merchandise,True,0.002991987294125077
85218,625.1999999999999,1992,2,2,S/5 MINI ICE CREAM FRIDGE MAGNETS,Merchandise,True,0.0029909826454437853
21004,625.07,137,71,70,ROSE DU SUD CHILDS APRON,Merchandise,True,0.0029903607200696533
82616A,624.21,316,52,52,BUBBLE GUM SCARF KNITTING KIT,Merchandise,True,0.0029862464445176993
90199C,623.39,105,36,31,5 STRAND GLASS NECKLACE CRYSTAL,Merchandise,True,0.0029823235306193244
22346,622.81,1312,105,103,PARTY PIZZA DISH GREEN POLKADOT,Merchandise,True,0.002979548786642425
85114c,622.72,188,43,42,RED ENCHANTED FOREST PLACEMAT,Merchandise,True,0.0029791182229218717
85092,622.57,391,24,24,CANDY SPOT TEA COSY,Merchandise,True,0.00297840061672095
20694,622.33,166,55,54,FLORAL PINK MONSTER,Merchandise,True,0.0029772524467994743
23425,621.44,275,56,56,STORAGE TIN HOME SWEET HOME,Merchandise,True,0.002972994650007336
23180,621.09,122,49,49,MUM'S KITCHEN CLOCK,Merchandise,True,0.0029713202355385175
16156N,619.5,1475,56,56,"WRAP, FRIENDSHIP ON GREEN",Merchandise,True,0.0029637136098087415
20655,618.5,420,197,189,QUEEN OF SKIES LUGGAGE TAG,Merchandise,True,0.0029589295684692603
18094C,616.91,446,100,98,WHITE AND BLUE CERAMIC OIL BURNER,Merchandise,True,0.0029513229427394843
23471,616.79,65,27,27,SIX DRAWER OFFICE TIDY,Merchandise,True,0.002950748857778747
23453,615.98,316,49,47,OVAL  MINI PORTRAIT FRAME,Merchandise,True,0.002946873784293767
72772,615.84,457,9,9,SET/4 SCENTED CANDLES IN RAMEKINS,Merchandise,True,0.0029462040185062395
84876D,615.52,335,36,35,BLUE HEART COMPACT MIRROR,Merchandise,True,0.002944673125277605
84932C,615.4,282,34,34,SMALL ORIENTAL BLUE FOLDING STOOL,Merchandise,True,0.002944099040316868
90143,614.7,81,43,41,SILVER BRACELET W PASTEL FLOWER,Merchandise,True,0.0029407502113792307
20689,614.1,429,41,41,RETRO SISTERS EXPRESSO CUPS,Merchandise,True,0.002937879786575542
90198A,613.67,145,85,84,VINTAGE ROSE BEAD BRACELET RASPBERR,Merchandise,True,0.0029358226487995647
84859A,613.53,293,60,58,SILVER DISCO HANDBAG,Merchandise,True,0.0029351528830120375
16012,613.05,2925,85,83,FOOD/DRINK SPONGE STICKERS,Merchandise,True,0.0029328565431690863
47583A,612.8199999999999,71,6,6,SET OF 3 WICKER BASKET ROSE,Merchandise,True,0.0029317562136610053
37351,612.5099999999999,5404,11,11,ORANGE FLOWER MUG ,Merchandise,True,0.0029302731608457657
23018,612.1600000000001,51,21,21,LARGE APOTHECARY MEASURING JAR ,Merchandise,True,0.0029285987463769482
22538,612.13,1445,87,86,MINI JIGSAW GO TO THE FAIR,Merchandise,True,0.0029284552251367633
79190B,611.93,1503,138,136,RETRO PLASTIC POLKA TRAY,Merchandise,True,0.0029274984168688673
79315W,611.51,199,13,13,FLYING SAUCER TABLE LIGHT IN WHITE,Merchandise,True,0.002925489119506285
35972,611.38,440,88,87,DAISY FOLKART HEART DECORATION,Merchandise,True,0.0029248671941321525
84051,611.38,750,62,60,ASS COLOUR GLOWING TIARAS,Merchandise,True,0.0029248671941321525
84858C,611.0699999999999,347,30,30,PINK RIVIERA HANDBAG,Merchandise,True,0.002923384141316913
gift_0001_30,610.09,24,24,24,Dotcomgiftshop Gift Voucher £30.00,Merchandise,True,0.0029186957808042214
20695,608.83,143,62,61,FLORAL BLUE MONSTER,Merchandise,True,0.002912667888716475
21173,607.96,340,78,77,LOO ROLL  METAL SIGN ,Merchandise,True,0.002908505772751126
62096A,607.79,395,93,89,PINK/YELLOW FLOWERS HANDBAG,Merchandise,True,0.002907692485723414
21416,606.8100000000002,752,24,22,CLAM SHELL LARGE,Merchandise,True,0.002903004125210723
85169D,606.49,522,89,88,PINK LOVE BIRD CANDLE,Merchandise,True,0.0029014732319820884
82011C,602.68,133,73,71,BATHROOM SCALES FOOTPRINTS IN SAND,Merchandise,True,0.0028832460344786637
84932A,602.6,262,24,24,SMALL GREEN PEONY FOLDING STOOL,Merchandise,True,0.002882863311171506
17109D,601.69,1259,40,38,FLOWER FAIRY INCENSE BOUQUET,Merchandise,True,0.0028785098335525777
20863,601.53,293,50,50,BLUE PATCH PENCIL CASE PINK HEART,Merchandise,True,0.0028777443869382603
82095,600.91,100,48,48,HEART BUTTONS JEWELLERY BOX,Merchandise,True,0.002874778281307782
23520,600.55,167,32,32,EMBROIDERED RIBBON REEL RUBY ,Merchandise,True,0.0028730560264255685
21167,600.17,2495,118,114,WHITE SAGE INCENSE,Merchandise,True,0.0028712380907165653
85146,599.38,118,31,29,JARDIN ETCHED GLASS SMALL BELL JAR,Merchandise,True,0.0028674586980583752
16236,599.31,2666,271,260,KITTY PENCIL ERASERS,Merchandise,True,0.0028671238151646112
21440,597.56,472,96,95,12 MINI TOADSTOOL PEGS,Merchandise,True,0.0028587517428205187
84846A,596.97,263,57,54,SCENTED CANDLE IN DIGITALIS TIN,Merchandise,True,0.002855929158430225
84682,596.94,295,51,49,CLASSICAL ROSE DISH,Merchandise,True,0.0028557856371900408
90010B,596.74,65,36,34,BLACK/WHITE GLASS/SILVER BRACELET,Merchandise,True,0.0028548288289221447
20781,596.4,106,63,61,GOLD EAR MUFF HEADPHONES,Merchandise,True,0.0028532022548667206
20794,596.0799999999999,213,50,48,BLUE  TILE HOOK,Merchandise,True,0.0028516713616380863
84563B,595.99,129,60,59,BLUE & WHITE BREAKFAST TRAY,Merchandise,True,0.0028512407979175334
82605,595.07,268,126,125,OLD DOC RUSSEL METAL SIGN,Merchandise,True,0.002846839479885211
85117,594.3199999999999,347,61,61,NIGHTINGALE COATHOOK WHITE,Merchandise,True,0.002843251448880599
47469,594.28,1220,36,29,ASSORTED SHAPES PHOTO CLIP SILVER ,Merchandise,True,0.00284306008722702
72122,594.28,587,125,120,COFFEE SCENT PILLAR CANDLE,Merchandise,True,0.00284306008722702
84924A,593.5,139,65,62,WAKE UP COCKEREL CALENDAR SIGN ,Merchandise,True,0.0028393285349822247
20849,593.03,674,24,24,ZINC HEART LATTICE DOUBLE PLANTER,Merchandise,True,0.002837080035552668
23377,592.4499999999999,1351,134,133,PACK OF 12 DOLLY GIRL TISSUES,Merchandise,True,0.002834305291575769
85113,591.6600000000001,285,49,48,POLKA DOT PISTACHIO PAIL,Merchandise,True,0.0028305258989175792
21304,591.58,86,18,18,ARCHED GREY MIRROR,Merchandise,True,0.0028301431756104205
84963B,591.5,18,6,6,BLUE PAINTED KASHMIRI CHAIR,Merchandise,True,0.002829760452303262
21322,590.45,301,14,14,GLASS SPHERE CANDLE STAND LARGE ,Merchandise,True,0.0028247372088968064
21256,588.64,326,65,65,"FRENCH BOTTLE, BRASSERIE DES ARTIST",Merchandise,True,0.0028160780940723446
84569B,588.43,458,79,76,PACK 3 FIRE ENGINE/CAR PATCHES,Merchandise,True,0.0028150734453910534
21893,587.8,172,20,20,POTTING SHED SEED TIN,Merchandise,True,0.00281205949934718
21223,587.08,492,44,43,SET/4 BADGES WOODLAND ANIMAL,Merchandise,True,0.002808614989582754
37444A,587.06,2714,47,43,YELLOW BREAKFAST CUP AND SAUCER,Merchandise,True,0.002808519308755964
84934,586.5,687,13,13,ASSTD DESIGN POP ART SLIM PEN,Merchandise,True,0.0028058402456058546
23565,586.31,410,63,63,EGG CUP MILKMAID HELGA ,Merchandise,True,0.002804931277751353
23499,586.23,1312,113,110,SET 12 VINTAGE DOILY CHALK ,Merchandise,True,0.0028045485544441946
84569C,584.93,415,89,89,PACK 4 FLOWER/BUTTERFLY PATCHES,Merchandise,True,0.0027983293007028684
21016,582.85,834,87,82,LIGHT BIRD HOUSE TREE DECORATION,Merchandise,True,0.002788378494716748
47421,582.78,1487,82,74,ASSORTED COLOUR LIZARD SUCTION HOOK,Merchandise,True,0.0027880436118229834
85230B,581.92,2192,71,68,CINNAMON SCENTED VOTIVE CANDLE,Merchandise,True,0.0027839293362710298
21553,581.27,90,39,39,CERAMIC BIRDHOUSE FINCH BLUE  LARGE,Merchandise,True,0.0027808197094003665
23537,581.13,111,34,34,WALL ART I LOVE LONDON ,Merchandise,True,0.0027801499436128393
16238,579.68,2523,246,236,PARTY TIME PENCIL ERASERS,Merchandise,True,0.0027732130836705914
20804,579.3100000000001,325,61,61,GLASS CHICKEN BUTTER DISH,Merchandise,True,0.0027714429883749837
21419,577.6899999999999,1259,19,19,CONCH SHELL,Merchandise,True,0.002763692841405023
85202,577.65,1217,221,208,HANGING WOOD AND FELT HEART,Merchandise,True,0.002763501479751444
35922,575.99,97,36,36,EASTER BUNNY WREATH,Merchandise,True,0.002755559971127905
17013D,575.76,1069,32,31,ORIGAMI ROSE INCENSE IN TUBE,Merchandise,True,0.002754459641619824
22044,575.48,2000,93,89,CHRISTMAS CARD STACK OF PRESENTS,Merchandise,True,0.0027531201100447693
23016,575.25,74,24,24,GLASS TWIST BON BON JAR,Merchandise,True,0.0027520197805366883
23125,574.88,459,38,38,6PC WOOD PLATE SET DISPOSABLE,Merchandise,True,0.0027502496852410806
84932D,574.71,239,21,21,SMALL ORIENTAL RED FOLDING STOOL,Merchandise,True,0.0027494363982133686
20935,574.48,300,47,46,ROUND CACTUS CANDLE,Merchandise,True,0.002748336068705288
84675,571.71,206,62,62,FROG KING WATERING CAN,Merchandise,True,0.0027350842741949246
85169B,571.68,481,100,93,BLACK LOVE BIRD CANDLE,Merchandise,True,0.0027349407529547397
85119,570.84,414,41,39,WATERING CAN SINGLE HOOK PISTACHIO,Merchandise,True,0.002730922158229576
16162L,570.43,8101,30,30,THE KING GIFT BAG,Merchandise,True,0.002728960701280388
23455,569.4300000000001,207,36,35,SMALL PARLOUR PICTURE FRAME,Merchandise,True,0.002724176659940907
84773,569.35,193,50,48,RED ROSE AND LACE C/COVER,Merchandise,True,0.0027237939366337484
85169C,569.33,506,72,71,EAU DE NIL LOVE BIRD CANDLE,Merchandise,True,0.0027236982558069586
85129A,569.16,444,80,75,"WHITE PEARL BEADED HEART, SMALL",Merchandise,True,0.0027228849687792466
85086A,568.73,587,153,152,CANDY SPOT HEART DECORATION,Merchandise,True,0.00272082783100327
23219,568.6,430,64,61,LAUREL STAR ANTIQUE SILVER ,Merchandise,True,0.0027202059056291375
47559b,568.58,171,46,44,TEA TIME OVEN GLOVE,Merchandise,True,0.0027201102248023477
84806B,568.02,450,32,32,WHITE CANDYSTUFT ARTIFICIAL FLOWER,Merchandise,True,0.002717431161652238
85014b,567.74,45,39,35,RED RETROSPOT UMBRELLA,Merchandise,True,0.002716091630077183
16169C,567.0,1350,43,43,WRAP BLUE REINDEER,Merchandise,True,0.002712551439485967
20838,565.8,446,63,63,FRENCH LATTICE CUSHION COVER ,Merchandise,True,0.002706810589878589
85071D,564.16,890,115,112,CHARLIE+LOLA MY ROOM DOOR SIGN,Merchandise,True,0.0026989647620818394
21881,563.4,1345,120,118,CUTE CATS TAPE,Merchandise,True,0.002695328890663834
23381,562.88,1496,81,80,PACK OF 12 VINTAGE LEAF TISSUES ,Merchandise,True,0.0026928411891673034
23272,562.22,364,44,44,TREE T-LIGHT HOLDER WILLIE WINKIE,Merchandise,True,0.002689683721883246
37345,561.05,321,9,9,ASSTD HEARTS DESIGN MUGS,Merchandise,True,0.0026840863935160522
16049,560.48,3169,32,32,TEATIME GEL PENS ASST,Merchandise,True,0.002681359489952548
85090,559.28,106,54,53,CANDY SPOT APRON,Merchandise,True,0.00267561864034517
85020,558.69,251,61,58,ROUND PINK HEART MIRROR,Merchandise,True,0.0026727960559548764
21160,557.49,794,58,58,KEEP OUT GIRLS DOOR HANGER ,Merchandise,True,0.0026670552063474988
84306,557.4799999999999,48,31,31,S/3 PINK SQUARE PLANTERS ROSES,Merchandise,True,0.002667007365934103
23069,556.21,88,32,32,EDWARDIAN PHOTO FRAME,Merchandise,True,0.0026609316334329624
23451,556.17,277,53,52,SQUARE MINI PORTRAIT FRAME,Merchandise,True,0.002660740271779383
21371,556.01,404,64,64,MIRRORED WALL ART POPPIES,Merchandise,True,0.002659974825165066
90120D,554.13,134,40,40,WHITE MURANO TWIST BRACELET,Merchandise,True,0.002650980827446841
84859C,552.72,304,40,39,PINK DISCO HANDBAG,Merchandise,True,0.002644235329158172
21311,552.27,707,98,94,SET/4 BIRD MIRROR MAGNETS ,Merchandise,True,0.0026420825105554057
23473,552.02,678,51,51,WOODLAND SMALL RED FELT HEART,Merchandise,True,0.002640886500220535
84805B,551.4000000000001,340,9,9,BLUE CLIMBING HYDRANGA ART FLOWER,Merchandise,True,0.002637920394590057
84509c,550.98,73,48,44,SET OF 4 POLKADOT PLACEMATS ,Merchandise,True,0.0026359110972274747
23457,549.88,112,31,31,LARGE PARLOUR PICTURE FRAME,Merchandise,True,0.002630648651754045
47021G,549.52,716,73,70,SET/6 BEAD COASTERS GAUZE BAG GOLD,Merchandise,True,0.0026289263968718316
84683,549.36,562,51,46,CLASSICAL ROSE CANDLESTAND,Merchandise,True,0.0026281609502575146
22394,549.35,347,56,55,PAPERWEIGHT KINGS CHOICE ,Merchandise,True,0.00262811310984412
21373,548.89,636,61,61,MIRRORED WALL ART SNOWFLAKES,Merchandise,True,0.002625912450827958
85091,548.81,343,20,20,CANDY SPOT BREAD BASKETS,Merchandise,True,0.0026255297275207994
23549,548.1,1305,52,52,WRAP BIRD GARDEN ,Merchandise,True,0.002622133058169768
20888,547.74,367,19,19,SET 3 JARDIN DE FEMME SCENT CANDLES,Merchandise,True,0.0026204108032875546
23484,547.35,185,36,35,HEART TRELLIS TRIPLE T-LIGHT HOLDER,Merchandise,True,0.0026185450271651567
23074,547.27,246,48,48,EMBOSSED HEART TRINKET BOX,Merchandise,True,0.002618162303857998
85027L,546.45,191,41,40,FRENCH CHATEAU LARGE PLATTER ,Merchandise,True,0.0026142393899596236
72801C,546.36,720,57,56,4 ROSE PINK DINNER CANDLES,Merchandise,True,0.0026138088262390702
90175D,545.72,60,42,41,TIGRIS EYE CHUNKY CHARM BRACELET,Merchandise,True,0.0026107470397818025
85129C,545.24,417,69,65,BEADED CRYSTAL HEART BLUE SMALL,Merchandise,True,0.002608450699938851
21339,544.5,30,13,12,MARAKESH LANTERN LARGE,Merchandise,True,0.002604910509347635
23043,543.51,81,23,23,PAPER LANTERN 9 POINT HOLLY STAR L,Merchandise,True,0.002600174308421548
84596K,543.41,428,93,93,JELLY BABIES YELLOW SMALL BOWL,Merchandise,True,0.0025996959042875996
35969,542.47,523,76,76,FOLKART CROWN TABLE DECORATIONS,Merchandise,True,0.0025951989054284878
84984B,541.3,322,16,16,RED PEONY CUSHION COVER ,Merchandise,True,0.002589601577061294
20943,540.21,381,71,71,SET/6 GINGERBREAD STAR T-LIGHTS,Merchandise,True,0.00258438697200126
90010E,539.01,60,36,35,AMBER GLASS/SILVER BRACELET,Merchandise,True,0.002578646122393882
16048,537.06,3461,106,105,TEATIME ROUND PENCIL SHARPENER ,Merchandise,True,0.002569317241781893
84592,536.4000000000001,173,47,47,CROCHET ROSE PURSE WITH SUEDE BACK,Merchandise,True,0.002566159774497836
84414B,536.24,78,9,9,FUSCHIA/GREEN STRIPE WOOLLY BLANKET,Merchandise,True,0.002565394327883518
21017,535.89,659,87,87,RED BIRD HOUSE TREE DECORATION,Merchandise,True,0.0025637199134146997
23398,535.35,606,75,69,HANGING HEART BONHEUR,Merchandise,True,0.00256113653109138
84661B,535.28,244,52,51,BLACK SQUARE TABLE CLOCK,Merchandise,True,0.002560801648197616
20659,534.76,370,141,138,ECONOMY LUGGAGE TAG,Merchandise,True,0.002558313946701086
23660,534.66,306,42,42,HENRIETTA HEN MUG ,Merchandise,True,0.0025578355425671375
85179A,534.34,221,73,70,GREEN BITTY LIGHT CHAIN,Merchandise,True,0.0025563046493385037
90203,534.27,71,34,34,SILVER CHARM NECKLACE 70CM,Merchandise,True,0.0025559697664447397
BANK CHARGES,534.241,35,35,33,Bank Charges,Fees / Adjustments,False,0.002555831029245895
21418,533.84,194,67,66,STARFISH SOAP DISH,Merchandise,True,0.002553912628668763
20653,533.79,2006,83,81,CHERRY BLOSSOM LUGGAGE TAG,Merchandise,True,0.0025536734266017884
16169P,533.75,1750,48,48,WRAP GREEN RUSSIAN FOLKART ,Merchandise,True,0.0025534820649482097
20823,533.71,253,19,19,GOLD WINE GOBLET,Merchandise,True,0.0025532907032946306
21943,532.48,593,151,149,CAKES AND RABBITS DESIGN FLANNEL ,Merchandise,True,0.002547406332447068
71143,532.02,356,103,99,SILVER BOOK MARK WITH BEADS,Merchandise,True,0.0025452056734309066
71270,531.65,375,85,81,PHOTO CLIP LINE,Merchandise,True,0.0025434355781352985
85030,531.4499999999999,211,29,29,FRENCH CHATEAU OVAL PLATTER,Merchandise,True,0.002542478769867402
85039C,531.21,545,120,114,S/4 BLACK MINI ROSE CANDLE IN BOWL,Merchandise,True,0.002541330599945927
21336,530.51,1824,44,43,GOLD WASHBAG,Merchandise,True,0.0025379817710082897
72267,530.16,265,46,45,PREMIUM CHURCH CANDLE,Merchandise,True,0.002536307356539471
84827,530.09,1089,34,29,ASS DES PHONE SPONGE CRAFT STICKER,Merchandise,True,0.0025359724736457078
21734,529.49,97,30,29,SMALL MARAKESH LANTERN ON STICK,Merchandise,True,0.0025331020488420187
90160D,529.22,76,25,25,PINK BOUDICCA LARGE BRACELET,Merchandise,True,0.0025318103576803586
21403,529.02,2326,159,157,BLUE EGG  SPOON,Merchandise,True,0.0025308535494124626
84799,528.78,678,31,31,SPRIG LAVENDER ARTIFICIAL FLOWER,Merchandise,True,0.0025297053794909865
23139,528.6999999999999,414,28,27,SINGLE WIRE HOOK PINK HEART,Merchandise,True,0.002529322656183828
16202B,528.56,1039,22,22,PASTEL BLUE PHOTO ALBUM ,Merchandise,True,0.0025286528903963007
23060,528.1700000000001,249,44,42,HEART BEADED TRELLIS DECORATION,Merchandise,True,0.0025267871142739032
84875B,526.01,377,41,40,GREEN SQUARE COMPACT MIRROR,Merchandise,True,0.0025164535849806235
16168M,525.01,1713,104,101,FUNKY MONKEY GIFT BAG MEDIUM,Merchandise,True,0.002511669543641142
72728,523.15,643,55,54,ROSE SCENT CANDLES IN GLASS,Merchandise,True,0.0025027712267497062
22861,522.93,305,50,50,EASTER TIN CHICKS IN GARDEN,Merchandise,True,0.0025017187376550204
85226C,522.3100000000001,989,84,83,BLUE PULL BACK RACING CAR,Merchandise,True,0.0024987526320245424
46118,522.05,374,74,72,FUNKY MONKEY CUSHION COVER,Merchandise,True,0.0024975087812762766
22407,521.12,438,75,75,MONEY BOX FIRST ADE DESIGN,Merchandise,True,0.002493059622830559
21459,520.55,263,44,44,YELLOW EASTER EGG HUNT START POST,Merchandise,True,0.0024903327192670544
35810B,519.8100000000001,326,69,68,ENAMEL BLUE RIM COFFEE CONTAINER,Merchandise,True,0.0024867925286758386
23336,519.25,225,86,85,EGG FRYING PAN PINK ,Merchandise,True,0.002484113465525729
90114,519.1999999999999,207,113,111,SUMMER DAISIES BAG CHARM,Merchandise,True,0.0024838742634587544
20793,518.5,281,22,22,BLUE TILED TRAY,Merchandise,True,0.002480525434521118
84706D,518.0899999999999,221,17,16,CHERRY BLOSSOM TABLE CLOCK ,Merchandise,True,0.00247856397757193
20868,518.07,882,71,71,SILVER FABRIC MIRROR,Merchandise,True,0.002478468296745141
84657,517.48,246,20,20,GREEN ROSE CUSHION COVER,Merchandise,True,0.002475645712354847
84762A,517.4300000000001,59,29,29,WHITE PICNIC BARBECUE BUCKET,Merchandise,True,0.002475406510287873
84970l,516.96,247,71,65,SINGLE HEART ZINC T-LIGHT HOLDER,Merchandise,True,0.002473158010858317
84931A,513.69,204,82,82,PINK SCOTTIE DOG W FLOWER PATTERN,Merchandise,True,0.0024575141956782124
72807c,511.98,60,44,44,SET/3 VANILLA SCENTED CANDLE IN BOX,Merchandise,True,0.002449333484987699
79337,511.93,1200,22,21,BLUE FLOCK GLASS CANDLEHOLDER,Merchandise,True,0.002449094282920725
23136,511.89,135,49,49,IVORY WIRE SWEETHEART LETTER TRAY,Merchandise,True,0.0024489029212671457
84989B,510.15,1009,57,57,75 BLACK FAIRY CAKE CASES,Merchandise,True,0.002440578689336448
84782C,509.9,74,18,18,GREEN 3 TIER GLASS PLATE STAND,Merchandise,True,0.0024393826790015775
90058B,509.08,1082,29,29,CRYSTAL STUD EARRINGS ASSORTED COL ,Merchandise,True,0.0024354597651032026
20753,509.0,218,56,56,RETRO PINK SPOT WASHING UP GLOVES,Merchandise,True,0.0024350770417960444
84915,507.83,241,41,37,HAND TOWEL PINK FLOWER AND DAISY,Merchandise,True,0.002429479713428851
35967,507.59,966,117,112,FOLK ART METAL STAR T-LIGHT HOLDER,Merchandise,True,0.002428331543507375
21882,505.65000000000003,1060,125,119,SKULLS TAPE,Merchandise,True,0.0024190505033087817
20654,505.41,398,121,120,FIRST CLASS LUGGAGE TAG ,Merchandise,True,0.002417902333387306
35004S,505.4,145,24,24,SET OF 3 SILVER FLYING DUCKS,Merchandise,True,0.002417854492973911
22541,504.77,1246,68,66,MINI JIGSAW LEAP FROG,Merchandise,True,0.002414840546930038
37352,504.55,4643,8,8,BIRD IN TREE MUG ,Merchandise,True,0.002413788057835352
84877B,504.43,291,43,43,GREEN ROUND COMPACT MIRROR,Merchandise,True,0.002413213972874614
84218,503.51,261,98,96,BOX/12 CHICK & EGG IN BASKET,Merchandise,True,0.0024088126548422913
84247L,503.25,1149,111,110,FAWN AND MUSHROOM GREETING CARD,Merchandise,True,0.0024075688040940263
85142,502.58,57,34,34,JARDIN ETCHED GLASS GINGER JAR,Merchandise,True,0.0024043634963965737
20845,502.27,76,24,24,ZINC HEART LATTICE 2 WALL PLANTER,Merchandise,True,0.0024028804435813345
21117,502.08000000000004,328,26,26,BLOND DOLL DOORSTOP,Merchandise,True,0.002401971475726833
90014A,502.01,55,40,40,SILVER/MOP ORBIT NECKLACE,Merchandise,True,0.002401636592833069
84804B,501.9700000000001,355,20,19,BLUE DELPHINIUM ARTIFICIAL FLOWER,Merchandise,True,0.0024014452311794904
16219,501.25,3358,129,128,HOUSE SHAPE PENCIL SHARPENER,Merchandise,True,0.0023980007214150635
23117,501.23,93,45,45,POPPY FIELDS CHOPPING BOARD,Merchandise,True,0.0023979050405882737
23021,500.82000000000005,120,27,27,GLASS BONNE JAM JAR,Merchandise,True,0.0023959435836390865
20865,500.49,251,33,33,PATCHWORK PENCIL CASE BUTTERFLY ,Merchandise,True,0.0023943648499970575
84809A,500.03999999999996,288,23,21,WHITE CHRYSANTHEMUMS ART FLOWER,Merchandise,True,0.0023922120313942907
35471A,499.31,421,85,83,SET OF 3 BIRD L.BLUE FEATHER,Merchandise,True,0.002388719681216469
23560,499.18,172,26,26,SET OF 6 RIBBONS COUNTRY STYLE,Merchandise,True,0.0023880977558423367
22031,499.03000000000003,1137,143,142,BOTANICAL LAVENDER BIRTHDAY CARD,Merchandise,True,0.0023873801496414144
20864,498.14,252,30,29,DENIM PATCH PENCIL CASE BUTTERFLY,Merchandise,True,0.002383122352849276
23466,498.03,55,27,27,TUSCAN VILLA DOVECOTE BIRD FEEDER,Merchandise,True,0.0023825961083019332
23045,497.98,118,25,25,PAPER LANTERN 5 POINT STAR MOON ,Merchandise,True,0.0023823569062349594
35600D,497.70000000000005,141,13,13,PINK AND WHITE CHRISTMAS TREE 180CM,Merchandise,True,0.0023810173746599047
85230A,497.03999999999996,1992,48,48,OPIUM SCENTED VOTIVE CANDLE,Merchandise,True,0.0023778599073758463
85170B,496.91,293,62,58,SET/6 BLACK BIRD T-LIGHT CANDLES,Merchandise,True,0.0023772379820017142
21132,493.61,97,48,47,SILVER STANDING GNOME   ,Merchandise,True,0.0023614506455814253
84798B,492.90000000000003,326,10,10,PURPLE FOXGLOVE ARTIIFCIAL FLOWER,Merchandise,True,0.0023580539762303935
16239,492.17,347,21,21,BALLERINA HEART DECORATION.,Merchandise,True,0.002354561626052572
51020B,491.86999999999995,1087,62,60,STRIPY DESIGN SHOWER CAP,Merchandise,True,0.002353126413650727
90160B,490.92,71,29,29,RED BOUDICCA LARGE BRACELET,Merchandise,True,0.00234858157437822
84876B,488.31,344,41,40,GREEN HEART COMPACT MIRROR,Merchandise,True,0.002336095226482174
21663,488.16,76,32,32,VINTAGE GLASS SUGAR CADDY,Merchandise,True,0.0023353776202812517
72132,485.55,561,30,28,COLUMBIAN CUBE CANDLE,Merchandise,True,0.0023228912723852048
90192,484.31,97,56,53,JADE DROP EARRINGS W FILIGREE,Merchandise,True,0.002316959061124248
84875D,483.75,371,37,37,BLUE SQUARE COMPACT MIRROR,Merchandise,True,0.002314279997974138
23218,483.03,379,40,40,LAUREL STAR ANTIQUE GOLD,Merchandise,True,0.0023108354882097116
22259,482.95,590,74,72,FELT FARM ANIMAL HEN,Merchandise,True,0.002310452764902553
23691,481.5,1175,38,38,WRAP KEEP CALM BIRTHDAY,Merchandise,True,0.0023035159049603054
22038,481.0,1150,45,45,BOTANICAL LAVENDER GIFT WRAP ,Merchandise,True,0.0023011238842905644
72127,479.69,393,71,65,COLUMBIAN CANDLE ROUND ,Merchandise,True,0.0022948567901358435
16244A,479.40999999999997,186,28,28,MAXWELL 2 TONE PINK 60 PAGE PHOTO A,Merchandise,True,0.002293517258560789
90195B,478.59,54,28,26,BLACK GEMSTONE BRACELET,Merchandise,True,0.0022895943446624143
23422,477.89,213,47,47,PANTRY HOOK BALLOON WHISK ,Merchandise,True,0.0022862455157247772
37492C,477.29999999999995,242,25,24,GREEN BLUE FLOWER PIGGY BANK,Merchandise,True,0.0022834229313344833
72750C,476.4,232,15,15,"F.FAIRY S/3 CANDLE/GLASS, ROSE",Merchandise,True,0.00227911729412895
20662,476.35,730,51,49,FIRST CLASS HOLIDAY PURSE ,Merchandise,True,0.002278878092061976
23561,476.0,170,16,16,SET OF 6 RIBBONS PARTY,Merchandise,True,0.0022772036775931576
85109,475.43000000000006,4211,20,20,PINK BOUDOIR T-LIGHT HOLDER,Merchandise,True,0.0022744767740296534
21536,474.74,221,63,61,DAIRY MAID  SMALL  MILK JUG,Merchandise,True,0.002271175785505411
21518,474.32,1119,110,109,BANK ACCOUNT  GREETING  CARD ,Merchandise,True,0.0022691664881428287
85136B,473.77000000000004,59,47,47,BLUE SHARK HELICOPTER,Merchandise,True,0.002266535265406114
40046A,472.07,355,62,62,RED DAISY PAPER LAMPSHADE,Merchandise,True,0.002258402395128995
84508B,471.60999999999996,176,78,74,STRIPES DESIGN TEDDY,Merchandise,True,0.0022562017361128337
84926E,471.57,1081,52,52,FLOWERS TILE COASTER,Merchandise,True,0.0022560103744592545
84901,471.13,123,74,74,BLACK FACE LAMB WITH PANTS,Merchandise,True,0.002253905396269883
gift_0001_20,471.06,28,26,26,Dotcomgiftshop Gift Voucher £20.00,Merchandise,True,0.0022535705133761193
90120C,470.8,111,60,58,GREEN MURANO TWIST BRACELET,Merchandise,True,0.0022523266626278543
84884a,470.18,56,39,35,ANT WHITE WIRE HEART SPIRAL,Merchandise,True,0.0022493605569973755
72799B,467.71000000000004,322,16,16,PURPLE PILLAR CANDLE BLACK FLOCK,Merchandise,True,0.0022375439748888565
84952A,467.65,167,41,39,CLEAR LOVE BIRD T-LIGHT HOLDER,Merchandise,True,0.002237256932408487
85211,467.4,306,78,75,S/4 GROOVY CAT MAGNETS,Merchandise,True,0.0022360609220736173
85014a,467.0,37,31,28,BLACK/BLUE POLKADOT UMBRELLA,Merchandise,True,0.0022341473055378243
35911A,466.69,388,97,96,MULTICOLOUR RABBIT EGG WARMER,Merchandise,True,0.002232664252722585
72225C,466.38,1926,38,38,LAVENDER SCENT CAKE CANDLE,Merchandise,True,0.002231181199907346
23379,465.36,1220,77,76,PACK OF 12 RED APPLE TISSUES,Merchandise,True,0.002226301477741075
51020A,464.55999999999995,1304,51,50,SUMMER FUN DESIGN SHOWER CAP,Merchandise,True,0.0022224742446694894
84972L,462.15000000000003,117,46,46,GIANT PINK HEART MEMO HOLDER,Merchandise,True,0.00221094470504134
84984A,462.12,266,17,17,GREEN PEONY CUSHION COVER,Merchandise,True,0.002210801183801155
20616,461.88,287,124,121,CHERRY BLOSSOM PASSPORT COVER,Merchandise,True,0.0022096530138796797
90145,461.81,76,46,45,SILVER HOOP EARRINGS WITH FLOWER,Merchandise,True,0.0022093181309859157
85204,461.74,2354,158,154,HANGING WOOD AND FELT FLOWER,Merchandise,True,0.002208983248092152
72789,461.53,122,46,45,BASKET/8 SCENTED LOVE TOKEN CANDLES,Merchandise,True,0.002207978599410861
72801D,461.17,565,62,61,S/4 SKY BLUE DINNER CANDLES,Merchandise,True,0.002206256344528648
90201B,460.23,156,56,54,BLACK ENAMEL FLOWER RING,Merchandise,True,0.0022017593456695357
84948,459.21000000000004,273,37,36,SILVER HANGING T-LIGHT HOLDER DOME,Merchandise,True,0.0021968796235032643
47422,458.76000000000005,1178,72,66,ASSORTED MONKEY SUCTION CUP HOOK,Merchandise,True,0.002194726804900498
16207B,457.65000000000003,265,46,46,PINK HEART RED HANDBAG,Merchandise,True,0.002189416519013673
90120B,455.68,108,43,42,BLUE MURANO TWIST BRACELET,Merchandise,True,0.002179991957574895
16218,454.52,4632,101,98,CARTOON  PENCIL SHARPENERS,Merchandise,True,0.0021744424696210963
21757,454.3,80,43,42,LIGHTHOUSE PRINTED METAL SIGN,Merchandise,True,0.0021733899805264105
90010A,452.8,50,31,30,MIDNIGHT BLUE GLASS/SILVER BRACELET,Merchandise,True,0.0021662139185171887
84597C,452.23,365,45,44,RETRO PINK BALL ASHTRAY ,Merchandise,True,0.002163487014953684
20621,451.67,207,33,33,ECONOMY PASSPORT COVER ,Merchandise,True,0.0021608079518035746
23548,451.5,1075,43,43,WRAP MAGIC FOREST ,Merchandise,True,0.0021599946647758625
23509,451.46000000000004,1062,66,65,MINI PLAYING CARDS FUN FAIR ,Merchandise,True,0.0021598033031222834
82081,451.35,174,23,23,PINK HEARTS PHOTO ALBUM,Merchandise,True,0.0021592770585749403
72128,450.73999999999995,724,93,88,COLUMBIAN CANDLE ROUND,Merchandise,True,0.0021563587933578566
16161M,449.5,1075,40,39,WRAP  PINK FLOCK,Merchandise,True,0.0021504265820968997
17164D,447.0,1150,31,28,ASS COL SMALL SAND FROG P'WEIGHT,Merchandise,True,0.002138466478748196
90198B,446.15,105,50,49,VINTAGE ROSE BEAD BRACELET BLACK,Merchandise,True,0.0021344000436096366
90013B,445.88,108,82,79,BLACK VINTAGE EARRINGS,Merchandise,True,0.002133108352447977
90013A,445.7,118,79,77,MIDNIGHT BLUE VINTAGE EARRINGS,Merchandise,True,0.00213224722500687
84857C,445.03,197,17,17,PINK MONTE CARLO HANDBAG,Merchandise,True,0.0021290419173094176
62096B,441.99,257,83,82,PURPLE/TURQ FLOWERS HANDBAG,Merchandise,True,0.002114498431637394
16243B,441.77,212,8,8,BROWN COZY SQUARE PHOTO ALBUM,Merchandise,True,0.002113445942542708
85230G,439.67999999999995,1728,48,46,ORANGE VOTIVE CANDLE,Merchandise,True,0.002103447296143192
90154,439.65,59,7,7,LAZER CUT NECKLACE W PASTEL BEADS,Merchandise,True,0.0021033037749030076
79030A,438.25,171,33,33,"TUMBLER, ENGLISH ROSE",Merchandise,True,0.0020966061170277334
23023,437.82,274,25,25,RIDGED BONNE JAM JAR T-LIGHT HOLDER,Merchandise,True,0.0020945489792517564
21027,437.37,357,81,77,NINJA RABBIT PINK,Merchandise,True,0.00209239616064899
79071B,433.70000000000005,142,66,66,ENGLISH ROSE METAL WASTE BIN,Merchandise,True,0.0020748387289330934
84859B,433.46,282,18,18,BLUE DISCO HANDBAG,Merchandise,True,0.0020736905590116174
84510F,432.75,1099,38,38,SET OF 4 NEW ENGLAND COASTERS ,Merchandise,True,0.0020702938896605856
84798A,432.45000000000005,195,10,10,PINK FOXGLOVE ARTIIFCIAL FLOWER,Merchandise,True,0.0020688586772587415
37464,432.43,317,84,82,ROBOT MUG IN DISPLAY BOX,Merchandise,True,0.0020687629964319517
84858B,431.0,326,9,9,BLUE RIVIERA HANDBAG,Merchandise,True,0.002061921817316493
23058,430.86,490,48,48,CHRISTMAS HANGING SNOWFLAKE,Merchandise,True,0.002061252051528966
21678,430.60999999999996,580,83,80,PAISLEY PATTERN  STICKERS,Merchandise,True,0.0020600560411940952
84968e,429.62,17,14,13,SET OF 16 VINTAGE BLACK CUTLERY,Merchandise,True,0.002055319840268009
84422,429.60999999999996,783,39,38,PINK/BLUE DISC/MIRROR STRING,Merchandise,True,0.002055271999854614
20851,429.57,335,29,28,ZINC HEART LATTICE TRAY OVAL ,Merchandise,True,0.002055080638201035
16045,429.44,9312,75,74,POPART WOODEN PENCILS ASST,Merchandise,True,0.0020544587128269024
22395,428.94,237,56,53,PAPERWEIGHT VINTAGE PAISLEY,Merchandise,True,0.0020520666921571614
21520,428.45,995,113,108,BOOZE & WOMEN GREETING CARD ,Merchandise,True,0.0020497225119008155
84966B,428.0,33,4,4,BLUE KASHMIRI BOXED MIRROR,Merchandise,True,0.002047569693298049
84801A,427.44000000000005,272,15,15,PINK HYDRANGEA ART FLOWER,Merchandise,True,0.0020448906301479396
21028,426.41,324,93,92,NINJA RABBIT BLACK,Merchandise,True,0.002039963067568274
90184A,425.57,47,26,25,AMBER CHUNKY BEAD BRACELET W STRAP,Merchandise,True,0.0020359444728431093
20715,424.0,400,1,1,LITTLE FLOWER SHOPPER BAG,Merchandise,True,0.0020284335279401235
45016,423.73,101,26,25,DECORATIVE NET CANOPY LEOPARD,Merchandise,True,0.0020271418367784635
16207A,423.53000000000003,143,76,76,PINK STRAWBERRY HANDBAG ,Merchandise,True,0.0020261850285105674
16008,423.46,3143,86,85,SMALL FOLDING SCISSOR(POINTED EDGE),Merchandise,True,0.0020258501456168034
23044,423.29,101,26,25,PAPER LANTERN 9 POINT HOLLY STAR S,Merchandise,True,0.0020250368585890913
47579,422.97,186,57,55,TEA TIME BREAKFAST BASKET,Merchandise,True,0.002023505965360458
21729,422.9,124,31,30,SMALL MARAKESH METAL  LANTERN ,Merchandise,True,0.0020231710824666935
20857,420.75,255,78,73,BLUE ROSE PATCH PURSE PINK BUTTERFL,Merchandise,True,0.002012885393586809
46126A,419.99,317,48,48,ELVIS WALLHANGING / CURTAIN,Merchandise,True,0.002009249522168803
84967C,419.85,9,4,4,GREEN KASHMIRI OCCASIONAL TABLE,Merchandise,True,0.0020085797563812757
84770,419.25000000000006,135,16,16,ROUND GEORGIAN SILVER MIRROR,Merchandise,True,0.0020057093315775866
72780,418.18,514,44,44,BLACK SILOUETTE CANDLE PLATE,Merchandise,True,0.002000590407344342
22032,418.12,980,111,111,BOTANICAL LILY GREETING CARD,Merchandise,True,0.0020003033648639725
84532B,417.58,54,31,31,FAIRY CAKES RECTANGLUAR BOXES,Merchandise,True,0.0019977199825406524
85097B,417.17,106,41,40,BLUE ROCKING SINGING CANARY,Merchandise,True,0.001995758525591465
35240,416.01,49,39,39,ENAMEL BLUE RIM OVAL TRAY SET/2,Merchandise,True,0.0019902090376376666
37444B,415.5,2012,29,28,BLUE BREAKFAST CUP AND SAUCER ,Merchandise,True,0.0019877691765545313
21025,414.89,313,84,81,SPACE FROG,Merchandise,True,0.0019848509113374476
84529C,414.74,78,37,37,YELLOW KNITTED KIDS RUCKSACK,Merchandise,True,0.0019841333051365253
84007,413.12,157,39,39,MAGIC GARDEN MOUNT FUJI,Merchandise,True,0.0019763831581665657
85112,412.77,465,34,34,S/3 TEAR DROP CUT GLASS DECORATION,Merchandise,True,0.0019747087436977465
23459,412.5,33,19,19,DOLLY CABINET 2 DRAWERS ,Merchandise,True,0.001973417052536087
20666,412.45000000000005,911,46,46,ECONOMY HOLIDAY PURSE,Merchandise,True,0.001973177850469113
23415,412.18,328,47,47,HOME SWEET HOME HOOK,Merchandise,True,0.001971886159307453
84711A,410.84999999999997,44,25,24,SILVER OVAL SHAPE TRINKET BOX,Merchandise,True,0.0019655233843259424
21341,410.64,72,29,29,KASBAH LANTERN WITH GLASS ,Merchandise,True,0.0019645187356446517
90149,410.26000000000005,62,9,9,SILVER FLOWR PINK SHELL NECKLACE,Merchandise,True,0.001962700799935649
16169F,409.5,975,34,34,WRAP BLIZZARD,Merchandise,True,0.0019590649285176425
21698,408.96999999999997,536,118,112,MOCK LOBSTER FRIDGE MAGNET,Merchandise,True,0.0019565293866077174
84595B,408.9,230,16,16,LARGE TRIFLE DESIGN L BLUE BOWL,Merchandise,True,0.001956194503713954
21252,408.66,168,22,22,SET OF MEADOW  FLOWER STICKERS,Merchandise,True,0.0019550463337924782
72803B,407.88,92,38,36,OCEAN SCENT CANDLE JEWELLED DRAWER,Merchandise,True,0.001951314781547683
90206C,407.7,81,58,57,CRYSTAL DIAMANTE STAR BROOCH,Merchandise,True,0.0019504536541065762
90180A,406.59,45,29,28,BLACK+WHITE NECKLACE W TASSEL,Merchandise,True,0.0019451433682197514
90082B,406.4,64,27,25,DIAMANTE BOW BROOCH RED COLOUR,Merchandise,True,0.0019442344003652503
84984D,404.90999999999997,159,21,21,ORIENTAL RED C/COVER ,Merchandise,True,0.001937106178769423
72801E,404.75,769,24,24,S/4 FESTIVE GREEN DINNER CANDLES,Merchandise,True,0.0019363407321551058
84510C,404.1,275,102,101,SET OF 4 POLKADOT COASTERS,Merchandise,True,0.0019332311052844432
82076,403.64,290,19,19,BEECH WOOD PHOTO FRAME ,Merchandise,True,0.0019310304462682815
79191B,403.28,485,72,70,RETRO PLASTIC POLKA TRAY,Merchandise,True,0.001929308191386068
90124B,401.35,40,31,30,BLUE MURANO TWIST NECKLACE,Merchandise,True,0.001920074991600869
84932B,401.3,189,17,17,SMALL PINK PEONY FOLDING STOOL,Merchandise,True,0.001919835789533895
84984C,401.16,232,16,16,ORIENTAL BLUE C/COVER ,Merchandise,True,0.0019191660237463679
23339,400.84000000000003,173,76,76,EGG FRYING PAN BLUE ,Merchandise,True,0.0019176351305177338
23576,400.03999999999996,198,38,37,SNACK TRAY RED VINTAGE DOILY,Merchandise,True,0.0019138078974461484
23429,400.01,47,23,23,RED RETRO KITCHEN WALL CLOCK,Merchandise,True,0.0019136643762059638
90120A,399.92,94,42,41,PINK MURANO TWIST BRACELET,Merchandise,True,0.0019132338124854106
23039,399.71,199,29,28,T-LIGHT HOLDER SILVER HEART HANDLE,Merchandise,True,0.0019122291638041195
85007,399.62,143,22,21,SET OF 3 VINTAGE TEA TIME BOXES,Merchandise,True,0.0019117986000835663
16156L,399.0,950,36,36,"WRAP, CAROUSEL",Merchandise,True,0.001908832494453088
84497,398.38,100,41,37,BUTTONS AND STRIPES NOTEBOOK ,Merchandise,True,0.0019058663888226093
20889,398.04,657,13,13,JARDIN DE FEMME SCENTED CANDLE,Merchandise,True,0.0019042398147671856
D,397.89,196,5,5,Discount,Fees / Adjustments,False,0.0019035222085662634
85167A,396.8,176,14,14,WHITE GRAND BAROQUE PHOTO FRAME,Merchandise,True,0.0018983076035062288
90158,396.5,79,65,63,ST TROPEZ NECKLACE,Merchandise,True,0.0018968723911043843
84673B,396.43,507,137,133,BLUE FLY SWAT,Merchandise,True,0.0018965375082106205
84804A,396.38000000000005,218,18,18,CREAM DELPHINIUM ARTIFICIAL FLOWER,Merchandise,True,0.0018962983061436467
84726,394.85,233,5,5,LILLIES CANVAS PICTURE,Merchandise,True,0.0018889787228942398
90201D,394.33000000000004,134,58,57,GREEN ENAMEL FLOWER RING,Merchandise,True,0.0018864910213977097
84873A,394.15,32,16,16,FUNKY FLOWER PICNIC BAG FOR 4,Merchandise,True,0.0018856298939566027
84877D,393.96,166,46,43,BLUE ROUND COMPACT MIRROR,Merchandise,True,0.0018847209261021011
21736,393.69,193,28,27,GOLD SCROLL GLASS T-LIGHT HOLDER,Merchandise,True,0.0018834292349404413
22869,393.63,167,57,57,NUMBER TILE COTTAGE GARDEN 1,Merchandise,True,0.0018831421924600726
23661,393.59000000000003,219,34,33,MILK MAIDS MUG ,Merchandise,True,0.0018829508308064937
90208,391.91,161,70,68,PAIR OF PINK FLOWER CLUSTER SLIDE,Merchandise,True,0.0018749136413561645
23150,390.75,148,49,49,IVORY SWEETHEART SOAP DISH,Merchandise,True,0.001869364153402366
47562,390.0,104,42,41,ENGLISH ROSE IRONING BOARD COVER,Merchandise,True,0.001865776122397755
84802B,389.79,411,17,17,PURPLE ANEMONE ARTIFICIAL FLOWER,Merchandise,True,0.001864771473716464
84081,389.3,100,20,20,WHITE CERAMIC PARTY SET (5PCS),Merchandise,True,0.001862427293460118
16044,389.22,6193,3,3,POP-ART FLUORESCENT PENS,Merchandise,True,0.0018620445701529595
23337,388.75,180,69,69,EGG FRYING PAN MINT ,Merchandise,True,0.0018597960707234032
90002D,388.24,110,37,34,FLOWER BURST SILVER RING CRYSTAL,Merchandise,True,0.0018573562096402677
84292,385.98,44,14,14,ROSE PINK METAL FOLDING CHAIR,Merchandise,True,0.0018465442762130395
90082A,385.46,60,33,32,DIAMANTE BOW BROOCH GREEN COLOUR,Merchandise,True,0.0018440565747165091
90070,385.15000000000003,63,35,35,RUBY GLASS CLUSTER BRACELET,Merchandise,True,0.0018425735219012702
84429A,383.6,111,43,42,MEDIUM PINK BUDDHA HEAD ,Merchandise,True,0.0018351582578250742
79051A,382.94,942,59,54,SMOKEY GREY COLOUR D.O.F. GLASS,Merchandise,True,0.001832000790541016
90201A,382.84000000000003,130,54,54,PURPLE ENAMEL FLOWER RING,Merchandise,True,0.0018315223864070684
23116,382.44,76,22,22,VEGETABLE GARDEN CHOPPING BOARD,Merchandise,True,0.0018296087698712756
90035B,380.89,43,4,4,"PEARL & SHELL 42""NECKL. PINK",Merchandise,True,0.0018221935057950792
16258A,379.29,1068,106,101,SWIRLY CIRCULAR RUBBERS IN BAG,Merchandise,True,0.0018145390396519091
20670,378.85,694,48,48,VIP HOLIDAY PURSE,Merchandise,True,0.0018124340614625372
84533B,377.93,59,24,24,FAIRY CAKES ROUND NESTING BOXES,Merchandise,True,0.001808032743430214
84760S,377.60999999999996,234,38,36,SMALL HANGING GLASS+ZINC LANTERN,Merchandise,True,0.00180650185020158
20976,376.34000000000003,549,76,76,12 PENCILS SMALL TUBE POSY,Merchandise,True,0.001800426117700439
85033G,376.05,236,33,32,SET/6 GOLD REINDEER T-LIGHT CANDLES,Merchandise,True,0.001799038745711989
85026B,376.05,310,30,29,EAU DE NILE JEWELLED T-LIGHT HOLDER,Merchandise,True,0.001799038745711989
20663,374.43,1076,46,44,QUEEN OF THE SKIES HOLIDAY PURSE ,Merchandise,True,0.001791288598742029
90134,373.88,127,97,96,OLD ROSE COMBO BEAD NECKLACE,Merchandise,True,0.0017886573760053145
79190A,372.67,808,122,119,RETRO PLASTIC 70'S TRAY,Merchandise,True,0.0017828686859845421
35968,372.46000000000004,785,78,75,FOLK ART METAL HEART T-LIGHT HOLDER,Merchandise,True,0.001781864037303251
84680,372.3,94,17,17,CLASSICAL ROSE URN,Merchandise,True,0.0017810985906889338
22870,372.18,156,48,46,NUMBER TILE COTTAGE GARDEN 2,Merchandise,True,0.0017805245057281962
84741C,372.14,185,52,51,CITRUS GARLAND FELT FLOWERS ,Merchandise,True,0.0017803331440746169
16216,371.64,4158,89,88,LETTER SHAPE PENCIL SHARPENER,Merchandise,True,0.001777941123404876
20906,371.19,102,49,47,VINTAGE NOTEBOOK BEAUTY GIRL,Merchandise,True,0.0017757883048021095
78033,370.6,76,16,16,FLAG OF ST GEORGE CHAIR,Merchandise,True,0.0017729657204118155
90013C,370.51,92,60,56,GREEN VINTAGE EARRINGS ,Merchandise,True,0.001772535156691262
84926D,370.34999999999997,777,50,47,LA PALMIERA TILE COASTER,Merchandise,True,0.001771769710076945
79336,369.78000000000003,840,21,21,LIGHT PINK FLOCK GLASS CANDLEHOLDER,Merchandise,True,0.0017690428065134406
84898F,367.45,172,56,52,YELLOW FLOWERS FELT HANDBAG KIT,Merchandise,True,0.0017578959901924486
47503G,367.36,284,36,35,ASS FLORAL PRINT TAPE MEASURE,Merchandise,True,0.0017574654264718955
23575,367.34999999999997,179,34,32,SNACK TRAY PAISLEY PARK,Merchandise,True,0.0017574175860585006
21038,367.28000000000003,170,54,52,SET/4 MODERN VINTAGE COTTON NAPKINS,Merchandise,True,0.0017570827031647372
47504G,366.81,266,57,57,ENGLISH ROSE TAPE MEASURE,Merchandise,True,0.0017548342037351809
35915A,365.76,288,1,1,CREAM KNITTED HEN,Merchandise,True,0.0017498109603287253
90019A,365.61,70,52,51,SILVER M.O.P ORBIT BRACELET,Merchandise,True,0.001749093354127803
90161A,365.23,73,46,43,ANT COPPER RED BOUDICCA BRACELET,Merchandise,True,0.0017472754184188002
85094,363.5,761,109,108,CANDY SPOT EGG WARMER RABBIT,Merchandise,True,0.0017389990269014975
90164B,362.94,67,35,35,WHITE  ROSEBUD PEARL BRACELET,Merchandise,True,0.0017363199637513876
90160A,362.51,52,25,25,PURPLE BOUDICCA LARGE BRACELET,Merchandise,True,0.0017342628259754108
46000R,361.05,249,64,61,POLYESTER FILLER PAD 45x30cm,Merchandise,True,0.0017272781256197677
21946,358.96999999999997,625,67,67,PARTY TIME DESIGN FLANNEL,Merchandise,True,0.0017173273196336464
84402D,358.93,373,13,13,PINK DRESS JEWELLERY STAND ,Merchandise,True,0.0017171359579800673
90036E,358.87,45,28,28,"FLOWER GLASS GARLD NECKL36""AMETHYST",Merchandise,True,0.0017168489154996984
23579,358.75,169,35,35,SNACK TRAY I LOVE LONDON,Merchandise,True,0.0017162748305389606
84711B,357.71,39,30,30,PINK OVAL SHAPE TRINKET BOX,Merchandise,True,0.0017112994275458998
84800M,357.22,250,27,27,MEDIUM WHITE/PINK ROSE ART FLOWER,Merchandise,True,0.0017089552472895541
84881,355.64,54,25,24,BLUE WIRE SPIRAL CANDLE HOLDER,Merchandise,True,0.0017013964619731732
35912B,355.58000000000004,288,30,30,WHITE/PINK CHICK DECORATION,Merchandise,True,0.0017011094194928046
20799,355.33,200,26,26,PINK MILKSHAKE GLASS,Merchandise,True,0.001699913409157934
72487,355.05,827,14,14,ROSES WHITE ROUND CANDLE,Merchandise,True,0.0016985738775828793
20950,353.39,687,84,83,SET/6  ANGEL T-LIGHTS WHITE/GOLD,Merchandise,True,0.00169063236895934
22039,353.0,850,30,30,BOTANICAL LILY GIFT WRAP,Merchandise,True,0.0016887665928369423
84870C,352.86,99,44,41,GREEN GEISHA GIRL ,Merchandise,True,0.0016880968270494149
82011B,352.55,94,49,48,BATHROOM SCALES RUBBER DUCKS,Merchandise,True,0.0016866137742341757
84809B,351.6,296,8,8,PINK CHRYSANTHEMUMS ART FLOWER,Merchandise,True,0.0016820689349616683
23420,351.37,164,32,32,PANTRY HOOK TEA STRAINER ,Merchandise,True,0.0016809686054535876
90201C,350.94000000000005,119,46,46,RED ENAMEL FLOWER RING,Merchandise,True,0.001678911467677611
90175C,350.85,39,22,20,BLUE GLASS CHUNKY CHARM BRACELET,Merchandise,True,0.0016784809039570574
21306,350.36,684,71,68,SET/4 DAISY MIRROR MAGNETS,Merchandise,True,0.0016761367237007115
35833P,350.14,188,67,64,4 PINK FLOCK CHRISTMAS BALLS,Merchandise,True,0.0016750842346060254
23421,349.2,160,33,33,PANTRY HOOK SPATULA,Merchandise,True,0.001670587235746913
84249D,347.3,823,64,64,FAIRY CAKE GREETINGS CARD,Merchandise,True,0.0016614975572018982
84535A,346.93,607,65,64,ENGLISH ROSE NOTEBOOK A6 SIZE,Merchandise,True,0.0016597274619062899
90178A,346.31,29,23,21,AMBER CHUNKY GLASS+BEAD NECKLACE,Merchandise,True,0.0016567613562758115
22257,345.48,419,59,57,FELT FARM ANIMAL SHEEP,Merchandise,True,0.001652790601964042
84870B,345.11,96,43,40,BLUE GEISHA GIRL ,Merchandise,True,0.001651020506668434
35914,345.0,245,59,56,PINK CHICK EGG WARMER + EGG CUP,Merchandise,True,0.001650494262121091
84801B,345.0,214,18,18,WHITE HYDRANGEA ART FLOWER,Merchandise,True,0.001650494262121091
90014B,344.33,35,29,28,GOLD M PEARL  ORBIT NECKLACE,Merchandise,True,0.0016472889544236384
90148,343.98,27,18,18,LONG SILVER NECKLACE PASTEL FLOWER,Merchandise,True,0.00164561453995482
21722,343.78,363,84,79,SWEET PUDDING STICKER SHEET,Merchandise,True,0.0016446577316869236
35004c,343.72,27,25,25,SET OF 3 COLOURED  FLYING DUCKS,Merchandise,True,0.001644370689206555
20940,342.75,118,22,22,SET/6 GARDEN GNOME T-LIGHT CANDLES,Merchandise,True,0.0016397301691072578
85129B,342.62,254,60,56,BEADED CRYSTAL HEART GREEN SMALL,Merchandise,True,0.0016391082437331253
90191,342.6,40,21,21,SILVER LARIAT 40CM,Merchandise,True,0.0016390125629063357
20847,341.97,81,28,27,ZINC HEART LATTICE CHARGER LARGE,Merchandise,True,0.0016359986168624622
72130,341.68,814,64,57,COLUMBIAN CANDLE ROUND,Merchandise,True,0.0016346112448740128
72811,340.45,445,22,22,SMALL ZINC/GLASS CANDLEHOLDER,Merchandise,True,0.0016287268740264504
17011F,340.40999999999997,386,21,20,ORIGAMI SANDLEWOOD INCENSE+FLOWER,Merchandise,True,0.001628535512372871
75149N,340.0,272,25,25,STRING CRYSTALS NATURAL,Merchandise,True,0.0016265740554236839
79303B,339.57,109,10,10,BLUE STAR BLOCK TABLE LAMP,Merchandise,True,0.0016245169176477068
84925A,339.29,179,17,17,WAKE UP COCKEREL WALL THERMOMETER,Merchandise,True,0.001623177386072652
23015,338.38,40,19,18,CORDIAL GLASS JUG,Merchandise,True,0.0016188239084537238
84576,337.04,96,32,32,BLUE CAT BISCUIT BARREL PINK HEART,Merchandise,True,0.0016124132930588188
37467,336.93,275,66,64,PIG MUG IN TWO COLOUR DESIGNS,Merchandise,True,0.0016118870485114759
90173,336.88,89,56,51,PAIR BUTTERFLY HAIR CLIPS,Merchandise,True,0.0016116478464445019
90129B,336.59000000000003,150,64,62,TURQUOISE GLASS TASSLE BAG CHARM ,Merchandise,True,0.0016102604744560522
17109A,333.61,709,13,13,FLOWER FAIRY INCENSE LILY,Merchandise,True,0.0015960040312643976
23047,333.5,58,26,25,PAPER LANTERN 5 POINT SEQUIN STAR,Merchandise,True,0.0015954777867170544
21402,333.42,1698,152,151,RED  EGG  SPOON,Merchandise,True,0.0015950950634098962
20688,332.9,464,11,11,BEAUTY SPEED EXPRESSO CUPS,Merchandise,True,0.0015926073619133656
90000D,332.86,54,36,34,COPPER/OLIVE GREEN FLOWER NECKLACE,Merchandise,True,0.0015924160002597867
47583B,332.6,27,6,6,SET OF 3 WICKER BASKET TEA AND CAKE,Merchandise,True,0.0015911721495115213
90175B,332.19,37,28,27,PINK GLASS CHUNKY CHARM BRACELET,Merchandise,True,0.001589210692562334
21420,332.16,120,32,31,OYSTER TRINKET BOX,Merchandise,True,0.0015890671713221496
22889,331.33,197,41,39,NUMBER TILE VINTAGE FONT No ,Merchandise,True,0.0015850964170103798
35637C,331.14,100,19,19,PINK STRING CURTAIN WITH POLE,Merchandise,True,0.0015841874491558782
85024B,330.90000000000003,218,21,20,EAU DE NILE JEWELLED PHOTOFRAME,Merchandise,True,0.001583039279234403
35921,330.32,183,50,49,EASTER BUNNY HANGING GARLAND,Merchandise,True,0.0015802645352575035
22878,330.26,128,45,45,NUMBER TILE COTTAGE GARDEN No,Merchandise,True,0.0015799774927771348
72739B,328.39,394,28,28,WHITE CHOCOLATE SCENT CANDLE,Merchandise,True,0.0015710313354723045
84902,326.33,84,53,53,PINK KNITTED COW STUFFED TOY,Merchandise,True,0.0015611762103129728
85131C,326.1,446,74,72,BEADED CRYSTAL HEART BLUE ON STICK,Merchandise,True,0.0015600758808048923
84706A,325.88,137,7,7,ENGLISH ROSE TABLE CLOCK,Merchandise,True,0.0015590233917102062
21309,325.6,49,5,5,LOUVRE CHALKBOARD,Merchandise,True,0.0015576838601351515
90209A,325.5,173,10,10,PURPLE ENAMEL+GLASS HAIR COMB,Merchandise,True,0.0015572054560012033
90018A,325.47,77,58,56,SILVER M.O.P ORBIT DROP EARRINGS,Merchandise,True,0.001557061934761019
23037,325.16,196,20,20,CANDLE HOLDER SILVER MADELINE,Merchandise,True,0.0015555788819457798
23478,324.40000000000003,285,13,13,WOODLAND LARGE PINK FELT HEART,Merchandise,True,0.0015519430105277736
84509E,323.36,161,32,32,SET OF 4 CAROUSEL PLACEMATS ,Merchandise,True,0.001546967607534713
90197B,322.52,64,51,51,BLACK GLASS BRACELET W HEART CHARMS,Merchandise,True,0.0015429490128095486
85070,320.0,3,3,3,ANT WHITE SWEETHEART TABLE W 3 DRAW,Merchandise,True,0.0015308932286340554
21401,319.07,1444,125,121,BLUE PUDDING SPOON,Merchandise,True,0.0015264440701883378
84795b,317.71999999999997,19,17,17,SUNSET CHECK HAMMOCK,Merchandise,True,0.0015199856143800377
85089,317.54,99,30,29,CANDY SPOT BUNNY,Merchandise,True,0.0015191244869389312
85033S,317.34999999999997,258,50,49,SET/6 SILVER REINDEER T-LIGHTS,Merchandise,True,0.0015182155190844294
84933C,317.0,136,6,6,LARGE BLUE ORIENTAL FOLDING STOOL,Merchandise,True,0.0015165411046156113
17091B,316.98,276,52,51,JASMINE TEA INCENSE IN TIN,Merchandise,True,0.0015164454237888215
84673A,314.84,500,101,99,PINK FLY SWAT,Merchandise,True,0.001506207575322331
17012E,314.35999999999996,270,34,29,ORIGAMI OPIUM INCENSE/CANDLE SET ,Merchandise,True,0.00150391123547938
84933A,314.34999999999997,131,6,6,LARGE GREEN PEONY FOLDING STOOL,Merchandise,True,0.0015038633950659852
84522,313.81,187,27,26,PINK PARTY SUNGLASSES,Merchandise,True,0.0015012800127426654
46000U,313.75,251,51,51,POLYESTER FILLER PAD 30CMx30CM,Merchandise,True,0.0015009929702622965
84906,313.42,67,22,21,PINK B'FLY C/COVER W BOBBLES,Merchandise,True,0.0014994142366202676
35638B,313.28999999999996,118,11,11,PINK/BLUE STRING CURTAIN ,Merchandise,True,0.0014987923112461349
23695,313.24,741,57,57,DOILY THANK YOU CARD,Merchandise,True,0.0014985531091791608
84802A,312.65000000000003,185,24,24,WHITE ANEMONE ARTIFICIAL FLOWER,Merchandise,True,0.0014957305247888671
84838,312.5,50,4,4,ANT WHITE HIGH RISE BIRD BOX,Merchandise,True,0.0014950129185879448
90016B,312.14,37,30,30,GOLD/M.O.P PENDANT ORBIT NECKLACE,Merchandise,True,0.0014932906637057314
22872,311.3,136,39,39,NUMBER TILE COTTAGE GARDEN 4,Merchandise,True,0.001489272068980567
35979,311.03000000000003,94,28,27,SIX STRING SCANDINAVIAN HEART DECS,Merchandise,True,0.001487980377818907
62095B,310.83,292,21,21,TURQOISE ICE CREAM SUNHAT,Merchandise,True,0.0014870235695510106
84623,310.44,56,14,14,PINK GINGHAM ROSE FLOOR CUSHION,Merchandise,True,0.001485157793428613
90036D,310.24,39,17,16,"FLOWER GLASS GARLAND NECKL.36""BLACK",Merchandise,True,0.0014842009851607166
84933B,309.15,136,6,6,LARGE PINK PEONY FOLDING STOOL,Merchandise,True,0.0014789863801006817
84661A,308.99,222,43,43,WHITE SQUARE TABLE CLOCK,Merchandise,True,0.001478220933486365
20795,308.7,135,29,29,LARGE BLUE PROVENCAL CERAMIC BALL,Merchandise,True,0.001476833561497915
77081,308.38,242,33,33,FLOWER WINDMILL,Merchandise,True,0.0014753026682692812
21196,306.89,178,23,22,ROUND WHITE CONFETTI IN TUBE,Merchandise,True,0.001468174446673454
84671B,306.77,109,33,32,CROCHET BEAR WITH BLUE STRIPES,Merchandise,True,0.001467600361712716
47593A,306.67,303,99,97,CAROUSEL DESIGN BABY BIB,Merchandise,True,0.001467121957578768
23495,306.66,225,41,41,SET OF 3 PANTRY WOODEN SPOONS,Merchandise,True,0.0014670741171653732
90185D,306.08,72,37,35,CRYSTAL DIAMANTE EXPANDABLE RING,Merchandise,True,0.001464299373188474
90196A,306.0,24,13,11,PURPLE GEMSTONE NECKLACE 45CM,Merchandise,True,0.0014639166498813154
44235,305.94,821,25,22,ASS COL CIRCLE MOBILE ,Merchandise,True,0.0014636296074009465
16254,305.66,941,41,40,TRANSPARENT ACRYLIC TAPE DISPENSER,Merchandise,True,0.001462290075825892
84926A,305.59,673,54,51,WAKE UP COCKEREL TILE COASTER,Merchandise,True,0.001461955192932128
20800,303.96,1005,5,5,LARGE GLASS SUNDAE DISH CLEAR,Merchandise,True,0.0014541572055487733
84219,303.86,137,28,28,BOX/12 MOTHER & CHICK IN BASKET/BOW,Merchandise,True,0.0014536788014148253
90129A,303.68,156,76,73,PINK GLASS TASSLE BAG CHARM ,Merchandise,True,0.0014528176739737185
84247N,303.38000000000005,115,55,53,PACK/12 BLUE FOLKART CARDS,Merchandise,True,0.0014513824615718742
79190D,303.3,657,114,112,RETRO PLASTIC DAISY TRAY,Merchandise,True,0.0014509997382647155
72753D,302.40000000000003,144,9,9,S/3 FLWR FAIRY SUMMER CANDLES,Merchandise,True,0.0014466941010591824
85147,301.95,61,19,16,JARDIN ETCHED GLASS CANDLEHLDR LONG,Merchandise,True,0.0014445412824564156
23430,301.88,36,18,18,BLUE RETRO KITCHEN WALL CLOCK,Merchandise,True,0.001444206399562652
35645,301.81,61,34,34,VINTAGE BEAD PINK JEWEL BOX,Merchandise,True,0.0014438715166688882
21321,301.8,122,18,18,GLASS CHALICE BLUE  LARGE ,Merchandise,True,0.0014438236762554936
90098,301.28,137,55,55,NECKLACE+BRACELET PINK BUTTERFLY,Merchandise,True,0.001441335974758963
90035C,301.0,28,5,5,"PEARL & SHELL 42""NECKL. IVORY",Merchandise,True,0.0014399964431839082
23440,299.36,164,5,5,PAINT YOUR OWN EGGS IN CRATE,Merchandise,True,0.0014321506153871589
17001,299.34999999999997,1211,23,23,HEAVENS SCENT FRAGRANCE OILS ASSTD,Merchandise,True,0.0014321027749737637
90124A,299.28,30,20,20,PINK MURANO TWIST NECKLACE,Merchandise,True,0.0014317678920800002
18096C,298.7,117,20,20,WHITE ROUND PORCELAIN TLIGHT HOLDER,Merchandise,True,0.0014289931481031011
47471,298.51,431,66,63,RAINBOW PEGS PHOTO CLIP STRING,Merchandise,True,0.0014280841802485995
90030B,298.02,140,37,36,RED KUKUI COCONUT SEED NECKLACE,Merchandise,True,0.0014257399999922536
35981C,297.62,589,72,67,WHITE SNOW SCANDINAVIAN STOCKING ,Merchandise,True,0.0014238263834564612
84627,297.5,50,20,19,CANDY STRIPE ROSE C/COVER ,Merchandise,True,0.0014232522984957232
90115,296.53,115,63,60,SUMMER BUTTERFLIES BAG CHARM,Merchandise,True,0.0014186117783964263
35920,296.34,1070,24,24,FOUR RABBIT EASTER DECORATIONS,Merchandise,True,0.0014177028105419247
DCGSSGIRL,295.63,92,23,23,GIRLS PARTY BAG,Merchandise,True,0.0014143061411908931
20869,295.12,529,54,53,GOLD FABRIC MIRROR,Merchandise,True,0.0014118662801077576
21697,295.08000000000004,372,7,7,SET 5 MINI DOUGHNUT FRIDGE MAGNET ,Merchandise,True,0.0014116749184541785
84508C,295.08,108,45,43,BLUE CIRCLES DESIGN TEDDY,Merchandise,True,0.0014116749184541783
21144,294.19,545,62,60,PINK POODLE HANGING DECORATION ,Merchandise,True,0.0014074171216620398
22954,293.89,238,50,50,HEN PARTY CORDON BARRIER TAPE,Merchandise,True,0.0014059819092601955
21367,293.7,215,64,60,MIRRORED WALL ART GENTS,Merchandise,True,0.001405072941405694
84482,293.02,75,33,32,BUTTONS DESIGN JEWELLERY BOX,Merchandise,True,0.0014018197932948466
72801F,292.5,234,25,25,S/4 FESTIVE RED DINNER CANDLES,Merchandise,True,0.0013993320917983162
21030,292.15,240,53,51,SPACE CADET RED,Merchandise,True,0.0013976576773294975
DCGS0076,292.09,18,15,14,SUNJAR LED NIGHT NIGHT LIGHT,Merchandise,True,0.0013973706348491288
37422,292.08,434,73,73,WHITE WITH BLACK CATS BOWL,Merchandise,True,0.001397322794435734
84800S,292.03999999999996,388,19,19,SMALL WHITE/PINK ROSE ART FLOWER,Merchandise,True,0.0013971314327821545
23567,291.58,211,38,37,EGG CUP HENRIETTA HEN PINK,Merchandise,True,0.0013949307737659933
84529A,290.78,50,19,19,PINK KNITTED KIDS RUCKSACK,Merchandise,True,0.0013911035406944082
20826,290.72,355,14,14,SILVER APERITIF GLASS,Merchandise,True,0.0013908164982140395
16202A,290.45,662,21,21,PASTEL PINK PHOTO ALBUM ,Merchandise,True,0.0013895248070523792
21388,290.16999999999996,311,29,29,IVORY HANGING DECORATION  CHICKEN,Merchandise,True,0.0013881852754773242
23410,290.1,36,18,18,CURIO CABINET LINEN AND LACE ,Merchandise,True,0.001387850392583561
84882,289.43,66,36,36,GREEN WIRE STANDING CANDLE HOLDER,Merchandise,True,0.0013846450848861084
22871,289.39,127,30,30,NUMBER TILE COTTAGE GARDEN 3 ,Merchandise,True,0.001384453723232529
90185C,288.95,68,35,32,BLACK DIAMANTE EXPANDABLE RING,Merchandise,True,0.001382348745043157
90185B,288.68,68,35,34,AMETHYST DIAMANTE EXPANDABLE RING,Merchandise,True,0.0013810570538814971
72812,288.46,105,31,31,LARGE ZINC GLASS CANDLEHOLDER,Merchandise,True,0.001380004564786811
20987,288.35,131,22,22,GEISHA GIRL CHOPSTICKS SET/5,Merchandise,True,0.0013794783202394684
16212,287.01,366,41,37,FUNKY GIRLZ ASST MAGNETIC MEMO PAD,Merchandise,True,0.001373067704844563
47578A,286.68,315,75,69,ENGLISH ROSE SMALL SCENTED FLOWER,Merchandise,True,0.0013714889712025345
20821,286.42,42,25,25,GOLDIE LOOKING MIRROR,Merchandise,True,0.0013702451204542691
84192,286.1,238,40,38,ASSORTED COLOUR METAL CAT ,Merchandise,True,0.0013687142272256353
90014C,284.67999999999995,29,20,20,SILVER/BLACK ORBIT NECKLACE,Merchandise,True,0.0013619208885235713
37413,284.49,703,83,81,ICON MUG REVOLUTIONARY,Merchandise,True,0.00136101192066907
20980,283.56,234,60,58,36 PENCILS TUBE POSY,Merchandise,True,0.0013565627622233523
82093,283.49,139,28,28,HEART SHAPE BUTTON FRAME ,Merchandise,True,0.0013562278793295887
16052,283.0,850,36,35,TEATIME PUSH DOWN RUBBER,Merchandise,True,0.0013538836990732428
85049g,281.44,115,52,52,CHOCOLATE BOX RIBBONS ,Merchandise,True,0.0013464205945836517
21095,281.37,303,42,40,SET/6 POSIES PAPER PLATES,Merchandise,True,0.0013460857116898881
84977,281.33,223,44,44,WIRE FLOWER T-LIGHT HOLDER,Merchandise,True,0.0013458943500363088
23481,281.17,228,32,29,PEARLISED IVORY HEART SMALL ,Merchandise,True,0.0013451289034219919
90163A,280.71,37,24,24,PINK ROSEBUD & PEARL NECKLACE,Merchandise,True,0.0013429282444058302
72739C,279.08,326,23,23,DARK CHOCOLATE SCENTCANDLE,Merchandise,True,0.0013351302570224755
21412,279.0,275,74,67,VINTAGE GOLD TINSEL REEL,Merchandise,True,0.001334747533715317
84625B,279.0,180,17,17,BLCK NEW BAROQUE CANDLESTICK CANDLE,Merchandise,True,0.001334747533715317
90085,278.84999999999997,313,31,29,CRYSTAL STILETTO PHONE CHARM,Merchandise,True,0.0013340299275143947
84457,278.72999999999996,291,65,64,SET/3 RABBITS FLOWER SKIPPPING ROPE,Merchandise,True,0.001333455842553657
84926F,277.9,484,42,42,PSYCHEDELIC TILE COASTER,Merchandise,True,0.0013294850882418874
84927F,277.53,336,65,62,PSYCHEDELIC TILE HOOK,Merchandise,True,0.001327714992946279
90146,276.49,41,20,19,FINE SILVER NECKLACE W PASTEL FLOWE,Merchandise,True,0.0013227395899532187
84966C,276.0,23,2,2,GREEN KASHMIRI BOXED MIRROR,Merchandise,True,0.0013203954096968728
21372,275.87,158,53,50,MIRRORED WALL ART TABLE LAMP,Merchandise,True,0.0013197734843227401
23137,275.62,83,23,23,ZINC WIRE SWEETHEART LETTER TRAY,Merchandise,True,0.0013185774739878698
47586A,275.53,202,30,29,PINK FAIRY CAKE CUSHION COVER,Merchandise,True,0.0013181469102673165
84924F,274.55,975,10,10,PSYCHEDELIC METAL SIGN CALENDAR,Merchandise,True,0.0013134585497546246
21193,274.37,111,23,22,WHITE HONEYCOMB PAPER FAN ,Merchandise,True,0.001312597422313518
75178,273.93,497,25,25,ASSTD COL BUTTERFLY/CRYSTAL W/CHIME,Merchandise,True,0.0013104924441241462
90122A,273.89,55,31,31,PINK CRYSTAL+GLASS BRACELET,Merchandise,True,0.0013103010824705669
23141,272.91,79,25,25,TRIPLE WIRE HOOK PINK HEART,Merchandise,True,0.0013056127219578753
84924D,272.61,764,15,15,LA PALMIERA METAL SIGN CALENDAR,Merchandise,True,0.0013041775095560307
22875,272.56,124,31,30,NUMBER TILE COTTAGE GARDEN 7,Merchandise,True,0.0013039383074890567
35096A,272.45,765,50,50,BLUE VICTORIAN FABRIC HEART BOX,Merchandise,True,0.0013034120629417136
79303D,272.45,78,19,19,LILAC FLOWER BLOCK TABLE LAMP,Merchandise,True,0.0013034120629417136
84499,272.16999999999996,326,41,41,BLACK FLOWER CANDLE PLATE,Merchandise,True,0.0013020725313666588
22874,272.02,126,29,28,NUMBER TILE COTTAGE GARDEN 6,Merchandise,True,0.0013013549251657366
90032,271.88,48,24,24,IVORY SHELL HEART NECKLACE,Merchandise,True,0.0013006851593782094
22877,271.64,128,28,28,NUMBER TILE COTTAGE GARDEN 9,Merchandise,True,0.0012995369894567336
23474,270.96000000000004,312,38,37,WOODLAND SMALL BLUE FELT HEART,Merchandise,True,0.0012962838413458865
22868,270.38,124,27,27,NUMBER TILE COTTAGE GARDEN 0 ,Merchandise,True,0.0012935090973689872
47351B,269.90000000000003,98,14,14,BLUE  VOILE LAMPSHADE,Merchandise,True,0.0012912127575260364
90129E,269.78000000000003,133,61,59,PURPLE GLASS TASSLE BAG CHARM,Merchandise,True,0.0012906386725652984
47591A,269.53999999999996,163,70,70,CAROUSEL DES CHILD'S APRON,Merchandise,True,0.0012894905026438225
85195,269.44000000000005,146,17,17,HANGING HEART BASKET,Merchandise,True,0.001289012098509875
90122C,269.1,54,30,30,TURQUOISE CRYSTAL+GLASS BRACELET,Merchandise,True,0.001287385524454451
72793,268.75,55,10,10,BLACK BOX MIRROR LANTERN,Merchandise,True,0.0012857111099856323
20818,268.5,87,30,30,GOLD TEDDY BEAR,Merchandise,True,0.001284515099650762
47481,267.53,327,45,44,50CM METAL STRING WITH  7 CLIPS,Merchandise,True,0.001279874579551465
22873,266.71,121,32,31,NUMBER TILE COTTAGE GARDEN 5,Merchandise,True,0.0012759516656530904
90096,266.44,113,54,49,NECKLACE+BRACELET SET BLUE BLOSSOM,Merchandise,True,0.0012746599744914303
44234,264.76,1220,63,56,ASSORTED CIRCULAR MOBILE,Merchandise,True,0.0012666227850411016
23476,264.72,205,22,22,WOODLAND LARGE RED FELT HEART,Merchandise,True,0.0012664314233875225
21370,264.67,56,23,22,MIRRORED WALL ART FOXY,Merchandise,True,0.0012661922213205482
21950,263.63,211,18,18,SET OF 6 DOTS CHOPSTICKS,Merchandise,True,0.0012612168183274875
90040B,263.59,73,38,36,MURANO STYLE GLASS BRACELET BLACK,Merchandise,True,0.0012610254566739081
90157,263.28000000000003,53,24,24,RIVIERA NECKLACE,Merchandise,True,0.0012595424038586692
84613C,262.71,63,13,12,BLUE NEW BAROQUE FLOCK CANDLESTICK,Merchandise,True,0.0012568155002951646
22876,262.59,121,26,23,NUMBER TILE COTTAGE GARDEN 8,Merchandise,True,0.0012562414153344267
21268,262.5,399,53,49,VINTAGE BLUE TINSEL REEL,Merchandise,True,0.0012558108516138734
84806A,261.90999999999997,319,20,20,PINK CANDYSTUFT ARTIFICIAL FLOWER,Merchandise,True,0.0012529882672235794
90028,261.77,31,26,24,NEW BAROQUE LARGE NECKLACE BLK/WHIT,Merchandise,True,0.001252318501436052
17038,261.51,2659,56,55,PORCELAIN BUDAH INCENSE HOLDER,Merchandise,True,0.0012510746506877869
85095,261.04,175,50,49,THREE CANVAS LUGGAGE TAGS,Merchandise,True,0.0012488261512582307
79328,260.76,594,17,17,BLUE FLOCK GLASS CANDLEHOLDER,Merchandise,True,0.0012474866196831758
72799D,260.67,78,19,18,BLUE PILLAR CANDLE SILVER FLOCK,Merchandise,True,0.0012470560559626226
90073,260.52,52,36,34,VINTAGE ENAMEL & CRYSTAL EARRINGS,Merchandise,True,0.0012463384497617002
84597B,259.37,205,27,27,RETRO BROWN BALL ASHTRAY ,Merchandise,True,0.0012408368022212967
22882,259.28999999999996,127,51,50,NUMBER TILE VINTAGE FONT 3,Merchandise,True,0.001240454078914138
90035A,257.55,24,16,16,"PEARL & SHELL 42""NECKL. GREEN",Merchandise,True,0.0012321298469834404
84520b,257.4,110,10,10,PACK 20 ENGLISH ROSE PAPER NAPKINS,Merchandise,True,0.0012314122407825181
85179C,257.15,116,40,40,PINK BITTY LIGHT CHAIN,Merchandise,True,0.0012302162304476476
84371,257.1,30,6,6,BIG PINK POODLE,Merchandise,True,0.0012299770283806738
84660c,256.84,34,31,28,PINK STITCHED WALL CLOCK,Merchandise,True,0.0012287331776324084
90081C,255.56,51,37,36,LILY BROOCH OLIVE COLOUR,Merchandise,True,0.0012226096047178725
10123C,255.06,651,64,63,HEARTS WRAPPING TAPE ,Merchandise,True,0.001220217584048132
72801d,254.98,103,61,61,4 SKY BLUE DINNER CANDLES,Merchandise,True,0.0012198348607409732
90196B,254.73,20,15,14,BLACK GEMSTONE NECKLACE 45CM,Merchandise,True,0.0012186388504061027
21032,254.66,205,51,50,SPACE CADET WHITE,Merchandise,True,0.0012183039675123393
85232b,254.47,25,22,22,SET/3 RUSSIAN DOLL STACKING TINS,Merchandise,True,0.0012173949996578377
84461,253.79,99,40,40,12 PINK HEN+CHICKS IN BASKET,Merchandise,True,0.0012141418515469902
gift_0001_50,253.59,6,6,6,Dotcomgiftshop Gift Voucher £50.00,Merchandise,True,0.001213185043279094
90087,252.88,313,55,53,CRYSTAL SEA HORSE PHONE CHARM,Merchandise,True,0.0012097883739280622
21493,252.45,272,30,29, VINTAGE DESIGN GIFT TAGS,Merchandise,True,0.0012077312361520852
79338,252.29,553,13,13,DARK PINK FLOCK GLASS CANDLEHOLDER,Merchandise,True,0.001206965789537768
47503H,252.28,162,65,60,ASS FLORAL PRINT SPIRIT LEVEL ,Merchandise,True,0.0012069179491243733
23149,251.45,99,21,21,ANTIQUE IVORY WIRE BOWL SMALL,Merchandise,True,0.0012029471948126038
DCGSSBOY,251.35,77,21,21,BOYS PARTY BAG,Merchandise,True,0.0012024687906786555
90170,251.27,151,74,73,DAISY HAIR BAND,Merchandise,True,0.0012020860673714973
20836,250.00000000000003,224,22,22,FRENCH PAISLEY CUSHION COVER,Merchandise,True,0.0011960103348703558
90181B,249.95000000000002,27,26,24,AMETHYST GLASS/SHELL/PEARL NECKLACE,Merchandise,True,0.0011957711328033818
21460,249.64999999999998,113,27,27,GREEN EASTER EGG HUNT START POST,Merchandise,True,0.001194335920401537
84993B,249.12,564,88,86,75 BLACK PETIT FOUR CASES,Merchandise,True,0.0011918003784916122
90129C,248.36,110,52,51,GREEN GLASS TASSLE BAG CHARM,Merchandise,True,0.0011881645070736064
84030c,248.0,32,13,13,KNITTED RAINBOW HOT WATER BOTTLE,Merchandise,True,0.001186442252191393
90081A,247.75,50,25,24,LILY BROOCH AMETHYST COLOUR,Merchandise,True,0.0011852462418565225
23465,247.63,29,16,16,TUSCAN VILLA BIRD FEEDER,Merchandise,True,0.0011846721568957849
84621,247.26,29,15,15,BLUE GINGHAM ROSE FLOOR CUSHION ,Merchandise,True,0.0011829020616001766
90036C,246.83,31,15,15,"FLOWER GLASS GARLAND NECKL.36""BLUE",Merchandise,True,0.0011808449238241998
82011A,246.58,59,34,34,"BATHROOM SCALES, TROPICAL BEACH",Merchandise,True,0.0011796489134893293
46307,246.03,51,33,33,ROSES BLUE BASE CUSHION COVER ,Merchandise,True,0.0011770176907526144
35818P,245.51,560,26,25,"ACRYLIC JEWEL ICICLE, PINK",Merchandise,True,0.001174529989256084
90119,243.07,97,42,42,METALIC LEAVES BAG CHARMS,Merchandise,True,0.0011628569283877494
23475,242.18,286,31,31,WOODLAND SMALL PINK FELT HEART,Merchandise,True,0.001158599131595611
90210B,240.90000000000003,105,27,24,CLEAR ACRYLIC FACETED BANGLE,Merchandise,True,0.001152475558681075
23143,239.97,30,16,16,ZINC WIRE KITCHEN ORGANISER,Merchandise,True,0.0011480264002353571
84629,237.8,24,13,13,WHITE 3 FRAME BIRDS AND TREE ,Merchandise,True,0.0011376450305286823
82553,237.73000000000002,114,42,42,POP'S GREASY SPOON METAL SIGN,Merchandise,True,0.0011373101476349187
90185A,237.53,56,27,26,AMBER DIAMANTE EXPANDABLE RING,Merchandise,True,0.0011363533393670224
21369,236.73,135,24,22,MIRRORED WALL ART SPLODGES,Merchandise,True,0.001132526106295437
90133,236.46,47,36,36,TEAL/FUSCHIA COL BEAD NECKLACE,Merchandise,True,0.0011312344151337772
84247K,236.43000000000004,76,29,28,"FOLK ART GREETING CARD,pack/12",Merchandise,True,0.001131090893893593
44217M,236.40000000000003,72,3,3,MULTICOLOUR FEATHERS CURTAIN,Merchandise,True,0.0011309473726534086
20891,236.33,684,3,3,LARGE GLASS ROSE SCENTED CANDLE ,Merchandise,True,0.0011306124897596448
82585,235.9,164,49,47,SWEET VALENCIA CANDLE+CUP,Merchandise,True,0.0011285553519836677
90210D,235.73000000000002,142,23,23,PURPLE ACRYLIC FACETED BANGLE,Merchandise,True,0.001127742064955956
90199B,234.98,37,32,31,5 STRAND GLASS NECKLACE AMETHYST,Merchandise,True,0.0011241540339513446
23580,234.92,116,25,25,SNACK TRAY HAPPY FOREST  ,Merchandise,True,0.001123866991470976
22880,234.48,112,38,37,NUMBER TILE VINTAGE FONT 1,Merchandise,True,0.001121762013281604
20855,234.29999999999998,142,47,47,PINK PATCH PURSE BLUE HEART,Merchandise,True,0.0011209008858404973
84796a,234.28,28,20,20,PINK HAWAIIAN PICNIC HAMPER FOR 2,Merchandise,True,0.001120805205013708
20736,233.5,290,19,19,PINK MINI TAPE MEASURE ,Merchandise,True,0.0011170736527689122
37483,232.89,143,12,10,ENGLISH ROSE MUG IN GIFT BOX,Merchandise,True,0.0011141553875518287
84797b,232.62,21,19,19,BLUE SAVANNAH PICNIC HAMPER FOR 4,Merchandise,True,0.0011128636963901686
23036,232.42000000000002,184,16,16,T-LIGHT HOLDER SILVER PETIT FOUR ,Merchandise,True,0.0011119068881222725
16256B,232.35,524,36,35,FLOWER PENCIL/RUBBER+5 MINI PENCILS,Merchandise,True,0.0011115720052285087
35991,232.08,402,56,54,SET/6 BLACK SNOWFLAKE T-LIGHTS ,Merchandise,True,0.0011102803140668486
90211B,231.99,39,28,26,JET BLACK LAS VEGAS NECKLACE 45CM,Merchandise,True,0.0011098497503462955
23447,231.9,158,4,4,PINK BUNNY EASTER EGG BASKET,Merchandise,True,0.0011094191866257421
21226,231.8,214,39,37,POCKET MIRROR WOODLAND,Merchandise,True,0.001108940782491794
16202C,230.59,97,12,12,BEIGE PHOTO ALBUM,Merchandise,True,0.0011031520924710213
90116,230.54,108,65,63,FRUIT SALAD BAG CHARM,Merchandise,True,0.0011029128904040473
90164A,230.39,40,25,25,PINK ROSEBUD PEARL BRACELET,Merchandise,True,0.0011021952842031248
23446,230.25,157,3,3,BLUE BUNNY EASTER EGG BASKET,Merchandise,True,0.0011015255184155977
22884,229.89,113,41,39,NUMBER TILE VINTAGE FONT 5,Merchandise,True,0.0010998032635333842
37508,229.57,89,46,46,NEW ENGLAND CERAMIC CAKE SERVER,Merchandise,True,0.0010982723703047502
72781,229.5,121,15,15,BLACK SILOUETTE CANDLE PLATE ,Merchandise,True,0.0010979374874109866
90122B,228.99,46,26,26,JADE CRYSTAL+GLASS BRACELET,Merchandise,True,0.001095497626327851
21639,228.64999999999998,259,15,15,ASSORTED TUTTI FRUTTI KEYRING,Merchandise,True,0.0010938710522724272
17084P,228.43,1016,72,70,DRAGONS BLOOD INCENSE,Merchandise,True,0.0010928185631777416
90090,227.72,263,25,22,PINK CRYSTAL HEART PHONE CHARM,Merchandise,True,0.0010894218938267096
35809B,227.54,104,33,33,ENAMEL BLUE RIM TEA CONTAINER,Merchandise,True,0.0010885607663856031
71028B,227.48,494,13,13,SILVER BLUE EGG T-LIGHT HOLDER,Merchandise,True,0.001088273723905234
35833G,227.38,136,35,34,4 GOLD FLOCK CHRISTMAS BALLS,Merchandise,True,0.001087795319771286
84705C,227.33,162,8,8,PINK FLOCK PHOTO FRAME ,Merchandise,True,0.001087556117704312
72750D,226.5,110,11,11,F.FAIRY S/3 CANDLE/GLASS,Merchandise,True,0.0010835853633925424
23003,226.2,542,54,53,TRAVEL CARD WALLET VINTAGE ROSE ,Merchandise,True,0.0010821501509906978
90003D,226.17,60,32,32,CRYSTAL PAIR HEART HAIR SLIDES,Merchandise,True,0.0010820066297505134
90155,226.16,30,21,21,RESIN NECKLACE W PASTEL BEADS,Merchandise,True,0.0010819587893371185
84966A,225.95,13,4,4,PINK KASHMIRI BOXED MIRROR,Merchandise,True,0.0010809541406558276
35597B,225.35,79,8,7,BLACKCHRISTMAS TREE 30CM,Merchandise,True,0.0010780837158521385
TEST001,225.0,50,9,9,This is a test product.,Merchandise,True,0.0010764093013833202
90019C,224.4,42,36,34,SILVER BLACK ORBIT BRACELET,Merchandise,True,0.0010735388765796313
84927E,224.31,494,30,29,FLOWERS TILE HOOK,Merchandise,True,0.001073108312859078
90125D,223.74,136,36,36,PURPLE BERTIE GLASS BEAD BAG CHARM,Merchandise,True,0.0010703814092955736
85039a,222.53,67,47,44,SET/4 RED MINI ROSE CANDLE IN BOWL,Merchandise,True,0.001064592719274801
17011C,221.4,335,2,2,ORIGAMI LAVENDER INCENSE+FLOWER,Merchandise,True,0.0010591867525611871
90005A,221.09,108,59,57,JADE GREEN ENAMEL HAIR COMB,Merchandise,True,0.001057703699745948
21102,221.08,82,20,20,"CANDLE IN JAR COLLAGE , VANILLA",Merchandise,True,0.001057655859332553
16258B,221.06,1016,16,15,DAISY ERASERS IN BAG,Merchandise,True,0.0010575601785057635
17013B,221.03,256,3,3,ORIGAMI JASMINE INCENSE IN TUBE,Merchandise,True,0.0010574166572655788
72807b,220.94000000000003,26,19,19,SET/3 OCEAN SCENT CANDLE JEWEL BOX,Merchandise,True,0.0010569860935450257
17090A,220.75,215,28,26,LAVENDER INCENSE 40 CONES IN TIN,Merchandise,True,0.001056077125690524
84725,220.75,135,30,29,FREESTYLE CANVAS ART PICTURE,Merchandise,True,0.001056077125690524
62086A,220.35,113,24,24,PINK RETRO BIG FLOWER BAG,Merchandise,True,0.0010541635091547315
90124C,220.20999999999998,22,16,16,GREEN MURANO TWIST NECKLACE,Merchandise,True,0.0010534937433672041
72225D,219.45999999999998,962,11,11,VANILLA SCENT CAKE CANDLE ,Merchandise,True,0.001049905712362593
90056,218.99,20,15,14,CHUNKY CRACKED GLAZE NECKLACE IVORY,Merchandise,True,0.0010476572129330369
85168A,218.89999999999998,22,15,15,WHITE BAROQUE CARRIAGE CLOCK,Merchandise,True,0.0010472266492124835
90058A,218.88,576,13,13,CRYSTAL STUD EARRINGS CLEAR DISPLAY,Merchandise,True,0.0010471309683856937
22881,218.82,112,36,36,NUMBER TILE VINTAGE FONT 2,Merchandise,True,0.0010468439259053248
90214A,218.75,219,107,104,"LETTER ""A"" BLING KEY RING",Merchandise,True,0.0010465090430115613
22883,217.26,110,35,34,NUMBER TILE VINTAGE FONT 4,Merchandise,True,0.001039380821415734
35817P,216.7,420,11,11,"ACRYLIC JEWEL SNOWFLAKE,PINK",Merchandise,True,0.0010367017582656245
35793,216.33,108,16,15,S/3 PUPPIES CHRISTMAS DECORATIONS,Merchandise,True,0.0010349316629700163
37492A,216.07,108,11,11,YELLOW RED FLOWER PIGGY BANK,Merchandise,True,0.0010336878122217512
84807,215.93,233,7,7,RED POPPY ARTIFICIAL FLOWER,Merchandise,True,0.0010330180464342238
90036A,215.76000000000002,27,20,20,FLOWER GARLAND NECKLACE RED,Merchandise,True,0.001032204759406512
84927D,215.5,954,29,28,LA PALMIERA TILE HOOK,Merchandise,True,0.0010309609086582466
47343A,215.2,206,26,23,FUSCHIA FLOWER PURSE WITH BEADS,Merchandise,True,0.0010295256962564022
21543,215.0,284,24,24,BUTTERFLY WATER TRANSFER TATTOOS ,Merchandise,True,0.001028568887988506
84690,214.65,27,14,14,S/2 BEACH HUT STOOLS,Merchandise,True,0.0010268944735196874
22885,214.47,113,36,35,NUMBER TILE VINTAGE FONT 6 ,Merchandise,True,0.0010260333460785807
48179,214.47,34,11,11,DOOR MAT SWEET HOME,Merchandise,True,0.0010260333460785807
90123A,214.07,36,19,19,PINK HEART OF GLASS BRACELET,Merchandise,True,0.0010241197295427881
84744,213.78,168,39,31,S/6 SEW ON CROCHET FLOWERS,Merchandise,True,0.0010227323575543385
51012C,213.75,171,28,27,"FEATHER DUSTER, COAL BLACK",Merchandise,True,0.001022588836314154
16201A,213.37,101,9,9,PASTEL PINK PHOTO ALBUM,Merchandise,True,0.0010207709006051513
21400,213.07,1078,91,91,RED PUDDING SPOON,Merchandise,True,0.0010193356882033067
84805A,212.85,147,8,8,CREAM CLIMBING HYDRANGA ART FLOWER,Merchandise,True,0.001018283199108621
84313A,212.42,38,19,19,PINK TV TRAY TABLE ,Merchandise,True,0.0010162260613326439
84247C,212.40000000000003,72,22,22,PACK/12 BLUE REINDEER CARD,Merchandise,True,0.0010161303805058545
90024B,212.24,25,22,22,NEW BAROQUE B'FLY NECKLACE RED,Merchandise,True,0.0010153649338915374
21368,212.04,201,47,47,MIRRORED WALL ART LADIES,Merchandise,True,0.001014408125623641
20827,209.36,173,8,8,GOLD APERITIF GLASS,Merchandise,True,0.0010015868948338308
20814,208.89000000000001,189,13,13,SILVER FINCH DECORATION,Merchandise,True,0.0009993383954042744
90036F,208.31,26,17,15,"FLOWER GLASS GARLD NECKL36""TURQUOIS",Merchandise,True,0.0009965636514273752
84706F,208.3,34,18,17,RED PEONY TABLE CLOCK,Merchandise,True,0.0009965158110139805
47574B,208.25,49,28,27,ENGLISH ROSE SCENTED HANGING HEART,Merchandise,True,0.0009962766089470063
90016A,207.86,29,16,16,SILVER/M.O.P PENDANT ORBIT NECKLACE,Merchandise,True,0.0009944108328246086
37485,207.69,49,16,15,ENGLISH ROSE TEA SET IN GIFT BOX,Merchandise,True,0.0009935975457968968
90210A,207.34,88,21,21,GREY ACRYLIC FACETED BANGLE,Merchandise,True,0.0009919231313280782
90040A,207.05,53,34,34,MURANO STYLE GLASS BRACELET RED,Merchandise,True,0.0009905357593396288
90186A,206.68,70,35,33,AMETHYST HOOP EARRING FLORAL LEAF,Merchandise,True,0.0009887656640440205
17014D,204.36,479,9,8,ORIGAMI ROSE INCENSE CONES,Merchandise,True,0.0009776666881364238
35824B,203.24,528,6,6,"HANGING FLOWERS+MIRROR,BLUE",Merchandise,True,0.0009723085618362045
21018,203.07,235,49,42,BIRD BOX CHRISTMAS TREE DECORATION,Merchandise,True,0.0009714952748084924
20890,202.62,605,4,4,SMALL GLASS ROSE SCENTED CANDLE,Merchandise,True,0.0009693424562057259
48103,201.73,35,10,10,DOOR MAT KISS MY.......,Merchandise,True,0.0009650846594135874
84723,201.3,54,12,12,CHERRY BLOSSOM CANVAS ART PICTURE,Merchandise,True,0.0009630275216376105
72754A,201.24,292,5,5,FLOWER FAIRY POTPOURRI CUSHION LILY,Merchandise,True,0.0009627404791572416
20672,201.0,138,36,36,PINK TEATIME PRINT BOWL,Merchandise,True,0.0009615923092357661
79403,200.67999999999998,217,37,36,FROSTED WHITE BASE ,Merchandise,True,0.0009600614160071319
90144,199.45,53,33,33,SILVER DROP EARRINGS WITH FLOWER,Merchandise,True,0.0009541770451595697
90003C,199.16,53,37,35,MIDNIGHT BLUE PAIR HEART HAIR SLIDE,Merchandise,True,0.0009527896731711202
90000A,198.98000000000002,33,21,21,RASPBERRY ANT COPPER FLOWER NECKLAC,Merchandise,True,0.0009519285457300137
84797a,198.84,18,17,17,PINK HAWAIIAN PICNIC HAMPER FOR 4,Merchandise,True,0.0009512587799424861
22330,197.89999999999998,128,22,22,72 ROUND PINK DOILIES,Merchandise,True,0.0009467617810833734
37471,197.85,1405,10,10,MULTICOLOUR DOTS PLATE,Merchandise,True,0.0009465225790163996
84855,196.70000000000002,36,16,15,BLOKEY SILVER TOOL SET,Merchandise,True,0.000941020931475996
47504F,196.46,527,14,14,ENGLISH ROSE TORCH,Merchandise,True,0.0009398727615545205
90029,195.14,23,12,12,NEW BAROQUE SMALL NECKLACE BLACK,Merchandise,True,0.0009335578269864049
84985B,194.95999999999998,128,24,24,SET OF 72 BLACK PAPER DOILIES ,Merchandise,True,0.0009326966995452982
23697,194.58,456,36,35,A PRETTY THANK YOU CARD,Merchandise,True,0.0009308787638362953
90129F,194.51000000000002,87,45,41,RED GLASS TASSLE BAG CHARM,Merchandise,True,0.0009305438809425317
90130B,194.01,66,51,49,TURQ STONE/CRYSTAL EARRINGS,Merchandise,True,0.0009281518602727908
72051S,193.41,305,57,54,BAG OF SILVER STONES,Merchandise,True,0.000925281435469102
21582,193.04999999999998,117,17,16,KINGS CHOICE SMALL TUBE MATCHES,Merchandise,True,0.0009235591805868887
35819B,192.3,385,35,32,"ACRYLIC HANGING JEWEL,BLUE",Merchandise,True,0.0009199711495822777
84899F,192.17,121,53,53,YELLOW PURPLE DAISY FELT PURSE KIT,Merchandise,True,0.000919349224208145
90178B,191.40999999999997,16,11,11,PURPLE CHUNKY GLASS+BEAD NECKLACE,Merchandise,True,0.000915713352790139
47570b,190.63,9,9,8,TEA TIME TABLE CLOTH,Merchandise,True,0.0009119818005453436
37506,190.4,32,26,26,NEW ENGLAND MILK JUG W GIFT BOX,Merchandise,True,0.0009108814710372629
90094,190.17,75,40,38,NECKLACE+BRACELET SET FRUIT SALAD ,Merchandise,True,0.0009097811415291823
84255B,190.16,65,18,18,ORANGE COCKTAIL GLASS LAMP,Merchandise,True,0.0009097333011157874
84926C,189.6,138,31,31,FAIRY CAKES TILE COASTER,Merchandise,True,0.0009070542379656778
90210C,189.52,119,15,14,RED   ACRYLIC FACETED BANGLE,Merchandise,True,0.0009066715146585193
84803A,189.28,112,17,17,PINK ALLIUM  ARTIFICIAL FLOWER,Merchandise,True,0.0009055233447370437
85128,188.95000000000002,167,4,4,PLANTPOT SINGLE HOOK PISTACHIO,Merchandise,True,0.000903944611095015
84706B,188.73,20,9,9,FAIRY CAKES TABLE CLOCK,Merchandise,True,0.000902892122000329
90159,188.58,38,20,20,COTE D'AZURE NECKLACE,Merchandise,True,0.0009021745157994067
84510a,188.20999999999998,76,59,58,SET OF 4 ENGLISH ROSE COASTERS,Merchandise,True,0.0009004044205037985
20837,188.07000000000002,165,18,18,FRENCH FLORAL CUSHION COVER ,Merchandise,True,0.0008997346547162713
90214S,187.64,190,91,86,"LETTER ""S"" BLING KEY RING",Merchandise,True,0.0008976775169402942
90086,186.95999999999998,219,49,46,CRYSTAL FROG PHONE CHARM,Merchandise,True,0.0008944243688294468
85114b,186.76,56,19,19,IVORY ENCHANTED FOREST PLACEMAT,Merchandise,True,0.0008934675605615505
84893,186.35000000000002,33,15,15,ANT WHITE IRON BASKET,Merchandise,True,0.0008915061036123633
84452,186.16,198,45,44,METAL RABBIT LADDER EASTER ,Merchandise,True,0.0008905971357578618
79144B,186.07,358,96,91,PAINTED LIGHTBULB STAR+ MOON,Merchandise,True,0.0008901665720373084
16053,185.73,4313,10,10,POPART COL BALLPOINT PEN ASST,Merchandise,True,0.0008885399979818847
84877A,185.66,74,17,17,PINK ROUND COMPACT MIRROR,Merchandise,True,0.000888205115088121
85114a,185.64,56,17,17,BLACK ENCHANTED FOREST PLACEMAT,Merchandise,True,0.0008881094342613313
20968,185.11,43,20,19,GREEN FLORAL FELTCRAFT SHOULDER BAG,Merchandise,True,0.0008855738923514063
35911B,184.76,159,24,24,PINK/FLOWER RABBIT EGG WARMER ,Merchandise,True,0.0008838994778825876
23416,184.68,132,25,25,CHAMBRE HOOK,Merchandise,True,0.0008835167545754293
20957,184.61,126,15,15,PORCELAIN HANGING BELL SMALL,Merchandise,True,0.0008831818716816657
35838A,184.4,180,20,20,S/6 MULTICOLOUR ORNAMENETAL CANDLE,Merchandise,True,0.0008821772230003744
90211A,184.39000000000001,31,23,21,DIAMOND LAS VEGAS NECKLACE 45CM,Merchandise,True,0.0008821293825869797
79144C,184.34,311,100,97,PAINTED LIGHTBULB RAINBOW DESIGN,Merchandise,True,0.0008818901805200056
84029D,183.98000000000002,51,15,15,LEOPARD PRINT HOT WATER BOTTLE,Merchandise,True,0.0008801679256377924
90125A,183.97,149,18,18,PINK BERTIE GLASS BEAD BAG CHARM,Merchandise,True,0.0008801200852243973
90000B,183.66,30,22,21,MIDNIGHT BLUE COPPER FLOWER NECKLAC,Merchandise,True,0.0008786370324091581
20796,182.16,99,22,22,SMALL BLUE PROVENCAL CERAMIC BALL,Merchandise,True,0.000871460970399936
37379B,181.5,1122,3,3,BLUE CHERRY BLOSSOM CUP & SAUCER,Merchandise,True,0.0008683035031158783
84531A,181.06,197,50,45,PINK KNITTED EGG COSY,Merchandise,True,0.0008661985249265064
21031,180.46,146,41,39,SPACE CADET BLACK,Merchandise,True,0.0008633281001228176
90065A,180.46,26,16,16,WHITE VINTAGE CRYSTAL BRACELET,Merchandise,True,0.0008633281001228176
16043,180.3,2145,13,13,POP ART PUSH DOWN RUBBER ,Merchandise,True,0.0008625626535085006
35818B,180.05,408,11,11,"ACRYLIC JEWEL ICICLE, BLUE",Merchandise,True,0.0008613666431736303
47347B,179.88,240,11,11,BLUE FLOWER T-LIGHT HOLDER,Merchandise,True,0.0008605533561459183
90180B,179.88,18,14,14,PURPLE AMETHYST NECKLACE W TASSEL,Merchandise,True,0.0008605533561459183
84962,179.85000000000002,3,2,2,SET/3 COLOUR PAINTED KASHMIRI STOOL,Merchandise,True,0.000860409834905734
84661C,179.75,150,25,25,PINK SQUARE TABLE CLOCK,Merchandise,True,0.0008599314307717858
21310,179.7,6,4,4,CAPIZ CHANDELIER,Merchandise,True,0.0008596922287048116
17011A,179.56,261,12,12,ORIGAMI VANILLA INCENSE+FLOWER ,Merchandise,True,0.0008590224629172842
84464,179.1,82,11,11,S/60 PINK FLUFFY CHICKS IN BOX,Merchandise,True,0.0008568218039011229
90151,178.67000000000002,21,11,9,SILVER/NATURAL SHELL NECKLACE,Merchandise,True,0.000854764666125146
90063A,178.48,21,13,13,WHITE VINT ART DECO CRYSTAL NECKLAC,Merchandise,True,0.0008538556982706444
90013D,178.11,46,17,17,PURPLE VINTAGE EARRINGS,Merchandise,True,0.0008520856029750364
85132a,177.59,12,12,10,CHARLIE + LOLA BISCUITS TINS,Merchandise,True,0.0008495979014785059
84968a,176.31,7,5,4,SET OF 16 VINTAGE ROSE CUTLERY,Merchandise,True,0.0008434743285639696
90072,176.31,44,30,30,RUBY DROP CHANDELIER EARRINGS,Merchandise,True,0.0008434743285639696
82607C,175.60999999999999,115,43,43,GLASS BONBON JAR. SUPERFINES,Merchandise,True,0.0008401254996263327
84564,175.48000000000002,21,11,11,6 SEGMENT COLOURED SNACK BOWL ,Merchandise,True,0.0008395035742522002
84967A,174.9,3,3,3,PINK KASHMIRI OCCASIONAL TABLE,Merchandise,True,0.0008367288302753009
22886,174.16,98,29,29,NUMBER TILE VINTAGE FONT 7,Merchandise,True,0.0008331886396840846
90019B,174.13,33,29,28,GOLD M.O.P ORBIT BRACELET,Merchandise,True,0.0008330451184439002
17014A,173.49,277,17,16,ORIGAMI VANILLA INCENSE CONES,Merchandise,True,0.000829983331986632
90166,173.18,41,32,31,PINK & WHITE ROSEBUD RING,Merchandise,True,0.0008285002791713928
90018B,173.1,41,33,31,GOLD M.O.P ORBIT DROP EARRINGS,Merchandise,True,0.0008281175558642344
75011,172.51,181,15,15,BLUE DAISY MOBILE,Merchandise,True,0.0008252949714739402
90123D,172.39,29,14,14,WHITE HEART OF GLASS BRACELET,Merchandise,True,0.0008247208865132025
90214C,172.28,176,74,69,"LETTER ""C"" BLING KEY RING",Merchandise,True,0.0008241946419658595
90060F,172.08,29,19,18,FIRE POLISHED GLASS NECKL GREEN,Merchandise,True,0.0008232378336979633
84531B,171.81,198,44,42,BLUE KNITTED EGG COSY,Merchandise,True,0.0008219461425363032
90204,171.81,51,38,37,PAIR OF ENAMEL BUTTERFLY HAIRCLIP,Merchandise,True,0.0008219461425363032
90186B,171.22000000000003,58,32,31,CRYSTAL HOOP EARRING FLORAL LEAF,Merchandise,True,0.0008191235581460095
85185C,171.10000000000002,58,29,27,COW  SOCK PUPPET,Merchandise,True,0.0008185494731852716
21461,171.04,82,23,23,BLUE EASTER EGG HUNT START POST,Merchandise,True,0.0008182624307049026
35916C,170.87,159,44,42,PINK FELT HANGING HEART W FLOWER,Merchandise,True,0.0008174491436771907
84706C,170.8,84,4,4,PINK FLOCK TABLE CLOCK ,Merchandise,True,0.000817114260783427
90190C,170.70000000000002,58,39,36,SILVER/AMETHYST DROP EARRINGS LEAF,Merchandise,True,0.000816635856649479
90063B,170.17000000000002,20,14,14,BLACK VINT ART DEC CRYSTAL NECKLACE,Merchandise,True,0.0008141003147395539
85040a,169.75,51,34,34,S/4 PINK FLOWER CANDLES IN BOWL,Merchandise,True,0.0008120910173769715
90003B,169.62,45,27,25,ROSE COLOUR PAIR HEART HAIR SLIDES,Merchandise,True,0.0008114690920028389
90214L,168.60999999999999,179,70,68,"LETTER ""L"" BLING KEY RING",Merchandise,True,0.0008066372102499626
85205A,168.29999999999998,66,23,21,IVORY FELT EASTER RABBIT GARLAND,Merchandise,True,0.0008051541574347233
21087,168.08,260,33,32,SET/6 POSIES PAPER CUPS,Merchandise,True,0.0008041016683400377
37491C,167.52,58,10,10,GREEN/BLUE CERAMIC CANDLE HOLDER,Merchandise,True,0.0008014226051899281
72351a,167.52,40,30,28,SET/6 TURQUOISE BUTTERFLY T-LIGHTS,Merchandise,True,0.0008014226051899281
90093,167.0,210,26,25,CLEAR CRYSTAL STAR PHONE CHARM,Merchandise,True,0.0007989349036933976
82587,166.78,128,41,40,TEXRIO TOMATOES CANDLE+CUP,Merchandise,True,0.0007978824145987118
90214J,166.52,162,91,88,"LETTER ""J"" BLING KEY RING",Merchandise,True,0.0007966385638504467
90039D,166.47,44,25,24,FIRE POLISHED GLASS BRACELET GREEN,Merchandise,True,0.0007963993617834725
84231,166.21,230,51,50,EASTER BUNNY WITH BASKET ON BACK,Merchandise,True,0.0007951555110352073
gift_0001_40,166.09,5,5,5,Dotcomgiftshop Gift Voucher £40.00,Merchandise,True,0.0007945814260744696
10123G,165.55999999999997,2251,17,16,ARMY CAMO WRAPPING TAPE,Merchandise,True,0.0007920458841645443
90162B,165.20000000000002,56,21,20,ANT SILVER LIME GREEN BOUDICCA RING,Merchandise,True,0.0007903236292823311
37479P,165.18,172,36,34,CUBIC MUG FLOCK PINK ON BROWN,Merchandise,True,0.0007902279484555414
23694,165.08,376,41,41,PAISLEY PARK CARD,Merchandise,True,0.0007897495443215934
85024C,165.0,100,46,42,PINK SMALL JEWELLED PHOTOFRAME,Merchandise,True,0.0007893668210144349
90129D,163.23000000000002,68,35,34,AMBER GLASS TASSLE BAG CHARM,Merchandise,True,0.0007808990678435527
16202E,162.73,82,14,14,BLACK PHOTO ALBUM ,Merchandise,True,0.000778507047173812
20693,161.89000000000001,33,18,18,FLORAL DINOSAUR GREEN,Merchandise,True,0.0007744884524486476
84927A,161.82,227,34,33,WAKE UP COCKEREL TILE HOOK,Merchandise,True,0.0007741535695548839
71496A,161.77,260,20,17,A4 WALL TIDY BLUE OFFICE,Merchandise,True,0.0007739143674879099
90214K,161.35,157,86,83,"LETTER ""K"" BLING KEY RING",Merchandise,True,0.0007719050701253277
90042A,160.79,63,33,33,FRESHWATER PEARL BRACELET GOLD,Merchandise,True,0.0007692260069752181
90123C,160.75,27,12,12,GREEN HEART OF GLASS BRACELET,Merchandise,True,0.0007690346453216387
21353,160.45,19,9,9,SILVER SLEIGHBELL  WREATH,Merchandise,True,0.0007675994329197943
22887,160.35999999999999,92,28,28,NUMBER TILE VINTAGE FONT 8,Merchandise,True,0.0007671688691992409
90059A,160.35999999999999,96,50,48,DIAMANTE HAIR GRIP PACK/2 CRYSTAL,Merchandise,True,0.0007671688691992409
84599,160.15,15,6,6,CANDY STRIPE ROSE FLOOR CUSHION,Merchandise,True,0.0007661642205179499
23305,159.9,82,9,9,SET 4 PICNIC CUTLERY BLUEBERRY,Merchandise,True,0.0007649682101830795
81952V,159.87,464,47,46,ROUND PURPLE CLOCK WITH SUCKER,Merchandise,True,0.0007648246889428952
37379A,159.2,41,16,16,PINK CHERRY BLOSSOM CUP & SAUCER,Merchandise,True,0.0007616193812454425
16054,159.0,1210,39,39,POPART RECT PENCIL SHARPENER ASST,Merchandise,True,0.0007606625729775462
85166A,158.9,77,12,12,WHITE METAL BAROQUE PHOTO FRAME,Merchandise,True,0.0007601841688435982
90048,158.89000000000001,31,8,8,GREEN WITH METAL BAG CHARM,Merchandise,True,0.0007601363284302034
22864,158.76,378,2,2,MUG AND COASTER SET RED CIRCLES,Merchandise,True,0.0007595144030560706
90183A,158.61,54,32,31,AMBER DROP EARRINGS W LONG BEADS,Merchandise,True,0.0007587967968551487
90199A,158.57,25,18,16,5 STRAND GLASS NECKLACE BLACK,Merchandise,True,0.0007586054352015692
48175,158.04,39,2,2,DOOR MAT CAMOUFLAGE,Merchandise,True,0.000756069893291644
84228,157.75,356,48,46,HEN HOUSE W CHICK STANDING,Merchandise,True,0.0007546825213031945
21489,157.60000000000002,28,14,14,BLUE WHITE SCARF HOT WATER BOTTLE,Merchandise,True,0.0007539649151022724
23417,157.5,146,28,27,BATHROOM HOOK,Merchandise,True,0.0007534865109683241
90030C,157.24,88,17,16,BROWN KUKUI COCONUT SEED NECKLACE,Merchandise,True,0.000752242660220059
23468,156.75,19,11,11,TUSCAN VILLA BIRD TABLE ,Merchandise,True,0.000749898479963713
72140E,156.72,218,29,29,BEST DAD CANDLE LETTERS,Merchandise,True,0.0007497549587235287
17178,156.65,133,25,24,FLAT PALM T-LIGHT HOLDER,Merchandise,True,0.000749420075829765
46138B,156.29,71,25,25,BLUE CHENILLE SHAGGY CUSHION COVER ,Merchandise,True,0.0007476978209475516
47369B,156.13,55,30,29,BLUE GREEN EMBROIDERY COSMETIC BAG,Merchandise,True,0.0007469323743332345
84914A,155.7,6,5,5,PINK ROSE PICNIC RUG,Merchandise,True,0.0007448752365572575
20664,155.41,57,31,31,TROPICAL HOLIDAY PURSE ,Merchandise,True,0.000743487864568808
47369A,155.16,52,28,25,PINK GREEN EMBROIDERY COSMETIC BAG,Merchandise,True,0.0007422918542339376
90212B,155.13,41,30,28,JET BLACK LAS VEGAS BRACELET ROUND,Merchandise,True,0.0007421483329937532
90099,155.07,49,28,25,NECKLACE+BRACELET SET BLUE HIBISCUS,Merchandise,True,0.0007418612905133842
90065B,154.87,22,16,16,BLACK VINT ART DEC CRYSTAL BRACELET,Merchandise,True,0.000740904482245488
90123B,154.69,26,13,13,TURQUOISE HEART OF GLASS BRACELET,Merchandise,True,0.0007400433548043813
23496,154.52,112,31,31,PANTRY KITCHEN THERMOMETER ,Merchandise,True,0.0007392300677766696
72801c,153.67,62,36,36,4 ROSE PINK DINNER CANDLES,Merchandise,True,0.0007351636326381102
47518F,153.14,903,34,34,ICON PLACEMAT POP ART ELVIS,Merchandise,True,0.0007326280907281851
84989a,152.7,75,42,41,75 GREEN FAIRY CAKE CASES,Merchandise,True,0.0007305231125388133
79192A,152.64,114,35,35,RETRO PLASTIC 70'S TRAY,Merchandise,True,0.0007302360700584443
84622,152.6,23,9,9,PINK GINGHAM ROSE CUSHION COVER,Merchandise,True,0.0007300447084048652
90022,151.1,40,35,32,EDWARDIAN DROP EARRINGS JET BLACK,Merchandise,True,0.0007228686463956431
20952,150.72,329,24,24,PORCELAIN CHERUB BELL SMALL,Merchandise,True,0.0007210507106866401
90040C,150.56,42,22,21,MURANO STYLE GLASS BRACELET GOLD,Merchandise,True,0.0007202852640723231
79161A,150.45000000000002,51,16,16,ST GEORGE SET OF 10 PARTY LIGHTS,Merchandise,True,0.0007197590195249801
90042C,150.20999999999998,59,26,26,FRESHWATER PEARL BRACELET IVORY,Merchandise,True,0.0007186108496035045
17108D,149.1,355,23,23,FLOWER FAIRY SUMMER BOUQUET SACHET,Merchandise,True,0.0007133005637166802
90040D,148.87,41,25,25,MURANO STYLE GLASS BRACELET PINK,Merchandise,True,0.0007122002342085995
35980C,147.64,377,29,29,REDWHITE STRIPE SCANDINAVIAN HEART ,Merchandise,True,0.0007063158633610373
84720,147.05,35,3,3,DOT MATRIX CANVAS ART PICTURE,Merchandise,True,0.0007034932789707433
84510c,146.39,59,36,34,SET OF 4 POLKADOT COASTERS,Merchandise,True,0.0007003358116866854
90214M,146.17,145,67,64,"LETTER ""M"" BLING KEY RING",Merchandise,True,0.0006992833225919995
84527,146.10999999999999,77,23,22,FLAMES SUNGLASSES PINK LENSES,Merchandise,True,0.0006989962801116306
10120,145.89,679,76,73,DOGGY RUBBER,Merchandise,True,0.0006979437910169448
90214E,144.38,148,71,67,"LETTER ""E"" BLING KEY RING",Merchandise,True,0.0006907198885943279
35610B,144.07,179,14,13,BLACK CHRISTMAS FLOCK DROPLET ,Merchandise,True,0.0006892368357790886
90016C,144.07,17,14,14,SILVER/BLACK PENDANT ORBIT NECKLACE,Merchandise,True,0.0006892368357790886
79191D,143.87,138,56,56,RETRO PLASTIC DAISY TRAY,Merchandise,True,0.0006882800275111923
84874B,143.41,87,38,36,BLUE TRAVEL FIRST AID KIT,Merchandise,True,0.0006860793684950309
90036B,143.1,18,10,10,"FLOWER GLASS GARLAND NECKL.36""GREEN",Merchandise,True,0.0006845963156797916
90177D,141.68,48,27,25,DROP DIAMANTE EARRINGS PURPLE,Merchandise,True,0.000677802976977728
90202D,141.49,48,24,24,PINK ENAMEL FLOWER HAIR TIE,Merchandise,True,0.0006768940091232266
72740A,141.23,65,12,12,LARGE STRAWBERRY CHOCOLATE CANDLE,Merchandise,True,0.0006756501583749613
47590b,140.5,13,10,10,PINK HAPPY BIRTHDAY BUNTING,Merchandise,True,0.0006721578081971399
84617,140.25,11,7,7,NEW BAROQUE BLACK BOXES,Merchandise,True,0.0006709617978622696
84765,140.23,9,6,6,SILVER ROCOCO CANDELABRA,Merchandise,True,0.0006708661170354799
90194,140.08,33,22,21,SILVER LARIAT BLACK STONE EARRINGS,Merchandise,True,0.0006701485108345578
78026,139.95,12,2,2,SEAGRASS S/3 SQU LAUNDRY BOX,Merchandise,True,0.0006695265854604252
23463,139.39999999999998,13,8,8,VINTAGE ZINC WATERING CAN,Merchandise,True,0.0006668953627237103
90199D,139.28,22,16,16,5 STRAND GLASS NECKLACE AMBER,Merchandise,True,0.0006663212777629726
23304,138.45,71,9,9,SET 4 PICNIC CUTLERY CHERRY ,Merchandise,True,0.000662350523451203
72754B,137.54,170,8,8,F FAIRY POTPOURRI CUSHIONS LAVENDER,Merchandise,True,0.0006579970458322749
35816P,137.43,297,9,9,"ACRYLIC JEWEL ANGEL,PINK",Merchandise,True,0.000657470801284932
90156,137.37,25,14,14,RESIN BRACELET W PASTEL BEADS,Merchandise,True,0.0006571837588045631
84549,137.27,75,16,16,CROCHET WHITE RABBIT KEYRING ,Merchandise,True,0.000656705354670615
84558a,136.99,23,21,19,3D DOG PICTURE PLAYING CARDS,Merchandise,True,0.0006553658230955602
84709A,136.85,23,14,13,SILVER OVAL JEWELLED MIRROR,Merchandise,True,0.0006546960573080326
S,136.85,3,3,3,SAMPLES,Samples,False,0.0006546960573080326
84614A,136.73,19,11,10,PINK BAROQUE FLOCK CANDLE HOLDER,Merchandise,True,0.0006541219723472949
72134,136.51,340,31,29,COLUMBIAN  CUBE CANDLE ,Merchandise,True,0.000653069483252609
35824P,136.44,324,3,3,"HANGING FLOWERS+MIRROR,PINK",Merchandise,True,0.0006527346003588454
90024E,135.98,16,11,11,NEW BAROQUE B'FLY NECKLACE MONTANA,Merchandise,True,0.0006505339413426838
90023,135.98,32,22,21,FILIGREE DIAMANTE EARRINGS,Merchandise,True,0.0006505339413426838
90038A,135.8,36,22,22,GLASS AND PAINTED BEADS BRACELET TO,Merchandise,True,0.0006496728139015773
17011D,135.7,209,4,4,ORIGAMI ROSE INCENSE+FLOWER,Merchandise,True,0.0006491944097676291
77079,135.68,64,12,12,DOLPHIN WINDMILL,Merchandise,True,0.0006490987289408395
90002A,135.0,36,15,14,FLOWER BURST SILVER RING OPAL,Merchandise,True,0.0006458455808299921
16020C,134.5,160,40,39,CLEAR STATIONERY BOX SET ,Merchandise,True,0.0006434535601602514
22879,134.4,82,21,21,NUMBER TILE VINTAGE FONT 0,Merchandise,True,0.0006429751560263033
35015,134.08,2072,39,39,JACOBS LADDER SMALL,Merchandise,True,0.0006414442627976692
84555A,133.85000000000002,47,17,16,YELLOW VW BEETLE CERAMIC MONEY BOX,Merchandise,True,0.0006403439332895885
90101,133.7,53,30,29,WHITE FRANGIPANI NECKLACE,Merchandise,True,0.0006396263270886662
35609A,133.23,447,24,24,PINK FEATHER CHRISTMAS DECORATION,Merchandise,True,0.0006373778276591099
46137D,132.75,45,4,4,GREEN CHENILLE SHAGGY RUG,Merchandise,True,0.0006350814878161589
90190B,132.58,45,15,15,GOLD/AMBER DROP EARRINGS W LEAF,Merchandise,True,0.0006342682007884471
90137,132.52,26,15,15,PINK COMBO MINI CRYSTALS NECKLACE,Merchandise,True,0.0006339811583080783
45013,132.0,48,8,8,FOLDING SHOE TIDY,Merchandise,True,0.0006314934568115478
47592B,131.9,67,29,29,SCOTTIES DESIGN CHILD'S OVERALL,Merchandise,True,0.0006310150526775997
90165B,131.65,52,35,35,WHITE ROSEBUD  PEARL EARRINGS,Merchandise,True,0.0006298190423427294
35933,131.38,319,28,28,PINK STOCKING CHRISTMAS DECORATION,Merchandise,True,0.0006285273511810694
90138,131.15,25,18,17,WHITE/PINK MINI CRYSTALS NECKLACE,Merchandise,True,0.0006274270216729887
84656,130.9,22,13,13,WHITE ROSE C/COVER,Merchandise,True,0.0006262310113381184
22888,130.82999999999998,79,23,23,NUMBER TILE VINTAGE FONT 9 ,Merchandise,True,0.0006258961284443545
16119,130.71,273,8,8,FUNKY GIRL ADDRESS BOOK,Merchandise,True,0.0006253220434836169
72133,130.13,115,34,31,COLUMBIAN CANDLE RECTANGLE,Merchandise,True,0.0006225472995067176
84925E,130.05,75,3,3,FLOWERS WALL THERMOMETER,Merchandise,True,0.0006221645761995591
20899,129.8,44,13,12,VINTAGE NOTEBOOK RED ROSE,Merchandise,True,0.0006209685658646888
90190A,129.59,44,31,31,SILVER/CRYSTAL DROP EARRINGS W LEAF,Merchandise,True,0.0006199639171833977
10080,129.29,315,28,27,GROOVY CACTUS INFLATABLE,Merchandise,True,0.0006185287047815531
85160a,129.04,8,3,3,WHITE BIRD GARDEN DESIGN MUG,Merchandise,True,0.0006173326944466828
84858A,128.83,53,8,8,NATURAL RIVIERA HANDBAG,Merchandise,True,0.0006163280457653918
90174,128.66,51,33,32,BUTTERFLY HAIR BAND,Merchandise,True,0.0006155147587376798
90181A,128.64,14,14,14,AMBER GLASS/SHELL/PEARL NECKLACE,Merchandise,True,0.0006154190779108902
84251G,128.41,473,92,91,"GREETING CARD, OVERCROWDED POOL.",Merchandise,True,0.0006143187484028095
90024D,127.5,15,13,13,NEW BAROQUE B'FLY NECKLACE PINK,Merchandise,True,0.0006099652707838814
84782B,127.5,10,6,6,BLACK 3 TIER GLASS PLATE STAND,Merchandise,True,0.0006099652707838814
85018C,127.2,36,4,4,S/6 PAPER BOXES CURIOUS IMAGES ,Merchandise,True,0.000608530058382037
16168S,126.83,1283,11,11,FUNKY MONKEY GIFT BAG SMALL,Merchandise,True,0.0006067599630864289
23303,126.75,65,6,6,SET 4 PICNIC CUTLERY FONDANT,Merchandise,True,0.0006063772397792703
81950B,126.74,216,35,34,FLOWER BLUE CLOCK W/SUCKER,Merchandise,True,0.0006063293993658755
90168,126.72000000000001,43,25,24,2 DAISIES HAIR COMB,Merchandise,True,0.000606233718539086
84559D,126.71,147,31,31,3D SHEET OF SEA WORLD STICKERS,Merchandise,True,0.0006061858781256911
84367,126.30000000000001,74,8,8,LA STREGA CANVAS PICTURE ,Merchandise,True,0.0006042244211765037
82607E,126.25,101,26,25,GLASS BONBON JAR. D'AMANDES,Merchandise,True,0.0006039852191095297
gift_0001_10,126.21,15,14,14,Dotcomgiftshop Gift Voucher £10.00,Merchandise,True,0.0006037938574559504
90108,125.83,109,21,21,BLUE BLOSSOM HAIR CLIP,Merchandise,True,0.0006019759217469475
23578,125.72,60,14,14,SNACK TRAY RED GINGHAM,Merchandise,True,0.0006014496771996044
90002C,124.38,33,19,19,FLOWER BURST SILVER RING MIDN'T BLU,Merchandise,True,0.0005950390618046994
90003E,124.12,33,23,22,GREEN PAIR HEART HAIR SLIDES,Merchandise,True,0.0005937952110564342
90162C,123.90000000000002,42,16,16,ANT SILVER FUSCHIA BOUDICCA RING,Merchandise,True,0.0005927427219617485
17191A,123.75,33,12,12,ROSE FLOWER CANDLE+INCENSE 16X16CM,Merchandise,True,0.0005920251157608261
20816,123.6,24,7,7,GOLD FLOWER CUSHION COVER ,Merchandise,True,0.0005913075095599038
22850,123.6,8,2,1,BREAD BIN DINER STYLE BLACK,Merchandise,True,0.0005913075095599038
23477,123.47,92,13,13,WOODLAND LARGE BLUE FELT HEART,Merchandise,True,0.0005906855841857712
21228,122.57,97,32,31,"POCKET MIRROR ""GLAMOROUS""",Merchandise,True,0.000586379946980238
85190,122.46,138,17,17,PINK FLOWER HANGING HEART ,Merchandise,True,0.0005858537024328951
79308B,122.4,144,2,2,MOSAIC CANDLE DISH BLUE PURPLE,Merchandise,True,0.0005855666599525263
90205C,122.31,78,24,24,LARGE CRYSTAL DIAMANTE HAIRSLIDE,Merchandise,True,0.0005851360962319729
35916A,121.99999999999999,135,46,44,YELLOW FELT HANGING HEART W FLOWER,Merchandise,True,0.0005836530434167336
44242B,121.53,109,9,9,PINK FEATHERS CURTAIN,Merchandise,True,0.0005814045439871773
35916B,121.33,133,47,46,BLUE FELT HANGING HEART WITH FLOWER,Merchandise,True,0.0005804477357192811
79532,121.25,97,18,18,MOSAIC GLASS BALL CANDLEHOLDER,Merchandise,True,0.0005800650124121226
84199,121.08,554,72,69,GLOW IN DARK DOLPHINS,Merchandise,True,0.0005792517253844107
23467,120.08,32,11,11,VINTAGE ZINC PLANTER  ,Merchandise,True,0.0005744676840449293
90051,119.89,17,13,11,CRACKED GLAZE NECKLACE RED,Merchandise,True,0.0005735587161904278
84886,119.39999999999999,12,9,9,BLUE METAL WALL SHELF,Merchandise,True,0.0005712145359340818
84288B,118.95,61,24,24,SET/2 BLUE  NOODLE BASKETS,Merchandise,True,0.0005690617173313153
90179C,118.73,20,17,16,BLACK FINE BEAD NECKLACE W TASSEL,Merchandise,True,0.0005680092282366294
90018C,118.51,28,20,20,SILVER BLACK ORBIT DROP EARRINGS,Merchandise,True,0.0005669567391419435
35607A,118.43,554,31,31,PINK FLUFFY CHRISTMAS DECORATION,Merchandise,True,0.0005665740158347849
20887,118.39,18,8,8,BOX OF 6 PEBBLE CANDLES,Merchandise,True,0.0005663826541812057
90139,118.24000000000001,23,18,18,FLOWER BROOCH 4 ASSORTED COLOURS,Merchandise,True,0.0005656650479802835
90177C,117.9,40,27,24,DROP DIAMANTE EARRINGS CRYSTAL,Merchandise,True,0.0005640384739248599
84510E,117.77,148,28,28,SET OF 4 GREEN CAROUSEL COASTERS,Merchandise,True,0.0005634165485507272
35824C,117.05,235,8,8,"HANGING FLOWERS+MIRROR,CLEAR",Merchandise,True,0.0005599720387863006
71495B,116.61000000000001,306,19,18,CD WALL TIDY RED FLOWERS,Merchandise,True,0.0005578670605969288
72038P,116.5,1050,9,9,PRICE'S CANDLE PEACH,Merchandise,True,0.0005573408160495858
16206B,116.4,96,16,16,RED PURSE WITH PINK HEART,Merchandise,True,0.0005568624119156376
84751B,115.86,38,20,19,BLACK MEDIUM GLASS CAKE STAND,Merchandise,True,0.0005542790295923177
90071,115.28999999999999,92,76,73,RUBY GLASS CLUSTER EARRINGS,Merchandise,True,0.0005515521260288132
20848,115.05000000000001,39,12,12,ZINC HEART LATTICE CHARGER SMALL,Merchandise,True,0.0005504039561073377
20896,115.05000000000001,39,15,14,VINTAGE NOTEBOOK PINK FLOWER,Merchandise,True,0.0005504039561073377
84462,114.86,100,14,14,3 PINK HEN+CHICKS IN BASKET,Merchandise,True,0.0005494949882528362
23185,114.85,317,31,30,FRENCH STYLE STORAGE JAR JAM,Merchandise,True,0.0005494471478394414
20698,114.44999999999999,47,22,21,LITTLE PINK MONSTER SOFT TOY,Merchandise,True,0.0005475335313036488
23151,114.33000000000001,61,21,21,ZINC SWEETHEART SOAP DISH,Merchandise,True,0.0005469594463429112
90049,114.24,20,6,6,IVORY GOLD METAL BAG CHARM,Merchandise,True,0.0005465288826223578
17090D,113.95,95,32,28,VANILLA INCENSE 40 CONES IN TIN,Merchandise,True,0.0005451415106339082
21089,113.84,325,41,40,SET/6 GREEN SPRING PAPER CUPS,Merchandise,True,0.0005446152660865651
90030A,113.76,79,10,10,SPOTTED WHITE NATURAL SEED NECKLACE,Merchandise,True,0.0005442325427794067
84705B,113.27,84,3,3,FAIRY CAKES PHOTO FRAME,Merchandise,True,0.0005418883625230608
84249A,113.22,252,34,34,"GREETING CARD,SQUARE, DOUGHNUTS",Merchandise,True,0.0005416491604560867
44236,112.32000000000001,64,13,12,PINK/PURPLE CIRCLE CURTAIN,Merchandise,True,0.0005373435232505535
71510,112.05,177,17,17,SQUARE METAL CANDLEHOLDER BASE,Merchandise,True,0.0005360518320888934
90104,111.42999999999999,133,52,49,PURPLE FRANGIPANI HAIRCLIP,Merchandise,True,0.000533085726458415
35966,111.34,255,26,26,FOLKART CHRISTMAS TREE T-LIGHT HOLD,Merchandise,True,0.0005326551627378616
10138,111.22,261,21,21,ASSORTED COLOUR JUMBO PEN,Merchandise,True,0.0005320810777771238
84493,111.12,1142,5,5,BLUE/PINK NEST STRIPE BOX,Merchandise,True,0.0005316026736431757
90103,110.85,44,30,30,PURPLE FRANGIPANI NECKLACE,Merchandise,True,0.0005303109824815157
90141A,110.46000000000001,21,18,17,GREEN PENDANT TRIPLE SHELL NECKLACE,Merchandise,True,0.000528445206359118
82069,109.85,17,11,11,BEECH WOOD P/FRAME,Merchandise,True,0.0005255269411420343
85185F,109.15,37,20,19,LION SOCK PUPPET,Merchandise,True,0.0005221781122043973
84247H,109.13000000000001,42,20,20,PACK/12 DECOUPAGE CARD,Merchandise,True,0.0005220824313776078
20667,108.69,40,24,24,CHERRY BLOSSOM PURSE,Merchandise,True,0.0005199774531882359
90059D,108.43,65,41,40,DIAMANTE HAIR GRIP PACK/2 PERIDOT,Merchandise,True,0.0005187336024399707
35610A,107.94,144,13,12,PINK CHRISTMAS FLOCK DROPLET ,Merchandise,True,0.0005163894221836248
72753C,107.68,43,6,6,S/3 FLWR FAIRY ROSE CANDLES,Merchandise,True,0.0005151455714353596
90118,107.39,42,29,29,PINK DAISY BAG CHARM,Merchandise,True,0.00051375819944691
84539,107.25,65,13,11,KNITTED RABBIT DOLL ,Merchandise,True,0.0005130884336593826
35840,107.13,45,11,11,FLAT GLASS  BAUBLE WHITE FLOCK ,Merchandise,True,0.0005125143486986449
23626,107.07000000000001,43,16,16,SET 10 CARDS DINKY TREE 17076,Merchandise,True,0.000512227306218276
84562B,106.59,10,7,7,BLUE/WHITE RIBBED MELAMINE JUG,Merchandise,True,0.0005099309663753249
35096B,106.49000000000001,293,25,25,RED VICTORIAN FABRIC HEART BOX,Merchandise,True,0.0005094525622413768
90165A,106.49,42,27,27,PINK ROSEBUD PEARL EARRINGS,Merchandise,True,0.0005094525622413767
90169,106.49,42,25,23,DAISY HAIR COMB,Merchandise,True,0.0005094525622413767
22987,105.84,252,11,11,"WRAP , SUMMER ROSE DESIGN",Merchandise,True,0.0005063429353707138
84867A,105.82000000000001,16,4,4,PINK BABY GIRLS PHOTO ALBUM,Merchandise,True,0.0005062472545439243
84458,105.39999999999999,124,20,20,S/3 RABBIT FLOWER/EGG/CARROT ROPE,Merchandise,True,0.0005042379571813419
23574,105.0,14,14,14,PACKING CHARGE,Merchandise,True,0.0005023243406455494
16169D,105.0,250,9,9,WRAP WINTER FOREST,Merchandise,True,0.0005023243406455494
84921,105.0,28,15,14,CREAM AND PINK FLOWERS PONY ,Merchandise,True,0.0005023243406455494
90079,104.77,21,13,13,VINTAGE ENAMEL & CRYSTAL NECKLACE,Merchandise,True,0.0005012240111374688
21118,104.25,69,7,7,SHOPPING BAG DOORSTOP,Merchandise,True,0.0004987363096409384
21337,103.53000000000002,33,12,12,SILVER WASHBAG,Merchandise,True,0.0004952917998765118
35910A,103.35,53,13,13,MULTICOLOUR EASTER RABBIT ,Merchandise,True,0.000494430672435405
84679,103.3,14,4,4,CLASSICAL ROSE TABLE LAMP,Merchandise,True,0.000494191470368431
35594,103.06,165,39,39,WOODEN CHRISTMAS TREE 3 HANGING,Merchandise,True,0.0004930433004469555
84613A,102.3,22,10,10,PINK NEW BAROQUE FLOCK CANDLESTICK,Merchandise,True,0.0004894074290289496
90024C,101.97,12,11,10,NEW BAROQUE B'FLY NECKLACE GREEN,Merchandise,True,0.0004878286953869207
20697,101.69999999999999,42,23,21,LITTLE GREEN MONSTER SOFT TOY,Merchandise,True,0.0004865370042252607
90125C,101.35,92,10,10,TURQUOISE BERTIE GLASS BEAD CHARM,Merchandise,True,0.0004848625897564422
72369A,101.28999999999999,67,15,14,PINK CLEAR GLASS CANDLE PLATE,Merchandise,True,0.00048457554727607326
16248B,101.25,81,12,12,BLUE HOLE PUNCH,Merchandise,True,0.0004843841856224941
17084J,101.01,481,21,20,LOVE POTION MASALA INCENSE,Merchandise,True,0.00048323601570101856
85050,100.8,48,1,1,FRENCH ENAMEL SOAP DISH WITH LID,Merchandise,True,0.0004822313670197274
72821,100.65,61,15,14,CUPID SCENTED CANDLE IN GLASS,Merchandise,True,0.00048151376081880524
84968d,100.37,4,4,4,SET OF 16 VINTAGE RED CUTLERY,Merchandise,True,0.00048017422924375043
75172,100.31,97,11,11,PAINTED SEA SHELL METAL WINDCHIME,Merchandise,True,0.0004798871867633816
78027,100.15,6,5,5,SEAGRASS S/2 CORNER LAUNDRY ,Merchandise,True,0.00047912174014906454
23611,99.60000000000001,40,16,16,SET 10 CARDS RED RIDING HOOD 17214,Merchandise,True,0.00047649051741234977
23464,99.2,18,8,8,VINTAGE ZINC WATERING CAN SMALL,Merchandise,True,0.0004745769008765572
84559a,99.08,59,42,40,3D SHEET OF DOG STICKERS,Merchandise,True,0.0004740028159158194
21266,98.9,23,9,9,VINTAGE SILVER TINSEL REEL,Merchandise,True,0.0004731416884747128
84575A,98.8,24,13,13,PINK DOG CANNISTER,Merchandise,True,0.0004726632843407646
20861,98.7,47,18,16,GOLD COSMETIC BAG PINK STAR,Merchandise,True,0.0004721848802068165
90163B,98.45,13,9,9,WHITE ROSEBUD & PEARL NECKLACE,Merchandise,True,0.0004709888698719461
20835,98.04,81,11,10,FRENCH LATTICE CUSHION COVER ,Merchandise,True,0.0004690274129227587
90214R,97.97999999999999,96,53,50,"LETTER ""R"" BLING KEY RING",Merchandise,True,0.00046874037044238975
84705D,97.9,22,15,14,CHERRY BLOSSOM PHOTO FRAME ,Merchandise,True,0.00046835764713523134
16161G,97.5,975,33,33,WRAP BAD HAIR DAY,Merchandise,True,0.0004664440305994388
90150,97.5,13,8,8,BLUE SHELL+SILVER NECKLACE,Merchandise,True,0.0004664440305994388
90067A,97.24000000000001,33,16,16,PINK VINTAGE VICTORIAN EARRINGS,Merchandise,True,0.00046520017985117365
17007B,96.60000000000001,46,8,6,S/3 POT POURI CUSHIONS BLUE COLOURS,Merchandise,True,0.0004621383933939055
90214G,96.58,104,51,48,"LETTER ""G"" BLING KEY RING",Merchandise,True,0.00046204271256711585
84465,96.51,32,23,23,15 PINK FLUFFY CHICKS IN BOX,Merchandise,True,0.00046170782967335216
85132b,95.83999999999999,10,10,10,CHARLIE AND LOLA TABLE TINS,Merchandise,True,0.0004585025219758995
71406C,95.38,223,37,35,BLACK ORANGE SQUEEZER,Merchandise,True,0.0004563018629597381
90059E,94.94999999999999,57,35,33,DIAMANTE HAIR GRIP PACK/2 RUBY,Merchandise,True,0.0004542447251837611
72606A,94.92,226,18,18,BROWN ANTIQUE CUBE CANDLE,Merchandise,True,0.00045410120394357665
90202C,94.42,32,26,25,GREEN ENAMEL FLOWER HAIR TIE,Merchandise,True,0.000451709183273836
21595,93.89,11,11,9,Dad's Cab Electronic Meter,Merchandise,True,0.0004491736413639108
90089,93.55999999999999,105,27,26,PINK CRYSTAL SKULL PHONE CHARM,Merchandise,True,0.00044759490772188187
90026A,93.47,11,9,9,GLASS BEAD HOOP NECKLACE BLACK,Merchandise,True,0.0004471643440013286
90214D,93.37,103,53,50,"LETTER ""D"" BLING KEY RING",Merchandise,True,0.00044668593986738053
17084A,92.82,442,18,18,TRANQUILITY MASALA INCENSE,Merchandise,True,0.00044405471713066566
35913B,92.39,100,23,21,WHITE/PINK CHICK EASTER DECORATION,Merchandise,True,0.00044199757935468864
90075,92.17999999999999,10,8,8,MONTANA DIAMOND CLUSTER NECKLACE,Merchandise,True,0.00044099293067339753
84753A,92.16999999999999,97,24,24,PINK EAU DE COLOGNE BOTTLE,Merchandise,True,0.0004409450902600027
21343,92.0,20,3,3,GOLD JEWELERY BOX,Merchandise,True,0.0004401318032322909
90177B,91.38000000000001,31,19,19,DROP DIAMANTE EARRINGS BLACK DIAMON,Merchandise,True,0.00043716569760181246
90112,91.25,84,21,20,PINK DOLLY HAIR CLIPS,Merchandise,True,0.00043654377222767987
84437A,90.94999999999999,106,20,18,S/6 PINK EASTER DECS IN BOX,Merchandise,True,0.0004351085598258354
90202A,90.9,31,23,23,PURPLE ENAMEL FLOWER HAIR TIE,Merchandise,True,0.0004348693577588614
84388,90.69,71,24,22,WISE MAN STAR SHAPE EGG PAN,Merchandise,True,0.00043386470907757027
90039C,90.46000000000001,24,13,12,FIRE POLISHED GLASS BRACELET BLACK,Merchandise,True,0.00043276437956948953
72783,90.30000000000001,43,9,9,BLACK SIL'T SQU CANDLE PLATE ,Merchandise,True,0.0004319989329551726
35271S,89.58,439,22,20,GOLD PRINT PAPER BAG,Merchandise,True,0.00042855442319074584
17013C,89.46000000000001,213,2,2,ORIGAMI LAVENDER INCENSE IN TUBE,Merchandise,True,0.00042798033823000813
79026B,89.25,69,37,37,"S/4 ICON COASTER,ELVIS LIVES",Merchandise,True,0.000426975689548717
90001D,89.2,21,12,11,ANTIQUE OLIVE GREEN FLOWER EARRINGS,Merchandise,True,0.00042673648748174295
47598,89.12,138,32,32,NEW ENGLAND EGG WARMER,Merchandise,True,0.0004263537641745844
20660,88.75,71,27,26,VIP LUGGAGE TAG ,Merchandise,True,0.00042458366887897627
90162D,88.50000000000001,30,16,14,ANT SILVER PURPLE BOUDICCA RING,Merchandise,True,0.00042338765854410597
90162A,88.5,30,11,11,ANT SILVER TURQUOISE BOUDICCA RING,Merchandise,True,0.00042338765854410597
35638A,88.04999999999998,39,6,6,PINK AND BLACK STRING CURTAIN,Merchandise,True,0.00042123483994133923
71495A,87.96000000000001,225,20,20,CD WALL TIDY BLUE OFFICE,Merchandise,True,0.00042080427622078604
84596e,87.85,35,22,17,SMALL LICORICE DES PINK BOWL,Merchandise,True,0.000420278031673443
84721,87.8,20,2,2,MANHATTAN CANVAS ART PICTURE,Merchandise,True,0.00042003882960646894
90092,87.50999999999999,102,12,10,BLUE CRYSTAL BOOT PHONE CHARM,Merchandise,True,0.00041865145761801924
84415B,87.5,26,8,7,BLUE FLOCK CUSHION COVER ,Merchandise,True,0.0004186036172046245
84891B,87.45,11,6,6,GREEN WIRE GOBLET CANDLEHOLDER,Merchandise,True,0.00041836441513765045
37462B,87.28,170,32,32,"PET MUG, BUDGIE",Merchandise,True,0.0004175511281099386
35822B,87.02,229,1,1,"ACRYLIC BEAD CHAIN, BLUE",Merchandise,True,0.00041630727736167343
90088,86.69999999999999,101,14,14,CRYSTAL KEY+LOCK PHONE CHARM,Merchandise,True,0.00041477638413303934
23614,86.58,26,11,11,SET 10 CARDS 12 DAYS WRAP  17058,Merchandise,True,0.0004142022991723016
84251B,86.53999999999999,321,63,61,"GREETING CARD, STICKY GORDON",Merchandise,True,0.00041401093751872235
84424A,86.25,23,10,10,FOUR PICTURE WHITE GLASS FRAME,Merchandise,True,0.00041262356553027277
90012B,85.9,17,6,6,BLACK DROP CRYSTAL NECKLACE,Merchandise,True,0.0004109491510614543
90177E,85.67,29,23,22,DROP DIAMANTE EARRINGS GREEN,Merchandise,True,0.0004098488215533735
84454,85.53,93,18,18,WOBBLING METAL CHICKEN EASTER,Merchandise,True,0.0004091790557658461
85099c,85.17,17,10,10,JUMBO  BAG BAROQUE BLACK WHITE,Merchandise,True,0.0004074568008836328
35838B,85.0,100,25,23,S/6 SILVER ORNAMENETAL CANDLE,Merchandise,True,0.00040664351385592097
90026D,85.0,10,8,8,GLASS BEAD HOOP NECKLACE AMETHYST,Merchandise,True,0.00040664351385592097
90183B,84.89,29,25,24,AMETHYST DROP EARRINGS W LONG BEADS,Merchandise,True,0.000406117269308578
17027A,84.84,228,2,2,INCENSE BAZAAR CANNABIS,Merchandise,True,0.0004058780672416039
46775B,84.75,5,4,4,BERRIES CHUNKY KNITTED THROW ,Merchandise,True,0.0004054475035210506
16051,84.69,941,4,4,TEATIME PENCIL W STAMP ASST,Merchandise,True,0.0004051604610406817
81952B,84.56,254,20,20,ROUND BLUE CLOCK W/SUCKER,Merchandise,True,0.00040453853566654917
84450B,84.55,139,35,35,PINK/YELLOW RABBIT SAT EASTER,Merchandise,True,0.0004044906952531543
84251F,83.97,341,50,50,"GREETING CARD, RITA",Merchandise,True,0.00040171595127625506
90141C,83.69,16,13,13,TURQ PENDANT TRIPLE SHELL NECKLACE,Merchandise,True,0.00040037641970120026
22016,83.33,1,1,1,Dotcomgiftshop Gift Voucher £100.00,Merchandise,True,0.00039865416481898693
23442,83.2,40,8,7,12 HANGING EGGS HAND PAINTED,Merchandise,True,0.0003980322394448544
90176D,82.81,11,7,7,DIAMANTE NECKLACE PURPLE,Merchandise,True,0.00039616646332245667
90039B,82.8,22,12,11,FIRE POLISHED GLASS BRACELET MONTAN,Merchandise,True,0.00039611862290906183
84030C,82.78,21,6,6,KNITTED RAINBOW HOT WATER BOTTLE,Merchandise,True,0.00039602294208227216
90002B,82.74,22,11,11,FLOWER BURST SILVER RING ROSE,Merchandise,True,0.00039583158042869293
90189A,82.64,11,8,8,SILVER 2 STRAND NECKLACE-LEAF CHARM,Merchandise,True,0.0003953531762947448
90130A,82.51,28,16,16,WHITE STONE/CRYSTAL EARRINGS,Merchandise,True,0.00039473125092061225
90069,82.5,11,5,5,RUBY GLASS CLUSTER NECKLACE,Merchandise,True,0.00039468341050721747
21699,82.44,108,3,3,SET 5 MINI CHOCOLATE FRIDGE MAGNETS,Merchandise,True,0.0003943963680268485
90214H,81.96,88,58,53,"LETTER ""H"" BLING KEY RING",Merchandise,True,0.0003921000281838974
35610C,81.56,94,8,8,WHITE CHRISTMAS FLOCK DROPLET ,Merchandise,True,0.0003901864116481048
72779,81.12,48,15,15,SET/6 BLACK ROSE T-LIGHT CANDLES,Merchandise,True,0.00038808143345873307
16201B,81.1,34,5,5,PASTEL BLUE PHOTO ALBUM,Merchandise,True,0.0003879857526319434
90121B,80.75,19,9,9,VINTAGE ROSE BEAD BRACELET BLUE,Merchandise,True,0.0003863113381631249
84596I,80.62,72,11,10,WRAP SWEETS LIGHT PINK SMALL BOWL,Merchandise,True,0.0003856894127889923
17011E,80.60000000000001,124,1,1,ORIGAMI OPIUM SCENT INCENSE+FLOWER,Merchandise,True,0.0003855937319622027
DCGS0069,80.31,5,5,5,OOH LA LA DOGS COLLAR,Merchandise,True,0.00038420635997375306
35265,80.0,21,16,16,COLOURFUL FLOWER FRUIT BOWL,Merchandise,True,0.00038272330715851386
90059F,79.87,48,27,27,DIAMANTE HAIR GRIP PACK/2 LT ROSE,Merchandise,True,0.00038210138178438127
90206A,79.6,16,12,12,GOLD DIAMANTE STAR BROOCH,Merchandise,True,0.00038080969062272125
90125B,79.57,44,17,17,AQUA BERTIE GLASS BEAD BAG CHARM,Merchandise,True,0.0003806661693825368
84795E,79.5,10,6,5,RIO PINK STRIPE HAMMOCK,Merchandise,True,0.0003803312864887731
84548,79.2,48,14,13,CROCHET BEAR RED/BLUE  KEYRING,Merchandise,True,0.0003788960740869287
90038B,79.19,21,13,13,GLASS AND PAINTED BEADS BRACELET OL,Merchandise,True,0.00037884823367353385
90064A,79.14,20,12,12,WHITE VINTAGE CRYSTAL EARRINGS,Merchandise,True,0.00037860903160655984
90214N,78.95,81,46,43,"LETTER ""N"" BLING KEY RING",Merchandise,True,0.00037770006375205834
90064B,78.75,21,12,12,BLACK VINTAGE  CRYSTAL EARRINGS,Merchandise,True,0.00037674325548416206
72709,78.19999999999999,92,15,13,IVORY SCULPTED RND CANDLE ,Merchandise,True,0.0003741120327474472
35931,78.11999999999999,156,15,15,PINK STAR CHRISTMAS DECORATION,Merchandise,True,0.0003737293094402887
84455,77.96,85,20,20,SET OF 3 RABBIT CARROTS EASTER,Merchandise,True,0.0003729638628259717
21450,77.35,13,3,3,DISTRESSED CANDLE STICK WHITE,Merchandise,True,0.00037004559760888805
90060D,77.35,13,9,8,FIRE POLISHED GLASS NECKL BRONZE,Merchandise,True,0.00037004559760888805
90050,77.11,11,7,6,CRACKED GLAZE NECKLACE IVORY,Merchandise,True,0.00036889742768741253
90176C,77.0,10,6,6,DIAMANTE NECKLACE,Merchandise,True,0.0003683711831400696
90214B,76.98,80,43,40,"LETTER ""B"" BLING KEY RING",Merchandise,True,0.00036827550231327994
84251C,76.67999999999999,247,53,53,"GREETING CARD, TWO SISTERS.",Merchandise,True,0.00036684028991143547
84425A,76.6,18,9,9,WHITE GLASS TV TRIPLE FRAME,Merchandise,True,0.000366457566604277
90130C,76.58,26,25,24,GREEN STONE/CRYSTAL EARRINGS,Merchandise,True,0.0003663618857774874
90100,76.5,30,12,12,NECKLACE+BRACELET SET PINK DAISY,Merchandise,True,0.00036597916247032886
37509,76.49999999999999,30,16,14,NEW ENGLAND MUG W GIFT BOX,Merchandise,True,0.0003659791624703288
90020,76.23,6,4,4,FILIGREE DIAMANTE CHAIN,Merchandise,True,0.0003646874713086689
90176A,75.88,10,7,7,CLASSIC DIAMANTE NECKLACE JET,Merchandise,True,0.00036301305683985035
35815P,75.88,168,7,7,"ACRYLIC JEWEL SNOWFLAKE, PINK",Merchandise,True,0.00036301305683985035
90140,75.54,10,8,7,PINK SWEETIE NECKLACE,Merchandise,True,0.0003613864827844267
62043B,75.16000000000001,54,10,10,BLUE CHECK BAG W HANDLE 34X20CM,Merchandise,True,0.0003595685470754238
37399,75.0,143,6,6,"ASS RETROSPOOF MUGS,SPORTS",Merchandise,True,0.00035880310046110676
16161E,75.0,750,9,9,WRAP BOUDOIR ,Merchandise,True,0.00035880310046110676
72802a,74.97,9,4,4,ROSE SCENT CANDLE IN JEWELLED BOX,Merchandise,True,0.00035865957922092225
72807a,74.78999999999999,9,6,6,SET/3 ROSE CANDLE IN JEWELLED BOX,Merchandise,True,0.0003577984517798156
84757,74.75,5,4,4,ENCHANTED GARDEN WROUGHT IRON TABLE,Merchandise,True,0.00035760709012623636
21267,74.6,24,10,10,VINTAGE PINK TINSEL REEL ,Merchandise,True,0.0003568894839253141
90012A,74.38,13,7,7,MIDNIGHT BLUE DROP CRYSTAL NECKLACE,Merchandise,True,0.00035583699483062825
90187B,73.99,22,16,15,GREEN DROP EARRINGS W BEAD CLUSTER,Merchandise,True,0.00035397121870823047
84899E,73.93,53,21,21,YELLOW + BROWN BEAR FELT PURSE KIT,Merchandise,True,0.0003536841762278617
90074,73.86,8,7,6,BLACK DIAMOND CLUSTER NECKLACE,Merchandise,True,0.0003533492933340979
84593,73.75,25,8,7,CROCHET ROSE DES CLOTHES HANGER,Merchandise,True,0.00035282304878675496
15030,73.66,254,27,26,FAN BLACK FRAME ,Merchandise,True,0.0003523924850662016
79331,73.60000000000001,60,9,9,PINK FLOCK GLASS CANDLEHOLDER,Merchandise,True,0.0003521054425858328
16151A,72.5,52,5,5,FLOWERS HANDBAG blue and orange,Merchandise,True,0.00034684299711240315
84447,72.42,69,19,19,6 RABBIT CHAIN EASTER,Merchandise,True,0.0003464602738052447
84427B,72.25,17,5,5,BLACK GLASS TV DOUBLE P/FRAME 15X10,Merchandise,True,0.0003456469867775328
90027D,72.18,23,16,16,GLASS BEAD HOOP EARRINGS AMETHYST,Merchandise,True,0.0003453121038837691
84746,72.06,23,16,16,PINK EASTER HENS+FLOWER,Merchandise,True,0.00034473801892303136
90031,71.9,52,9,9,BILI NUT AND WOOD NECKLACE,Merchandise,True,0.0003439725723087143
90038C,71.46000000000001,19,9,9,GLASS AND BEADS BRACELET IVORY,Merchandise,True,0.0003418675941193425
35937,71.44,188,17,17,CERISE+GOLD CHRISTMAS STOCKING DEC,Merchandise,True,0.00034177191329255285
84925C,71.39999999999999,28,10,10,FAIRY CAKES  WALL THERMOMETER,Merchandise,True,0.00034158055163897356
84415A,71.25,27,6,6,PINK FLOCK SUEDE CUSHION COVER ,Merchandise,True,0.0003408629454380514
90037B,71.17,28,10,10,TINY CRYSTAL BRACELET GREEN,Merchandise,True,0.0003404802221308929
90179A,71.0,12,9,9,AMBER FINE BEAD NECKLACE W TASSEL,Merchandise,True,0.000339666935103181
16256C,70.98,169,10,10,HEARTS PENCIL/RUBBER+5 MINI PENCILS,Merchandise,True,0.00033957125427639144
84803B,70.98,42,11,11,WHITE ALLIUM  ARTIFICIAL FLOWER,Merchandise,True,0.00033957125427639144
84086B,70.80000000000001,24,13,12,YELLOW/BLUE RETRO RADIO,Merchandise,True,0.00033871012683528483
20958,70.5,38,10,10,PORCELAIN HANGING BELL LARGE,Merchandise,True,0.00033727491443344036
90202B,70.49,24,16,16,WHITE ENAMEL FLOWER HAIR TIE,Merchandise,True,0.0003372270740200455
90205A,70.22,42,24,22,LARGE MINT DIAMANTE HAIRSLIDE,Merchandise,True,0.00033593538285838555
90141B,70.03,14,10,9,IVORY PENDANT TRIPLE SHELL NECKLACE,Merchandise,True,0.00033502641500388406
90059C,69.83,42,24,23,DIAMANTE HAIR GRIP PACK/2 MONTANA,Merchandise,True,0.0003340696067359877
90131,69.62,10,5,5,PINK/AMETHYST/GOLD NECKLACE,Merchandise,True,0.0003330649580546967
gift_0001_80,69.56,1,1,1,Dotcomgiftshop Gift Voucher £80.00,Merchandise,True,0.00033277791557432775
20820,69.3,14,9,8,SILVER LOOKING MIRROR,Merchandise,True,0.0003315340648260626
72140F,69.18,175,15,14,HAPPY ANNIVERSARY CANDLE LETTERS,Merchandise,True,0.00033095997986532487
90214P,69.14,80,35,33,"LETTER ""P"" BLING KEY RING",Merchandise,True,0.00033076861821174563
71215,68.52,178,13,12,METAL BASE FOR CANDLES,Merchandise,True,0.00032780251258126707
47420,68.4,360,33,31,ASSORTED COLOUR SUCTION CUP HOOK,Merchandise,True,0.00032722842762052936
84857A,68.0,8,3,3,SILVER MONTE CARLO HANDBAG,Merchandise,True,0.00032531481108473675
DCGS0004,67.94,4,4,4,HAYNES CAMPER SHOULDER BAG,Merchandise,True,0.00032502776860436784
90026C,67.82,8,6,6,GLASS BEAD HOOP NECKLACE GREEN,Merchandise,True,0.0003244536836436301
90026B,67.82,8,7,7,GLASS BEAD HOOP NECKLACE MONTANA,Merchandise,True,0.0003244536836436301
20879,67.8,57,11,11,TREE OF NOAH FESTIVE SCENTED CANDLE,Merchandise,True,0.00032435800281684047
90002E,67.77,18,11,11,FLOWER BURST SILVER RING GREEN,Merchandise,True,0.000324214481576656
84864A,67.71000000000001,7,4,4,PINK PAISLEY PHOTO ALBUM,Merchandise,True,0.0003239274390962872
90078,67.64,9,5,5,PINK/WHITE GLASS DEMI CHOKER,Merchandise,True,0.0003235925562025234
90024F,67.61,8,6,6,NEW BAROQUE B'FLY NECKLACE CRYSTAL,Merchandise,True,0.000323449034962339
84926B,67.5,54,10,10,SCOTTS ROSES TILE COASTER,Merchandise,True,0.00032292279041499605
90212C,67.5,18,8,7,PURPLE LAS VEGAS BRACELET ROUND,Merchandise,True,0.00032292279041499605
47341B,67.5,48,14,14,BLUE TABLE RUN FLOWER,Merchandise,True,0.00032292279041499605
47504J,67.25,5,4,4,ENGLISH ROSE SET/3 GARDEN TOOLS,Merchandise,True,0.0003217267800801257
35819P,66.55,95,7,7,"ACRYLIC HANGING JEWEL,PINK",Merchandise,True,0.00031837795114248867
90037A,66.31,26,12,12,TINY CRYSTAL BRACELET RED,Merchandise,True,0.00031722978122101315
40002,66.3,78,1,1,WHITE BAMBOO RIBS LAMPSHADE,Merchandise,True,0.0003171819408076183
90037C,66.08,26,13,13,TINY CRYSTAL BRACELET BLUE,Merchandise,True,0.0003161294517129324
85072,66.0,120,1,1,OCCASIONS GIFT CARD ASSORTMENT,Merchandise,True,0.0003157467284057739
79329,65.94,100,7,7,PINK FLOCK GLASS CANDLEHOLDER,Merchandise,True,0.000315459685925405
84340,65.76,21,11,11,LARGE FIBRE OPTIC CHRISTMAS TREE,Merchandise,True,0.0003145985584842984
79406,65.62,259,21,21,FROSTED WHITE BASE ,Merchandise,True,0.000313928792696771
90179B,65.31,11,9,9,PURPLE FINE BEAD NECKLACE W TASSEL,Merchandise,True,0.00031244573988153175
84705A,65.10000000000001,14,7,7,ENGLISH ROSE PHOTO FRAME ,Merchandise,True,0.0003114410912002407
47016,65.10000000000001,31,5,5,LIGHT DECORATION BATTERY OPERATED,Merchandise,True,0.0003114410912002407
84551,64.35,39,8,8,CROCHET DOG KEYRING,Merchandise,True,0.00030785306019562954
90046,64.35,13,7,7,WHITE WITH METAL BAG CHARM,Merchandise,True,0.00030785306019562954
47348A,63.959999999999994,104,17,16,FUSCHIA VOILE POINTY SHOE DEC,Merchandise,True,0.0003059872840732318
79534,63.800000000000004,116,18,16,MULTICOLOUR GLASS PLATE,Merchandise,True,0.0003052218374589148
85018B,63.75,15,10,10,S/6 PAPER BOXES BLOSSOM IMAGES ,Merchandise,True,0.0003049826353919407
85018A,63.75,15,10,10,S/6 PAPER BOXES ROMANTIC IMAGES,Merchandise,True,0.0003049826353919407
20791,63.75,5,1,1,BLUE TILED SET OF 3 DRAWERS,Merchandise,True,0.0003049826353919407
20905,63.5,10,4,4,VINTAGE KEEPSAKE BOX BEAUTY GIRL,Merchandise,True,0.00030378662505707035
37491D,63.28,26,13,13,PURPLE/BLUE CERAMIC CANDLE HOLDER,Merchandise,True,0.00030273413596238445
90214I,62.699999999999996,64,29,27,"LETTER ""I"" BLING KEY RING",Merchandise,True,0.00029995939198548523
84529B,62.35,13,5,5,BLUE KNITTED KID'S RUCKSACK,Merchandise,True,0.00029828497751666674
35607B,62.3,312,17,17,BLACK FEATHER CHRISTMAS DECORATION,Merchandise,True,0.0002980457754496926
17136A,61.78,743,34,34,BLUE STONES ON WIRE FOR CANDLE,Merchandise,True,0.0002955580739531623
20620,61.76,15,14,14,RED SPOTTY PASSPORT COVER,Merchandise,True,0.0002954623931263727
35817B,61.3,143,3,3,"ACRYLIC JEWEL SNOWFLAKE,BLUE",Merchandise,True,0.0002932617341102112
35973,61.25,49,17,13,GERANIUM FOLKART HEART DECORATION,Merchandise,True,0.00029302253204323715
35910B,61.07,29,8,8,PINK FLOWERS RABBIT EASTER,Merchandise,True,0.0002921614046021305
90188,61.04,24,21,20,DROP EARRINGS W FLOWER & LEAF,Merchandise,True,0.00029201788336194603
84660b,60.800000000000004,8,7,6,BLACK STITCHED WALL CLOCK,Merchandise,True,0.0002908697134404705
90034,60.67,6,6,5,WHITE SILVER NECKLACE SHELL GLASS,Merchandise,True,0.0002902477880663379
84875A,60.0,16,12,12,PINK SQUARE COMPACT MIRROR,Merchandise,True,0.0002870424803688854
23629,59.760000000000005,24,10,10,SET 10 CARDS DRESSING UP 17077,Merchandise,True,0.0002858943104474099
90021,59.75,5,4,4,LASER CUT MULTI STRAND NECKLACE,Merchandise,True,0.00028584647003401505
90171,59.65,47,27,27,DAISY RING,Merchandise,True,0.0002853680659000669
gift_0001_70,59.57,1,1,1,Dotcomgiftshop Gift Voucher £70.00,Merchandise,True,0.0002849853425929084
44241C,59.5,70,8,8,BLUE BUTTERFLY ON SPRING,Merchandise,True,0.0002846504596991447
84582,59.5,14,11,11,PINK CROCHET CAT WITH SCARF,Merchandise,True,0.0002846504596991447
35654,59.400000000000006,12,5,5,VINTAGE BEAD FILLED PINK CUSHION,Merchandise,True,0.00028417205556519656
35001B,59.330000000000005,17,6,6,HAND OPEN SHAPE BLACK,Merchandise,True,0.00028383717267143287
90011B,59.06,20,15,15,BLACK CRYSTAL DROP EARRINGS,Merchandise,True,0.00028254548150977285
35909A,59.00000000000001,20,5,5,RABBIT EASTER DECORATION,Merchandise,True,0.000282258439029404
81985A,58.65,23,7,7,"ICON ALARM CLOCK,FUSCHIA  PIN UP",Merchandise,True,0.00028058402456058545
85023C,58.64999999999999,23,12,11,PINK LARGE JEWELED PHOTOFRAME,Merchandise,True,0.00028058402456058545
90033,58.43,23,19,18,IVORY SHELL HEART EARRINGS,Merchandise,True,0.00027953153546589956
84226,58.31,77,18,18,HEN HOUSE W FAMILY IN BARN & NEST,Merchandise,True,0.0002789574505051618
35816B,58.07,139,3,3,"ACRYLIC JEWEL ANGEL,BLUE",Merchandise,True,0.00027780928058368623
17129C,57.98,86,11,11,SKY BLUE COLOUR GLASS GEMS IN BAG,Merchandise,True,0.0002773787168631329
35821B,57.0,150,3,3,"JEWELLED DECORATION,BLUE",Merchandise,True,0.0002726903563504411
72771B,56.9,117,9,8,BURG FLOCK GOLD CUP/CANDLE ,Merchandise,True,0.00027221195221649295
47344B,56.16,54,10,10,BLUE FLOWER DES PURSE,Merchandise,True,0.0002686717616252767
85023A,56.099999999999994,22,10,10,CRYSTAL LARGE JEWELLED PHOTO FRAME,Merchandise,True,0.0002683847191449078
85080,55.76,113,22,22,PADDED RED HEART DECORATION,Merchandise,True,0.0002667581450894842
90182C,55.74,19,13,13,BLACK 3 BEAD DROP EARRINGS,Merchandise,True,0.0002666624642626945
90177A,55.690000000000005,19,14,14,CLASSIC DIAMANTE EARRINGS JET,Merchandise,True,0.0002664232621957205
90214T,55.57,57,24,24,"LETTER ""T"" BLING KEY RING",Merchandise,True,0.0002658491772349827
46115B,55.480000000000004,292,23,22,GREEN POP ART MAO CUSHION COVER ,Merchandise,True,0.0002654186135144294
84559b,55.23,33,26,25,3D SHEET OF CAT STICKERS,Merchandise,True,0.00026422260317955897
90001B,55.120000000000005,13,10,10,ANTIQUE MID BLUE FLOWER EARRINGS,Merchandise,True,0.00026369635863221605
85151,55.0,44,8,8,WELCOME METAL SIGN,Merchandise,True,0.00026312227367147824
72798C,54.76,29,16,15,SET/4 GARDEN ROSE DINNER CANDLE,Merchandise,True,0.0002619741037500027
90135A,54.620000000000005,11,4,4,ORANGE/FUSCHIA STONES NECKLACE,Merchandise,True,0.00026130433796247535
90142D,54.59,11,5,5,MOP PENDANT SHELL NECKLACE,Merchandise,True,0.0002611608167222909
90043,54.510000000000005,10,6,6,COPPER AND BRASS BAG CHARM,Merchandise,True,0.00026077809341513243
20953,54.449999999999996,33,9,9,PORCELAIN CHERUB BELL LARGE,Merchandise,True,0.00026049105093476347
90084,54.4,64,9,9,PINK CRYSTAL GUITAR PHONE CHARM,Merchandise,True,0.0002602518488677894
84660a,52.699999999999996,7,5,5,WHITE STITCHED WALL CLOCK,Merchandise,True,0.00025211897859067097
84845C,52.5,42,14,14,CARNATION SQUARE HANDY TIN,Merchandise,True,0.0002511621703227747
20870,52.2,29,7,7,OPULENT VELVET CANDLE IN BOX,Merchandise,True,0.00024972695792093027
84292B,51.8,8,5,5,BLUE COL METAL FOLDING CHAIR,Merchandise,True,0.0002478133413851377
37491A,51.66,19,14,13,YELLOW/PINK CERAMIC CANDLE HOLDER,Merchandise,True,0.0002471435755976103
90059B,51.55,31,19,16,DIAMANTE HAIR GRIP PACK/2 BLACK DIA,Merchandise,True,0.00024661733105026736
84951b,51.26,10,5,5,S/4 BLACK LOVEBIRD COASTERS,Merchandise,True,0.0002452299590618177
84845D,51.25,41,11,11,GERANIUM SQUARE HANDY TIN,Merchandise,True,0.00024518211864842294
84402B,51.14,62,4,4,PURPLE DRESS JEWELLERY STAND,Merchandise,True,0.00024465587410107996
35071,51.13999999999999,50,7,7,ASSORTED SANTA CHRISTMAS DECORATION,Merchandise,True,0.00024465587410107996
84612B,51.0,20,4,4,SET/4 BLACK  BAROQUE FLOCK COASTER,Merchandise,True,0.0002439861083135526
20964,51.0,20,6,6,POLYESTER FILLER PAD 60x40cm,Merchandise,True,0.0002439861083135526
84968f,50.98,2,2,2,SET OF 16 VINTAGE SKY BLUE CUTLERY,Merchandise,True,0.00024389042748676295
84968b,50.98,2,2,2,S/16 VINTAGE IVORY CUTLERY,Merchandise,True,0.00024389042748676295
90001C,50.94,12,11,10,ANTIQUE OPAL WHITE FLOWER EARRINGS,Merchandise,True,0.00024369906583318368
85069,50.85,3,1,1,CREAM SWEETHEART DOUBLE SHELF,Merchandise,True,0.00024326850211263038
85035b,50.82000000000001,6,6,6,CHOCOLATE 3 WICK MORRIS BOX CANDLE,Merchandise,True,0.00024312498087244595
85124a,50.599999999999994,10,9,9,PINK JUICY FRUIT PHOTO FRAME,Merchandise,True,0.00024207249177775995
72083A,50.400000000000006,24,7,7,STRAWBERY SWIRL FLARE CANDLE,Merchandise,True,0.00024111568350986375
22657,50.15,59,7,7,HEN & 2 CHICKS IN BASKET,Merchandise,True,0.00023991967317499337
90141E,50.06,10,5,5,ORANGE PENDANT TRIPLE SHELL NECKLAC,Merchandise,True,0.00023948910945444007
23603,49.800000000000004,20,14,14,SET 10 CARD KRAFT REINDEER 17084,Merchandise,True,0.00023824525870617488
37462E,49.64,110,30,28,"PET MUG, GOLDFISH",Merchandise,True,0.00023747981209185784
90052,49.58,7,5,5,CRACKED GLAZE NECKLACE BROWN,Merchandise,True,0.00023719276961148896
84537B,49.14,117,11,11,FAIRY CAKES GIFT BAG,Merchandise,True,0.0002350877914221171
72129,49.11,74,18,18,COLUMBIAN CANDLE ROUND ,Merchandise,True,0.0002349442701819327
90128A,48.72,32,11,10,PINK LEAVES AND BEADS PHONE CHARM,Merchandise,True,0.0002330784940595349
37489A,48.51,47,25,23,YELLOW/PINK FLOWER DESIGN BIG MUG,Merchandise,True,0.00023207384537824382
35603C,48.3,83,25,24,SET/16 WHITE SHINY & MATT BAUBLES,Merchandise,True,0.0002310691966969527
90054,48.11,19,19,17,CRACKED GLAZE EARRINGS RED,Merchandise,True,0.00023016022884245126
90083,48.08,52,15,15,CRYSTAL CZECH CROSS PHONE CHARM,Merchandise,True,0.00023001670760226683
84608,47.7,6,4,4,ORNATE EDWARDIAN CANDLE HOLDER,Merchandise,True,0.0002281987718932639
21347,47.6,8,4,4,GOTHIC CARRIAGE LANTERN,Merchandise,True,0.00022772036775931573
20895,47.20000000000001,16,4,4,VINTAGE NOTEBOOK FRENCH LETTER ,Merchandise,True,0.0002258067512235232
35909B,47.2,16,7,6,PINK FLOWERS RABBIT EASTER,Merchandise,True,0.0002258067512235232
90067B,47.120000000000005,16,6,6,BROWN VINTAGE VICTORIAN EARRINGS,Merchandise,True,0.00022542402791636467
84227,47.04,112,13,13,HEN HOUSE W CHICK IN NEST,Merchandise,True,0.00022504130460920612
90181C,46.93,5,5,5,BLACK GLASS/SHELL/PEARL NECKLACE,Merchandise,True,0.0002245150600618632
84596f,46.89,19,14,14,SMALL MARSHMALLOWS PINK BOWL,Merchandise,True,0.00022432369840828394
20988,46.8,24,9,9,TRELLIS FLOWER CHOPSTICKS SET/5,Merchandise,True,0.00022389313468773058
84857B,46.8,24,1,1,BLUE MONTE CARLO HANDBAG,Merchandise,True,0.00022389313468773058
90001A,46.6,11,10,10,ANTIQUE RASPBERRY FLOWER EARRINGS,Merchandise,True,0.00022293632641983433
16050,46.45,151,8,8,TEATIME PENCIL WITH RUBBER,Merchandise,True,0.00022221872021891214
47341A,46.25,29,7,7,FUSCHIA TABLE RUN FLOWER ,Merchandise,True,0.0002212619119510158
72024U,46.2,220,11,11,LILAC VOTIVE CANDLE,Merchandise,True,0.00022102270988404174
85081,46.17,104,22,21,PADDED HOLLY CHRISTMAS DECORATION ,Merchandise,True,0.00022087918864385731
85132c,46.099999999999994,4,4,4,CHARLIE AND LOLA FIGURES TINS,Merchandise,True,0.00022054430575009357
84626,45.95,1,1,1,CANDY STRIPE ROSE QUILT,Merchandise,True,0.00021982669954917142
18097A,45.9,18,13,12,PINK TALL PORCELAIN T-LIGHT HOLDER ,Merchandise,True,0.00021958749748219732
35611B,45.76,62,4,3,BLACK ASSORTED DROPLET DECORATION,Merchandise,True,0.00021891773169466992
35809a,45.75,11,11,10,ENAMEL PINK TEA CONTAINER,Merchandise,True,0.0002188698912812751
16161C,45.0,450,2,2,WRAP SPEED DEMONS ,Merchandise,True,0.00021528186027666406
72724,45.0,36,11,10,SET/6 CHRISTMAS ICICLE T-LIGHTS,Merchandise,True,0.00021528186027666406
23625,44.910000000000004,9,4,4,SET 6 CARDS SPARKLY REINDEER 17262,Merchandise,True,0.00021485129655611073
21685,44.849999999999994,3,2,2,MEDINA STAMPED METAL TRAY ,Merchandise,True,0.00021456425407574182
90135,44.75,9,3,3,ORANGE/WHT/FUSCHIA STONES NECKLACE,Merchandise,True,0.00021408584994179366
90197D,44.550000000000004,9,4,4,AMBER GLASS BRACELET HEART CHARMS,Merchandise,True,0.00021312904167389743
72796B,44.55,27,13,12,S/3 FRENCH VANILLA SQU CANDLE,Merchandise,True,0.00021312904167389738
79066k,44.37,27,17,16,RETRO MOD TRAY,Merchandise,True,0.00021226791423279071
90011A,44.28,15,15,15,MIDNIGHT BLUE CRYSTAL DROP EARRINGS,Merchandise,True,0.0002118373505122374
84586L,44.25000000000001,15,9,9,"PINK ROSES/GINGHAM PATCH RABBIT 8""",Merchandise,True,0.00021169382927205298
35085E,44.25,39,9,9,IVORY ROSE LAMPSHADE ,Merchandise,True,0.00021169382927205298
90125E,44.19,18,17,17,AMBER BERTIE GLASS BEAD BAG CHARM,Merchandise,True,0.00021140678679168405
35815B,43.94,95,3,3,"ACRYLIC JEWEL SNOWFLAKE,BLUE",Merchandise,True,0.0002102107764568137
17014C,43.75,97,2,2,ORIGAMI LAVENDER INCENSE CONES,Merchandise,True,0.00020930180860231226
79063C,43.65,235,14,14,"RETRO PILL BOX KEY CHAIN,THE KING",Merchandise,True,0.00020882340446836412
90042B,43.349999999999994,17,6,6,FRESHWATER PEARL BRACELET PINK,Merchandise,True,0.00020738819206651967
35822P,43.32,114,1,1,"ACRYLIC BEAD CHAIN, PINK",Merchandise,True,0.00020724467082633525
23038,42.92,44,8,8,T-LIGHT HOLDER SILVER SAUCER,Merchandise,True,0.00020533105429054269
84993a,42.71,51,30,30,75 GREEN PETIT FOUR CASES,Merchandise,True,0.0002043264056092516
21596,42.64,10,9,9,Hypochondriac Pill Stress Ball,Merchandise,True,0.00020399152271548788
90024A,42.5,5,4,4,NEW BAROQUE B'FLY NECKLACE BLACK,Merchandise,True,0.00020332175692796048
90126C,42.1,21,5,5,AMBER BERTIE MOBILE PHONE CHARM,Merchandise,True,0.00020140814039216792
72771C,42.08,54,6,6,BLACK FLOCK GOLD CANDLE,Merchandise,True,0.00020131245956537825
20860,42.0,20,11,11,GOLD COSMETICS BAG WITH BUTTERFLY,Merchandise,True,0.00020092973625821978
15060b,41.81,5,5,5,FAIRY CAKE DESIGN UMBRELLA,Merchandise,True,0.00020002076840371828
90152C,41.650000000000006,7,4,4,BLUE/NAT SHELL NECKLACE W PENDANT,Merchandise,True,0.0001992553217894013
84611B,41.65,7,4,4,BLACK NEW BAROQUE FLOCK BOX,Merchandise,True,0.00019925532178940127
90060C,41.65,7,3,3,FIRE POLISHED GLASS NECKL SILVER,Merchandise,True,0.00019925532178940127
85184B,41.300000000000004,14,7,7,SET 4 EASTER DECOUPAGE OVAL BOXES,Merchandise,True,0.00019758090732058278
23448,41.25,25,3,3,CREAM BUNNY EASTER EGG BASKET,Merchandise,True,0.00019734170525360873
37477B,41.25,11,9,8,"FLOWER FAIRY MUG+COASTER,LAVENDER",Merchandise,True,0.00019734170525360873
90152B,41.21,7,6,5,BLUE/GREEN SHELL NECKLACE W PENDANT,Merchandise,True,0.00019715034360002947
90027C,41.17,14,12,12,GLASS BEAD HOOP EARRINGS GREEN,Merchandise,True,0.0001969589819464502
18096c,41.14,8,6,6,WHITE ROUND PORCELAIN TLIGHT HOLDER,Merchandise,True,0.00019681546070626573
21119,41.01,3,3,3,Glow In The Dark Shot Glasses ,Merchandise,True,0.00019619353533213314
35644,40.95,21,8,7,PAIR PINK/BLACK COATHANGERS,Merchandise,True,0.0001959064928517643
84798C,40.8,16,3,3,WHITE FOXGLOVE ARTIIFCIAL FLOWER,Merchandise,True,0.00019518888665084205
44228,40.8,48,3,3,CANNABIS LEAF BEAD CURTAIN,Merchandise,True,0.00019518888665084205
90132,40.72,8,8,7,LIGHT TOPAZ TEAL/AQUA COL NECKLACE,Merchandise,True,0.00019480616334368353
47013C,40.519999999999996,147,28,27,WINE BOTTLE DRESSING DARK BLUE,Merchandise,True,0.00019384935507578725
90136,40.47,4,3,3,PALE PINK/AMETHYST STONE NECKLACE,Merchandise,True,0.00019361015300881318
90152A,40.34,7,7,7,SILVER/NAT SHELL NECKLACE W PENDANT,Merchandise,True,0.0001929882276346806
20994,39.949999999999996,47,12,12,JAZZ HEARTS SPIRAL NOTEPAD,Merchandise,True,0.00019112245151228283
47013A,39.87,141,25,25,WINE BOTTLE DRESSING LT.BLUE,Merchandise,True,0.0001907397282051243
37468,39.81,65,14,14,HARDMAN MUG 3 ASSORTED,Merchandise,True,0.00019045268572475546
79065A,39.8,4,1,1,TEATIME ROUND CAKE TINS ,Merchandise,True,0.00019040484531136062
82545A,38.75,31,11,11,COGNAC AUX OEUFS METAL 1 HOOK,Merchandise,True,0.00018538160190490513
47567b,38.72,3,3,3,TEA TIME KITCHEN APRON,Merchandise,True,0.0001852380806647207
35963,38.379999999999995,101,13,11,FOLKART ZINC CLIP ON ANGEL WINGS,Merchandise,True,0.000183611506609297
90130D,38.31,13,8,8,RED STONE/CRYSTAL EARRINGS,Merchandise,True,0.00018327662371553333
90027B,38.28,13,10,10,GLASS BEAD HOOP EARRINGS MONTANA,Merchandise,True,0.00018313310247534888
90183C,38.12,13,13,13,BLACK DROP EARRINGS W LONG BEADS,Merchandise,True,0.00018236765586103184
90214F,37.98,46,29,27,"LETTER ""F"" BLING KEY RING",Merchandise,True,0.00018169789007350443
47518f,37.75,9,9,9,ICON PLACEMAT POP ART ELVIS,Merchandise,True,0.0001805975605654237
85115B,37.620000000000005,6,2,2,S/4 BLACK DISCO PARTITION PANEL,Merchandise,True,0.00017997563519129116
90176B,37.620000000000005,5,4,4,DIAMANTE NECKLACE BLACK ,Merchandise,True,0.00017997563519129116
90039A,37.61,10,5,5,FIRE POLISHED GLASS BRACELET RED,Merchandise,True,0.00017992779477789633
79413,37.5,30,9,9,GLASS WINE GLASS DECORATIONS,Merchandise,True,0.00017940155023055338
35233,37.5,10,8,8,PASTA ENAMEL/BRASS CONTAINER,Merchandise,True,0.00017940155023055338
37112,37.5,10,6,5,YELLOW BIRDS FELT DES FOODCOVER,Merchandise,True,0.00017940155023055338
84509b,37.3,5,4,4,SET OF 4 FAIRY CAKE PLACEMATS,Merchandise,True,0.00017844474196265705
84705F,37.2,8,5,5,RED PEONY PHOTO FRAME ,Merchandise,True,0.00017796633782870896
90126A,37.14,20,6,5,PINK BERTIE MOBILE PHONE CHARM,Merchandise,True,0.00017767929534834005
84251J,37.04,74,17,17,"GREETING CARD, THE BLACK CAT",Merchandise,True,0.00017720089121439191
16162M,36.96,88,13,13,THE KING GIFT BAG 25x24x12cm,Merchandise,True,0.00017681816790723342
72715,36.96,88,13,13,SPHERICAL IVORY CANDLE ,Merchandise,True,0.00017681816790723342
17014E,36.599999999999994,95,6,6,ORIGAMI OPIUM INCENSE CONES,Merchandise,True,0.00017509591302502007
90141D,36.33,7,5,5,ROSE PENDANT TRIPLE SHELL NECKLACE,Merchandise,True,0.0001738042218633601
90037D,35.870000000000005,14,8,8,TINY CRYSTALS BRACELET BLACK,Merchandise,True,0.00017160356284719866
90060B,35.7,6,4,4,FIRE POLISHED GLASS NECKL GOLD,Merchandise,True,0.00017079027581948683
37348,35.7,14,7,7,SET OF 4 PASTEL STACKING MUGS,Merchandise,True,0.00017079027581948683
85184c,35.35,6,6,6,S/4 VALENTINE DECOUPAGE HEART BOX,Merchandise,True,0.00016911586135066832
90011C,35.33,12,7,7,GREEN CRYSTAL DROP EARRINGS,Merchandise,True,0.00016902018052387867
79063D,35.14,189,11,11,"RETRO PILL BOX , REVOLUTIONARY",Merchandise,True,0.0001681112126693772
84510e,35.089999999999996,14,6,6,SET OF 4 GREEN CAROUSEL COASTERS,Merchandise,True,0.0001678720106024031
82613b,35.04,14,11,11,"METAL SIGN,CUPCAKE SINGLE HOOK",Merchandise,True,0.00016763280853542906
84745B,34.86,83,18,17,BLUE HANGING GINGHAM EASTER HEN,Merchandise,True,0.0001667716810943224
DCGS0058,34.82,42,30,30,MISO PRETTY  GUM,Merchandise,True,0.00016658031944074314
84868B,34.75,5,4,4,BLUE BABY BOY'S MEMORY BOX,Merchandise,True,0.00016624543654697945
37482p,34.7,2,2,2,CUBIC MUG PINK POLKA DOT,Merchandise,True,0.00016600623448000538
84546,34.65,21,3,3,CROCHET POODLE KEYRING,Merchandise,True,0.0001657670324130313
90081B,34.65,7,3,3,LILY BROOCH WHITE/SILVER COLOUR,Merchandise,True,0.0001657670324130313
35955,34.62,135,5,4,SMALL FOLKART CHRISTMAS TREE DEC,Merchandise,True,0.00016562351117284686
44265,34.0,8,4,4,M/COLOUR POM-POM CURTAIN,Merchandise,True,0.00016265740554236838
21120,33.96,2,2,1,*Boombox Ipod Classic,Merchandise,True,0.00016246604388878911
85035a,33.88,4,4,3,GARDENIA 3 WICK MORRIS BOXED CANDLE,Merchandise,True,0.00016208332058163062
90066A,33.75,5,2,2,PINK VINTAGE VICTORIAN CHOKER,Merchandise,True,0.00016146139520749803
47591b,33.6,8,4,4,SCOTTIES CHILDRENS APRON,Merchandise,True,0.00016074378900657582
84456,33.15,37,16,16,SET OF 3 RABBIT EGG EASTER,Merchandise,True,0.00015859097040380916
90076,33.0,12,7,7,MONTANA DIAMOND CLUSTER EARRINGS,Merchandise,True,0.00015787336420288695
84596b,32.629999999999995,13,10,8,SMALL DOLLY MIX DESIGN ORANGE BOWL,Merchandise,True,0.00015610326890727882
DCGS0003,32.589999999999996,13,13,13,BOXED GLASS ASHTRAY,Merchandise,True,0.00015591190725369955
82613c,32.48,13,12,12,"METAL SIGN,CUPCAKE SINGLE HOOK",Merchandise,True,0.0001553856627063566
37489B,32.37,39,18,17,BLUE/YELLOW FLOWER DESIGN BIG MUG,Merchandise,True,0.00015485941815901366
90214O,32.269999999999996,37,19,18,"LETTER ""O"" BLING KEY RING",Merchandise,True,0.0001543810140250655
85079,32.25,23,9,8,EMBROIDERED REINDEER DECORATION,Merchandise,True,0.00015428533319827587
23632,31.200000000000003,15,10,10,SET 10 CARDS CHEERFUL ROBIN 17065,Merchandise,True,0.0001492620897918204
78034B,31.2,16,11,9,BLUE NETTING STORAGE HANGER,Merchandise,True,0.0001492620897918204
90214V,31.08,40,26,24,"LETTER ""V"" BLING KEY RING",Merchandise,True,0.00014868800483108262
37489D,30.81,47,22,20,PINK/GREEN FLOWER DESIGN BIG MUG,Merchandise,True,0.00014739631366942263
44091C,30.66,61,17,17,MULTICOLOUR CRUSOE CHECK LAMPSHADE,Merchandise,True,0.00014667870746850042
21919,30.47,6,5,5,Electronic Talking Breath-A-Loser,Merchandise,True,0.00014576973961399894
84745A,30.240000000000002,72,17,15,PINK HANGING GINGHAM EASTER HEN,Merchandise,True,0.00014466941010591824
90025F,30.23,8,8,8,BAROQUE BUTTERFLY EARRINGS CRYSTAL,Merchandise,True,0.00014462156969252343
18010,30.16,64,9,9,ASSORTED FRAGRANCE BATH CONFETTI,Merchandise,True,0.00014428668679875972
37491B,30.08,14,8,8,BLUE/YELLOW CERAMIC CANDLE HOLDER,Merchandise,True,0.0001439039634916012
47563B,30.0,8,6,6,WAVELINE SURF IRONING BOARD COVER,Merchandise,True,0.0001435212401844427
90176E,29.98,4,3,3,DIAMANTE NECKLACE GREEN,Merchandise,True,0.00014342555935765305
21767,29.95,1,1,1,FRENCH STYLE WIRE DOOR CABINET ,Merchandise,True,0.0001432820381174686
78056,29.849999999999998,3,2,2,CAMOUFLAGE BACKPACK ON WHEELS,Merchandise,True,0.00014280363398352046
22351,29.81,15,3,3,DOTCOMGIFTSHOP TEA TOWEL,Merchandise,True,0.0001426122723299412
84985a,29.8,10,8,8,SET OF 72 GREEN PAPER DOILIES,Merchandise,True,0.00014256443191654642
35598A,29.500000000000004,10,3,3,DUSTY PINK CHRISTMAS TREE 60CM,Merchandise,True,0.000141129219514702
90027A,29.48,10,7,6,GLASS BEAD HOOP EARRINGS BLACK,Merchandise,True,0.00014103353868791235
46776f,28.91,7,1,1,WOVEN ROSE GARDEN CUSHION COVER ,Merchandise,True,0.00013830663512440794
40005B,28.9,34,14,13,BLUE ORGANDY ROUND LAMPSHADE W BEA,Merchandise,True,0.0001382587947110131
44089C,28.56,68,18,18,LILAC GAUZE BUTTERFLY LAMPSHADE,Merchandise,True,0.00013663222065558945
37489C,28.009999999999998,28,13,12,GREEN/BLUE FLOWER DESIGN BIG MUG,Merchandise,True,0.00013400099791887465
90053,27.78,11,11,10,CRACKED GLAZE EARRINGS IVORY,Merchandise,True,0.00013290066841079392
17091F,27.71,19,8,8,SANDALWOOD INCENSE IN TIN,Merchandise,True,0.00013256578551703024
90128C,27.55,18,7,6,GREEN LEAVES AND BEADS PHONE CHARM,Merchandise,True,0.0001318003389027132
90128B,27.52,20,8,6,BLUE LEAVES AND BEADS PHONE CHARM,Merchandise,True,0.00013165681766252876
23613,27.39,11,6,6,SET 10 XMAS CARDS & BADGES 17070,Merchandise,True,0.0001310348922883962
23637,27.39,11,9,9,SET 10 CARDS OUT OF ORDER 17216,Merchandise,True,0.0001310348922883962
21097,27.2,32,7,7,SET/6 GREEN SPRING  PAPER PLATE,Merchandise,True,0.0001301259244338947
84867b,27.14,2,1,1,BLUE BABY BOY'S PHOTO ALBUM,Merchandise,True,0.00012983888195352582
90187A,27.04,8,7,7,BLUE DROP EARRINGS W BEAD CLUSTER,Merchandise,True,0.00012936047781957768
23702,27.0,4,3,3,High Resolution Image,Merchandise,True,0.00012916911616599842
17013F,26.7,62,5,5,ORIGAMI SANDLEWOOD INCENSE IN TUBE,Merchandise,True,0.000127733903764154
90025E,26.5,7,7,7,BAROQUE BUTTERFLY EARRINGS MONTANA,Merchandise,True,0.00012677709549625772
84876C,26.25,7,4,4,SILVER HEART COMPACT MIRROR,Merchandise,True,0.00012558108516138734
23636,26.19,9,7,7,SET 10 CARDS WISHING TREE 17116,Merchandise,True,0.00012529404268101847
90214Y,26.189999999999998,69,11,10,"LETTER ""Y"" BLING KEY RING",Merchandise,True,0.00012529404268101844
90182A,26.16,9,9,9,AMBER 3 BEAD DROP EARRINGS,Merchandise,True,0.000125150521440834
85164b,26.04,1,1,1,BLACK BAROQUE CUCKOO CLOCK,Merchandise,True,0.00012457643648009626
10124A,26.04,62,19,18,SPOTS ON RED BOOKCOVER TAPE,Merchandise,True,0.00012457643648009626
90041,25.67,7,6,6,PEARL AND CHERRY QUARTZ BRACLET,Merchandise,True,0.00012280634118448815
20954,25.590000000000003,3,3,3,*USB Office Mirror Ball,Merchandise,True,0.00012242361787732965
90142A,25.45,5,4,4,GREEN PENDANT SHELL NECKLACE,Merchandise,True,0.00012175385208980221
DCGS0070,25.44,2,2,2,CAMOUFLAGE DOG COLLAR,Merchandise,True,0.0001217060116764074
85035c,25.410000000000004,3,3,2,ROSE 3 WICK MORRIS BOX CANDLE,Merchandise,True,0.00012156249043622298
85036b,25.410000000000004,3,3,2,CHOCOLATE 1 WICK MORRIS BOX CANDLE,Merchandise,True,0.00012156249043622298
35597D,25.28,58,8,7,PINK/WHITE CHRISTMAS TREE 30CM,Merchandise,True,0.00012094056506209037
90055,25.28,10,10,10,CRACKED GLAZE EARRINGS BROWN,Merchandise,True,0.00012094056506209037
21594,25.27,6,6,5,Dr. Jam's Arouzer Stress Ball,Merchandise,True,0.00012089272464869556
72801g,25.099999999999998,10,3,3,S/4 BURGUNDY WINE DINNER CANDLES,Merchandise,True,0.00012007943762098371
23620,24.900000000000002,10,7,7,SET 10 CARDS PERFECT POST 17090,Merchandise,True,0.00011912262935308744
85034a,24.869999999999997,3,3,3,3 GARDENIA MORRIS BOXED CANDLES,Merchandise,True,0.00011897910811290298
84550,24.75,15,5,5,CROCHET LILAC/RED BEAR KEYRING,Merchandise,True,0.00011840502315216522
35633B,24.7,130,12,12,BLUE TINSEL GARLAND ,Merchandise,True,0.00011816582108519115
35596,24.65,29,4,4,WOOD XMAS TREE 9 FIG SHELVES,Merchandise,True,0.00011792661901821708
84450A,24.18,52,5,5,PINK RABBIT SITTING EASTER,Merchandise,True,0.00011567811958866079
37494a,24.16,4,3,3,FAIRY CAKE CERAMIC BUTTER DISH,Merchandise,True,0.00011558243876187119
84575B,23.8,4,3,3,BROWN DOG CANNISTER W BONE,Merchandise,True,0.00011386018387965786
79302m,23.77,4,4,4,"ART LIGHTS,FUNK MONKEY",Merchandise,True,0.00011371666263947342
35591T,23.75,19,10,9,TURQUOISE CHRISTMAS TREE ,Merchandise,True,0.00011362098181268379
90128D,23.75,14,8,7,PURPLE LEAVES AND BEADS PHONE CHAR,Merchandise,True,0.00011362098181268379
17014F,23.699999999999996,61,4,4,ORIGAMI SANDLEWOOD INCENSE CONES,Merchandise,True,0.0001133817797457097
47556b,23.64,4,4,4,TEA TIME TEA TOWELS ,Merchandise,True,0.00011309473726534083
90011E,23.61,8,8,8,AMBER CRYSTAL DROP EARRINGS,Merchandise,True,0.00011295121602515639
85040b,23.519999999999996,7,3,3,SET/4 BLUE FLOWER CANDLES IN BOWL,Merchandise,True,0.00011252065230460305
47552A,23.4,12,11,11,DOTS IRONING BOARD COVER,Merchandise,True,0.00011194656734386529
23623,23.28,8,6,6,SET 10 CARD CHRISTMAS WELCOME 17112,Merchandise,True,0.00011137248238312753
90095,22.91,8,3,3,NECKLACE+BRACELET SET PINK BLOSSOM,Merchandise,True,0.0001096023870875194
90025C,22.56,6,6,6,BAROQUE BUTTERFLY EARRINGS GREEN,Merchandise,True,0.0001079279726187009
37477C,22.5,6,1,1,"FLOWER FAIRY MUG+COASTER,ROSE",Merchandise,True,0.00010764093013833203
90189B,22.5,3,2,2,GOLD 2 STRAND NECKLACE-LEAF CHARMS,Merchandise,True,0.00010764093013833203
85225,22.5,19,11,11,BLING KEY RING STAND,Merchandise,True,0.00010764093013833203
23645,22.410000000000004,9,4,4,SET 10 CHRISTMAS CARDS HOHOHO 16956,Merchandise,True,0.00010721036641777871
23640,22.410000000000004,9,8,8,SET 10 CARDS SCOTTIE DOG 17211,Merchandise,True,0.00010721036641777871
90214Z,22.34,32,19,18,"LETTER ""Z"" BLING KEY RING",Merchandise,True,0.000106875483524015
35652,21.5,18,2,2,VINTAGE BEAD CHAISE LONG JEWEL BOX,Merchandise,True,0.00010285688879885059
84387A,21.45,11,1,1,BIRD ON BRANCH CANVAS SCREEN,Merchandise,True,0.00010261768673187652
21387,21.25,25,4,4,IVORY HANGING DECORATION  RABBIT,Merchandise,True,0.00010166087846398024
23692,21.0,50,2,2,WRAP A PRETTY THANK YOU,Merchandise,True,0.00010046486812910989
35603B,21.0,50,2,2,S/16 BLACK SHINY/MAT BAUBLES,Merchandise,True,0.00010046486812910989
DCGS0072,20.68,4,3,3,CAT CAMOUFLAGUE COLLAR,Merchandise,True,9.893397490047583e-05
46776a,20.65,5,1,1,WOVEN BUBBLE GUM CUSHION COVER,Merchandise,True,9.879045366029139e-05
10002R,20.57,4,3,3,ROBOT PENCIL SHARPNER,Merchandise,True,9.840773035313287e-05
79172D,20.4,24,4,4,PURPLE TINT ACRYLIC FLOWER VASE,Merchandise,True,9.759444332542103e-05
85232a,20.34,2,2,2,SET/3 POLKA DOT STACKING TINS,Merchandise,True,9.730740084505213e-05
84536a,19.970000000000002,25,12,12,ENGLISH ROSE NOTEBOOK A7 SIZE,Merchandise,True,9.553730554944403e-05
90082C,19.93,3,3,3,DIAMANTE BOW BROOCH WHITE COLOUR,Merchandise,True,9.534594389586476e-05
90127A,19.92,14,2,2,PINK BEADS+HAND PHONE CHARM,Merchandise,True,9.529810348246996e-05
23601,19.92,8,4,4,SET 10 CARDS SNOWY SNOWDROPS  17100,Merchandise,True,9.529810348246996e-05
23646,19.92,8,5,5,SET 10 CARDS JINGLE BELLS 16957,Merchandise,True,9.529810348246996e-05
23616,19.92,8,7,7,SET 10 CARDS JINGLE BELLS 17217,Merchandise,True,9.529810348246996e-05
84570B,19.8,4,2,2,WHITE SATIN DRESS JEWEL STAND,Merchandise,True,9.472401852173217e-05
37488A,19.770000000000003,31,5,5,YELLOW PINK FLOWER DESIGN BIG BOWL,Merchandise,True,9.458049728154775e-05
37487B,19.72,68,2,2,YELLOW/ORANGE FLOWER DESIGN PLATE,Merchandise,True,9.434129521457366e-05
44092C,19.55,23,10,10,PURPLE/COPPER HANGING LAMPSHADE,Merchandise,True,9.352800818686182e-05
20680,19.5,6,5,4,PINK FLOWERS CHILDS UMBRELLA,Merchandise,True,9.328880611988775e-05
79062D,19.4,52,4,4,"RETRO TIN ASHTRAY,REVOLUTIONARY",Merchandise,True,9.28104019859396e-05
81950V,18.799999999999997,32,11,10,FLOWER PURPLE CLOCK W/SUCKER,Merchandise,True,8.993997718225073e-05
84030B,18.75,5,3,3,KNITTED POM POM HOT WATER BOTTLE,Merchandise,True,8.970077511527669e-05
90025D,18.69,5,5,5,BAROQUE BUTTERFLY EARRINGS PINK,Merchandise,True,8.94137326349078e-05
84732B,18.48,28,6,6,CUTE BIRD CEATURE SCREEN,Merchandise,True,8.840908395361671e-05
72796A,18.15,11,6,5,S/3 ENGLISH LAVENDER SQU CANDLE,Merchandise,True,8.683035031158782e-05
84311,18.15,11,1,1,CAMOFLAGE CUSHION COVER,Merchandise,True,8.683035031158782e-05
84986b,17.88,6,5,5,SET OF 36 SILVER PAPER DOILIES,Merchandise,True,8.553865914992784e-05
84614C,17.85,3,1,1,BLUE BAROQUE FLOCK CANDLE HOLDER,Merchandise,True,8.539513790974342e-05
71050,17.849999999999998,51,8,8,SMALL SINGLE FLAME CANDLE HOLDER,Merchandise,True,8.539513790974339e-05
18097B,17.849999999999998,7,4,3,BLUE TALL PORCELAIN T-LIGHT HOLDER,Merchandise,True,8.539513790974339e-05
72801e,17.57,7,4,4,S/4 FESTIVE GREEN DINNER CANDLES,Merchandise,True,8.40556063346886e-05
90182B,17.53,6,6,6,AMETHYST 3 BEAD DROP EARRINGS,Merchandise,True,8.386424468110935e-05
23627,17.43,7,2,2,SET 10 CARDS XMAS GRAPHIC  17218,Merchandise,True,8.33858405471612e-05
90077,17.36,6,6,5,BLACK DIAMOND CLUSTER EARRINGS,Merchandise,True,8.30509576533975e-05
37482b,17.35,1,1,1,CUBIC MUG BLUE POLKA DOT,Merchandise,True,8.300311724000269e-05
DCGS0066N,17.3,2,2,2,NAVY CUDDLES DOG HOODIE,Merchandise,True,8.276391517302862e-05
DCGS0068,17.12,2,2,2,DOGS NIGHT COLLAR,Merchandise,True,8.190278773192196e-05
84796b,17.12,2,2,2,BLUE SAVANNAH PICNIC HAMPER FOR 2,Merchandise,True,8.190278773192196e-05
84993b,16.99,20,13,13,75 BLACK PETIT FOUR CASES,Merchandise,True,8.128086235778937e-05
72803b,16.94,2,2,1,OCEAN SCENT CANDLE JEWELLED DRAWER,Merchandise,True,8.104166029081531e-05
72805,16.9,10,3,3,VANILLA CANDLE IN EMBOSSED ZINC POT,Merchandise,True,8.085029863723605e-05
47591c,16.84,4,3,3,BLUE FAIRY CAKE CHILD'S APRON,Merchandise,True,8.056325615686717e-05
21511,16.8,40,2,2,VINTAGE COLLAGE  GREETING  CARD ,Merchandise,True,8.037189450328791e-05
44089A,16.8,40,13,13,PINK GAUZE BUTTERFLY LAMPSHADE,Merchandise,True,8.037189450328791e-05
72785A,16.8,8,4,4,S/4 CONTEMPORY PINK ROSEBUD CANDLES,Merchandise,True,8.037189450328791e-05
23644,16.65,5,5,5,SET 10 CARDS CHRISTMAS TREE 16955,Merchandise,True,7.965428830236568e-05
84031b,16.63,1,1,1,CHARLIE LOLA BLUE HOT WATER BOTTLE ,Merchandise,True,7.955860747557607e-05
84031a,16.63,1,1,1,CHARLIE+LOLA RED HOT WATER BOTTLE ,Merchandise,True,7.955860747557607e-05
85036a,16.58,2,1,1,GARDENIA 1 WICK MORRIS BOXED CANDLE,Merchandise,True,7.931940540860198e-05
10124G,16.38,38,11,10,ARMY CAMO BOOKCOVER TAPE,Merchandise,True,7.83625971407057e-05
85160b,16.13,1,1,1,BLACK BIRD GARDEN DESIGN MUG,Merchandise,True,7.716658680583535e-05
47503J ,16.13,1,1,1,SET/3 FLORAL GARDEN TOOLS IN BAG,Merchandise,True,7.716658680583535e-05
90102,16.11,19,4,4,WHITE FRANGIPANI HAIR CLIP,Merchandise,True,7.707090597904572e-05
62074B,15.96,38,13,12,ELEPHANT CLIP W SUCTION CUP,Merchandise,True,7.635329977812351e-05
84630,15.9,2,1,1,FLOWERS AND BIRDS WALL PLAQUE,Merchandise,True,7.606625729775462e-05
84250M,15.899999999999999,28,13,13,"GREETING CARD, BLACKPOOL ROCK",Merchandise,True,7.606625729775462e-05
35932,15.629999999999999,37,10,10,PINK CHRISTMAS TREE DECORATION,Merchandise,True,7.477456613609464e-05
84912a,15.56,2,1,1,PINK ROSE WASHBAG,Merchandise,True,7.443968324233094e-05
21560,15.44,4,4,4,TOADSTOOL  LUNCHBOX WITH CUTLERY,Merchandise,True,7.386559828159317e-05
21853,15.399999999999999,3,3,3,GUMBALL CUSTOM CARS TOP TRUMPS GAME,Merchandise,True,7.367423662801391e-05
37481,15.3,6,1,1,CUBIC MUG TEATIME CAKES,Merchandise,True,7.319583249406578e-05
84509e,15.24,2,1,1,SET OF 4 CAROUSEL PLACEMATS ,Merchandise,True,7.290879001369689e-05
85124c,15.18,3,2,2,GREEN JUICY FRUIT PHOTO FRAME,Merchandise,True,7.2621747533328e-05
17174,15.120000000000001,36,7,7,ASSTD RASTA KEY-CHAINS,Merchandise,True,7.233470505295912e-05
m,15.049999999999999,5,5,4,Manual,Fees / Adjustments,False,7.199982215919542e-05
84206A,15.01,79,10,9,3 BLACK CATS W HEARTS BLANK CARD,Merchandise,True,7.180846050561616e-05
23449,15.0,12,1,1,SET OF 6 EASTER RAINBOW CHICKS,Merchandise,True,7.176062009222135e-05
90068,15.0,2,2,2,"RUBY GLASS NECKLACE 42""",Merchandise,True,7.176062009222135e-05
21475,14.95,1,1,1,SWEETHEART CREAM STEEL FOLDIN CHAIR,Merchandise,True,7.152141802524727e-05
23621,14.940000000000001,6,4,4,SET 10 CARDS DAVID'S MADONNA 17074,Merchandise,True,7.147357761185247e-05
84509g,14.92,2,2,2,SET OF 4 FAIRY CAKE PLACEMATS ,Merchandise,True,7.137789678506283e-05
35650,14.850000000000001,3,3,3,VINTAGE BEAD PINK JEWEL STAND,Merchandise,True,7.104301389129914e-05
84567,14.85,9,1,1,FROSTED GLASS WITH SILVER SURROUND,Merchandise,True,7.104301389129913e-05
90011D,14.75,5,5,5,PURPLE CRYSTAL DROP EARRINGS,Merchandise,True,7.056460975735099e-05
SP1002,14.75,5,2,2,KID'S CHALKBOARD/EASEL,Merchandise,True,7.056460975735099e-05
23634,14.55,5,5,5,SET 10 CARDS XMAS CHOIR 17068,Merchandise,True,6.96078014894547e-05
84868A,13.9,2,2,2,PINK BABY GIRL'S MEMORY BOX,Merchandise,True,6.649817461879178e-05
21852,13.9,2,2,2,EMPIRE TEDDY,Merchandise,True,6.649817461879178e-05
84406b,13.82,2,2,2,CREAM CUPID HEARTS COAT HANGER,Merchandise,True,6.611545131163326e-05
35597A,13.75,11,5,4,DUSTY PINK CHRISTMAS TREE 30CM,Merchandise,True,6.578056841786956e-05
16245A,13.75,11,7,7,PINK MINI STATIONERY SET W CASE,Merchandise,True,6.578056841786956e-05
35936,13.68,36,9,9,CERISE+GOLD CHRISTMAS TREE DEC,Merchandise,True,6.544568552410586e-05
84814B,13.65,7,3,3,RHOMBUS CRYSTAL PERFUME BOTTLE,Merchandise,True,6.530216428392143e-05
35443,13.6,16,10,10,RASTA IN BATH W SPLIFF ASHTRAY,Merchandise,True,6.506296221694735e-05
79342b,13.57,1,1,1,BROWN FLOWER LIGHTS,Merchandise,True,6.491944097676291e-05
84867a,13.57,1,1,1,PINK BABY GIRLS PHOTO ALBUM,Merchandise,True,6.491944097676291e-05
21525,13.5,2,2,2,BEWARE OF THE CAT DOORMAT,Merchandise,True,6.458455808299921e-05
85039b,13.44,4,1,1,S/4 IVORY MINI ROSE CANDLE IN BOWL,Merchandise,True,6.429751560263032e-05
62097B,13.370000000000001,11,4,4,BLUE STRIPES SHOULDER BAG,Merchandise,True,6.396263270886663e-05
23639,13.32,4,4,4,SET 10 CARDS MAGICAL TREE 17086,Merchandise,True,6.372343064189256e-05
23607,13.28,8,7,7,SET 10 CARDS HATS & STOCKINGS 17081,Merchandise,True,6.353206898831329e-05
85159b,13.0,1,1,1,"WHITE TEA,COFFEE,SUGAR JARS",Merchandise,True,6.21925374132585e-05
35004s,13.0,1,1,1,SET OF 3 SILVER FLYING DUCKS,Merchandise,True,6.21925374132585e-05
16192,12.9,3,1,1,PINK BALLET OPENING CUBE BOX ,Merchandise,True,6.171413327931036e-05
84989b,12.8,10,6,6,75 BLACK FAIRY CAKE CASES,Merchandise,True,6.123572914536222e-05
84247J,12.780000000000001,10,9,9,PACK/12 RUSSIAN DOLL CARDS,Merchandise,True,6.114004831857259e-05
72752B,12.75,3,2,2,"F.FAIRY,CANDLE IN GLASS,LAVENDER",Merchandise,True,6.099652707838815e-05
84648,12.75,1,1,1,NEW BAROQUE WALL MIRROR,Merchandise,True,6.099652707838815e-05
20812,12.75,5,3,3,EMBOSSED FLOWER TRELLIS PHOTO FRAME,Merchandise,True,6.099652707838815e-05
44092B,12.75,15,6,6,BLUE WHITE PLASTIC RINGS LAMPSHADE,Merchandise,True,6.099652707838815e-05
21772,12.75,1,1,1,VINTAGE METAL CAKE STAND CREAM ,Merchandise,True,6.099652707838815e-05
85083,12.749999999999998,5,2,2,KISS REINDEER SCANDINAVIAN STOCKING,Merchandise,True,6.0996527078388134e-05
85157,12.72,1,1,1,SET OF 2 CHESTS CHOCOLAT AU LAIT,Merchandise,True,6.08530058382037e-05
35004p,12.72,1,1,1,SET OF 3 PINK FLYING DUCKS,Merchandise,True,6.08530058382037e-05
DCGS0037,12.72,1,1,1,KEY-RING CORKSCREW,Merchandise,True,6.08530058382037e-05
DCGS0075,12.72,1,1,1,CAMOUFLAGUE DOG LEAD,Merchandise,True,6.08530058382037e-05
35751C,12.61,31,2,2,PURPLE CURRENT CANDLE RING,Merchandise,True,6.032676129086074e-05
79149B,12.6,30,13,12,SILICON STAR BULB  BLUE,Merchandise,True,6.0278920877465924e-05
51012L,12.5,10,6,6,"FEATHER DUSTER, LIGHT PINK",Merchandise,True,5.980051674351779e-05
35918B,12.5,10,5,5,BLUE FLORIBUNDA EGG WARMER,Merchandise,True,5.980051674351779e-05
23635,12.48,3,3,3,SET 10 CARDS CHRISTMAS HOLLY  17259,Merchandise,True,5.970483591672817e-05
23654,12.450000000000001,5,4,4,SET 10 CARD SNOWMAN 16965,Merchandise,True,5.956131467654372e-05
84596g,12.399999999999999,5,2,2,SMALL CHOCOLATES PINK BOWL,Merchandise,True,5.932211260956964e-05
90000C,12.32,2,2,2,OPAL WHITE/SILVER FLOWER NECKLACE,Merchandise,True,5.8939389302411135e-05
44242A,11.98,14,2,2,LILAC FEATHERS CURTAIN,Merchandise,True,5.731281524698745e-05
22206,11.82,14,10,10,"MUG , DOTCOMGIFTSHOP.COM ",Merchandise,True,5.6547368632670415e-05
85185E,11.8,4,2,2,DUCK SOCK PUPPET,Merchandise,True,5.64516878058808e-05
85179a,11.780000000000001,2,2,2,GREEN BITTY LIGHT CHAIN,Merchandise,True,5.635600697909117e-05
23608,11.64,4,3,3,SET 10 CARDS RUDOLPHS NOSE 17097,Merchandise,True,5.5686241191563766e-05
23605,11.64,4,1,1,SET 10 CARDS 12 DAYS OF XMAS 17059,Merchandise,True,5.5686241191563766e-05
90025B,11.29,3,3,3,BAROQUE BUTTERFLY EARRINGS RED,Merchandise,True,5.401182672274526e-05
79070b,11.26,1,1,1,ENGLISH ROSE SQUARE CAKE TINS,Merchandise,True,5.386830548256083e-05
84366,11.25,3,3,3,VENDETTA CANVAS PICTURE,Merchandise,True,5.3820465069166015e-05
84743C,11.25,9,5,5,ORANGE FELT VASE + FLOWERS,Merchandise,True,5.3820465069166015e-05
17011B,11.100000000000001,19,2,2,ORIGAMI JASMINE INCENSE+FLOWER ,Merchandise,True,5.3102858868243805e-05
47590a,11.02,1,1,1,BLUE HAPPY BIRTHDAY BUNTING,Merchandise,True,5.2720135561085276e-05
72785B,10.9,9,3,3,S/4 CONTEMPORY RED ROSEBUD CANDLES,Merchandise,True,5.214605060034752e-05
84732D,10.89,15,6,6,CUTE RABBIT CEATURE SCREEN ,Merchandise,True,5.2098210186952704e-05
84536b,10.530000000000001,13,5,4,FAIRY CAKES NOTEBOOK A7 SIZE,Merchandise,True,5.037595530473939e-05
17084G,10.5,50,2,2,MOON INCENSE,Merchandise,True,5.0232434064554946e-05
16169A,10.5,25,1,1,WRAP CHRISTMAS DECOUPAGE,Merchandise,True,5.0232434064554946e-05
16169G,10.5,25,1,1,WRAP ROMANTIC DECOUPAGE,Merchandise,True,5.0232434064554946e-05
21496,10.5,25,1,1,WOODLAND CREATURES  WRAP,Merchandise,True,5.0232434064554946e-05
21858,10.23,2,2,2,HIGH SCHOOL MUSICAL 3 TOP TRUMPS ,Merchandise,True,4.894074290289495e-05
21857,10.23,2,2,2,STAR WARS TOP TRUMPS GAME,Merchandise,True,4.894074290289495e-05
85124b,10.23,2,2,2,BLUE JUICY FRUIT PHOTO FRAME,Merchandise,True,4.894074290289495e-05
20939,10.2,12,1,1,ORANGE CANDLE,Merchandise,True,4.879722166271051e-05
85232d,10.17,1,1,1,SET/3 DECOUPAGE STACKING TINS,Merchandise,True,4.8653700422526067e-05
90214W,10.17,19,8,8,"LETTER ""W"" BLING KEY RING",Merchandise,True,4.8653700422526067e-05
84661c,10.12,2,2,2,PINK SQUARE TABLE CLOCK,Merchandise,True,4.8414498355551997e-05
84661a,10.02,2,2,2,WHITE SQUARE TABLE CLOCK,Merchandise,True,4.7936094221603863e-05
23615,9.96,4,4,4,SET 10 CARDS PRINTED GRAPHIC 17219,Merchandise,True,4.764905174123498e-05
23624,9.96,4,4,4,SET 10 CARD PERFECT NATIVITY 17089,Merchandise,True,4.764905174123498e-05
23650,9.96,4,4,4,SET 10 CARDS FILIGREE BAUBLE 16961,Merchandise,True,4.764905174123498e-05
23619,9.96,4,2,2,SET 10 CARDS POINSETTIA 17093,Merchandise,True,4.764905174123498e-05
84534b,9.959999999999999,6,5,4,FAIRY CAKE NOTEBOOK A5 SIZE,Merchandise,True,4.764905174123497e-05
84971s,9.959999999999999,6,3,3,SMALL HEART FLOWERS HOOK ,Merchandise,True,4.764905174123497e-05
85049b,9.94,4,3,3,LUSH GREENS RIBBONS,Merchandise,True,4.755337091444534e-05
85231g,9.78,6,6,6,ORANGE SCENTED SET/9 T-LIGHTS,Merchandise,True,4.6787924300128316e-05
81953P,9.57,33,6,6,ROUND ARTICULATED PINK CLOCK W/SUCK,Merchandise,True,4.578327561883722e-05
20822,9.3,2,1,1,SILVER WINE GOBLET,Merchandise,True,4.449158445717724e-05
72708,9.24,44,5,5,SCULPTED ROUND IVORY CANDLE ,Merchandise,True,4.4204541976808355e-05
23441,9.24,22,3,3,HAND PAINTED HANGING EASTER EGG,Merchandise,True,4.4204541976808355e-05
90184c,9.15,1,1,1,BLACK CHUNKY BEAD BRACELET W STRAP,Merchandise,True,4.3773978256255023e-05
18098B,8.850000000000001,3,3,3,BLUE PORCELAIN B'FLY OIL BURNER,Merchandise,True,4.2338765854410604e-05
35598C,8.850000000000001,3,3,3,WHITE CHRISTMAS TREE 60CM,Merchandise,True,4.2338765854410604e-05
62097A,8.850000000000001,3,3,3,PINK STRIPES SHOULDER BAG,Merchandise,True,4.2338765854410604e-05
20882,8.850000000000001,3,2,2,MODERN CHRISTMAS TREE CANDLE,Merchandise,True,4.2338765854410604e-05
71496B,8.67,15,6,6,A4 WALL TIDY RED FLOWERS,Merchandise,True,4.1477638413303934e-05
20739,8.65,1,1,1,*USB Office Glitter Lamp,Merchandise,True,4.138195758651431e-05
21406,8.65,1,1,1,SPOTTY CAT DOORSTOP ,Merchandise,True,4.138195758651431e-05
90013E,8.57,2,2,2,AMBER VINTAGE EARRINGS ,Merchandise,True,4.0999234279355794e-05
84572,8.49,1,1,1,6 HOOK JEWEL STAND LILAC DRESS,Merchandise,True,4.061651097219728e-05
90126B,8.48,3,3,3,BLUE BERTIE MOBILE PHONE CHARM,Merchandise,True,4.056867055880247e-05
84030b,8.46,1,1,1,KNITTED POM POM HOT WATER BOTTLE,Merchandise,True,4.047298973201284e-05
23612,8.299999999999999,5,2,2,SET 10 MINICARDS CUTE SNOWMAN 17071,Merchandise,True,3.970754311769581e-05
72802c,8.29,1,1,1,VANILLA SCENT CANDLE JEWELLED BOX,Merchandise,True,3.965970270430099e-05
85034b,8.29,1,1,1,3 WHITE CHOC MORRIS BOXED CANDLES,Merchandise,True,3.965970270430099e-05
84029c,7.78,1,1,1,BROWN FURRY HOT WATER BOTTLE,Merchandise,True,3.721984162116547e-05
44091A,7.56,18,6,6,BLUE CRUSOE CHECK LAMPSHADE,Merchandise,True,3.616735252647956e-05
20942,7.5,6,4,4,SET/6 GINGERBREAD TREE T-LIGHTS,Merchandise,True,3.5880310046110675e-05
90025A,7.5,2,2,2,BAROQUE BUTTERFLY EARRINGS BLACK,Merchandise,True,3.5880310046110675e-05
46037A,7.5,6,2,2,PINK CANVAS DES CUSHION COVER ,Merchandise,True,3.5880310046110675e-05
82011E,7.5,2,2,2,"BATHROOM SCALES, FAG BREAK",Merchandise,True,3.5880310046110675e-05
82613a,7.4799999999999995,3,3,3,"METAL SIGN,CUPCAKE SINGLE HOOK",Merchandise,True,3.5784629219321044e-05
23633,7.470000000000001,3,3,3,SET 10 CARDS WORLD CHILDREN 17067,Merchandise,True,3.5736788805926235e-05
84201B,7.41,39,8,8,HAPPY BIRTHDAY CARD STRIPEY TEDDY,Merchandise,True,3.544974632555734e-05
90111,7.35,7,6,6,BLUE HIBISCUS  HAIR CLIP,Merchandise,True,3.516270384518846e-05
35001P,6.98,2,2,2,HAND OPEN SHAPE PINK,Merchandise,True,3.339260854958033e-05
85230D,6.959999999999999,24,1,1,VANILLA SCENTED VOTIVE CANDLE,Merchandise,True,3.32969277227907e-05
85230C,6.959999999999999,24,1,1,ROSE SCENTED VOTIVE CANDLE,Merchandise,True,3.32969277227907e-05
84705b,6.86,2,2,2,FAIRY CAKES PHOTO FRAME,Merchandise,True,3.281852358884257e-05
48173A,6.75,1,1,1,DOOR MAT BLUE FLOCK,Merchandise,True,3.2292279041499605e-05
37484,6.75,1,1,1,ENGLISH ROSE TEA FOR ONE GIFT BOX,Merchandise,True,3.2292279041499605e-05
23604,6.640000000000001,4,2,2,SET 10 MINI SANTA & SNOWMAN  17087,Merchandise,True,3.176603449415665e-05
20858,6.6,4,1,1,SILVER PURSE GOLD PINK BUTTERFLY,Merchandise,True,3.157467284057739e-05
20678,6.6,4,1,1,LARGE BLACK DIAMANTE HAIRSLIDE,Merchandise,True,3.157467284057739e-05
85231b,6.58,4,4,4,CINAMMON SET OF 9 T-LIGHTS,Merchandise,True,3.1478992013787765e-05
20884,6.300000000000001,3,3,3,MODERN CHRISTMAS TREE CANDLE ,Merchandise,True,3.013946043873297e-05
79140,6.3,15,2,2,ASS WINDPROOF MARIJUANA LIGHTERS,Merchandise,True,3.0139460438732962e-05
82072,6.25,5,3,3,WHITE WOOD SINGLE P/FRAME,Merchandise,True,2.9900258371758895e-05
37408,6.25,5,1,1,ASSORTED DESIGN GEISHA GIRL MUGS,Merchandise,True,2.9900258371758895e-05
20673,6.25,5,2,2,STRAWBERRIES PRINT BOWL,Merchandise,True,2.9900258371758895e-05
23610,6.24,3,3,3,SET 10 CARDS CHRISTMAS ROBIN 17095,Merchandise,True,2.9852417958364084e-05
79051a,6.04,1,1,1,SMOKEY GREY COLOUR D.O.F. GLASS,Merchandise,True,2.8895609690467797e-05
85123b,6.04,1,1,1,ZINC HANGING HEART T-LITE HLDR,Merchandise,True,2.8895609690467797e-05
85077,5.95,1,1,1,KISSING REINDEER TABLE RUNNER,Merchandise,True,2.8465045969914466e-05
72751B,5.95,1,1,1,"F.FAIRY S/3 SML CANDLE, LAVENDER",Merchandise,True,2.8465045969914466e-05
72751C,5.95,1,1,1,"F.FAIRY S/3 SML CANDLE, ROSE",Merchandise,True,2.8465045969914466e-05
72751A,5.95,1,1,1,"F.FAIRY S/3 SML CANDLE,LILY/VALLEY",Merchandise,True,2.8465045969914466e-05
37409,5.949999999999999,7,3,3,ASSORTED DESIGN FLOWER MUGS,Merchandise,True,2.8465045969914462e-05
85184d,5.91,1,1,1,S/4 BLUE ROUND DECOUPAGE BOXES,Merchandise,True,2.8273684316335208e-05
18098A,5.9,2,2,2,PINK PORCELAIN B'FLY OIL BURNER,Merchandise,True,2.82258439029404e-05
79303A,5.9,2,1,1,WHITE ROHMBIC BLOCK TABLE LAMP,Merchandise,True,2.82258439029404e-05
35821P,5.9,2,2,2,"JEWELLED DECORATION,PINK",Merchandise,True,2.82258439029404e-05
35823P,5.9,2,2,2,"ACRYLIC BEAD GARLAND,PINK",Merchandise,True,2.82258439029404e-05
35051B,5.88,14,2,2,PINK BEADED CONE CHRISTMAS,Merchandise,True,2.8130163076150765e-05
85186B,5.88,14,2,2,BUNNY BUNCH OF FLOWERS,Merchandise,True,2.8130163076150765e-05
23617,5.82,2,1,1,SET 10 CARDS SWIRLY XMAS TREE 17104,Merchandise,True,2.7843120595781883e-05
23638,5.82,2,2,2,SET 10 CARDS ROBIN WATERPUMP  17096,Merchandise,True,2.7843120595781883e-05
23652,5.82,2,1,1,SET 10 CARD CHRISTMAS STAMPS 16963,Merchandise,True,2.7843120595781883e-05
23630,5.48,2,2,2,SET 10 CARDS HANGING BAUBLES 17080,Merchandise,True,2.6216546540358202e-05
35537,5.46,13,3,3,CANDLE RING W/CLEAR BEADS,Merchandise,True,2.6120865713568568e-05
21838,5.45,1,1,1,DADDY MOUSE RED GINGHAM BOW TIE,Merchandise,True,2.607302530017376e-05
35751D,5.32,28,1,1,PINK CURRENT CANDLE RING,Merchandise,True,2.545109992604117e-05
16010,5.279999999999999,44,5,4,FOLDING CAMPING SCISSOR W/KNIF & S,Merchandise,True,2.5259738272461912e-05
16215,5.2,8,3,3,FUNKY GIRLZ MAGNETIC TO DO LIST ,Merchandise,True,2.48770149653034e-05
21860,5.17,1,1,1,DR WHO TOP TRUMPS GAME,Merchandise,True,2.4733493725118957e-05
21854,5.17,1,1,1,EURO FOOTBALL STARS TOP TRUMPS GAME,Merchandise,True,2.4733493725118957e-05
71101A,5.1,6,1,1,ANGEL ON KNEES METAL POLE 100CM H,Merchandise,True,2.4398610831355256e-05
71434B,5.1,2,2,2,"BLACK RND BULLET""KEEP CLEAN"" BIN",Merchandise,True,2.4398610831355256e-05
90142C,5.09,1,1,1,ROSE PINK PENDANT SHELL NECKLACE,Merchandise,True,2.435077041796044e-05
90142B,5.09,1,1,1,IVORY PENDANT SHELL NECKLACE,Merchandise,True,2.435077041796044e-05
84942,5.07,3,3,3,KASHMIR FOLKART HEART DISHES,Merchandise,True,2.4255089591170817e-05
DCGS0041,5.06,1,1,1,HAYNES MINI-COOPER PLAYING CARDS,Merchandise,True,2.4207249177775998e-05
72740B,5.06,1,1,1,LARGE WHITE CHOCOLATE CANDLE,Merchandise,True,2.4207249177775998e-05
79151B,5.04,12,3,2,"SILICON CUBE 25W, BLUE",Merchandise,True,2.4111568350986374e-05
20877,5.04,12,5,5,MODERN CHRISTMAS BAUBLE CANDLE ,Merchandise,True,2.4111568350986374e-05
84596j,5.02,2,2,2,MIXED NUTS LIGHT GREEN BOWL,Merchandise,True,2.401588752419674e-05
47593b,4.98,6,1,1,SCOTTIE DOGS BABY BIB,Merchandise,True,2.382452587061749e-05
23649,4.98,2,2,2,SET 10 CARDS DECK THE HALLS 16960,Merchandise,True,2.382452587061749e-05
84661b,4.96,1,1,1,BLACK SQUARE TABLE CLOCK,Merchandise,True,2.372884504382786e-05
85043,4.95,1,1,1,RED HEART CANDY POP LIGHTS,Merchandise,True,2.3681004630433043e-05
37451,4.95,1,1,1,CERAMIC CAKE TEAPOT WITH CHERRY,Merchandise,True,2.3681004630433043e-05
85232C,4.95,1,1,1,RUSSIAN FOLKART STACKING TINS,Merchandise,True,2.3681004630433043e-05
85049d,4.92,2,2,2,BRIGHT BLUES RIBBONS ,Merchandise,True,2.35374833902486e-05
84971l,4.92,2,1,1,LARGE HEART FLOWERS HOOK   ,Merchandise,True,2.35374833902486e-05
90214U,4.7299999999999995,13,2,2,"LETTER ""U"" BLING KEY RING",Merchandise,True,2.262851553574713e-05
45014,4.65,1,1,1,FOLDING SHIRT TIDY,Merchandise,True,2.224579222858862e-05
81953B,4.64,14,8,6,ROUND BLUE CLOCK WITH SUCKER,Merchandise,True,2.21979518151938e-05
37326,4.609999999999999,2,2,2,FAIRY DESIGN MUGS,Merchandise,True,2.205443057500936e-05
72529w,4.3,1,1,1,WHITE ADVENT CANDLE,Merchandise,True,2.0571377759770117e-05
79157B,4.25,5,3,3,UBO-LIGHT TRIOBASE BLUE,Merchandise,True,2.0332175692796047e-05
79157V,4.25,5,3,3,UBO-LIGHT TRIOBASE PURPLE,Merchandise,True,2.0332175692796047e-05
72752A,4.25,1,1,1,"F.FAIRY,CANDLE IN GLASS,LILY/VALLEY",Merchandise,True,2.0332175692796047e-05
21409,4.25,1,1,1,SPOTTY COCKEREL DOORSTOP,Merchandise,True,2.0332175692796047e-05
47594a,4.21,1,1,1,CAROUSEL DESIGN WASHBAG,Merchandise,True,2.0140814039216792e-05
84255A,4.2,2,2,2,PINK GLASS COCKTAIL LAMP,Merchandise,True,2.0092973625821977e-05
46776b,4.13,1,1,1,WOVEN BERRIES CUSHION COVER ,Merchandise,True,1.9758090732058276e-05
46776e,4.13,1,1,1,WOVEN CANDY CUSHION COVER ,Merchandise,True,1.9758090732058276e-05
37432,3.9,6,1,1,MUG PINK AND PURPLE ARABIC DESIGN,Merchandise,True,1.865776122397755e-05
72084B,3.9,2,1,1,CHOCOLATE ICE CREAM CANDLE,Merchandise,True,1.865776122397755e-05
35995,3.7800000000000002,5,5,5,SET/6 BLACK GLITTER REINDEER CANDLE,Merchandise,True,1.808367626323978e-05
37438,3.75,1,1,1,FUNKY FLOWER COFFEE POT,Merchandise,True,1.7940155023055337e-05
40046C,3.75,3,3,3,PINK BUTTERFLY PAPER LAMPSHADE,Merchandise,True,1.7940155023055337e-05
35974,3.75,1,1,1,S/6 CHRISTMAS TREE PLACE SETTING,Merchandise,True,1.7940155023055337e-05
90004A,3.75,1,1,1,JADE GREEN PAIR ENAMEL HAIR SLIDES,Merchandise,True,1.7940155023055337e-05
84731,3.69,3,3,3,3 BIRDS CANVAS SCREEN,Merchandise,True,1.7653112542686452e-05
35818C,3.43,1,1,1,"ACRYLIC JEWEL ICICLE, CLEAR ",Merchandise,True,1.6409261794421284e-05
21081,3.4,4,4,4,SET/20 POSIES PAPER NAPKINS,Merchandise,True,1.6265740554236838e-05
84559d,3.38,2,1,1,3D SHEET OF SEA WORLD STICKERS,Merchandise,True,1.617005972744721e-05
23643,3.33,1,1,1,SET 10 CARDS CHRISTMAS BAUBLE 16954,Merchandise,True,1.593085766047314e-05
20683,3.25,1,1,1,RAIN GIRL CHILDS UMBRELLA,Merchandise,True,1.5548134353314624e-05
84985b,2.98,1,1,1,SET OF 72 BLACK PAPER DOILIES ,Merchandise,True,1.425644319165464e-05
20885,2.95,1,1,1,BOX OF 3 PEBBLE CANDLES,Merchandise,True,1.41129219514702e-05
79301,2.95,1,1,1,FEATHER HEART LIGHTS,Merchandise,True,1.41129219514702e-05
23602,2.91,1,1,1,SET 10 CARDS 3 WISE MEN 17107,Merchandise,True,1.3921560297890942e-05
23609,2.91,1,1,1,SET 10 CARDS SNOWY ROBIN 17099,Merchandise,True,1.3921560297890942e-05
23628,2.91,1,1,1,SET 10 CARDS TRIANGLE ICONS  17220,Merchandise,True,1.3921560297890942e-05
90183c,2.9,1,1,1,BLACK DROP EARRINGS W LONG BEADS,Merchandise,True,1.3873719884496128e-05
DCGS0044,2.57,1,1,1,HANDZ-OFF CAR FRESHENER,Merchandise,True,1.2294986242467257e-05
85171,2.55,1,1,1,S/2 HYACINTH BULB CANDLES,Merchandise,True,1.2199305415677628e-05
90091,2.55,3,2,2,CRYSTAL DRAGONFLY PHONE CHARM,Merchandise,True,1.2199305415677628e-05
20881,2.55,3,2,2,MODERN CHRISTMAS TREE CANDLE,Merchandise,True,1.2199305415677628e-05
47569,2.55,1,1,1,ENGLISH ROSE DESIGN SHOPPING BAG,Merchandise,True,1.2199305415677628e-05
35999,2.55,1,1,1,S/6 SCANDINAVIAN HEART T-LIGHT,Merchandise,True,1.2199305415677628e-05
47556,2.55,1,1,1,SET/2 SPOTTY + ROSE TEA TOWELS ,Merchandise,True,1.2199305415677628e-05
47554,2.55,1,1,1,S/3 COLOURS FLOCK TEA TOWELS,Merchandise,True,1.2199305415677628e-05
21036,2.55,1,1,1,SET/2 TEA TOWELS MODERN VINTAGE,Merchandise,True,1.2199305415677628e-05
17028J,2.52,6,1,1,INCENSE BAZAAR PEACH,Merchandise,True,1.2055784175493187e-05
DCGS0062,2.51,1,1,1,ROAD-RAGE CAR FRESHENER,Merchandise,True,1.200794376209837e-05
21008,2.51,1,1,1,ETCHED GLASS HEART TREE DECORATION,Merchandise,True,1.200794376209837e-05
47593a,2.51,1,1,1,CAROUSEL DESIGN BABY BIB,Merchandise,True,1.200794376209837e-05
21290,2.5,2,1,1,LARGE SPOTTY CHOCOLATE GIFT BAG,Merchandise,True,1.1960103348703558e-05
90127B,2.5,2,2,2,BLUE BEADS+HAND PHONE CHARM,Merchandise,True,1.1960103348703558e-05
21225,2.5,2,2,2,POCKET MIRROR BUTTERFLY ,Merchandise,True,1.1960103348703558e-05
85049c,2.46,1,1,1,ROMANTIC PINKS RIBBONS ,Merchandise,True,1.17687416951243e-05
84596l,2.46,1,1,1,BISCUITS SMALL BOWL LIGHT BLUE,Merchandise,True,1.17687416951243e-05
84510b,2.15,1,1,1,SET OF 4 FAIRY CAKES COASTERS ,Merchandise,True,1.0285688879885058e-05
17061,2.08,52,1,1,ASSORTED SHAPED STENCIL FOR HENNA,Merchandise,True,9.95080598612136e-06
85192S,1.9500000000000002,3,2,2,HANGING SPRING FLOWER HEART SMALL,Merchandise,True,9.328880611988775e-06
35945,1.95,1,1,1,GOLD CHRISTMAS STOCKING DECORATION,Merchandise,True,9.328880611988775e-06
46138D,1.95,1,1,1,GREEN CHENILLE SHAGGY C/COVER,Merchandise,True,9.328880611988775e-06
84814A,1.95,1,1,1,HEXAGONAL CRYSTAL PERFUME BOTTLE,Merchandise,True,9.328880611988775e-06
84201C,1.9,10,3,3,HAPPY BIRTHDAY CARD TEDDY/CAKE,Merchandise,True,9.089678545014704e-06
84206C,1.9,10,4,4,CHAMPAGNE TRAY BLANK CARD,Merchandise,True,9.089678545014704e-06
84206B,1.71,9,2,2,CAT W SUNGLASSES BLANK CARD,Merchandise,True,8.180710690513232e-06
35837,1.7,2,1,1,SET OF SIX SILVER+RED FLOCK BAUBLES,Merchandise,True,8.132870277118419e-06
30086C,1.7,1,1,1,ASSORTED FRUIT STRAWS,Merchandise,True,8.132870277118419e-06
20737,1.7,1,1,1,RED MINI TAPE MEASURE ,Merchandise,True,8.132870277118419e-06
72754D,1.69,1,1,1,F FAIRY POTPOURRI CUSHIONS SUMMER,Merchandise,True,8.085029863723605e-06
10109,1.68,4,1,1,BENDY COLOUR PENCILS,Merchandise,True,8.03718945032879e-06
85231e,1.66,1,1,1,STRAWBERRY SCENTED SET/9 T-LIGHTS,Merchandise,True,7.94150862353916e-06
23664,1.65,1,1,1,FLOWER SHOP DESIGN MUG,Merchandise,True,7.893668210144347e-06
85024A,1.65,1,1,1,CRYSTAL SMALL JEWELLED PHOTOFRAME,Merchandise,True,7.893668210144347e-06
21585,1.65,1,1,1,SWALLOW SMALL TUBE MATCHES,Merchandise,True,7.893668210144347e-06
72796C,1.65,1,1,1,S/3 ROSE GARDEN SCENT SQU CANDLE,Merchandise,True,7.893668210144347e-06
35980B,1.52,4,2,2,RED TOP SCANDINAVIAN HEART ,Merchandise,True,7.271742836011763e-06
35976B,1.25,1,1,1,WHITE SCANDINAVIAN HEART CHRISTMAS,Merchandise,True,5.980051674351779e-06
84845A,1.25,1,1,1,HOLLYHOCK SQUARE HANDY TIN,Merchandise,True,5.980051674351779e-06
35950,1.25,1,1,1,FOLKART HEART CHRISTMAS DECORATIONS,Merchandise,True,5.980051674351779e-06
TEST002,1.0,1,1,1,This is a test product.,Merchandise,True,4.7840413394814234e-06
20721,0.85,1,1,1,OWLS CHARLOTTE BAG,Merchandise,True,4.066435138559209e-06
51014c,0.83,1,1,1,"FEATHER PEN,COAL BLACK",Merchandise,True,3.97075431176958e-06
35930,0.38,1,1,1,PINK HEART CHRISTMAS DECORATION,Merchandise,True,1.8179357090029407e-06
84205C,0.38,2,1,1,HAPPY BIRTHDAY GINGER CAT CARD,Merchandise,True,1.8179357090029407e-06
PADS,0.017,17,17,17,PADS TO MATCH ALL CUSHIONS,Merchandise,True,8.132870277118421e-08
