StockCode,GrossRevenue,UnitsSold,SalesLines,SalesOrders,AvgUnitPrice,Description,ReturnValue,ReturnedUnits,ReturnLines,ReturnOrders,NetRevenue,ReturnValueRate,ReturnUnitRate,RevenuePerUnit,RevenuePerOrder,RevenueShare,RevenueRank
22423,344069.3,27536,4041,3918,14.182766641920317,REGENCY CAKESTAND 3 TIER,-16724.1,1466.0,346.0,341.0,327345.2,0.04860677776250307,0.053239395700174316,12.495253486345147,87.81758550280755,1.6884570885910364,1
DOT,322657.48,1436,1436,1415,224.6918384401114,DOTCOM POSTAGE,-10.01,3.0,3.0,3.0,322647.47,3.1023610548250735e-05,0.0020891364902506965,224.6918384401114,228.02648763250883,1.6642260458911988,2
85123A,262768.47000000003,96027,5628,5365,3.0762526652452027,WHITE HANGING HEART T-LIGHT HOLDER,-9389.65,3638.0,135.0,134.0,253378.82000000004,0.03573354900608889,0.037885178126985115,2.736401949451717,48.978279589934765,1.3069361173703855,3
85099B,183136.14,98175,4109,3989,2.333436359211487,JUMBO BAG RED RETROSPOT,-2176.32,1217.0,86.0,83.0,180959.82,0.011883618383569732,0.012396231219760632,1.865405042016807,45.91028829280522,0.9333965820459807,4
47566,149109.35,28362,2729,2674,5.727101502381825,PARTY BUNTING,-1238.5500000000002,285.0,23.0,23.0,147870.80000000002,0.008306320160338705,0.010048656653268458,5.257363726112404,55.76265893792072,0.7627223507649644,5
84879,131817.81,81590,2911,2807,1.8572724149776707,ASSORTED COLOUR BIRD ORNAMENT,-774.07,511.0,19.0,19.0,131043.73999999999,0.005872271736269932,0.006263022429219267,1.6156123299423948,46.960388314926966,0.6759278331207567,6
22086,123002.89,36534,2168,2018,3.3645249077490775,PAPER CHAIN KIT 50'S CHRISTMAS ,-1479.4,596.0,17.0,16.0,121523.49,0.012027359682361936,0.016313570920238683,3.366805988941808,60.95286917740337,0.6268220768803756,7
POST,127597.42,5461,1886,1851,29.290307529162245,POSTAGE,-15256.42,303.0,229.0,226.0,112341.0,0.11956683763668575,0.05548434352682659,23.365211499725326,68.93431658562939,0.579458497602548,8
79321,85157.56,16763,1179,1135,6.271212892281595,CHILLI LIGHTS,-635.75,145.0,21.0,21.0,84521.81,0.007465573226851497,0.00865000298275965,5.080090675893336,75.0286872246696,0.43596621925430623,9
22197,80888.34,89860,2432,2322,1.034346217105263,SMALL POPCORN HOLDER,-620.57,809.0,94.0,90.0,80267.76999999999,0.007671933927683521,0.009002893389717338,0.9001595815713331,34.8356330749354,0.4140237438700641,10
22386,77049.38,39809,2303,2245,2.4214893617021276,JUMBO BAG PINK POLKADOT,-866.98,482.0,25.0,25.0,76182.40000000001,0.011252264456897641,0.012107814815745183,1.9354763998090885,34.32043652561247,0.39295127378033273,11
84347,74380.06999999999,32498,822,756,3.350985401459854,ROTATING SILVER ANGELS T-LIGHT HLDR,-634.2,18750.0,8.0,6.0,73745.87,0.008526477590031847,0.5769585820665887,2.2887583851313926,98.38633597883597,0.3803835735358668,12
20725,72001.35,40752,3140,3056,2.0664426751592355,LUNCH BAG RED RETROSPOT,-1383.75,931.0,80.0,79.0,70617.6,0.019218389655193964,0.022845504515115824,1.7668175795053005,23.560651178010474,0.3642478560836889,13
21137,69295.72,19945,649,634,4.1464098613251155,BLACK RECORD COVER FRAME,-82.29,23.0,7.0,7.0,69213.43000000001,0.0011875192291818312,0.0011531712208573577,3.4743404361995487,109.2992429022082,0.35700510198163743,14
85099F,68382.73,37072,1872,1830,2.2961324786324786,JUMBO BAG STRAWBERRY,-512.24,283.0,26.0,26.0,67870.48999999999,0.007490780201375407,0.007633793698748382,1.844592414760466,37.36761202185792,0.3500781741924031,15
48138,67629.75,10157,1692,1664,8.042381796690307,DOORMAT UNION FLAG,-359.40999999999997,51.0,13.0,13.0,67270.34,0.005314377178682458,0.005021167667618391,6.6584375307669585,40.64287860576923,0.34698258115570085,16
20685,67812.32,9968,1765,1725,8.40843626062323,DOORMAT RED RETROSPOT,-640.48,92.0,13.0,12.0,67171.84000000001,0.009444891429757896,0.009229534510433388,6.803001605136437,39.311489855072466,0.34647451498205234,17
23084,66870.03,30739,1017,994,2.386401179941003,RABBIT NIGHT LIGHT,-208.4,108.0,15.0,15.0,66661.63,0.0031164932930342636,0.0035134519665571424,2.1754133185855102,67.27367203219316,0.3438428353631973,18
22114,63362.35,12420,1676,1583,4.783639618138425,HOT WATER BOTTLE TEA AND SYMPATHY,-795.2,220.0,13.0,13.0,62567.15,0.012550039573974136,0.017713365539452495,5.1016384863124,40.026753000631714,0.32272337559994363,19
82484,62778.72,11046,1208,1176,7.80191225165563,WOOD BLACK BOARD ANT WHITE FINISH,-325.0,49.0,24.0,24.0,62453.72,0.005176913450927321,0.004435994930291508,5.683389462248778,53.38326530612245,0.3221383000052537,20
21931,62257.72,29489,2387,2329,2.5339296187683282,JUMBO STORAGE BAG SUKI,-710.63,390.0,34.0,34.0,61547.090000000004,0.011414327411925782,0.01322527043982502,2.111218420427956,26.731524259338773,0.3174618732538326,21
22502,61466.47,3861,955,924,8.032816753926701,PICNIC BASKET WICKER SMALL,-436.42,86.0,16.0,16.0,61030.05,0.007100131177209298,0.022274022274022275,15.91983164983165,66.52215367965368,0.31479496427491643,22
21843,66348.55,6263,1566,1527,12.207886334610473,RED RETROSPOT CAKE STAND,-5401.599999999999,600.0,159.0,154.0,60946.950000000004,0.0814124800014469,0.09580073447229762,10.593733035286604,43.45026195153897,0.31436633179745255,23
22910,61671.840000000004,19580,1529,1427,3.3026422498364942,PAPER CHAIN KIT VINTAGE CHRISTMAS,-1188.55,449.0,18.0,17.0,60483.29,0.019272167005232856,0.02293156281920327,3.1497364657814098,43.21782761037141,0.3119747585784283,24
21621,60549.54,6931,1319,1292,9.300507960576194,VINTAGE UNION JACK BUNTING,-544.0,64.0,10.0,10.0,60005.54,0.008984378741770788,0.009233876785456644,8.736046746501227,46.86496904024768,0.3095105086854274,25
22112,60644.32,11532,1811,1721,5.853622308117062,CHOCOLATE HOT WATER BOTTLE,-687.48,156.0,13.0,13.0,59956.84,0.01133626364348714,0.013527575442247659,5.258785986819285,35.237838466008135,0.309259312516324,26
85099C,60103.56,31153,1916,1868,2.4097338204592904,JUMBO  BAG BAROQUE BLACK WHITE,-570.88,313.0,26.0,26.0,59532.68,0.009498272648076088,0.010047186466792925,1.9293024748820338,32.17535331905781,0.3070714815699812,27
15056N,58403.79,11366,1054,1033,6.818092979127135,EDWARDIAN PARASOL NATURAL,-840.55,155.0,21.0,21.0,57563.24,0.014392045447735497,0.01363716346999824,5.138464719338378,56.5380348499516,0.2969130465950534,28
22411,58149.35,27669,2250,2192,2.447426666666667,JUMBO SHOPPER VINTAGE RED PAISLEY,-791.52,441.0,22.0,22.0,57357.83,0.013611846048150151,0.015938414832484007,2.10160649101883,26.52798813868613,0.295853535196788,29
22470,55772.020000000004,18508,2059,1952,3.2181738708110736,HEART OF WICKER LARGE,-1028.7,396.0,22.0,22.0,54743.32000000001,0.01844473268136962,0.02139615301491247,3.013400691592825,28.571731557377053,0.28236780837784536,30
22189,54547.380000000005,18350,1327,1299,4.4448907309721175,CREAM HEART CARD HOLDER,-168.73000000000002,43.0,14.0,14.0,54378.65,0.0030932741407561646,0.002343324250681199,2.9726092643051776,41.991824480369516,0.2804868287682573,31
21212,52948.799999999996,96472,3239,3118,0.7081753627662859,PACK OF 72 RETROSPOT CAKE CASES,-549.66,1110.0,28.0,26.0,52399.13999999999,0.010380971806726499,0.011505929181524172,0.5488514802222406,16.98165490699166,0.2702764524088763,32
20914,53335.66,18952,2098,2030,3.23078646329838,SET/5 RED RETROSPOT LID GLASS BOWLS,-1095.3500000000001,409.0,87.0,84.0,52240.310000000005,0.020536916577014327,0.021580835795694385,2.814249683410722,26.273724137931037,0.26945720215140834,33
22178,53105.59,40572,1864,1816,1.5726984978540772,VICTORIAN GLASS HANGING T-LIGHT,-1265.44,1010.0,45.0,43.0,51840.149999999994,0.023828753244244157,0.024894015577245392,1.3089221630681258,29.24316629955947,0.2673931639783403,34
21623,52082.93,7196,549,530,10.232112932604736,VINTAGE UNION JACK MEMOBOARD,-499.20000000000005,56.0,13.0,13.0,51583.73,0.009584714224026951,0.007782101167315175,7.237761256253474,98.26967924528302,0.26607054135654384,35
22139,53085.61,10649,2110,2093,5.580184834123223,RETROSPOT TEA SET CERAMIC 11 PC ,-2074.0,474.0,52.0,51.0,51011.61,0.03906896803107283,0.044511221710958775,4.985032397408207,25.363406593406594,0.263119527962962,36
22111,51936.86,10163,1803,1689,5.7398225180255125,SCOTTIE DOG HOT WATER BOTTLE,-936.65,217.0,15.0,15.0,51000.21,0.01803439792086006,0.02135196300305028,5.110386696841484,30.750065127294256,0.2630607263956565,37
22469,51088.16,29013,2272,2151,1.9298019366197183,HEART OF WICKER SMALL,-426.09999999999997,282.0,20.0,19.0,50662.060000000005,0.008340484370546913,0.009719780787922655,1.7608713335401374,23.750887959088796,0.2613165378005372,38
84946,51148.47,37919,1833,1769,1.5346153846153845,ANTIQUE SILVER TEA GLASS ETCHED,-506.78000000000003,453.0,47.0,46.0,50641.69,0.009908018754031156,0.01194651757694032,1.348887628893167,28.91377614471453,0.2612114686842202,39
21181,50818.920000000006,25028,1875,1810,2.375573333333333,PLEASE ONE PERSON METAL SIGN,-225.90000000000003,114.0,16.0,16.0,50593.020000000004,0.004445194821141417,0.004554898513664696,2.0304826594214482,28.076751381215473,0.2609604272560834,40
21733,51441.92,17960,1840,1760,3.098570652173913,RED HANGING HEART T-LIGHT HOLDER,-1102.25,423.0,35.0,35.0,50339.67,0.02142707737191769,0.023552338530066816,2.864249443207127,29.228363636363635,0.2596536397932016,41
21929,50300.82,25937,1651,1619,2.5051544518473654,JUMBO BAG PINK VINTAGE PAISLEY,-483.96999999999997,272.0,21.0,21.0,49816.85,0.009621513128414208,0.010486949146007634,1.9393461078767784,31.069067325509575,0.2569569173880551,42
21232,50660.48,38901,2514,2435,1.5358910103420844,STRAWBERRY CERAMIC TRINKET BOX,-1102.73,948.0,188.0,183.0,49557.75,0.02176706576803062,0.02436955348191563,1.3022924860543432,20.805125256673513,0.25562047123990955,43
22090,50723.600000000006,16798,1732,1703,3.6761085450346425,PAPER BUNTING RETROSPOT,-1290.15,497.0,12.0,12.0,49433.450000000004,0.025434906039792128,0.029586855578045006,3.019621383498036,29.78485026423958,0.2549793278349906,44
48194,49542.47,7835,1372,1349,8.601800291545189,DOORMAT HEARTS,-172.17,25.0,7.0,7.0,49370.3,0.0034752001666449005,0.003190810465858328,6.32322527121889,36.725329873980726,0.25465359810031135,45
22457,48423.25000000001,15687,2105,2046,3.521871733966746,NATURAL SLATE HEART CHALKBOARD ,-324.8,112.0,32.0,31.0,48098.450000000004,0.006707521696705611,0.0071396697902722,3.086839421176771,23.667277614858264,0.2480933548215814,46
21731,49508.34,29696,1586,1537,2.2361727616645646,RED TOADSTOOL LED NIGHT LIGHT,-1457.8999999999999,990.0,24.0,24.0,48050.439999999995,0.029447563784202824,0.03333782327586207,1.6671720096982758,32.21102147039687,0.24784571769470962,47
21754,47774.74,7796,2130,2066,6.59649765258216,HOME BUILDING BLOCK WORD,-231.65,39.0,20.0,20.0,47543.09,0.004848796665350769,0.005002565418163161,6.128109286813751,23.124269119070668,0.2452287900480032,48
84029E,47479.83,11757,1253,1145,4.448028731045491,RED WOOLLY HOTTIE WHITE HEART.,-327.7,86.0,11.0,11.0,47152.130000000005,0.006901878123826475,0.00731479118822829,4.038430722122991,41.46710043668122,0.2432122057713572,49
21523,47194.58,7046,1147,1122,8.917053182214474,DOORMAT FANCY FONT HOME SWEET HOME,-47.54,6.0,4.0,4.0,47147.04,0.0010073190607904551,0.0008515469770082316,6.698066988362192,42.0629055258467,0.24318595138735846,50
48187,47026.85,7395,1304,1282,8.093711656441718,DOORMAT NEW ENGLAND,-92.36,12.0,7.0,6.0,46934.49,0.0019639844046539373,0.0016227180527383367,6.359276538201487,36.68241029641185,0.24208961163904372,51
15056BL,47828.19,9600,886,857,6.249672686230248,EDWARDIAN PARASOL BLACK,-1071.3500000000001,213.0,12.0,12.0,46756.840000000004,0.02239996955770227,0.0221875,4.982103125,55.80885647607935,0.24117328721519948,52
21928,47023.18,24743,1571,1542,2.476479949077021,JUMBO BAG SCANDINAVIAN PAISLEY,-536.58,295.0,24.0,24.0,46486.6,0.011410967952401348,0.011922563957482925,1.9004639696075658,30.49492866407263,0.2397793805881255,53
22355,46584.99,32635,1778,1742,1.1633802024746907,CHARLOTTE BAG SUKI DESIGN,-144.39000000000001,187.0,32.0,31.0,46440.6,0.003099496211118646,0.0057300444308258005,1.4274548797303508,26.742244546498277,0.23954211110601553,54
22326,44943.43,15655,1429,1391,3.434352694191743,ROUND SNACK BOXES SET OF4 WOODLAND ,-168.15,57.0,25.0,25.0,44775.28,0.0037413699844448902,0.0036410092622165442,2.8708674544873842,32.310158159597414,0.23095233688976788,55
20727,46283.89,27042,2440,2351,2.0262254098360657,LUNCH BAG  BLACK SKULL.,-1778.95,1211.0,45.0,45.0,44504.94,0.03843561982365787,0.04478219066637083,1.7115557281266178,19.686894938324116,0.22955791445947202,56
21915,44680.05,38088,1063,1025,1.4053998118532456,RED  HARMONICA IN BOX ,-996.0,888.0,16.0,15.0,43684.05,0.022291828232063302,0.023314429741650915,1.1730741965973537,43.59029268292683,0.22532373739057504,57
22383,43836.86,25403,2472,2398,2.081254045307443,LUNCH BAG SUKI  DESIGN ,-285.8,188.0,32.0,32.0,43551.06,0.006519627546316045,0.0074007007046411845,1.7256568121875369,18.280592160133445,0.22463777068566618,58
82494L,44667.100000000006,15601,2051,1973,3.196767430521697,WOODEN FRAME ANTIQUE WHITE ,-1325.8500000000001,511.0,38.0,37.0,43341.25000000001,0.029682920986587442,0.03275431062111403,2.863092109480162,22.639178915357327,0.22355556394563375,59
23298,43148.18,8466,1161,1146,5.519121447028423,SPOTTY BUNTING,-482.81,110.0,12.0,12.0,42665.37,0.01118957972271368,0.012993149066855657,5.096643042759273,37.65111692844677,0.22006935312892736,60
22138,45882.01,9366,1926,1914,5.3669730010384225,BAKING SET 9 PIECE RETROSPOT ,-4072.75,863.0,211.0,209.0,41809.26,0.08876572756947658,0.09214178945120649,4.898783899209908,23.971792058516197,0.2156535101652496,61
48185,46050.99,6855,1004,983,9.18843625498008,DOORMAT FAIRY CAKE,-4678.68,692.0,8.0,8.0,41372.31,0.1015978158124288,0.10094821298322393,6.717868708971554,46.8473957273652,0.2133997079868158,62
82482,42396.03,17141,2068,2006,2.92,WOODEN PICTURE FRAME WHITE FINISH,-1068.15,460.0,30.0,30.0,41327.88,0.025194576001573734,0.02683624059273088,2.4733696983839915,21.1346111665005,0.21317053661529087,63
20728,42695.64,24838,2118,2067,1.9762747875354107,LUNCH BAG CARS BLUE,-1678.0,1140.0,43.0,43.0,41017.64,0.039301436868026805,0.04589741525082535,1.7189644898945164,20.655849056603774,0.21157030869942564,64
23203,42030.340000000004,20485,1242,1231,2.275764895330113,JUMBO BAG VINTAGE DOILY ,-1076.4,590.0,17.0,17.0,40953.94,0.025610071200946743,0.02880156211862338,2.051761776909934,34.14324939073924,0.21124174204702556,65
20713,41332.89,21170,1351,1314,2.581584011843079,JUMBO BAG OWLS,-448.98,252.0,12.0,12.0,40883.909999999996,0.010862535864295964,0.011903637222484649,1.9524274917335853,31.45577625570776,0.21088052505067417,66
21175,44282.23,20856,1701,1659,2.5660435038212817,GIN + TONIC DIET METAL SIGN,-3785.58,2035.0,12.0,12.0,40496.65,0.08548756465065105,0.09757383966244726,2.12323695818949,26.692121760096445,0.20888302549324136,67
84997D,40250.98,10746,1124,1085,4.150854092526691,PINK 3 PIECE MINI DOTS CUTLERY SET,-206.25,55.0,9.0,9.0,40044.73,0.0051240988418170185,0.005118183510143309,3.745670947329239,37.097677419354845,0.2065520075724774,68
22083,41256.41,13961,1445,1401,3.6236193771626297,PAPER CHAIN KIT RETROSPOT,-1400.5500000000002,529.0,14.0,13.0,39855.86,0.033947452044421705,0.03789126853377265,2.9551185445168686,29.4478301213419,0.20557781002712716,69
71477,46519.13,15719,854,809,3.7440163934426227,COLOUR GLASS. STAR T-LIGHT HOLDER,-7173.87,2577.0,70.0,67.0,39345.259999999995,0.15421333116075042,0.1639417265729372,2.9594204465932945,57.50201483312731,0.20294411877570634,70
84078A,43921.51,1129,329,328,45.95018237082067,SET/4 WHITE RETRO STORAGE CUBES ,-5187.650000000001,147.0,20.0,20.0,38733.86,0.11811183176534687,0.13020372010628875,38.90302037201063,133.90704268292683,0.19979049787653158,71
22328,40407.96,14602,1191,1159,3.1967674223341733,ROUND SNACK BOXES SET OF 4 FRUITS ,-1818.3499999999997,701.0,25.0,24.0,38589.61,0.044999797069686265,0.048007122312012054,2.767289412409259,34.86450388265746,0.19904645172882798,72
22960,39639.31,9289,1212,1159,5.056658415841584,JAM MAKING SET WITH JARS,-1051.04,256.0,90.0,87.0,38588.27,0.02651509322437752,0.027559478953601033,4.267338787813543,34.201302847282136,0.19903953996565346,73
22629,38691.7,21193,1416,1368,2.1781214689265536,SPACEBOY LUNCH BOX ,-125.85000000000001,71.0,14.0,14.0,38565.85,0.003252635578173097,0.00335016278960034,1.8256830085405558,28.283406432748535,0.19892389688328593,74
21485,38585.35,7872,1469,1385,5.478931245745406,RETROSPOT HEART HOT WATER BOTTLE,-193.05,39.0,13.0,12.0,38392.299999999996,0.005003194217494464,0.004954268292682927,4.901594258130081,27.859458483754512,0.19802872039154273,75
82486,39004.8,4853,1326,1274,8.622571644042234,WOOD S/3 CABINET ANT WHITE FINISH,-863.1,106.0,45.0,44.0,38141.700000000004,0.02212804577898105,0.02184215948897589,8.037255305996291,30.616012558869706,0.19673611751726536,76
85066,39173.65,3128,952,929,14.14219537815126,CREAM SWEETHEART MINI CHEST,-1260.9,108.0,57.0,56.0,37912.75,0.03218745253505864,0.034526854219948847,12.523545396419438,42.167545748116254,0.19555518604054625,77
22699,39061.14,13314,1473,1424,3.629164969450102,ROSES REGENCY TEACUP AND SAUCER ,-1315.9,498.0,64.0,62.0,37745.24,0.03368821288881994,0.03740423614240649,2.9338395673726905,27.43057584269663,0.1946911640634105,78
20712,37988.94,17936,1446,1415,2.739508990318119,JUMBO BAG WOODLAND ANIMALS,-447.61,251.0,18.0,18.0,37541.33,0.011782639894664078,0.013994201605709189,2.118027430865299,26.8473074204947,0.19363938971347475,79
22727,37857.61,9565,1428,1363,4.369978991596638,ALARM CLOCK BAKELIKE RED ,-345.0,92.0,35.0,32.0,37512.61,0.009113095095015242,0.009618400418191323,3.9579309984317828,27.77520909757887,0.1934912510281226,80
21166,38428.21,20063,1465,1425,2.284866894197952,COOK WITH WINE METAL SIGN ,-969.18,559.0,18.0,17.0,37459.03,0.025220534602054062,0.027862233963016497,1.9153770622539001,26.9671649122807,0.19321488366178663,81
20726,38883.73,22301,1983,1926,2.115804336863338,LUNCH BAG WOODLAND,-1497.95,1015.0,38.0,38.0,37385.780000000006,0.03852382474623705,0.045513654096228866,1.7435868346710912,20.18885254413292,0.19283705780168767,82
22720,38108.89,7483,1392,1385,5.83371408045977,SET OF 3 CAKE TINS PANTRY DESIGN ,-730.1,154.0,73.0,73.0,37378.79,0.01915825939826639,0.0205799812909261,5.09272885206468,27.5154440433213,0.19280100315647136,83
23284,38133.64,5487,732,728,8.776284153005465,DOORMAT KEEP CALM AND COME IN,-1601.25,225.0,7.0,7.0,36532.39,0.04199048399261125,0.04100601421541826,6.949815928558411,52.38137362637362,0.1884352446856477,84
21524,36565.22,5329,1173,1150,8.509889173060529,DOORMAT SPOTTY HOME SWEET HOME,-56.39,7.0,4.0,4.0,36508.83,0.0015421758709505918,0.0013135672734096453,6.861553762431976,31.79584347826087,0.18831372144654965,85
20724,35558.23,32443,2082,2035,1.1051633045148894,RED RETROSPOT CHARLOTTE BAG,-252.82999999999998,321.0,36.0,36.0,35305.4,0.007110308921450813,0.009894276115032519,1.0960216379496348,17.473331695331698,0.1821063907322972,86
22379,35362.76,16053,1608,1570,2.904129353233831,RECYCLING BAG RETROSPOT ,-128.95000000000002,67.0,8.0,8.0,35233.810000000005,0.003646491393771301,0.00417367470254781,2.202875474989099,22.524050955414015,0.18173712720568302,87
21755,35356.39,5726,1741,1696,6.688029867892016,LOVE BUILDING BLOCK WORD,-291.55,49.0,15.0,13.0,35064.84,0.008246034168081074,0.008557457212713936,6.174710094306671,20.846928066037737,0.1808655745015064,88
84997B,34949.56,9378,1051,1019,4.0797716460513795,RED 3 PIECE MINI DOTS CUTLERY SET,-382.83000000000004,109.0,7.0,7.0,34566.729999999996,0.01095378597040993,0.011622947323523139,3.726760503305609,34.29789990186457,0.17829630707251068,89
22384,34425.81,20988,2158,2106,1.9495968489341982,LUNCH BAG PINK POLKADOT,-434.85,285.0,36.0,36.0,33990.96,0.012631511066842002,0.013579188107489995,1.6402615780445968,16.34653846153846,0.17532646686132672,90
22382,34317.59,20386,2202,2153,1.8984332425068118,LUNCH BAG SPACEBOY DESIGN ,-387.25,253.0,20.0,20.0,33930.34,0.011284300558401683,0.01241047777886785,1.6833900716177768,15.939428704133766,0.17501378694816352,91
21479,34560.68,6857,1026,930,4.688001949317739,WHITE SKULL HOT WATER BOTTLE ,-677.1800000000001,196.0,8.0,8.0,33883.5,0.019593943174729202,0.028583928831850663,5.040204170920227,37.162021505376345,0.17477218471898895,92
22666,34421.200000000004,10928,1718,1657,3.6086670547147848,RECIPE BOX PANTRY YELLOW DESIGN,-655.5500000000001,237.0,63.0,63.0,33765.65,0.01904494904303162,0.02168740849194729,3.149816983894583,20.773204586602297,0.1741643106218876,93
22726,33666.34,7935,1340,1273,4.472574626865671,ALARM CLOCK BAKELIKE GREEN,-251.25,67.0,26.0,23.0,33415.09,0.007462943699849762,0.008443604284814115,4.242764965343415,26.44645718774548,0.17235611084692076,94
22630,33923.45,18334,1380,1333,2.3056739130434782,DOLLY GIRL LUNCH BOX,-601.1999999999999,338.0,23.0,20.0,33322.25,0.01772225407498353,0.018435693247518273,1.8503027162648629,25.448949737434358,0.17187723913563618,95
22188,33197.05,12483,585,566,4.453162393162393,BLACK HEART CARD HOLDER,-19.75,5.0,3.0,3.0,33177.3,0.0005949323810398815,0.00040054474084755265,2.65938075783065,58.65203180212015,0.17112958236537879,96
22865,33394.91,15471,1336,1212,2.3525673652694614,HAND WARMER OWL DESIGN,-363.05000000000007,173.0,17.0,14.0,33031.86,0.010871417230949268,0.01118221188029216,2.158548897938078,27.553556105610564,0.17037939815933367,97
84997C,32942.86,8852,975,951,4.0242564102564105,BLUE 3 PIECE MINI DOTS CUTLERY SET,-319.48,92.0,10.0,10.0,32623.38,0.009698004362705607,0.010393131495707185,3.721516041572526,34.64023133543638,0.16827244515819703,98
15036,33041.55,44365,1003,991,0.9932303090727816,ASSORTED COLOURS SILK FAN,-644.03,929.0,14.0,14.0,32397.520000000004,0.01949151901166864,0.020939930125098614,0.744766144483264,33.34162462159435,0.16710745200103705,99
22385,32735.2,17220,1275,1248,2.440156862745098,JUMBO BAG SPACEBOY DESIGN,-725.44,426.0,12.0,12.0,32009.760000000002,0.022160854370830176,0.024738675958188152,1.9009988385598142,26.230128205128207,0.16510737342749432,100
22077,32142.04,17526,1822,1751,2.112145993413831,6 RIBBONS RUSTIC CHARM,-202.95000000000002,123.0,16.0,15.0,31939.09,0.0063141605199918864,0.007018144471071551,1.8339632545931759,18.35639063392347,0.1647428552905223,101
85152,31976.56,16603,1503,1460,2.3120425815036594,HAND OVER THE CHOCOLATE   SIGN ,-191.51000000000002,101.0,8.0,8.0,31785.050000000003,0.005989074497069103,0.006083237969041739,1.9259507317954587,21.901753424657535,0.16394831200738708,102
84029G,31927.13,7307,1103,1009,4.797742520398912,KNITTED UNION FLAG HOT WATER BOTTLE,-219.7,60.0,9.0,9.0,31707.43,0.006881294998955434,0.008211304228821678,4.369389626385658,31.64234886025768,0.16354794554648758,103
22622,32144.04,3240,602,571,11.506478405315614,BOX OF VINTAGE ALPHABET BLOCKS,-559.35,61.0,6.0,6.0,31584.690000000002,0.017401359629965616,0.018827160493827162,9.921000000000001,56.29429071803853,0.1629148486718315,104
48184,31551.32,4770,863,851,8.24324449594438,DOORMAT ENGLISH ROSE ,-86.07,11.0,5.0,5.0,31465.25,0.002727936580783308,0.002306079664570231,6.61453249475891,37.07558166862515,0.16229877330350073,105
85014B,31088.23,6196,917,900,6.706324972737186,RED RETROSPOT UMBRELLA,-105.10000000000001,18.0,12.0,12.0,30983.13,0.003380700670317995,0.002905100064557779,5.0174677211103935,34.542477777777776,0.15981198280969935,106
22697,31431.670000000002,10077,1402,1353,3.7931669044222542,GREEN REGENCY TEACUP AND SAUCER,-530.4000000000001,192.0,61.0,58.0,30901.27,0.01687469994435549,0.019053289669544508,3.1191495484767295,23.231093865484112,0.15938974629218797,107
23245,31118.550000000003,6345,876,873,5.883424657534246,SET OF 3 REGENCY CAKE TINS,-421.5,90.0,37.0,37.0,30697.050000000003,0.013544975585302012,0.014184397163120567,4.904420803782506,35.64553264604811,0.15833637295226408,108
22659,31142.57,16838,1146,1075,2.33174520069808,LUNCH BOX I LOVE LONDON,-581.55,341.0,23.0,22.0,30561.02,0.01867379602903678,0.020251811379023637,1.8495409193490913,28.969832558139533,0.1576347258294071,109
20679,30649.47,6256,736,715,6.670190217391305,EDWARDIAN PARASOL RED,-107.1,18.0,9.0,9.0,30542.370000000003,0.003494350799540742,0.002877237851662404,4.899211956521739,42.86639160839161,0.15753852852850816,110
22866,30323.640000000003,13723,1212,1083,2.321460396039604,HAND WARMER SCOTTY DOG DESIGN,-259.50000000000006,135.0,7.0,7.0,30064.140000000003,0.008557679750847855,0.009837499089120455,2.2096946731764193,27.999667590027702,0.15507180278004176,111
22158,30197.280000000002,9341,767,718,3.2089308996088657,3 HEARTS HANGING DECORATION RUSTIC,-242.85000000000002,83.0,16.0,15.0,29954.430000000004,0.00804211505142185,0.00888555829140349,3.2327673696606363,42.0574930362117,0.15450591506520944,112
21217,30393.48,2952,958,928,11.72446764091858,RED RETROSPOT ROUND CAKE TINS,-514.35,53.0,30.0,29.0,29879.13,0.01692303744092483,0.017953929539295393,10.295894308943089,32.7515948275862,0.15411751523905984,113
22501,30768.59,2637,780,762,13.67802564102564,PICNIC BASKET WICKER LARGE,-1186.85,134.0,35.0,33.0,29581.74,0.03857342829164417,0.05081532043989382,11.668028062191885,40.378727034120736,0.15258356803721881,114
22867,29484.320000000003,13426,1190,1054,2.3727226890756303,HAND WARMER BIRD DESIGN,-172.20000000000002,82.0,7.0,7.0,29312.120000000003,0.005840392452666366,0.006107552510055117,2.1960613734544916,27.97373814041746,0.15119285939012117,115
47590B,29532.93,5768,885,872,5.74025988700565,PINK HAPPY BIRTHDAY BUNTING,-293.05,57.0,10.0,10.0,29239.88,0.009922821745082524,0.009882108183079058,5.120133495145631,33.86803899082569,0.1508202431425641,116
23199,30450.690000000002,14908,986,978,2.5699290060851925,JUMBO BAG APPLES,-1309.25,723.0,21.0,21.0,29141.440000000002,0.042995741640008814,0.04849745103300242,2.0425737858867725,31.13567484662577,0.15031248645084874,117
22752,30736.75,3773,750,692,9.46928,SET 7 BABUSHKA NESTING BOXES,-1778.2,226.0,26.0,25.0,28958.55,0.05785257061986059,0.05989928438908031,8.146501457725947,44.41726878612717,0.14936913393817278,118
22492,28999.39,45593,747,732,0.7699464524765729,MINI PAINT SET VINTAGE ,-182.64999999999998,281.0,14.0,14.0,28816.739999999998,0.006298408345830722,0.006163226811133288,0.63604917421534,39.61665300546448,0.14863767338908546,119
48188,28775.21,4889,704,698,8.513323863636364,DOORMAT WELCOME PUPPIES,-101.25,13.0,7.0,6.0,28673.96,0.003518653730068347,0.0026590304765800776,5.885704643076293,41.22522922636103,0.14790120954874497,120
82483,30014.440000000002,5072,1170,1123,6.484000000000001,WOOD 2 DRAWER CABINET WHITE FINISH,-1689.8,284.0,86.0,82.0,28324.640000000003,0.056299567808028396,0.055993690851735015,5.917673501577288,26.727016918967056,0.14609940573373068,121
23355,28718.8,5816,796,782,5.271557788944723,HOT WATER BOTTLE KEEP CALM,-417.6,96.0,8.0,8.0,28301.2,0.014540997534715936,0.016506189821182942,4.937895460797799,36.72480818414322,0.14597850145849897,122
21977,28413.629999999997,56625,2056,1993,0.7137743190661479,PACK OF 60 PINK PAISLEY CAKE CASES,-117.3,219.0,11.0,11.0,28296.329999999998,0.004128300396675821,0.0038675496688741723,0.5017859602649006,14.256713497240339,0.14595338184158863,123
22467,28919.800000000003,12212,1142,1095,2.8481873905429067,GUMBALL COAT RACK,-665.55,294.0,65.0,65.0,28254.250000000004,0.023013644631014043,0.024074680641991485,2.368146085817229,26.410776255707766,0.14573633184578022,124
84978,28629.82,21819,1450,1425,1.512344827586207,HANGING HEART JAR T-LIGHT HOLDER,-417.72,361.0,51.0,51.0,28212.1,0.014590381637048365,0.01654521288785004,1.3121508776754205,20.091101754385964,0.14551892078771636,125
20719,28249.92,24901,1605,1573,1.154772585669782,WOODLAND CHARLOTTE BAG,-106.82,135.0,17.0,17.0,28143.1,0.0037812496460166967,0.005421469017308542,1.134489377936629,17.95926255562619,0.1451630165645514,126
82583,28324.61,13008,1224,1176,2.7702124183006536,HOT BATHS METAL SIGN,-204.09,107.0,15.0,13.0,28120.52,0.007205394884519151,0.00822570725707257,2.177476168511685,24.085552721088437,0.14504654819702872,127
21930,27888.86,13640,1364,1321,2.5202565982404694,JUMBO STORAGE BAG SKULLS,-11.49,6.0,6.0,6.0,27877.37,0.00041199245863760654,0.0004398826979472141,2.0446378299120234,21.111930355791067,0.1437923726627887,128
22624,28010.17,3232,1250,1219,9.36748,IVORY KITCHEN SCALES,-214.2,26.0,15.0,15.0,27795.969999999998,0.007647222419571178,0.008044554455445545,8.666512995049505,22.977990155865463,0.14337250884009842,129
22961,28218.239999999998,18069,1280,1200,1.884421875,JAM MAKING SET PRINTED,-444.59999999999997,344.0,14.0,13.0,27773.64,0.015755766482955704,0.01903813160661907,1.5616935082184957,23.515199999999997,0.14325732998063068,130
72741,27820.88,20113,948,920,1.7375949367088608,GRAND CHOCOLATECANDLE,-89.3,62.0,16.0,16.0,27731.58,0.003209819387452877,0.0030825834037687067,1.383228757520012,30.24008695652174,0.14304038314546666,131
20750,27523.12,3772,937,909,8.133970117395945,RED RETROSPOT MINI CASES,-144.6,20.0,9.0,9.0,27378.52,0.005253764834800705,0.005302226935312832,7.296691410392365,30.278459845984596,0.14121928828995037,132
84991,27321.37,54537,2216,2127,0.6662003610108304,60 TEATIME FAIRY CAKE CASES,-187.95,350.0,14.0,14.0,27133.42,0.006879230433905766,0.006417661404184315,0.5009694335955406,12.845025858015985,0.13995505459288174,133
22734,27039.82,9820,780,756,3.276076923076923,SET OF 6 RIBBONS VINTAGE CHRISTMAS,-86.7,30.0,4.0,4.0,26953.12,0.003206382291006375,0.003054989816700611,2.7535458248472504,35.76695767195767,0.139025061383655,134
71459,27090.51,33457,1025,1017,1.1172780487804879,HANGING JAM JAR T-LIGHT HOLDER,-257.28000000000003,327.0,35.0,35.0,26833.23,0.009497052657923385,0.009773739426726843,0.8097112711839076,26.637669616519172,0.13840666490082534,135
23201,27850.83,13366,911,906,2.3900109769484086,JUMBO BAG ALPHABET,-1076.02,594.0,14.0,14.0,26774.81,0.03863511428564247,0.044441119257818344,2.0837071674397727,30.74043046357616,0.1381053326585457,136
22835,28455.98,5524,1065,1011,5.650985915492958,HOT WATER BOTTLE I AM SO POORLY,-1744.8,408.0,11.0,11.0,26711.18,0.061315758585717306,0.07385952208544533,5.151335988414193,28.146369930761622,0.13777712706840092,137
22507,26626.56,5694,917,900,5.97020719738277,MEMO BOARD RETROSPOT  DESIGN,-118.1,24.0,13.0,13.0,26508.460000000003,0.004435420872992981,0.004214963119072708,4.676248682824026,29.58506666666667,0.13673149077680669,138
48111,26483.99,4301,742,720,8.818355795148248,DOORMAT 3 SMILEY CATS,-102.4,16.0,3.0,3.0,26381.59,0.0038664868850954858,0.00372006510113927,6.157635433620089,36.783319444444444,0.13607709122908293,139
20971,28966.21,22580,1193,1148,1.411542330259849,PINK BLUE FELT CRAFT TRINKET BOX,-2739.3199999999997,2571.0,12.0,12.0,26226.89,0.09456950011755075,0.11386182462356068,1.282825952170062,25.231890243902438,0.13527914364468263,140
20711,26183.0,12836,1064,1052,2.7283364661654135,JUMBO BAG TOYS ,-70.31,38.0,12.0,12.0,26112.69,0.0026853301760684416,0.002960423808039888,2.039809909629168,24.888783269961976,0.1346900963651835,141
82600,26168.760000000002,12887,1233,1201,2.4134063260340635,NO SINGING METAL SIGN,-83.80000000000001,43.0,7.0,7.0,26084.960000000003,0.003202291587373647,0.0033366958950880733,2.030632420268488,21.789142381348878,0.13454706413172896,142
22551,26420.75,15740,1355,1299,1.8139483394833948,PLASTERS IN TIN SPACEBOY,-435.15,287.0,18.0,18.0,25985.6,0.01647000936763718,0.018233799237611183,1.6785736975857688,20.339299461123943,0.1340345620503714,143
21080,26013.27,31801,2197,2123,1.0296586253982702,SET/20 RED RETROSPOT PAPER NAPKINS ,-433.66999999999996,653.0,11.0,11.0,25579.600000000002,0.016671106708230066,0.020533945473412786,0.8180016351687054,12.253071125765427,0.13194040096913984,144
22149,26783.86,12888,1443,1382,2.3923562023562024,FELTCRAFT 6 FLOWER FRIENDS,-1244.4,664.0,22.0,22.0,25539.46,0.04646081632744496,0.051520794537554315,2.078201427684668,19.380506512301015,0.13173335755583776,145
22084,25453.83,8870,835,811,3.293940119760479,PAPER CHAIN KIT EMPIRE,-299.45,111.0,4.0,4.0,25154.38,0.011764437807591234,0.012514092446448704,2.86965388951522,31.3857336621455,0.12974710250864407,146
22087,25507.120000000003,8513,877,847,3.478437856328392,PAPER BUNTING WHITE LACE,-465.40000000000003,159.0,11.0,11.0,25041.72,0.01824588585461628,0.018677317044520147,2.9962551391988725,30.114663518299885,0.1291659985987634,147
84755,25386.65,40703,1285,1259,0.8274863813229572,COLOUR GLASS T-LIGHT HOLDER HANGING,-415.35,729.0,28.0,28.0,24971.300000000003,0.01636096137142947,0.017910227747340492,0.6237046409355577,20.164138204924544,0.12880276996984635,148
37503,25428.33,2465,523,522,11.723193116634798,TEA TIME CAKE STAND IN GIFT BOX,-515.45,51.0,11.0,11.0,24912.88,0.020270698075728923,0.020689655172413793,10.315752535496959,48.71327586206897,0.12850143772756667,149
21481,26925.18,8537,1121,1050,3.764727921498662,FAWN BLUE HOT WATER BOTTLE,-2065.9,802.0,15.0,15.0,24859.28,0.07672743506264397,0.09394400843387607,3.153939322947171,25.643028571428573,0.12822496720058635,150
84077,25197.98,109898,1039,1019,0.2835899903753609,WORLD WAR 2 GLIDERS ASSTD DESIGNS,-361.68,1704.0,11.0,11.0,24836.3,0.014353531513240347,0.015505286720413474,0.2292851553258476,24.728145240431797,0.12810643562017576,151
22728,24858.52,6361,1015,969,4.531261083743842,ALARM CLOCK BAKELIKE PINK,-198.75,53.0,18.0,17.0,24659.77,0.00799524670012535,0.008332023266781953,3.907957868259708,25.653787409700723,0.1271958881924176,152
23173,24879.13,2766,421,416,11.119714964370546,REGENCY TEAPOT ROSES ,-436.4,52.0,13.0,13.0,24442.73,0.01754080629025211,0.018799710773680405,8.994624005784527,59.80560096153847,0.1260763888794361,153
84836,24563.170000000002,20057,1465,1408,1.3791331058020477,ZINC METAL HEART DECORATION,-127.5,102.0,9.0,9.0,24435.670000000002,0.005190698106148351,0.005085506307024978,1.2246681956424192,17.445433238636365,0.12603997317196441,154
22722,24459.960000000003,5972,848,835,4.675660377358491,SET OF 6 SPICE TINS PANTRY DESIGN,-141.70000000000002,36.0,13.0,13.0,24318.260000000002,0.005793141117156365,0.006028131279303416,4.095773610180844,29.29336526946108,0.1254343686090398,155
21231,24499.38,19672,1538,1482,1.5029908972691808,SWEETHEART CERAMIC TRINKET BOX,-388.93,323.0,73.0,71.0,24110.45,0.015875095614664533,0.016419276128507524,1.2453934526230175,16.531295546558706,0.12436247793344687,156
21527,25493.02,3414,858,831,8.867202797202797,RED RETROSPOT TRADITIONAL TEAPOT ,-1423.88,183.0,119.0,114.0,24069.14,0.05585371995942419,0.05360281195079086,7.467199765670768,30.6775210589651,0.12414939962244766,157
21790,24063.3,27904,1952,1888,1.0097694672131148,VINTAGE SNAP CARDS,-162.67,203.0,13.0,12.0,23900.63,0.006760086937369355,0.0072749426605504585,0.8623602350917431,12.745391949152541,0.12328021961309217,158
22698,24377.570000000003,8194,1040,1033,3.690692307692308,PINK REGENCY TEACUP AND SAUCER,-564.45,203.0,48.0,47.0,23813.120000000003,0.023154481763358693,0.02477422504271418,2.97505125701733,23.59880929332043,0.12282884021353904,159
21955,23949.35,3933,748,729,8.606336898395721,DOORMAT UNION JACK GUNS AND ROSES,-183.28,28.0,5.0,5.0,23766.07,0.007652817299843211,0.007119247393846936,6.089333841851004,32.85233196159122,0.1225861547975983,160
47590A,24542.88,4826,698,689,5.790916905444126,BLUE HAPPY BIRTHDAY BUNTING,-887.8000000000001,188.0,9.0,9.0,23655.08,0.036173423819861404,0.03895565685868214,5.08555325321177,35.62101596516691,0.12201366480152466,161
22605,23731.02,1845,652,642,14.846426380368097,WOODEN CROQUET GARDEN SET,-170.29999999999998,14.0,13.0,13.0,23560.72,0.007176261281647395,0.007588075880758808,12.862341463414634,36.964205607476636,0.12152695288126603,162
22625,23851.23,2719,985,950,9.803989847715735,RED KITCHEN SCALES,-299.2,37.0,21.0,21.0,23552.03,0.012544426429999627,0.01360794409709452,8.77205958072821,25.10655789473684,0.1214821295812761,163
20972,25080.59,20704,1446,1397,1.408609958506224,PINK CREAM FELT CRAFT TRINKET BOX ,-1553.3899999999999,1497.0,10.0,10.0,23527.2,0.061935943293200034,0.0723048686244204,1.2113886205564142,17.95317823908375,0.12135405564125891,164
23344,23772.07,10285,722,716,2.4177423822714683,JUMBO BAG 50'S CHRISTMAS ,-486.96000000000004,262.0,7.0,7.0,23285.11,0.020484543415865763,0.025473991249392317,2.311333981526495,33.201215083798886,0.12010534762117187,165
48173C,23295.82,4099,510,500,7.9067647058823525,DOORMAT BLACK FLOCK ,-55.93,7.0,4.0,4.0,23239.89,0.00240085989675401,0.0017077335935594047,5.68329348621615,46.59164,0.1198721014041933,166
84406B,23816.65,7383,886,841,3.71548532731377,CREAM CUPID HEARTS COAT HANGER,-689.1,226.0,13.0,12.0,23127.550000000003,0.028933540191420706,0.030610862792902614,3.2258770147636464,28.319441141498217,0.11929264806462297,167
22554,23276.56,13822,1326,1275,1.8725188536953243,PLASTERS IN TIN WOODLAND ANIMALS,-243.14999999999998,159.0,9.0,9.0,23033.41,0.010446131215265485,0.011503400376211836,1.6840225727101723,18.25612549019608,0.11880707091145269,168
21314,25253.850000000002,11647,1092,1066,2.7835531135531135,SMALL GLASS HEART TRINKET POT,-2303.1,1231.0,71.0,66.0,22950.750000000004,0.09119797575419192,0.10569245299218682,2.1682707993474715,23.690290806754223,0.1183807079681655,169
23243,23489.42,4800,471,470,5.866072186836518,SET OF TEA COFFEE SUGAR TINS PANTRY,-545.55,117.0,35.0,35.0,22943.87,0.02322534996606983,0.024375,4.893629166666666,49.977489361702126,0.11834522070649338,170
22113,23031.27,6020,1075,996,4.201116279069767,GREY HEART HOT WATER BOTTLE,-121.8,32.0,6.0,6.0,22909.47,0.005288462164700427,0.0053156146179402,3.825792358803987,23.123765060240963,0.1181677843981329,171
22607,23030.05,2544,755,744,10.042450331125828,WOODEN ROUNDERS GARDEN SET ,-133.55,16.0,8.0,8.0,22896.5,0.005798945291043659,0.006289308176100629,9.052692610062893,30.95436827956989,0.11810088472024231,172
22171,24081.66,3181,675,661,9.837170370370371,3 HOOK PHOTO SHELF ANTIQUE WHITE,-1212.1,154.0,32.0,32.0,22869.56,0.050332908943984754,0.0484124489154354,7.570468406161584,36.43216338880484,0.11796192733224138,173
21791,23926.98,18532,1368,1313,1.4930263157894736,VINTAGE HEADS AND TAILS CARD GAME ,-1156.25,1077.0,10.0,10.0,22770.73,0.048324109436293256,0.05811569177638679,1.2911169868335852,18.22313785224676,0.1174521590079603,174
20749,22703.16,3143,793,766,8.08327868852459,ASSORTED COLOUR MINI CASES,-101.75,13.0,10.0,10.0,22601.41,0.004481754962745274,0.004136175628380528,7.223404390709513,29.63859007832898,0.11657880099250678,175
21258,24089.84,1687,561,526,17.11465240641711,VICTORIAN SEWING BOX LARGE,-1504.3,134.0,44.0,42.0,22585.54,0.062445412671898196,0.07943094250148192,14.279691760521636,45.79817490494297,0.11649694302117886,176
22556,22651.23,13771,1245,1196,1.7768755020080322,PLASTERS IN TIN CIRCUS PARADE ,-196.35,119.0,20.0,19.0,22454.88,0.008668403437694112,0.008641347759785055,1.644850047200639,18.93915551839465,0.11582299453134211,177
21936,22818.09,7823,1062,1046,3.641478342749529,RED RETROSPOT PICNIC BAG,-391.75,143.0,24.0,24.0,22426.34,0.017168395777210098,0.01827943244279688,2.91679534705356,21.81461759082218,0.11567578429178953,178
22585,22847.67,18288,1168,1084,1.3805479452054794,PACK OF 6 BIRDY GIFT TAGS,-442.90999999999997,394.0,13.0,13.0,22404.76,0.019385346514546122,0.021544181977252844,1.2493257874015746,21.077186346863467,0.11556447395648661,179
22632,22334.47,11166,891,779,2.2058024691358025,HAND WARMER RED RETROSPOT,-73.60000000000001,36.0,13.0,12.0,22260.870000000003,0.0032953546692623555,0.0032240730789897904,2.000221207236253,28.67069319640565,0.11482228470038218,180
22969,22441.85,15075,753,709,1.7704116865869852,HOMEMADE JAM SCENTED CANDLES,-185.79999999999998,140.0,8.0,8.0,22256.05,0.008279174845211068,0.009286898839137645,1.4886799336650083,31.652820874471082,0.11479742298508282,181
22941,22619.82,2707,520,483,9.752403846153847,CHRISTMAS LIGHTS 10 REINDEER,-627.3000000000001,76.0,27.0,26.0,21992.52,0.027732316172277238,0.028075360177318064,8.35604728481714,46.83192546583851,0.11343812675420363,182
85014A,22024.5,4660,703,684,6.3242532005689895,BLACK/BLUE POLKADOT UMBRELLA,-47.6,8.0,2.0,2.0,21976.9,0.002161229539830643,0.0017167381974248926,4.726287553648069,32.199561403508774,0.11335755829093062,183
84970S,22057.379999999997,26756,1454,1425,1.0939133425034389,HANGING HEART ZINC T-LIGHT HOLDER,-105.19999999999999,125.0,14.0,14.0,21952.179999999997,0.00476937877481369,0.004671849304828823,0.8243900433547614,15.478863157894734,0.11323005173445759,184
22499,21898.74,3595,784,774,6.624655612244899,WOODEN UNION JACK BUNTING,-41.650000000000006,7.0,3.0,3.0,21857.09,0.0019019359104679083,0.0019471488178025036,6.091443671766343,28.29294573643411,0.11273957445067852,185
21210,21948.559999999998,15243,1185,1161,1.771603375527426,SET OF 72 RETROSPOT PAPER  DOILIES,-214.95,163.0,11.0,10.0,21733.609999999997,0.009793353185812646,0.010693433051236633,1.4399107787181,18.904875107665802,0.11210266063217982,186
21213,21661.75,40563,1526,1481,0.7428636959370906,PACK OF 72 SKULL CAKE CASES,-48.949999999999996,89.0,3.0,3.0,21612.8,0.002259743557191824,0.002194117792076523,0.534027315533861,14.62643484132343,0.11147951875970794,187
47566B,25954.45,5831,777,761,5.29936936936937,TEA TIME PARTY BUNTING,-4490.5,1635.0,11.0,11.0,21463.95,0.1730146468139375,0.2803978734350883,4.451114731606928,34.105716162943494,0.11071174566379338,188
23202,21810.43,10941,886,879,2.2962302483069976,JUMBO BAG VINTAGE LEAF,-442.46000000000004,242.0,6.0,6.0,21367.97,0.020286624335237775,0.022118636322091215,1.993458550406727,24.81277588168373,0.11021667773133867,189
22456,21859.23,4457,851,835,6.333678025851939,NATURAL SLATE CHALKBOARD LARGE ,-501.5,104.0,52.0,52.0,21357.73,0.022942253684141666,0.02333408122055194,4.904471617680054,26.178718562874252,0.11016385948140811,190
23209,21418.82,13170,1114,1098,1.8247576301615798,LUNCH BAG VINTAGE DOILY ,-65.80000000000001,40.0,11.0,11.0,21353.02,0.0030720646608916836,0.0030372057706909645,1.626334092634776,19.507122040072858,0.11013956514965292,191
85048,21779.2,2749,545,517,9.235522935779816,15CM CHRISTMAS GLASS BALL 20 LIGHTS,-732.1,98.0,53.0,50.0,21047.100000000002,0.03361464149280047,0.035649327028010186,7.922590032739178,42.12611218568666,0.10856161993297718,192
22294,20962.02,16923,918,861,1.4594553376906318,HEART FILIGREE DOVE  SMALL,-133.75,107.0,7.0,7.0,20828.27,0.0063805873670571825,0.0063227560125273296,1.2386704485020388,24.346132404181184,0.10743288774232225,193
22356,21243.09,20226,1618,1584,1.1596786155747836,CHARLOTTE BAG PINK POLKADOT,-430.74,582.0,27.0,27.0,20812.35,0.020276711156427808,0.02877484425986354,1.050286265203204,13.411041666666668,0.1073507718693833,194
21218,21079.56,5299,921,897,5.2968512486427795,RED SPOTTY BISCUIT TIN,-288.5,82.0,28.0,27.0,20791.06,0.013686243925395027,0.015474617852424986,3.9780260426495566,23.50006688963211,0.10724095736342415,195
48116,20787.72,3459,501,496,8.814650698602795,DOORMAT MULTICOLOUR STRIPE,-24.15,3.0,2.0,2.0,20763.57,0.0011617435678371653,0.0008673026886383347,6.009748482220295,41.910725806451616,0.10709916305770234,196
23206,20852.58,12147,1053,1036,2.0589553656220323,LUNCH BAG APPLE DESIGN,-97.15,59.0,13.0,13.0,20755.43,0.004658895925588105,0.0048571663785296785,1.7166856013830576,20.127972972972973,0.10705717667543332,197
22424,21267.71,1557,753,739,15.388207171314741,ENAMEL BREAD BIN CREAM,-570.45,47.0,26.0,26.0,20697.26,0.026822351818790086,0.03018625561978163,13.65941554271034,28.779039242219213,0.10675713394120857,198
85150,20650.38,8512,1144,1110,3.008575174825175,LADIES & GENTLEMEN METAL SIGN,-64.95,26.0,12.0,12.0,20585.43,0.0031452205722122305,0.0030545112781954886,2.4260314849624063,18.60394594594595,0.10618031119807034,199
21559,20612.52,8313,1264,1221,3.0598655063291136,STRAWBERRY LUNCH BOX WITH CUTLERY,-86.25,34.0,19.0,19.0,20526.27,0.004184350094020527,0.00408997955010225,2.4795525081198124,16.88167076167076,0.10587516201194805,200
20723,20640.22,18441,1408,1379,1.1400923295454546,STRAWBERRY CHARLOTTE BAG,-157.78,187.0,23.0,23.0,20482.440000000002,0.007644298365036806,0.010140447914972072,1.1192570901794914,14.967527193618565,0.10564908545975499,201
37449,22672.61,2415,491,477,11.190977596741343,CERAMIC CAKE STAND + HANGING CAKES,-2244.1,256.0,72.0,71.0,20428.510000000002,0.09897845903052184,0.10600414078674948,9.388244306418219,47.53167714884696,0.10537091278214213,202
22693,20499.08,17899,352,350,1.4624715909090908,GROW A FLYTRAP OR SUNFLOWER IN TIN,-90.0,72.0,2.0,2.0,20409.08,0.004390440936861556,0.004022571093357171,1.1452639812280017,58.5688,0.10527069221611177,203
21216,20484.03,3940,824,802,6.927584951456311,"SET 3 RETROSPOT TEA,COFFEE,SUGAR",-111.75,23.0,17.0,17.0,20372.28,0.005455469455961547,0.0058375634517766496,5.198992385786802,25.541184538653365,0.10508087663042376,204
22568,21022.75,5683,920,875,4.16325,FELTCRAFT CUSHION OWL,-725.1600000000001,212.0,9.0,9.0,20297.59,0.03449406000642162,0.03730424071793067,3.6992345592116838,24.026,0.10469562320392825,205
22570,21542.29,5795,851,807,4.310517038777908,FELTCRAFT CUSHION RABBIT,-1464.33,431.0,6.0,6.0,20077.96,0.06797466750285136,0.07437446074201898,3.7173925798101815,26.694287484510532,0.1035627645874975,206
22558,20136.65,14263,1245,1202,1.6692369477911646,CLOTHES PEGS RETROSPOT PACK 24 ,-130.71,91.0,15.0,15.0,20005.940000000002,0.006491149222934301,0.006380144429643133,1.4118102783425648,16.752620632279534,0.1031912831070288,207
22617,21138.14,4384,963,942,5.293592938733126,BAKING SET SPACEBOY DESIGN,-1152.5,244.0,68.0,67.0,19985.64,0.054522299502226784,0.055656934306569344,4.82165602189781,22.43963906581741,0.1030865750529672,208
22900,20459.510000000002,6349,785,723,3.6752356687898087, SET 2 TEA TOWELS I LOVE LONDON ,-552.5999999999999,216.0,11.0,11.0,19906.910000000003,0.027009444507713032,0.03402110568593479,3.222477555520555,28.29807745504841,0.10268048317630377,209
22381,19960.07,9442,1121,1100,2.7271543264942015,TOY TIDY PINK POLKADOT,-62.75,30.0,10.0,10.0,19897.32,0.0031437765498818393,0.003177292946409659,2.113966320694768,18.145518181818183,0.10263101764731604,210
21622,20080.49,3728,637,626,5.8304238618524336,VINTAGE UNION JACK CUSHION COVER,-217.8,44.0,18.0,17.0,19862.690000000002,0.010846348868976802,0.011802575107296138,5.386397532188842,32.07746006389777,0.102452394991545,211
21174,19838.71,9800,1169,1135,2.5277673224978616,POTTERING IN THE SHED METAL SIGN,-7.8,4.0,3.0,3.0,19830.91,0.00039317072531429715,0.00040816326530612246,2.024358163265306,17.479039647577093,0.1022884727276003,212
22569,20872.46,5717,835,784,4.215413173652695,FELTCRAFT CUSHION BUTTERFLY,-1170.63,345.0,5.0,5.0,19701.829999999998,0.05608490805587842,0.060346335490641945,3.650946300507259,26.623035714285713,0.1016226739286708,213
22413,19937.79,7037,904,881,3.314336283185841,METAL SIGN TAKE IT OR LEAVE IT ,-340.55,129.0,6.0,6.0,19597.24,0.017080629297429654,0.018331675429870683,2.833279806735825,22.630862656072647,0.10108319533880382,214
84997A,19693.32,5262,610,589,4.131295081967213,GREEN 3 PIECE MINI DOTS CUTLERY SET,-98.7,26.0,6.0,6.0,19594.62,0.005011851734496774,0.0049410870391486126,3.7425541619156215,33.43517826825127,0.10106968129438797,215
48129,19752.97,3145,553,543,8.23130198915009,DOORMAT TOPIARY,-159.15,23.0,4.0,4.0,19593.82,0.008057016236039442,0.007313195548489666,6.280753577106519,36.37747697974218,0.10106555486861216,216
22952,19775.579999999998,33719,1225,1144,0.7216571428571429,60 CAKE CASES VINTAGE CHRISTMAS,-241.2,552.0,5.0,5.0,19534.379999999997,0.012196860977023178,0.016370592247694177,0.5864818055102464,17.286346153846154,0.10075896143346828,217
22633,19521.13,9498,992,858,2.206280241935484,HAND WARMER UNION JACK,-92.4,44.0,11.0,9.0,19428.73,0.0047333325478596784,0.004632554221941461,2.0552884817856394,22.75189976689977,0.1002140153294483,218
21908,19479.510000000002,9839,1004,974,2.4692430278884463,CHOCOLATE THIS WAY METAL SIGN,-67.2,32.0,4.0,4.0,19412.31,0.0034497787675357335,0.0032523630450249008,1.9798262018497816,19.999496919917867,0.10012932044039949,219
71053,19654.86,4976,778,727,4.504113110539845,WHITE METAL LANTERN,-248.52,68.0,19.0,19.0,19406.34,0.012644200976247097,0.013665594855305467,3.9499316720257234,27.03557083906465,0.10009852698804739,220
22041,19371.46,7861,577,555,3.5406932409012133,"RECORD FRAME 7"" SINGLE SIZE ",-103.95,42.0,5.0,5.0,19267.51,0.0053661417363482155,0.005342831700801425,2.464248823304923,34.90353153153153,0.09938243737497503,221
21108,25859.050000000003,13087,634,613,3.0311041009463717,FAIRY CAKE FLANNEL ASSORTED COLOUR,-6614.370000000001,3159.0,4.0,4.0,19244.68,0.25578549869388084,0.24138458011767402,1.9759341331091926,42.18442088091354,0.0992646794993974,222
22555,19240.02,11882,1006,967,1.8095825049701788,PLASTERS IN TIN STRONGMAN,-66.0,40.0,8.0,8.0,19174.02,0.0034303498645011803,0.0033664366268305,1.6192577007237838,19.896608066184076,0.0989002129427476,223
22427,19463.56,3238,817,798,6.5401591187270505,ENAMEL FLOWER JUG CREAM,-291.5,50.0,20.0,20.0,19172.06,0.01497670518651264,0.015441630636195183,6.010982087708462,24.39042606516291,0.09889010319959683,224
22169,19930.8,2323,714,701,9.81439775910364,FAMILY ALBUM WHITE PICTURE FRAME,-765.85,96.0,37.0,35.0,19164.95,0.038425452064141934,0.041325871717606544,8.579767541971588,28.431954350927246,0.09885342959051419,225
22561,19740.54,11771,938,904,1.743507462686567,WOODEN SCHOOL COLOURING SET,-611.7,410.0,11.0,11.0,19128.84,0.03098699427675231,0.03483136521960751,1.6770486789567582,21.836880530973453,0.09866717304705785,226
84947,19055.54,16065,714,680,1.4445238095238098,ANTIQUE SILVER TEA GLASS ENGRAVED,-45.79,38.0,13.0,12.0,19009.75,0.002402975722545779,0.0023653906006847183,1.186152505446623,28.02285294117647,0.09805290299000399,227
21484,18949.600000000002,4764,917,864,4.5689094874591065,CHICK GREY HOT WATER BOTTLE,-199.35000000000002,63.0,5.0,4.0,18750.250000000004,0.010520010976484992,0.01322418136020151,3.9776658270361045,21.93240740740741,0.09671439362897054,228
21340,19398.11,1772,429,419,13.131445221445222,CLASSIC METAL BIRDCAGE PLANT HOLDER,-670.1,62.0,14.0,14.0,18728.010000000002,0.034544602541175404,0.034988713318284424,10.947014672686231,46.29620525059666,0.09659967899240257,229
21121,18930.58,15639,896,873,1.3577120535714287,SET/10 RED POLKADOT PARTY CANDLES,-212.5,170.0,9.0,9.0,18718.08,0.01122522394982087,0.01087026024681885,1.2104725366072,21.684513172966785,0.09654845973246014,230
84949,19479.36,12232,722,693,1.831426592797784,SILVER HANGING T-LIGHT HOLDER,-815.25,525.0,68.0,66.0,18664.11,0.04185199103050614,0.04292020928711576,1.5924918247220405,28.10874458874459,0.09627008073355849,231
22837,18742.170000000002,4008,532,450,5.29421052631579,HOT WATER BOTTLE BABUSHKA ,-157.65,37.0,2.0,2.0,18584.52,0.008411512647681672,0.009231536926147704,4.67619011976048,41.64926666666667,0.09585955294918602,232
84945,18596.55,22637,687,653,1.0794032023289664,MULTI COLOUR SILVER T-LIGHT HOLDER,-141.73,156.0,32.0,32.0,18454.82,0.007621306102475997,0.006891372531695896,0.8215112426558289,28.47863705972435,0.09519055617028026,233
21035,18951.77,6079,959,929,4.046631908237748,SET/2 RED RETROSPOT TEA TOWELS ,-570.65,207.0,5.0,5.0,18381.12,0.030110644019001917,0.03405165323243955,3.1175801941108734,20.400182992465016,0.09481040919568232,234
21430,18514.2,4741,833,814,4.747923169267707,SET/3 RED GINGHAM ROSE STORAGE BOX,-230.28,64.0,24.0,22.0,18283.920000000002,0.012438020546391418,0.013499261759122548,3.905125500949167,22.744717444717445,0.0943090484639195,235
22505,18318.08,3818,769,744,5.493797139141743,MEMO BOARD COTTAGE DESIGN,-94.05,19.0,12.0,12.0,18224.030000000002,0.005134271714066102,0.00497642744892614,4.797820848611839,24.621075268817208,0.09400013391427675,236
22061,19260.67,2185,526,520,11.210817490494296,LARGE CAKE STAND  HANGING STRAWBERY,-1068.85,115.0,65.0,63.0,18191.82,0.0554939158398955,0.05263157894736842,8.814951945080091,37.03975,0.09383399369647756,237
22560,18270.55,15192,776,742,1.3755798969072166,TRADITIONAL MODELLING CLAY,-191.2,175.0,4.0,4.0,18079.35,0.010464928532529125,0.011519220642443392,1.2026428383359662,24.623382749326144,0.09325386981271865,238
21914,18194.35,13308,1006,963,1.453886679920477,BLUE HARMONICA IN BOX ,-180.0,144.0,6.0,5.0,18014.35,0.009893181124909656,0.010820559062218215,1.367173880372708,18.893406022845273,0.0929185977184328,239
22847,18890.09,1191,493,482,17.180182555780934,BREAD BIN DINER STYLE IVORY,-948.05,59.0,39.0,36.0,17942.04,0.0501876910062366,0.04953820319059614,15.860696893366919,39.19105809128631,0.09254562040862037,240
22352,18067.420000000002,7172,1144,1117,3.14256993006993,LUNCH BOX WITH CUTLERY RETROSPOT ,-165.3,65.0,18.0,18.0,17902.120000000003,0.009149065002086629,0.009063022866703848,2.5191606246514224,16.174950760966876,0.09233971176240668,241
22654,18135.920000000002,2682,627,597,7.406602870813398,DELUXE SEWING KIT ,-317.3,54.0,27.0,25.0,17818.620000000003,0.01749566605940035,0.020134228187919462,6.762087994034303,30.378425460636517,0.09190901607205486,242
22557,17797.96,10598,1191,1126,1.831150293870697,PLASTERS IN TIN VINTAGE PAISLEY ,-132.0,80.0,10.0,9.0,17665.96,0.007416580327183565,0.007548594074353651,1.6793696923947914,15.806358792184724,0.0911215908733829,243
47591D,17685.22,9513,1171,1140,2.1218104184457727,PINK FAIRY CAKE CHILDRENS APRON,-23.4,12.0,5.0,5.0,17661.82,0.0013231387565435994,0.001261431725007884,1.859058130978661,15.513350877192984,0.09110023661999302,244
20718,17730.0,13481,1229,1213,1.657225386493084,RED RETROSPOT SHOPPER BAG,-71.74,58.0,9.0,9.0,17658.26,0.004046249294980259,0.004302351457607002,1.3151843335064164,14.616652926628195,0.09108187402529058,245
22297,17926.6,13871,1015,969,1.6510443349753694,HEART IVORY TRELLIS SMALL,-343.75,275.0,6.0,6.0,17582.85,0.01917541530463111,0.019825535289452814,1.29237978516329,18.500103199174404,0.0906929068155968,246
21889,17612.57,13212,1180,1123,1.5617881355932204,WOODEN BOX OF DOMINOES,-193.75,155.0,13.0,13.0,17418.82,0.01100066600161135,0.011731759006963367,1.3330737208598245,15.683499554764024,0.08984683479058594,247
84467,17477.66,816,83,83,24.040602409638552,ENGLISH ROSE DESIGN QUILTED THROW,-79.9,2.0,1.0,1.0,17397.76,0.00457155019607888,0.0024509803921568627,21.418700980392156,210.5742168674699,0.08973820663203733,248
21156,17487.36,9391,959,930,2.2424191866527634,RETROSPOT CHILDRENS APRON,-142.35,73.0,16.0,16.0,17345.010000000002,0.008140165239350022,0.007773400063890959,1.8621403471408797,18.803612903225808,0.08946612043244384,249
21136,17661.149999999998,10606,762,739,1.9948293963254593,PAINTED METAL PEARS ASSORTED,-329.36999999999995,225.0,4.0,4.0,17331.78,0.018649408447354788,0.021214406939468227,1.6652036583066188,23.898714479025706,0.0893978796661761,250
84970L,17359.49,17561,1107,1080,1.2471906052393855,SINGLE HEART ZINC T-LIGHT HOLDER,-34.2,36.0,3.0,3.0,17325.29,0.001970103960427409,0.002049997152781732,0.9885251409373044,16.073601851851855,0.08936440403706972,251
84992,17440.21,35109,1529,1460,0.6881164159581427,72 SWEETHEART FAIRY CAKE CASES,-175.33,410.0,7.0,7.0,17264.879999999997,0.010053204634577222,0.01167791734313139,0.49674470933378906,11.945349315068492,0.08905280731067267,252
22147,18358.85,13129,1212,1132,1.6293069306930694,FELTCRAFT BUTTERFLY HEARTS,-1142.8000000000002,904.0,13.0,13.0,17216.05,0.06224790768484956,0.06885520603244726,1.3983433620230024,16.218065371024732,0.08880094059738071,253
22366,17423.17,2561,577,568,9.080623916811092,DOORMAT AIRMAIL ,-209.97000000000003,29.0,4.0,4.0,17213.199999999997,0.012051193898699264,0.011323701679031628,6.803268254588051,30.674595070422534,0.08878624020555433,254
22652,17237.23,10146,872,830,1.9096559633027523,TRAVEL SEWING KIT,-92.4,56.0,11.0,11.0,17144.829999999998,0.005360490055536766,0.005519416518825153,1.6989187857283659,20.767746987951806,0.08843358554268782,255
22776,18074.68,1762,711,691,11.17436005625879,SWEETHEART CAKESTAND 3 TIER,-1240.3,135.0,52.0,51.0,16834.38,0.0686208552516559,0.07661748013620885,10.258047673098751,26.15727930535456,0.08683227444005646,256
23240,17000.17,4177,546,536,4.445494505494506,SET OF 4 KNICK KNACK TINS DOILY ,-206.7,50.0,17.0,17.0,16793.469999999998,0.012158701942392342,0.011970313622216903,4.069947330620062,31.71673507462686,0.08662125934194516,257
21164,16812.300000000003,6040,736,721,3.284035326086957,HOME SWEET HOME METAL SIGN ,-64.9,22.0,5.0,5.0,16747.4,0.0038602689697423906,0.003642384105960265,2.783493377483444,23.318030513176147,0.08638362879757981,258
22273,20301.52,7398,836,810,3.3111602870813397,FELTCRAFT DOLL MOLLY,-3571.6499999999996,1467.0,10.0,8.0,16729.870000000003,0.17593017665672323,0.19829683698296838,2.74419032170857,25.063604938271606,0.08629320849276703,259
21535,16842.1,6778,1134,1111,2.8644708994708994,RED RETROSPOT SMALL MILK JUG,-238.35,94.0,49.0,48.0,16603.75,0.014152035672511148,0.013868397757450576,2.484818530539982,15.159405940594057,0.0856426774692081,260
35004C,17027.23,3280,365,355,7.684438356164384,SET OF 3 COLOURED  FLYING DUCKS,-436.1,90.0,33.0,31.0,16591.13,0.0256119169119111,0.027439024390243903,5.191228658536585,47.964028169014085,0.08557758310259445,261
21533,16814.37,3385,973,954,5.447029804727647,RETRO SPOT LARGE MILK JUG,-389.85,83.0,33.0,32.0,16424.52,0.023185525238233726,0.024519940915805023,4.967317577548005,17.625125786163522,0.08471820335445654,262
72760B,16569.55,1714,503,494,10.832485089463221,VINTAGE CREAM 3 BASKET CAKE STAND,-170.34,20.0,5.0,5.0,16399.21,0.010280303327489282,0.011668611435239206,9.66718203033839,33.5415991902834,0.08458765355897385,263
22993,16478.48,12649,1090,1073,1.497788990825688,SET OF 4 PANTRY JELLY MOULDS,-85.0,68.0,9.0,9.0,16393.48,0.005158242750544953,0.0053759190449837934,1.302749624476243,15.357390493942217,0.0845580980343545,264
84375,16463.22,7889,835,796,2.5191616766467066,SET OF 20 KIDS COOKIE CUTTERS,-120.89999999999999,61.0,5.0,5.0,16342.320000000002,0.0073436423737276175,0.007732285460768158,2.0868576498922553,20.68243718592965,0.08429421310599046,265
22662,16368.31,10037,1022,994,1.9219765166340508,LUNCH BAG DOLLY GIRL DESIGN,-112.2,68.0,10.0,10.0,16256.109999999999,0.006854708885645495,0.006774932748829332,1.630797050911627,16.467112676056338,0.08384953914832302,266
22296,16260.51,9855,872,833,1.8192316513761466,HEART IVORY TRELLIS LARGE,-13.2,8.0,3.0,3.0,16247.31,0.0008117826562635489,0.0008117706747843734,1.6499756468797564,19.520420168067226,0.08380414846478894,267
22619,16212.32,4154,740,708,4.475837837837838,SET OF 6 SOLDIER SKITTLES,-37.5,10.0,3.0,3.0,16174.82,0.0023130557501949136,0.002407318247472316,3.9028213769860374,22.898757062146892,0.08343024270917694,268
23301,16327.35,8807,920,913,1.9439673913043478,GARDENERS KNEELING PAD KEEP CALM ,-168.89999999999998,114.0,11.0,11.0,16158.45,0.0103446058300949,0.012944248892926082,1.853905983876462,17.88318729463308,0.08334580572173911,269
22759,16176.039999999999,9523,838,795,1.983436754176611,SET OF 3 NOTEBOOKS IN PARCEL,-42.900000000000006,26.0,3.0,3.0,16133.14,0.0026520705932972476,0.002730232069725927,1.6986285834295913,20.347220125786162,0.0832152559262564,270
22367,16060.91,8153,1184,1156,2.2629138513513514,CHILDRENS APRON SPACEBOY DESIGN,-99.45,51.0,13.0,13.0,15961.46,0.006192052629645519,0.0062553661228995465,1.969938672881148,13.893520761245675,0.0823297249547642,271
22193,16296.48,1931,630,617,9.200460317460317,RED DINER WALL CLOCK,-336.59999999999997,41.0,19.0,18.0,15959.88,0.020654767164442873,0.021232522009321596,8.439399274987053,26.412447325769854,0.08232157526385694,272
22487,16549.399999999998,1645,909,898,10.736754675467546,WHITE WOOD GARDEN PLANT LADDER,-635.6,70.0,37.0,37.0,15913.799999999997,0.03840622620759666,0.0425531914893617,10.060425531914893,18.429175946547883,0.08208389313916938,273
21155,16475.41,6726,988,969,2.837236842105263,RED RETROSPOT PEG BAG,-562.69,263.0,25.0,25.0,15912.72,0.03415332304325052,0.03910199226880761,2.449510853404698,17.0024871001032,0.08207832246437202,274
22690,15922.33,2540,444,437,8.221644144144143,DOORMAT HOME SWEET HOME BLUE ,-48.3,6.0,4.0,4.0,15874.03,0.0030334756282529,0.002362204724409449,6.268633858267717,36.43553775743707,0.08187875819778867,275
22940,16009.289999999999,3653,637,586,4.549215070643642,FELTCRAFT CHRISTMAS FAIRY,-146.25,45.0,9.0,7.0,15863.039999999999,0.00913532080435797,0.012318642211880646,4.3825047905830825,27.31960750853242,0.08182207142369324,276
23313,15798.66,2990,408,401,5.548627450980392,VINTAGE CHRISTMAS BUNTING,-64.35,13.0,2.0,2.0,15734.31,0.004073130252818909,0.004347826086956522,5.283832775919732,39.39815461346633,0.0811580779360407,277
22749,15729.83,3855,722,685,4.080124653739612,FELTCRAFT PRINCESS CHARLOTTE DOLL,-3.75,1.0,1.0,1.0,15726.08,0.0002384005421546196,0.00025940337224383917,4.080370946822309,22.963255474452556,0.08111562733087188,278
21891,15713.0,12249,884,835,1.5398868778280543,TRADITIONAL WOODEN SKIPPING ROPE,-121.82,96.0,14.0,13.0,15591.18,0.007752816139502322,0.007837374479549351,1.2827985958037391,18.817964071856288,0.08041980878442327,279
22365,15503.93,2355,455,443,8.937560439560439,DOORMAT RESPECTABLE HOUSE,-22.65,3.0,2.0,2.0,15481.28,0.001460919908694118,0.0012738853503184713,6.583409766454353,34.99758465011287,0.07985294104346921,280
84378,15567.38,11761,1292,1248,1.598049535603715,SET OF 3 HEART COOKIE CUTTERS,-131.06,105.0,10.0,9.0,15436.32,0.008418886158107531,0.008927812260862172,1.3236442479381005,12.47386217948718,0.0796210359148678,281
22909,15760.83,17684,1173,1086,0.976768968456948,SET OF 20 VINTAGE CHRISTMAS NAPKINS,-334.22,470.0,12.0,12.0,15426.61,0.021205735992330357,0.026577697353539924,0.8912480208097715,14.512734806629835,0.07957095142201372,282
21844,15518.320000000002,5430,506,494,3.3184387351778657,RED RETROSPOT MUG,-141.20000000000002,48.0,25.0,25.0,15377.12,0.009098923079302398,0.008839779005524863,2.857885819521179,31.4136032388664,0.0793156804074567,283
22173,15768.95,5137,1032,997,3.7300193798449612,METAL 4 HOOK HANGER FRENCH CHATEAU,-399.71999999999997,146.0,10.0,10.0,15369.230000000001,0.025348548888797284,0.02842125754331322,3.0696807475180066,15.816399197592778,0.07927498353324264,284
22692,16024.84,2139,609,606,9.50095238095238,DOORMAT WELCOME TO OUR HOME,-665.0500000000001,143.0,3.0,3.0,15359.79,0.04150119439570068,0.06685366993922394,7.491743805516597,26.443630363036302,0.07922629170908788,285
22730,15534.04,3868,782,746,4.406202046035806,ALARM CLOCK BAKELIKE IVORY,-221.25,59.0,15.0,14.0,15312.79,0.014242914270852914,0.015253360910031023,4.016039296794209,20.823109919571046,0.07898386419475811,286
84050,15419.17,10514,744,715,2.163010752688172,PINK HEART SHAPE EGG FRYING PAN,-108.55000000000001,67.0,14.0,13.0,15310.62,0.007039937947373303,0.006372455773254708,1.466536998287997,21.565272727272728,0.07897267126484118,287
22634,16223.5,1717,516,499,10.153817829457363,CHILDS BREAKFAST SET SPACEBOY ,-926.1999999999999,96.0,54.0,53.0,15297.3,0.05709002373100749,0.05591147350029121,9.448747815958066,32.512024048096194,0.07890396627567368,288
21165,15351.35,9445,1006,966,2.1389363817097413,BEWARE OF THE CAT METAL SIGN ,-82.59,51.0,6.0,6.0,15268.76,0.005379982867956238,0.005399682371625199,1.6253414505029116,15.891666666666667,0.0787567560361211,289
21975,15330.25,31481,1341,1303,0.6315436241610739,PACK OF 60 DINOSAUR CAKE CASES,-62.459999999999994,119.0,5.0,4.0,15267.79,0.00407429754896365,0.0037800578126488994,0.4869683301038722,11.765349194167307,0.07875175274486793,290
21094,15723.119999999999,20160,1006,984,0.9862524850894632,SET/6 RED SPOTTY PAPER PLATES,-495.24,762.0,5.0,5.0,15227.88,0.03149756536870545,0.037797619047619045,0.7799166666666666,15.978780487804878,0.07854589567897641,291
22170,15800.66,2406,583,575,7.438610634648371,PICTURE FRAME WOOD TRIPLE PORTRAIT,-581.9,90.0,27.0,27.0,15218.76,0.0368275755569704,0.03740648379052369,6.567190357439734,27.479408695652175,0.078498854425132,292
21122,15280.06,12601,830,807,1.3407831325301203,SET/10 PINK POLKADOT PARTY CANDLES,-91.25,73.0,4.0,4.0,15188.81,0.0059718351891288384,0.005793191016585985,1.2126069359574636,18.934399008674102,0.07834437136014952,293
82582,15426.070000000002,7620,824,796,2.3619053398058254,AREA PATROLLED METAL SIGN,-241.38,129.0,8.0,8.0,15184.690000000002,0.015647536929366972,0.016929133858267716,2.024418635170604,19.379484924623117,0.07832312026740403,294
22946,15451.32,990,285,275,18.690842105263155,WOODEN ADVENT CALENDAR CREAM,-390.3,26.0,14.0,14.0,15061.02,0.025259977788305465,0.026262626262626262,15.607393939393939,56.18661818181818,0.07768522642278357,295
35970,15177.83,8400,711,692,2.2645007032348805,ZINC FOLKART SLEIGH BELLS,-122.86000000000001,74.0,7.0,7.0,15054.97,0.008094701284702755,0.008809523809523809,1.8068845238095237,21.93328034682081,0.07765402032785387,296
22635,16093.99,1689,505,485,10.311861386138613,CHILDS BREAKFAST SET DOLLY GIRL ,-1113.4499999999998,124.0,26.0,25.0,14980.54,0.0691842110005039,0.07341622261693309,9.52870929544109,33.183484536082474,0.07727010798973549,297
21877,16083.97,14154,772,755,1.5771761658031087,HOME SWEET HOME MUG,-1176.8200000000002,1086.0,23.0,23.0,14907.15,0.07316725907844893,0.07672742687579483,1.1363550939663698,21.303271523178807,0.07689156000512568,298
22179,14953.75,2093,587,566,8.470681431005112,SET 10 LIGHTS NIGHT OWL,-217.85,35.0,11.0,11.0,14735.9,0.01456825211067458,0.016722408026755852,7.144648829431438,26.420053003533567,0.07600824698748798,299
17003,14948.75,71394,475,456,0.30286315789473683,BROCADE RING PURSE ,-215.78,740.0,6.0,6.0,14732.97,0.014434651726733005,0.010365016668067344,0.20938384177942124,32.78234649122807,0.07599313395308402,300
21912,14934.74,3791,849,828,4.695017667844523,VINTAGE SNAKES & LADDERS,-285.0,76.0,3.0,3.0,14649.74,0.019083023875875977,0.020047480875758375,3.9395251912424163,18.037125603864734,0.07556383093143154,301
22485,14779.84,1109,423,419,14.747163120567377,SET OF 2 WOODEN MARKET CRATES,-165.75,13.0,8.0,8.0,14614.09,0.011214600428692056,0.011722272317403066,13.327177637511271,35.274081145584724,0.07537994708279631,302
21770,14807.300000000001,2991,652,651,5.4356748466257665,OPEN CLOSED METAL SIGN,-212.4,48.0,4.0,4.0,14594.900000000001,0.014344276134069005,0.0160481444332999,4.950618522233367,22.74546850998464,0.07528096444449871,303
22606,14913.84,1071,379,374,16.356464379947226,WOODEN SKITTLES GARDEN SET,-430.7,34.0,17.0,17.0,14483.14,0.028879215547437814,0.031746031746031744,13.92515406162465,39.87657754010695,0.07470450276361584,304
21672,14479.91,11172,834,815,1.5954316546762588,WHITE SPOT RED CERAMIC DRAWER KNOB,-81.3,62.0,8.0,8.0,14398.61,0.005614675781824611,0.0055495882563551735,1.2960893304690297,17.766760736196318,0.07426849430007766,305
21169,14397.69,8924,806,772,2.1370099255583126,YOU'RE CONFUSING ME METAL SIGN ,-54.57,33.0,9.0,9.0,14343.12,0.0037901913431946373,0.003697893321380547,1.6133673240699238,18.649857512953368,0.07398227509220194,306
20748,14317.98,1604,187,183,12.391069518716579,KENSINGTON COFFEE SET,0.0,0.0,0.0,0.0,14317.98,0.0,0.0,8.92642144638404,78.24032786885246,0.07385260216219662,307
21259,14456.980000000001,2395,680,655,6.948397058823529,VICTORIAN SEWING BOX SMALL ,-155.65,27.0,17.0,17.0,14301.330000000002,0.010766425629695828,0.01127348643006263,6.03631732776618,22.071725190839697,0.07376672092573726,308
21257,14434.18,1587,551,532,10.56185117967332,VICTORIAN SEWING BOX MEDIUM,-205.3,27.0,15.0,15.0,14228.880000000001,0.014223184136542569,0.017013232514177693,9.09526149968494,27.131917293233084,0.07339302149141404,309
22627,14356.68,1634,669,653,9.513004484304933,MINT KITCHEN SCALES,-134.21,17.0,15.0,14.0,14222.470000000001,0.009348261575796076,0.01040391676866585,8.786217870257039,21.985727411944872,0.07335995850488523,310
22444,14229.9,10416,470,453,1.5860851063829786,GROW YOUR OWN PLANT IN A CAN ,-143.75,115.0,10.0,9.0,14086.15,0.010101968390501691,0.011040706605222734,1.3661578341013825,31.41258278145695,0.07265681555268452,311
84380,14329.029999999999,10533,1146,1114,1.673542757417103,SET OF 3 BUTTERFLY COOKIE CUTTERS,-266.39,231.0,10.0,9.0,14062.64,0.01859093043981344,0.02193107376815722,1.3603939998101204,12.862684021543984,0.07253555021519745,312
22295,14108.2,8547,741,706,1.8314709851551956,HEART FILIGREE DOVE LARGE,-99.0,60.0,5.0,4.0,14009.2,0.0070171956734381416,0.00702000702000702,1.6506610506610508,19.98328611898017,0.07225990497337229,313
23200,14188.960000000001,7067,598,595,2.4302508361204014,JUMBO BAG PEARS,-243.63000000000002,134.0,6.0,6.0,13945.330000000002,0.01717039162842097,0.01896136974671006,2.0077769916513373,23.846991596638656,0.07193046145549481,314
85232B,15436.48,3082,552,539,5.7597826086956525,SET/3 RUSSIAN DOLL STACKING TINS,-1502.75,305.0,29.0,29.0,13933.73,0.09735056178610668,0.09896171317326412,5.00859182349124,28.639109461966605,0.07187062828174533,315
21098,14174.210000000001,9007,654,596,1.639327217125382,CHRISTMAS TOILET ROLL,-246.39,219.0,6.0,6.0,13927.820000000002,0.01738297936886782,0.024314422116131898,1.5736882424780727,23.782231543624164,0.07184014431132642,316
22109,14197.68,3431,670,642,5.1575522388059705,FULL ENGLISH BREAKFAST PLATE,-271.26,78.0,18.0,18.0,13926.42,0.019105938435011915,0.02273389682308365,4.138058874963567,22.114766355140187,0.07183292306621872,317
22333,15865.82,10165,715,697,1.8615664335664335,RETROSPOT PARTY BAG + STICKER SET,-1951.1999999999998,1328.0,24.0,22.0,13914.619999999999,0.12298135236628172,0.13064436792916873,1.5608283325135268,22.763012912482065,0.07177205828602529,318
21668,13958.039999999999,10391,839,825,1.6430274135876044,RED STRIPE CERAMIC DRAWER KNOB,-106.42,87.0,12.0,12.0,13851.619999999999,0.007624279626652453,0.008372630160716004,1.3432816860744874,16.918836363636363,0.07144710225617901,319
21669,13971.07,10669,830,805,1.5681927710843373,BLUE STRIPE CERAMIC DRAWER KNOB,-147.32,106.0,13.0,13.0,13823.75,0.010544646902492079,0.009935326647295904,1.3095013590777018,17.35536645962733,0.07130334789821367,320
21888,14152.84,3581,853,825,4.620257913247362,BINGO SET,-378.75,101.0,11.0,10.0,13774.09,0.02676141325698588,0.02820441217537001,3.9522032951689474,17.154957575757575,0.0710472000181793,321
22191,16454.05,1995,635,620,8.721811023622047,IVORY DINER WALL CLOCK,-2703.8500000000004,350.0,22.0,22.0,13750.199999999999,0.16432732366803313,0.17543859649122806,8.247644110275688,26.538790322580645,0.0709239746284487,322
22621,13847.06,8764,902,875,1.817649667405765,TRADITIONAL KNITTING NANCY,-114.05,85.0,7.0,7.0,13733.01,0.008236405417467679,0.009698767685988133,1.5799931538110452,15.825211428571428,0.07083530805459065,323
23077,13695.77,10395,344,344,1.345436046511628,DOUGHNUT LIP GLOSS ,-75.0,60.0,3.0,3.0,13620.77,0.005476143363972964,0.005772005772005772,1.3175343915343916,39.81328488372093,0.0702563705182423,324
22667,14014.100000000002,4990,889,848,2.9895500562429698,RECIPE BOX RETROSPOT ,-393.50000000000006,138.0,38.0,38.0,13620.600000000002,0.028078863430402237,0.027655310621242483,2.8084368737474956,16.52606132075472,0.07025549365276494,325
22150,14800.449999999999,7948,986,938,2.2067545638945236,3 STRIPEY MICE FELTCRAFT,-1264.8,764.0,9.0,9.0,13535.65,0.08545686110895277,0.0961248112732763,1.8621602918973326,15.778731343283582,0.06981731881569445,326
21390,13590.47,10967,607,588,1.4597693574958814,FILIGRIS HEART WITH BUTTERFLY,-93.75,75.0,4.0,4.0,13496.72,0.006898216176482491,0.006838697911917571,1.2392149174797118,23.113044217687072,0.06961651662137831,327
23343,13972.710000000001,6078,486,476,2.417366255144033,JUMBO BAG VINTAGE CHRISTMAS ,-505.68,271.0,7.0,7.0,13467.03,0.03619054571375202,0.04458703520895031,2.298899308983218,29.354432773109245,0.069463374644773,328
21539,13769.44,2767,732,709,5.771953551912568,RED RETROSPOT BUTTER DISH,-334.31,70.0,49.0,49.0,13435.130000000001,0.02427912827246424,0.02529815684857246,4.976306469100108,19.42093088857546,0.06929883341696194,329
22207,13715.91,3185,495,480,5.59929292929293,FRYING PAN UNION FLAG,-324.75,85.0,6.0,6.0,13391.16,0.023676883269137812,0.026687598116169546,4.306408163265306,28.5748125,0.06907203474025811,330
C2,13676.0,273,272,267,50.213235294117645,CARRIAGE,-290.0,7.0,7.0,7.0,13386.0,0.021205030710734134,0.02564102564102564,50.095238095238095,51.22097378277154,0.06904541929400404,331
21673,13497.51,10221,781,763,1.6333546734955184,WHITE SPOT BLUE CERAMIC DRAWER KNOB,-143.95,103.0,8.0,8.0,13353.56,0.010664930050061085,0.010077291850112514,1.3205664807748754,17.690052424639582,0.0688780927287943,332
22636,13761.73,1657,506,489,8.798083003952568,CHILDS BREAKFAST SET CIRCUS PARADE,-409.7,49.0,25.0,24.0,13352.029999999999,0.029770966295661956,0.029571514785757393,8.305208207604103,28.142597137014313,0.06887020093949804,333
22271,14156.300000000001,4945,809,787,3.2830160692212607,FELTCRAFT DOLL ROSIE,-839.2,304.0,7.0,7.0,13317.1,0.05928102682198032,0.06147623862487361,2.862750252780587,17.987674714104195,0.06869003087406104,334
22846,13750.369999999999,855,357,346,17.643557422969188,BREAD BIN DINER STYLE RED ,-450.59999999999997,28.0,19.0,19.0,13299.769999999999,0.03277002727926594,0.03274853801169591,16.08230409356725,39.740953757225434,0.06860064217569223,335
47556B,13691.02,5201,452,449,3.198761061946903,TEA TIME TEA TOWELS ,-402.6,156.0,3.0,3.0,13288.42,0.029406136284951742,0.029994231878484906,2.6323822341857337,30.49224944320713,0.0685420985099977,336
23356,13334.32,2359,486,476,6.205617283950618,LOVE HOT WATER BOTTLE,-53.55,9.0,2.0,2.0,13280.77,0.004015952819491357,0.0038151759220008477,5.652530733361594,28.01327731092437,0.06850263956351636,337
23328,13269.49,2841,409,405,4.845672371638142,SET 6 SCHOOL MILK BOTTLES IN CRATE,-29.64,8.0,5.0,5.0,13239.85,0.002233695492441684,0.0028159098908834917,4.670711017247448,32.76417283950617,0.06829157288508289,338
22198,13580.83,7793,690,646,2.0686376811594203,LARGE POPCORN HOLDER ,-350.2,216.0,64.0,62.0,13230.63,0.025786347373466863,0.027717182086487872,1.7426960092390607,21.02295665634675,0.06824401582801648,339
22553,13405.51,8009,1148,1090,1.9123780487804878,PLASTERS IN TIN SKULLS,-198.0,120.0,11.0,10.0,13207.51,0.014770046048229422,0.014983143963041578,1.6738057185666126,12.298633027522936,0.06812476212309512,340
15044A,13210.85,4964,250,250,3.5974,PINK PAPER PARASOL ,-8.05,3.0,2.0,2.0,13202.800000000001,0.0006093476195702775,0.0006043513295729251,2.6613315874294923,52.8434,0.06810046779133995,341
35400,13999.1,1435,423,419,10.473995271867611,WOODEN BOX ADVENT CALENDAR ,-806.3,94.0,47.0,45.0,13192.800000000001,0.05759655977884292,0.06550522648083623,9.755470383275261,33.41073985680191,0.06804888746914213,342
21935,13353.81,7209,948,921,2.334862869198312,SUKI  SHOULDER BAG,-196.15,131.0,4.0,4.0,13157.66,0.01468869184150441,0.018171729782216674,1.8523803578859759,14.499250814332248,0.06786763421693899,343
22804,14414.08,5377,703,670,3.158150782361309,CANDLEHOLDER PINK HANGING HEART,-1294.8,504.0,11.0,11.0,13119.28,0.08982883402894946,0.09373256462711549,2.680691835596057,21.51355223880597,0.06766966894034375,344
20676,13279.16,10620,986,966,1.5519574036511157,RED RETROSPOT BOWL,-166.81,145.0,14.0,13.0,13112.35,0.012561788546865916,0.013653483992467044,1.250391713747646,13.746542443064182,0.06763392377706065,345
21380,14643.480000000001,5047,663,651,3.4061990950226244,WOODEN HAPPY BIRTHDAY GARLAND,-1601.7,582.0,6.0,6.0,13041.78,0.10937973760335658,0.1153160293243511,2.901422627303349,22.49382488479263,0.06726992144331062,346
21871,13900.51,11654,815,779,1.7313006134969324,SAVE THE PLANET MUG,-893.44,807.0,26.0,25.0,13007.07,0.06427390074177135,0.06924661060580059,1.1927672902007895,17.844043645699614,0.06709088614496199,347
22584,13427.79,5271,606,589,2.873613861386138,PACK OF 6 PANNETONE GIFT BOXES,-425.85,197.0,5.0,5.0,13001.94,0.0317140795320749,0.03737431227471068,2.5474843483210017,22.797606112054332,0.0670644254396745,348
22646,13151.21,9253,920,880,1.879913043478261,CERAMIC STRAWBERRY CAKE MONEY BANK,-155.0,109.0,33.0,32.0,12996.21,0.011785987753218145,0.01177996325516049,1.4212914730357722,14.944556818181818,0.06703486991505514,349
22236,14109.669999999998,1140,423,421,13.369030732860521,CAKE STAND 3 TIER MAGIC GARDEN,-1121.25,95.0,47.0,47.0,12988.419999999998,0.0794667770401434,0.08333333333333333,12.376903508771928,33.51465558194774,0.06699468884406304,350
23108,13290.52,2219,373,372,6.469919571045577,SET OF 10 LED DOLLY LIGHTS,-317.6,64.0,18.0,18.0,12972.92,0.02389673240776132,0.028841820639927896,5.989418657052727,35.72720430107527,0.06691473934465642,351
84988,13059.199999999999,8393,1036,1019,2.097220077220077,SET OF 72 PINK HEART PAPER DOILIES,-91.27,64.0,3.0,3.0,12967.929999999998,0.006988942661112473,0.007625402120814965,1.5559633027522934,12.815701668302257,0.0668890007638797,352
22766,13094.44,4436,664,640,3.1991114457831324,PHOTO FRAME CORNICE,-185.85000000000002,63.0,20.0,20.0,12908.59,0.014193046819871642,0.014201983769161406,2.951857529305681,20.4600625,0.06658292313195784,353
22088,13103.44,4407,632,619,3.5197943037974686,PAPER BUNTING COLOURED LACE,-198.04999999999998,75.0,5.0,5.0,12905.390000000001,0.015114351651169462,0.01701837985023826,2.97332425686408,21.168723747980614,0.06656641742885455,354
22144,12994.69,5368,767,704,2.6152933507170797,CHRISTMAS CRAFT LITTLE FRIENDS,-98.7,47.0,5.0,5.0,12895.99,0.007595410125212683,0.00875558867362146,2.4207693740685543,18.45836647727273,0.06651793192598858,355
22947,13111.85,1026,222,209,15.564639639639639,WOODEN ADVENT CALENDAR RED,-221.26999999999998,15.0,11.0,11.0,12890.58,0.016875574385002878,0.014619883040935672,12.779580896686161,62.73612440191388,0.06649002697167956,356
21906,13143.550000000001,1813,440,424,8.474136363636363,PHARMACIE FIRST AID TIN,-270.0,40.0,10.0,9.0,12873.550000000001,0.020542395319377182,0.02206287920573635,7.2496138996139,30.998938679245285,0.06640218568297668,357
21704,13343.35,17299,587,568,0.9845144804088586,BAG 250g SWIRLY MARBLES,-512.07,702.0,7.0,7.0,12831.28,0.038376419714689344,0.04058038036880744,0.7713364934389271,23.49181338028169,0.06618415566104648,358
22464,13129.58,7922,806,784,1.916588089330025,HANGING METAL HEART LANTERN,-378.9,250.0,26.0,26.0,12750.68,0.0288585011858719,0.03155768745266347,1.657356728098965,16.746913265306123,0.06576841826413204,359
22616,12747.23,40106,871,825,0.42564867967853043,PACK OF 12 LONDON TISSUES ,-22.08,72.0,3.0,3.0,12725.15,0.001732141022010272,0.0017952426070912083,0.31783847803321197,15.451187878787879,0.065636733701561,360
23207,13325.55,7830,756,740,1.9909656084656082,LUNCH BAG ALPHABET DESIGN,-659.6,448.0,13.0,13.0,12665.949999999999,0.049498894979944544,0.057215836526181355,1.7018582375478926,18.0075,0.06533137819414989,361
22580,13277.720000000001,2338,507,495,6.192998027613412,ADVENT CALENDAR GINGHAM SACK,-640.8,124.0,10.0,7.0,12636.920000000002,0.048261297873430066,0.05303678357570573,5.679093242087254,26.82367676767677,0.06518164051880962,362
22943,12783.82,2601,389,356,5.971028277634962,CHRISTMAS LIGHTS 10 VINTAGE BAUBLES,-219.95000000000002,45.0,17.0,16.0,12563.869999999999,0.017205342378099817,0.01730103806228374,4.914963475586313,35.909606741573036,0.06480484626515452,363
62018,12456.7,9570,130,127,1.7992307692307692,SOMBRERO ,0.0,0.0,0.0,0.0,12456.7,0.0,0.0,1.3016405433646814,98.08425196850395,0.06425205995216049,364
22082,12504.77,7427,1006,957,1.9035487077534792,RIBBON REEL STRIPES DESIGN ,-51.15,31.0,4.0,4.0,12453.62,0.00409043908844385,0.004173959876127642,1.6836905883936988,13.066635318704284,0.06423617321292355,365
22834,12879.75,7641,672,597,2.3092261904761906,HAND WARMER BABUSHKA DESIGN,-482.45000000000005,287.0,9.0,8.0,12397.3,0.03745802519458841,0.037560528726606465,1.6856105221829603,21.574120603015075,0.0639456728383054,366
22303,12701.630000000001,5439,541,540,2.72731977818854,COFFEE MUG APPLES DESIGN,-336.45,139.0,27.0,27.0,12365.18,0.02648872625009546,0.02555616841331127,2.3352877367163085,23.52153703703704,0.06377999684340602,367
75049L,13156.31,13969,353,344,1.556827195467422,LARGE CIRCULAR MIRROR MOBILE,-808.75,903.0,55.0,53.0,12347.56,0.061472403736306004,0.06464313837783664,0.9418218913308039,38.245087209302326,0.06368911231569345,368
22623,12665.58,2353,559,541,5.690769230769231,BOX OF VINTAGE JIGSAW BLOCKS ,-355.05,79.0,9.0,9.0,12310.53,0.02803266806573406,0.03357416064598385,5.38273693157671,23.411423290203327,0.06349811038259492,369
22631,12368.01,6327,686,663,2.5038338192419825,CIRCUS PARADE LUNCH BOX ,-72.15,37.0,9.0,8.0,12295.86,0.005833598129367619,0.005847953216374269,1.9547984826932197,18.654615384615386,0.06342244204993072,370
22301,12399.66,5104,666,643,3.187477477477477,COFFEE MUG CAT + BIRD DESIGN,-194.55,77.0,27.0,26.0,12205.11,0.01568994633723828,0.015086206896551725,2.4294004702194356,19.28407465007776,0.06295435062598549,371
21671,12426.88,9552,739,727,1.6141407307171853,RED SPOT CERAMIC DRAWER KNOB,-237.31,170.0,20.0,20.0,12189.57,0.01909650692691971,0.017797319932998323,1.300971524288107,17.093370013755155,0.06287419480529007,372
21124,12242.800000000001,10084,648,629,1.29929012345679,SET/10 BLUE SPOTTY PARTY CANDLES,-61.25,49.0,3.0,3.0,12181.550000000001,0.005002940503806319,0.00485918286394288,1.214081713605712,19.463910969793325,0.06283282738688742,373
22729,12253.88,3093,649,612,4.48593220338983,ALARM CLOCK BAKELIKE ORANGE,-130.89,35.0,19.0,18.0,12122.99,0.010681514752878271,0.011315874555447785,3.9618105399288712,20.02267973856209,0.06253077302009696,374
21670,12183.789999999999,8918,782,767,1.6403324808184143,BLUE SPOT CERAMIC DRAWER KNOB,-100.0,72.0,8.0,8.0,12083.789999999999,0.008207626690873694,0.008073559093967257,1.3662020632428795,15.884993481095174,0.0623285781570815,375
22192,12274.76,1444,556,543,8.923381294964027,BLUE DINER WALL CLOCK,-269.45,33.0,17.0,16.0,12005.31,0.02195154935819519,0.022853185595567867,8.500526315789473,22.60545119705341,0.061923775788473,376
22791,12211.710000000001,9846,459,434,1.5127450980392156,T-LIGHT GLASS FLUTED ANTIQUE,-209.0,190.0,12.0,12.0,12002.710000000001,0.017114720215268785,0.0192971765183831,1.2402711761121268,28.137580645161293,0.06191036490470157,377
22750,12035.22,3214,678,647,4.020250737463127,FELTCRAFT PRINCESS LOLA DOLL,-37.5,10.0,3.0,3.0,11997.72,0.003115854965675742,0.0031113876789047915,3.744623522090852,18.601576506955176,0.06188462632392486,378
23174,12342.43,3055,324,322,4.795123456790124,REGENCY SUGAR BOWL GREEN,-345.2,88.0,17.0,17.0,11997.23,0.027968560486063117,0.028805237315875615,4.040075286415712,38.33052795031056,0.06188209888813716,379
21937,12091.960000000001,4114,669,657,3.614947683109118,STRAWBERRY   PICNIC BAG,-169.1,58.0,14.0,14.0,11922.86,0.013984498790932155,0.014098201263976665,2.9392221682061255,18.404809741248098,0.06149849603195197,380
84212,11962.14,24795,279,277,0.8424014336917562,"ASSORTED FLOWER COLOUR ""LEIS""",-46.8,72.0,1.0,1.0,11915.34,0.003912343443564446,0.0029038112522686023,0.4824416212946158,43.18462093862816,0.0614597076296592,381
21242,11979.4,7120,666,657,1.9942942942942943,RED RETROSPOT PLATE ,-84.5,50.0,7.0,6.0,11894.9,0.00705377564819607,0.007022471910112359,1.6824999999999999,18.233485540334854,0.061354277451086854,382
21154,12100.22,8396,950,903,1.7774315789473685,RED RETROSPOT OVEN GLOVE ,-240.75,223.0,6.0,6.0,11859.47,0.0198963324633767,0.02656026679371129,1.44118866126727,13.40002214839424,0.06117152836953997,383
21326,11886.68,18224,675,643,0.8080444444444443,AGED GLASS SILVER T-LIGHT HOLDER,-66.3,102.0,11.0,11.0,11820.380000000001,0.005577671814165098,0.005597014925373134,0.6522541703248463,18.486283048211508,0.06096990089006869,384
21428,11975.93,2935,477,465,5.040754716981132,SET3 BOOK BOX GREEN GINGHAM FLOWER ,-166.0,42.0,9.0,9.0,11809.93,0.013861136462888477,0.014310051107325384,4.080385008517887,25.75468817204301,0.06091599945337196,385
20969,12300.1,3290,637,613,4.270282574568289,RED FLORAL FELTCRAFT SHOULDER BAG,-491.91,145.0,2.0,2.0,11808.19,0.03999235778570906,0.044072948328267476,3.7386322188449848,20.06541598694943,0.06090702447730955,386
22243,11949.41,7731,404,388,1.9031930693069306,5 HOOK HANGER RED MAGIC TOADSTOOL,-141.9,86.0,14.0,14.0,11807.51,0.01187506328764349,0.011124046048376666,1.5456486871038675,30.797448453608247,0.060903517015400095,387
22488,11874.22,6951,822,808,1.9642092457420923,NATURAL SLATE RECTANGLE CHALKBOARD,-80.85,49.0,17.0,17.0,11793.369999999999,0.006808868287769639,0.007049345417925478,1.7082750683354913,14.695816831683167,0.060830582439812375,388
84987,11890.9,8150,825,812,1.8135515151515151,SET OF 36 TEATIME PAPER DOILIES,-97.69999999999999,70.0,6.0,6.0,11793.199999999999,0.008216367137895364,0.008588957055214725,1.459006134969325,14.643965517241378,0.06082970557433501,389
47567B,11814.990000000002,2187,363,348,6.2233608815427,TEA TIME KITCHEN APRON,-76.05000000000001,13.0,8.0,8.0,11738.940000000002,0.006436738414505641,0.00594421582075903,5.402373113854596,33.95112068965518,0.06054983074608965,390
22838,13519.36,936,281,271,17.007793594306047,3 TIER CAKE TIN RED AND CREAM,-1801.75,137.0,21.0,21.0,11717.61,0.1332718412705927,0.14636752136752137,14.443760683760685,49.886937269372694,0.06043980991884168,391
22637,11882.33,4611,623,598,3.02123595505618,PIGGY BANK RETROSPOT ,-187.2,75.0,31.0,30.0,11695.13,0.01575448586262122,0.01626545217957059,2.576952938625027,19.870117056856188,0.06032385735454097,392
22968,11952.26,1194,331,306,11.793081570996979,ROSE COTTAGE KEEPSAKE BOX ,-268.45,28.0,15.0,14.0,11683.81,0.02246018744572156,0.023450586264656615,10.010268006700167,39.05967320261438,0.06026546842981304,393
22740,11670.689999999999,13628,314,300,1.0973248407643312,POLKADOT PEN,0.0,0.0,0.0,0.0,11670.689999999999,0.0,0.0,0.8563758438508952,38.9023,0.06019779504708949,394
22508,11750.29,2923,719,697,4.396411682892907,DOORSTOP RETROSPOT HEART,-112.5,30.0,9.0,8.0,11637.79,0.009574231784917649,0.010263427984946972,4.019941840574752,16.858378766140603,0.06002809578705867,395
79323W,18048.72,3004,350,349,7.03, WHITE CHERRY LIGHTS,-6421.1,1088.0,126.0,124.0,11627.62,0.3557648409416291,0.3621837549933422,6.008229027962717,51.71553008595989,0.059975638599383485,396
21429,11743.529999999999,6568,1044,997,2.1106609195402295,RED GINGHAM ROSE JEWELLERY BOX,-120.3,70.0,19.0,19.0,11623.23,0.010243938577242108,0.010657734470158343,1.7879917783191228,11.778866599799397,0.05995299483793863,397
21260,11775.68,3577,551,534,3.8013430127041743,FIRST AID TIN,-197.25,61.0,7.0,7.0,11578.43,0.016750625016984155,0.017053396701146212,3.292054794520548,22.05183520599251,0.05972191499449239,398
22795,11697.31,1661,528,498,7.97844696969697,SWEETHEART RECIPE BOOK STAND,-118.95,23.0,6.0,6.0,11578.359999999999,0.010169004668594746,0.013847080072245636,7.042329921733895,23.488574297188755,0.059721553932237006,399
21787,11986.359999999999,15184,485,469,1.042680412371134,RAIN PONCHO RETROSPOT,-420.0,528.0,3.0,3.0,11566.359999999999,0.03503982860518123,0.03477344573234984,0.7894072708113803,25.55727078891258,0.05965965754559961,400
23300,11785.99,6809,766,758,1.9087597911227152,GARDENERS KNEELING PAD CUP OF TEA ,-231.6,152.0,7.0,7.0,11554.39,0.01965044938948701,0.02232339550594801,1.7309428697312381,15.548799472295514,0.05959791589992883,401
22844,11788.72,1247,512,498,10.57666015625,VINTAGE CREAM DOG FOOD CONTAINER,-236.3,29.0,9.0,9.0,11552.42,0.020044584993112062,0.023255813953488372,9.453664795509221,23.672128514056222,0.05958775457645586,402
22988,11673.72,9684,485,446,1.50459793814433,SOLDIERS EGG CUP ,-132.78,112.0,9.0,8.0,11540.939999999999,0.011374266300716482,0.011565468814539447,1.2054646840148697,26.174260089686097,0.059528540366572756,403
22468,11846.630000000001,1777,431,413,7.880440835266821,BABUSHKA LIGHTS STRING OF 10,-352.3,58.0,6.0,6.0,11494.330000000002,0.029738415059810258,0.032639279684862126,6.666646032639281,28.684334140435837,0.05928812448480873,404
85042,12234.56,2685,296,292,4.9809797297297305,ANTIQUE LILY FAIRY LIGHTS,-757.4,168.0,61.0,61.0,11477.16,0.061906599011325295,0.06256983240223464,4.556633147113594,41.89917808219178,0.05919956107159506,405
37370,11549.06,7478,542,492,5.642822878228782,RETRO COFFEE MUGS ASSORTED,-74.92,61.0,18.0,16.0,11474.14,0.006487108041693437,0.008157261299812785,1.5444049211018989,23.47369918699187,0.05918398381429131,406
22663,11527.83,5791,700,688,2.4396714285714287,JUMBO BAG DOLLY GIRL DESIGN,-66.3,34.0,3.0,3.0,11461.53,0.005751299247126302,0.005871179416335693,1.990645829735797,16.755566860465116,0.05911894102799987,407
20975,12255.73,18668,965,902,0.7433678756476684,12 PENCILS SMALL TUBE RED RETROSPOT,-858.35,1483.0,12.0,12.0,11397.38,0.07003662776513517,0.07944075423184058,0.6565100707092351,13.587283813747227,0.05878805326110083,408
15056P,12479.470000000001,2526,348,344,6.228534482758621,EDWARDIAN PARASOL PINK,-1091.05,313.0,9.0,9.0,11388.420000000002,0.08742759107558253,0.12391132224861441,4.9404077593032465,36.277529069767446,0.0587418372924116,409
22151,11692.69,27749,749,716,0.5363818424566088,PLACE SETTING WHITE HEART,-332.46,915.0,7.0,7.0,11360.230000000001,0.028433149258211752,0.03297416123103535,0.4213733828246063,16.330572625698323,0.05859643236413594,410
23581,11581.83,5020,345,338,2.256289855072464,JUMBO BAG PAISLEY PARK,-224.76,122.0,4.0,4.0,11357.07,0.019406259632545116,0.024302788844621514,2.3071374501992032,34.26576923076923,0.05858013298232141,411
21172,11461.769999999999,7738,994,971,1.9120321931589537,PARTY METAL SIGN ,-110.85,77.0,7.0,7.0,11350.919999999998,0.009671281137206557,0.009950891703282502,1.4812315843887307,11.804088568486096,0.05854841108416974,412
22649,11698.12,2325,504,486,5.803888888888888,STRAWBERRY FAIRY CAKE TEAPOT,-352.90000000000003,72.0,42.0,42.0,11345.220000000001,0.030167240548053875,0.03096774193548387,5.031449462365591,24.070205761316874,0.058519010300517,413
22620,11325.05,8347,881,841,1.5766628830874005,4 TRADITIONAL SPINNING TOPS,-30.4,24.0,5.0,4.0,11294.65,0.002684314859537044,0.002875284533365281,1.356780879357853,13.466171224732461,0.05825816861116261,414
22417,11250.09,21625,1138,1103,0.7122231985940246,PACK OF 60 SPACEBOY CAKE CASES,-62.699999999999996,114.0,5.0,5.0,11187.39,0.005573288747023356,0.005271676300578035,0.5202353757225434,10.19953762466002,0.05770491807526877,415
22694,11532.0,5115,913,858,2.412431544359255,WICKER STAR ,-348.0,180.0,8.0,8.0,11184.0,0.030176899063475548,0.03519061583577713,2.2545454545454544,13.44055944055944,0.05768743234604372,416
21868,11383.72,9235,908,881,1.6297797356828192,POTTING SHED TEA MUG,-250.39,207.0,29.0,29.0,11133.33,0.021995446128330633,0.02241472658364916,1.2326713589604763,12.921362088535755,0.05742607485346735,417
47599A,11342.28,6043,378,369,2.291084656084656,PINK PARTY BAGS,-247.35999999999999,160.0,3.0,3.0,11094.92,0.02180866633516365,0.026476915439351316,1.8769286778090353,30.73788617886179,0.057227954835905516,418
22768,11464.16,1195,373,354,10.734664879356568,FAMILY PHOTO FRAME CORNICE,-375.2,38.0,27.0,27.0,11088.96,0.03272808474410685,0.031799163179916316,9.593439330543934,32.384632768361584,0.057197212963875615,419
21922,11273.970000000001,1449,393,388,8.894147582697201,UNION STRIPE WITH FRINGE  HAMMOCK,-190.64999999999998,27.0,5.0,5.0,11083.320000000002,0.01691063573878589,0.018633540372670808,7.780517598343686,29.056623711340208,0.057168121662156055,420
22812,11165.68,5049,506,462,2.566581027667984,PACK 3 BOXES CHRISTMAS PANNETONE,-91.64999999999999,47.0,6.0,6.0,11074.03,0.008208187947352959,0.009308774014656367,2.2114636561695384,24.168138528138527,0.05712020354283428,421
72351B,11260.54,5816,514,499,2.375252918287938,SET/6 PINK  BUTTERFLY T-LIGHTS,-221.60000000000002,127.0,7.0,7.0,11038.94,0.019679340422395376,0.0218363136176066,1.9361313617606604,22.566212424849702,0.056939208192242116,422
22130,11244.119999999999,9918,455,424,1.8696923076923078,PARTY CONE CHRISTMAS DECORATION ,-240.38000000000002,327.0,9.0,8.0,11003.74,0.021378284827981205,0.03297035692679976,1.133708408953418,26.519150943396223,0.05675764545810578,423
20828,11062.76,4468,636,607,2.9404088050314465,GLITTER BUTTERFLY CLIPS,-76.5,30.0,5.0,5.0,10986.26,0.006915091713098721,0.006714413607878245,2.4759982094897044,18.22530477759473,0.05666748305490399,424
21907,11022.230000000001,5242,789,771,2.2832826362484155,I'M ON HOLIDAY METAL SIGN,-44.1,21.0,4.0,4.0,10978.130000000001,0.00400100524122614,0.004006104540251812,2.1026764593666543,14.296018158236059,0.05662554825295716,425
21498,10999.92,27126,810,802,0.4173086419753086,RED RETROSPOT WRAP ,-42.0,100.0,3.0,3.0,10957.92,0.0038182095869788144,0.0036865000368650003,0.40551205485512054,13.715610972568578,0.05652130442179537,426
22174,10993.4,5423,593,557,2.5133220910623946,PHOTO CUBE,-79.2,48.0,2.0,2.0,10914.199999999999,0.007204322593556134,0.008851189378572745,2.027180527383367,19.736804308797126,0.056295795253146486,427
21833,11208.35,6557,460,444,2.0658478260869564,CAMOUFLAGE LED TORCH,-297.5,190.0,10.0,10.0,10910.85,0.026542711460652103,0.028976666158304104,1.7093716638706726,25.244031531531533,0.05627851584521022,428
22655,13140.0,77,54,53,188.33333333333334,VINTAGE RED KITCHEN CABINET,-2320.5,12.0,10.0,10.0,10819.5,0.17659817351598173,0.15584415584415584,170.64935064935065,247.9245283018868,0.05580732960193312,429
22595,10964.1,13008,834,796,1.0047841726618705,GINGHAM HEART DECORATION,-207.36,288.0,2.0,1.0,10756.74,0.018912633047856186,0.02214022140221402,0.8428736162361624,13.773994974874372,0.05548361149981959,430
22668,10933.51,3593,585,579,3.935846153846154,PINK BABY BUNTING,-177.65,67.0,6.0,6.0,10755.86,0.016248213062410883,0.01864736988588923,3.0430030615084886,18.883436960276338,0.055479072431466186,431
22466,10806.519999999999,5876,411,394,2.378661800486618,FAIRY TALE COTTAGE NIGHTLIGHT,-76.8,42.0,7.0,6.0,10729.72,0.0071068206971346935,0.007147719537100068,1.839094622191967,27.427715736040607,0.05534424146924107,432
22274,10926.500000000002,3818,680,656,3.2876470588235294,FELTCRAFT DOLL EMILY,-199.10000000000002,74.0,8.0,8.0,10727.400000000001,0.018221754450189906,0.019381875327396544,2.8618386589837614,16.656250000000004,0.055332274834491185,433
21558,10945.17,4244,795,768,3.275421383647799,SKULL LUNCH BOX WITH CUTLERY ,-235.5,110.0,10.0,9.0,10709.67,0.021516340084256343,0.025918944392082942,2.578975023562677,14.2515234375,0.05524082292323445,434
22950,11452.64,8333,356,352,1.5710393258426965,36 DOILIES VINTAGE CHRISTMAS,-773.65,613.0,5.0,5.0,10678.99,0.06755211025580128,0.07356294251770071,1.3743717748709947,32.53590909090909,0.05508257449473152,435
22348,10708.33,12566,988,961,1.0753744939271255,TEA BAG PLATE RED RETROSPOT,-85.0,100.0,6.0,6.0,10623.33,0.00793774566155507,0.007957981855801368,0.8521669584593347,11.142903225806451,0.054795478421378455,436
82001S,10646.87,2956,237,230,4.292911392405063,VINYL RECORD FRAME SILVER,-40.53,11.0,5.0,5.0,10606.34,0.003806752594894086,0.0037212449255751017,3.601782814614344,46.29073913043479,0.05470784345396435,437
22418,10790.32,12730,614,586,1.0196416938110748,10 COLOUR SPACEBOY PEN,-192.1,226.0,12.0,10.0,10598.22,0.017802993794437977,0.01775333857030636,0.8476292223095051,18.413515358361774,0.05466596023233972,438
21890,10625.75,3538,577,547,3.7424436741767764,S/6 WOODEN SKITTLES IN COTTON BAG,-36.1,12.0,7.0,6.0,10589.65,0.0033974072418417526,0.0033917467495760316,3.00332108535896,19.425502742230346,0.05462175589621618,439
21624,10712.55,1783,411,403,6.607250608272506,VINTAGE UNION JACK DOORSTOP,-146.6,28.0,4.0,3.0,10565.949999999999,0.013684883617812752,0.015703869882220976,6.008160403813797,26.58200992555831,0.05449951053260734,440
20754,10604.550000000001,5157,881,852,2.4975936435868333,RETROSPOT RED WASHING UP GLOVES,-66.3,33.0,6.0,6.0,10538.250000000002,0.006252033325317905,0.006399069226294357,2.056340895869692,12.446654929577466,0.054356633040119395,441
21086,10939.75,16887,869,843,0.8937284234752589,SET/6 RED SPOTTY PAPER CUPS,-422.64000000000004,792.0,4.0,4.0,10517.11,0.03863342398135241,0.04689998223485521,0.6478208089062593,12.977164887307236,0.0542475922389932,442
22064,10737.11,6678,719,693,2.150667593880389,PINK DOUGHNUT TRINKET POT ,-221.25,137.0,39.0,38.0,10515.86,0.02060610350457432,0.020515124288709195,1.6078331835879007,15.493665223665225,0.05424114469871847,443
21982,10495.89,32371,756,718,0.4531746031746031,PACK OF 12 SUKI TISSUES ,-10.83,37.0,2.0,2.0,10485.06,0.0010318324601343955,0.001142998362732075,0.32423743474097183,14.618231197771587,0.05408227730634917,444
22349,10608.039999999999,2585,371,366,4.158005390835579,DOG BOWL CHASING BALL DESIGN,-132.12,36.0,11.0,11.0,10475.919999999998,0.012454704167782174,0.013926499032882012,4.1036905222437134,28.98371584699453,0.05403513289186035,445
22966,10480.13,8486,778,732,1.4445115681233933,GINGERBREAD MAN COOKIE CUTTER,-6.25,5.0,2.0,2.0,10473.88,0.0005963666481236397,0.0005892057506481263,1.2349905727079895,14.317117486338796,0.054024610506132,446
21974,10656.3,7059,816,808,1.9928553921568628,SET OF 36 PAISLEY FLOWER DOILIES,-201.45,140.0,11.0,11.0,10454.849999999999,0.0189043101264041,0.019832837512395524,1.509604759881003,13.1884900990099,0.053926453152989544,447
22645,10525.49,5826,772,741,2.0294689119170983,CERAMIC HEART FAIRY CAKE MONEY BANK,-125.94999999999999,87.0,16.0,16.0,10399.539999999999,0.011966188747507241,0.014933058702368692,1.8066409200137314,14.204439946018892,0.0536411623909134,448
22302,10492.45,4926,399,396,2.723233082706767,COFFEE MUG PEARS  DESIGN,-94.35,37.0,10.0,10.0,10398.1,0.008992180091399052,0.007511165245635404,2.130014210312627,26.49608585858586,0.053633734824516915,449
22725,10593.95,2580,575,549,4.743078260869565,ALARM CLOCK BAKELIKE CHOCOLATE,-228.75,61.0,17.0,15.0,10365.2,0.02159251270772469,0.023643410852713178,4.106182170542636,19.29681238615665,0.05346403556448608,450
22748,10396.69,4245,788,742,2.413934010152284,POPPY'S PLAYHOUSE KITCHEN,-44.1,21.0,5.0,4.0,10352.59,0.004241734629002115,0.0049469964664310955,2.44916136631331,14.011711590296496,0.05339899277819463,451
22771,10382.19,7666,533,512,1.538030018761726,CLEAR DRAWER KNOB ACRYLIC EDWARDIAN,-37.5,30.0,4.0,4.0,10344.69,0.003611954703198458,0.003913383772501957,1.3543164623010697,20.27771484375,0.05335824432365835,452
23208,10441.91,6308,677,668,1.9362038404726736,LUNCH BAG VINTAGE LEAF DESIGN,-109.85,73.0,4.0,4.0,10332.06,0.010520105995933693,0.011572606214331009,1.6553440076093848,15.631601796407185,0.0532930983767225,453
21892,10346.57,7953,865,818,1.5755606936416184,TRADITIONAL WOODEN CATCH CUP GAME ,-67.5,54.0,11.0,11.0,10279.07,0.006523901157581691,0.0067898906073179935,1.300964415943669,12.64861858190709,0.05301977424939624,454
21488,10266.230000000001,2443,377,359,4.667665782493369,RED WHITE SCARF  HOT WATER BOTTLE,0.0,0.0,0.0,0.0,10266.230000000001,0.0,0.0,4.202304543593942,28.59674094707521,0.052953545115694244,455
21531,10318.87,4134,793,776,3.0319041614123576,RED RETROSPOT SUGAR JAM BOWL,-100.95,41.0,22.0,21.0,10217.92,0.009783047950017783,0.00991775520077407,2.4960982099661346,13.29751288659794,0.05270436057915656,456
22120,10404.22,1026,371,367,11.300296495956873,WELCOME  WOODEN BLOCK LETTERS,-187.6,19.0,7.0,7.0,10216.619999999999,0.018031145054602845,0.018518518518518517,10.14056530214425,28.349373297002725,0.052697655137270843,457
20682,10388.78,3123,607,589,3.8898517298187807,RED RETROSPOT CHILDRENS UMBRELLA,-178.75,57.0,19.0,19.0,10210.03,0.01720606269456086,0.01825168107588857,3.3265385846942044,17.637996604414262,0.052663663704942486,458
21033,10240.04,4623,583,573,3.3504459691252144,JUMBO BAG CHARLIE AND LOLA TOYS,-31.29,11.0,2.0,2.0,10208.75,0.003055652126358881,0.0023794073112697383,2.215020549426779,17.870924956369983,0.05265706142370116,459
84880,10275.26,1802,383,375,6.722610966057442,WHITE WIRE EGG HOLDER,-78.9,13.0,5.0,5.0,10196.36,0.0076786378154908,0.007214206437291898,5.702142064372919,27.400693333333333,0.052593153404498064,460
21756,10222.16,1655,600,581,6.579883333333334,BATH BUILDING BLOCK WORD,-35.7,6.0,3.0,3.0,10186.46,0.0034924125625112505,0.0036253776435045317,6.1765317220543805,17.59407917383821,0.05254208888552221,461
22380,10274.42,4985,701,688,2.4741226818830246,TOY TIDY SPACEBOY  ,-94.5,45.0,8.0,8.0,10179.92,0.00919759947520152,0.009027081243731194,2.0610672016048146,14.93375,0.05250835535480484,462
22089,10329.91,3514,564,552,3.3862056737588655,PAPER BUNTING VINTAGE PAISLEY,-173.89999999999998,61.0,2.0,2.0,10156.01,0.01683460940124357,0.017359134889015367,2.9396442800227662,18.713605072463768,0.05238502680442985,463
22970,10140.6,4334,319,317,2.730219435736677,LONDON BUS COFFEE MUG,-33.6,16.0,3.0,3.0,10107.0,0.0033134134074906813,0.0036917397323488694,2.339778495616059,31.989274447949526,0.05213223164533833,464
22904,10955.84,3516,483,463,3.369296066252588,CALENDAR PAPER CUT DESIGN,-885.9,322.0,3.0,3.0,10069.94,0.0808609837310512,0.09158134243458475,3.115995449374289,23.662721382289416,0.0519410749712732,465
23170,11097.25,6857,445,445,2.075707865168539,REGENCY TEA PLATE ROSES ,-1046.3,718.0,12.0,12.0,10050.95,0.09428462006352925,0.10471051480239171,1.618382674639055,24.937640449438202,0.05184312393941954,466
22840,10263.300000000001,1348,415,402,8.333132530120482,ROUND CAKE TIN VINTAGE RED,-237.5,30.0,22.0,21.0,10025.800000000001,0.023140705231260897,0.02225519287833828,7.61372403560831,25.530597014925377,0.051713399429092026,467
22131,10045.14,5304,725,692,2.5518896551724137,FOOD CONTAINER SET 3 LOVE HEART ,-29.1,16.0,4.0,4.0,10016.039999999999,0.0028969232882767194,0.0030165912518853697,1.8938800904977375,14.516098265895954,0.05166305703462694,468
23582,10206.41,4802,262,259,2.2147709923664123,VINTAGE DOILY JUMBO BAG RED ,-222.68,121.0,3.0,3.0,9983.73,0.021817661645965623,0.02519783423573511,2.1254498125780925,39.40698841698842,0.05149640101360578,469
84792,10259.050000000001,2325,532,519,5.262556390977444,ENCHANTED BIRD COATHANGER 5 HOOK,-279.75,71.0,9.0,8.0,9979.300000000001,0.027268606742339687,0.03053763440860215,4.412494623655914,19.76695568400771,0.05147355093087215,470
22327,10054.490000000002,3095,676,646,3.8055917159763313,ROUND SNACK BOXES SET OF 4 SKULLS,-76.30000000000001,26.0,11.0,10.0,9978.190000000002,0.007588649449151573,0.00840064620355412,3.248623586429726,15.564226006191953,0.0514678255151082,471
22549,9968.06,6680,745,711,1.8646845637583893,PICTURE DOMINOES,-1.45,1.0,1.0,1.0,9966.609999999999,0.00014546461397704267,0.0001497005988023952,1.4922245508982035,14.019774964838255,0.05140809550200311,472
22745,9993.66,4073,750,703,2.4858000000000002,POPPY'S PLAYHOUSE BEDROOM ,-27.299999999999997,13.0,3.0,3.0,9966.36,0.0027317319180360346,0.0031917505524183647,2.453636140437024,14.215732574679944,0.05140680599394817,473
22300,10095.2,4191,545,526,3.0168623853211005,COFFEE MUG DOG + BALL DESIGN,-160.65,63.0,20.0,20.0,9934.550000000001,0.015913503447182818,0.015032211882605583,2.408780720591744,19.19239543726236,0.051242728989036895,474
20677,9936.14,7888,779,760,1.585648267008986,PINK POLKADOT BOWL,-17.310000000000002,14.0,3.0,3.0,9918.83,0.0017421252116012862,0.0017748478701825558,1.2596526369168357,13.07386842105263,0.051161644722541914,475
22180,10403.21,1004,420,410,11.27104761904762,RETROSPOT LAMP,-493.15,50.0,31.0,30.0,9910.06,0.047403637915604896,0.049800796812749,10.36176294820717,25.373682926829265,0.05111640877997443,476
23171,10051.99,6247,383,381,2.128433420365535,REGENCY TEA PLATE GREEN ,-146.25,97.0,5.0,5.0,9905.74,0.014549357888338528,0.015527453177525212,1.609090763566512,26.383175853018372,0.05109412608078497,477
23076,9935.76,8076,277,277,1.35028880866426,ICE CREAM SUNDAE LIP GLOSS,-35.0,28.0,2.0,2.0,9900.76,0.003522629371079817,0.003467062902426944,1.2302823179791977,35.869169675090255,0.05106843908033045,478
20979,10343.06,8213,718,709,1.5664206128133706,36 PENCILS TUBE RED RETROSPOT,-463.18,390.0,27.0,27.0,9879.88,0.04478171836961209,0.047485693412882016,1.259352246438573,14.58823695345557,0.0509607393675814,479
22429,10056.39,2325,646,625,4.8329102167182665,ENAMEL MEASURING JUG CREAM,-187.0,44.0,22.0,21.0,9869.39,0.018595141994294177,0.0189247311827957,4.325329032258065,16.090224,0.05090663160959588,480
16014,9839.4,30370,97,93,0.39525773195876285,SMALL CHINESE STYLE SCISSOR,0.0,0.0,0.0,0.0,9839.4,0.0,0.0,0.32398419492920644,105.8,0.05075194222332462,481
79323P,13787.93,2281,266,265,7.28390977443609,PINK CHERRY LIGHTS,-4021.35,693.0,86.0,86.0,9766.58,0.29165726834992634,0.3038141166155195,6.044686540990794,52.02992452830189,0.050376334317080086,482
79000,9909.519999999999,12174,442,436,1.3722398190045249,MOROCCAN TEA GLASS,-172.75,239.0,15.0,14.0,9736.769999999999,0.01743273135328452,0.019632002628552653,0.8139904714966321,22.72825688073394,0.050222573376608376,483
22665,9843.730000000001,3022,728,703,3.788118131868132,RECIPE BOX BLUE SKETCHBOOK DESIGN,-132.9,46.0,19.0,18.0,9710.830000000002,0.013500979811514536,0.015221707478491065,3.2573560555923233,14.002460881934567,0.05008877402082724,484
47570B,9664.87,977,229,224,11.793624454148473,TEA TIME TABLE CLOTH,-21.3,2.0,1.0,1.0,9643.570000000002,0.0022038578894491077,0.0020470829068577278,9.892395087001024,43.14674107142857,0.04974184477372468,485
82552,9645.67,7036,812,794,1.5467610837438424,WASHROOM METAL SIGN,-8.75,7.0,3.0,3.0,9636.92,0.0009071427904956317,0.0009948834565093804,1.3709025014212621,12.148198992443325,0.049707543859463126,486
35961,9632.63,11521,662,637,1.1482930513595166,FOLKART ZINC HEART CHRISTMAS DEC,-0.85,1.0,1.0,1.0,9631.779999999999,8.824173668042892e-05,8.679802100512108e-05,0.8360932210745594,15.12186813186813,0.04968103157385344,487
21749,10997.82,5661,288,286,2.5550347222222225,LARGE RED RETROSPOT WINDMILL,-1381.8999999999999,744.0,8.0,8.0,9615.92,0.125652174703714,0.13142554319024907,1.9427344992050875,38.453916083916084,0.0495992251828477,488
20970,9617.0,2543,599,574,4.16669449081803,PINK FLORAL FELTCRAFT SHOULDER BAG,-11.25,3.0,2.0,2.0,9605.75,0.0011698034730165331,0.0011797090051120724,3.7817538340542667,16.754355400696863,0.04954676799517252,489
21781,10215.42,661,372,363,16.528198924731182,MA CAMPAGNE CUTLERY BOX,-615.55,45.0,20.0,19.0,9599.87,0.06025694489311256,0.0680786686838124,15.454493192133132,28.141652892561982,0.0495164387657202,490
84030E,9566.01,2238,516,485,4.881608527131783,ENGLISH ROSE HOT WATER BOTTLE,-55.25,13.0,4.0,4.0,9510.76,0.005775657771631014,0.00580875781948168,4.274356568364611,19.723731958762887,0.049056806514615414,491
21716,9490.94,3734,505,496,3.3474059405940593,BOYS VINTAGE TIN SEASIDE BUCKET,-25.5,10.0,2.0,2.0,9465.44,0.0026867728591688494,0.002678093197643278,2.5417621853240493,19.134959677419356,0.04882304449441488,492
21385,9440.949999999999,10918,719,690,1.0517385257301808,IVORY HANGING DECORATION  HEART,-5.1,6.0,3.0,3.0,9435.849999999999,0.0005401998739533628,0.000549551199853453,0.8647142333760761,13.682536231884056,0.04867041832103152,493
22121,9482.730000000001,1529,466,438,6.684957081545065,NOEL WOODEN BLOCK LETTERS ,-47.6,8.0,3.0,3.0,9435.130000000001,0.005019651513857296,0.005232177894048398,6.201916285153696,21.650068493150687,0.04866670453783329,494
84692,9514.94,19430,1169,1122,0.6295209580838323,BOX OF 24 COCKTAIL PARASOLS,-86.94,207.0,8.0,8.0,9428.0,0.009137209483191695,0.010653628409675759,0.4897035512094699,8.480338680926916,0.048629927768106235,495
22195,9440.1,5269,848,811,2.250860849056604,LARGE HEART MEASURING SPOONS,-28.349999999999998,19.0,5.0,5.0,9411.75,0.0030031461531127845,0.003605997342949326,1.7916302903776808,11.640073982737361,0.04854610974453478,496
23175,9587.15,3160,331,329,3.8787915407854987,REGENCY MILK JUG PINK ,-225.5,80.0,11.0,11.0,9361.65,0.023521067261907867,0.02531645569620253,3.033908227848101,29.140273556231,0.04828769233032369,497
22219,9403.86,9906,1190,1149,1.1362773109243696,LOVEBIRD HANGING DECORATION WHITE ,-93.89,123.0,6.0,6.0,9309.970000000001,0.009984197978277005,0.01241671714112659,0.9493095093882497,8.184386422976502,0.04802112522520535,498
21243,9323.19,5657,509,503,2.008801571709234,PINK  POLKADOT PLATE ,-27.04,16.0,2.0,2.0,9296.15,0.0029002948561597476,0.0028283542513699842,1.6480802545518827,18.5351689860835,0.04794984121992796,499
84032A,9406.970000000001,3420,690,662,3.328536231884058,CHARLIE+LOLA PINK HOT WATER BOTTLE,-112.10000000000001,38.0,5.0,5.0,9294.87,0.011916695811722585,0.011111111111111112,2.750576023391813,14.209924471299095,0.04794323893868664,500
22978,9564.98,2464,238,238,4.3442436974789915,PANTRY ROLLING PIN,-272.61,75.0,12.0,12.0,9292.369999999999,0.028500843702757354,0.030438311688311688,3.8818912337662335,40.18899159663865,0.04793034385813718,501
22072,9448.51,2463,535,511,4.417588785046728,RED RETROSPOT TEA CUP AND SAUCER ,-187.5,50.0,26.0,25.0,9261.01,0.01984439874646902,0.020300446609825416,3.836179455948031,18.490234833659493,0.04776858796772481,502
21745,9321.32,2732,497,486,3.9601207243460768,GAOLERS KEYS DECORATIVE GARDEN ,-71.25,19.0,3.0,3.0,9250.07,0.0076437671917711225,0.006954612005856516,3.4119033674963397,19.179670781893005,0.047712159095240396,503
22767,9667.76,1022,306,295,10.340980392156862,TRIPLE PHOTO FRAME CORNICE ,-417.9,42.0,21.0,20.0,9249.86,0.04322614545665179,0.0410958904109589,9.459647749510763,32.77206779661017,0.047711075908474246,504
22357,9445.82,2092,471,462,5.1338428874734605,KINGS CHOICE BISCUIT TIN,-202.25,49.0,19.0,18.0,9243.57,0.021411587347631017,0.023422562141491396,4.515210325047801,20.445497835497836,0.04767863188581181,505
21041,9279.59,2724,553,525,4.098354430379747,RED RETROSPOT OVEN GLOVE DOUBLE,-38.35,13.0,6.0,6.0,9241.24,0.0041327256915445615,0.0047723935389133625,3.4066042584434655,17.675409523809524,0.04766661367073972,506
22741,9248.689999999999,10721,299,292,1.108294314381271,FUNKY DIVA PEN,-43.349999999999994,51.0,3.0,3.0,9205.339999999998,0.004687150288311102,0.004757018934800858,0.8626704598451636,31.673595890410954,0.04748144031404953,507
22110,9206.87,2726,547,512,3.863729433272395,BIRD HOUSE HOT WATER BOTTLE,-10.2,4.0,2.0,2.0,9196.67,0.0011078683635155052,0.001467351430667645,3.377428466617755,17.98216796875,0.04743672017470403,508
22141,9235.81,3785,624,572,2.619679487179487,CHRISTMAS CRAFT TREE TOP ANGEL,-50.4,24.0,5.0,4.0,9185.41,0.005457020012321605,0.006340819022457068,2.4401083223249667,16.146520979020977,0.04737864073190928,509
22992,10373.99,5233,356,348,2.2714044943820224,REVOLVER WOODEN RULER ,-1193.4,716.0,8.0,8.0,9180.59,0.11503770487536619,0.1368240015287598,1.9824173514236576,29.81031609195402,0.047353779016609934,510
20747,9224.92,683,108,108,15.723703703703702,PICCADILLY TEA SET,-55.4,4.0,3.0,3.0,9169.52,0.006005472134175689,0.005856515373352855,13.506471449487554,85.41592592592593,0.04729667959993695,511
21933,9161.4,4139,640,625,2.4531875,PINK VINTAGE PAISLEY PICNIC BAG,-58.050000000000004,21.0,7.0,7.0,9103.35,0.006336367804047417,0.005073689296931626,2.213433196424257,14.65824,0.04695537260795396,512
22371,9178.51,1867,710,684,5.386140845070423,AIRLINE BAG VINTAGE TOKYO 78,-81.13,19.0,14.0,13.0,9097.380000000001,0.008839125304651843,0.010176754151044456,4.916181039100161,13.418874269005848,0.04692457915560186,513
22244,9220.82,4814,441,431,2.701814058956916,3 HOOK HANGER MAGIC GARDEN,-124.8,64.0,16.0,15.0,9096.02,0.01353458803013181,0.013294557540506855,1.9154175321977565,21.39401392111369,0.046917564231782956,514
21658,9434.45,2257,540,519,5.3474814814814815,GLASS  BEURRE DISH,-355.39,91.0,54.0,53.0,9079.060000000001,0.03766939249240814,0.04031900753212229,4.180084182543199,18.178131021194606,0.046830084005335455,515
22839,9329.09,595,276,260,18.28782608695652,3 TIER CAKE TIN GREEN AND CREAM,-251.95,17.0,12.0,11.0,9077.14,0.027006921361033068,0.02857142857142857,15.679142857142857,35.881115384615384,0.04682018058347347,516
23080,9117.62,1074,261,257,9.339272030651342,RED METAL BOX TOP SECRET,-90.75,11.0,7.0,7.0,9026.87,0.009953255345144895,0.010242085661080074,8.489404096834265,35.477120622568094,0.04656088630378502,517
21777,9170.91,1138,374,367,9.079117647058824,RECIPE BOX WITH METAL HEART,-159.0,20.0,11.0,9.0,9011.91,0.017337428892007446,0.01757469244288225,8.058796133567663,24.98885558583106,0.04648372214177708,518
21985,9015.56,25648,951,919,0.41050473186119874,PACK OF 12 HEARTS DESIGN TISSUES ,-31.319999999999997,108.0,3.0,3.0,8984.24,0.0034739938506315746,0.00421085464753587,0.35151122894572673,9.81018498367791,0.046340999390255704,519
23319,9219.53,3720,411,403,2.651167883211679,BOX OF 6 MINI 50'S CRACKERS,-244.97000000000003,116.0,6.0,6.0,8974.560000000001,0.02657076879190154,0.03118279569892473,2.4783682795698927,22.87724565756824,0.04629106963836822,520
21735,11503.15,887,268,262,15.281119402985073,TWO DOOR CURIO CABINET,-2535.6,224.0,38.0,37.0,8967.55,0.22042657880667468,0.2525366403607666,12.968602029312288,43.90515267175572,0.04625491183250754,521
21715,9017.8,3564,494,487,3.2583603238866394,GIRLS VINTAGE TIN SEASIDE BUCKET,-69.75,33.0,2.0,2.0,8948.05,0.007734702477322629,0.009259259259259259,2.5302469135802466,18.517043121149896,0.046154330204221786,522
22989,8999.27,2811,378,372,3.6862698412698416,SET 2 PANTRY DESIGN TEA TOWELS,-78.0,24.0,4.0,4.0,8921.27,0.008667369686652361,0.008537886872998933,3.2014478833155464,24.191586021505376,0.04601619810137603,523
22942,9899.68,1271,267,246,8.573183520599251,CHRISTMAS LIGHTS 10 SANTAS ,-980.0500000000002,125.0,14.0,13.0,8919.630000000001,0.09899814943513327,0.0983477576711251,7.78889063729347,40.24260162601626,0.04600773892853558,524
23439,8855.51,3986,412,397,2.2266262135922332,HAND WARMER RED LOVE HEART,0.0,0.0,0.0,0.0,8855.51,0.0,0.0,2.2216532865027596,22.306070528967254,0.045677005902603145,525
23318,9162.41,3809,382,376,2.7416492146596863,BOX OF 6 MINI VINTAGE CRACKERS,-368.71000000000004,168.0,7.0,7.0,8793.7,0.040241595824679316,0.044106064583880285,2.4054633762142292,24.36811170212766,0.045358187931098415,526
21042,8884.73,1500,415,399,6.8990602409638555,RED RETROSPOT APRON ,-105.80000000000001,18.0,10.0,10.0,8778.93,0.011908071488947894,0.012,5.923153333333333,22.26749373433584,0.04528200379521223,527
22895,8787.220000000001,2886,427,411,3.476416861826698,SET OF 2 TEA TOWELS APPLE AND PEARS,-17.700000000000003,6.0,1.0,1.0,8769.52,0.002014288933246237,0.002079002079002079,3.0447747747747753,21.380097323600975,0.04523346671202408,528
22212,8839.880000000001,4100,858,828,2.631853146853147,FOUR HOOK  WHITE LOVEBIRDS,-84.0,40.0,15.0,15.0,8755.880000000001,0.009502391435177853,0.00975609756097561,2.156068292682927,10.676183574879229,0.04516311115254626,529
23322,8878.210000000001,3069,572,562,3.1351398601398603,LARGE WHITE HEART OF WICKER,-169.85000000000002,63.0,10.0,10.0,8708.36,0.019131108635637138,0.020527859237536656,2.892867383512545,15.79752669039146,0.04491800146146221,530
85049E,8733.76,6511,882,830,1.4826417233560092,SCANDINAVIAN REDS RIBBONS,-35.0,28.0,4.0,4.0,8698.76,0.004007437804565273,0.004300414682844417,1.3413853478728306,10.522602409638555,0.044868484352152294,531
84839,8747.05,1523,394,393,7.216472081218274,SWEETHEART KEY CABINET,-78.6,12.0,10.0,10.0,8668.449999999999,0.00898588667036315,0.007879185817465528,5.7433026920551535,22.257124681933842,0.04471214439557069,532
22751,8690.2,2325,488,466,4.15030737704918,FELTCRAFT PRINCESS OLIVIA DOLL,-22.5,6.0,2.0,2.0,8667.7,0.0025891233803594853,0.0025806451612903226,3.7377204301075273,18.648497854077256,0.04470827587140586,533
21980,8712.99,31546,694,676,0.3874639769452449,PACK OF 12 RED RETROSPOT TISSUES ,-62.63999999999999,216.0,7.0,6.0,8650.35,0.00718926568261871,0.006847143853420402,0.27619951816395105,12.889038461538462,0.04461878401239264,534
23534,8608.9,1387,261,260,7.53896551724138,WALL ART STOP FOR TEA ,-41.650000000000006,7.0,2.0,1.0,8567.25,0.004838016471326187,0.005046863734679163,6.206849315068493,33.11115384615385,0.044190151534928744,535
21186,8532.17,5272,375,369,2.0303733333333334,WHITE DOVE HONEYCOMB PAPER GARLAND,-14.5,10.0,1.0,1.0,8517.67,0.0016994504328910465,0.0018968133535660092,1.6183933990895296,23.12241192411924,0.04393441629747194,536
23078,8553.34,6831,257,257,1.4267315175097277,ICE CREAM PEN LIP GLOSS ,-60.0,48.0,2.0,2.0,8493.34,0.0070148035738085935,0.007026789635485288,1.2521358512662861,33.28147859922179,0.043808921373564645,537
22354,8563.31,2257,284,280,4.244366197183099,RETROSPOT PADDED SEAT CUSHION,-70.89,19.0,4.0,4.0,8492.42,0.00827834096862078,0.008418254319893664,3.7941116526362424,30.58325,0.043804175983922444,538
23493,8497.98,3964,424,415,2.156320754716981,VINTAGE DOILY TRAVEL SEWING KIT,-11.399999999999999,6.0,3.0,3.0,8486.58,0.001341495272994288,0.0015136226034308778,2.143789101917255,20.477060240963855,0.04377405307575891,539
22283,8628.95,1042,387,382,9.625038759689922,6 EGG HOUSE PAINTED WOOD,-143.1,18.0,7.0,7.0,8485.85,0.016583709489567094,0.01727447216890595,8.281142034548944,22.58887434554974,0.043770287712238475,540
20974,8883.54,13493,879,822,0.7491467576791809,12 PENCILS SMALL TUBE SKULL,-397.79999999999995,612.0,6.0,6.0,8485.740000000002,0.04477944603164954,0.04535685170088194,0.6583813829393019,10.807226277372264,0.0437697203286943,541
21932,8539.92,3884,659,649,2.437040971168437,SCANDINAVIAN PAISLEY PICNIC BAG,-58.3,34.0,4.0,4.0,8481.62,0.006826761843202278,0.008753861997940269,2.1987435633367665,13.158582434514638,0.04374846923594879,542
21135,8656.81,6038,422,405,2.0036255924170616,VICTORIAN  METAL POSTCARD SPRING,-182.8,328.0,6.0,6.0,8474.01,0.021116323449399954,0.0543226233852269,1.4337214309373965,21.374839506172837,0.04370921661075625,543
21411,8493.04,2118,641,624,4.891669266770671,GINGHAM HEART  DOORSTOP RED,-34.0,8.0,3.0,3.0,8459.04,0.004003277978203329,0.003777148253068933,4.009933899905572,13.610641025641026,0.04363200086842612,544
23082,8558.76,2328,303,297,4.093564356435643,SET 6 PAPER TABLE LANTERN HEARTS ,-103.16,28.0,6.0,6.0,8455.6,0.012053147885908706,0.012027491408934709,3.676443298969072,28.81737373737374,0.04361425723759006,545
22078,8519.26,4015,495,480,2.499030303030303,RIBBON REEL LACE DESIGN ,-79.8,38.0,3.0,3.0,8439.460000000001,0.009367010749759956,0.009464508094645082,2.1218580323785803,17.748458333333335,0.04353100659756279,546
23535,8440.24,1324,216,215,7.446898148148148,WALL ART BICYCLE SAFETY,-5.95,1.0,1.0,1.0,8434.289999999999,0.0007049562571680427,0.0007552870090634441,6.374803625377643,39.25693023255814,0.0435043395709865,547
48189,8487.26,1322,275,274,9.079345454545455,DOOR MAT FRIENDSHIP ,-67.5,10.0,1.0,1.0,8419.76,0.007953096759142526,0.007564296520423601,6.420015128593041,30.975401459854016,0.04342939336283307,548
22073,8587.13,2160,492,474,4.611117886178862,RED RETROSPOT STORAGE JAR,-171.78,46.0,29.0,28.0,8415.349999999999,0.02000435535504878,0.021296296296296296,3.975523148148148,18.116308016877635,0.043406646440743824,549
22079,8510.14,5054,698,684,1.9425644699140399,RIBBON REEL HEARTS DESIGN ,-100.65,61.0,5.0,5.0,8409.49,0.01182706747480065,0.012069647803719826,1.6838425009893152,12.441725146198829,0.043376420371935905,550
21244,8448.69,5159,454,445,1.9457929515418502,BLUE POLKADOT PLATE ,-52.39,31.0,9.0,8.0,8396.300000000001,0.006200961332466927,0.006008916456677651,1.6376603993021905,18.985820224719102,0.04330838592695698,551
22329,8448.9,5165,618,610,2.087071197411003,ROUND CONTAINER SET OF 5 RETROSPOT,-54.45,33.0,5.0,4.0,8394.449999999999,0.006444625927635551,0.0063891577928363984,1.6357986447241044,13.850655737704917,0.04329884356735038,552
21874,8424.34,6467,642,617,1.8419158878504673,GIN AND TONIC MUG,-36.46,29.0,12.0,12.0,8387.880000000001,0.0043279354821861415,0.004484304932735426,1.302665841966909,13.653711507293355,0.043264955295666416,553
23321,8438.54,4716,644,629,1.7480124223602485,SMALL WHITE HEART OF WICKER,-64.35,39.0,4.0,4.0,8374.19,0.007625726725239199,0.00826972010178117,1.789342663273961,13.415802861685217,0.0431943418345776,554
22358,8541.25,2687,626,605,3.896645367412141,KINGS CHOICE TEA CADDY ,-170.35,61.0,13.0,13.0,8370.9,0.01994438753109908,0.022701898027540007,3.1787309266840342,14.117768595041323,0.043177371908574506,555
22275,8403.18,1015,320,313,8.88178125,WEEKEND BAG VINTAGE ROSE PAISLEY,-42.5,5.0,4.0,4.0,8360.68,0.00505760914320531,0.0049261083743842365,8.278995073891625,26.847220447284347,0.04312465681928834,556
22215,8869.43,1092,363,359,9.022975206611571,CAKE STAND WHITE TWO TIER LACE,-510.0,62.0,30.0,30.0,8359.43,0.0575008766065012,0.056776556776556776,8.122188644688645,24.70593314763231,0.043118209279013615,557
23256,8667.07,2113,372,368,4.463064516129032,CHILDRENS CUTLERY SPACEBOY ,-338.0,88.0,8.0,8.0,8329.07,0.03899818508446338,0.0416469474680549,4.101784193090393,23.551820652173912,0.04296161142082102,558
21934,8394.72,4643,739,725,2.2097564276048716,SKULL SHOULDER BAG,-100.64999999999999,61.0,2.0,2.0,8294.07,0.01198967922694265,0.013138057290544906,1.8080379065259529,11.578924137931034,0.04278108029312865,559
85049A,8351.15,6328,715,667,1.4553286713286713,TRADITIONAL CHRISTMAS RIBBONS,-63.75,51.0,6.0,6.0,8287.4,0.007633679193883478,0.008059418457648546,1.31971396965866,12.520464767616192,0.0427466762182227,560
85064,8305.210000000001,1785,294,279,6.198775510204082,CREAM SWEETHEART LETTER RACK,-20.200000000000003,4.0,3.0,3.0,8285.01,0.00243220821628833,0.002240896358543417,4.652778711484594,29.76777777777778,0.04273434852121743,561
22628,8408.48,1748,354,350,5.6662994350282485,PICNIC BOXES SET OF 3 RETROSPOT ,-133.65,27.0,14.0,14.0,8274.83,0.015894668239681848,0.015446224256292907,4.810343249427917,24.02422857142857,0.04268183975322004,562
21769,8562.52,134,50,48,77.176,VINTAGE POST OFFICE CABINET,-319.8,4.0,4.0,4.0,8242.720000000001,0.03734881787137431,0.029850746268656716,63.89940298507463,178.38583333333335,0.042516215338642846,563
82551,8162.4,5689,770,751,1.675064935064935,LAUNDRY 15C METAL SIGN,-7.7,6.0,4.0,4.0,8154.7,0.0009433499950994806,0.001054666901037089,1.434768852170856,10.868708388814913,0.04206220534265761,564
22738,8347.89,4615,531,498,2.1986817325800376,RIBBON REEL SNOWY VILLAGE,-207.0,140.0,3.0,3.0,8140.889999999999,0.02479668515037932,0.030335861321776816,1.808860238353196,16.762831325301203,0.041990972917702415,565
51008,9179.25,2865,84,80,3.3964285714285714,AFGHAN SLIPPER SOCK PAIR,-1054.05,349.0,5.0,5.0,8125.2,0.11482964294468502,0.1218150087260035,3.2039267015706807,114.740625,0.04191004339217403,566
20675,8179.16,6564,705,693,1.506,BLUE POLKADOT BOWL,-59.81,48.0,10.0,9.0,8119.349999999999,0.007312486856841045,0.007312614259597806,1.2460633759902497,11.802539682539683,0.041879868903688305,567
21238,8248.68,9568,929,903,1.0217976318622175,RED RETROSPOT CUP,-133.19,157.0,23.0,22.0,8115.490000000001,0.016146825916389045,0.01640886287625418,0.8621112040133779,9.134750830564784,0.041859958899319955,568
85067,8309.69,502,180,175,20.285777777777778,CREAM SWEETHEART WALL CABINET,-202.45,11.0,11.0,11.0,8107.240000000001,0.02436312305272519,0.021912350597609563,16.55316733067729,47.48394285714286,0.04181740513350675,569
22055,8179.19,4925,747,724,2.162878179384203,MINI CAKE STAND  HANGING STRAWBERY,-82.95,51.0,19.0,19.0,8096.24,0.010141591037743347,0.010355329949238578,1.6607492385786802,11.297223756906076,0.04176066677908914,570
72807C,8663.24,2018,360,345,5.375333333333334,SET/3 VANILLA SCENTED CANDLE IN BOX,-570.63,147.0,17.0,16.0,8092.61,0.06586796625742794,0.07284440039643211,4.2929831516352825,25.110840579710143,0.04174194312213133,571
21116,8094.27,1385,551,534,6.783865698729582,OWL DOORSTOP,-4.95,1.0,1.0,1.0,8089.320000000001,0.0006115437216697738,0.0007220216606498195,5.844238267148015,15.157808988764046,0.04172497319612826,572
84508A,8096.58,3811,111,108,2.5124324324324325,CAMOUFLAGE DESIGN TEDDY,-21.9,10.0,3.0,3.0,8074.68,0.0027048457496869046,0.0026239832065074785,2.124528995014432,74.96833333333333,0.041649459604430644,573
20829,9875.44,4842,500,481,2.42462,GLITTER HANGING BUTTERFLY STRING,-1804.06,1095.0,15.0,14.0,8071.380000000001,0.18268148052137423,0.22614622057001238,2.0395373812474187,20.531060291060292,0.041632438098105365,574
84032B,8210.390000000001,3424,624,601,3.098301282051282,CHARLIE + LOLA RED HOT WATER BOTTLE,-168.9,78.0,8.0,8.0,8041.490000000002,0.02057149538572467,0.0227803738317757,2.397894275700935,13.661214642262896,0.041478264515056075,575
21115,8046.38,1257,440,431,7.776659090909091,ROSE CARAVAN DOORSTOP,-6.75,1.0,1.0,1.0,8039.63,0.0008388865551962497,0.0007955449482895784,6.401256961018298,18.66909512761021,0.04146867057512727,576
22592,8035.83,1999,315,304,4.439301587301587,CARDHOLDER HOLLY WREATH METAL,-7.5,2.0,2.0,2.0,8028.33,0.0009333198935268666,0.0010005002501250625,4.019924962481241,26.433651315789472,0.04141038481104374,577
22350,7952.01,2860,344,331,3.098924418604651,ILLUSTRATED CAT BOWL ,-5.1,2.0,2.0,2.0,7946.91,0.0006413472820079451,0.0006993006993006993,2.780423076923077,24.024199395770392,0.040990417827709076,578
22504,8224.63,374,118,115,25.828644067796606,CABIN BAG VINTAGE RETROSPOT,-322.25,12.0,8.0,8.0,7902.379999999999,0.039181093860757264,0.03208556149732621,21.99098930481283,71.51852173913043,0.04076073065296217,579
21870,7999.28,6377,661,630,1.556127080181543,I CAN ONLY PLEASE ONE PERSON MUG,-121.25,97.0,18.0,18.0,7878.03,0.015157614185276676,0.015210914222988866,1.2543954837697977,12.697269841269842,0.040635132568410476,580
21976,7905.88,14745,978,950,0.7721574642126791,PACK OF 60 MUSHROOM CAKE CASES,-30.25,55.0,4.0,4.0,7875.63,0.0038262660197220296,0.003730077992539844,0.5361736181756528,8.321978947368422,0.040622753291083,581
22353,7917.89,3039,498,493,3.147369477911646,LUNCH BOX WITH CUTLERY FAIRY CAKES ,-51.0,20.0,6.0,6.0,7866.89,0.006441109942168936,0.006581112207963146,2.6054261270154657,16.060628803245436,0.040577672089482104,582
21875,7946.07,6854,427,414,1.7200468384074943,KINGS CHOICE MUG,-81.53,71.0,10.0,10.0,7864.54,0.010260418043133273,0.010358914502480304,1.1593332360665305,19.19340579710145,0.040565550713765615,583
22813,7865.429999999999,4031,399,373,2.463533834586466,PACK 3 BOXES BIRD PANNETONE ,-1.95,1.0,1.0,1.0,7863.48,0.0002479203298484635,0.00024807740014884643,1.951235425452741,21.0869436997319,0.04056008319961264,584
21110,7824.08,1651,340,329,7.4464411764705885,LARGE CAKE TOWEL PINK SPOTS,-38.9,6.0,3.0,3.0,7785.18,0.004971830553879817,0.0036341611144760752,4.7389945487583285,23.781398176291795,0.04015620927680371,585
21588,7848.0,3390,298,284,2.5243288590604025,RETROSPOT GIANT TUBE MATCHES,-63.75,25.0,3.0,3.0,7784.25,0.00812308868501529,0.007374631268436578,2.3150442477876108,27.633802816901408,0.0401514123068393,586
22165,7844.22,991,282,272,12.830425531914893,"DIAMANTE HEART SHAPED WALL MIRROR, ",-89.25,9.0,6.0,6.0,7754.97,0.011377804294117196,0.009081735620585268,7.915459132189707,28.83904411764706,0.04000038512344409,587
22809,7862.400000000001,2632,400,379,3.3705000000000003,SET OF 6 T-LIGHTS SANTA,-132.0,48.0,5.0,5.0,7730.400000000001,0.016788766788766788,0.0182370820668693,2.9872340425531916,20.745118733509237,0.03987365227180404,588
23238,7771.61,1849,278,274,4.752158273381295,SET OF 4 KNICK KNACK TINS LONDON ,-65.60000000000001,16.0,8.0,8.0,7706.009999999999,0.008440979410958605,0.008653326122228232,4.203142239048134,28.3635401459854,0.03974784786596355,589
20717,7834.73,6337,777,757,1.5998712998712998,STRAWBERRY SHOPPER BAG,-137.25,125.0,5.0,5.0,7697.48,0.01751815314631136,0.019725422124033453,1.236346851822629,10.349709379128138,0.039703849851128806,590
22689,8382.62,1094,266,264,9.372142857142856,DOORMAT MERRY CHRISTMAS RED ,-691.5,102.0,3.0,2.0,7691.120000000001,0.08249210867246755,0.09323583180987204,7.662358318098721,31.752348484848486,0.03967104476621099,591
21381,8634.7,5140,549,532,2.1946083788706736,MINI WOODEN HAPPY BIRTHDAY GARLAND,-949.71,603.0,6.0,6.0,7684.990000000001,0.10998760813925208,0.11731517509727626,1.6799027237354087,16.230639097744362,0.03963942602870373,592
22669,7823.62,2434,458,438,3.6670305676855897,RED BABY BUNTING ,-142.25,55.0,2.0,2.0,7681.37,0.0181821202972537,0.02259654889071487,3.21430566967954,17.862146118721462,0.03962075395206811,593
84968C,7731.24,644,196,191,14.967244897959183,SET OF 16 VINTAGE PISTACHIO CUTLERY,-51.0,4.0,2.0,2.0,7680.24,0.00659661322116504,0.006211180124223602,12.00503105590062,40.477696335078534,0.03961492537565976,594
22784,7934.57,1588,388,369,5.656752577319588,LANTERN CREAM GAZEBO ,-258.9,54.0,32.0,30.0,7675.67,0.03262936743894124,0.03400503778337532,4.996580604534005,21.50289972899729,0.03959135316841536,595
22890,8143.82,832,272,260,11.078051470588235,NOVELTY BISCUITS CAKE STAND 3 TIER,-481.34999999999997,51.0,26.0,26.0,7662.469999999999,0.05910616884950797,0.06129807692307692,9.788245192307691,31.322384615384614,0.03952326714311423,596
23007,7741.749999999999,498,184,184,15.913423913043477, SPACEBOY BABY GIFT SET,-101.7,6.0,3.0,3.0,7640.049999999999,0.013136564730196663,0.012048192771084338,15.545682730923692,42.07472826086956,0.039407624060746715,597
84568,7817.91,37134,313,310,0.37392971246006385,GIRLS ALPHABET IRON ON PATCHES ,-181.64999999999998,865.0,4.0,4.0,7636.26,0.023235110150922687,0.023294016265417137,0.210532396186783,25.21906451612903,0.03938807511863374,598
22796,8183.639999999999,819,325,316,10.517938461538462,PHOTO FRAME 3 CLASSIC HANGING,-563.8499999999999,59.0,25.0,25.0,7619.789999999999,0.06889965834274234,0.07203907203907203,9.992234432234431,25.89759493670886,0.03930312232797393,599
23204,7741.94,7976,586,583,1.1219453924914675,CHARLOTTE BAG APPLES DESIGN,-138.34,186.0,8.0,8.0,7603.599999999999,0.017868906243138027,0.02331995987963892,0.9706544633901705,13.279485420240137,0.03921961378633566,600
22528,7626.77,5825,560,554,1.4941071428571426,GARDENERS KNEELING PAD,-56.25,45.0,5.0,5.0,7570.52,0.007375337134855253,0.007725321888412017,1.309316738197425,13.76673285198556,0.03904898608050527,601
22798,7737.46,2486,379,356,3.745461741424802,ANTIQUE GLASS DRESSING TABLE POT,-168.15,57.0,24.0,22.0,7569.31,0.02173193787108431,0.022928399034593726,3.112413515687852,21.73443820224719,0.03904274486151933,602
22224,7634.200000000001,2403,415,401,3.6338072289156624,WHITE LOVEBIRD LANTERN,-64.9,22.0,6.0,6.0,7569.300000000001,0.008501218202300176,0.009155222638368706,3.1769454848106538,19.037905236907733,0.03904269328119714,603
22242,7657.44,4812,378,368,1.91994708994709,"HOOK, 5 HANGER , MAGIC TOADSTOOL",-102.3,62.0,10.0,9.0,7555.139999999999,0.01335955619632671,0.012884455527847049,1.5913216957605985,20.808260869565217,0.03896965554496501,604
22779,7649.639999999999,2020,204,193,4.1940196078431375,WOODEN OWLS LIGHT GARLAND ,-110.5,26.0,7.0,7.0,7539.139999999999,0.01444512421499574,0.01287128712871287,3.7869504950495045,39.63544041450777,0.0388871270294485,605
22739,7678.26,4159,642,601,2.2104828660436135,RIBBON REEL CHRISTMAS SOCK BAUBLE,-190.5,130.0,2.0,2.0,7487.76,0.024810308585538912,0.03125751382543881,1.8461793700408753,12.775806988352747,0.0386221073339961,606
22945,7696.69,7827,368,338,2.3231521739130434,CHRISTMAS METAL TAGS ASSORTED ,-210.78,270.0,7.0,6.0,7485.91,0.027385798310702394,0.03449597546952855,0.9833512201354286,22.771272189349112,0.038612564974389495,607
22550,7813.46,2085,440,425,4.415613636363636,HOLIDAY FUN LUDO,-330.0,88.0,8.0,8.0,7483.46,0.04223481018652428,0.04220623501199041,3.747462829736211,18.384611764705884,0.03859992779545103,608
22489,7607.1,18050,807,785,0.5127013630731103,PACK OF 12 TRADITIONAL CRAYONS,-128.88,348.0,8.0,8.0,7478.22,0.016942067279252276,0.0192797783933518,0.4214459833795014,9.690573248407643,0.038572899706619375,609
21361,7660.82,580,295,286,14.334,LOVE LARGE WOOD LETTERS ,-202.2,16.0,13.0,13.0,7458.62,0.02639404136893962,0.027586206896551724,13.208310344827586,26.786083916083914,0.03847180227511164,610
82580,7545.160000000001,13376,1376,1336,0.7681250000000001,BATHROOM METAL SIGN,-129.49,295.0,9.0,9.0,7415.670000000001,0.017161995239332234,0.022054425837320573,0.5640819377990431,5.647574850299402,0.038250264791272,611
21746,7477.12,5969,499,488,1.513006012024048,SMALL RED RETROSPOT WINDMILL,-72.5,58.0,9.0,9.0,7404.62,0.009696246683214928,0.009716870497570782,1.2526587368068354,15.321967213114753,0.0381932685352434,612
22282,7406.65,565,219,216,16.957168949771688,12 EGG HOUSE PAINTED WOOD,-25.5,2.0,2.0,2.0,7381.15,0.0034428520316202335,0.0035398230088495575,13.109115044247787,34.290046296296296,0.038072209519045115,613
21737,7362.66,398,164,164,19.868048780487804,SET 3 WICKER LOG BASKETS,0.0,0.0,0.0,0.0,7362.66,0.0,0.0,18.499145728643217,44.89426829268292,0.037976837503301344,614
21876,7460.09,5718,644,623,2.0026242236024845,POTTERING MUG,-112.4,85.0,16.0,15.0,7347.6900000000005,0.01506684235712974,0.014865337530605106,1.30466771598461,11.974462279293741,0.03789962176097121,615
72351A,7408.59,3746,408,399,2.301764705882353,SET/6 TURQUOISE BUTTERFLY T-LIGHTS,-67.03,34.0,5.0,5.0,7341.56,0.009047605549773978,0.009076348104644954,1.9777335824879871,18.567894736842106,0.03786800302346394,616
22493,7738.89,4810,439,418,1.8464464692482914,PAINT YOUR OWN CANVAS SET,-398.1,274.0,5.0,5.0,7340.79,0.051441485794474405,0.05696465696465697,1.60891683991684,18.51409090909091,0.03786403133865471,617
22029,7365.650000000001,17799,1119,1101,0.508248436103664,SPACEBOY BIRTHDAY CARD,-25.2,60.0,2.0,2.0,7340.450000000001,0.0034212866481573246,0.0033709758975223325,0.41382381032642285,6.689963669391463,0.03786227760769999,618
21114,7399.66,5733,514,494,1.8149805447470817,LAVENDER SCENTED FABRIC HEART,-75.0,60.0,5.0,5.0,7324.66,0.010135600824902766,0.010465724751439037,1.2907134135705565,14.97906882591093,0.03778083227894962,619
21561,7326.82,2977,528,522,2.901799242424242,DINOSAUR LUNCH BOX WITH CUTLERY,-7.6499999999999995,3.0,3.0,3.0,7319.17,0.0010441091769689988,0.001007725898555593,2.4611420893516964,14.036053639846743,0.03775251468206302,620
23382,7356.18,1875,221,220,4.660950226244344,BOX OF 6 CHRISTMAS CAKE DECORATIONS,-63.75,17.0,3.0,3.0,7292.43,0.008666182719835566,0.009066666666666667,3.923296,33.43718181818182,0.03761458890050604,621
22465,7499.4,4636,487,461,1.8773100616016427,HANGING METAL STAR LANTERN,-217.64999999999998,145.0,17.0,17.0,7281.75,0.029022321785742856,0.03127696289905091,1.6176445211389128,16.26767895878525,0.03755950111639877,622
22626,7379.96,861,353,339,9.22070821529745,BLACK KITCHEN SCALES,-110.5,13.0,7.0,7.0,7269.46,0.014972980883365222,0.015098722415795587,8.571382113821139,21.769793510324483,0.03749610890041764,623
21625,7234.87,1007,348,334,8.227959770114943,VINTAGE UNION JACK APRON,0.0,0.0,0.0,0.0,7234.87,0.0,0.0,7.184577954319762,21.661287425149702,0.03731769256593538,624
22414,7241.85,1191,223,220,9.455874439461883,DOORMAT NEIGHBOURHOOD WITCH ,-16.2,2.0,2.0,2.0,7225.650000000001,0.002236997452308457,0.0016792611251049538,6.080478589420655,32.917500000000004,0.03727013550886899,625
22567,7277.12,5784,527,506,1.4631878557874762,20 DOLLY PEGS RETROSPOT,-61.45,49.0,10.0,10.0,7215.67,0.008444274658106505,0.0084716459197787,1.258146611341632,14.381660079051382,0.03721865834731556,626
22588,8025.58,2918,506,483,3.1283399209486165,CARD HOLDER GINGHAM HEART,-815.0700000000002,387.0,4.0,3.0,7210.51,0.10155901504937963,0.13262508567511994,2.7503701165181633,16.616107660455487,0.03719204290106149,627
22577,7279.889999999999,14160,879,832,0.6573606370875995,WOODEN HEART CHRISTMAS SCANDINAVIAN,-83.05,101.0,2.0,2.0,7196.839999999999,0.011408139408699858,0.007132768361581921,0.5141165254237288,8.749867788461538,0.03712153260061706,628
21981,7200.23,26425,580,553,0.46708620689655167,PACK OF 12 WOODLAND TISSUES ,-9.69,31.0,2.0,2.0,7190.54,0.0013457903428084935,0.001173131504257332,0.27247795648060547,13.020307414104881,0.03708903699763244,629
21463,7593.76,1370,306,302,6.55343137254902,MIRRORED DISCO BALL ,-403.3,74.0,27.0,26.0,7190.46,0.053109395082278084,0.05401459854014599,5.542890510948905,25.144900662251658,0.037088624355054854,630
22907,7314.69,8727,862,829,0.9726334106728538,PACK OF 20 NAPKINS PANTRY DESIGN,-167.07999999999998,244.0,7.0,7.0,7147.61,0.022841706210379387,0.02795920705855391,0.8381677552423513,8.823510253317249,0.036867602674437186,631
85065,7524.44,620,256,256,13.5696875,CREAM SWEETHEART TRAYS,-377.8,36.0,10.0,10.0,7146.639999999999,0.05020971660349475,0.05806451612903226,12.136193548387096,29.39234375,0.036862599383184,632
22644,7400.99,5060,635,610,1.9733385826771652,CERAMIC CHERRY CAKE MONEY BANK,-254.45,107.0,19.0,19.0,7146.54,0.034380535576997134,0.021146245059288537,1.4626462450592885,12.132770491803278,0.03686208357996202,633
22360,7630.000000000001,2525,436,425,3.794633027522936,GLASS JAR ENGLISH CONFECTIONERY,-524.45,187.0,39.0,39.0,7105.550000000001,0.06873525557011795,0.07405940594059406,3.0217821782178222,17.952941176470592,0.036650655839273155,634
21700,7177.8099999999995,6421,543,525,3.2864088397790057,BIG DOUGHNUT FRIDGE MAGNETS,-102.85,121.0,6.0,6.0,7074.959999999999,0.01432888304371389,0.018844416757514405,1.1178648185640865,13.672019047619047,0.036492871633670015,635
21107,7042.950000000001,2452,330,313,3.6731515151515155,CREAM SLICE FLANNEL PINK SPOT ,0.0,0.0,0.0,0.0,7042.950000000001,0.0,0.0,2.8723287112561176,22.501437699680512,0.036327763022314795,636
23083,7250.900000000001,1932,249,246,4.236586345381526,SET 6 PAPER TABLE LANTERN STARS ,-214.17000000000002,63.0,3.0,3.0,7036.7300000000005,0.029537022990249486,0.03260869565217391,3.7530538302277434,29.47520325203252,0.03629568006190775,637
22827,7605.0,49,37,35,158.51351351351352,RUSTIC  SEVENTEEN DRAWER SIDEBOARD,-580.0,4.0,4.0,4.0,7025.0,0.0762656147271532,0.08163265306122448,155.20408163265307,217.28571428571428,0.0362351763439697,638
21984,7070.67,25487,452,432,0.41652654867256633,PACK OF 12 PINK PAISLEY TISSUES ,-48.239999999999995,168.0,6.0,5.0,7022.43,0.006822550055369575,0.006591595715462785,0.2774226076038765,16.367291666666667,0.03622192020116486,639
23320,7053.57,2661,338,333,2.805680473372781,GIANT 50'S CHRISTMAS CRACKER,-37.57,13.0,2.0,2.0,7016.0,0.005326380825596117,0.004885381435550545,2.6507215332581735,21.18189189189189,0.03618875405399166,640
23543,7010.76,1236,105,103,8.530952380952382,WALL ART KEEP CALM ,0.0,0.0,0.0,0.0,7010.76,0.0,0.0,5.672135922330098,68.06563106796116,0.036161725965160006,641
21497,7009.5,17575,488,485,0.41770491803278686,FANCY FONTS BIRTHDAY WRAP,0.0,0.0,0.0,0.0,7009.5,0.0,0.0,0.39883357041251777,14.452577319587629,0.03615522684456308,642
21992,7014.97,3423,680,656,2.432955882352941,VINTAGE PAISLEY STATIONERY SET,-17.700000000000003,6.0,1.0,1.0,6997.27,0.0025231754376711523,0.0017528483786152498,2.04936313175577,10.693551829268293,0.036092144110515145,643
22563,6978.86,5985,556,533,1.3187050359712231,HAPPY STENCIL CRAFT,-3.75,3.0,2.0,2.0,6975.11,0.0005373370435859152,0.0005012531328320802,1.1660584795321638,13.093545966228893,0.035977842116524765,644
21903,7001.39,3468,423,407,2.468345153664303,MAN FLU METAL SIGN,-33.1,16.0,4.0,4.0,6968.29,0.004727632655801205,0.00461361014994233,2.018855247981546,17.202432432432435,0.035942664336785855,645
23236,7059.97,2493,330,327,3.2796969696969698,STORAGE TIN VINTAGE DOILY ,-95.37,33.0,17.0,17.0,6964.6,0.013508555985365376,0.013237063778580024,2.8319173686321704,21.590122324159022,0.03592363119789486,646
23293,6989.54,8471,554,552,1.0651805054151624,SET OF 12 FAIRY CAKE BAKING CASES,-26.56,32.0,5.0,5.0,6962.98,0.00379996394612521,0.0037775941447290755,0.8251139180734269,12.662210144927537,0.03591527518569881,647
23283,7003.38,994,233,233,8.65824034334764,DOORMAT VINTAGE LEAF,-57.45,7.0,2.0,2.0,6945.93,0.008203181892172066,0.007042253521126761,7.045653923541248,30.057424892703864,0.035827330736351526,648
22498,6939.6900000000005,1136,384,381,6.842760416666667,WOODEN REGATTA BUNTING,0.0,0.0,0.0,0.0,6939.6900000000005,0.0,0.0,6.108882042253522,18.2144094488189,0.03579514461530008,649
22656,9290.0,45,37,37,214.86486486486487,VINTAGE BLUE KITCHEN CABINET,-2368.5,13.0,12.0,12.0,6921.5,0.25495156081808396,0.28888888888888886,206.44444444444446,251.0810810810811,0.03570132000922224,650
22187,7113.5,2158,387,364,4.458785529715763,GREEN CHRISTMAS TREE CARD HOLDER,-195.7,50.0,15.0,14.0,6917.8,0.027511070499753987,0.023169601482854494,3.296339202965709,19.542582417582416,0.03568223529000905,651
37450,7105.79,2467,404,391,3.4656188118811886,CERAMIC CAKE BOWL + HANGING CAKES,-193.2,72.0,27.0,27.0,6912.59,0.02718909509006036,0.029185245237130116,2.8803364410214836,18.173375959079284,0.03565536194214399,652
20973,6918.12,10047,701,658,0.7855206847360913,12 PENCIL SMALL TUBE WOODLAND,-5.85,9.0,5.0,4.0,6912.2699999999995,0.0008456054535047093,0.0008957897879964168,0.6885756942370856,10.51386018237082,0.03565371137183365,653
22938,7006.299999999999,3746,286,273,2.072097902097902,CUPCAKE LACE PAPER SET 6,-117.0,60.0,4.0,4.0,6889.299999999999,0.01669925638354053,0.01601708489054992,1.8703416978109981,25.66410256410256,0.03553523137174525,654
22781,7251.77,889,319,307,9.506959247648904,GUMBALL MAGAZINE RACK,-366.75,51.0,15.0,15.0,6885.02,0.05057385989903154,0.05736782902137233,8.157221597300339,23.621400651465798,0.035513154993844595,655
85174,7491.04,1521,378,357,6.631798941798942,S/4 CACTI CANDLES,-607.65,141.0,10.0,10.0,6883.39,0.08111690766569128,0.09270216962524655,4.9250756081525315,20.983305322128853,0.03550474740132635,656
22378,6909.82,3776,557,546,2.8798743267504485,WALL TIDY RETROSPOT ,-31.5,15.0,6.0,6.0,6878.32,0.004558729460391153,0.003972457627118644,1.8299311440677966,12.655347985347985,0.035478596177972055,657
21563,6925.89,2800,371,362,3.3251752021563346,RED HEART SHAPE LOVE BUCKET ,-52.050000000000004,19.0,9.0,9.0,6873.84,0.007515279624712492,0.0067857142857142855,2.473532142857143,19.13229281767956,0.03545548819362743,658
22810,7041.93,2295,359,328,3.4331197771587743,SET OF 6 T-LIGHTS SNOWMEN,-169.60000000000002,64.0,3.0,3.0,6872.33,0.024084306433037536,0.027886710239651415,3.0683790849673205,21.469298780487804,0.03544769956497556,659
22845,6955.2,1024,408,394,7.802990196078431,VINTAGE CREAM CAT FOOD CONTAINER,-88.1,14.0,9.0,9.0,6867.099999999999,0.012666781688520819,0.013671875,6.7921875,17.65279187817259,0.0354207230564661,660
22311,6897.35,2145,316,300,4.566329113924051,OFFICE MUG WARMER BLACK+SILVER ,-33.50000000000001,10.0,4.0,4.0,6863.85,0.004856937809448557,0.004662004662004662,3.215547785547786,22.99116666666667,0.03540395945175181,661
ADJUST,8897.929999999998,36,36,36,247.16472222222217,Adjustment by john on 26/01/2010 16,-2062.69,31.0,31.0,31.0,6835.239999999998,0.23181683829834585,0.8611111111111112,247.16472222222217,247.16472222222217,0.03525638814994382,662
37448,6931.509999999999,4619,550,528,1.8015454545454546,CERAMIC CAKE DESIGN SPOTTED MUG,-97.86,66.0,26.0,26.0,6833.65,0.01411813587515563,0.014288807101104134,1.500651656202641,13.127859848484848,0.03524818687871438,663
22431,6859.179999999999,3403,631,620,2.37229793977813,WATERING CAN BLUE ELEPHANT,-35.099999999999994,18.0,5.0,5.0,6824.079999999999,0.005117229756326558,0.005289450484866294,2.015627387599177,11.063193548387096,0.03519882451037106,664
23215,7038.400000000001,3564,213,210,2.2615962441314554,JINGLE BELL HEART ANTIQUE SILVER,-214.8,120.0,1.0,1.0,6823.6,0.030518299613548534,0.03367003367003367,1.9748597081930417,33.51619047619048,0.03519634865490557,665
23254,6903.110000000001,1703,301,299,4.267142857142858,CHILDRENS CUTLERY DOLLY GIRL ,-83.0,20.0,8.0,8.0,6820.110000000001,0.012023566189731874,0.011743981209630064,4.05349970640047,23.08732441471572,0.035178347122458535,666
22377,6931.48,3621,439,435,2.4824145785876994,BOTTLE BAG RETROSPOT ,-116.8,60.0,5.0,5.0,6814.679999999999,0.01685065815669958,0.016570008285004142,1.9142446837890084,15.934436781609195,0.03515033900750511,667
22780,6954.88,1848,186,179,4.193333333333333,LIGHT GARLAND BUTTERFILES PINK,-140.25,33.0,10.0,8.0,6814.63,0.02016569660439864,0.017857142857142856,3.7634632034632034,38.8540782122905,0.035150081105894126,668
23541,6823.91,872,152,152,9.71203947368421,WALL ART CLASSIC PUDDINGS ,-16.5,2.0,1.0,1.0,6807.41,0.002417968583993634,0.0022935779816513763,7.825584862385321,44.8941447368421,0.0351128401132673,669
22746,6831.62,2966,596,564,2.4319630872483224,POPPY'S PLAYHOUSE LIVINGROOM ,-25.2,12.0,2.0,2.0,6806.42,0.003688729759559226,0.004045853000674309,2.303310856372218,12.112801418439716,0.03510773366136971,670
23103,6846.16,4072,376,365,1.8441489361702128,JINGLE BELL HEART DECORATION,-46.2,28.0,3.0,3.0,6799.96,0.006748308540846256,0.0068762278978389,1.6812770137524558,18.756602739726027,0.03507441277322992,671
22898,6777.93,3249,490,471,2.4657346938775513,CHILDRENS APRON APPLES DESIGN,-1.65,1.0,1.0,1.0,6776.280000000001,0.00024343715559175144,0.0003077870113881194,2.0861588180978763,14.390509554140127,0.03495227057026548,672
37500,6869.719999999999,887,268,263,9.24141791044776,TEA TIME TEAPOT IN GIFT BOX,-119.97,13.0,9.0,9.0,6749.749999999999,0.017463593858264966,0.014656144306651634,7.744892897406989,26.12060836501901,0.034815427975474655,673
23297,6792.23,4303,163,161,1.8389570552147239,SET 40 HEART SHAPE PETIT FOUR CASES,-42.9,26.0,4.0,4.0,6749.33,0.006316040534551981,0.006042296072507553,1.5784871020218452,42.18776397515528,0.03481326160194235,674
22432,6784.3099999999995,3555,526,517,2.28254752851711,WATERING CAN PINK BUNNY,-35.1,18.0,4.0,4.0,6749.209999999999,0.005173702263015694,0.005063291139240506,1.9083853727144866,13.122456479690522,0.03481264263807597,675
21768,6756.09,497,164,163,18.043353658536585,WALL MOUNTED VINTAGE ORGANISER,-27.7,2.0,2.0,2.0,6728.39,0.004100004588452788,0.004024144869215292,13.593742454728371,41.44840490797546,0.03470525240726011,676
22059,6798.889999999999,5050,486,458,1.778724279835391,CERAMIC STRAWBERRY DESIGN MUG,-96.85,65.0,21.0,21.0,6702.039999999999,0.014244972341073322,0.01287128712871287,1.3463148514851484,14.844737991266374,0.03456933825826885,677
23229,6739.71,1869,256,256,4.2430078125,VINTAGE DONKEY TAIL GAME ,-40.89,11.0,5.0,5.0,6698.82,0.006067026622807213,0.005885500267522739,3.606051364365971,26.3269921875,0.034552729394521156,678
22661,6703.35,8287,650,631,0.960076923076923,CHARLOTTE BAG DOLLY GIRL DESIGN,-13.34,16.0,6.0,6.0,6690.01,0.001990049751243781,0.0019307348859659709,0.8088994811149994,10.623375594294771,0.03450728713066487,679
85014D,6664.45,1918,90,90,6.064444444444446,PINK/BROWN DOTS RUFFLED UMBRELLA,0.0,0.0,0.0,0.0,6664.45,0.0,0.0,3.4746871741397287,74.04944444444445,0.03437544782712724,680
21494,6663.08,3926,528,501,2.633181818181818,ROTATING LEAVES T-LIGHT HOLDER,-5.0,4.0,2.0,2.0,6658.08,0.0007504037171998535,0.0010188487009679063,1.6971676006113092,13.299560878243513,0.034342591161887225,681
22430,6831.49,1408,367,356,5.626049046321526,ENAMEL WATERING CAN CREAM,-176.9,38.0,10.0,9.0,6654.59,0.025894790155588314,0.026988636363636364,4.851910511363636,19.18957865168539,0.03432458962944019,682
23480,6719.14,1798,218,215,4.428761467889909,MINI LIGHTS WOODLAND MUSHROOMS,-68.1,20.0,2.0,2.0,6651.04,0.010135225638995465,0.011123470522803115,3.7370077864293663,31.251813953488373,0.034306278615059964,683
22575,6816.0,3168,354,330,2.1073446327683616,METAL MERRY CHRISTMAS WREATH,-172.2,100.0,8.0,7.0,6643.8,0.02526408450704225,0.03156565656565657,2.1515151515151514,20.654545454545456,0.03426893446178873,684
21592,6671.21,5971,501,476,1.1947105788423154,RETROSPOT CIGAR BOX MATCHES ,-30.0,24.0,1.0,1.0,6641.21,0.004496935338566767,0.004019427231619494,1.1172684642438453,14.01514705882353,0.0342555751583395,685
85068,6647.24,960,199,197,8.65251256281407,CREAM SWEETHEART SHELF + HOOKS,-37.75,5.0,5.0,4.0,6609.49,0.0056790487480518235,0.005208333333333333,6.9242083333333335,33.74233502538071,0.03409196237632801,686
22221,6722.71,906,158,156,10.640569620253164,CAKE STAND LOVEBIRD 2 TIER PINK,-119.39999999999999,12.0,9.0,9.0,6603.31,0.017760694719837683,0.013245033112582781,7.420209713024283,43.09429487179487,0.03406008573720976,687
23008,6719.61,433,133,133,16.12609022556391,DOLLY GIRL BABY GIFT SET,-118.65,7.0,4.0,4.0,6600.96,0.017657274752552604,0.016166281755196306,15.518729792147806,50.52338345864661,0.03404796436149327,688
23109,6835.0199999999995,2386,272,268,3.264963235294118,PACK OF SIX LED TEA LIGHTS,-239.04,96.0,1.0,1.0,6595.98,0.03497283109632452,0.040234702430846606,2.86463537300922,25.50380597014925,0.03402227736103876,689
22142,6618.19,4406,539,503,1.7315398886827458,CHRISTMAS CRAFT WHITE FAIRY ,-26.1,18.0,5.0,5.0,6592.089999999999,0.003943676443257145,0.0040853381752156154,1.5020857921016795,13.157435387673955,0.0340022126157038,690
22199,7638.17,1861,413,405,5.222106537530267,FRYING PAN RED RETROSPOT,-1066.75,283.0,7.0,7.0,6571.42,0.13966041604206242,0.15206878022568512,4.104336378291241,18.85967901234568,0.033895596089720904,691
22833,6567.169999999999,193,15,13,47.23800000000001,HALL CABINET WITH 3 DRAWERS,0.0,0.0,0.0,0.0,6567.169999999999,0.0,0.0,34.026787564766835,505.166923076923,0.03387367445278683,692
23247,6681.25,2194,309,309,3.2880906148867313,BISCUIT TIN 50'S CHRISTMAS,-118.54000000000002,46.0,5.0,5.0,6562.71,0.0177421889616464,0.020966271649954422,3.045237010027347,21.622168284789645,0.0338506696290866,693
22526,6715.16,545,209,207,13.657033492822967,WHEELBARROW FOR CHILDREN ,-153.0,12.0,8.0,8.0,6562.16,0.022784267240095545,0.022018348623853212,12.321394495412843,32.44038647342995,0.03384783271136572,694
22080,6619.13,3947,534,519,1.9304681647940072,RIBBON REEL SPOTS DESIGN ,-67.65,41.0,3.0,3.0,6551.4800000000005,0.010220376393876537,0.010387636179376741,1.6770027869267798,12.753622350674375,0.03379274492725845,695
21240,6593.22,7634,781,769,1.0542765685019206,BLUE POLKADOT CUP,-44.79,53.0,8.0,7.0,6548.43,0.006793342251585719,0.0069426250982446945,0.8636651820801677,8.573758127438232,0.03377701292898812,696
35004B,6932.15,1500,280,275,6.717428571428572,SET OF 3 BLACK FLYING DUCKS,-389.85,99.0,28.0,24.0,6542.299999999999,0.05623796369091841,0.066,4.621433333333333,25.20781818181818,0.03374539419148084,697
16156S,6600.62,16761,423,419,0.41536643026004727,WRAP PINK FAIRY CAKES ,-61.32,146.0,3.0,3.0,6539.3,0.009290036390520891,0.008710697452419307,0.3938082453314241,15.75326968973747,0.0337299200948215,698
79067,6590.08,1661,413,396,4.976489104116222,CORONA MEXICAN TRAY,-62.7,18.0,8.0,8.0,6527.38,0.009514300281635428,0.010836845273931367,3.9675376279349788,16.641616161616163,0.0336684363507617,699
85175,6774.78,15842,452,442,1.1199778761061947,CACTI T-LIGHT CANDLES,-249.66,631.0,14.0,12.0,6525.12,0.036851381151860284,0.03983082944072718,0.42764676177250344,15.327556561085972,0.03365677919794499,700
21201,6555.37,2755,245,235,2.985183673469388,TROPICAL  HONEYCOMB PAPER GARLAND ,-33.15,13.0,2.0,2.0,6522.22,0.005056922797645289,0.004718693284936479,2.3794446460980034,27.8951914893617,0.033641820904507624,701
15060B,6554.83,1437,461,449,5.546355748373101,FAIRY CAKE DESIGN UMBRELLA,-42.22,10.0,7.0,7.0,6512.61,0.006441051865570885,0.006958942240779402,4.561468336812805,14.598730512249443,0.033592252214875516,702
21500,6510.5,16125,497,492,0.4162575452716298,PINK POLKADOT WRAP ,0.0,0.0,0.0,0.0,6510.5,0.0,0.0,0.4037519379844961,13.232723577235772,0.03358136876689177,703
85062,6509.55,3971,352,342,1.8002840909090907,PEARL CRYSTAL PUMPKIN T-LIGHT HLDR,-14.27,9.0,5.0,5.0,6495.28,0.002192163820847831,0.002266431629312516,1.6392722236212542,19.03377192982456,0.033502863516506685,704
47599B,6820.04,3567,294,286,2.2218027210884355,BLUE PARTY BAGS ,-343.96,206.0,4.0,4.0,6476.08,0.050433721796353095,0.057751611998878606,1.911982057751612,23.846293706293707,0.03340382929788688,705
47502,6855.75,640,79,79,14.809113924050632,POLKADOT CUTLERY 24 PCS IN TRAY,-387.95,37.0,7.0,7.0,6467.8,0.05658753600991868,0.0578125,10.712109375,86.78164556962025,0.03336112079110708,706
21239,6509.59,7444,769,751,1.0589596879063718,PINK  POLKADOT CUP,-44.07,52.0,9.0,9.0,6465.52,0.006770011628996603,0.006985491671144546,0.8744747447608813,8.667896138482025,0.03334936047764598,707
23311,6488.2,2390,347,344,2.9656772334293944,VINTAGE CHRISTMAS STOCKING ,-38.25,15.0,4.0,4.0,6449.95,0.005895317653586511,0.006276150627615063,2.7147280334728032,18.861046511627908,0.033269049915983964,708
23553,6444.65,568,68,68,13.30220588235294,LANDMARK FRAME CAMDEN TOWN ,0.0,0.0,0.0,0.0,6444.65,0.0,0.0,11.346214788732393,94.77426470588235,0.03324171234521912,709
22783,6443.95,489,49,45,16.17938775510204,SET 3 WICKER OVAL BASKETS W LIDS,0.0,0.0,0.0,0.0,6443.95,0.0,0.0,13.177811860940695,143.1988888888889,0.03323810172266527,710
22596,6471.2,6331,445,438,1.123573033707865,CHRISTMAS STAR WISH LIST CHALKBOARD,-34.120000000000005,29.0,8.0,8.0,6437.08,0.005272592409444926,0.0045806349707787075,1.0221450007897646,14.774429223744292,0.03320266604131537,711
23134,6431.110000000001,1065,38,38,7.9068421052631574,LARGE ZINC HEART WALL ORGANISER,0.0,0.0,0.0,0.0,6431.110000000001,0.0,0.0,6.038600938967137,169.2397368421053,0.03317187258896327,712
23188,6447.7699999999995,3471,337,333,1.934985163204748,VINTAGE  2 METER FOLDING RULER,-23.099999999999998,14.0,3.0,3.0,6424.669999999999,0.0035826339959396814,0.004033419763756842,1.8576116392970323,19.362672672672673,0.033138654861467866,713
22991,7604.889999999999,3887,279,274,2.273655913978495,GIRAFFE WOODEN RULER,-1185.8999999999999,714.0,6.0,6.0,6418.99,0.15593913915914628,0.18368922047851813,1.956493439670697,27.75507299270073,0.03310935723845951,714
11001,7504.9,4882,262,251,1.881564885496183,ASSTD DESIGN RACING CAR PEN,-1095.08,812.0,12.0,11.0,6409.82,0.14591533531426135,0.16632527652601392,1.5372593199508398,29.9,0.03306205808300411,715
23571,6406.91,2841,262,257,1.8921374045801527,TRADITIONAL NAUGHTS & CROSSES,0.0,0.0,0.0,0.0,6406.91,0.0,0.0,2.255160154875044,24.929610894941632,0.03304704820924454,716
21989,6811.83,8571,666,654,1.0813063063063062,PACK OF 20 SKULL PAPER NAPKINS,-409.44,624.0,3.0,3.0,6402.39,0.06010719586366659,0.0728036401820091,0.7947532376618831,10.415642201834862,0.03302373390361113,717
22065,6457.96,8738,486,456,1.4521399176954732,CHRISTMAS PUDDING TRINKET POT ,-56.019999999999996,46.0,16.0,15.0,6401.94,0.008674565962006577,0.005264362554360266,0.7390661478599222,14.16219298245614,0.03302141278911222,718
22220,6895.389999999999,746,271,270,10.382472324723246,CAKE STAND LOVEBIRD 2 TIER WHITE,-495.65,52.0,28.0,27.0,6399.74,0.07188135841482499,0.06970509383378017,9.243150134048257,25.53848148148148,0.0330100651182287,719
47559B,6455.54,5221,729,701,1.4109327846364883,TEA TIME OVEN GLOVE,-67.5,54.0,6.0,6.0,6388.04,0.010456135350412205,0.010342846198046351,1.2364566175062248,9.20904422253923,0.03294971614125725,720
22148,6480.29,3237,305,299,2.3137377049180325,EASTER CRAFT 4 CHICKS ,-101.39999999999999,52.0,6.0,6.0,6378.89,0.01564744787656108,0.01606425702811245,2.0019431572443622,21.673210702341137,0.03290252014644625,721
22578,6519.139999999999,13410,820,768,0.6315853658536585,WOODEN STAR CHRISTMAS SCANDINAVIAN,-143.09,169.0,4.0,3.0,6376.049999999999,0.02194921416014996,0.012602535421327367,0.4861401938851603,8.488463541666667,0.03288787133494206,722
84520B,6378.37,7452,744,722,1.0398118279569892,PACK 20 ENGLISH ROSE PAPER NAPKINS,-10.2,12.0,1.0,1.0,6368.17,0.0015991546429573698,0.001610305958132045,0.8559272678475577,8.834307479224377,0.032847226041050184,723
22063,6391.46,2315,366,356,3.6431967213114755,CERAMIC BOWL WITH STRAWBERRY DESIGN,-46.8,16.0,10.0,10.0,6344.66,0.0073222706549051384,0.006911447084233261,2.760889848812095,17.953539325842698,0.0327259607035631,724
22460,6356.45,4821,384,376,1.5265625,EMBOSSED GLASS TEALIGHT HOLDER,-32.120000000000005,26.0,9.0,9.0,6324.33,0.005053135004601626,0.005393071976768305,1.3184920141049574,16.905452127659576,0.03262109790853493,725
22830,6324.05,309,22,18,25.724090909090908,UTILTY CABINET WITH HOOKS,0.0,0.0,0.0,0.0,6324.05,0.0,0.0,20.466181229773465,351.3361111111111,0.032619653659513394,726
23307,6371.889999999999,12049,641,629,0.6839469578783152,SET OF 60 PANTRY DESIGN CAKE CASES ,-48.4,88.0,5.0,5.0,6323.49,0.007595862452113894,0.007303510664785459,0.5288314382936343,10.130190779014308,0.03261676516147031,727
84884A,6312.62,1722,315,312,4.542031746031746,ANT WHITE WIRE HEART SPIRAL,-3.95,1.0,1.0,1.0,6308.67,0.0006257306791791681,0.0005807200929152149,3.6658652729384436,20.23275641025641,0.03254032312397314,728
23169,6662.84,1556,315,314,4.724095238095239,CLASSIC GLASS COOKIE JAR,-379.15,93.0,34.0,34.0,6283.6900000000005,0.05690516356388567,0.05976863753213368,4.282030848329049,21.21923566878981,0.032411475479122986,729
22979,6391.82,4090,383,381,1.8184334203655352,PANTRY WASHING UP BRUSH,-117.55000000000001,91.0,5.0,5.0,6274.2699999999995,0.01839069310462435,0.022249388753056234,1.5627921760391197,16.776430446194226,0.03236288681561263,730
22906,6362.64,3443,484,445,2.0118181818181817,12 MESSAGE CARDS WITH ENVELOPES,-88.65,61.0,2.0,2.0,6273.990000000001,0.013932895779110558,0.017717107173976183,1.8479930293348825,14.298067415730339,0.0323614425665911,731
22185,6269.33,3922,472,462,1.924915254237288,SLATE TILE NATURAL HANGING,-6.6,4.0,4.0,4.0,6262.73,0.0010527440731306216,0.0010198878123406426,1.5985033146353902,13.569978354978355,0.03230336312379634,732
22855,6257.8,5007,449,427,1.4743207126948776,FINE WICKER HEART ,-15.0,12.0,1.0,1.0,6242.8,0.0023970085333503786,0.002396644697423607,1.2498102656281207,14.655269320843091,0.032200563541656096,733
22364,6531.1,2061,349,340,3.9363896848137534,GLASS JAR DIGESTIVE BISCUITS,-306.90000000000003,110.0,29.0,29.0,6224.200000000001,0.0469905528930808,0.053372149442018436,3.1688985929160602,19.209117647058825,0.03210462414236814,734
84832,6228.98,6883,656,630,1.087576219512195,ZINC WILLIE WINKIE  CANDLE STICK,-10.2,12.0,1.0,1.0,6218.78,0.0016375072644317368,0.0017434258317594073,0.9049803864593926,9.887269841269841,0.03207666760773692,735
22196,6270.2,6713,1032,981,1.1820445736434106,SMALL HEART MEASURING SPOONS,-56.44,69.0,12.0,10.0,6213.76,0.009001307773276769,0.01027856398033666,0.9340384328914048,6.39164118246687,0.032050774285993615,736
10002,7093.65,8831,386,362,0.9895854922279792,INFLATABLE POLITICAL GLOBE ,-883.5500000000001,1223.0,7.0,7.0,6210.099999999999,0.12455505980701051,0.13848941229758804,0.8032669006907485,19.5957182320442,0.03203189588806921,737
21078,6200.639999999999,7227,761,741,1.1122601839684625,SET/20 STRAWBERRY PAPER NAPKINS ,-1.7,2.0,1.0,1.0,6198.94,0.0002741652474583269,0.0002767400027674,0.8579825653798255,8.367935222672063,0.03197433224849645,738
84968A,6589.08,533,208,204,14.10625,SET OF 16 VINTAGE ROSE CUTLERY,-390.29999999999995,34.0,4.0,4.0,6198.78,0.05923436959332713,0.06378986866791744,12.362251407129456,32.29941176470588,0.03197350696334128,739
22582,6380.71,2540,311,295,2.888392282958199,PACK OF 6 SWEETIE GIFT BOXES,-183.6,78.0,4.0,4.0,6197.11,0.02877422731953027,0.030708661417322834,2.5120905511811022,21.629525423728815,0.03196489304953424,740
85047,6664.33,1051,240,236,7.060333333333333,WHITE BEADED GARLAND STRING 20LIGHT,-468.95,77.0,45.0,43.0,6195.38,0.07036716369087365,0.07326355851569934,6.340941960038059,28.238686440677967,0.03195596965379402,741
23172,6344.41,3861,305,305,2.06783606557377,REGENCY TEA PLATE PINK,-154.29999999999998,102.0,9.0,9.0,6190.11,0.024320622406181186,0.02641802641802642,1.6432038332038332,20.801344262295082,0.03192878682399577,742
22848,6392.75,398,157,151,17.947388535031845,BREAD BIN DINER STYLE PINK,-208.35,13.0,10.0,10.0,6184.4,0.03259160768057565,0.032663316582914576,16.06218592964824,42.336092715231786,0.031899334460020815,743
22222,6205.39,1498,408,403,5.622524509803922,CAKE PLATE LOVEBIRD WHITE,-24.75,5.0,3.0,3.0,6180.64,0.003988468089838028,0.0033377837116154874,4.142449933244326,15.397990074441688,0.03187994025887443,744
22849,6543.13,417,169,162,16.97307692307692,BREAD BIN DINER STYLE MINT,-370.8,24.0,11.0,9.0,6172.33,0.056670125765497556,0.05755395683453238,15.69095923261391,40.38969135802469,0.03183707701112804,745
22278,6277.16,1063,404,383,6.802326732673267,OVERNIGHT BAG VINTAGE ROSE PAISLEY,-117.32,21.0,12.0,12.0,6159.84,0.018689980819351425,0.01975540921919097,5.90513640639699,16.38945169712794,0.03177265318870297,746
21584,6187.2,3840,379,352,1.6478891820580475,RETROSPOT SMALL TUBE MATCHES,-44.55,27.0,3.0,3.0,6142.65,0.007200349107835531,0.00703125,1.6112499999999998,17.577272727272728,0.0316839866148449,747
22435,6296.49,5002,558,537,1.4258960573476702,SET OF 9 HEART SHAPED BALLOONS,-154.75,139.0,4.0,4.0,6141.74,0.024577185066600598,0.02778888444622151,1.258794482207117,11.725307262569832,0.03167929280552491,748
21714,6188.66,4286,528,522,1.7589204545454544,CITRONELLA CANDLE GARDEN POT,-70.1,70.0,11.0,11.0,6118.5599999999995,0.011327169371075483,0.016332244517032198,1.443924405039664,11.85567049808429,0.03155972961867035,749
23192,6114.24,3516,351,345,1.7743304843304841,BUNDLE OF 3 ALPHABET EXERCISE BOOKS,-4.949999999999999,3.0,2.0,2.0,6109.29,0.0008095854922279792,0.0008532423208191126,1.738976109215017,17.722434782608694,0.03151191465999297,750
21499,6186.84,15402,466,460,0.4161802575107296,BLUE POLKADOT WRAP,-82.5,225.0,2.0,2.0,6104.34,0.013334755707275442,0.01460849240358395,0.40169068952084147,13.449652173913044,0.03148638240050505,751
20751,6103.080000000001,2875,509,471,2.322337917485265,FUNKY WASHING UP GLOVES ASSORTED,-6.300000000000001,3.0,3.0,3.0,6096.780000000001,0.001032265675691618,0.0010434782608695651,2.122810434782609,12.957707006369429,0.031447387676923504,752
22331,6135.5,3732,451,437,1.9812860310421285,WOODLAND PARTY BAG + STICKER SET,-47.85,29.0,8.0,7.0,6087.65,0.007798875397278136,0.007770632368703108,1.6440246516613075,14.040045766590389,0.03140029484275689,753
22772,6097.61,4504,330,314,1.6527878787878787,PINK DRAWER KNOB ACRYLIC EDWARDIAN,-18.75,15.0,3.0,3.0,6078.86,0.0030749752771987715,0.0033303730017761987,1.3538210479573711,19.419140127388534,0.031354955739545,754
21591,6135.58,4084,394,365,1.2619796954314721,COSY HOUR CIGAR BOX MATCHES ,-67.5,54.0,2.0,2.0,6068.08,0.011001404920154247,0.013222331047992164,1.5023457394711068,16.80980821917808,0.03129935215221575,755
21586,6185.85,2657,252,238,2.514285714285714,KINGS CHOICE GIANT TUBE MATCHES,-124.95,49.0,5.0,4.0,6060.900000000001,0.02019932588084095,0.018441851712457658,2.3281332329695146,25.990966386554625,0.03126231748087772,756
21918,6077.1,14730,816,788,0.5243014705882353,SET 12 KIDS COLOUR  CHALK STICKS,-18.06,43.0,9.0,9.0,6059.04,0.002971812213062151,0.0029192124915139173,0.4125661914460285,7.712055837563452,0.03125272354094892,757
21730,6228.89,1269,326,293,5.3860429447852765,GLASS STAR FROSTED T-LIGHT HOLDER,-187.4,38.0,22.0,20.0,6041.490000000001,0.030085617180589157,0.029944838455476755,4.908502758077226,21.25901023890785,0.031162200075491746,758
85038,6040.84,2897,408,382,2.5034313725490196,6 CHOCOLATE LOVE HEART T-LIGHTS,0.0,0.0,0.0,0.0,6040.84,0.0,0.0,2.0852053848809113,15.813717277486912,0.031158847354548887,759
22737,6077.2699999999995,3379,529,493,2.1513421550094516,RIBBON REEL CHRISTMAS PRESENT ,-66.0,40.0,2.0,2.0,6011.2699999999995,0.010860139503428349,0.011837821840781295,1.7985409884581236,12.32711967545639,0.031006324341809922,760
21407,6002.09,1314,467,453,5.269507494646681,BROWN CHECK CAT DOORSTOP ,-8.5,2.0,2.0,2.0,5993.59,0.0014161733662774133,0.0015220700152207,4.567800608828006,13.249646799116999,0.03091513033216418,761
22045,6023.64,14642,477,473,0.4189098532494759,SPACEBOY GIFT WRAP,-44.1,105.0,5.0,5.0,5979.54,0.007321154650676335,0.007171151482037973,0.41139461822155443,12.734968287526428,0.03084265997947624,762
22618,7203.25,740,255,242,10.444901960784312,COOKING SET RETROSPOT,-1226.07,131.0,40.0,40.0,5977.18,0.17021066879533542,0.17702702702702702,9.734121621621622,29.765495867768596,0.03083048702343755,763
23312,5964.150000000001,1423,218,214,4.452293577981651,VINTAGE CHRISTMAS GIFT SACK,-4.15,1.0,1.0,1.0,5960.000000000001,0.0006958242163594142,0.0007027406886858749,4.191250878425861,27.869859813084116,0.0307418720299017,764
22841,6106.33,783,315,306,8.448285714285715,ROUND CAKE TIN VINTAGE GREEN,-151.05,19.0,14.0,14.0,5955.28,0.02473662576375663,0.024265644955300127,7.798633461047254,19.95532679738562,0.03071752611782432,765
23296,5985.55,4979,382,378,1.524240837696335,SET OF 6 TEA TIME BAKING CASES,-33.75,27.0,6.0,6.0,5951.8,0.005638579579153127,0.0054227756577626025,1.202159068085961,15.83478835978836,0.03069957616569948,766
21832,6020.99,3431,480,459,2.2774791666666667,CHOCOLATE CALCULATOR,-69.3,42.0,5.0,5.0,5951.69,0.011509735110006827,0.012241329058583503,1.7548790440104924,13.117625272331153,0.030699008782155302,767
23052,5949.34,654,278,278,9.784460431654676,RECYCLED ACAPULCO MAT TURQUOISE,-8.25,1.0,1.0,1.0,5941.09,0.001386708441608649,0.0015290519877675841,9.0968501529052,21.400503597122302,0.030644333640625614,768
22964,5957.85,2849,431,408,2.5051044083526683,3 PIECE SPACEBOY COOKIE CUTTER SET,-29.4,14.0,7.0,7.0,5928.450000000001,0.004934666028852689,0.004914004914004914,2.0912074412074415,14.602573529411766,0.030579136113367572,769
23526,6021.400000000001,1012,144,143,8.24888888888889,WALL ART DOG LICENCE ,-95.2,16.0,2.0,2.0,5926.200000000001,0.015810276679841896,0.015810276679841896,5.95,42.10769230769231,0.030567530540873064,770
22899,5937.89,2840,442,421,2.432760180995475,CHILDREN'S APRON DOLLY GIRL ,-14.450000000000001,7.0,5.0,5.0,5923.4400000000005,0.002433524366399512,0.0024647887323943664,2.090806338028169,14.104251781472685,0.03055329437194646,771
22491,6056.82,7541,403,390,0.903424317617866,PACK OF 12 COLOURED PENCILS,-134.28,180.0,3.0,3.0,5922.54,0.022170049630003866,0.02386951332714494,0.8031852539451001,15.53030769230769,0.030548652142948655,772
23118,6102.18,813,258,258,8.39046511627907,PARISIENNE JEWELLERY DRAWER ,-180.0,24.0,17.0,17.0,5922.18,0.02949765493643255,0.02952029520295203,7.505756457564576,23.65186046511628,0.030546795251349533,773
84509A,5958.39,1534,409,404,4.580562347188264,SET OF 4 ENGLISH ROSE PLACEMATS,-48.75,13.0,4.0,4.0,5909.64,0.00818174036946222,0.00847457627118644,3.8842177314211215,14.748490099009901,0.030482113527313465,774
48197,5905.64,898,225,225,9.610977777777777,DOOR MAT BIRD ON THE WIRE,0.0,0.0,0.0,0.0,5905.64,0.0,0.0,6.576436525612473,26.24728888888889,0.03046148139843434,775
22167,6144.36,696,309,303,11.348899676375405, OVAL WALL MIRROR DIAMANTE ,-248.75,25.0,16.0,15.0,5895.61,0.04048428151996303,0.035919540229885055,8.828103448275861,20.278415841584156,0.030409746335269917,776
22332,6551.9,4177,389,381,1.820694087403599,SKULLS PARTY BAG + STICKER SET,-669.3,458.0,6.0,6.0,5882.599999999999,0.10215357377249347,0.10964807277950682,1.5685659564280583,17.196587926509185,0.030342640336090552,777
85178,6212.07,5623,332,313,1.373855421686747,VICTORIAN SEWING KIT,-337.85,301.0,6.0,6.0,5874.219999999999,0.05438605810945466,0.05353014405121821,1.1047608038413657,19.846869009584665,0.03029941602608878,778
22441,5891.31,2717,494,472,2.4337044534412957,GROW YOUR OWN BASIL IN ENAMEL MUG,-21.0,10.0,5.0,5.0,5870.31,0.003564572225871665,0.00368052999631947,2.168314317261686,12.481588983050848,0.030279248120109434,779
22660,5901.54,888,200,194,9.09635,DOORMAT I LOVE LONDON,-47.7,6.0,1.0,1.0,5853.84,0.008082636057706972,0.006756756756756757,6.645878378378378,30.420309278350516,0.030194295329449623,780
22241,5864.92,4351,480,474,1.5856458333333334,GARLAND WOODEN HAPPY EASTER,-22.31,18.0,5.0,5.0,5842.61,0.003803973455733411,0.004136980004596644,1.3479475982532751,12.37324894514768,0.030136370627621468,781
22361,6074.67,1852,503,496,4.278409542743539,GLASS JAR DAISY FRESH COTTON WOOL,-232.85000000000002,81.0,29.0,29.0,5841.82,0.038331300301086314,0.04373650107991361,3.2800593952483803,12.247318548387097,0.030132295782167837,782
22200,5882.61,1317,364,357,5.628351648351647,FRYING PAN PINK POLKADOT,-44.25,11.0,6.0,6.0,5838.36,0.007522171281115016,0.008352315869400152,4.466674259681093,16.477899159663863,0.03011444899068739,783
21452,5960.76,1944,432,408,3.4621064814814817,TOADSTOOL MONEY BOX,-124.05000000000001,43.0,19.0,19.0,5836.71,0.020811104624242547,0.022119341563786008,3.0662345679012346,14.60970588235294,0.030105938237524752,784
22971,5849.29,2431,274,272,2.7821167883211677,QUEENS GUARD COFFEE MUG,-37.65,16.0,5.0,5.0,5811.64,0.006436678639629767,0.00658165364047717,2.406125051419169,21.504742647058823,0.029976626369774814,785
85132C,5881.19,2069,310,302,5.052806451612903,CHARLIE AND LOLA FIGURES TINS,-79.4,12.0,6.0,6.0,5801.79,0.013500669082277568,0.005799903334944417,2.8425277912034796,19.47413907284768,0.029925819752409957,786
21313,5903.599999999999,6862,429,415,1.1387645687645687,GLASS HEART T-LIGHT HOLDER ,-110.14999999999999,158.0,15.0,15.0,5793.45,0.01865810691781286,0.02302535703876421,0.8603322646458758,14.225542168674698,0.029882801763696974,787
21577,5825.62,2592,479,464,2.7358872651356996,SAVE THE PLANET COTTON TOTE BAG,-36.0,16.0,5.0,5.0,5789.62,0.006179599767921698,0.006172839506172839,2.2475385802469137,12.555215517241379,0.02986304650029521,788
22687,5784.67,895,149,149,9.817046979865772,DOORMAT CHRISTMAS VILLAGE,0.0,0.0,0.0,0.0,5784.67,0.0,0.0,6.46331843575419,38.82328859060403,0.02983751424080729,789
79323LP,8481.19,1433,170,170,6.871764705882353,LIGHT PINK CHERRY LIGHTS,-2702.8,458.0,60.0,59.0,5778.39,0.31868169443203137,0.319609211444522,5.918485694347523,49.889352941176476,0.02980512179846706,790
22115,5777.77,2910,511,500,3.2928962818003917,METAL SIGN EMPIRE TEA,-2.95,1.0,1.0,1.0,5774.820000000001,0.0005105776103929371,0.0003436426116838488,1.9854879725085912,11.55554,0.029786707623442436,791
22951,5888.4,11193,662,634,0.6763141993957704,60 CAKE CASES DOLLY GIRL DESIGN,-116.39999999999999,240.0,6.0,6.0,5772.0,0.0197676788261667,0.021441972661484857,0.5260787992495309,9.28769716088328,0.029772161972582645,792
21667,6126.25,354,163,163,18.958098159509202,GLASS CAKE COVER AND PLATE,-393.74999999999994,25.0,12.0,12.0,5732.5,0.06427259742909609,0.07062146892655367,17.305790960451976,37.58435582822086,0.029568419699901254,793
23154,5842.88,2701,240,235,2.2075000000000005,SET OF 4 JAM JAR MAGNETS,-126.88,61.0,3.0,3.0,5716.0,0.021715318473081766,0.022584228063680118,2.1632284339133654,24.86331914893617,0.029483312168274843,794
22119,5738.47,924,358,340,6.815,PEACE WOODEN BLOCK LETTERS,-41.7,6.0,4.0,4.0,5696.77,0.00726674531713157,0.006493506493506494,6.2104653679653685,16.87785294117647,0.029384123208688436,795
22826,6210.0,58,41,41,114.02439024390245,LOVE SEAT ANTIQUE WHITE METAL,-517.5,4.0,4.0,4.0,5692.5,0.08333333333333333,0.06896551724137931,107.06896551724138,151.46341463414635,0.029362098411109965,796
82599,5677.120000000001,2571,535,506,2.7381682242990655,FANNY'S REST STOPMETAL SIGN,-6.76,4.0,3.0,3.0,5670.360000000001,0.0011907446028972435,0.0015558148580318942,2.208136911707507,11.219604743083005,0.02924789957776399,797
21703,5741.47,14795,585,561,0.49870085470085473,BAG 125g SWIRLY MARBLES,-71.82,171.0,9.0,9.0,5669.650000000001,0.012508991599712267,0.01155795876985468,0.3880682663061845,10.234349376114082,0.029244237374887946,798
84968B,5681.41,428,135,135,14.866148148148147,S/16 VINTAGE IVORY CUTLERY,-12.75,1.0,1.0,1.0,5668.66,0.002244161220542084,0.002336448598130841,13.274322429906542,42.084518518518514,0.02923913092299036,799
22854,5700.99,1173,252,244,5.490238095238095,CREAM SWEETHEART EGG HOLDER,-34.65,7.0,7.0,6.0,5666.34,0.006077891734593465,0.005967604433077579,4.860179028132992,23.364713114754096,0.029227164288240463,800
72802C,6242.94,2226,285,269,4.586701754385965,VANILLA SCENT CANDLE JEWELLED BOX,-584.06,506.0,5.0,5.0,5658.879999999999,0.09355528004433808,0.22731356693620844,2.80455525606469,23.207955390334572,0.029188685367880884,801
21900,5622.95,8458,863,835,0.866199304750869,"KEY FOB , SHED",-3.25,5.0,2.0,2.0,5619.7,0.000577988422447292,0.0005911563017261764,0.6648084653582407,6.734071856287425,0.028986593665509826,802
40016,5599.1,15682,251,244,1.9008764940239045,CHINESE DRAGON PAPER LANTERNS,0.0,0.0,0.0,0.0,5599.1,0.0,0.0,0.35703991837775795,22.947131147540986,0.028880338201782315,803
22653,5712.74,3076,396,381,2.0566161616161613,BUTTON BOX ,-124.8,64.0,5.0,4.0,5587.94,0.021845909318470646,0.02080624187256177,1.8571976592977892,14.994068241469815,0.02882277456220954,804
23205,5726.38,5857,470,467,1.1491063829787236,CHARLOTTE BAG VINTAGE ALPHABET ,-140.25,191.0,8.0,8.0,5586.13,0.024491912866418226,0.03261055147686529,0.9776984804507427,12.262055674518201,0.02881343852389174,805
84971S,5585.5199999999995,6587,475,459,1.08,SMALL HEART FLOWERS HOOK ,-1.7,2.0,2.0,2.0,5583.82,0.0003043584124665206,0.0003036283588887202,0.8479611355700621,12.168888888888889,0.028801523469464036,806
22534,5623.900000000001,13156,620,583,0.4980483870967741,MAGIC DRAWING SLATE SPACEBOY ,-58.38,139.0,5.0,5.0,5565.52,0.010380696669570937,0.010565521435086652,0.42747795682578293,9.646483704974273,0.02870713147984203,807
23531,5538.26,976,113,112,7.661681415929204,WALL ART BIG LOVE ,0.0,0.0,0.0,0.0,5538.26,0.0,0.0,5.674446721311476,49.448750000000004,0.028566523521530766,808
22060,5711.3099999999995,735,162,158,9.868024691358023,LARGE CAKE STAND HANGING HEARTS,-186.7,26.0,12.0,12.0,5524.61,0.032689523069138256,0.03537414965986395,7.770489795918366,36.147531645569615,0.028496116381730736,809
23133,5525.4,782,155,155,9.162451612903226,LARGE IVORY HEART WALL ORGANISER,-8.25,1.0,1.0,1.0,5517.15,0.0014931045716147248,0.0012787723785166241,7.065728900255754,35.64774193548387,0.02845763746137116,810
21528,5721.52,904,261,257,7.668735632183908,DAIRY MAID TRADITIONAL TEAPOT ,-213.4,32.0,23.0,23.0,5508.120000000001,0.037297781009242297,0.035398230088495575,6.329115044247788,22.262723735408564,0.028411060430426533,811
22443,5545.400000000001,698,275,264,8.506254545454546,GROW YOUR OWN HERBS SET OF 3,-39.75,5.0,4.0,4.0,5505.650000000001,0.007168103292819273,0.0071633237822349575,7.944699140401147,21.005303030303033,0.02839832009084367,812
85061W,5516.009999999999,6380,486,469,1.0807407407407408,WHITE JEWELLED HEART DECORATION,-21.25,25.0,4.0,4.0,5494.759999999999,0.0038524223125048726,0.003918495297805642,0.864578369905956,11.761215351812366,0.02834214911997024,813
22437,5502.01,6562,460,443,0.9846521739130435,SET OF 9 BLACK SKULL BALLOONS,-13.6,16.0,2.0,2.0,5488.41,0.0024718239334352355,0.0024382810118866198,0.8384654068881439,12.419887133182845,0.028309395615374624,814
20983,5508.179999999999,6326,663,641,0.9553846153846153,12 PENCILS TALL TUBE RED RETROSPOT,-26.349999999999998,31.0,5.0,5.0,5481.829999999999,0.004783794284137411,0.004900411002213089,0.870720834650648,8.593104524180966,0.028275455763368453,815
23583,5497.33,3385,332,325,1.8020481927710843,LUNCH BAG PAISLEY PARK  ,-16.5,10.0,1.0,1.0,5480.83,0.003001457070978093,0.0029542097488921715,1.62402658788774,16.914861538461537,0.028270297731148676,816
22763,5550.469999999999,673,142,135,11.110211267605633,KEY CABINET MA CAMPAGNE,-69.64999999999999,7.0,4.0,4.0,5480.82,0.012548486884894433,0.010401188707280832,8.247355126300148,41.11459259259259,0.02827024615082648,817
21988,5847.83,7854,427,416,0.9524590163934425,PACK OF 6 SKULL PAPER PLATES,-368.64,576.0,1.0,1.0,5479.19,0.06303876822684654,0.07333842627960276,0.7445670995670995,14.057283653846154,0.028261838558308227,818
22602,5522.98,6496,565,535,1.0359646017699113,CHRISTMAS RETROSPOT HEART WOOD,-44.2,52.0,3.0,3.0,5478.78,0.008002925956639352,0.008004926108374385,0.8502124384236452,10.323327102803738,0.028259723765098117,819
22203,5533.74,1415,400,392,4.6537,MILK PAN RED RETROSPOT,-56.25,15.0,11.0,11.0,5477.49,0.010164915590540937,0.01060070671378092,3.9107703180212012,14.116683673469387,0.0282530699035346,820
23177,5521.29,2532,270,267,2.702074074074074,TREASURE ISLAND BOOK BOX,-45.0,20.0,5.0,5.0,5476.29,0.00815026923056025,0.007898894154818325,2.1806042654028435,20.678988764044945,0.028246880264870863,821
21587,5482.95,2201,287,260,2.5405923344947734,COSY HOUR GIANT TUBE MATCHES,-15.3,6.0,1.0,1.0,5467.65,0.0027904686345853968,0.0027260336210813267,2.491117673784643,21.08826923076923,0.028202314866491947,822
22483,5511.370000000001,1895,357,349,3.3561624649859945,RED GINGHAM TEDDY BEAR ,-50.150000000000006,17.0,5.0,5.0,5461.220000000001,0.009099370936808815,0.008970976253298154,2.908374670184697,15.791891117478512,0.028169148719318752,823
20978,5479.83,4149,575,557,1.5831304347826085,36 PENCILS TUBE SKULLS,-22.5,18.0,2.0,2.0,5457.33,0.004105966790940595,0.004338394793926247,1.320759219088937,9.838114901256732,0.028149083973983795,824
23126,5532.04,1109,293,291,5.375153583617748,FELTCRAFT GIRL AMELIE KIT,-79.2,16.0,6.0,6.0,5452.84,0.01431659930152349,0.014427412082957619,4.988313796212804,19.01044673539519,0.028125924409316973,825
23485,5843.92,262,83,83,24.791807228915662,BOTANICAL GARDENS WALL CLOCK ,-407.4,18.0,13.0,13.0,5436.52,0.06971347999288148,0.06870229007633588,22.305038167938932,70.40867469879518,0.02804174532349013,826
16161P,5445.9,13223,441,440,0.4189569160997732,WRAP ENGLISH ROSE ,-10.5,25.0,1.0,1.0,5435.4,0.001928055968710406,0.0018906450881040612,0.41185056341223625,12.377045454545454,0.02803596832740397,827
22801,5572.25,1363,322,299,4.647453416149069,ANTIQUE GLASS PEDESTAL BOWL,-138.39,37.0,21.0,21.0,5433.86,0.024835569114809993,0.02714600146735143,4.088224504768892,18.63628762541806,0.028028024957785506,828
22156,5611.28,6237,605,581,1.076413223140496,HEART DECORATION WITH PEARLS ,-184.26,218.0,28.0,27.0,5427.0199999999995,0.03283742746752969,0.03495270161936829,0.8996761263427929,9.657969018932874,0.02799274401740219,829
79029,5473.82,2944,349,343,2.2632378223495704,GLASS HONEYPOT WASP CATCHER,-49.349999999999994,27.0,13.0,13.0,5424.469999999999,0.009015641727349456,0.009171195652173914,1.8593138586956521,15.958658892128279,0.02797959103524175,830
72756,5459.48,4012,129,129,1.46953488372093,FAIRY CAKE CANDLES,-37.25,25.0,2.0,2.0,5422.23,0.00682299413130921,0.006231306081754736,1.3607876370887337,42.32155038759689,0.027968037043069438,831
23135,5416.18,1541,45,45,5.675777777777777,SMALL ZINC HEART WALL ORGANISER,0.0,0.0,0.0,0.0,5416.18,0.0,0.0,3.5147177157689815,120.35955555555556,0.02793683094813976,832
22335,5707.36,8740,535,510,0.8507289719626168,HEART DECORATION PAINTED ZINC ,-292.95000000000005,495.0,11.0,11.0,5414.41,0.051328460093633496,0.05663615560640732,0.6530160183066361,11.190901960784313,0.027927701231110744,833
84968D,5419.21,474,108,106,13.317407407407407,SET OF 16 VINTAGE RED CUTLERY,-12.75,1.0,1.0,1.0,5406.46,0.0023527414512447384,0.002109704641350211,11.432932489451478,51.12462264150943,0.027886694874963473,834
22085,6904.52,2545,233,230,3.186266094420601,PAPER CHAIN KIT SKULLS ,-1501.75,585.0,4.0,4.0,5402.77,0.2175024476719598,0.22986247544204322,2.712974459724951,30.019652173913045,0.027867661736072483,835
23158,5513.83,2633,255,255,2.674823529411765,SET OF 5 LUCKY CAT MAGNETS ,-124.8,60.0,3.0,3.0,5389.03,0.022633994881960454,0.02278769464489176,2.0941245727307254,21.62286274509804,0.027796790373372668,836
22476,5416.32,1356,283,269,6.6889752650176675,EMPIRE UNION JACK TV DINNER TRAY,-49.5,10.0,2.0,2.0,5366.82,0.009139046437433535,0.007374631268436578,3.9943362831858407,20.135018587360594,0.027682230477771307,837
21363,5455.53,1010,421,401,6.00437054631829,HOME SMALL WOOD LETTERS,-92.65,19.0,9.0,9.0,5362.88,0.016982767943719494,0.01881188118811881,5.401514851485148,13.604812967581047,0.02766190783082537,838
37446,5483.23,3800,425,410,1.8790117647058824,MINI CAKE STAND WITH HANGING CAKES,-121.69999999999999,94.0,26.0,26.0,5361.53,0.02219494713882146,0.024736842105263158,1.4429552631578946,13.373731707317072,0.02765494448732866,839
84937,5394.54,2542,124,124,4.990161290322581,KASHMIR FOLKART TUMBLERS,-37.800000000000004,18.0,2.0,2.0,5356.74,0.007007084941440791,0.007081038552321007,2.1221636506687647,43.50435483870968,0.027630237512995908,840
22571,5436.08,6080,545,511,1.0502018348623854,ROCKING HORSE RED CHRISTMAS ,-81.02000000000001,110.0,4.0,3.0,5355.0599999999995,0.01490412208797516,0.018092105263157895,0.8940921052631579,10.63812133072407,0.02762157201886667,841
22842,5477.33,843,245,237,7.068938775510205,BISCUIT TIN VINTAGE RED,-134.2,20.0,15.0,15.0,5343.13,0.024500988620367953,0.02372479240806643,6.497425860023725,23.1110970464135,0.02756003669448467,842
21993,5350.1900000000005,2898,595,577,2.2812436974789914,FLORAL FOLK STATIONERY SET,-15.0,12.0,1.0,1.0,5335.1900000000005,0.0028036387492780626,0.004140786749482402,1.8461663216011044,9.272426343154248,0.027519081918659604,843
22175,5358.02,1845,376,363,3.443909574468085,PINK OWL SOFT TOY,-26.550000000000004,9.0,4.0,3.0,5331.47,0.004955188670441694,0.004878048780487805,2.904075880758808,14.76038567493113,0.027499894038802014,844
35832,5341.85,1737,190,188,3.7067368421052636,WOOLLY HAT SOCK GLOVE ADVENT STRING,-13.55,3.0,3.0,3.0,5328.3,0.002536574407742636,0.0017271157167530224,3.0753310305123778,28.414095744680854,0.027483543076665305,845
37495,5807.6,1580,336,330,4.140833333333333,FAIRY CAKE BIRTHDAY CANDLE SET,-493.2,142.0,33.0,33.0,5314.400000000001,0.0849232040774158,0.08987341772151898,3.675696202531646,17.59878787878788,0.02741184642881033,846
21432,5435.91,942,239,237,6.09857740585774,SET OF 3 CASES WOODLAND DESIGN,-129.35,23.0,9.0,9.0,5306.5599999999995,0.02379546386897502,0.024416135881104035,5.770605095541401,22.93632911392405,0.027371407456207232,847
22070,5750.24,1848,328,320,4.032286585365854,SMALL RED RETROSPOT MUG IN BOX ,-474.79,339.0,12.0,12.0,5275.45,0.08256872756615377,0.18344155844155843,3.1116017316017315,17.9695,0.027210941073849814,848
21491,5367.009999999999,2878,250,248,2.124,SET OF THREE VINTAGE GIFT WRAPS,-99.44999999999999,51.0,5.0,5.0,5267.5599999999995,0.018529870449281817,0.017720639332870047,1.8648401667824877,21.641169354838706,0.027170244199635728,849
22186,5570.160000000001,2040,361,345,3.2885595567867036,RED STAR CARD HOLDER,-304.7,118.0,9.0,8.0,5265.460000000001,0.05470219885963778,0.05784313725490196,2.7304705882352946,16.14539130434783,0.027159412331974195,850
22775,5333.81,3745,301,284,1.6895681063122923,PURPLE DRAWERKNOB ACRYLIC EDWARDIAN,-87.5,70.0,4.0,4.0,5246.31,0.016404783822445868,0.018691588785046728,1.4242483311081442,18.781021126760564,0.027060636014965365,851
22472,5256.14,1111,257,250,5.935330739299611,TV DINNER TRAY DOLLY GIRL,-24.75,5.0,3.0,3.0,5231.39,0.0047087786854992444,0.004500450045004501,4.730999099909991,21.02456,0.02698367817424621,852
22896,5276.17,2087,376,367,3.1294414893617017,PEG BAG APPLES DESIGN,-45.900000000000006,18.0,2.0,2.0,5230.27,0.008699492245321891,0.008624820316243412,2.528112122664111,14.376485013623979,0.026977901178160058,853
22117,5222.49,1769,234,230,3.0711965811965816,METAL SIGN HER DINNER IS SERVED ,-2.95,1.0,1.0,1.0,5219.54,0.0005648646526848304,0.0005652911249293386,2.9522272470322215,22.706478260869563,0.026922555492441793,854
85132A,5249.68,1359,257,250,6.671945525291829,CHARLIE + LOLA BISCUITS TINS,-33.75,5.0,5.0,5.0,5215.93,0.00642896328919096,0.003679175864606328,3.86289919058131,20.998720000000002,0.02690393499612838,855
22433,5241.8099999999995,2803,432,422,2.2755555555555556,WATERING CAN GREEN DINOSAUR,-29.25,15.0,4.0,4.0,5212.5599999999995,0.0055801335798130805,0.005351409204423832,1.8700713521227255,12.421350710900473,0.02688655242754771,856
21071,5221.45,4450,507,472,1.6253846153846152,VINTAGE BILLBOARD DRINK ME MUG,-13.67,12.0,4.0,4.0,5207.78,0.002618046711162608,0.002696629213483146,1.1733595505617977,11.06239406779661,0.026861897033537155,857
84950,5251.85,7919,281,274,0.9102846975088967,ASSORTED COLOUR T-LIGHT HOLDER,-44.5,58.0,10.0,9.0,5207.35,0.008473204680255529,0.007324157090541735,0.6631961106200278,19.16733576642336,0.026859679079682654,858
21718,5270.32,4044,473,467,1.6704439746300213,RED METAL BEACH SPADE ,-65.0,52.0,5.0,5.0,5205.32,0.01233321695836306,0.012858555885262116,1.3032443125618198,11.285481798715203,0.02684920827427649,859
22894,5220.28,568,197,192,9.750964467005076,TABLECLOTH RED APPLES DESIGN ,-17.0,2.0,1.0,1.0,5203.28,0.0032565303010566485,0.0035211267605633804,9.190633802816901,27.188958333333332,0.026838685888548135,860
22030,5253.28,12867,700,685,0.4642857142857143,SWALLOWS GREETING CARD,-50.4,120.0,3.0,3.0,5202.88,0.009594006030518076,0.00932618325950105,0.40827543327893057,7.669021897810219,0.026836622675660223,861
22998,5262.82,12366,538,534,0.49730483271375464,TRAVEL CARD WALLET KEEP CALM,-74.34,177.0,11.0,11.0,5188.48,0.014125506857540255,0.014313440077632217,0.42558790231279314,9.855468164794006,0.02676234701169536,862
21872,5204.74,5118,338,330,1.548372781065089,GLAMOROUS  MUG,-41.47,35.0,5.0,5.0,5163.2699999999995,0.007967737101180847,0.006838608831574834,1.01694802657288,15.771939393939393,0.026632313019434646,863
22412,5163.96,2408,411,402,2.5809002433090025,METAL SIGN NEIGHBOURHOOD WITCH ,-4.2,2.0,1.0,1.0,5159.76,0.0008133293054167731,0.0008305647840531562,2.144501661129568,12.845671641791045,0.026614208326343213,864
22374,5180.47,1038,442,430,5.343665158371041,AIRLINE BAG VINTAGE JET SET RED,-23.35,5.0,4.0,4.0,5157.12,0.004507313043025054,0.004816955684007707,4.990818882466281,12.047604651162791,0.02660059112128299,865
22168,5577.93,671,320,312,8.50478125,ORGANISER WOOD ANTIQUE WHITE ,-424.15,50.0,34.0,31.0,5153.780000000001,0.07604075346947702,0.07451564828614009,8.312861400894189,17.87798076923077,0.02658336329366892,866
23162,5143.6900000000005,1412,176,176,4.422272727272728,REGENCY TEA STRAINER,0.0,0.0,0.0,0.0,5143.6900000000005,0.0,0.0,3.6428399433427767,29.225511363636368,0.026531318748571318,867
21495,5140.3,12515,378,376,0.41814814814814816,SKULLS AND CROSSBONES WRAP,-10.5,25.0,1.0,1.0,5129.8,0.002042682333715931,0.001997602876548142,0.41073112265281664,13.671010638297872,0.02645967368103854,868
22610,5146.44,12721,291,287,0.564914089347079,PENS ASSORTED FUNNY FACE,-30.6,36.0,1.0,1.0,5115.839999999999,0.005945857719122346,0.0028299661976259726,0.4045625343919503,17.93184668989547,0.026387667551250382,869
23132,5138.6,1020,152,152,6.2221710526315785,SMALL IVORY HEART WALL ORGANISER,-23.0,4.0,3.0,3.0,5115.6,0.00447592729537228,0.00392156862745098,5.037843137254902,33.80657894736842,0.026386429623517636,870
22218,5365.66,1232,264,264,5.398560606060606,CAKE STAND LACE WHITE,-250.75,65.0,12.0,12.0,5114.91,0.046732368431842496,0.052759740259740256,4.3552435064935064,20.324469696969697,0.026382870581285984,871
22732,5112.76,3854,358,337,1.5540223463687153,3D VINTAGE CHRISTMAS STICKERS ,0.0,0.0,0.0,0.0,5112.76,0.0,0.0,1.32661131292164,15.17139465875371,0.026371780812013457,872
21471,5125.63,1414,322,319,3.91916149068323,STRAWBERRY RAFFIA FOOD COVER,-15.0,4.0,3.0,3.0,5110.63,0.0029264695266728188,0.002828854314002829,3.62491513437058,16.06780564263323,0.026360794203385315,873
21544,5117.139999999999,6128,521,503,1.0512092130518234,SKULLS  WATER TRANSFER TATTOOS ,-20.4,24.0,3.0,3.0,5096.74,0.0039866018908999955,0.0039164490861618795,0.8350424281984333,10.173240556660039,0.026289149135852546,874
23263,5147.19,3863,474,445,1.4479957805907173,SET OF 3 WOODEN HEART DECORATIONS,-58.75,47.0,5.0,5.0,5088.44,0.011413994820474862,0.0121667098110277,1.3324333419622054,11.566719101123594,0.02624633746842835,875
22075,5105.33,3355,381,358,1.8291338582677166,6 RIBBONS ELEGANT CHRISTMAS ,-19.8,12.0,1.0,1.0,5085.53,0.0038782997377250837,0.0035767511177347243,1.5217078986587182,14.260698324022346,0.02623132759466878,876
21578,5088.17,2215,390,380,2.6100769230769227,WOODLAND DESIGN  COTTON TOTE BAG,-22.5,10.0,3.0,3.0,5065.67,0.004422022062942079,0.004514672686230248,2.297142212189616,13.389921052631578,0.026128889074783914,877
22426,5195.24,1347,379,372,4.71042216358839,ENAMEL WASH BOWL CREAM,-129.7,38.0,8.0,8.0,5065.54,0.024965160416073173,0.028210838901262063,3.856896807720861,13.965698924731182,0.02612821853059534,878
23295,5073.45,6134,450,444,1.1117555555555554,SET OF 12 MINI LOAF BAKING CASES,-10.79,13.0,5.0,5.0,5062.66,0.0021267579260660892,0.0021193348549070753,0.8271030322791001,11.426689189189188,0.026113363397802365,879
22276,5097.53,1950,386,373,3.0710103626943,WASH BAG VINTAGE ROSE PAISLEY,-42.9,17.0,6.0,6.0,5054.63,0.008415840613002767,0.008717948717948718,2.6141179487179484,13.666300268096514,0.026071944399077517,880
20977,5138.74,3847,495,485,1.5642424242424242,36 PENCILS TUBE WOODLAND,-95.0,76.0,5.0,5.0,5043.74,0.018487022110478445,0.019755653756173643,1.3357785287236807,10.595340206185567,0.02601577342820409,881
22318,5102.01,1620,403,389,3.6753846153846155,FIVE HEART HANGING DECORATION,-59.00000000000001,20.0,7.0,7.0,5043.01,0.011564069846981877,0.012345679012345678,3.1493888888888892,13.115706940874036,0.02601200806468365,882
23397,5097.65,489,217,217,11.573870967741934,FOOT STOOL HOME SWEET HOME ,-59.699999999999996,6.0,5.0,5.0,5037.95,0.011711278726472003,0.012269938650306749,10.424642126789365,23.49147465437788,0.025985908421651552,883
23234,5079.78,1722,278,277,3.3792086330935254,BISCUIT TIN VINTAGE CHRISTMAS,-46.24,16.0,5.0,5.0,5033.54,0.009102756418585057,0.009291521486643438,2.94993031358885,18.3385559566787,0.025963161499562314,884
21112,5531.5,2234,196,189,3.390459183673469,"SWISS ROLL TOWEL, PINK  SPOTS",-507.29999999999995,198.0,3.0,3.0,5024.2,0.09171110910241344,0.08863025962399283,2.4760519247985675,29.267195767195766,0.025914985478629544,885
22688,5000.599999999999,899,99,93,8.407373737373737,DOORMAT PEACE ON EARTH BLUE,0.0,0.0,0.0,0.0,5000.599999999999,0.0,0.0,5.562402669632925,53.769892473118276,0.025793255918242688,886
84796B,4999.79,600,182,180,9.24565934065934,BLUE SAVANNAH PICNIC HAMPER FOR 2,0.0,0.0,0.0,0.0,4999.79,0.0,0.0,8.332983333333333,27.776611111111112,0.025789077912144666,887
23310,4997.28,12050,246,245,0.47804878048780486,BUBBLEGUM RING ASSORTED,0.0,0.0,0.0,0.0,4997.28,0.0,0.0,0.4147120331950207,20.397061224489796,0.025776131251273007,888
23165,5141.0599999999995,3114,283,280,1.9777738515901062,LARGE CERAMIC TOP STORAGE JAR,-154.5,102.0,18.0,18.0,4986.5599999999995,0.03005216822989812,0.03275529865125241,1.650950545921644,18.36092857142857,0.025720837145876942,889
23198,5062.599999999999,3342,485,475,1.7995876288659793,PANTRY MAGNETIC  SHOPPING LIST,-92.8,64.0,14.0,14.0,4969.799999999999,0.0183305021135385,0.019150209455415918,1.5148414123279472,10.658105263157893,0.02563438852587339,890
23494,5354.01,809,206,205,6.812864077669903,VINTAGE DOILY DELUXE SEWING KIT ,-386.75,65.0,11.0,11.0,4967.26,0.07223557669858667,0.08034610630407911,6.618059332509271,26.117121951219513,0.025621287124035153,891
46000S,5054.7,3486,383,380,1.45,POLYESTER FILLER PAD 40x40cm,-101.5,70.0,5.0,5.0,4953.2,0.020080321285140562,0.020080321285140562,1.45,13.301842105263157,0.02554876519102501,892
23314,5012.96,407,118,117,13.607881355932204,VINTAGE CHRISTMAS TABLECLOTH,-62.5,5.0,2.0,2.0,4950.46,0.012467683763684529,0.012285012285012284,12.316855036855037,42.84581196581197,0.02553463218274281,893
21896,4975.61,2395,298,290,2.5116107382550337,POTTING SHED TWINE,-28.65,14.0,5.0,5.0,4946.96,0.005758087953034905,0.005845511482254697,2.0774989561586636,17.157275862068964,0.025516579069973573,894
21713,5179.06,2747,399,391,2.3870927318295743,CITRONELLA CANDLE FLOWERPOT,-233.00000000000003,128.0,20.0,19.0,4946.06,0.044988858982131896,0.04659628685839097,1.8853512923188935,13.245677749360615,0.02551193684097577,895
22957,5014.650000000001,1775,216,214,3.115555555555556,SET 3 PAPER VINTAGE CHICK PAPER EGG,-71.9,26.0,4.0,4.0,4942.750000000001,0.01433798969020769,0.014647887323943662,2.825154929577465,23.432943925233648,0.025494863754328294,896
22604,5003.52,2035,256,247,2.7473828124999997,SET OF 4 NAPKIN CHARMS CUTLERY,-61.2,24.0,3.0,3.0,4942.320000000001,0.012231389102072141,0.011793611793611793,2.458732186732187,20.257165991902834,0.025492645800473786,897
21706,5086.96,1355,259,254,5.247992277992278,FOLDING UMBRELLA RED/WHITE POLKADOT,-148.5,30.0,5.0,5.0,4938.46,0.029192287731769073,0.02214022140221402,3.7542140221402214,20.02740157480315,0.025472735796105424,898
47568,4983.02,2384,411,410,2.543430656934307,ENGLISH ROSE DESIGN PEG BAG,-44.97,22.0,6.0,6.0,4938.05,0.009024647703601429,0.009228187919463088,2.0901929530201344,12.153707317073172,0.025470621002895315,899
23570,4931.87,2772,286,276,1.431118881118881,TRADITIONAL PICK UP STICKS GAME ,0.0,0.0,0.0,0.0,4931.87,0.0,0.0,1.7791738816738816,17.86909420289855,0.025438744363777056,900
85184C,4930.06,2288,350,345,3.3322857142857143,S/4 VALENTINE DECOUPAGE HEART BOX,0.0,0.0,0.0,0.0,4930.06,0.0,0.0,2.154746503496504,14.290028985507247,0.025429408325459254,901
23556,4937.01,436,53,53,12.61811320754717,LANDMARK FRAME COVENT GARDEN ,-12.5,1.0,1.0,1.0,4924.51,0.0025318968363442647,0.0022935779816513763,11.323417431192661,93.15113207547171,0.025400781246639463,902
20963,4932.62,3642,540,509,1.7600925925925925,APPLE BATH SPONGE,-12.5,10.0,1.0,1.0,4920.12,0.002534150208205781,0.0027457440966501922,1.354371224601867,9.690805500982318,0.025378137485194616,903
22509,5207.11,392,190,187,15.859,SEWING BOX RETROSPOT DESIGN ,-288.04999999999995,19.0,5.0,5.0,4919.0599999999995,0.05531859323117813,0.04846938775510204,13.28344387755102,27.845508021390373,0.025372669971041647,904
21207,5627.24,3617,286,282,1.76520979020979,SKULL AND CROSSBONES  GARLAND ,-709.25,489.0,4.0,4.0,4917.99,0.12603869747869292,0.1351949129112524,1.5557755045617916,19.954751773049644,0.02536715087656648,905
22593,5122.41,5757,436,415,1.0712155963302752,CHRISTMAS GINGHAM STAR,-207.36,288.0,2.0,1.0,4915.05,0.04048094549245375,0.05002605523710266,0.8897707139134966,12.343156626506024,0.025351986261840327,906
23503,4860.55,3643,342,335,1.279298245614035,PLAYING CARDS KEEP CALM & CARRY ON,-2.5,2.0,2.0,2.0,4858.05,0.0005143450844040283,0.0005489980785067252,1.3342163052429317,14.50910447761194,0.02505797842531274,907
22800,4905.87,1206,287,268,4.831951219512195,ANTIQUE TALL SWIRLGLASS TRINKET POT,-60.0,16.0,9.0,9.0,4845.87,0.01223024662292315,0.013266998341625208,4.0678855721393035,18.305485074626866,0.02499515359287579,908
23010,4879.599999999999,315,111,111,16.296576576576577,CIRCUS PARADE BABY GIFT SET,-50.849999999999994,3.0,2.0,2.0,4828.749999999999,0.010420936142306747,0.009523809523809525,15.490793650793648,43.960360360360355,0.02490684808127312,909
22956,5110.530000000001,2607,286,256,2.214055944055944,36 FOIL HEART CAKE CASES,-287.40000000000003,154.0,4.0,3.0,4823.130000000001,0.05623682866552002,0.05907172995780591,1.9603107019562718,19.963007812500003,0.02487785994019795,910
21328,4816.33,2523,673,643,2.26592867756315,BALLOONS  WRITING SET ,0.0,0.0,0.0,0.0,4816.33,0.0,0.0,1.908969480776853,7.490404354587869,0.024842785321103428,911
23554,4805.53,422,57,57,13.047017543859647,LANDMARK FRAME OXFORD STREET,0.0,0.0,0.0,0.0,4805.53,0.0,0.0,11.387511848341232,84.30754385964912,0.02478707857312978,912
21986,4806.25,13528,483,469,0.41619047619047617,PACK OF 12 PINK POLKADOT TISSUES,-6.959999999999999,24.0,1.0,1.0,4799.29,0.0014481144343302989,0.0017740981667652277,0.355281638083974,10.247867803837954,0.024754892452078337,913
20961,4886.57,3672,538,514,1.7115613382899626,STRAWBERRY BATH SPONGE ,-88.75,71.0,2.0,2.0,4797.82,0.018162023668953888,0.019335511982570806,1.3307652505446623,9.506945525291828,0.024747310144715262,914
21249,4841.39,1679,267,259,3.7101498127340826,WOODLAND  HEIGHT CHART STICKERS ,-46.400000000000006,16.0,3.0,3.0,4794.990000000001,0.009584024422738098,0.009529481834425254,2.8834961286480048,18.692625482625484,0.024732712913533277,915
22128,4864.59,4007,201,195,1.5296517412935322,PARTY CONES CANDY ASSORTED,-70.0,56.0,3.0,3.0,4794.59,0.014389701907046637,0.013975542800099825,1.2140229598203145,24.946615384615384,0.024730649700645365,916
23555,4780.57,421,51,50,12.897450980392156,LANDMARK FRAME NOTTING HILL ,0.0,0.0,0.0,0.0,4780.57,0.0,0.0,11.355273159144893,95.61139999999999,0.024658334088924014,917
23351,4875.65,3535,358,354,1.5103072625698326,ROLL WRAP 50'S CHRISTMAS,-104.88,96.0,3.0,3.0,4770.7699999999995,0.02151097802344303,0.027157001414427156,1.379250353606789,13.773022598870055,0.024607785373170148,918
22399,4794.6,4088,282,277,1.305,MAGNETS PACK OF 4 CHILDHOOD MEMORY,-30.0,24.0,3.0,3.0,4764.6,0.006257039169065198,0.005870841487279843,1.1728473581213308,17.309025270758124,0.024575960314374097,919
22434,4795.89,2579,292,281,2.037876712328767,BALLOON PUMP WITH 10 BALLOONS,-35.1,18.0,2.0,2.0,4760.79,0.007318766693981722,0.006979449398991857,1.8595928654517255,17.06722419928826,0.024556308211616723,920
20681,4859.79,1429,353,341,3.8826912181303115,PINK SPOTTY CHILDS UMBRELLA,-99.75,31.0,15.0,15.0,4760.04,0.020525578265727533,0.021693491952414275,3.4008327501749473,14.25158357771261,0.024552439687451886,921
22027,4846.87,11387,858,845,0.5231701631701632,TEA PARTY BIRTHDAY CARD,-87.12,228.0,7.0,7.0,4759.75,0.01797448662745236,0.02002283305523843,0.4256494247826469,5.7359408284023665,0.024550943858108153,922
22304,4801.68,2422,176,167,2.86875,COFFEE MUG BLUE PAISLEY DESIGN,-44.55,18.0,5.0,5.0,4757.13,0.00927800269905533,0.007431874483897605,1.9825268373245253,28.752574850299403,0.02453742981369232,923
22672,4774.3,2869,382,370,1.9553664921465967,FRENCH BATHROOM SIGN BLUE METAL,-28.05,17.0,4.0,4.0,4746.25,0.005875206836604319,0.0059254095503659815,1.6640989891948414,12.903513513513515,0.02448131042314109,924
22305,4772.7300000000005,2291,147,144,2.7926530612244895,COFFEE MUG PINK PAISLEY DESIGN,-28.05,11.0,5.0,5.0,4744.68,0.005877139498777429,0.004801396769969445,2.083251855085116,33.14395833333334,0.024473212312556038,925
23389,4751.49,1115,239,237,4.531338912133891,SPACEBOY MINI BACKPACK,-8.3,2.0,1.0,1.0,4743.19,0.0017468204710522385,0.0017937219730941704,4.26142600896861,20.048481012658225,0.02446552684454856,926
85049G,4798.65,3890,536,510,1.3751119402985073,CHOCOLATE BOX RIBBONS ,-56.25,45.0,5.0,5.0,4742.4,0.01172204682566972,0.011568123393316195,1.2335861182519279,9.409117647058823,0.02446145199909493,927
22583,5004.0,1887,371,349,3.0010242587601077,PACK OF 6 HANDBAG GIFT BOXES,-272.85,111.0,6.0,6.0,4731.15,0.0545263788968825,0.058823529411764705,2.6518282988871222,14.33810888252149,0.02440342413662238,928
22601,4729.84,5422,443,417,1.0317381489841986,CHRISTMAS RETROSPOT ANGEL WOOD,-3.4,4.0,3.0,3.0,4726.4400000000005,0.0007188403836070565,0.0007377351530800443,0.8723423091110292,11.34254196642686,0.024379129804867214,929
22562,4714.8,4004,405,393,1.3217283950617282,MONSTERS STENCIL CRAFT,0.0,0.0,0.0,0.0,4714.8,0.0,0.0,1.1775224775224775,11.996946564885496,0.024319090309828945,930
21916,4803.17,11124,742,713,0.5180188679245283,SET 12 RETRO WHITE CHALK STICKS,-94.5,225.0,5.0,5.0,4708.67,0.019674506627914482,0.020226537216828478,0.4317844300611291,6.73656381486676,0.02428747157232168,931
23569,4717.66,954,196,192,5.3034693877551025,TRADTIONAL ALPHABET STAMP SET,-9.9,2.0,1.0,1.0,4707.76,0.002098497984170118,0.0020964360587002098,4.945136268343815,24.571145833333333,0.024282777763001678,932
22107,5037.51,1276,391,369,4.706521739130435,PIZZA PLATE IN BOX,-330.71000000000004,95.0,12.0,12.0,4706.8,0.06564949746998021,0.07445141065830721,3.9478918495297806,13.65178861788618,0.02427782605207069,933
23286,4747.62,5048,222,222,1.03009009009009,BLUE VINTAGE SPOT BEAKER,-41.65,49.0,3.0,3.0,4705.97,0.00877281669552323,0.009706814580031696,0.9404952456418383,21.385675675675675,0.02427354488532827,934
21811,4723.54,6446,414,382,1.173695652173913,HANGING HEART WITH BELL,-18.72,48.0,1.0,1.0,4704.82,0.003963129347904326,0.007446478436239528,0.7327862240148929,12.365287958115184,0.024267613148275517,935
23558,4703.87,415,52,52,13.125384615384615,LANDMARK FRAME LONDON BRIDGE ,0.0,0.0,0.0,0.0,4703.87,0.0,0.0,11.334626506024096,90.45903846153846,0.024262713017666724,936
21069,5474.43,5148,292,279,1.700582191780822,VINTAGE BILLBOARD TEA MUG,-770.8900000000001,726.0,4.0,4.0,4703.54,0.14081648683059242,0.14102564102564102,1.063409090909091,19.621612903225806,0.024261010867034197,937
23184,4764.5,874,266,264,6.4533082706766915,BULL DOG BOTTLE OPENER,-64.35,13.0,4.0,4.0,4700.15,0.013506139154160981,0.014874141876430207,5.451372997711671,18.047348484848484,0.024243525137809134,938
23157,5143.06,2557,169,163,2.361597633136095,SET OF 6 NATIVITY MAGNETS ,-444.0,240.0,1.0,1.0,4699.06,0.0863299280972806,0.09385999217833399,2.0113648807195936,31.552515337423316,0.024237902882689576,939
22442,4836.87,875,179,172,7.483966480446928,GROW YOUR OWN FLOWERS SET OF 3,-141.9,18.0,13.0,13.0,4694.97,0.02933715398594546,0.02057142857142857,5.527851428571428,28.121337209302325,0.024216806530910667,940
22474,4830.21,984,266,254,6.246353383458646,SPACEBOY TV DINNER TRAY,-136.0,32.0,1.0,1.0,4694.21,0.028156125717101327,0.032520325203252036,4.90875,19.016574803149606,0.024212886426423632,941
22451,4715.4400000000005,1394,264,238,3.8750757575757575,SILK PURSE BABUSHKA RED,-26.8,8.0,2.0,2.0,4688.64,0.005683456899038053,0.005738880918220947,3.3826685796269733,19.8127731092437,0.024184156186959446,942
22736,4717.48,2618,439,408,2.223895216400911,RIBBON REEL MAKING SNOWMEN ,-37.95,23.0,3.0,3.0,4679.53,0.008044549208475712,0.00878533231474408,1.8019404125286476,11.562450980392155,0.024137166513437225,943
22721,4671.81,1020,298,297,5.396275167785235,SET OF 3 CAKE TINS SKETCHBOOK,0.0,0.0,0.0,0.0,4671.81,0.0,0.0,4.580205882352941,15.730000000000002,0.024097346504700513,944
72807B,4790.28,1090,238,225,5.278823529411764,SET/3 OCEAN SCENT CANDLE JEWEL BOX,-119.0,28.0,12.0,12.0,4671.28,0.024841971659276704,0.025688073394495414,4.394752293577981,21.290133333333333,0.024094612747624023,945
23159,4713.52,2293,224,223,2.3199107142857143,SET OF 5 PANCAKE DAY MAGNETS,-52.0,25.0,3.0,3.0,4661.52,0.011032094909961132,0.010902747492368076,2.0556127344090713,21.136860986547088,0.024044270353158953,946
23241,4669.55,2165,366,363,2.4851092896174864,TREASURE TIN GYMKHANA DESIGN,-14.56,7.0,5.0,5.0,4654.99,0.003118073476030881,0.003233256351039261,2.156836027713626,12.863774104683197,0.024010588402763773,947
15044B,4655.9400000000005,1673,192,189,3.554322916666667,BLUE PAPER PARASOL ,-2.95,1.0,1.0,1.0,4652.990000000001,0.0006335992302306301,0.0005977286312014345,2.7829886431560076,24.63460317460318,0.024000272338324212,948
21534,4793.66,942,347,342,5.396224783861672,DAIRY MAID LARGE MILK JUG,-143.55,29.0,21.0,21.0,4650.11,0.029945803415344436,0.03078556263269639,5.088811040339703,14.016549707602339,0.023985417205531233,949
82581,4687.85,8463,934,913,0.6923126338329765,TOILET METAL SIGN,-38.660000000000004,71.0,9.0,9.0,4649.1900000000005,0.008246850901799333,0.008389460002363229,0.5539229587616685,5.134556407447974,0.02398067181588904,950
22743,4660.610000000001,1531,371,351,3.6011051212938003,MAKE YOUR OWN FLOWERPOWER CARD KIT,-17.700000000000003,6.0,1.0,1.0,4642.910000000001,0.0037977861267087356,0.003919007184846506,3.044160679294579,13.27809116809117,0.02394827937354881,951
21506,4662.02,11194,685,665,0.48875912408759126,"FANCY FONT BIRTHDAY CARD, ",-25.2,60.0,4.0,4.0,4636.820000000001,0.005405382216292508,0.005360014293371449,0.41647489726639275,7.010556390977444,0.023916866957330335,952
84031A,4700.62,1151,331,314,4.712235649546828,CHARLIE+LOLA RED HOT WATER BOTTLE ,-71.55,27.0,4.0,4.0,4629.07,0.015221396326442043,0.023457862728062554,4.0839443961772375,14.970127388535031,0.023876892207627017,953
22573,4627.08,5122,433,405,1.0949191685912238,STAR WOODEN CHRISTMAS DECORATION,0.0,0.0,0.0,0.0,4627.08,0.0,0.0,0.903373682155408,11.424888888888889,0.023866627723509653,954
10135,4640.1,4271,337,324,1.416587537091988,COLOURING PENCILS BROWN TUBE,-13.75,11.0,2.0,2.0,4626.35,0.0029632982047800693,0.0025755092484195737,1.0864200421446968,14.321296296296298,0.023862862359989214,955
21990,4635.78,2493,513,497,2.275438596491228,MODERN FLORAL STATIONERY SET,-15.0,12.0,1.0,1.0,4620.78,0.0032357014353571567,0.0048134777376654635,1.8595186522262332,9.327525150905432,0.023834132120525025,956
21864,4681.58,1960,427,411,2.7533489461358314,UNION JACK FLAG PASSPORT COVER ,-84.0,40.0,2.0,1.0,4597.58,0.01794266038388749,0.02040816326530612,2.388561224489796,11.390705596107056,0.023714465773026078,957
22594,4597.42,5008,430,412,1.1100697674418605,CHRISTMAS GINGHAM TREE,-0.85,1.0,1.0,1.0,4596.57,0.00018488630579759953,0.00019968051118210862,0.9180151757188498,11.158786407766991,0.023709256160484096,958
23176,4693.08,2165,227,226,2.663215859030837,ABC TREASURE BOOK BOX ,-101.25,45.0,10.0,10.0,4591.83,0.021574317931933828,0.020785219399538105,2.1677043879907623,20.7658407079646,0.02368480708776233,959
22908,4583.75,5666,503,485,0.9602186878727634,PACK OF 20 NAPKINS RED APPLES,-5.949999999999999,7.0,4.0,4.0,4577.8,0.0012980638123806926,0.0012354394634662902,0.8089922343805154,9.45103092783505,0.02361243989571879,960
23285,4572.41,4807,192,191,1.06703125,PINK VINTAGE SPOT BEAKER,-1.7,2.0,1.0,1.0,4570.71,0.00037179518022224605,0.00041605991262741833,0.951198252548367,23.93931937172775,0.02357586944728053,961
22574,4926.61,5382,441,415,1.0725396825396825,HEART WOODEN CHRISTMAS DECORATION,-358.08000000000004,480.0,3.0,2.0,4568.53,0.07268283870653452,0.08918617614269789,0.9153864734299516,11.871349397590361,0.023564624937041406,962
22747,4588.02,2081,423,402,2.4065248226950358,POPPY'S PLAYHOUSE BATHROOM,-25.2,12.0,2.0,1.0,4562.820000000001,0.005492565420377417,0.005766458433445459,2.2047188851513697,11.412985074626867,0.023535172573066455,963
22564,5287.65,4623,354,343,1.3208757062146892,ALPHABET STENCIL CRAFT,-727.32,684.0,6.0,5.0,4560.33,0.13755070778133954,0.14795587280986372,1.1437702790395845,15.415889212827988,0.023522329072839195,964
21564,4577.620000000001,1967,300,294,3.234566666666667,PINK  HEART SHAPE LOVE BUCKET ,-31.650000000000002,11.0,7.0,7.0,4545.970000000001,0.0069140732520392685,0.005592272496187087,2.3272089476359943,15.570136054421772,0.023448259730163127,965
22691,5206.55,759,219,218,8.914703196347032,DOORMAT WELCOME SUNRISE,-665.35,143.0,3.0,3.0,4541.2,0.1277909556232054,0.18840579710144928,6.8597496706192365,23.883256880733946,0.02342365591647476,966
15044D,4565.56,1597,230,227,3.449217391304348,RED PAPER PARASOL,-26.150000000000002,9.0,4.0,4.0,4539.410000000001,0.0057276653904449835,0.005635566687539136,2.8588353162179088,20.112599118942732,0.023414423038801355,967
21109,4550.95,1181,233,223,6.753690987124463,"LARGE CAKE TOWEL, CHOCOLATE SPOTS",-13.5,2.0,1.0,1.0,4537.45,0.002966413605950406,0.001693480101608806,3.8534716342082977,20.407847533632285,0.023404313295650576,968
84270,4827.87,22953,480,476,0.24752083333333333,ASSTD DESIGN BUBBLE GUM RING,-293.40000000000003,1740.0,7.0,7.0,4534.47,0.06077214175195273,0.07580708404130179,0.21033721082211476,10.142584033613446,0.023388942359635626,969
84997b,4534.32,539,90,85,8.547666666666666,CHILDRENS CUTLERY RETROSPOT RED ,0.0,0.0,0.0,0.0,4534.32,0.0,0.0,8.412467532467533,53.344941176470584,0.02338816865480266,970
22733,4539.7699999999995,3523,362,338,1.5134530386740332,3D TRADITIONAL CHRISTMAS STICKERS,-25.0,20.0,1.0,1.0,4514.7699999999995,0.005506886912773115,0.005676979846721544,1.288609139937553,13.43127218934911,0.023287329124905918,971
37447,4619.53,2930,373,364,1.9989276139410188,CERAMIC CAKE DESIGN SPOTTED PLATE,-109.16,76.0,29.0,29.0,4510.37,0.023630109556599915,0.025938566552901023,1.5766313993174061,12.691016483516483,0.023264633783138877,972
21064,4557.84,904,181,171,5.5522099447513815,BOOM BOX SPEAKER BOYS,-53.550000000000004,9.0,3.0,3.0,4504.29,0.01174898636196093,0.00995575221238938,5.041858407079646,26.6540350877193,0.0232332729472426,973
20966,4500.68,3151,451,420,1.8000665188470064,SANDWICH BATH SPONGE,-1.25,1.0,1.0,1.0,4499.43,0.00027773580881111296,0.00031735956839098697,1.4283338622659474,10.715904761904763,0.02320820491065446,974
22449,4538.74,1370,325,308,3.482123076923077,SILK PURSE BABUSHKA PINK,-40.2,12.0,2.0,2.0,4498.54,0.008857083684018033,0.008759124087591242,3.3129489051094887,14.73616883116883,0.023203614261978853,975
22926,4632.17,758,243,216,6.341563786008231,IVORY GIANT GARDEN THERMOMETER,-136.85,23.0,8.0,6.0,4495.32,0.029543388951614468,0.030343007915567283,6.111042216358839,21.445231481481482,0.023187005398231153,976
23168,4558.67,3291,342,337,1.777485380116959,CLASSIC CAFE SUGAR DISPENSER,-65.61,54.0,18.0,18.0,4493.06,0.014392355665139174,0.016408386508659983,1.3851929504709815,13.527210682492582,0.02317534824541445,977
21068,4585.41,4396,398,373,1.5727386934673369,VINTAGE BILLBOARD LOVE/HATE MUG,-98.33,89.0,8.0,8.0,4487.08,0.02144410205412384,0.02024567788898999,1.0430868971792537,12.293324396782841,0.023144503212740152,978
21967,4478.9,15898,507,479,0.42270216962524654,PACK OF 12 SKULL TISSUES,0.0,0.0,0.0,0.0,4478.9,0.0,0.0,0.2817272612907284,9.350521920668058,0.02310231050918233,979
22548,4475.6,3579,458,428,1.3928602620087336,HEADS AND TAILS SPORTING FUN,0.0,0.0,0.0,0.0,4475.6,0.0,0.0,1.250516904163174,10.457009345794393,0.02308528900285705,980
22760,4596.11,360,123,120,14.381056910569106,"TRAY, BREAKFAST IN BED",-125.7,10.0,9.0,9.0,4470.41,0.027349214879539438,0.027777777777777776,12.766972222222222,38.300916666666666,0.02305851881563638,981
23309,4495.849999999999,8275,422,407,0.7424170616113744,SET OF 60 I LOVE LONDON CAKE CASES ,-35.2,64.0,4.0,4.0,4460.65,0.007829442708275411,0.007734138972809668,0.5433051359516615,11.046314496314494,0.023008176421171308,982
21143,4483.88,2233,203,182,2.2811330049261085,ANTIQUE GLASS HEART DECORATION ,-39.0,20.0,6.0,5.0,4444.88,0.008697824205821743,0.008956560680698611,2.0080071652485447,24.6367032967033,0.022926834253065343,983
21012,4450.7,2362,312,299,2.3351602564102567,ANTIQUE ALL GLASS CANDLESTICK,-10.5,5.0,2.0,2.0,4440.2,0.002359179454917204,0.0021168501270110076,1.8842929720575783,14.885284280936455,0.022902694662276762,984
84968E,4490.48,387,98,98,12.587448979591835,SET OF 16 VINTAGE BLACK CUTLERY,-51.0,4.0,1.0,1.0,4439.48,0.011357360460351679,0.0103359173126615,11.60330749354005,45.82122448979592,0.022898980879078514,985
23530,4436.27,1056,87,87,5.577586206896552,WALL ART ONLY ONE PERSON ,0.0,0.0,0.0,0.0,4436.27,0.0,0.0,4.201013257575758,50.991609195402305,0.02288242359565302,986
22312,4516.700000000001,1312,286,269,4.307167832167833,OFFICE MUG WARMER POLKADOT,-81.65000000000002,27.0,3.0,3.0,4435.050000000001,0.01807735736267629,0.020579268292682928,3.442606707317074,16.790706319702604,0.02287613079634489,987
22299,4505.88,3966,208,202,1.6424999999999998,PIG KEYRING WITH LIGHT & SOUND ,-76.25,61.0,6.0,5.0,4429.63,0.016922332596518326,0.015380736258194654,1.136127080181543,22.306336633663367,0.022848174261713664,988
23288,4444.2300000000005,4625,186,185,1.0418817204301074,GREEN VINTAGE SPOT BEAKER,-15.17,18.0,4.0,4.0,4429.06,0.0034134146972591424,0.0038918918918918917,0.9609145945945947,24.022864864864868,0.02284523418334839,989
23275,4521.72,3720,334,325,1.4738323353293412,SET OF 3 HANGING OWLS OLLIE BEAK,-95.41,77.0,4.0,4.0,4426.31,0.021100377732367327,0.020698924731182795,1.215516129032258,13.912984615384616,0.02283104959474399,990
84969,4445.38,998,352,341,4.903011363636363,BOX OF 6 ASSORTED COLOUR TEASPOONS,-21.25,5.0,5.0,5.0,4424.13,0.004780243758688796,0.00501002004008016,4.454288577154308,13.036304985337244,0.022819805084504863,991
51014A,4585.2,6700,381,376,0.8311023622047243,"FEATHER PEN,HOT PINK",-165.75,195.0,4.0,4.0,4419.45,0.03614891389688563,0.029104477611940297,0.6843582089552238,12.19468085106383,0.022795665493716283,992
23404,4561.76,1011,169,169,6.0208875739644965,HOME SWEET HOME BLACKBOARD,-143.55,29.0,14.0,14.0,4418.21,0.031468117568657715,0.028684470820969338,4.512126607319486,26.992662721893492,0.022789269533763753,993
21913,4423.2,1155,309,298,4.391844660194175,VINTAGE SEASIDE JIGSAW PUZZLES,-15.0,4.0,3.0,3.0,4408.2,0.0033912099837221923,0.003463203463203463,3.8296103896103895,14.842953020134228,0.022737637631243732,994
22227,4427.11,6136,675,643,0.8921037037037036,HANGING HEART MIRROR DECORATION ,-21.45,33.0,6.0,6.0,4405.66,0.004845147285701056,0.005378096479791395,0.7214977183833116,6.885085536547433,0.022724536229405488,995
23163,4515.22,1832,209,209,3.329234449760766,REGENCY SUGAR TONGS,-114.4,55.0,2.0,2.0,4400.820000000001,0.025336528452655684,0.030021834061135372,2.4646397379912663,21.60392344497608,0.022699571353461744,996
72807A,4472.37,971,232,216,5.758965517241379,SET/3 ROSE CANDLE IN JEWELLED BOX,-72.25,17.0,10.0,10.0,4400.12,0.01615474569411744,0.017507723995880537,4.605942327497425,20.705416666666665,0.02269596073090789,997
21056,5077.68,558,198,195,9.68969696969697,DOCTOR'S BAG SOFT TOY,-693.9,82.0,4.0,4.0,4383.780000000001,0.13665689842605283,0.14695340501792115,9.099784946236559,26.039384615384616,0.022611678484436657,998
21810,4455.8099999999995,7009,373,344,0.9984986595174262,CHRISTMAS HANGING STAR WITH BELL,-73.75,59.0,2.0,2.0,4382.0599999999995,0.016551423871305107,0.008417748608931373,0.635726922528178,12.952936046511626,0.022602806669018625,999
85063,5426.74,308,180,180,18.89911111111111,CREAM SWEETHEART MAGAZINE RACK,-1060.7,66.0,38.0,38.0,4366.04,0.19545804663573343,0.21428571428571427,17.619285714285713,30.148555555555554,0.022520174992857717,1000
20674,4383.55,3437,472,463,1.5082838983050846,GREEN POLKADOT BOWL,-18.560000000000002,15.0,3.0,3.0,4364.99,0.004234011246592374,0.0043642711667151585,1.2754000581902822,9.467710583153348,0.022514759059026945,1001
84279P,4525.55,1153,305,299,4.65255737704918,CHERRY BLOSSOM  DECORATIVE FLASK,-163.56,44.0,19.0,19.0,4361.99,0.03614146346852869,0.03816131830008673,3.925021682567216,15.13561872909699,0.0224992849623676,1002
21899,4398.08,6783,646,622,0.8143188854489163,"KEY FOB , GARAGE DESIGN",-43.55,67.0,5.0,5.0,4354.53,0.009902048166472641,0.009877635264632168,0.6483974642488575,7.070868167202573,0.022460806042008022,1003
22291,4412.929999999999,3193,269,264,1.6439776951672864,"SPRING DEC , HANGING CHICK CREAM",-69.6,48.0,2.0,2.0,4343.329999999999,0.015771834132877704,0.015032884434700909,1.3820638897588473,16.71564393939394,0.02240303608114646,1004
15039,4360.03,5117,311,306,1.1445980707395498,SANDALWOOD FAN,-22.95,27.0,4.0,4.0,4337.08,0.005263725249596907,0.005276529216337698,0.8520676177447722,14.24846405228758,0.022370798379772825,1005
22611,4348.8,908,201,195,5.191940298507462,VINTAGE UNION JACK SHOPPING BAG,-19.8,4.0,2.0,2.0,4329.0,0.004552980132450331,0.004405286343612335,4.789427312775331,22.301538461538463,0.022329121479436984,1006
22497,4345.08,946,290,279,5.306620689655173,SET OF 2 TINS VINTAGE BATHROOM ,-21.25,5.0,2.0,2.0,4323.83,0.00489058889594668,0.005285412262156448,4.593107822410148,15.573763440860215,0.022302454452860714,1007
22530,4343.16,10270,491,468,0.49786150712830957,MAGIC DRAWING SLATE DOLLY GIRL ,-20.16,48.0,2.0,2.0,4323.0,0.00464178155997016,0.004673807205452775,0.4228977604673807,9.28025641025641,0.022298173286118293,1008
23349,4342.6,3221,343,337,1.5426530612244898,ROLL WRAP VINTAGE CHRISTMAS,-30.0,24.0,2.0,2.0,4312.6,0.006908303781144935,0.007451102142191866,1.3482148401117666,12.886053412462909,0.02224452975103256,1009
47580,4395.26,1693,359,344,3.1532033426183843,TEA TIME DES TEA COSY,-84.15,33.0,6.0,4.0,4311.110000000001,0.01914562505972343,0.019492025989367986,2.59613703484938,12.776918604651163,0.022236844283025088,1010
85053,4382.22,2037,388,378,2.629020618556701,FRENCH ENAMEL CANDLEHOLDER,-84.46000000000001,41.0,17.0,17.0,4297.76,0.019273336345505248,0.020127638684339717,2.1513107511045657,11.593174603174603,0.02216798455289099,1011
21556,4305.45,1626,303,293,3.2568316831683166,CERAMIC STRAWBERRY MONEY BOX,-10.2,4.0,4.0,4.0,4295.25,0.0023690903389889557,0.0024600246002460025,2.6478782287822877,14.694368600682592,0.02215503789201934,1012
22600,4317.5,4958,450,429,1.0165111111111111,CHRISTMAS RETROSPOT STAR WOOD,-23.799999999999997,28.0,3.0,3.0,4293.7,0.005512449334105384,0.005647438483259379,0.8708148446954417,10.064102564102564,0.022147042942078674,1013
22425,4401.8,866,311,301,5.654083601286174,ENAMEL COLANDER CREAM,-112.55,25.0,5.0,5.0,4289.25,0.025569085374165114,0.028868360277136258,5.082909930715935,14.62392026578073,0.022124089698700646,1014
21878,4591.54,5591,413,403,1.0596125907990315,PACK OF 6 SANDCASTLE FLAGS ASSORTED,-304.81,421.0,3.0,3.0,4286.73,0.06638513439935186,0.07529958862457521,0.8212377034519763,11.393399503722085,0.022111091457506792,1015
22202,4400.12,1090,269,264,5.241710037174721,MILK PAN PINK RETROSPOT,-116.25,31.0,12.0,12.0,4283.87,0.026419734007254347,0.028440366972477066,4.036807339449541,16.667121212121213,0.02209633948535822,1016
79320,4357.38,904,150,150,5.884066666666667,FLAMINGO LIGHTS,-77.10000000000001,16.0,10.0,10.0,4280.28,0.017694118943034576,0.017699115044247787,4.820110619469027,29.0492,0.0220778221496892,1017
21537,4526.59,1049,268,256,4.726417910447761,RED RETROSPOT PUDDING BOWL,-247.0,64.0,13.0,13.0,4279.59,0.05456646172946964,0.061010486177311724,4.315147759771211,17.6819921875,0.02207426310745755,1018
21245,4285.26,2577,311,304,1.9256591639871383,GREEN POLKADOT PLATE ,-6.76,4.0,1.0,1.0,4278.5,0.0015775005483914628,0.0015521924718665113,1.6628870779976719,14.096250000000001,0.022068640852337985,1019
23050,4286.55,497,205,205,9.223268292682926,RECYCLED ACAPULCO MAT GREEN,-8.25,1.0,1.0,1.0,4278.3,0.001924624698183854,0.002012072434607646,8.624849094567406,20.91,0.022067609245894033,1020
20665,4371.47,1366,362,348,3.840690607734807,RED RETROSPOT PURSE ,-94.40000000000002,32.0,5.0,5.0,4277.070000000001,0.02159456658744084,0.02342606149341142,3.2001976573938506,12.56169540229885,0.022061264866263704,1021
20982,4298.2,4915,596,576,0.9592785234899329,12 PENCILS TALL TUBE SKULLS,-24.65,29.0,6.0,6.0,4273.55,0.005734958819971151,0.00590030518819939,0.8745066124109867,7.462152777777778,0.022043108592850066,1022
21153,4294.6900000000005,393,139,139,11.799856115107914,RED SPOTTY TABLECLOTH ,-21.3,2.0,2.0,2.0,4273.39,0.004959612917346769,0.005089058524173028,10.927964376590332,30.897050359712235,0.0220422833076949,1023
23112,4507.08,546,241,241,9.16721991701245,PARISIENNE CURIO CABINET,-239.85000000000002,33.0,19.0,19.0,4267.23,0.0532162730637131,0.06043956043956044,8.254725274725274,18.701576763485477,0.02201050982922104,1024
22723,4262.820000000001,1164,298,295,4.301208053691275,SET OF 6 HERB TINS SKETCHBOOK,-7.9,2.0,2.0,2.0,4254.920000000001,0.0018532333056521268,0.001718213058419244,3.6622164948453615,14.450237288135595,0.021947014452595528,1025
22285,4274.53,2719,272,261,1.9417647058823528,"DECORATION HEN ON NEST, HANGING",-19.8,12.0,1.0,1.0,4254.73,0.004632088206188751,0.004413387274733358,1.5720963589554982,16.37750957854406,0.021946034426473762,1026
21355,4308.08,3521,356,341,1.460505617977528,TOAST ITS - I LOVE YOU ,-60.0,48.0,3.0,3.0,4248.08,0.013927317969954132,0.013632490769667709,1.2235387673956262,12.63366568914956,0.021911733512212213,1027
22670,5588.11,4490,443,425,1.5720090293453723,FRENCH WC SIGN BLUE METAL,-1340.56,1160.0,5.0,5.0,4247.549999999999,0.2398950629103579,0.2583518930957684,1.2445679287305123,13.148494117647058,0.021908999755135723,1028
20967,4320.08,1139,323,296,3.997987616099071,GREY FLORAL FELTCRAFT SHOULDER BAG,-75.0,20.0,3.0,3.0,4245.08,0.01736078961500713,0.01755926251097454,3.792870939420544,14.594864864864865,0.021896259415552864,1029
84598,4360.46,20799,221,217,0.372262443438914,BOYS ALPHABET IRON ON PATCHES,-120.96,576.0,2.0,2.0,4239.5,0.02774019254849259,0.027693639117265252,0.20964757921053898,20.094285714285714,0.02186747759576648,1030
21609,4230.55,1513,225,218,3.0442222222222224,SET 12 LAVENDER  BOTANICAL T-LIGHTS,0.0,0.0,0.0,0.0,4230.55,0.0,0.0,2.796133509583609,19.40619266055046,0.021821313207399433,1031
22744,4392.75,1557,319,300,3.2328840125391847,MAKE YOUR OWN MONSOON CARD KIT,-163.70000000000002,62.0,4.0,4.0,4229.05,0.03726594957600592,0.03982016698779704,2.821290944123314,14.6425,0.02181357615906976,1032
70006,4229.62,4476,309,290,1.9986407766990288,LOVE HEART POCKET WARMER,-2.44,2.0,2.0,2.0,4227.18,0.0005768839753925885,0.00044682752457551384,0.9449553172475424,14.584896551724137,0.021803930638818768,1033
21470,4258.67,1118,329,319,4.21419452887538,FLOWER VINE RAFFIA FOOD COVER,-33.75,9.0,4.0,4.0,4224.92,0.007925009451307568,0.008050089445438283,3.809186046511628,13.350062695924764,0.02179227348600206,1034
23166,81700.92000000001,78033,250,247,1.46848,MEDIUM CERAMIC TOP STORAGE JAR,-77479.64,74494.0,10.0,10.0,4221.280000000013,0.9483325279568454,0.9546473927697257,1.047004728768598,330.7729554655871,0.021773498248722118,1035
22892,4367.06,3556,298,295,1.3167785234899327,SET OF SALT AND PEPPER TOADSTOOLS,-148.69,123.0,22.0,21.0,4218.370000000001,0.03404807811204792,0.03458942632170978,1.2280821147356582,14.803593220338984,0.021758488374962488,1036
23237,4274.39,1053,177,177,4.251129943502825,SET OF 4 KNICK KNACK TINS LEAF,-69.35000000000001,17.0,10.0,10.0,4205.04,0.016224537302398704,0.016144349477682812,4.0592497625830966,24.14909604519774,0.02168973180547279,1037
21614,4538.17,1627,197,194,3.0643147208121833,SET OF 12 ROSE BOTANICAL T-LIGHTS,-336.05,131.0,3.0,3.0,4202.12,0.07404967200435418,0.08051628764597418,2.789287031346036,23.392628865979383,0.021674670351391024,1038
23089,4215.78,2354,228,225,2.380175438596491,GLASS BON BON JAR,-25.65,15.0,7.0,7.0,4190.13,0.00608428333546817,0.006372132540356839,1.7909005947323704,18.7368,0.021612825545075837,1039
21707,4184.95,1005,172,172,4.954418604651163,FOLDING UMBRELLA BLACKBLUE POLKADOT,0.0,0.0,0.0,0.0,4184.95,0.0,0.0,4.164129353233831,24.33110465116279,0.021586106938177366,1040
22454,4237.09,1515,192,179,3.145,MEASURING TAPE BABUSHKA RED,-64.9,22.0,3.0,2.0,4172.1900000000005,0.015317116228354839,0.014521452145214522,2.7967590759075907,23.670893854748606,0.021520290447052948,1041
22071,4419.75,1546,267,256,3.873932584269663,SMALL WHITE RETROSPOT MUG IN BOX ,-248.75,309.0,10.0,10.0,4171.0,0.05628146388370383,0.1998706338939198,2.858829236739974,17.2646484375,0.021514152388711405,1042
23012,4197.110000000001,1071,248,246,4.62991935483871,GLASS APOTHECARY BOTTLE PERFUME,-31.6,8.0,5.0,5.0,4165.51,0.007528990186104248,0.007469654528478058,3.9188702147525682,17.061422764227643,0.021485834791824802,1043
22807,4213.47,1412,310,294,3.733258064516129,SET OF 6 T-LIGHTS TOADSTOOLS,-51.25000000000001,19.0,3.0,3.0,4162.22,0.012163371283051738,0.013456090651558074,2.984043909348442,14.331530612244899,0.021468864865821717,1044
22851,4228.01,5195,544,523,0.9582536764705881,SET 20 NAPKINS FAIRY CAKES DESIGN ,-66.3,78.0,4.0,4.0,4161.71,0.01568113604272459,0.015014436958614052,0.8138614051973051,8.08414913957935,0.02146623426938963,1045
23144,4197.83,5089,275,274,0.9436727272727272,ZINC T-LIGHT HOLDER STARS SMALL,-36.52,44.0,3.0,3.0,4161.3099999999995,0.008699732957266016,0.008646099430143446,0.8248830811554333,15.320547445255475,0.021464171056501714,1046
84580,4148.45,1082,462,442,3.877207792207792,MOUSE TOY WITH PINK T-SHIRT,-15.0,4.0,1.0,1.0,4133.45,0.0036158083139485836,0.0036968576709796672,3.8340573012939,9.385633484162895,0.021320468278858584,1047
23306,4123.38,2808,279,277,1.8061290322580643,SET OF 36 DOILIES PANTRY DESIGN,-10.149999999999999,7.0,2.0,2.0,4113.2300000000005,0.002461572787373465,0.002492877492877493,1.4684401709401709,14.885848375451264,0.02121617286737459,1048
21472,4111.57,1065,291,285,4.386151202749141,LADYBIRD + BEE RAFFIA FOOD COVER,0.0,0.0,0.0,0.0,4111.57,0.0,0.0,3.8606291079812203,14.42656140350877,0.02120761053388975,1049
23167,4476.01,5847,238,231,1.0025210084033613,SMALL CERAMIC TOP STORAGE JAR ,-365.19,525.0,9.0,9.0,4110.820000000001,0.08158828957039863,0.08978963571062083,0.7655224901658971,19.37666666666667,0.021203742009724916,1050
21590,4141.28,3448,295,286,1.246135593220339,KINGS CHOICE CIGAR BOX MATCHES ,-32.5,26.0,2.0,2.0,4108.78,0.007847815168257158,0.0075406032482598605,1.2010672853828306,14.479999999999999,0.021193219623996555,1051
21911,4120.69,2566,352,344,2.0561363636363637,GARDEN METAL SIGN ,-19.8,12.0,1.0,1.0,4100.889999999999,0.004805020518408325,0.004676539360872954,1.6058807482462976,11.978749999999998,0.021152522749782472,1052
72349B,4117.200000000001,2021,296,287,2.4339864864864866,SET/6 PURPLE BUTTERFLY T-LIGHTS,-25.200000000000003,12.0,1.0,1.0,4092.000000000001,0.0061206645292917515,0.005937654626422563,2.0372093023255817,14.345644599303139,0.02110666784334862,1053
23009,4082.52,263,103,103,15.988252427184465,I LOVE LONDON BABY GIFT SET,0.0,0.0,0.0,0.0,4082.52,0.0,0.0,15.522889733840303,39.63611650485437,0.021057769697905078,1054
16161U,4105.92,10076,320,318,0.4180625,WRAP SUKI AND FRIENDS,-31.5,75.0,3.0,3.0,4074.42,0.007671849427168576,0.007443429932512902,0.4074950377133783,12.911698113207548,0.02101598963692484,1055
22314,4085.8800000000006,1162,270,249,4.366888888888889,OFFICE MUG WARMER CHOC+BLUE,-15.8,4.0,2.0,2.0,4070.0800000000004,0.003866976024748646,0.0034423407917383822,3.5162478485370054,16.409156626506025,0.020993603777090992,1056
22639,4082.2400000000002,1673,289,275,2.7195501730103806,SET OF 4 NAPKIN CHARMS HEARTS,-15.3,6.0,1.0,1.0,4066.94,0.00374794230618484,0.0035863717872086074,2.440071727435744,14.844509090909092,0.020977407555920872,1057
22127,4183.11,3492,161,155,1.8088819875776398,PARTY CONES CARNIVAL ASSORTED,-122.31,98.0,5.0,5.0,4060.7999999999997,0.029239011166333186,0.028064146620847653,1.1979123711340205,26.9878064516129,0.020945737238091407,1058
23255,4097.22,1014,158,158,4.346962025316456,CHILDRENS CUTLERY CIRCUS PARADE,-37.35,9.0,3.0,3.0,4059.8700000000003,0.009115937147626927,0.008875739644970414,4.040650887573965,25.931772151898734,0.020940940268127015,1059
84596B,4105.94,6244,737,725,0.8549932157394844,SMALL DOLLY MIX DESIGN ORANGE BOWL,-46.72,48.0,3.0,3.0,4059.22,0.011378636804239712,0.007687379884689302,0.6575816784112748,5.663365517241378,0.020937587547184153,1060
20981,4118.34,4773,527,513,0.9649525616698291,12 PENCILS TALL TUBE WOODLAND,-67.14999999999999,79.0,7.0,7.0,4051.19,0.016305113225231524,0.016551435156086317,0.8628409805153991,8.02795321637427,0.020896168548459305,1061
21474,4189.5,210,94,94,19.95,SWEETHEART CREAM STEEL FOLDIN BENCH,-139.64999999999998,7.0,5.0,5.0,4049.85,0.033333333333333326,0.03333333333333333,19.95,44.569148936170215,0.020889256785284794,1062
22731,4090.66,3054,287,266,1.5017073170731707,3D CHRISTMAS STAMPS STICKERS ,-42.5,34.0,2.0,2.0,4048.16,0.010389521495308826,0.011132940406024885,1.3394433529796987,15.378421052631579,0.020880539710833364,1063
21349,4125.83,565,178,171,8.453370786516855,IVY HEART WREATH,-81.0,12.0,3.0,2.0,4044.83,0.019632413356827597,0.021238938053097345,7.302353982300885,24.12766081871345,0.02086336346354149,1064
21901,4141.96,6274,721,688,0.811997226074896,"KEY FOB , BACK DOOR ",-99.45,153.0,5.0,5.0,4042.51,0.024010371901225507,0.024386356391456806,0.6601785145043034,6.020290697674419,0.020851396828791596,1065
23193,4079.28,1922,175,175,2.730571428571429,BUFFALO BILL TREASURE BOOK BOX,-45.0,20.0,6.0,6.0,4034.28,0.011031358475025003,0.01040582726326743,2.1224141519250783,23.31017142857143,0.02080894622362279,1066
23340,4034.08,2500,152,151,1.9589473684210525,VINTAGE CHRISTMAS CAKE FRILL,0.0,0.0,0.0,0.0,4034.08,0.0,0.0,1.613632,26.71576158940397,0.02080791461717883,1067
22445,4025.5700000000006,1312,292,275,3.46486301369863,PENCIL CASE LIFE IS BEAUTIFUL,0.0,0.0,0.0,0.0,4025.5700000000006,0.0,0.0,3.0682698170731713,14.638436363636366,0.020764019762988487,1068
22777,4075.06,481,108,100,10.193333333333335,GLASS CLOCHE LARGE,-50.15,6.0,5.0,5.0,4024.91,0.01230656726526726,0.012474012474012475,8.472058212058212,40.7506,0.020760615461723426,1069
21743,4197.77,1443,199,182,3.5686934673366837,STAR PORTABLE TABLE LIGHT ,-174.05,59.0,5.0,5.0,4023.7200000000003,0.04146249079868597,0.040887040887040885,2.9090575190575194,23.06467032967033,0.020754477403381887,1070
21717,4044.69,1555,177,176,2.939322033898305,EASTER TIN BUCKET,-22.95,9.0,2.0,2.0,4021.7400000000002,0.005674106050154647,0.005787781350482315,2.601086816720257,22.98119318181818,0.020744264499586718,1071
22245,4046.49,4697,425,413,1.1117176470588235,"HOOK, 1 HANGER ,MAGIC GARDEN",-28.05,33.0,8.0,7.0,4018.4399999999996,0.006931933601714079,0.00702576112412178,0.86150521609538,9.797796610169492,0.020727242993261435,1072
22053,4020.89,4551,87,87,1.508390804597701,EMPIRE DESIGN ROSETTE,-2.5,2.0,2.0,2.0,4018.39,0.0006217528955032343,0.00043946385409800046,0.8835179081520544,46.217126436781605,0.020726985091650448,1073
85206A,4022.51,2351,323,318,1.8076160990712076,CREAM FELT EASTER EGG BASKET,-16.5,10.0,4.0,4.0,4006.01,0.004101916465092691,0.004253509145044662,1.7109783071033604,12.64940251572327,0.020663128652769546,1074
22284,4040.9,2478,307,300,2.0026710097719866,HEN HOUSE DECORATION,-42.900000000000006,26.0,4.0,4.0,3998.0,0.010616446831151477,0.010492332526230832,1.6307102502017756,13.469666666666667,0.02062181281468909,1075
23129,3999.5,950,172,172,4.576279069767442,HEART SHAPED HOLLY WREATH,-4.15,1.0,1.0,1.0,3995.35,0.0010376297037129642,0.0010526315789473684,4.21,23.252906976744185,0.020608144029306667,1076
23194,4077.37,1835,217,214,2.71331797235023,GYMKHANA TREASURE BOOK BOX,-83.25,37.0,8.0,8.0,3994.12,0.02041757309245911,0.020163487738419618,2.222,19.053130841121494,0.020601799649676334,1077
85123a,3992.39,597,101,99,6.547821782178218,WHITE HANGING HEART T-LIGHT HOLDER,0.0,0.0,0.0,0.0,3992.39,0.0,0.0,6.687420435510887,40.327171717171716,0.02059287625393611,1078
22788,4073.41,486,91,84,11.863296703296703,BROCANTE COAT RACK,-83.75,9.0,6.0,5.0,3989.66,0.020560169489444963,0.018518518518518517,8.381502057613169,48.49297619047619,0.020578794825976104,1079
23081,4038.25,483,139,139,9.407194244604316,GREEN METAL BOX ARMY SUPPLIES,-49.5,6.0,3.0,3.0,3988.75,0.012257784931591655,0.012422360248447204,8.360766045548655,29.052158273381295,0.020574101016656104,1080
22359,4099.42,1290,208,202,3.647596153846154,GLASS JAR KINGS CHOICE,-115.05000000000001,39.0,14.0,14.0,3984.37,0.028064945772816645,0.030232558139534883,3.1778449612403104,20.294158415841583,0.020551508835533458,1081
21192,4040.59,2235,241,216,2.3697095435684647,WHITE BELL HONEYCOMB PAPER ,-69.6,48.0,1.0,1.0,3970.9900000000002,0.017225207209838164,0.021476510067114093,1.8078702460850113,18.706435185185185,0.020482494364432776,1082
22612,3984.99,1001,111,109,4.2005405405405405,TEA COSY VINTAGE UNION JACK,-15.0,4.0,1.0,1.0,3969.99,0.003764124878606973,0.003996003996003996,3.981008991008991,36.559541284403664,0.02047733633221299,1083
21055,4032.31,404,231,222,10.517748917748918,TOOL BOX SOFT TOY ,-62.650000000000006,7.0,2.0,2.0,3969.66,0.015536999883441503,0.017326732673267328,9.980965346534653,18.16355855855856,0.020475634181580462,1084
22797,4375.26,250,146,140,18.720616438356164,CHEST OF DRAWERS GINGHAM HEART ,-411.75,25.0,15.0,15.0,3963.51,0.09410869296910354,0.1,17.50104,31.251857142857144,0.020443912283428803,1085
23130,3988.98,962,184,184,4.519456521739131,MISTLETOE HEART WREATH GREEN,-37.35,9.0,2.0,2.0,3951.63,0.009363295880149813,0.009355509355509356,4.146548856548857,21.679239130434784,0.02038263486065779,1086
23486,4145.47,275,74,74,17.8127027027027,ANTIQUE HEART SHELF UNIT,-199.65,13.0,6.0,6.0,3945.82,0.04816100466292121,0.04727272727272727,15.074436363636364,56.01986486486487,0.020352666693460857,1087
22118,3953.9,816,286,271,5.46006993006993,JOY WOODEN BLOCK LETTERS,-9.9,2.0,2.0,2.0,3944.0,0.0025038569513644755,0.0024509803921568627,4.84546568627451,14.590036900369004,0.020343279074820853,1088
23557,3930.27,350,32,32,13.181875,LANDMARK FRAME BAKER STREET ,0.0,0.0,0.0,0.0,3930.27,0.0,0.0,11.229342857142857,122.8209375,0.020272459292443243,1089
22272,3928.01,1396,316,300,3.1706962025316456,FELTCRAFT DOLL MARIA,-2.95,1.0,1.0,1.0,3925.0600000000004,0.0007510164179826426,0.0007163323782234957,2.8137607449856734,13.093366666666668,0.02024558594457818,1090
22536,3977.35,10162,389,365,0.4568123393316195,MAGIC DRAWING SLATE PURDEY,-52.440000000000005,142.0,3.0,2.0,3924.91,0.013184658126642112,0.013973627238732533,0.3913944105491045,10.896849315068494,0.02024481223974521,1091
21812,4076.9700000000003,833,213,205,5.674507042253522,GARLAND WITH HEARTS AND BELLS,-158.4,32.0,5.0,4.0,3918.57,0.0388523830197426,0.03841536614645858,4.894321728691477,19.887658536585366,0.020212110315471793,1092
22057,4035.57,3076,262,260,2.041908396946565,CERAMIC PLATE STRAWBERRY DESIGN,-122.17999999999999,82.0,11.0,11.0,3913.3900000000003,0.030275772691342236,0.026657997399219768,1.3119538361508454,15.521423076923078,0.020185391708573322,1093
46000M,3932.3500000000004,2537,358,353,1.55,POLYESTER FILLER PAD 45x45cm,-32.55,21.0,2.0,2.0,3899.8,0.00827749310208908,0.008277493102089082,1.55,11.139801699716715,0.020115294050706483,1094
22475,3925.63,778,266,256,6.0442857142857145,SKULL DESIGN TV DINNER TRAY,-29.700000000000003,6.0,1.0,1.0,3895.9300000000003,0.007565664619436881,0.007712082262210797,5.045796915167095,15.3344921875,0.020095332466015928,1095
22790,3884.000000000001,200,1,1,19.42,"MIRROR, ARCHED GEORGIAN",0.0,0.0,0.0,0.0,3884.000000000001,0.0,0.0,19.420000000000005,3884.000000000001,0.020033797141633926,1096
23552,3881.91,1863,123,116,2.2640650406504066,BICYCLE PUNCTURE REPAIR KIT ,0.0,0.0,0.0,0.0,3881.91,0.0,0.0,2.0836876006441223,33.46474137931035,0.020023016854294577,1097
23049,3896.84,456,186,186,8.921505376344086,RECYCLED ACAPULCO MAT RED,-24.75,3.0,2.0,2.0,3872.09,0.0063513000277147635,0.006578947368421052,8.545701754385965,20.950752688172045,0.01997236497789632,1098
21447,3868.89,2796,346,336,1.6232369942196532,12 IVORY ROSE PEG PLACE SETTINGS,-1.25,1.0,1.0,1.0,3867.64,0.0003230900852699353,0.000357653791130186,1.3837231759656652,11.514553571428571,0.019949411734518287,1099
22341,5725.41,3481,245,240,2.364326530612245,LOVE GARLAND PAINTED ZINC ,-1858.1999999999998,1196.0,9.0,9.0,3867.21,0.3245531761044187,0.3435794311979316,1.6447601264004597,23.855875,0.01994719378066378,1100
22778,4119.49,1045,212,194,4.923301886792453,GLASS CLOCHE SMALL,-254.72,72.0,21.0,20.0,3864.77,0.06183289679062214,0.06889952153110047,3.942095693779904,21.234484536082473,0.019934608182047512,1101
21987,3999.11,6434,395,385,0.7305822784810126,PACK OF 6 SKULL PAPER CUPS,-138.04999999999998,301.0,4.0,4.0,3861.06,0.03452018074021469,0.046782716816910166,0.6215589058128691,10.387298701298702,0.01991547188251212,1102
22478,3859.69,2778,321,317,1.621214953271028,BIRDHOUSE GARDEN MARKER ,-2.5,2.0,2.0,2.0,3857.19,0.0006477204127792646,0.0007199424046076314,1.3893772498200143,12.175678233438486,0.019895510297821564,1103
23110,4147.18,700,256,255,6.66234375,PARISIENNE KEY CABINET ,-293.25,51.0,28.0,28.0,3853.9300000000003,0.07071069980082852,0.07285714285714286,5.924542857142858,16.263450980392157,0.019878695112785075,1104
21813,3957.7000000000003,842,199,184,5.6628643216080405,GARLAND WITH STARS AND BELLS,-103.95,21.0,4.0,4.0,3853.7500000000005,0.02626525507239053,0.02494061757719715,4.700356294536817,21.509239130434786,0.019877766666985514,1105
22965,3932.75,1888,273,260,2.33010989010989,3 TRADITIONAl BISCUIT CUTTERS  SET,-79.80000000000001,38.0,5.0,5.0,3852.95,0.020291144873180348,0.020127118644067795,2.08302436440678,15.125961538461539,0.019873640241209686,1106
21034,3876.0,4080,2042,1902,0.95,REX CASH+CARRY JUMBO SHOPPER,-26.599999999999998,28.0,9.0,9.0,3849.4,0.006862745098039215,0.006862745098039216,0.95,2.0378548895899056,0.01985532922682946,1107
22959,3987.42,9751,286,284,0.4181118881118881,WRAP CHRISTMAS VILLAGE,-147.0,350.0,5.0,5.0,3840.42,0.03686594339196774,0.03589375448671931,0.4089242129012409,14.040211267605635,0.01980901009749582,1108
22579,3920.8999999999996,7286,592,553,0.7021959459459459,WOODEN TREE CHRISTMAS SCANDINAVIAN,-81.6,96.0,1.0,1.0,3839.2999999999997,0.020811548368996916,0.013175953884161406,0.5381416415042547,7.090235081374321,0.01980323310140966,1109
21067,3873.2200000000003,4792,271,266,1.5159778597785978,VINTAGE RED TEATIME MUG,-39.760000000000005,36.0,5.0,5.0,3833.46,0.010265360604355034,0.007512520868113523,0.8082679465776295,14.560977443609023,0.019773110193246134,1110
22162,3868.61,1258,276,260,3.3798188405797105,HEART GARLAND RUSTIC PADDED,-35.400000000000006,12.0,3.0,3.0,3833.21,0.009150573461786018,0.009538950715421303,3.0752066772655007,14.879269230769232,0.019771820685191187,1111
21846,3907.4,1625,274,264,3.9247445255474447,PINK DIAMANTE PEN IN GIFT BOX,-81.85000000000001,27.0,3.0,3.0,3825.55,0.020947433075702515,0.016615384615384615,2.404553846153846,14.800757575757576,0.019732310158387657,1112
21351,3911.1,1132,185,177,5.5183243243243245,CINAMMON & ORANGE WREATH,-91.95,25.0,5.0,5.0,3819.15,0.02351000997161924,0.022084805653710248,3.455035335689046,22.096610169491527,0.01969929875218105,1113
23253,3848.86,258,70,70,17.148857142857143,16 PIECE CUTLERY SET PANTRY DESIGN,-31.9,2.0,2.0,2.0,3816.96,0.00828816844468232,0.007751937984496124,14.918062015503876,54.983714285714285,0.019688002661619727,1114
22458,3815.85,1530,179,173,2.895474860335195,CAST IRON HOOK GARDEN FORK,0.0,0.0,0.0,0.0,3815.85,0.0,0.0,2.4940196078431374,22.05693641618497,0.019682277245855768,1115
21329,3845.65,2119,576,555,2.111840277777778,DINOSAURS  WRITING SET ,-33.0,20.0,2.0,2.0,3812.65,0.008581124127260671,0.009438414346389807,1.814841906559698,6.9290990990990995,0.019665771542752467,1116
23131,3835.98,942,116,115,4.2041379310344835,MISTLETOE HEART WREATH CREAM,-24.9,6.0,2.0,2.0,3811.08,0.006491170444058623,0.006369426751592357,4.072165605095542,33.35634782608696,0.019657673432167407,1117
22765,3825.25,338,58,53,17.330689655172414,NEWSPAPER STAND,-14.95,1.0,1.0,1.0,3810.3,0.003908241291418861,0.0029585798816568047,11.317307692307692,72.1745283018868,0.01965365016703598,1118
21100,3812.58,2546,275,269,2.2476363636363637,CHARLIE AND LOLA CHARLOTTE BAG,-6.6,4.0,4.0,4.0,3805.98,0.0017311112160269422,0.0015710919088766694,1.4974783974862529,14.173159851301115,0.01963136746784652,1119
22962,3872.0499999999997,4630,380,354,1.050578947368421,JAM JAR WITH PINK LID,-72.11999999999999,85.0,21.0,21.0,3799.93,0.018625792538836016,0.0183585313174946,0.8362958963282937,10.937994350282485,0.019600161372916834,1120
22494,3855.98,2859,485,468,1.7169690721649484,EMERGENCY FIRST AID TIN ,-63.75,51.0,13.0,13.0,3792.23,0.016532762099388483,0.017838405036726127,1.3487163343826514,8.239273504273504,0.019560444524824513,1121
21627,3870.7799999999997,200,119,115,22.68966386554622,ELEPHANT CARNIVAL POUFFE,-78.7,6.0,2.0,2.0,3792.08,0.020331819426575526,0.03,19.3539,33.65895652173913,0.019559670819991545,1122
22843,3899.01,601,183,177,7.169453551912568,BISCUIT TIN VINTAGE GREEN,-107.2,16.0,14.0,14.0,3791.8100000000004,0.02749415877363741,0.026622296173044926,6.487537437603994,22.028305084745764,0.01955827815129221,1123
22589,3835.32,1385,254,238,3.125748031496063,CARDHOLDER GINGHAM STAR,-45.9,18.0,1.0,1.0,3789.42,0.011967710647351458,0.012996389891696752,2.769184115523466,16.114789915966387,0.019545950454286927,1124
22544,3825.2999999999997,9541,356,341,0.515505617977528,MINI JIGSAW SPACEBOY,-38.22,91.0,2.0,2.0,3787.08,0.009991373225629362,0.009537784299339692,0.4009328162666387,11.217888563049852,0.019533880658892635,1125
22980,3910.01,2363,294,291,1.9236734693877549,PANTRY SCRUBBING BRUSH,-124.04999999999998,81.0,6.0,6.0,3785.96,0.031726261569663496,0.03427845958527296,1.6546804909013966,13.436460481099656,0.019528103662806478,1126
21486,3786.55,1152,308,294,3.908701298701298,PINK HEART DOTS HOT WATER BOTTLE,-3.75,1.0,1.0,1.0,3782.8,0.0009903474138727864,0.0008680555555555555,3.286935763888889,12.879421768707484,0.01951180428099197,1127
23032,3853.68,2328,203,199,1.7743349753694582,DRAWER KNOB CRACKLE GLAZE IVORY,-75.9,46.0,11.0,11.0,3777.7799999999997,0.019695459924020678,0.019759450171821305,1.655360824742268,19.365226130653266,0.019485910959248662,1128
22774,3811.28,2945,194,184,1.5553092783505156,RED DRAWER KNOB ACRYLIC EDWARDIAN,-34.81,28.0,4.0,4.0,3776.4700000000003,0.009133414495917383,0.009507640067911714,1.2941528013582344,20.713478260869568,0.01947915393704075,1129
22125,4089.09,653,189,183,6.847883597883598,UNION JACK HOT WATER BOTTLE ,-314.85,63.0,3.0,3.0,3774.2400000000002,0.07699757158683228,0.09647779479326186,6.262006125574273,22.344754098360657,0.019467651525190633,1130
21648,4044.21,2987,241,231,1.8517427385892116,ASSORTED TUTTI FRUTTI SMALL PURSE,-274.4,256.0,8.0,8.0,3769.81,0.06785008691437883,0.08570472045530633,1.3539370605959156,17.5074025974026,0.019444801442456996,1131
85049C,3793.8,3018,517,500,1.3429206963249516,ROMANTIC PINKS RIBBONS ,-31.25,25.0,3.0,3.0,3762.55,0.008237123728188096,0.00828363154406892,1.2570576540755467,7.5876,0.01940735412854138,1132
23542,3800.16,506,89,89,9.784157303370787,WALL ART 70'S ALPHABET ,-48.7,6.0,3.0,3.0,3751.46,0.012815249884215403,0.011857707509881422,7.5101976284584975,42.69842696629213,0.019350151551223993,1133
71038,3821.9500000000003,723,147,144,5.411904761904762,WHITE HANGING BEADS CANDLE HOLDER,-70.85,13.0,8.0,8.0,3751.1000000000004,0.018537657478512274,0.017980636237897647,5.286237897648687,26.541319444444447,0.019348294659624878,1134
22292,3783.97,2785,231,222,1.6052380952380954,HANGING CHICK  YELLOW DECORATION,-34.8,24.0,1.0,1.0,3749.1699999999996,0.009196690248601336,0.008617594254937163,1.3586965888689406,17.044909909909908,0.01933833965744069,1135
23299,3772.88,1012,146,146,4.370479452054795,FOOD COVER WITH BEADS SET 2 ,-30.0,8.0,2.0,2.0,3742.88,0.007951485337461038,0.007905138339920948,3.728142292490119,25.841643835616438,0.019305895634778265,1136
85040B,3840.2999999999997,2465,259,252,1.7459073359073358,SET/4 BLUE FLOWER CANDLES IN BOWL,-97.64999999999999,65.0,8.0,8.0,3742.6499999999996,0.025427700960862432,0.02636916835699797,1.5579310344827586,15.239285714285714,0.019304709287367713,1137
84016,3791.67,1004,62,62,53.19758064516129,FLAG OF ST GEORGE CAR FLAG,-50.3,60.0,5.0,5.0,3741.37,0.0132659224035847,0.05976095617529881,3.7765637450199203,61.155967741935484,0.019298107006126393,1138
84356,3777.9900000000002,751,134,133,6.547985074626866,POMPOM CURTAIN,-41.7,6.0,2.0,2.0,3736.2900000000004,0.011037615239849762,0.007989347536617843,5.030612516644474,28.405939849624062,0.019271904202449903,1139
85114B,3731.39,2066,231,223,2.138051948051948,IVORY ENCHANTED FOREST PLACEMAT,-3.3,2.0,1.0,1.0,3728.0899999999997,0.0008843889274506283,0.000968054211035818,1.8060939012584705,16.73269058295964,0.019229608338247686,1140
21795,3734.9400000000005,441,80,80,13.154124999999999,SET OF 3 BLUE STRIPE BASKET,-12.75,1.0,1.0,1.0,3722.1900000000005,0.0034137094571800347,0.0022675736961451248,8.469251700680273,46.68675,0.019199175948150973,1141
72802A,3904.65,941,189,182,4.4944444444444445,ROSE SCENT CANDLE IN JEWELLED BOX,-185.09,45.0,10.0,10.0,3719.56,0.04740245604599644,0.04782146652497343,4.1494686503719445,21.45412087912088,0.019185610323412945,1142
35924,4062.02,2168,195,188,2.768051282051282,HANGING FAIRY CAKE DECORATION,-347.68,205.0,11.0,11.0,3714.34,0.08559288235902335,0.09455719557195572,1.8736254612546126,21.606489361702128,0.019158685395225684,1143
84558A,3787.4300000000003,1311,214,199,3.152616822429907,3D DOG PICTURE PLAYING CARDS,-73.75,25.0,1.0,1.0,3713.6800000000003,0.01947230707894271,0.01906941266209001,2.8889626239511825,19.032311557788947,0.019155281093960627,1144
22782,3712.2999999999997,254,84,84,19.985714285714284,SET 3 WICKER STORAGE BASKETS ,0.0,0.0,0.0,0.0,3712.2999999999997,0.0,0.0,14.61535433070866,44.194047619047616,0.019148163009497322,1145
72802B,4390.69,1589,221,212,4.424841628959276,OCEAN SCENT CANDLE IN JEWELLED BOX,-679.24,458.0,9.0,9.0,3711.45,0.1547000585329413,0.2882315921963499,2.7631780994336057,20.71080188679245,0.01914377868211051,1146
21845,3811.51,2539,160,158,2.1783125,DAIRY MAID STRIPE MUG,-111.04,64.0,11.0,11.0,3700.4700000000003,0.02913281088072706,0.02520677432059866,1.5011855061047656,24.123481012658228,0.019087143488337302,1147
23127,3759.0,736,196,194,5.259591836734694,FELTCRAFT GIRL NICOLE KIT,-64.35,13.0,3.0,3.0,3694.65,0.017118914604948122,0.017663043478260868,5.107336956521739,19.376288659793815,0.019057123740818173,1148
23092,3757.78,523,135,135,8.100962962962964,LARGE ANTIQUE WHITE PHOTO FRAME,-77.75,10.0,9.0,9.0,3680.03,0.020690407634294715,0.019120458891013385,7.185047801147228,27.83540740740741,0.018981713309764954,1149
23182,3688.21,3741,437,433,1.5304347826086955,TOILET SIGN OCCUPIED OR VACANT,-11.62,14.0,6.0,6.0,3676.59,0.0031505798205633626,0.0037423148890670943,0.9858887997861534,8.517806004618938,0.018963969678928903,1150
20692,3682.76,908,141,139,4.892127659574468,FLORAL ELEPHANT SOFT TOY,-8.5,2.0,2.0,2.0,3674.26,0.0023080515700181384,0.0022026431718061676,4.055903083700441,26.494676258992808,0.018951951463856816,1151
22398,3791.2599999999998,4319,448,430,1.0275892857142856,MAGNETS PACK OF 4 SWALLOWS,-120.0,96.0,6.0,5.0,3671.2599999999998,0.0316517463851068,0.022227367446168093,0.8778096781662421,8.816883720930232,0.018936477367197467,1152
21246,3695.53,751,210,209,5.086714285714286,RED RETROSPOT BIG BOWL,-39.6,8.0,4.0,4.0,3655.9300000000003,0.01071564836437534,0.010652463382157125,4.92081225033289,17.68196172248804,0.018857404733268208,1153
22823,3655.0,32,18,18,117.5,CHEST NATURAL WOOD 20 DRAWERS,0.0,0.0,0.0,0.0,3655.0,0.0,0.0,114.21875,203.05555555555554,0.01885260776330381,1154
23013,3674.1600000000003,924,224,223,4.672946428571429,GLASS APOTHECARY BOTTLE TONIC,-23.7,6.0,3.0,3.0,3650.4600000000005,0.006450453981318178,0.006493506493506494,3.9763636363636365,16.476053811659195,0.018829190297026,1155
21866,3681.14,2209,471,453,1.7725902335456476,UNION JACK FLAG LUGGAGE TAG,-31.25,25.0,3.0,3.0,3649.89,0.0084892180139848,0.011317338162064282,1.6664282480760524,8.126136865342163,0.01882625021866072,1156
23497,3656.02,2558,200,195,1.62365,CLASSIC CHROME BICYCLE BELL ,-17.4,12.0,1.0,1.0,3638.62,0.004759273745767255,0.004691164972634871,1.4292494136043785,18.74882051282051,0.018768119195543775,1157
22166,3697.54,453,165,159,12.236787878787878,WALL MIRROR RECTANGLE DIAMANTE PINK,-63.6,8.0,6.0,6.0,3633.94,0.01720062528059196,0.017660044150110375,8.16233995584989,23.25496855345912,0.018743979604755195,1158
85232D,3696.87,710,228,223,6.000394736842106,SET/3 DECOUPAGE STACKING TINS,-64.35,13.0,7.0,7.0,3632.52,0.017406616948932474,0.018309859154929577,5.206859154929577,16.577892376681614,0.018736655199003107,1159
20785,3672.35,102,37,36,37.55945945945946,FUSCHIA RETRO BAR STOOL,-39.95,1.0,1.0,1.0,3632.4,0.010878592726728118,0.00980392156862745,36.00343137254902,102.00972222222222,0.01873603623513673,1160
23191,3628.89,2201,287,281,1.8722996515679444,BUNDLE OF 3 RETRO NOTE BOOKS,-4.949999999999999,3.0,2.0,2.0,3623.94,0.001364053470896059,0.0013630168105406633,1.6487460245343026,12.914199288256228,0.018692399282557372,1161
22603,3633.8599999999997,4223,415,388,1.0408192771084337,CHRISTMAS RETROSPOT TREE WOOD,-11.049999999999999,13.0,2.0,2.0,3622.8099999999995,0.0030408436208329433,0.0030783802983660904,0.8604925408477385,9.36561855670103,0.018686570706149017,1162
84968F,3622.7599999999998,301,134,131,13.399925373134328,SET OF 16 VINTAGE SKY BLUE CUTLERY,0.0,0.0,0.0,0.0,3622.7599999999998,0.0,0.0,12.035747508305647,27.654656488549616,0.01868631280453803,1163
21509,3631.9900000000002,8805,635,628,0.5025354330708661,COWBOYS AND INDIANS BIRTHDAY CARD ,-10.08,24.0,2.0,2.0,3621.9100000000003,0.002775338037824994,0.00272572402044293,0.4124917660420216,5.783423566878981,0.018681928477151218,1164
23091,3656.32,580,210,209,6.728142857142857,ZINC HERB GARDEN CONTAINER,-43.75,7.0,4.0,4.0,3612.57,0.011965582881148257,0.01206896551724138,6.304,17.494354066985647,0.018633752456218452,1165
21191,3610.52,1544,215,201,2.920232558139535,LARGE WHITE HONEYCOMB PAPER BELL  ,0.0,0.0,0.0,0.0,3610.52,0.0,0.0,2.338419689119171,17.96278606965174,0.018623178490167897,1166
23294,3607.81,4392,358,354,1.089776536312849,SET OF 6 SNACK LOAF BAKING CASES,-10.79,13.0,4.0,4.0,3597.02,0.002990733990980678,0.002959927140255009,0.821450364298725,10.191553672316385,0.018553545055200838,1167
22704,3617.26,8803,300,295,0.4189333333333333,WRAP RED APPLES ,-21.0,50.0,2.0,2.0,3596.26,0.005805499189994637,0.005679881858457344,0.41091218902646826,12.261898305084747,0.018549624950713803,1168
22902,3643.0800000000004,1779,212,199,2.5875943396226417,TOTE BAG I LOVE LONDON,-50.400000000000006,24.0,2.0,2.0,3592.6800000000003,0.01383444777495965,0.013490725126475547,2.047824620573356,18.306934673366836,0.018531159195366985,1169
21054,3609.6,390,186,182,9.604139784946236,NURSE'S BAG SOFT TOY,-17.9,2.0,1.0,1.0,3591.7,0.004958998226950354,0.005128205128205128,9.255384615384616,19.832967032967034,0.018526104323791596,1170
22531,3586.94,8302,430,406,0.4884883720930232,MAGIC DRAWING SLATE CIRCUS PARADE  ,0.0,0.0,0.0,0.0,3586.94,0.0,0.0,0.43205733558178755,8.834827586206897,0.018501552090425435,1171
85040A,3646.61,2067,416,400,1.9812740384615384,S/4 PINK FLOWER CANDLES IN BOWL,-72.6,44.0,17.0,17.0,3574.01,0.01990890169225664,0.021286889211417512,1.7642041606192551,9.116525000000001,0.01843485873382365,1172
22176,3592.9000000000005,1199,269,258,3.3683271375464687,BLUE OWL SOFT TOY,-26.550000000000004,9.0,4.0,4.0,3566.3500000000004,0.007389573881822483,0.007506255212677231,2.9965804837364476,13.925968992248064,0.018395348207020122,1173
20886,3577.7999999999997,1787,320,308,2.42003125,BOX OF 9 PEBBLE CANDLES,-11.7,6.0,1.0,1.0,3566.1,0.003270166023813517,0.003357582540570789,2.0021264689423615,11.616233766233766,0.018394058698965175,1174
84352,3684.1299999999997,216,133,126,17.904360902255636,SILVER CHRISTMAS TREE BAUBLE STAND ,-118.65,7.0,6.0,6.0,3565.4799999999996,0.0322057039246715,0.032407407407407406,17.056157407407404,29.23912698412698,0.018390860718988905,1175
23111,3839.2400000000002,312,139,138,13.468920863309354,PARISIENNE SEWING BOX,-283.2,24.0,16.0,16.0,3556.0400000000004,0.07376459924360029,0.07692307692307693,12.30525641025641,27.82057971014493,0.018342168894834168,1176
21179,3559.23,4312,520,505,1.3355192307692307,NO JUNK MAIL METAL SIGN,-4.68,12.0,1.0,1.0,3554.55,0.0013148911421852478,0.0027829313543599257,0.8254243970315399,7.047980198019802,0.01833448342682669,1177
21784,3617.8799999999997,298,184,178,12.59929347826087,SHOE SHINE BOX ,-69.64999999999999,7.0,5.0,5.0,3548.2299999999996,0.019251605912855043,0.02348993288590604,12.140536912751676,20.32516853932584,0.018301884663197664,1178
22334,3578.7599999999998,2246,270,264,1.739037037037037,DINOSAUR PARTY BAG + STICKER SET,-31.35,19.0,3.0,3.0,3547.41,0.008760017436206956,0.008459483526268923,1.5933926981300088,13.55590909090909,0.018297655076777445,1179
82494l,3545.55,424,88,86,8.224318181818182,WOODEN FRAME ANTIQUE WHITE ,0.0,0.0,0.0,0.0,3545.55,0.0,0.0,8.362146226415096,41.22732558139535,0.018288061136848652,1180
23332,3542.71,2059,296,287,1.7616891891891888,IVORY WICKER HEART LARGE,-3.3,2.0,1.0,1.0,3539.41,0.0009314902997987416,0.0009713453132588635,1.7205973773676542,12.343937282229966,0.018256390819019187,1181
22076,3535.83,2376,389,375,1.7468894601542415,6 RIBBONS EMPIRE  ,0.0,0.0,0.0,0.0,3535.83,0.0,0.0,1.4881439393939393,9.42888,0.018237925063672368,1182
20784,3570.87,101,37,37,36.42621621621622,RED RETRO BAR STOOL,-39.95,1.0,1.0,1.0,3530.92,0.011187749764063101,0.009900990099009901,35.355148514851486,96.50999999999999,0.01821259912547324,1183
22591,3864.35,1351,210,208,3.4702380952380953,CARDHOLDER GINGHAM CHRISTMAS TREE,-342.2,132.0,14.0,13.0,3522.15,0.08855305549445573,0.09770540340488527,2.8603626943005183,18.57860576923077,0.01816736318290575,1184
22452,3558.3,1347,262,255,2.694847328244275,MEASURING TAPE BABUSHKA PINK,-38.35000000000001,13.0,3.0,3.0,3519.9500000000003,0.010777618525700477,0.009651076466221232,2.6416481069042317,13.954117647058824,0.018156015512022228,1185
21466,3517.29,937,280,275,3.9814285714285713,RED FLOWER CROCHET FOOD COVER,0.0,0.0,0.0,0.0,3517.29,0.0,0.0,3.753778014941302,12.790145454545454,0.018142295146317607,1186
22822,3522.8700000000003,606,192,183,6.380520833333333,CREAM WALL PLANTER HEART SHAPED,-11.9,2.0,2.0,2.0,3510.9700000000003,0.003377927655576277,0.0033003300330033004,5.813316831683169,19.25065573770492,0.018109696382688584,1187
22095,3628.17,3368,312,284,1.408525641025641,LADS ONLY TISSUE BOX,-119.88,107.0,7.0,7.0,3508.29,0.03304145064867412,0.03176959619952494,1.077247624703088,12.775246478873239,0.018095872856339568,1188
21794,3585.98,716,181,178,6.090220994475137,CLASSIC FRENCH STYLE BASKET NATURAL,-79.35,13.0,5.0,5.0,3506.63,0.022127842319254427,0.018156424581005588,5.008351955307263,20.145955056179776,0.01808731052285473,1189
23189,3507.5099999999998,1249,142,141,3.3956338028169015,SET OF 12 FORK CANDLES,-2.89,1.0,1.0,1.0,3504.62,0.0008239463322984112,0.0008006405124099279,2.808254603682946,24.87595744680851,0.018076942878092965,1190
23353,3510.05,4007,331,327,0.9988519637462235,6 GIFT TAGS VINTAGE CHRISTMAS ,-19.92,24.0,2.0,2.0,3490.13,0.005675132832865629,0.005989518342899925,0.8759795358123285,10.734097859327218,0.018002202991228324,1191
22862,3500.51,781,238,221,4.934873949579832,LOVE HEART NAPKIN BOX ,-17.0,4.0,2.0,2.0,3483.51,0.0048564352051558195,0.005121638924455826,4.482087067861716,15.839411764705883,0.017968056817933363,1192
21507,3490.36,8310,589,584,0.5045840407470289,"ELEPHANT, BIRTHDAY CARD, ",-10.08,24.0,2.0,2.0,3480.28,0.0028879542511374185,0.002888086642599278,0.4200192539109507,5.976643835616438,0.01795139637386347,1193
18097C,4049.83,1811,219,211,2.8295433789954334,WHITE TALL PORCELAIN T-LIGHT HOLDER,-571.8000000000001,292.0,2.0,2.0,3478.0299999999997,0.1411911117256774,0.1612368856985091,2.236239646604086,19.193507109004738,0.017939790801368958,1194
22939,3545.5,705,185,181,5.961405405405404,APRON APPLE DELIGHT,-69.30000000000001,14.0,2.0,2.0,3476.2,0.019545903257650547,0.019858156028368795,5.029078014184397,19.58839779005525,0.017930351602406757,1195
21327,3468.69,1962,517,495,2.0104061895551255,SKULLS WRITING SET ,0.0,0.0,0.0,0.0,3468.69,0.0,0.0,1.7679357798165138,7.007454545454546,0.01789161478043619,1196
23085,3583.23,376,84,78,10.834999999999999,ANTIQUE SILVER BAUBLE LAMP  ,-128.75,13.0,5.0,5.0,3454.48,0.03593126871565599,0.034574468085106384,9.529867021276596,45.93884615384616,0.01781831914259309,1197
20786,3533.9,99,32,31,36.876875,BLACK RETRO BAR STOOL,-79.9,2.0,2.0,2.0,3454.0,0.02260958148221512,0.020202020202020204,35.6959595959596,113.99677419354839,0.01781584328712759,1198
21469,3512.01,1173,213,210,3.9689671361502348,POLKA DOT RAFFIA FOOD COVER,-67.5,50.0,3.0,3.0,3444.51,0.019219763041676986,0.042625745950554135,2.9940409207161127,16.723857142857145,0.017766893561361862,1199
22309,3509.68,1341,275,266,3.4934545454545454,TEA COSY RED  STRIPE,-66.3,26.0,2.0,2.0,3443.3799999999997,0.018890611109844774,0.019388516032811335,2.6172110365398953,13.194285714285714,0.017761064984953504,1200
47505,3527.42,737,180,178,5.334722222222222,MINATURE COLOURED GARDENING SET,-87.05000000000001,19.0,6.0,6.0,3440.37,0.024678093337340043,0.025780189959294438,4.786187245590231,19.816966292134833,0.01774553930797196,1201
21679,4088.75,4931,377,370,1.0584880636604774,SKULLS  STICKERS,-652.6800000000001,900.0,5.0,5.0,3436.0699999999997,0.15962824824212782,0.18251875887243968,0.8291928614885419,11.050675675675675,0.017723359769426898,1202
23388,3432.09,821,154,154,4.634285714285714,WOODLAND MINI BACKPACK,0.0,0.0,0.0,0.0,3432.09,0.0,0.0,4.180377588306943,22.2862987012987,0.017702830801192167,1203
22428,3533.63,479,202,191,7.988217821782179,ENAMEL FIRE BUCKET CREAM,-104.25,15.0,7.0,7.0,3429.38,0.02950223990627202,0.031315240083507306,7.377098121085595,18.500680628272253,0.017688852533876556,1204
21364,3441.4700000000003,473,170,167,7.605294117647059,PEACE SMALL WOOD LETTERS,-13.5,2.0,2.0,2.0,3427.9700000000003,0.003922742316510096,0.004228329809725159,7.275835095137421,20.607604790419163,0.017681579708446662,1205
23426,3444.43,1275,208,206,3.3344711538461542,METAL SIGN DROP YOUR PANTS,-17.34,6.0,1.0,1.0,3427.0899999999997,0.005034214659609863,0.004705882352941176,2.7015137254901957,16.720533980582523,0.01767704064009325,1206
22320,3562.8700000000003,601,181,180,6.2009392265193375,BIRDS MOBILE VINTAGE DESIGN,-136.85,23.0,10.0,10.0,3426.0200000000004,0.0384100458338362,0.03826955074875208,5.928236272878537,19.793722222222225,0.017671521545618088,1207
37340,3927.08,13674,211,204,3.4581516587677723,MULTICOLOUR SPRING FLOWER MUG,-501.22000000000014,4996.0,4.0,4.0,3425.8599999999997,0.12763172637175718,0.3653649261371947,0.28719321339768905,19.250392156862745,0.017670696260462918,1208
21902,3461.69,5440,498,474,0.7797791164658634,"KEY FOB , FRONT  DOOR ",-37.05,57.0,4.0,4.0,3424.64,0.010702864785697158,0.010477941176470587,0.6363400735294118,7.303143459915612,0.017664403461154787,1209
22459,3420.18,1386,181,172,2.9299999999999997,CAST IRON HOOK GARDEN TROWEL,0.0,0.0,0.0,0.0,3420.18,0.0,0.0,2.4676623376623374,19.884767441860465,0.01764139863745456,1210
23536,3442.13,626,85,85,6.794705882352942,WALL ART VILLAGE SHOW ,-23.8,4.0,1.0,1.0,3418.33,0.006914323398593313,0.006389776357827476,5.498610223642173,40.49564705882353,0.01763185627784796,1211
22172,3451.82,378,186,185,9.579301075268818,METAL SHELF WITH RAIL ,-34.0,4.0,4.0,4.0,3417.82,0.009849876297141798,0.010582010582010581,9.131798941798943,18.65848648648649,0.017629225681415873,1212
23232,3436.92,8526,239,238,0.417489539748954,WRAP VINTAGE LEAF DESIGN,-21.42,51.0,3.0,3.0,3415.5,0.006232324290352991,0.005981703026038001,0.4031104855735398,14.440840336134453,0.01761725904666598,1213
23350,3445.08,2712,311,305,1.4612861736334404,ROLL WRAP VINTAGE SPOT ,-30.0,24.0,2.0,2.0,3415.08,0.008708070639869031,0.008849557522123894,1.2703097345132743,11.295344262295082,0.017615092673133673,1214
23065,3427.44,273,99,99,12.976161616161617,LARGE DECO JEWELLERY STAND,-12.5,1.0,1.0,1.0,3414.94,0.0036470368554956467,0.003663003663003663,12.554725274725275,34.620606060606065,0.0176143705486229,1215
22183,3465.2200000000003,613,220,209,6.304454545454545,CAKE STAND VICTORIAN FILIGREE MED,-56.2,9.0,6.0,6.0,3409.0200000000004,0.0162183064855911,0.01468189233278956,5.652887438825449,16.580000000000002,0.017583834997881794,1216
22440,3425.87,8586,306,292,0.4501307189542484,BALLOON WATER BOMB PACK OF 35,-18.48,44.0,4.0,4.0,3407.39,0.0053942502196522345,0.005124621476822734,0.39900652224551597,11.732431506849315,0.017575427405363546,1217
21039,3445.67,1319,233,228,3.00480686695279,RED RETROSPOT SHOPPING BAG,-40.8,16.0,4.0,4.0,3404.87,0.011840948204558183,0.012130401819560273,2.6123351023502654,15.112587719298245,0.017562429164169693,1218
22477,3385.5299999999997,2433,283,276,1.6536395759717313,WATERING CAN GARDEN MARKER,-1.25,1.0,1.0,1.0,3384.2799999999997,0.00036921840893449476,0.0004110152075626798,1.3915043156596794,12.26641304347826,0.01745622528076438,1219
23014,3419.5800000000004,856,211,209,4.863838862559241,GLASS APOTHECARY BOTTLE ELIXIR,-35.55,9.0,3.0,3.0,3384.03,0.010396013545523133,0.010514018691588784,3.9948364485981314,16.361626794258374,0.017454935772709436,1220
23354,3429.4,3740,330,322,0.9722121212121212,6 GIFT TAGS 50'S CHRISTMAS ,-49.8,60.0,3.0,3.0,3379.6,0.014521490639762056,0.016042780748663103,0.916951871657754,10.650310559006211,0.0174320856899758,1221
23156,3423.29,1665,207,205,2.261497584541063,SET OF 5 MINI GROCERY MAGNETS,-49.92,24.0,2.0,2.0,3373.37,0.014582463069152774,0.014414414414414415,2.05603003003003,16.698975609756097,0.017399951149246556,1222
21123,3430.56,2781,259,252,1.2388803088803089,SET/10 IVORY POLKADOT PARTY CANDLES,-60.0,48.0,2.0,2.0,3370.56,0.01748985588358752,0.017259978425026967,1.2335706580366774,13.613333333333333,0.01738545707870897,1223
22764,3462.49,183,25,25,24.5848,"RUSTIC WOODEN CABINET, GLASS DOORS",-93.8,4.0,3.0,3.0,3368.6899999999996,0.02709033094680418,0.02185792349726776,18.92071038251366,138.4996,0.017375811558457972,1224
21211,3385.94,2419,241,237,1.6675103734439833,SET OF 72 SKULL PAPER  DOILIES,-17.4,12.0,1.0,1.0,3368.54,0.005138897913134904,0.004960727573377429,1.3997271599834642,14.286666666666667,0.017375037853625007,1225
22419,3370.77,7058,535,509,0.6009158878504673,LIPSTICK PEN RED,-4.14,10.0,4.0,4.0,3366.63,0.0012282060182094892,0.0014168319637291016,0.47758146783791444,6.6223379174852655,0.017365186012085226,1226
22972,3421.76,1992,265,243,2.007018867924528,CHILDREN'S SPACEBOY MUG,-56.1,34.0,8.0,8.0,3365.6600000000003,0.016395071542130366,0.01706827309236948,1.7177510040160644,14.081316872427985,0.017360182720832038,1227
22223,3369.83,727,178,175,5.437078651685393,CAKE PLATE LOVEBIRD PINK,-4.95,1.0,1.0,1.0,3364.88,0.0014689168296323555,0.001375515818431912,4.63525447042641,19.256171428571427,0.017356159455700605,1228
84797A,3361.25,481,44,44,11.095227272727273,PINK HAWAIIAN PICNIC HAMPER FOR 4,0.0,0.0,0.0,0.0,3361.25,0.0,0.0,6.988045738045738,76.39204545454545,0.017337435798742796,1229
84813,3364.5,426,101,99,11.753564356435643,SET OF 4 DIAMOND NAPKIN RINGS,-3.95,1.0,1.0,1.0,3360.55,0.0011740228860157528,0.002347417840375587,7.897887323943662,33.984848484848484,0.01733382517618895,1230
84031B,3423.99,867,288,271,4.718993055555555,CHARLIE LOLA BLUE HOT WATER BOTTLE ,-64.2,26.0,2.0,2.0,3359.79,0.018750054760673953,0.029988465974625143,3.9492387543252594,12.634649446494464,0.017329905071701915,1231
22794,3399.2400000000002,402,217,209,8.922258064516129,SWEETHEART WIRE MAGAZINE RACK,-39.75,5.0,4.0,4.0,3359.4900000000002,0.011693790376672432,0.012437810945273632,8.455820895522388,16.264306220095694,0.01732835766203598,1232
37501,3457.81,487,180,177,7.3357222222222225,TEA TIME TEA SET IN GIFT BOX,-104.25,15.0,8.0,8.0,3353.56,0.030149140641041586,0.030800821355236138,7.100225872689938,19.535649717514126,0.017297770530972673,1233
22792,3349.9,3596,277,262,1.133393501805054,FLUTED ANTIQUE CANDLE HOLDER,-10.2,12.0,1.0,1.0,3339.7000000000003,0.0030448670109555504,0.0033370411568409346,0.9315628476084539,12.78587786259542,0.017226280204406495,1234
21917,3345.73,8052,480,467,0.49899999999999994,SET 12 KIDS  WHITE CHALK STICKS,-8.82,21.0,6.0,6.0,3336.91,0.002636195987123886,0.0026080476900149033,0.4155153999006458,7.164304068522484,0.017211889294513297,1235
22136,3340.67,1995,276,265,2.1119565217391303,LOVE HEART SOCK HANGER,-4.55,3.0,3.0,3.0,3336.12,0.0013620022330849799,0.0015037593984962407,1.6745213032581454,12.606301886792453,0.01720781444905967,1236
23210,3551.53,2849,202,192,1.4668316831683168,WHITE ROCKING HORSE HAND PAINTED,-219.76,200.0,4.0,4.0,3331.7700000000004,0.06187755699656204,0.0702000702000702,1.2465882765882768,18.497552083333336,0.017185377008903623,1237
22944,3631.62,4901,166,158,1.4731325301204818,CHRISTMAS METAL POSTCARD WITH BELLS,-312.46000000000004,302.0,4.0,3.0,3319.16,0.08603873753311196,0.061620077535196896,0.7409957151601714,22.984936708860758,0.017120334222612166,1238
22154,3396.63,7881,347,317,0.5369452449567723,ANGEL DECORATION 3 BUTTONS ,-85.67999999999999,204.0,14.0,14.0,3310.9500000000003,0.025225002428878034,0.02588503996954701,0.4309897221164827,10.714921135646689,0.017077986778087757,1239
22572,3311.47,3668,394,362,1.0439086294416244,ROCKING HORSE GREEN CHRISTMAS ,-2.55,3.0,1.0,1.0,3308.9199999999996,0.0007700507629542167,0.0008178844056706652,0.9027998909487459,9.147707182320442,0.017067515972681593,1240
20702,3351.95,795,250,245,4.3028,PINK PADDED MOBILE,-46.75,11.0,6.0,6.0,3305.2,0.013947105416250244,0.013836477987421384,4.2162893081761,13.68142857142857,0.017048328092824007,1241
44230,3381.62,347,53,53,9.157547169811322,SQUARE MIRROR CURTAIN,-77.91,10.0,4.0,4.0,3303.71,0.023039253375601042,0.02881844380403458,9.745302593659941,63.80415094339622,0.017040642624816534,1242
84828,3346.55,2516,362,353,1.6344198895027624,JUNGLE POPSICLES ICE LOLLY HOLDERS,-45.0,36.0,2.0,2.0,3301.55,0.01344668389834307,0.014308426073131956,1.3301073131955485,9.480311614730878,0.017029501275221803,1243
22773,3306.28,2483,242,227,1.545,GREEN DRAWER KNOB ACRYLIC EDWARDIAN,-15.0,12.0,1.0,1.0,3291.28,0.004536820837920563,0.004832863471606927,1.331566653242046,14.56511013215859,0.01697652828432464,1244
22122,3290.0800000000004,1095,196,191,3.4707142857142856,SET OF 2 FANCY FONT TEA TOWELS,0.0,0.0,0.0,0.0,3290.0800000000004,0.0,0.0,3.0046392694063933,17.225549738219897,0.016970338645660905,1245
84849B,3309.99,1972,301,293,2.0274750830564785,FAIRY SOAP SOAP HOLDER,-21.970000000000002,13.0,2.0,2.0,3288.02,0.0066374822884661296,0.006592292089249493,1.6784939148073021,11.296894197952218,0.01695971309928815,1246
37410,3288.65,25707,33,33,7.556969696969697,BLACK AND WHITE PAISLEY FLOWER MUG,-7.5,6.0,1.0,1.0,3281.15,0.00228057105499217,0.00023339946318123468,0.12792819076516124,99.6560606060606,0.016924277417938248,1247
21111,3299.3500000000004,1408,225,214,3.5456,"SWISS ROLL TOWEL, CHOCOLATE  SPOTS",-20.650000000000002,7.0,2.0,2.0,3278.7000000000003,0.0062588085531998724,0.004971590909090909,2.3432883522727277,15.417523364485984,0.01691164023899978,1248
84472,3402.32,87,30,30,46.424,PINK AND LILAC QUILTED THROW ,-125.9,3.0,3.0,3.0,3276.42,0.03700416186602083,0.034482758620689655,39.10712643678161,113.41066666666667,0.016899879925538677,1249
84510A,3299.21,2431,483,474,1.6845548654244307,SET OF 4 ENGLISH ROSE COASTERS,-26.25,21.0,3.0,3.0,3272.96,0.007956450180497756,0.008638420403126285,1.3571410941999178,6.96035864978903,0.01688203313405823,1250
23308,3272.6099999999997,6139,389,382,0.6942159383033419,SET OF 60 VINTAGE LEAF CAKE CASES ,0.0,0.0,0.0,0.0,3272.6099999999997,0.0,0.0,0.5330851930281805,8.567041884816753,0.016880227822781303,1251
18098C,3340.36,1252,253,236,3.3138339920948616,PORCELAIN BUTTERFLY OIL BURNER,-70.80000000000001,24.0,1.0,1.0,3269.56,0.02119532026488163,0.019169329073482427,2.6680191693290736,14.15406779661017,0.01686449582451097,1252
21352,3340.71,917,171,158,5.361461988304094,EUCALYPTUS & PINECONE  WREATH,-74.25,11.0,4.0,4.0,3266.46,0.02222581427301382,0.011995637949836423,3.643086150490731,21.14373417721519,0.016848505924629647,1253
20992,3262.7,6196,459,433,0.6917211328976035,JAZZ HEARTS PURSE NOTEBOOK,0.0,0.0,0.0,0.0,3262.7,0.0,0.0,0.5265816655907036,7.535103926096998,0.016829111723483264,1254
22047,3351.0,8250,261,261,0.4179310344827586,EMPIRE GIFT WRAP,-89.0,250.0,3.0,3.0,3262.0,0.026559236048940615,0.030303030303030304,0.4061818181818182,12.839080459770114,0.016825501100929417,1255
21467,3278.75,1029,260,254,4.029615384615385,CHERRY CROCHET FOOD COVER,-18.75,5.0,5.0,5.0,3260.0,0.0057186427754479605,0.004859086491739553,3.186345966958212,12.908464566929133,0.016815185036489853,1256
84975,3274.85,1995,216,212,2.0277777777777777,HEART SHAPED MIRROR,-15.21,9.0,4.0,4.0,3259.64,0.004644487533780174,0.004511278195488722,1.6415288220551378,15.447405660377358,0.01681332814489073,1257
15058B,3327.67,438,156,156,9.684999999999999,PINK POLKADOT GARDEN PARASOL,-69.15,9.0,5.0,5.0,3258.52,0.02078030573945133,0.02054794520547945,7.597420091324201,21.33121794871795,0.016807551148804573,1258
84997d,3258.31,390,86,82,8.421976744186047,CHILDRENS CUTLERY POLKADOT PINK,0.0,0.0,0.0,0.0,3258.31,0.0,0.0,8.354641025641026,39.73548780487805,0.016806467962038423,1259
22863,3293.4700000000003,1149,180,169,3.220222222222222,SOAP DISH BROCANTE,-38.35000000000001,13.0,2.0,2.0,3255.1200000000003,0.011644253629151018,0.011314186248912098,2.8663794604003483,19.487988165680473,0.01679001383925732,1260
22310,3270.96,1801,241,223,2.5235684647302903,IVORY KNITTED MUG COSY ,-21.25,13.0,2.0,2.0,3249.71,0.00649656369995353,0.007218212104386452,1.8161910049972239,14.667982062780268,0.016762108884948296,1261
21557,3251.04,953,313,302,4.16891373801917,SET OF 6 FUNKY BEAKERS,-2.95,1.0,1.0,1.0,3248.09,0.0009074019390718048,0.001049317943336831,3.4113746065057713,10.765033112582781,0.01675375287275225,1262
23053,3254.32,364,164,164,9.819390243902438,RECYCLED ACAPULCO MAT PINK,-8.25,1.0,1.0,1.0,3246.07,0.0025350918164163327,0.0027472527472527475,8.940439560439561,19.84341463414634,0.01674333364766829,1263
23239,3353.84,842,181,178,4.393646408839779,SET OF 4 KNICK KNACK TINS POPPIES,-115.8,28.0,9.0,9.0,3238.04,0.034527586289149155,0.0332541567695962,3.983182897862233,18.84179775280899,0.01670191464894344,1264
23395,3257.08,748,211,210,4.915592417061611,BELLE JARDINIERE CUSHION COVER,-26.25,7.0,5.0,5.0,3230.83,0.00805936605794147,0.009358288770053475,4.354385026737968,15.509904761904762,0.016664725236638808,1265
85220,6875.0,12236,5,5,1.3,SMALL FAIRY CAKE FRIDGE MAGNETS,-3645.65,2513.0,2.0,2.0,3229.35,0.5302763636363637,0.2053775743707094,0.5618666230794377,1375.0,0.016657091348953528,1266
22769,3795.68,179,47,45,29.387021276595746,CHALKBOARD KITCHEN ORGANISER,-575.75,25.0,9.0,8.0,3219.93,0.15168560047211568,0.13966480446927373,21.204916201117317,84.34844444444444,0.01660850268544318,1267
21949,3224.28,2636,281,269,1.7779359430604982,SET OF 6 STRAWBERRY CHOPSTICKS,-7.5,6.0,1.0,1.0,3216.78,0.002326100710856377,0.002276176024279211,1.2231714719271625,11.986171003717473,0.016592254883950868,1268
22963,3303.81,3954,349,319,1.072865329512894,JAM JAR WITH GREEN LID,-90.86,115.0,12.0,12.0,3212.95,0.02750158150741114,0.029084471421345473,0.8355614567526555,10.356771159874608,0.016572499620549103,1269
22473,3210.17,833,218,209,5.27454128440367,TV DINNER TRAY VINTAGE PAISLEY,0.0,0.0,0.0,0.0,3210.17,0.0,0.0,3.8537454981992796,15.359665071770335,0.01655816029097811,1270
84837,3210.04,251,144,143,13.428888888888888,WHITE SWEETHEARTS CABINET 4 DRAWERS,0.0,0.0,0.0,0.0,3210.04,0.0,0.0,12.789003984063745,22.447832167832168,0.016557489746789538,1271
21829,3270.2,15137,420,409,0.2662380952380952,DINOSAUR KEYRINGS ASSORTED,-60.69,289.0,5.0,5.0,3209.5099999999998,0.018558497951195647,0.01909229041421682,0.21604016647948734,7.99559902200489,0.01655475598971305,1272
23051,3223.49,365,162,162,9.636790123456791,RECYCLED ACAPULCO MAT BLUE,-16.5,2.0,2.0,2.0,3206.99,0.005118675721035275,0.005479452054794521,8.831479452054793,19.898086419753085,0.0165417577485192,1273
22967,3271.4100000000003,1171,138,138,3.0120289855072464,SET 3 SONG BIRD PAPER EGGS ASSORTED,-64.9,22.0,4.0,4.0,3206.51,0.01983854056813423,0.018787361229718188,2.793689154568745,23.705869565217395,0.016539281893053707,1274
21732,3214.57,925,60,58,3.8156666666666665,RED HANGING METAL STAR TLIGHT HLDR,-10.530000000000001,3.0,2.0,2.0,3204.04,0.003275710281623981,0.003243243243243243,3.475210810810811,55.42362068965517,0.01652654155347084,1275
21333,3262.9,1080,228,222,3.2314912280701757,CLASSIC WHITE FRAME,-59.02,18.0,10.0,10.0,3203.88,0.018088203745134698,0.016666666666666666,3.0212037037037036,14.697747747747748,0.016525716268315678,1276
84596F,3208.97,4726,613,600,0.8590701468189234,SMALL MARSHMALLOWS PINK BOWL,-6.72,16.0,1.0,1.0,3202.25,0.002094129892146078,0.0033855268726195515,0.6790033855268726,5.348283333333333,0.016517308675797433,1277
79164,3235.61,3677,94,91,6.455957446808511,BLACK WINE GLASS,-36.599999999999994,24.0,6.0,6.0,3199.01,0.011311622847005662,0.006527060103345118,0.8799592058743542,35.55615384615385,0.016500596651405342,1278
22891,3353.94,686,246,230,5.680569105691057,TEA FOR ONE POLKADOT,-157.25,37.0,24.0,24.0,3196.69,0.046885155965819304,0.05393586005830904,4.889125364431487,14.582347826086957,0.016488630016655445,1279
22194,3246.1,377,163,160,9.175950920245398,BLACK DINER WALL CLOCK,-51.0,6.0,5.0,5.0,3195.1,0.015711161085610426,0.015915119363395226,8.610344827586207,20.288125,0.01648042874542599,1280
22281,3285.86,511,149,149,8.12261744966443,EASTER TREE YELLOW BIRDS,-95.2,16.0,3.0,3.0,3190.6600000000003,0.028972628170402876,0.03131115459882583,6.430254403131116,22.05275167785235,0.01645752708237016,1281
23035,3199.99,2191,192,191,1.6449999999999998,DRAWER KNOB CERAMIC IVORY,-13.049999999999999,9.0,2.0,2.0,3186.9399999999996,0.004078137744180451,0.004107713372889092,1.460515746234596,16.753874345549736,0.01643833920251257,1282
23230,3217.92,7976,235,235,0.41736170212765955,WRAP ALPHABET DESIGN,-31.5,75.0,3.0,3.0,3186.42,0.00978893198090692,0.00940320962888666,0.40345035105315946,13.693276595744681,0.016435657025758284,1283
22762,3468.1,216,138,133,17.451884057971014,CUPBOARD 3 DRAWER MA CAMPAGNE,-283.15,21.0,8.0,7.0,3184.95,0.08164412790865315,0.09722222222222222,16.056018518518517,26.07593984962406,0.016428074718395202,1284
21519,3195.35,7458,561,553,0.5020499108734402,GIN & TONIC DIET GREETING CARD ,-15.120000000000001,36.0,3.0,3.0,3180.23,0.0047318760073231415,0.004827031375703942,0.42844596406543306,5.778209764918626,0.01640372880631783,1285
21705,3210.66,2563,235,225,1.8314468085106383,BAG 500g SWIRLY MARBLES,-41.5,26.0,5.0,5.0,3169.16,0.012925691290887232,0.010144362075692548,1.2526960593055012,14.269599999999999,0.016346629389644842,1286
23342,3176.41,373,163,163,8.833496932515336,MINT DINER WALL CLOCK,-8.5,1.0,1.0,1.0,3167.91,0.0026759769677088285,0.002680965147453083,8.515844504021448,19.48717791411043,0.01634018184937011,1287
22816,3180.75,7350,466,436,0.48409871244635194,CARD MOTORBIKE SANTA,-20.16,48.0,2.0,2.0,3160.59,0.0063381278000471586,0.006530612244897959,0.43275510204081635,7.2952981651376145,0.01630242505352131,1288
21786,3186.87,7785,478,450,0.6253765690376569,POLKADOT RAIN HAT ,-29.4,70.0,2.0,2.0,3157.47,0.009225352775607414,0.00899165061014772,0.4093603082851638,7.081933333333333,0.016286331992995586,1289
22702,3160.5199999999995,1591,97,94,2.1752577319587627,BLACK AND WHITE CAT BOWL,-3.95,2.0,2.0,2.0,3156.5699999999997,0.0012497943376406416,0.001257071024512885,1.9864990571967314,33.62255319148936,0.01628168976399778,1290
21628,3215.18,166,88,87,22.562727272727273,TRIANGULAR POUFFE VINTAGE ,-59.8,4.0,3.0,3.0,3155.3799999999997,0.018599269714292824,0.024096385542168676,19.36855421686747,36.95609195402299,0.01627555170565624,1291
21820,3267.75,828,193,180,4.708290155440415,GLITTER HEART GARLAND WITH BELLS ,-112.5,30.0,3.0,3.0,3155.25,0.034427358274041774,0.036231884057971016,3.9465579710144927,18.154166666666665,0.01627488116146767,1292
22700,3181.96,1392,101,98,2.8705940594059407,BLACK AND WHITE DOG BOWL,-31.300000000000004,22.0,4.0,4.0,3150.66,0.009836704421174371,0.015804597701149427,2.285890804597701,32.468979591836735,0.01625120579357887,1293
22805,3165.23,2316,242,231,1.6608264462809919,BLUE DRAWER KNOB ACRYLIC EDWARDIAN,-16.25,13.0,2.0,2.0,3148.98,0.005133908120420949,0.005613126079447323,1.3666796200345424,13.702294372294372,0.016242540299449635,1294
82578,3154.8900000000003,5635,723,704,0.7146473029045644,KITCHEN METAL SIGN,-7.15,13.0,2.0,2.0,3147.7400000000002,0.0022663230730706934,0.0023070097604259094,0.559874001774623,4.481377840909091,0.01623614433949711,1295
85227,3169.02,3520,471,442,1.1165180467091296,SET OF 6 3D KIT CARDS FOR KIDS,-25.5,30.0,3.0,3.0,3143.52,0.00804665164625026,0.008522727272727272,0.9002897727272727,7.16972850678733,0.016214377443529625,1296
84912B,3141.4,1145,269,259,3.504275092936803,GREEN ROSE WASHBAG,0.0,0.0,0.0,0.0,3141.4,0.0,0.0,2.743580786026201,12.12895752895753,0.016203442415223687,1297
23323,3146.78,1469,302,294,2.251291390728477,WHITE WICKER STAR ,-6.300000000000001,3.0,3.0,3.0,3140.48,0.0020020465364594922,0.0020422055820285907,2.14212389380531,10.703333333333333,0.016198697025581486,1298
21272,3153.65,2376,354,339,1.6526553672316384,SALLE DE BAIN HOOK,-16.25,13.0,5.0,4.0,3137.4,0.005152759500895787,0.005471380471380472,1.327293771043771,9.302802359882007,0.01618281028634456,1299
21473,3212.16,157,90,90,20.839,SWEETHEART CREAM STEEL TABLE RECT,-79.8,4.0,3.0,3.0,3132.3599999999997,0.024843096234309622,0.025477707006369428,20.459617834394905,35.690666666666665,0.016156813803956855,1300
23393,3207.91,801,231,229,4.481428571428571,HOME SWEET HOME CUSHION COVER ,-78.75,21.0,6.0,6.0,3129.16,0.024548693697765835,0.026217228464419477,4.004881398252184,14.008340611353711,0.016140308100853554,1301
20956,3160.25,2381,254,236,1.7803149606299211,PORCELAIN T-LIGHT HOLDERS ASSORTED,-37.5,30.0,4.0,4.0,3122.75,0.011866149829918519,0.0125997480050399,1.3272784544309113,13.390889830508474,0.016107245114324754,1302
22406,3175.61,2507,223,217,1.4665022421524663,MONEY BOX KINGS CHOICE DESIGN,-55.66,50.0,4.0,4.0,3119.9500000000003,0.017527341203737234,0.01994415636218588,1.266697247706422,14.634147465437788,0.01609280262410936,1303
22347,3119.18,2716,115,115,1.6625217391304348,PIZZA SLICE DISH,0.0,0.0,0.0,0.0,3119.18,0.0,0.0,1.1484462444771724,27.123304347826085,0.016088830939300126,1304
22372,3149.75,616,298,287,5.37258389261745,AIRLINE BAG VINTAGE WORLD CHAMPION ,-33.95,7.0,3.0,3.0,3115.8,0.010778633224859117,0.011363636363636364,5.11323051948052,10.974738675958188,0.016071396790397267,1305
22757,3116.58,2718,326,308,1.543159509202454,LARGE RED BABUSHKA NOTEBOOK ,-1.25,1.0,1.0,1.0,3115.33,0.00040108067176199553,0.0003679175864606328,1.146644591611479,10.118766233766234,0.01606897251525397,1306
21408,3134.29,715,246,240,5.953780487804878,SPOTTY PINK DUCK DOORSTOP,-21.25,5.0,3.0,3.0,3113.04,0.006779844877149211,0.006993006993006993,4.383622377622378,13.059541666666666,0.016057160621470667,1307
47504K,3135.75,2671,322,312,1.8940993788819875,ENGLISH ROSE GARDEN SECATEURS,-28.98,22.0,5.0,5.0,3106.77,0.009241808179861278,0.008236615499812805,1.1739985024335455,10.05048076923077,0.016024819759452632,1308
23346,3112.34,2628,186,184,1.5186559139784948,SPACEBOY BEAKER,-7.5,6.0,1.0,1.0,3104.84,0.0024097624295546117,0.00228310502283105,1.1842998477929985,16.914891304347826,0.016014864757268453,1309
22754,3111.0899999999997,3980,515,492,1.0051844660194174,SMALL RED BABUSHKA NOTEBOOK ,-10.2,12.0,1.0,1.0,3100.89,0.0032785936761713743,0.003015075376884422,0.781680904522613,6.323353658536584,0.01599449053000031,1310
22927,3221.9100000000003,502,177,162,6.79954802259887,GREEN GIANT GARDEN THERMOMETER,-130.9,22.0,9.0,7.0,3091.01,0.04062807465137139,0.043824701195219126,6.418147410358566,19.888333333333335,0.015943529171668865,1311
22129,3100.22,3252,176,174,1.6295454545454546,PARTY CONES CANDY TREE DECORATION,-15.3,18.0,1.0,1.0,3084.9199999999996,0.0049351336356774685,0.005535055350553505,0.9533271832718326,17.81735632183908,0.01591211675545039,1312
22461,3722.5299999999997,416,151,146,12.63430463576159,SAVOY ART DECO CLOCK,-638.4499999999999,63.0,32.0,31.0,3084.08,0.1715096990487652,0.15144230769230768,8.948389423076922,25.496780821917806,0.015907784008385772,1313
22208,3103.55,2396,451,433,1.5818847006651884,WOOD STAMP SET THANK YOU,-31.41,25.0,3.0,3.0,3072.1400000000003,0.010120668266984581,0.010434056761268781,1.295304674457429,7.167551963048499,0.015846197103681577,1314
21206,3089.35,2168,242,238,1.8575619834710744,STRAWBERRY HONEYCOMB  GARLAND ,-18.15,11.0,4.0,4.0,3071.2,0.005875022253872174,0.00507380073800738,1.4249769372693726,12.980462184873948,0.015841348553394977,1315
22037,3076.08,7144,647,634,0.5231839258114374,ROBOT BIRTHDAY CARD,-5.04,12.0,1.0,1.0,3071.04,0.0016384489350081922,0.0016797312430011197,0.43058230683090704,4.85186119873817,0.015840523268239814,1316
22375,3079.58,609,296,284,5.528209459459459,AIRLINE BAG VINTAGE JET SET BROWN,-10.6,2.0,2.0,2.0,3068.98,0.00344202780898694,0.003284072249589491,5.0567816091954025,10.843591549295775,0.015829897721867065,1317
21830,3320.46,7975,273,256,0.46406593406593405,ASSORTED CREEPY CRAWLIES,-257.76,696.0,5.0,4.0,3062.7,0.07762779855803112,0.08727272727272728,0.4163586206896552,12.970546875,0.015797505279526832,1318
22925,3102.51,505,201,191,6.519203980099503,BLUE GIANT GARDEN THERMOMETER,-47.6,8.0,5.0,5.0,3054.9100000000003,0.01534241630163964,0.015841584158415842,6.143584158415842,16.24350785340314,0.01575732420853473,1319
21354,3048.32,2532,226,217,1.4945132743362832,TOAST ITS - BEST MUM,0.0,0.0,0.0,0.0,3048.32,0.0,0.0,1.20391785150079,14.047557603686636,0.015723332776206363,1320
22067,3075.54,1887,258,252,2.1032945736434105,CHOC TRUFFLE GOLD TRINKET POT ,-32.199999999999996,20.0,12.0,12.0,3043.34,0.01046970613290674,0.010598834128245893,1.6298569157392686,12.20452380952381,0.015697645775751848,1321
22755,3048.19,3825,523,499,0.9826195028680688,SMALL PURPLE BABUSHKA NOTEBOOK ,-10.2,12.0,1.0,1.0,3037.9900000000002,0.003346248101332266,0.003137254901960784,0.7969124183006536,6.108597194388778,0.015670050303376017,1322
22576,3041.8399999999997,3360,363,330,1.0613774104683196,SWALLOW WOODEN CHRISTMAS DECORATION,-5.1,6.0,1.0,1.0,3036.74,0.0016766167845777555,0.0017857142857142857,0.9053095238095237,9.217696969696968,0.015663602763101286,1323
23329,3038.19,1767,250,233,1.7691199999999998,DECORATIVE WICKER HEART LARGE,-4.949999999999999,3.0,1.0,1.0,3033.2400000000002,0.0016292595262310781,0.001697792869269949,1.7194057724957557,13.039442060085838,0.01564554965033205,1324
15058A,3153.73,476,149,148,8.550536912751678,BLUE POLKADOT GARDEN PARASOL,-120.75,17.0,6.0,6.0,3032.98,0.038287995484711755,0.03571428571428571,6.625483193277311,21.308986486486486,0.015644208561954906,1325
15044C,3042.03,970,234,231,3.825598290598291,PURPLE PAPER PARASOL,-13.95,5.0,4.0,4.0,3028.0800000000004,0.004585753592173647,0.005154639175257732,3.1361134020618557,13.16896103896104,0.015618934204077974,1326
23461,3041.21,847,100,94,4.551500000000001,SWEETHEART BIRD HOUSE,-16.6,4.0,1.0,1.0,3024.61,0.005458353747357138,0.004722550177095631,3.5905667060212516,32.35329787234043,0.01560103583227533,1327
22712,3037.29,7375,522,508,0.551015325670498,CARD DOLLY GIRL ,-15.54,37.0,4.0,4.0,3021.75,0.00511640310935077,0.0050169491525423725,0.4118359322033898,5.978917322834645,0.015586283860126752,1328
23390,3025.59,747,166,163,4.389759036144579,DOLLY GIRL MINI BACKPACK,-4.15,1.0,1.0,1.0,3021.44,0.0013716333012734707,0.0013386880856760374,4.050321285140562,18.561901840490798,0.01558468487013862,1329
22277,3024.14,1441,256,250,2.494140625,COSMETIC BAG VINTAGE ROSE PAISLEY,-4.2,2.0,2.0,2.0,3019.94,0.0013888245914540995,0.0013879250520471894,2.0986398334489937,12.09656,0.015576947821808946,1330
20985,3070.5099999999998,2386,305,291,1.5457049180327869,HEART CALCULATOR,-54.43,44.0,6.0,6.0,3016.08,0.01772669686794702,0.018440905280804692,1.2868860016764458,10.551580756013745,0.015557037817440588,1331
22402,3032.8,3445,257,250,0.9357587548638132,MAGNETS PACK OF 4 VINTAGE COLLAGE,-17.5,14.0,3.0,3.0,3015.3,0.005770245317858085,0.0040638606676342524,0.8803483309143687,12.131200000000002,0.015553014552309159,1332
84279B,3076.92,808,215,215,4.296511627906977,CHERRY BLOSSOM DECORATIVE FLASK,-63.75,17.0,9.0,9.0,3013.17,0.020718770718770717,0.02103960396039604,3.808069306930693,14.311255813953489,0.015542027943681022,1333
21765,3076.39,371,146,143,9.029794520547947,HANGING METAL BIRD BATH,-66.75,9.0,2.0,2.0,3009.64,0.021697509093450442,0.02425876010781671,8.292156334231805,21.513216783216784,0.015523820089945189,1334
23231,3008.34,7277,260,260,0.41907692307692307,WRAP DOILEY DESIGN,0.0,0.0,0.0,0.0,3008.34,0.0,0.0,0.41340387522330635,11.570538461538462,0.015517114648059476,1335
84912A,3007.69,1097,235,231,3.621914893617021,PINK ROSE WASHBAG,0.0,0.0,0.0,0.0,3007.69,0.0,0.0,2.7417411121239743,13.020303030303031,0.015513761927116615,1336
22132,3008.1099999999997,3357,396,388,1.1562373737373737,RED LOVE HEART SHAPE CUP,-10.2,12.0,1.0,1.0,2997.91,0.0033908334469151726,0.0035746201966041107,0.8960708966338993,7.7528608247422675,0.015463316372007145,1337
35001W,3064.71,969,196,190,4.070612244897959,HAND OPEN SHAPE DECO.WHITE,-66.81,21.0,5.0,5.0,2997.9,0.021799778771890325,0.021671826625386997,3.1627554179566566,16.13005263157895,0.01546326479168495,1338
22905,2995.53,1089,199,194,2.9776884422110554,CALENDAR IN SEASON DESIGN,0.0,0.0,0.0,0.0,2995.53,0.0,0.0,2.7507162534435263,15.440876288659794,0.015451040255324065,1339
21477,3248.94,273,45,45,14.872666666666666,STRING OF 20 ROSE LIGHTS,-257.24999999999994,23.0,8.0,8.0,2991.69,0.07917967090804999,0.08424908424908426,11.900879120879122,72.19866666666667,0.015431233411600102,1340
84944,3234.63,1154,203,194,3.8720197044334976,SET OF 6 KASHMIR FOLKART BAUBLES,-244.45,93.0,5.0,5.0,2990.1800000000003,0.0755727857591131,0.0805892547660312,2.8029722703639517,16.67335051546392,0.015423444782948232,1341
22519,3019.23,1443,267,258,2.507453183520599,CHILDS GARDEN BRUSH PINK,-29.400000000000002,14.0,3.0,3.0,2989.83,0.009737582098747033,0.009702009702009701,2.0923284823284822,11.702441860465116,0.015421639471671305,1342
84997c,2984.2799999999997,356,80,75,8.568,CHILDRENS CUTLERY POLKADOT BLUE,0.0,0.0,0.0,0.0,2984.2799999999997,0.0,0.0,8.382808988764044,39.7904,0.015393012392851515,1343
22664,3006.78,1445,273,266,2.7753846153846156,TOY TIDY DOLLY GIRL DESIGN,-25.2,12.0,3.0,3.0,2981.5800000000004,0.008381058807095962,0.008304498269896194,2.08081660899654,11.303684210526317,0.015379085705858107,1344
22811,2978.6600000000003,1040,149,140,4.093020134228188,SET OF 6 T-LIGHTS CACTI ,-2.95,1.0,1.0,1.0,2975.7100000000005,0.0009903782237650487,0.0009615384615384616,2.864096153846154,21.276142857142858,0.015348808056727984,1345
85049D,2975.46,2372,412,400,1.3200485436893203,BRIGHT BLUES RIBBONS ,0.0,0.0,0.0,0.0,2975.46,0.0,0.0,1.2544097807757166,7.43865,0.015347518548673037,1346
23242,3024.63,1470,217,214,2.2825345622119815,TREASURE TIN BUFFALO BILL ,-56.160000000000004,27.0,3.0,3.0,2968.4700000000003,0.01856756032969322,0.018367346938775512,2.057571428571429,14.133785046728972,0.01531146390345676,1347
22674,2978.84,2394,304,297,1.4534539473684212,FRENCH TOILET SIGN BLUE METAL,-17.5,14.0,3.0,3.0,2961.34,0.0058747700447153925,0.005847953216374269,1.244294068504595,10.02976430976431,0.015274687133729712,1348
21688,2975.4600000000005,955,149,142,3.5969127516778525,SILVER PLATE CANDLE BOWL SMALL,-17.700000000000003,6.0,1.0,1.0,2957.7600000000007,0.005948660039120001,0.0062827225130890054,3.115664921465969,20.953943661971834,0.015256221378382897,1349
22955,2952.4700000000003,1479,201,185,2.2628855721393037,36 FOIL STAR CAKE CASES ,0.0,0.0,0.0,0.0,2952.4700000000003,0.0,0.0,1.9962609871534822,15.959297297297299,0.015228935387940245,1350
21948,2950.19,2308,278,267,1.8870503597122303,SET OF 6 CAKE CHOPSTICKS,0.0,0.0,0.0,0.0,2950.19,0.0,0.0,1.2782452339688042,11.04940074906367,0.015217175074479141,1351
22974,2977.79,1738,234,211,2.0466666666666664,CHILDRENS DOLLY GIRL MUG,-33.0,20.0,7.0,7.0,2944.79,0.011082044066237041,0.011507479861910242,1.7133429228998849,14.112748815165876,0.015189321700492317,1352
22518,2939.75,1412,274,266,2.56485401459854,CHILDS GARDEN BRUSH BLUE,0.0,0.0,0.0,0.0,2939.75,0.0,0.0,2.081975920679887,11.051691729323307,0.015163325218104614,1353
21626,3053.1,1511,210,204,2.3533809523809524,VINTAGE UNION JACK PENNANT,-117.0,60.0,12.0,12.0,2936.1,0.03832170580721234,0.03970880211780278,2.0205823957643942,14.966176470588234,0.015144498400502408,1354
22581,2937.52,3642,409,380,0.949559902200489,WOOD STOCKING CHRISTMAS SCANDISPOT,-1.7,2.0,1.0,1.0,2935.82,0.0005787194640376916,0.0005491488193300384,0.8065678198791872,7.730315789473684,0.015143054151480873,1355
79072,3083.2,284,107,107,12.714485981308412,TEATIME CAKE TIN WITH HANDLE,-149.25,15.0,8.0,8.0,2933.95,0.0484074987026466,0.0528169014084507,10.856338028169013,28.814953271028035,0.015133408631229877,1356
20752,2939.6800000000003,1526,370,358,2.3972702702702704,BLUE POLKADOT WASHING UP GLOVES,-6.300000000000001,3.0,3.0,3.0,2933.38,0.0021430904043977577,0.001965923984272608,1.9263958060288338,8.211396648044694,0.015130468552864602,1357
22325,3168.68,702,228,224,5.065964912280702,MOBILE VINTAGE HEARTS ,-237.6,48.0,16.0,16.0,2931.08,0.07498390496989282,0.06837606837606838,4.513789173789173,14.145892857142856,0.015118605078759102,1358
22480,2925.58,2416,280,263,1.2770714285714284,RED TEA TOWEL CLASSIC DESIGN,0.0,0.0,0.0,0.0,2925.58,0.0,0.0,1.2109188741721855,11.123878326996197,0.015090235901550302,1359
22803,2925.4900000000002,78,45,36,38.53022222222223,IVORY EMBROIDERED QUILT ,0.0,0.0,0.0,0.0,2925.4900000000002,0.0,0.0,37.50628205128206,81.26361111111112,0.015089771678650521,1360
21214,2920.8199999999997,2006,202,199,1.9927722772277228,SET OF 72 IVORY PAPER DOILIES,-1.45,1.0,1.0,1.0,2919.37,0.000496435932375155,0.0004985044865403788,1.4560418743768693,14.677487437185928,0.015058204521465455,1361
22696,2918.8199999999997,1476,311,288,2.264340836012862,WICKER WREATH LARGE,0.0,0.0,0.0,0.0,2918.8199999999997,0.0,0.0,1.9775203252032518,10.134791666666665,0.015055367603744575,1362
23211,2930.57,2329,162,160,1.5651851851851852,RED ROCKING HORSE HAND PAINTED,-30.0,24.0,1.0,1.0,2900.57,0.01023691636780558,0.010304851867754402,1.2582954057535423,18.3160625,0.01496123351573355,1363
22503,3447.2,149,57,54,25.856140350877194,CABIN BAG VINTAGE PAISLEY,-546.6999999999999,22.0,6.0,6.0,2900.5,0.15859248085402644,0.1476510067114094,23.135570469798658,63.837037037037035,0.014960872453478165,1364
21709,2886.62,698,119,117,5.145378151260505,FOLDING UMBRELLA CHOCOLATE POLKADOT,0.0,0.0,0.0,0.0,2886.62,0.0,0.0,4.135558739255014,24.671965811965812,0.014889278966267587,1365
21821,2935.06,723,165,153,4.941515151515151,GLITTER STAR GARLAND WITH BELLS ,-48.75,13.0,2.0,2.0,2886.31,0.016609541201883436,0.017980636237897647,4.059557399723375,19.183398692810457,0.014887679976279456,1366
22450,2925.7200000000003,870,198,180,3.535959595959596,SILK PURSE BABUSHKA BLUE,-40.2,12.0,5.0,4.0,2885.5200000000004,0.013740207538657151,0.013793103448275862,3.362896551724138,16.254,0.01488360513082583,1367
85184D,4546.78,8311,66,66,3.496818181818182,S/4 BLUE ROUND DECOUPAGE BOXES,-1664.9199999999998,3940.0,2.0,2.0,2881.8599999999997,0.3661756231882783,0.4740705089640236,0.5470797737937673,68.89060606060606,0.014864726732901425,1368
23290,2890.3500000000004,2430,214,214,1.4357009345794394,SPACEBOY CHILDRENS BOWL,-12.5,10.0,2.0,2.0,2877.8500000000004,0.004324735758645146,0.00411522633744856,1.1894444444444445,13.506308411214954,0.0148440430237001,1369
23345,2886.25,2451,176,174,1.5064204545454545, DOLLY GIRL BEAKER,-8.75,7.0,2.0,2.0,2877.5,0.0030316154179298397,0.0028559771521827824,1.177580579355365,16.58764367816092,0.014842237712423177,1370
21465,2883.1400000000003,795,189,187,4.027619047619048,PINK FLOWER CROCHET FOOD COVER,-7.5,2.0,1.0,1.0,2875.6400000000003,0.002601330493836581,0.0025157232704402514,3.626591194968554,15.417860962566847,0.014832643772494384,1371
22177,3101.46,325,125,125,11.89312,5 HOOK BLACKBOARD ORGANISER ,-227.0,25.0,10.0,10.0,2874.46,0.07319133569351209,0.07692307692307693,9.542953846153846,24.81168,0.014826557294475039,1372
22897,2921.01,1972,305,298,1.7624262295081965,OVEN MITT APPLES DESIGN,-60.9,42.0,5.0,5.0,2860.11,0.02084895293066439,0.02129817444219067,1.481242393509128,9.802046979865773,0.014752539532121163,1373
22983,2928.44,6892,569,551,0.5278558875219683,CARD BILLBOARD FONT,-68.76,181.0,3.0,3.0,2859.68,0.02348007813033561,0.026262333139872317,0.4249042367962856,5.314773139745917,0.014750321578266655,1374
22671,2859.25,1716,252,246,2.0433730158730157,FRENCH LAUNDRY SIGN BLUE METAL,-6.3999999999999995,4.0,3.0,3.0,2852.85,0.002238349217452129,0.002331002331002331,1.6662296037296038,11.622967479674797,0.014715092218205543,1375
23504,2848.8900000000003,1927,217,208,1.3483410138248846,PLAYING CARDS JUBILEE UNION JACK,0.0,0.0,0.0,0.0,2848.8900000000003,0.0,0.0,1.4784068500259473,13.69658653846154,0.014694666410615209,1376
21682,2866.59,579,155,152,5.274129032258065,LARGE MEDINA STAMPED METAL BOWL ,-19.8,4.0,2.0,2.0,2846.79,0.006907161470597469,0.0069084628670120895,4.950932642487047,18.859144736842108,0.014683834542953664,1377
22914,2871.4,598,184,170,5.477065217391305,BLUE COAT RACK PARIS FASHION,-24.75,5.0,4.0,4.0,2846.65,0.008619488751131851,0.008361204013377926,4.8016722408026755,16.890588235294118,0.014683112418442895,1378
22184,2988.71,401,153,146,9.166470588235294,CAKE STAND VICTORIAN FILIGREE LARGE,-143.3,19.0,13.0,12.0,2845.41,0.04794710761499109,0.04738154613466334,7.453142144638404,20.470616438356164,0.014676716458490367,1379
22949,2871.48,2016,182,177,1.7545604395604395,36 DOILIES DOLLY GIRL,-26.099999999999998,18.0,3.0,3.0,2845.38,0.009089389443771155,0.008928571428571428,1.4243452380952382,16.22305084745763,0.014676561717523774,1380
22930,3046.45,1199,197,189,3.0551269035532997,BAKING MOULD HEART MILK CHOCOLATE,-201.6,96.0,1.0,1.0,2844.85,0.0661753844638842,0.08006672226855713,2.540825688073394,16.118783068783067,0.014673827960447286,1381
85199S,2849.99,6143,509,486,0.585893909626719,SMALL HANGING IVORY/RED WOOD BIRD,-10.08,24.0,1.0,1.0,2839.91,0.003536854515279001,0.0039068858863747355,0.46394107113788047,5.8641769547325096,0.014648347281281563,1382
23427,2860.58,237,115,114,12.967478260869566,STOOL HOME SWEET HOME ,-22.9,2.0,2.0,2.0,2837.68,0.008005369540442847,0.008438818565400843,12.069957805907173,25.09280701754386,0.01463684486943145,1383
21683,2837.13,962,157,152,3.318343949044586,MEDIUM MEDINA STAMPED METAL BOWL ,-2.95,1.0,1.0,1.0,2834.1800000000003,0.0010397831611522912,0.0010395010395010396,2.9491995841995844,18.665328947368423,0.014618791756662215,1384
22293,2866.16,2036,232,225,1.8057327586206897,HANGING CHICK GREEN DECORATION,-34.8,24.0,1.0,1.0,2831.3599999999997,0.012141680855220922,0.011787819253438114,1.4077406679764244,12.738488888888888,0.014604246105802425,1385
47480,2854.83,1735,152,150,2.2753947368421055,HANGING PHOTO CLIP ROPE LADDER,-24.75,15.0,2.0,2.0,2830.08,0.008669517974800601,0.008645533141210375,1.6454351585014408,19.0322,0.014597643824561106,1386
21508,2834.08,6778,547,541,0.5174954296160877,VINTAGE KID DOLLY CARD ,-5.04,12.0,1.0,1.0,2829.04,0.0017783548805961724,0.0017704337562702863,0.41812924166420773,5.238595194085027,0.014592279471052532,1387
22818,2884.26,6634,427,404,0.4799063231850117,CARD CHRISTMAS VILLAGE,-60.48,144.0,5.0,5.0,2823.78,0.02096898337875226,0.021706361169731684,0.43476936991257165,7.139257425742575,0.014565148221576478,1388
23196,2842.24,1872,304,298,1.7964473684210527,VINTAGE LEAF MAGNETIC NOTEPAD,-18.849999999999998,13.0,3.0,3.0,2823.39,0.006632092997072731,0.006944444444444444,1.518290598290598,9.53771812080537,0.014563136589010761,1389
22315,2820.77,2192,399,387,1.4467418546365916,200 RED + WHITE BENDY STRAWS,-6.25,5.0,2.0,2.0,2814.52,0.0022157070587109193,0.002281021897810219,1.2868476277372263,7.288811369509044,0.014517384843221296,1390
84519A,2812.0600000000004,1207,205,203,2.983804878048781,TOMATO CHARLIE+LOLA COASTER SET,0.0,0.0,0.0,0.0,2812.0600000000004,0.0,0.0,2.329792874896438,13.852512315270937,0.014504696083960633,1391
22651,2806.44,3249,289,270,1.1698269896193771,GENTLEMAN SHIRT REPAIR KIT ,0.0,0.0,0.0,0.0,2806.44,0.0,0.0,0.8637857802400739,10.394222222222222,0.014475707942885455,1392
22145,2815.66,1336,202,197,2.3672772277227723,CHRISTMAS CRAFT HEART STOCKING ,-12.600000000000001,6.0,2.0,2.0,2803.06,0.004474972120213379,0.004491017964071856,2.1075299401197602,14.292690355329949,0.01445827379398259,1393
84909A,2797.55,209,30,30,17.176666666666666,PINK PAISLEY QUILT ,0.0,0.0,0.0,0.0,2797.55,0.0,0.0,13.385406698564594,93.25166666666668,0.014429853036451593,1394
22482,2796.93,2365,228,214,1.2478070175438596,BLUE TEA TOWEL CLASSIC DESIGN,0.0,0.0,0.0,0.0,2796.93,0.0,0.0,1.1826342494714588,13.069766355140187,0.014426655056475326,1395
22161,2824.35,6837,519,489,0.7019460500963391,HEART DECORATION RUSTIC HANGING ,-28.880000000000003,88.0,2.0,2.0,2795.47,0.010225361587621933,0.012871142313880356,0.41309784993418164,5.775766871165644,0.014419124329434445,1396
21360,2810.31,443,102,100,10.090294117647058,JOY LARGE WOOD LETTERS,-19.9,2.0,1.0,1.0,2790.41,0.00708106934822137,0.004514672686230248,6.343814898419865,28.103099999999998,0.014393024686402345,1397
22155,2810.7,6226,371,340,0.5635849056603773,STAR DECORATION RUSTIC,-22.26,53.0,3.0,3.0,2788.4399999999996,0.007919735297256912,0.00851268872470286,0.4514455509155155,8.266764705882352,0.014382863362929373,1398
85015,2787.89,2923,261,254,1.8537164750957855,SET OF 12  VINTAGE POSTCARD SET,0.0,0.0,0.0,0.0,2787.89,0.0,0.0,0.9537769414984605,10.975944881889763,0.014380026445208496,1399
23212,2860.89,2296,191,186,1.4950261780104712,HEART WREATH DECORATION WITH BELL,-75.0,60.0,3.0,3.0,2785.89,0.026215618216708786,0.02613240418118467,1.2460322299651567,15.381129032258064,0.014369710380768931,1400
22525,2803.66,1971,340,328,1.6789117647058824,CHILDRENS GARDEN GLOVES PINK,-18.75,15.0,3.0,3.0,2784.91,0.006687686809384876,0.0076103500761035,1.4224556062912226,8.547743902439024,0.014364655509193544,1401
21796,2782.19,324,67,67,12.662089552238806,SET OF 3 RED STRIPE BASKETS,0.0,0.0,0.0,0.0,2782.19,0.0,0.0,8.587006172839507,41.52522388059702,0.014350625661555736,1402
22597,2808.99,4653,303,291,0.790957095709571,MUSICAL ZINC HEART DECORATION ,-28.9,34.0,2.0,2.0,2780.0899999999997,0.010288395473105992,0.007307113690092413,0.6036943907156672,9.652886597938144,0.014339793793894192,1403
22710,2831.78,7209,174,173,0.41597701149425287,WRAP I LOVE LONDON ,-52.5,125.0,5.0,5.0,2779.28,0.01853957581450536,0.017339436815092247,0.3928117630739354,16.368670520231216,0.014335615787796173,1404
85132B,2795.9,922,126,123,5.05015873015873,CHARLIE AND LOLA TABLE TINS,-19.9,2.0,1.0,1.0,2776.0,0.007117565005901498,0.0021691973969631237,3.0324295010845987,22.73089430894309,0.014318697442115285,1405
22217,2839.85,2390,218,214,1.4102752293577983,T-LIGHT HOLDER HANGING LACE,-70.0,56.0,3.0,3.0,2769.85,0.024649189217740373,0.023430962343096235,1.1882217573221756,13.270327102803737,0.014286975543963625,1406
21744,2782.7500000000005,923,229,217,3.197991266375546,SNOWFLAKE PORTABLE TABLE LIGHT ,-17.700000000000003,6.0,1.0,1.0,2765.0500000000006,0.006360614500044919,0.0065005417118093175,3.01489707475623,12.82373271889401,0.014262216989308673,1407
22416,2767.79,1972,178,176,1.5836516853932583,SET OF 36 DOILIES SPACEBOY DESIGN ,-8.7,6.0,1.0,1.0,2759.09,0.0031433020568757022,0.0030425963488843813,1.4035446247464503,15.726079545454546,0.01423147511727877,1408
23190,2761.9,1702,203,202,1.7966009852216749,BUNDLE OF 3 SCHOOL EXERCISE BOOKS  ,-3.3,2.0,2.0,2.0,2758.6,0.0011948296462580108,0.0011750881316098707,1.622737955346651,13.672772277227724,0.014228947681491074,1409
21693,2757.8,905,126,120,3.388492063492064,SMALL HAMMERED SILVER CANDLEPOT ,0.0,0.0,0.0,0.0,2757.8,0.0,0.0,3.0472928176795584,22.98166666666667,0.014224821255715253,1410
22650,2802.37,1839,294,282,1.8477891156462585,CERAMIC PIRATE CHEST MONEY BANK,-53.64999999999999,37.0,7.0,7.0,2748.72,0.019144509825611892,0.02011963023382273,1.5238553561718324,9.937482269503546,0.014177986323159628,1411
21728,2773.11,298,40,40,13.710249999999998,METAL MEDINA LANTERN ,-25.5,2.0,2.0,2.0,2747.61,0.00919545203760399,0.006711409395973154,9.305738255033557,69.32775000000001,0.014172260907395672,1412
84795C,2752.59,325,132,131,9.477954545454544,OCEAN STRIPE HAMMOCK ,-7.95,1.0,1.0,1.0,2744.6400000000003,0.002888188942050941,0.003076923076923077,8.469507692307692,21.012137404580155,0.014156941551702917,1413
23341,2741.35,307,121,121,9.943057851239669,PINK DINER WALL CLOCK,0.0,0.0,0.0,0.0,2741.35,0.0,0.0,8.929478827361564,22.65578512396694,0.014139971625699833,1414
22675,2775.03,2235,276,270,1.4542391304347826,FRENCH KITCHEN SIGN BLUE METAL,-35.0,28.0,4.0,4.0,2740.03,0.012612476261517893,0.012527964205816556,1.2416241610738257,10.27788888888889,0.014133163023169722,1415
23100,2739.38,2166,263,257,1.426235741444867,SILVER BELLS TABLE DECORATION,-1.25,1.0,1.0,1.0,2738.13,0.0004563076316538779,0.0004616805170821791,1.2647183748845798,10.659066147859923,0.014123362761952137,1416
22081,2805.5099999999998,1573,314,302,2.2119108280254776,RIBBON REEL FLORA + FAUNA ,-67.65,41.0,3.0,3.0,2737.8599999999997,0.024113262829218222,0.026064844246662427,1.7835410044500952,9.28976821192053,0.014121970093252792,1417
23396,2750.5299999999997,654,201,196,4.802587064676617,LE JARDIN BOTANIQUE CUSHION COVER,-15.0,4.0,1.0,1.0,2735.5299999999997,0.005453494417439549,0.0061162079510703364,4.205703363914373,14.033316326530612,0.0141099518781807,1418
21324,2875.2200000000003,1023,180,175,3.708666666666667,HANGING MEDINA LANTERN SMALL,-140.1,54.0,3.0,3.0,2735.1200000000003,0.0487267061303135,0.05278592375366569,2.8105767350928645,16.429828571428573,0.014107837084970591,1419
23147,2752.2,1868,265,261,1.5256226415094338,SINGLE ANTIQUE ROSE HOOK IVORY,-21.75,15.0,6.0,6.0,2730.45,0.0079027686941356,0.008029978586723769,1.473340471092077,10.544827586206896,0.014083749074504206,1420
15058C,2753.72,470,122,122,9.667049180327869,ICE CREAM DESIGN GARDEN PARASOL,-23.8,4.0,2.0,2.0,2729.9199999999996,0.008642854030184624,0.00851063829787234,5.858978723404255,22.571475409836065,0.014081015317427722,1421
23266,2743.82,2053,337,319,1.454005934718101,SET OF 3 WOODEN STOCKING DECORATION,-15.0,12.0,1.0,1.0,2728.82,0.005466830914564366,0.0058451047247929854,1.3364929371651242,8.601316614420064,0.014075341481985963,1422
85035C,2740.54,1365,209,197,3.2742105263157892,ROSE 3 WICK MORRIS BOX CANDLE,-12.75,3.0,1.0,1.0,2727.79,0.0046523677815321065,0.002197802197802198,2.0077216117216117,13.911370558375634,0.014070028708799589,1423
72800E,2734.87,1436,304,286,2.4999013157894736,4 IVORY DINNER CANDLES SILVER FLOCK,-9.48,12.0,1.0,1.0,2725.39,0.003466343921283279,0.008356545961002786,1.9045055710306407,9.562482517482517,0.01405764943147211,1424
22376,2721.22,543,259,246,5.26069498069498,AIRLINE BAG VINTAGE JET SET WHITE,0.0,0.0,0.0,0.0,2721.22,0.0,0.0,5.011454880294659,11.061869918699186,0.014036140437115617,1425
22101,2847.28,1934,121,116,2.327520661157025,MIRROR MOSAIC VOTIVE HOLDER,-128.46,325.0,2.0,2.0,2718.82,0.04511674299682504,0.16804550155118925,1.4722233712512927,24.54551724137931,0.014023761159788142,1426
22524,2736.2,1940,300,293,1.5799666666666667,CHILDRENS GARDEN GLOVES BLUE,-17.5,14.0,2.0,2.0,2718.7,0.006395731306191068,0.007216494845360825,1.4104123711340206,9.338566552901023,0.014023142195921767,1427
22066,2729.16,3435,280,273,1.1550714285714285,LOVE HEART TRINKET POT,-10.65,11.0,4.0,4.0,2718.5099999999998,0.0039022996086708,0.003202328966521106,0.7945152838427947,9.996923076923077,0.014022162169800007,1428
21188,2806.8,918,135,128,3.6280740740740742,3D HEARTS  HONEYCOMB PAPER GARLAND,-89.64999999999999,35.0,2.0,2.0,2717.15,0.0319402878723101,0.03812636165577342,3.0575163398692813,21.928125,0.014015147245981106,1429
21818,2714.35,4390,319,285,0.7246394984326019,GLITTER CHRISTMAS HEART ,0.0,0.0,0.0,0.0,2714.35,0.0,0.0,0.6183029612756265,9.524035087719298,0.014000704755765715,1430
23164,2718.65,578,92,92,5.579673913043479,REGENCY CAKE SLICE,-4.95,1.0,1.0,1.0,2713.7000000000003,0.001820756625531054,0.0017301038062283738,4.703546712802768,29.55054347826087,0.01399735203482286,1431
21224,2739.45,2205,324,312,1.262314814814815,SET/4 SKULL BADGES,-27.5,22.0,3.0,3.0,2711.95,0.010038511380021539,0.009977324263038548,1.2423809523809524,8.780288461538461,0.013988325478438238,1432
22495,2729.5400000000004,954,243,237,3.4380658436213993,SET OF 2 ROUND TINS CAMEMBERT ,-17.700000000000003,6.0,1.0,1.0,2711.8400000000006,0.006484609128278025,0.006289308176100629,2.8611530398322857,11.517046413502111,0.013987758094894064,1433
23489,2709.23,913,165,159,3.221454545454545,VINTAGE BELLS GARLAND,0.0,0.0,0.0,0.0,2709.23,0.0,0.0,2.9673932092004383,17.039182389937107,0.013974295630800432,1434
22436,2724.75,4273,300,289,0.6836666666666666,12 COLOURED PARTY BALLOONS,-17.55,27.0,3.0,3.0,2707.2,0.006440957886044592,0.006318745611982214,0.6376667446758717,9.428200692041523,0.013963824825394272,1435
21424,2861.6400000000003,955,142,142,4.811619718309859,WOODLAND STORAGE BOX LARGE ,-154.85000000000002,59.0,10.0,9.0,2706.7900000000004,0.05411232719699194,0.061780104712041886,2.9964816753926704,20.152394366197186,0.013961710032184165,1436
22479,2699.96,1944,218,214,1.5857798165137613,DAISY GARDEN MARKER,0.0,0.0,0.0,0.0,2699.96,0.0,0.0,1.3888683127572017,12.616635514018691,0.013926480672123051,1437
51014C,2836.42,4366,273,265,0.8349450549450549,"FEATHER PEN,COAL BLACK",-144.9,230.0,6.0,6.0,2691.52,0.051085523300498516,0.052679798442510306,0.6496610169491526,10.703471698113209,0.01388294688018809,1438
23264,2690.81,1963,314,299,1.496592356687898,SET OF 3 WOODEN SLEIGH DECORATIONS,-1.25,1.0,1.0,1.0,2689.56,0.0004645441335508639,0.0005094243504839531,1.370764136525726,8.999364548494983,0.013872837137037316,1439
21788,2745.49,3399,214,206,0.9101401869158877,KIDS RAIN MAC BLUE,-61.849999999999994,73.0,6.0,6.0,2683.64,0.02252785477273638,0.021476904972050605,0.8077346278317151,13.3276213592233,0.013842301586296206,1440
22152,2687.52,6331,254,241,0.5209448818897637,PLACE SETTING WHITE STAR,-4.62,11.0,4.0,4.0,2682.9,0.001719056974459725,0.001737482230295372,0.42450165850576527,11.151535269709543,0.013838484642453568,1441
23333,2695.45,2089,243,233,1.3329218106995884,IVORY WICKER HEART MEDIUM,-15.0,12.0,1.0,1.0,2680.45,0.005564933499044687,0.0057443752991862135,1.290306366682623,11.568454935622317,0.0138258474635151,1442
23292,2703.33,2181,223,222,1.5313004484304933,SPACEBOY CHILDRENS CUP,-26.25,21.0,6.0,6.0,2677.08,0.009710246251844946,0.009628610729023384,1.2394910591471802,12.177162162162162,0.013808464894934433,1443
90057,2675.88,1804,37,37,1.7997297297297299,DIAMANTE RING ASSORTED IN BOX.,0.0,0.0,0.0,0.0,2675.88,0.0,0.0,1.4833037694013305,72.32108108108109,0.013802275256270697,1444
22028,2683.65,6384,514,507,0.5323929961089494,PENNY FARTHING BIRTHDAY CARD,-10.08,24.0,2.0,2.0,2673.57,0.003756078475211,0.0037593984962406013,0.42037124060150377,5.29319526627219,0.013790360201842999,1445
85183B,2799.2599999999998,1775,175,171,2.462342857142857,CHARLIE & LOLA WASTEPAPER BIN FLORA,-131.25,35.0,3.0,3.0,2668.0099999999998,0.04688739166779792,0.01971830985915493,1.5770478873239435,16.369941520467833,0.013761681542701009,1446
22500,2686.9100000000003,588,203,198,5.182167487684729,SET OF 2 TINS JARDIN DE PROVENCE,-19.8,4.0,1.0,1.0,2667.11,0.007369059626113267,0.006802721088435374,4.569574829931973,13.570252525252528,0.013757039313703206,1447
22471,2678.31,643,188,176,5.88781914893617,TV DINNER TRAY AIR HOSTESS ,-11.85,3.0,2.0,2.0,2666.46,0.004424431824546076,0.004665629860031105,4.165334370139969,15.217670454545454,0.013753686592760347,1448
21742,2665.9500000000003,439,197,193,6.086142131979695,LARGE ROUND WICKER PLATTER ,0.0,0.0,0.0,0.0,2665.9500000000003,0.0,0.0,6.072779043280183,13.813212435233162,0.013751055996328261,1449
85049B,2660.8,2132,342,338,1.3159064327485381,LUSH GREENS RIBBONS,0.0,0.0,0.0,0.0,2660.8,0.0,0.0,1.2480300187617261,7.872189349112427,0.013724492130396383,1450
22190,2660.31,1428,259,242,2.363166023166023,LOCAL CAFE MUG,-2.1,1.0,1.0,1.0,2658.21,0.0007893816886002008,0.0007002801120448179,1.8629621848739495,10.993016528925619,0.013711132826947145,1451
22937,2690.7400000000002,1022,170,160,2.908470588235294,BAKING MOULD CHOCOLATE CUPCAKES,-33.15,13.0,2.0,2.0,2657.59,0.012320030920861917,0.012720156555772993,2.6328180039138944,16.817125,0.01370793484697088,1452
84754,2808.45,2211,239,218,1.5600836820083683,S/15 SILVER GLASS BAUBLES IN BAG,-155.14,146.0,2.0,2.0,2653.31,0.05524043511545514,0.06603346901854365,1.2702170963364992,12.882798165137613,0.013685858469070212,1453
21422,2655.72,3203,152,147,1.070328947368421,PORCELAIN ROSE SMALL,-3.4,4.0,2.0,2.0,2652.3199999999997,0.001280255448616571,0.001248829222603809,0.8291351857633468,18.06612244897959,0.013680752017172627,1454
23407,2709.43,265,133,133,10.68142857142857,SET OF 2 TRAYS HOME SWEET HOME,-59.699999999999996,6.0,4.0,4.0,2649.73,0.02203415478532385,0.022641509433962263,10.224264150943396,20.371654135338346,0.013667392713723393,1455
22713,2655.65,6173,379,368,0.5597889182058048,CARD I LOVE LONDON ,-8.4,20.0,2.0,2.0,2647.25,0.0031630674222883287,0.0032399157621901833,0.430204114693018,7.2164402173913045,0.013654600793818332,1456
21923,2662.64,337,119,119,8.58436974789916,RED/CREAM STRIPE FRINGE HAMMOCK,-15.9,2.0,2.0,2.0,2646.74,0.005971516990655891,0.005934718100890208,7.901008902077151,22.375126050420167,0.013651970197386244,1457
22735,2646.1,1484,254,231,2.3549606299212598,RIBBON REEL SOCKS AND MITTENS,0.0,0.0,0.0,0.0,2646.1,0.0,0.0,1.7830862533692722,11.454978354978355,0.013648669056765582,1458
72799E,2678.57,1258,187,178,2.94620320855615,IVORY PILLAR CANDLE SILVER FLOCK,-35.400000000000006,12.0,2.0,1.0,2643.17,0.013216007048537095,0.009538950715421303,2.1292289348171702,15.04814606741573,0.013633556022361621,1459
85034B,2640.64,1191,156,152,3.3076923076923075,3 WHITE CHOC MORRIS BOXED CANDLES,0.0,0.0,0.0,0.0,2640.64,0.0,0.0,2.2171620486985724,17.372631578947367,0.013620506200845572,1460
22758,2655.93,2459,331,314,1.5389123867069485,LARGE PURPLE BABUSHKA NOTEBOOK  ,-22.5,18.0,3.0,3.0,2633.43,0.00847160881499136,0.0073200488003253355,1.080085400569337,8.458375796178343,0.013583316788540942,1461
85049F,2662.75,2133,324,314,1.3115432098765432,BABY BOOM RIBBONS ,-31.25,25.0,2.0,2.0,2631.5,0.011735987231245892,0.011720581340834505,1.248359118612283,8.480095541401274,0.013573361786356762,1462
21897,2641.36,866,108,106,3.107037037037037,POTTING SHED CANDLE CITRONELLA,-14.750000000000002,5.0,2.0,2.0,2626.61,0.005584244480116304,0.005773672055427252,3.0500692840646653,24.918490566037736,0.013548139008802031,1463
22094,2695.32,3592,349,339,1.3141547277936962,RED RETROSPOT TISSUE BOX,-73.72,92.0,8.0,8.0,2621.6000000000004,0.027351112298354182,0.025612472160356347,0.7503674832962138,7.950796460176992,0.013522297267380922,1464
21204,2686.35,1609,208,205,1.9985576923076922,DAISIES  HONEYCOMB GARLAND ,-71.25,49.0,2.0,2.0,2615.1,0.026522977273996315,0.030453697949036667,1.669577377252952,13.104146341463414,0.013488770057952336,1465
21808,2764.28,1014,148,144,3.6035810810810815,"CHRISTMAS GARLAND STARS,TREES",-155.0,46.0,5.0,4.0,2609.28,0.0560724673332658,0.045364891518737675,2.726114398422091,19.19638888888889,0.013458750310433204,1466
22313,3255.2200000000003,1022,143,137,4.236433566433567,OFFICE MUG WARMER PINK,-647.4,252.0,2.0,2.0,2607.82,0.19888056721204708,0.2465753424657534,3.185146771037182,23.7607299270073,0.013451219583392323,1467
22231,2753.08,2163,306,297,1.5529738562091502,JIGSAW TREE WITH BIRDHOUSE,-150.15,107.0,18.0,18.0,2602.93,0.05453891641361675,0.04946833102172908,1.272806287563569,9.269629629629629,0.013425996805837585,1468
84849D,2641.93,1572,264,260,1.893371212121212,HOT BATHS SOAP HOLDER,-40.56,24.0,3.0,3.0,2601.37,0.01535241281941611,0.015267175572519083,1.6806170483460559,10.16126923076923,0.013417950275574724,1469
22046,2613.5,6375,208,208,0.41846153846153844,TEA PARTY  WRAPPING PAPER ,-14.28,34.0,2.0,2.0,2599.22,0.005463937248899943,0.005333333333333333,0.4099607843137255,12.564903846153847,0.013406860506302194,1470
21171,2599.0299999999997,1858,263,260,1.68,BATHROOM METAL SIGN ,0.0,0.0,0.0,0.0,2599.0299999999997,0.0,0.0,1.398832077502691,9.99626923076923,0.013405880480180436,1471
37502,2599.7900000000004,868,173,171,3.311387283236994,TEA TIME MUG IN GIFT BOX,-2.95,1.0,1.0,1.0,2596.8400000000006,0.0011347070340296714,0.001152073732718894,2.995149769585254,15.203450292397664,0.013394584389619116,1472
23054,2604.93,295,130,130,9.533076923076923,RECYCLED ACAPULCO MAT LAVENDER,-8.25,1.0,1.0,1.0,2596.68,0.0031670716679526897,0.003389830508474576,8.830271186440678,20.037923076923075,0.013393759104463946,1473
47585A,2612.88,1084,148,148,4.460067567567568,PINK FAIRY CAKE CUSHION COVER,-18.75,13.0,2.0,2.0,2594.13,0.007175989712501148,0.011992619926199263,2.410405904059041,17.654594594594595,0.013380606122303504,1474
22439,2641.89,3956,378,363,0.7315343915343915,6 ROCKET BALLOONS ,-48.75,75.0,5.0,5.0,2593.14,0.018452698636203628,0.018958543983822043,0.6678185035389281,7.2779338842975205,0.013375499670405919,1475
22415,2591.7000000000003,326,210,204,7.95,WHITE TISSUE REAM,0.0,0.0,0.0,0.0,2591.7000000000003,0.0,0.0,7.950000000000001,12.704411764705883,0.013368072104009435,1476
85035B,2586.01,996,137,131,3.936934306569343,CHOCOLATE 3 WICK MORRIS BOX CANDLE,0.0,0.0,0.0,0.0,2586.01,0.0,0.0,2.5963955823293174,19.74053435114504,0.013338722900678874,1477
21215,2603.45,4497,299,291,0.8732441471571907,IVORY PAPER CUP CAKE CASES ,-17.64,42.0,1.0,1.0,2585.81,0.006775624651904205,0.009339559706470981,0.5789303980431398,8.94656357388316,0.013337691294234915,1478
47503J,2727.1,346,76,74,10.82421052631579,SET/3 FLORAL GARDEN TOOLS IN BAG,-151.05,19.0,3.0,3.0,2576.0499999999997,0.05538850793883613,0.05491329479768786,7.881791907514451,36.8527027027027,0.013287348899769841,1479
20960,2570.92,1908,220,215,1.6649545454545454,WATERMELON BATH SPONGE,0.0,0.0,0.0,0.0,2570.92,0.0,0.0,1.3474423480083857,11.957767441860465,0.013260888194482361,1480
82597,2569.6600000000003,1210,217,215,2.577926267281106,BOMBS AWAY METAL SIGN,-5.890000000000001,3.0,2.0,2.0,2563.7700000000004,0.002292132033031607,0.0024793388429752068,2.1236859504132233,11.951906976744187,0.01322400826411092,1481
22146,2633.13,1413,109,107,2.0039449541284404,EASTER CRAFT IVY WREATH WITH CHICK,-77.7,46.0,2.0,2.0,2555.4300000000003,0.029508607626664844,0.03255484784147204,1.8635031847133758,24.60869158878505,0.013180990275397935,1482
90062,2629.67,207,113,109,12.662566371681415,CARNIVAL BRACELET,-76.5,6.0,5.0,4.0,2553.17,0.029091102685888343,0.028985507246376812,12.703719806763285,24.1254128440367,0.013169333122581227,1483
21589,2583.4500000000003,1119,89,88,2.5044943820224717,SWALLOW GIANT TUBE MATCHES,-30.6,12.0,1.0,1.0,2552.8500000000004,0.011844626371712245,0.010723860589812333,2.3087131367292226,29.357386363636365,0.013167682552270897,1484
85034C,2638.12,1321,208,197,2.9547115384615386,3 ROSE MORRIS BOXED CANDLES,-85.75,23.0,6.0,6.0,2552.37,0.03250420754173427,0.0174110522331567,1.9970628311884935,13.391472081218273,0.013165206696805399,1485
82567,2553.63,1228,497,489,2.192072434607646,"AIRLINE LOUNGE,METAL SIGN",-2.1,1.0,1.0,1.0,2551.53,0.0008223587598829901,0.0008143322475570033,2.0795032573289904,5.222147239263804,0.013160873949740786,1486
21653,2565.67,1246,115,111,2.266086956521739,GLASS ETCHED T-LIGHT HOLDER LARGE,-14.7,7.0,2.0,2.0,2550.9700000000003,0.005729497558142707,0.0056179775280898875,2.059125200642055,23.114144144144145,0.013157985451697706,1487
20668,2550.65,21748,390,367,0.16748717948717948,DISCO BALL CHRISTMAS DECORATION,-0.36,3.0,2.0,2.0,2550.29,0.00014114049359967065,0.00013794371896266324,0.117282048924039,6.95,0.013154477989788253,1488
22270,2638.67,685,158,153,4.247405063291139,HAPPY EASTER HANGING DECORATION,-96.78,26.0,7.0,7.0,2541.89,0.036677568623586884,0.03795620437956204,3.8520729927007302,17.2462091503268,0.013111150519142084,1489
21898,2538.8100000000004,827,117,113,3.0016239316239317,POTTING SHED ROSE CANDLE,0.0,0.0,0.0,0.0,2538.8100000000004,0.0,0.0,3.069903264812576,22.467345132743365,0.013095263779905157,1490
20787,2535.1,69,32,30,38.021875,BLUE RETRO BAR STOOL,0.0,0.0,0.0,0.0,2535.1,0.0,0.0,36.74057971014493,84.50333333333333,0.013076127480369761,1491
84012,2633.53,1839,181,179,1.7437569060773481,MAGIC SHEEP WOOL GROWING FROM PAPER,-102.0,120.0,1.0,1.0,2531.53,0.038731284625578594,0.06525285481239804,1.4320445894507885,14.71245810055866,0.013057713305345142,1492
23681,2525.04,1576,133,132,1.8662406015037591,LUNCH BAG RED VINTAGE DOILY,0.0,0.0,0.0,0.0,2525.04,0.0,0.0,1.6021827411167513,19.12909090909091,0.013024237676238754,1493
21288,2586.9900000000002,990,227,224,3.36215859030837,STRIPEY CHOCOLATE NESTING BOXES,-64.15,25.0,2.0,2.0,2522.84,0.024797158087197863,0.025252525252525252,2.613121212121212,11.549062500000002,0.013012890005355233,1494
21680,2543.95,2927,276,268,1.1394927536231885,WOODLAND  STICKERS,-25.5,30.0,1.0,1.0,2518.45,0.010023781913952713,0.010249402118209771,0.8691322172873248,9.492350746268656,0.01299024624391039,1495
22742,2516.63,1013,188,180,3.134468085106383,MAKE YOUR OWN PLAYTIME CARD KIT,-5.9,2.0,1.0,1.0,2510.73,0.0023444050178214517,0.0019743336623889436,2.484333662388944,13.981277777777779,0.01295042623517367,1496
21431,2511.3599999999997,1483,279,278,1.9398924731182796,GREEN GINGHAM FLOWER JEWELLERY BOX,-3.3,2.0,2.0,2.0,2508.0599999999995,0.0013140290519877676,0.0013486176668914363,1.6934322319622386,9.0336690647482,0.01293665428914685,1497
23424,2509.62,462,135,135,6.186740740740741,GINGHAM RECIPE BOOK BOX,-4.95,1.0,1.0,1.0,2504.67,0.0019724101656824543,0.0021645021645021645,5.432077922077922,18.589777777777776,0.012919168559921793,1498
21616,2499.83,1163,199,191,2.4853266331658292,4 PEAR BOTANICAL DINNER CANDLES,0.0,0.0,0.0,0.0,2499.83,0.0,0.0,2.1494668959587275,13.088115183246073,0.012894203683978046,1499
21323,2506.89,740,80,80,5.57325,HANGING MEDINA LANTERN LARGE,-12.75,3.0,1.0,1.0,2494.14,0.005085983030767206,0.004054054054054054,3.387689189189189,31.336125,0.012864854480647484,1500
23316,2501.64,250,110,110,11.109454545454545,RED REFECTORY CLOCK ,-9.95,1.0,1.0,1.0,2491.69,0.003977390831614461,0.004,10.00656,22.742181818181816,0.012852217301709018,1501
85054,2506.8300000000004,919,210,204,3.500095238095238,FRENCH ENAMEL POT W LID,-20.200000000000003,8.0,5.0,5.0,2486.6300000000006,0.008057985583386188,0.008705114254624592,2.7277801958650714,12.288382352941179,0.012826117658676925,1502
21262,2574.2200000000003,637,143,132,6.155174825174826,WHITE GOOSE FEATHER CHRISTMAS TREE ,-88.45,11.0,5.0,5.0,2485.7700000000004,0.03435992261733651,0.01726844583987441,4.0411616954474106,19.50166666666667,0.01282168175096791,1503
23146,2645.2599999999998,798,231,227,3.5144155844155844,TRIPLE HOOK ANTIQUE IVORY ROSE,-164.1,50.0,22.0,22.0,2481.16,0.06203548989513318,0.06265664160401002,3.3148621553884707,11.653127753303965,0.012797903222434712,1504
23367,2491.2,3278,285,282,0.7566666666666667,SET 12 COLOUR PENCILS SPACEBOY ,-10.4,16.0,1.0,1.0,2480.7999999999997,0.004174694926140013,0.004881025015253203,0.7599755948749237,8.83404255319149,0.012796046330835588,1505
21809,2479.25,3045,220,207,1.2669090909090908,CHRISTMAS HANGING TREE WITH BELL,0.0,0.0,0.0,0.0,2479.25,0.0,0.0,0.8142036124794746,11.977053140096618,0.01278805138089493,1506
22676,2488.77,1845,311,305,1.5985852090032153,FRENCH BLUE METAL DOOR SIGN 1,-13.75,11.0,2.0,2.0,2475.02,0.005524817480120702,0.005962059620596206,1.3489268292682928,8.159901639344262,0.01276623290460525,1507
84509B,2486.54,657,202,196,4.271881188118812,SET OF 4 FAIRY CAKE PLACEMATS,-15.0,4.0,1.0,1.0,2471.54,0.006032478866215705,0.0060882800608828,3.7846879756468796,12.686428571428571,0.01274828295248041,1508
85041,2489.87,1853,95,92,1.7864210526315787,SET/4 PINK ORCHID CANDLES IN BOWL,-23.1,14.0,3.0,3.0,2466.77,0.009277592806050117,0.007555315704263357,1.3436967080410145,27.063804347826085,0.012723679138792047,1509
22911,2504.5,870,173,164,3.2073410404624276,PAPER CHAIN KIT LONDON,-41.300000000000004,14.0,5.0,4.0,2463.2,0.01649031742862847,0.016091954022988506,2.878735632183908,15.271341463414634,0.012705264963767424,1510
22540,2464.09,6286,198,189,0.500050505050505,MINI JIGSAW CIRCUS PARADE ,-1.26,3.0,2.0,2.0,2462.83,0.000511344958990946,0.0004772510340439071,0.3919965001590837,13.037513227513228,0.012703356491846104,1511
22829,2548.17,249,123,118,10.951138211382114,SWEETHEART WIRE WALL TIDY,-87.9,10.0,2.0,2.0,2460.27,0.03449534371725591,0.040160642570281124,10.233614457831326,21.594661016949154,0.012690151929363463,1512
84509F,2456.1,2781,46,46,3.9371739130434786,SET OF 4 NEW ENGLAND PLACEMATS,0.0,0.0,0.0,0.0,2456.1,0.0,0.0,0.8831715210355987,53.393478260869564,0.012668642935006972,1513
21203,2527.0,1539,148,145,2.0413513513513513,BUTTERFLIES  HONEYCOMB GARLAND,-71.25,49.0,2.0,2.0,2455.75,0.02819548872180451,0.03183885640025991,1.6419753086419753,17.427586206896553,0.012666837623730049,1514
21106,2455.09,801,175,169,3.699257142857143,CREAM SLICE FLANNEL CHOCOLATE SPOT ,0.0,0.0,0.0,0.0,2455.09,0.0,0.0,3.0650312109862674,14.52715976331361,0.012663433322464992,1515
85206B,2477.2999999999997,1538,184,183,1.8157065217391304,PINK FELT EASTER EGG BASKET,-23.1,14.0,3.0,3.0,2454.2,0.009324667985306585,0.009102730819245773,1.6107282184655394,13.537158469945354,0.012658842673789384,1516
22021,2469.91,1437,239,233,1.7885355648535564,BLUE FELT EASTER EGG BASKET,-19.8,12.0,1.0,1.0,2450.1099999999997,0.008016486430679662,0.008350730688935281,1.718796102992345,10.600472103004291,0.012637746322010474,1517
22789,2451.36,1252,203,196,2.1353201970443347,T-LIGHT HOLDER SWEETHEART HANGING,-1.95,1.0,1.0,1.0,2449.4100000000003,0.0007954767965537496,0.0007987220447284345,1.9579552715654953,12.506938775510205,0.012634135699456631,1518
21439,2880.09,2288,249,240,1.5622489959839359,BASKET OF TOADSTOOLS,-432.48,408.0,1.0,1.0,2447.61,0.1501619741049759,0.17832167832167833,1.2587805944055945,12.000375,0.012624851241461022,1519
21792,2531.45,495,142,141,6.021830985915493,CLASSIC FRENCH STYLE BASKET GREEN ,-84.95,13.0,6.0,6.0,2446.5,0.03355784234332102,0.026262626262626262,5.114040404040404,17.95354609929078,0.012619125825697063,1520
22852,2467.11,565,160,160,4.54825,DOG BOWL VINTAGE CREAM,-21.25,5.0,2.0,2.0,2445.86,0.008613316795765085,0.008849557522123894,4.366566371681416,15.4194375,0.012615824685076403,1521
23352,2459.2,1800,213,212,1.511643192488263,ROLL WRAP 50'S RED CHRISTMAS ,-15.0,12.0,1.0,1.0,2444.2,0.006099544567338973,0.006666666666666667,1.3662222222222222,11.6,0.012607262351591562,1522
22153,2512.57,5793,306,283,0.5535294117647058,ANGEL DECORATION STARS ON DRESS,-69.72,166.0,5.0,5.0,2442.8500000000004,0.02774848063934537,0.0286552736060763,0.43372518556879,8.87833922261484,0.01260029900809486,1523
84795B,2442.69,306,98,96,8.94265306122449,SUNSET CHECK HAMMOCK,0.0,0.0,0.0,0.0,2442.69,0.0,0.0,7.982647058823529,25.4446875,0.012599473722939692,1524
22828,2730.0,18,12,11,155.0,REGENCY MIRROR WITH SHUTTERS,-290.0,2.0,1.0,1.0,2440.0,0.10622710622710622,0.1111111111111111,151.66666666666666,248.1818181818182,0.012585598616268479,1525
22091,2508.42,3191,331,324,1.2751057401812689,EMPIRE TISSUE BOX,-68.75,55.0,4.0,4.0,2439.67,0.027407690897058707,0.01723597618301473,0.7860921341272329,7.742037037037037,0.01258389646563595,1526
21823,2474.14,2482,233,212,1.3363090128755366,PAINTED METAL HEART WITH HOLLY BELL,-34.8,24.0,1.0,1.0,2439.3399999999997,0.01406549346439571,0.009669621273166801,0.9968331990330378,11.670471698113207,0.01258219431500342,1527
84840,2481.76,285,143,140,9.17,SWEETHEART CARRY-ALL BASKET,-42.5,5.0,3.0,2.0,2439.26,0.017124943588421117,0.017543859649122806,8.707929824561404,17.726857142857146,0.012581781672425843,1528
21330,2454.0699999999997,1452,203,201,2.2783251231527095,WOODLAND ANIMAL  WRITING SET ,-14.85,9.0,1.0,1.0,2439.22,0.006051172134454193,0.006198347107438017,1.6901308539944901,12.209303482587064,0.012581575351137048,1529
22342,2531.33,1820,233,230,2.055965665236051,HOME GARLAND PAINTED ZINC ,-96.3,70.0,6.0,6.0,2435.0299999999997,0.038043242090126536,0.038461538461538464,1.3908406593406593,11.005782608695652,0.01255996319613616,1530
21462,2465.91,419,175,171,6.875942857142857,"NURSERY A,B,C PAINTED LETTERS",-40.5,6.0,6.0,6.0,2425.41,0.0164239570787255,0.014319809069212411,5.885226730310262,14.420526315789473,0.012510342926181856,1531
22566,2422.1499999999996,2890,314,297,0.9881210191082802,FELTCRAFT HAIRBAND PINK AND PURPLE,0.0,0.0,0.0,0.0,2422.1499999999996,0.0,0.0,0.838114186851211,8.155387205387203,0.012493527741145365,1532
22306,2450.37,1692,170,163,2.059705882352941,SILVER MUG BONE CHINA TREE OF LIFE,-28.7,17.0,4.0,4.0,2421.67,0.011712516885205092,0.01004728132387707,1.448209219858156,15.032944785276072,0.012491051885679873,1533
22613,2429.07,3061,283,273,0.9669964664310953,PACK OF 20 SPACEBOY NAPKINS,-8.5,10.0,1.0,1.0,2420.57,0.00349928161806782,0.003266906239790918,0.7935543939888926,8.897692307692308,0.01248537805023811,1534
22448,2440.13,757,124,121,3.683709677419355,PIN CUSHION BABUSHKA RED,-20.1,6.0,1.0,1.0,2420.03,0.008237266047300759,0.007926023778071334,3.223421400264201,20.166363636363638,0.01248259271283943,1535
85116,2480.9,2040,197,181,1.5695431472081218,BLACK CANDELABRA T-LIGHT HOLDER,-63.00000000000001,30.0,2.0,2.0,2417.9,0.025394010238220004,0.014705882352941176,1.216127450980392,13.706629834254144,0.012471606104211294,1536
22537,2437.32,5897,368,350,0.49016304347826084,MAGIC DRAWING SLATE DINOSAUR,-20.16,48.0,1.0,1.0,2417.1600000000003,0.00827138004037221,0.008139732067152789,0.4133152450398508,6.963771428571429,0.012467789160368656,1537
21642,2584.37,4420,265,251,0.8863396226415095,ASSORTED TUTTI FRUTTI PEN,-172.33999999999997,266.0,15.0,15.0,2412.0299999999997,0.06668549781958465,0.060180995475113123,0.5846990950226244,10.296294820717131,0.01244132845508117,1538
21973,2428.73,1676,211,210,1.7939810426540284,SET OF 36 MUSHROOM PAPER DOILIES,-18.849999999999998,13.0,2.0,2.0,2409.88,0.007761257941393237,0.007756563245823389,1.4491229116945108,11.565380952380952,0.01243023868580864,1539
21274,2420.69,175,106,105,14.656037735849056,EMBOSSED HEART 3 DRAWER SHELF,-12.75,1.0,1.0,1.0,2407.94,0.005267093266795831,0.005714285714285714,13.832514285714286,23.054190476190477,0.012420232103302264,1540
21924,2486.6600000000003,315,124,123,8.614596774193549,BLUE/CREAM STRIPE FRINGE HAMMOCK,-79.5,10.0,3.0,3.0,2407.1600000000003,0.031970595095429204,0.031746031746031744,7.894158730158731,20.216747967479677,0.012416208838170835,1541
23406,2422.6600000000003,456,111,111,7.10990990990991,HOME SWEET HOME KEY HOLDER,-18.75,3.0,2.0,2.0,2403.9100000000003,0.007739426910916099,0.006578947368421052,5.312850877192983,21.82576576576577,0.01239944523345654,1542
22986,2410.9,5845,206,204,0.4193203883495145,GINGHAM ROSE WRAP,-10.5,25.0,1.0,1.0,2400.4,0.004355220042307852,0.00427715996578272,0.41247219846022243,11.818137254901961,0.012381340540365106,1543
21187,2399.42,1440,158,144,2.0178481012658227,WHITE BELL HONEYCOMB PAPER GARLAND ,0.0,0.0,0.0,0.0,2399.42,0.0,0.0,1.666263888888889,16.66263888888889,0.012376285668789719,1544
23400,2409.34,461,108,107,6.854074074074074,SHELF WITH 4 HOOKS HOME SWEET HOME,-12.5,2.0,1.0,1.0,2396.84,0.00518814281089427,0.004338394793926247,5.226334056399133,22.517196261682244,0.01236297794566268,1545
85036A,2401.96,622,173,165,4.131502890173411,GARDENIA 1 WICK MORRIS BOXED CANDLE,-5.5,2.0,2.0,2.0,2396.46,0.0022897966660560543,0.003215434083601286,3.8616720257234727,14.557333333333334,0.012361017893419165,1546
22321,2393.22,2584,314,305,1.2280254777070063,BIRD DECORATION RED RETROSPOT,-0.85,1.0,1.0,1.0,2392.37,0.0003551700219787567,0.0003869969040247678,0.9261687306501547,7.846622950819672,0.012339921541640254,1547
21741,2394.07,733,197,190,3.8379695431472083,COSY SLIPPER SHOES LARGE GREEN,-2.55,1.0,1.0,1.0,2391.52,0.0010651317630645718,0.001364256480218281,3.2661255115961803,12.600368421052632,0.012335537214253438,1548
10133,2402.97,3871,297,289,0.7512457912457913,COLOURING PENCILS BROWN TUBE,-12.7,20.0,2.0,2.0,2390.27,0.00528512632284215,0.005166623611469905,0.6207620769826918,8.31477508650519,0.012329089673978713,1549
23265,2404.79,1769,305,293,1.4839016393442621,SET OF 3 WOODEN TREE DECORATIONS,-18.75,15.0,2.0,2.0,2386.04,0.00779693861002416,0.008479366873940079,1.359406444318824,8.207474402730375,0.012307271197689035,1550
22973,2423.53,1422,167,155,2.034071856287425,CHILDREN'S CIRCUS PARADE MUG,-39.199999999999996,24.0,6.0,6.0,2384.3300000000004,0.016174753355642387,0.016877637130801686,1.704310829817159,15.63567741935484,0.012298450962593209,1551
21789,2461.64,2947,224,218,0.9401339285714286,KIDS RAIN MAC PINK,-78.19999999999999,92.0,5.0,5.0,2383.44,0.03176743959311678,0.031218187987784186,0.8353036986766202,11.291926605504587,0.0122938603139176,1552
22421,2397.37,4814,427,406,0.5912646370023419,LIPSTICK PEN FUSCHIA,-18.6,45.0,5.0,5.0,2378.77,0.007758502025135879,0.009347735770668882,0.4979995845450768,5.904852216748768,0.012269772303451217,1553
85059,2403.64,702,214,211,4.291355140186916,FRENCH ENAMEL WATER BASIN,-30.0,10.0,4.0,4.0,2373.64,0.012481070376595498,0.014245014245014245,3.4239886039886036,11.391658767772512,0.012243311598163735,1554
47570,2373.01,220,79,78,12.235696202531646,ENGLISH ROSE TABLE CLOTH,0.0,0.0,0.0,0.0,2373.01,0.0,0.0,10.786409090909093,30.42320512820513,0.012240062037865275,1555
23498,2372.68,1640,102,99,1.657941176470588,CLASSIC BICYCLE CLIPS ,0.0,0.0,0.0,0.0,2372.68,0.0,0.0,1.4467560975609755,23.966464646464644,0.012238359887232743,1556
23437,2373.63,1939,131,131,1.4238931297709925, 50'S CHRISTMAS GIFT BAG LARGE,-2.5,2.0,1.0,1.0,2371.13,0.0010532391316254008,0.0010314595152140279,1.2241516245487365,18.119312977099238,0.012230364937292081,1557
85034A,2407.32,856,146,135,3.906027397260274,3 GARDENIA MORRIS BOXED CANDLES,-37.75,11.0,5.0,5.0,2369.57,0.01568133858398551,0.012850467289719626,2.8122897196261682,17.832,0.01222231840702922,1558
35001G,2406.1,758,107,103,4.1976635514018685,HAND OPEN SHAPE GOLD,-37.29,11.0,2.0,2.0,2368.81,0.01549810897302689,0.014511873350923483,3.1742744063324535,23.360194174757282,0.012218398302542186,1559
22453,2390.2700000000004,866,150,144,2.8764000000000003,MEASURING TAPE BABUSHKA BLUE,-23.6,8.0,3.0,3.0,2366.6700000000005,0.009873361586766348,0.009237875288683603,2.76012702078522,16.599097222222227,0.012207360113591855,1560
22642,2366.32,996,148,141,2.582837837837838,SET OF 4 NAPKIN CHARMS STARS   ,0.0,0.0,0.0,0.0,2366.32,0.0,0.0,2.375823293172691,16.78241134751773,0.01220555480231493,1561
23028,2377.13,1369,138,137,1.9253623188405797,DRAWER KNOB CRACKLE GLAZE BLUE,-11.55,7.0,3.0,3.0,2365.58,0.004858800318030566,0.005113221329437546,1.7363988312636962,17.35131386861314,0.01220173785847229,1562
22246,2387.13,1111,195,188,2.7333846153846153,MAGIC GARDEN FELT GARLAND ,-23.4,12.0,1.0,1.0,2363.73,0.00980256626157771,0.010801080108010801,2.148631863186319,12.6975,0.012192195498865693,1563
22990,2917.43,633,166,164,5.315301204819277,COTTON APRON PANTRY DESIGN,-553.6999999999999,126.0,11.0,11.0,2363.73,0.1897903291595685,0.1990521327014218,4.6088941548183255,17.78920731707317,0.012192195498865693,1564
21468,2368.89,671,147,142,4.015170068027211,BUTTERFLY CROCHET FOOD COVER,-7.5,2.0,2.0,2.0,2361.39,0.0031660397907880907,0.0029806259314456036,3.5303874813710876,16.68232394366197,0.012180125703471403,1565
21126,2367.98,2339,292,285,1.3402397260273973,SET OF 6 GIRLS CELEBRATION CANDLES,-17.5,14.0,2.0,2.0,2350.48,0.0073902651204824366,0.005985463873450192,1.0123899102180418,8.308701754385964,0.01212385157195358,1566
23436,2367.39,1979,114,114,1.4442982456140352,VINTAGE CHRISTMAS GIFT BAG LARGE ,-18.75,15.0,2.0,2.0,2348.64,0.007920114556536946,0.007579585649317837,1.196255684689237,20.76657894736842,0.01211436079266918,1567
21824,2379.0899999999997,2800,225,211,1.1369333333333334,PAINTED METAL STAR WITH HOLLY BELLS,-34.8,24.0,1.0,1.0,2344.2899999999995,0.014627441584807638,0.008571428571428572,0.8496749999999998,11.275308056872037,0.012091923352513126,1568
85114A,2341.84,1410,107,103,1.9615887850467288,BLACK ENCHANTED FOREST PLACEMAT,0.0,0.0,0.0,0.0,2341.84,0.0,0.0,1.6608794326241136,22.736310679611652,0.012079286173574661,1569
23412,2354.8,358,77,76,7.724415584415584,HEART MIRROR ANTIQUE WHITE,-15.0,2.0,1.0,1.0,2339.8,0.006369967725496857,0.00558659217877095,6.5776536312849165,30.984210526315792,0.012068763787846307,1570
23401,2354.87,459,83,83,7.090361445783133,RUSTIC MIRROR WITH LACE HEART,-18.75,3.0,3.0,3.0,2336.12,0.00796222296772221,0.006535947712418301,5.130435729847495,28.371927710843373,0.012049782229277507,1571
85114C,2335.78,1221,174,161,1.9716666666666667,RED ENCHANTED FOREST PLACEMAT,0.0,0.0,0.0,0.0,2335.78,0.0,0.0,1.913005733005733,14.507950310559007,0.012048028498322783,1572
21437,2350.92,677,114,109,3.9735964912280703,24 HANGING EASTER EGGS FLORAL TUB,-18.75,5.0,2.0,2.0,2332.17,0.007975601041294472,0.007385524372230428,3.472555391432792,21.568073394495414,0.012029408002009368,1573
21615,2331.17,1174,173,169,2.3584393063583815,4 LAVENDER BOTANICAL DINNER CANDLES,0.0,0.0,0.0,0.0,2331.17,0.0,0.0,1.985664395229983,13.793905325443788,0.012024249969789586,1574
21873,2430.87,2065,203,199,1.6730541871921183,IF YOU CAN'T STAND THE HEAT MUG,-100.07000000000001,91.0,4.0,4.0,2330.7999999999997,0.041166331395755436,0.04406779661016949,1.1771767554479418,12.215427135678391,0.012022341497868265,1575
84536A,2346.22,5190,640,613,0.53725,ENGLISH ROSE NOTEBOOK A7 SIZE,-15.959999999999999,38.0,2.0,2.0,2330.2599999999998,0.006802431144564448,0.007321772639691715,0.4520655105973025,3.827438825448613,0.012019556160469584,1576
85199L,2344.15,3545,281,272,0.834270462633452,LARGE HANGING IVORY & RED WOOD BIRD,-17.55,27.0,4.0,4.0,2326.6,0.007486722266066591,0.007616361071932299,0.6612552891396333,8.618198529411766,0.012000677762545181,1577
21947,2326.59,1691,309,298,1.7240453074433657,SET OF 6 HEART CHOPSTICKS,0.0,0.0,0.0,0.0,2326.59,0.0,0.0,1.375866351271437,7.807348993288591,0.012000626182222985,1578
22609,2424.5,7093,205,201,0.5810243902439024,PENS ASSORTED SPACEBALL,-98.64,144.0,4.0,4.0,2325.86,0.04068467725304187,0.020301705907232483,0.3418158748061469,12.062189054726367,0.011996860818702545,1579
84459B,2358.5699999999997,1480,221,213,2.1383710407239818,YELLOW METAL CHICKEN HEART ,-35.76,24.0,1.0,1.0,2322.8099999999995,0.015161729352955393,0.016216216216216217,1.5936283783783782,11.073098591549295,0.011981128820432204,1580
21708,2341.43,612,131,129,4.724274809160305,FOLDING UMBRELLA CREAM POLKADOT,-19.8,4.0,2.0,2.0,2321.6299999999997,0.008456370679456572,0.006535947712418301,3.825866013071895,18.15062015503876,0.011975042342412864,1581
22785,2318.59,427,130,122,7.372,SQUARECUSHION COVER PINK UNION FLAG,0.0,0.0,0.0,0.0,2318.59,0.0,0.0,5.429953161592506,19.004836065573773,0.011959361924464727,1582
85106,2318.44,1202,62,59,2.4529032258064514,CUT GLASS HEXAGON T-LIGHT HOLDER,0.0,0.0,0.0,0.0,2318.44,0.0,0.0,1.9288186356073211,39.295593220338986,0.01195858821963176,1583
85176,2331.38,2776,316,306,1.1518037974683544,SEWING SUSAN 21 NEEDLE SET,-13.18,16.0,4.0,4.0,2318.2000000000003,0.005653304051677546,0.005763688760806916,0.8398342939481268,7.618888888888889,0.011957350291899014,1584
16237,2337.0299999999997,10935,603,580,0.29630182421227197,SLEEPING CAT ERASERS,-19.11,91.0,3.0,3.0,2317.9199999999996,0.008177045224066443,0.008321902149062643,0.21372016460905346,4.029362068965517,0.011955906042877471,1585
22362,2460.6800000000003,764,255,253,3.8160392156862746,GLASS JAR PEACOCK BATH SALTS,-144.55,49.0,13.0,13.0,2316.13,0.05874392444364972,0.06413612565445026,3.2207853403141367,9.72600790513834,0.011946673165204062,1586
21747,2452.35,2049,154,153,1.4423376623376625,SMALL SKULL WINDMILL,-136.98000000000002,126.0,3.0,3.0,2315.37,0.055856627316655465,0.06149341142020498,1.1968521229868228,16.02843137254902,0.011942753060717027,1587
21540,2394.95,1323,87,87,4.735977011494254,DAIRY MAID CERAMIC BUTTER DISH,-81.5,20.0,10.0,10.0,2313.45,0.03402993799453016,0.015117157974300832,1.8102418745275888,27.528160919540227,0.011932849638855046,1588
22539,2313.24,5744,261,247,0.5479310344827586,MINI JIGSAW DOLLY GIRL,-0.42,1.0,1.0,1.0,2312.8199999999997,0.0001815635212948073,0.00017409470752089137,0.4027228412256267,9.365344129554655,0.011929600078556582,1589
22409,2325.48,1712,169,164,1.559585798816568,MONEY BOX BISCUITS DESIGN,-17.5,14.0,6.0,6.0,2307.98,0.007525328104305348,0.008177570093457943,1.3583411214953272,14.179756097560976,0.011904635202612838,1590
85107,2305.39,1215,73,70,2.4286301369863015,CUT GLASS T-LIGHT HOLDER OCTAGON,0.0,0.0,0.0,0.0,2305.39,0.0,0.0,1.8974403292181068,32.93414285714285,0.011891275899163601,1591
23371,2304.78,1705,186,185,1.5179032258064515,SET 36 COLOUR PENCILS SPACEBOY ,0.0,0.0,0.0,0.0,2304.78,0.0,0.0,1.351777126099707,12.45827027027027,0.011888129499509535,1592
22831,2304.0,780,143,138,3.370979020979021,WHITE BROCANTE SOAP DISH,0.0,0.0,0.0,0.0,2304.0,0.0,0.0,2.953846153846154,16.695652173913043,0.011884106234378106,1593
21804,2308.85,612,149,137,3.890939597315436,WHITE CHRISTMAS GARLAND STARS TREES,-7.5,2.0,1.0,1.0,2301.35,0.0032483704008489074,0.0032679738562091504,3.772630718954248,16.852919708029198,0.011870437448995682,1594
22251,2335.15,1884,303,298,1.5646864686468647,BIRDHOUSE DECORATION MAGIC GARDEN,-35.0,28.0,5.0,4.0,2300.15,0.014988330514099736,0.014861995753715499,1.239463906581741,7.836073825503356,0.011864247810331944,1595
17091J,2297.99,4086,189,178,0.9074074074074074,VANILLA INCENSE IN TIN,0.0,0.0,0.0,0.0,2297.99,0.0,0.0,0.5624057758198727,12.91005617977528,0.011853106460737213,1596
21826,2373.24,1825,259,240,1.4827413127413127,EIGHT PIECE DINOSAUR SET,-76.25,61.0,8.0,7.0,2296.99,0.03212907249161484,0.033424657534246574,1.3004054794520548,9.888499999999999,0.01184794842851743,1597
22133,2304.11,2508,338,327,1.2385207100591715,PINK LOVE HEART SHAPE CUP,-10.2,12.0,1.0,1.0,2293.9100000000003,0.004426871980938409,0.004784688995215311,0.9187041467304625,7.046207951070337,0.011832061689280504,1598
21819,2289.6,3896,262,248,0.717175572519084,GLITTER CHRISTMAS STAR ,0.0,0.0,0.0,0.0,2289.6,0.0,0.0,0.5876796714579056,9.23225806451613,0.011809830570413241,1599
84913A,2287.26,629,274,266,3.607773722627737,SOFT PINK ROSE TOWEL ,0.0,0.0,0.0,0.0,2287.26,0.0,0.0,3.6363434022257555,8.598721804511278,0.011797760775018953,1600
23360,2286.4,1182,116,114,2.0620689655172413,SET 8 CANDLES VINTAGE DOILY,0.0,0.0,0.0,0.0,2286.4,0.0,0.0,1.9343485617597294,20.056140350877193,0.011793324867309938,1601
85172,2348.48,4447,158,150,1.1986075949367088,HYACINTH BULB T-LIGHT CANDLES,-64.25999999999999,153.0,6.0,6.0,2284.2200000000003,0.027362379070718076,0.03440521700022487,0.5281043400044975,15.656533333333334,0.011782080357070814,1602
22933,2621.32,952,124,122,3.4843548387096774,BAKING MOULD EASTER EGG MILK CHOC,-337.80000000000007,156.0,2.0,2.0,2283.52,0.12886637266720585,0.1638655462184874,2.7534873949579834,21.486229508196722,0.011778469734516966,1603
22948,2292.77,2243,196,180,1.9624489795918367,METAL DECORATION NAUGHTY CHILDREN ,-10.2,12.0,2.0,2.0,2282.57,0.004448767211713342,0.005349977708426215,1.0221890325456977,12.73761111111111,0.011773569603908175,1604
21464,2371.75,559,221,217,4.245475113122172,DISCO BALL ROTATOR BATTERY OPERATED,-89.25,21.0,10.0,10.0,2282.5,0.03763044165700432,0.03756708407871199,4.242844364937389,10.929723502304148,0.011773208541652789,1605
22336,2296.27,4734,232,214,0.7488793103448276,DOVE DECORATION PAINTED ZINC ,-14.95,23.0,1.0,1.0,2281.32,0.006510558427362635,0.004858470637938319,0.48505914659907057,10.730233644859814,0.011767122063633445,1606
23330,2286.97,1794,223,216,1.3630044843049327,DECORATIVE WICKER HEART MEDIUM,-7.5,6.0,1.0,1.0,2279.47,0.0032794483530610373,0.0033444816053511705,1.274788182831661,10.587824074074073,0.011757579704026848,1607
21482,2296.76,740,185,184,3.6295135135135137,MUSHROOM BLUE HOT WATER BOTTLE,-17.700000000000003,6.0,1.0,1.0,2279.0600000000004,0.0077065082986467895,0.008108108108108109,3.10372972972973,12.482391304347827,0.01175546491081674,1608
85035A,2412.81,659,190,178,4.363789473684211,GARDENIA 3 WICK MORRIS BOXED CANDLE,-133.94,34.0,7.0,7.0,2278.87,0.05551203783140819,0.051593323216995446,3.661320182094082,13.555112359550561,0.01175448488469498,1609
22024,2284.75,5454,447,439,0.55834451901566,RAINY LADIES BIRTHDAY CARD,-15.120000000000001,36.0,3.0,3.0,2269.63,0.006617791880949776,0.006600660066006601,0.41891272460579393,5.204441913439635,0.011706824666984193,1610
23197,2303.5,1478,250,249,1.95224,SKETCHBOOK MAGNETIC SHOPPING LIST,-36.25,25.0,7.0,7.0,2267.25,0.015736922075103105,0.016914749661705007,1.5585250338294994,9.251004016064257,0.01169454855030111,1611
21651,2266.48,1399,130,124,1.8502307692307693,HANGING GLASS ETCHED TEALIGHT,0.0,0.0,0.0,0.0,2266.48,0.0,0.0,1.620071479628306,18.27806451612903,0.011690576865491877,1612
15056n,2259.44,180,121,116,12.556694214876034,EDWARDIAN PARASOL NATURAL,0.0,0.0,0.0,0.0,2259.44,0.0,0.0,12.552444444444445,19.477931034482758,0.011654264318664613,1613
21638,2275.61,1039,150,142,2.482466666666667,ASSORTED TUTTI FRUTTI NOTEBOOK,-16.8,8.0,1.0,1.0,2258.81,0.007382635864669253,0.007699711260827719,2.1901924927815206,16.02542253521127,0.011651014758366149,1614
23029,2303.92,1352,156,156,1.8366666666666664,DRAWER KNOB CRACKLE GLAZE GREEN,-46.199999999999996,28.0,8.0,8.0,2257.7200000000003,0.020052779610403138,0.020710059171597635,1.7040828402366865,14.76871794871795,0.011645392503246588,1615
85183A,2275.75,1512,143,141,2.3574825174825174,CHARLIE & LOLA WASTEPAPER BIN BLUE,-18.75,9.0,4.0,4.0,2257.0,0.008239042074041525,0.005952380952380952,1.5051256613756614,16.140070921985817,0.011641678720048343,1616
84818,2384.8,1789,215,214,2.043162790697674,DANISH ROSE PHOTO FRAME,-132.05,107.0,9.0,9.0,2252.75,0.05537151962428715,0.05980994969256568,1.3330352152040248,11.143925233644861,0.011619757083114269,1617
20658,2296.43,1613,368,353,1.6879891304347825,RED SPOTTY LUGGAGE TAG,-45.0,36.0,3.0,3.0,2251.43,0.019595633222001106,0.022318660880347178,1.423701177929324,6.5054674220963165,0.011612948480584155,1618
21686,2500.09,66,34,33,39.31441176470588,MEDINA STAMPED METAL STOOL,-249.64999999999998,7.0,2.0,2.0,2250.44,0.09985640516941388,0.10606060606060606,37.88015151515152,75.76030303030304,0.011607842028686572,1619
22716,2254.7,5318,459,447,0.5161873638344227,CARD CIRCUS PARADE,-5.04,12.0,1.0,1.0,2249.66,0.0022353306426575598,0.0022564874012786762,0.4239751786385859,5.04407158836689,0.011603818763555141,1620
84469,2249.41,664,44,44,5.513863636363637,ROSE DES PADDED FLOOR CUSHION,0.0,0.0,0.0,0.0,2249.41,0.0,0.0,3.387665662650602,51.12295454545454,0.011602529255500196,1621
21125,2260.14,2161,258,246,1.308875968992248,SET 6 FOOTBALL CELEBRATION CANDLES,-18.75,15.0,4.0,4.0,2241.39,0.008295946268815206,0.006941230911614993,1.0458769088385007,9.187560975609756,0.011561161837097543,1622
21398,2242.41,2299,129,126,1.9114728682170543,RED POLKADOT COFFEE  MUG,-4.2,2.0,1.0,1.0,2238.21,0.0018729848689579517,0.0008699434536755111,0.9753849499782513,17.79690476190476,0.011544759294638636,1623
23326,2237.08,3442,76,76,2.638026315789473,HANGING MINI COLOURED BOTTLES,0.0,0.0,0.0,0.0,2237.08,0.0,0.0,0.6499360836722835,29.435263157894735,0.011538930718230282,1624
23093,2239.2400000000002,939,142,142,2.7882394366197185,SMALL PARISIENNE HEART PHOTO FRAME ,-7.470000000000001,3.0,2.0,2.0,2231.7700000000004,0.0033359532698594165,0.003194888178913738,2.3847071352502667,15.769295774647889,0.01151154156714324,1625
23048,2368.37,577,102,99,4.6737254901960785,SET OF 10 LANTERNS FAIRY LIGHT STAR,-136.95,33.0,5.0,5.0,2231.42,0.05782457977427513,0.05719237435008666,4.104627383015598,23.922929292929293,0.011509736255866316,1626
21710,2265.25,730,115,110,5.025565217391305,FOLDING UMBRELLA PINKWHITE POLKADOT,-34.65,7.0,3.0,2.0,2230.6,0.015296324908950446,0.009589041095890411,3.103082191780822,20.59318181818182,0.011505506669446094,1627
23128,2258.66,448,139,139,5.266906474820144,FELTCRAFT BOY JEAN-PAUL KIT,-34.65,7.0,2.0,2.0,2224.0099999999998,0.01534095437117583,0.015625,5.0416517857142855,16.24935251798561,0.011471515237117728,1628
22069,2221.78,984,278,267,2.976726618705036,BROWN  PIRATE TREASURE CHEST ,0.0,0.0,0.0,0.0,2221.78,0.0,0.0,2.257906504065041,8.321273408239701,0.011460012825267617,1629
21696,2310.15,768,111,107,3.2701801801801804,SMALL SILVER TRELLIS CANDLEPOT,-88.50000000000001,30.0,3.0,3.0,2221.65,0.03830920070125317,0.0390625,3.0080078125000003,21.590186915887852,0.011459342281079045,1630
22514,2223.92,1092,236,233,2.348601694915254,CHILDS GARDEN SPADE BLUE,-4.2,2.0,2.0,2.0,2219.7200000000003,0.0018885571423432497,0.0018315018315018315,2.0365567765567767,9.544721030042918,0.011449387278894864,1631
23501,2217.87,1821,114,112,1.4955263157894738,KEY RING BASEBALL BOOT UNION JACK,0.0,0.0,0.0,0.0,2217.87,0.0,0.0,1.2179406919275122,19.802410714285713,0.011439844919288266,1632
23438,2209.92,1809,109,109,1.370183486238532, RED SPOT GIFT BAG LARGE,0.0,0.0,0.0,0.0,2209.92,0.0,0.0,1.2216252072968492,20.274495412844036,0.011398838563140999,1633
85045,2264.09,476,87,83,5.607701149425288,GREEN CHRISTMAS TREE STRING 20LIGHT,-54.5,12.0,4.0,4.0,2209.59,0.02407148125737051,0.025210084033613446,4.756491596638655,27.27819277108434,0.01139713641250847,1634
21681,2234.81,233,80,79,10.156375,GIANT MEDINA STAMPED METAL BOWL ,-29.849999999999998,3.0,2.0,2.0,2204.96,0.013356840178807146,0.012875536480686695,9.59145922746781,28.28873417721519,0.01137325472333088,1635
22074,2224.59,2161,295,287,1.5213559322033898,6 RIBBONS SHIMMERING PINKS ,-19.8,12.0,1.0,1.0,2204.79,0.008900516499669602,0.005552984729291994,1.0294261915779732,7.751184668989548,0.011372377857853517,1636
23064,3717.56,221,23,23,45.48739130434783,CINDERELLA CHANDELIER ,-1514.05,71.0,10.0,10.0,2203.51,0.40726982214140456,0.3212669683257919,16.821538461538463,161.63304347826087,0.011365775576612197,1637
22286,2200.75,1937,195,195,1.7414871794871793,"DECORATION , WOBBLY RABBIT , METAL ",0.0,0.0,0.0,0.0,2200.75,0.0,0.0,1.1361641713990707,11.285897435897436,0.011351539407685596,1638
17084R,2198.85,12065,67,66,0.20253731343283582,ASSORTED INCENSE PACK,0.0,0.0,0.0,0.0,2198.85,0.0,0.0,0.1822503108164111,33.31590909090909,0.01134173914646801,1639
20770,2215.81,1055,209,201,2.4755502392344497,ABSTRACT CIRCLE JOURNAL ,-20.1,10.0,2.0,2.0,2195.71,0.009071174875102108,0.009478672985781991,2.100293838862559,11.023930348258705,0.011325542925297895,1640
21617,2195.01,850,175,169,2.959257142857143,4 LILY  BOTANICAL DINNER CANDLES,0.0,0.0,0.0,0.0,2195.01,0.0,0.0,2.582364705882353,12.988224852071006,0.011321932302744048,1641
21774,2196.2599999999998,1744,381,368,2.016089238845144,DECORATIVE CATS BATHROOM BOTTLE,-1.25,1.0,1.0,1.0,2195.0099999999998,0.0005691493721144128,0.0005733944954128441,1.2593233944954128,5.9680978260869555,0.011321932302744045,1642
21195,2194.2000000000003,1017,156,150,3.0043589743589743,PINK  HONEYCOMB PAPER BALL ,0.0,0.0,0.0,0.0,2194.2000000000003,0.0,0.0,2.1575221238938056,14.628000000000002,0.011317754296646025,1643
23403,2204.11,625,135,134,4.374,LETTER HOLDER HOME SWEET HOME,-11.25,3.0,3.0,3.0,2192.86,0.00510410097499671,0.0048,3.5265760000000004,16.44858208955224,0.011310842533471517,1644
22824,2225.8500000000004,63,50,48,35.71000000000001,3 TIER SWEETHEART GARDEN SHELF,-35.95,1.0,1.0,1.0,2189.9000000000005,0.01615113327492868,0.015873015873015872,35.33095238095239,46.37187500000001,0.011295574758100961,1645
21476,2219.5099999999998,142,85,85,16.436,STEEL SWEETHEART ROUND TABLE CREAM,-29.9,2.0,2.0,2.0,2189.6099999999997,0.013471441894832644,0.014084507042253521,15.630352112676055,26.111882352941173,0.011294078928757221,1646
22711,2210.34,5377,181,181,0.41911602209944754,WRAP CIRCUS PARADE,-21.0,50.0,2.0,2.0,2189.34,0.009500800781780177,0.009298865538404314,0.4110730890831319,12.21182320441989,0.011292686260057883,1647
22853,2208.82,646,147,146,3.591224489795918,CAT BOWL VINTAGE CREAM,-19.5,6.0,1.0,1.0,2189.32,0.008828243134343224,0.009287925696594427,3.4192260061919506,15.128904109589042,0.011292583099413486,1648
21620,2210.48,1088,228,222,2.537105263157895,SET OF 4 ROSE BOTANICAL CANDLES,-22.5,6.0,1.0,1.0,2187.98,0.010178784698346061,0.0055147058823529415,2.0316911764705883,9.957117117117118,0.011285671336238978,1649
85039B,2200.0499999999997,1666,274,266,1.662846715328467,S/4 IVORY MINI ROSE CANDLE IN BOWL,-19.8,12.0,1.0,1.0,2180.2499999999995,0.008999795459194111,0.007202881152460984,1.3205582232893156,8.270864661654134,0.01124579974718006,1650
20931,2260.9300000000003,676,160,157,4.8309375,BLUE POT PLANT CANDLE ,-87.55000000000001,27.0,9.0,9.0,2173.38,0.03872300336587157,0.03994082840236687,3.3445710059171603,14.40082802547771,0.01121036406583016,1651
22182,2190.13,569,178,172,4.550449438202247,CAKE STAND VICTORIAN FILIGREE SMALL,-19.8,4.0,3.0,3.0,2170.33,0.009040559236209722,0.007029876977152899,3.84908611599297,12.733313953488373,0.011194632067559822,1652
84691,2225.5,2747,236,235,1.0269491525423728,PACK 20 DOLLY PEGS,-56.10000000000001,82.0,3.0,3.0,2169.4,0.025207818467760056,0.029850746268656716,0.8101565344011649,9.470212765957447,0.011189835097595427,1653
21611,2182.19,750,151,148,3.1227814569536427,SET OF 12 LILY BOTANICAL T-LIGHTS,-17.700000000000003,6.0,2.0,2.0,2164.4900000000002,0.008111117730353454,0.008,2.9095866666666668,14.744527027027027,0.011164509159396296,1654
22913,2179.39,462,131,122,5.546717557251909,RED COAT RACK PARIS FASHION,-19.8,4.0,2.0,2.0,2159.5899999999997,0.00908511097141861,0.008658008658008658,4.717294372294372,17.863852459016393,0.011139234801519361,1655
21421,2163.23,1807,110,105,1.5633636363636363,PORCELAIN ROSE LARGE ,-7.5,6.0,1.0,1.0,2155.73,0.0034670377167476413,0.003320420586607637,1.1971389042612064,20.602190476190476,0.011119324797151003,1656
21905,2157.87,1623,266,263,1.693045112781955,MORE BUTTER METAL SIGN ,-4.2,2.0,2.0,2.0,2153.67,0.0019463637753896206,0.0012322858903265558,1.3295563770794823,8.204828897338402,0.011108699250778254,1657
22802,2153.1,120,67,62,19.364029850746267,FAUX FUR CHOCOLATE THROW,0.0,0.0,0.0,0.0,2153.1,0.0,0.0,17.9425,34.72741935483871,0.011105759172412976,1658
22931,2152.75,900,135,129,2.8162962962962963,BAKING MOULD HEART WHITE CHOCOLATE,0.0,0.0,0.0,0.0,2152.75,0.0,0.0,2.3919444444444444,16.68798449612403,0.011103953861136053,1659
22708,2161.5,5375,161,159,0.4185093167701863,WRAP DOLLY GIRL,-10.5,25.0,1.0,1.0,2151.0,0.004857737682165163,0.004651162790697674,0.40213953488372095,13.59433962264151,0.011094927304751433,1660
22515,2159.18,1056,215,208,2.482325581395349,CHILDS GARDEN SPADE PINK,-8.4,4.0,3.0,3.0,2150.7799999999997,0.0038903657870117364,0.003787878787878788,2.04467803030303,10.380673076923076,0.01109379253766308,1661
23370,2151.6,1550,153,151,1.538627450980392,SET 36 COLOURING PENCILS DOILY,-1.25,1.0,1.0,1.0,2150.35,0.0005809630042758877,0.0006451612903225806,1.3881290322580644,14.249006622516555,0.011091574583808576,1662
22695,2145.87,1500,244,225,1.7413934426229507,WICKER WREATH SMALL,0.0,0.0,0.0,0.0,2145.87,0.0,0.0,1.43058,9.5372,0.011068466599463951,1663
23445,2161.24,2668,102,101,0.8659803921568627,ICE CREAM BUBBLES,-16.599999999999998,20.0,1.0,1.0,2144.64,0.007680775850900409,0.0074962518740629685,0.8100599700149924,21.398415841584157,0.011062122219833619,1664
22677,2158.09,1589,284,280,1.6521478873239437,FRENCH BLUE METAL DOOR SIGN 2,-13.75,11.0,2.0,2.0,2144.34,0.0063713746878026395,0.006922592825676526,1.3581434864694777,7.707464285714286,0.011060574810167685,1665
21643,2161.81,1536,210,204,1.8728571428571426,ASSORTED TUTTI FRUTTI MIRROR,-17.5,14.0,3.0,3.0,2144.31,0.008095068484279377,0.009114583333333334,1.4074283854166667,10.597107843137255,0.01106042006920109,1666
20764,2153.51,690,199,193,4.168090452261307,ABSTRACT CIRCLES SKETCHBOOK ,-15.0,4.0,1.0,1.0,2138.51,0.006965372809970698,0.005797101449275362,3.121028985507247,11.158082901554405,0.011030503482326356,1667
23252,2261.61,603,138,138,4.0390579710144925,VINTAGE RED ENAMEL TRIM JUG ,-123.75,33.0,7.0,7.0,2137.86,0.0547176568904453,0.05472636815920398,3.7505970149253733,16.388478260869565,0.011027150761383497,1668
22338,2197.35,6150,278,264,0.561474820143885,STAR DECORATION PAINTED ZINC ,-60.37,95.0,5.0,5.0,2136.98,0.027474002776071177,0.015447154471544716,0.35729268292682925,8.323295454545454,0.011022611693030088,1669
22714,2174.73,5315,364,359,0.5386263736263737,CARD BIRTHDAY COWBOY,-41.04,108.0,4.0,4.0,2133.69,0.01887130816239257,0.020319849482596426,0.4091683913452493,6.057743732590529,0.011005641767027004,1670
23161,2145.3,1715,98,98,1.593061224489796,REGENCY CAKE FORK,-15.0,12.0,1.0,1.0,2130.3,0.006992029086841001,0.006997084548104956,1.2509037900874638,21.890816326530615,0.010988156037801943,1671
85216,2162.02,2861,189,187,2.0155555555555553,ASSORTED CAKES FRIDGE MAGNETS,-31.85,49.0,4.0,4.0,2130.17,0.01473159360227935,0.017126878713736457,0.7556868227892345,11.561604278074865,0.01098748549361337,1672
23066,2137.81,259,85,85,8.921294117647058,SMALL DECO JEWELLERY STAND,-8.25,1.0,1.0,1.0,2129.56,0.0038590894419990554,0.003861003861003861,8.254092664092664,25.15070588235294,0.010984339093959303,1673
23302,2181.42,1536,233,230,1.8876394849785407,KNEELING MAT HOUSEWORK  DESIGN,-54.24,36.0,5.0,5.0,2127.1800000000003,0.024864537778144513,0.0234375,1.4201953125,9.484434782608696,0.010972062977276225,1674
23005,2126.55,4733,244,241,0.5217213114754098,TRAVEL CARD WALLET I LOVE LONDON,-0.42,1.0,1.0,1.0,2126.13,0.00019750299781335964,0.00021128248468201986,0.4493027678005494,8.823858921161827,0.010966647043445452,1675
23213,2138.42,1682,155,152,1.4865806451612902,STAR WREATH DECORATION WITH BELL,-15.0,12.0,1.0,1.0,2123.42,0.007014524742566941,0.007134363852556481,1.2713555291319858,14.068552631578948,0.010952668776129841,1676
23031,2152.3,1278,155,155,1.827290322580645,DRAWER KNOB CRACKLE GLAZE PINK,-33.0,20.0,9.0,9.0,2119.3,0.015332435069460576,0.01564945226917058,1.684115805946792,13.885806451612904,0.010931417683384341,1677
23020,2191.84,180,76,76,12.99592105263158,GLASS  SONGBIRD STORAGE JAR,-73.65,6.0,6.0,6.0,2118.19,0.033601905248558286,0.03333333333333333,12.17688888888889,28.840000000000003,0.010925692267620381,1678
22163,2291.9100000000003,1287,208,197,2.352451923076923,HEART STRING MEMO HOLDER HANGING,-179.05000000000004,79.0,5.0,5.0,2112.86,0.07812261388972518,0.061383061383061384,1.7808158508158511,11.634060913705586,0.010898199955888943,1679
85099b,2111.64,419,25,25,4.89,JUMBO BAG RED RETROSPOT,0.0,0.0,0.0,0.0,2111.64,0.0,0.0,5.039713603818615,84.4656,0.010891907156580807,1680
23046,2111.4900000000002,349,36,36,6.809444444444445,PAPER LANTERN 9 POINT DELUXE STAR,0.0,0.0,0.0,0.0,2111.4900000000002,0.0,0.0,6.050114613180517,58.6525,0.010891133451747841,1681
21359,2150.48,209,76,73,14.83065789473684,RELAX LARGE WOOD LETTERS,-39.8,4.0,4.0,4.0,2110.68,0.018507496000892822,0.019138755980861243,10.289377990430623,29.4586301369863,0.010886955445649816,1682
72799F,2110.11,1134,111,102,3.1072072072072077,IVORY PILLAR CANDLE GOLD FLOCK,0.0,0.0,0.0,0.0,2110.11,0.0,0.0,1.8607671957671958,20.68735294117647,0.010884015367284542,1683
21291,2161.11,2506,160,153,0.977,SMALL POLKADOT CHOCOLATE GIFT BAG ,-56.95,67.0,5.0,5.0,2104.1600000000003,0.02635219863866254,0.026735833998403832,0.8623743016759777,14.124901960784314,0.010853325075576839,1684
23079,2225.45,251,107,106,8.936915887850466,TOADSTOOL BEDSIDE LIGHT ,-125.3,14.0,7.0,7.0,2100.1499999999996,0.056303219573569395,0.055776892430278883,8.86633466135458,20.994811320754714,0.010832641366375509,1685
84854,2104.2200000000003,386,112,110,6.55375,GIRLY PINK TOOL SET,-4.25,1.0,1.0,1.0,2099.9700000000003,0.0020197507865147178,0.0025906735751295338,5.451347150259068,19.12927272727273,0.01083171292057595,1686
22023,2101.18,5028,438,430,0.5323972602739726,EMPIRE BIRTHDAY CARD,-5.04,12.0,1.0,1.0,2096.14,0.0023986521859145817,0.002386634844868735,0.41789578361177404,4.886465116279069,0.010811957657174184,1687
22935,2294.07,771,68,65,3.7729411764705882,BAKING MOULD ROSE MILK CHOCOLATE,-198.0,72.0,1.0,1.0,2096.07,0.08630948488930154,0.0933852140077821,2.975447470817121,35.29338461538462,0.0108115965949188,1688
23233,2105.5,5175,159,158,0.41861635220125787,WRAP POPPIES  DESIGN,-10.5,25.0,1.0,1.0,2095.0,0.004986938969365947,0.004830917874396135,0.4068599033816425,13.325949367088608,0.010806077500443632,1689
21865,2102.46,902,306,297,2.609640522875817,PINK UNION JACK  PASSPORT COVER ,-12.6,6.0,1.0,1.0,2089.86,0.00599297965240718,0.0066518847006651885,2.330886917960089,7.078989898989899,0.010779565214833952,1690
22996,2094.93,4801,415,408,0.5296385542168675,TRAVEL CARD WALLET VINTAGE TICKET,-10.92,26.0,4.0,4.0,2084.0099999999998,0.0052125846687001475,0.0054155384294938555,0.4363528431576755,5.134632352941176,0.010749390726348226,1691
85049H,2079.69,2075,342,334,1.1588888888888889,URBAN BLACK RIBBONS ,0.0,0.0,0.0,0.0,2079.69,0.0,0.0,1.0022602409638555,6.226616766467066,0.010727108027158767,1692
40018F,2100.33,1092,119,117,2.2838655462184874,CHERRY DESIGN PAPERLANTERNS,-23.4,12.0,3.0,3.0,2076.93,0.011141106397566096,0.01098901098901099,1.9233791208791209,17.951538461538462,0.010712871858232168,1693
21619,2076.64,1132,214,212,2.427196261682243,4 VANILLA BOTANICAL CANDLES,0.0,0.0,0.0,0.0,2076.64,0.0,0.0,1.8344876325088337,9.795471698113207,0.010711376028888431,1694
21655,2277.5,1396,89,89,1.9567415730337079,HANGING RIDGE GLASS T-LIGHT HOLDER,-201.92000000000002,128.0,6.0,6.0,2075.58,0.08865861690450055,0.09169054441260745,1.6314469914040115,25.589887640449437,0.010705908514735463,1695
21070,2108.5,2050,236,229,1.595,VINTAGE BILLBOARD MUG ,-33.32,30.0,2.0,2.0,2075.18,0.0158027033436092,0.014634146341463415,1.0285365853658537,9.207423580786026,0.010703845301847549,1696
21803,2074.56,4780,341,322,0.4680058651026393,CHRISTMAS TREE STAR DECORATION,0.0,0.0,0.0,0.0,2074.56,0.0,0.0,0.4340083682008368,6.4427329192546585,0.010700647321871284,1697
84796A,2072.9500000000003,284,111,111,9.56162162162162,PINK HAWAIIAN PICNIC HAMPER FOR 2,0.0,0.0,0.0,0.0,2072.9500000000003,0.0,0.0,7.29911971830986,18.675225225225226,0.010692342889997437,1698
21356,2070.55,1623,366,349,1.5173224043715847,TOAST ITS - FAIRY FLOWER,-1.25,1.0,1.0,1.0,2069.3,0.0006037043297674531,0.0006161429451632779,1.275754775107825,5.932808022922637,0.010673516072395233,1699
21802,2067.58,4731,343,323,0.48638483965014573,CHRISTMAS TREE HEART DECORATION,-0.42,1.0,1.0,1.0,2067.16,0.0002031360334303872,0.0002113718030014796,0.43702811244979917,6.4011764705882355,0.010662477883444895,1700
37476,2066.64,212,81,77,11.435185185185185,CONDIMENT TRAY 4 BOWLS AND 4 SPOONS,0.0,0.0,0.0,0.0,2066.64,0.0,0.0,9.748301886792452,26.839480519480517,0.01065979570669061,1701
84670,2128.72,5196,189,182,0.4957671957671958,JAPANESE CROCHETED ANIMAL,-63.0,150.0,3.0,3.0,2065.72,0.0295952497275358,0.028868360277136258,0.4096843725943033,11.696263736263735,0.01065505031704841,1702
51014L,2232.5499999999997,3457,228,226,0.7762719298245614,"FEATHER PEN,LIGHT PINK",-167.88,204.0,4.0,4.0,2064.6699999999996,0.07519652415399432,0.05901070292160833,0.6458056118021405,9.878539823008849,0.010649634383217638,1703
23227,2070.06,1642,117,117,1.5737606837606837,FILIGREE HEART BUTTERFLY WHITE ,-7.5,6.0,2.0,2.0,2062.56,0.0036230833888872787,0.0036540803897685747,1.260694275274056,17.69282051282051,0.0106387509352339,1704
22279,2108.37,1443,218,214,1.6235779816513762,POCKET BAG BLUE PAISLEY RED SPOT,-46.25,37.0,2.0,2.0,2062.12,0.021936377391065135,0.02564102564102564,1.461101871101871,9.852196261682243,0.010636481401057194,1705
21058,2070.85,2413,282,275,0.9968085106382978,PARTY INVITES WOODLAND,-10.2,12.0,1.0,1.0,2060.65,0.004925513677958326,0.004973062577704103,0.8582055532532117,7.530363636363636,0.010628899093694116,1706
84509G,2060.45,806,161,159,3.773167701863354,SET OF 4 FAIRY CAKE PLACEMATS ,0.0,0.0,0.0,0.0,2060.45,0.0,0.0,2.5563895781637713,12.95880503144654,0.010627867487250158,1707
21077,2058.1,2790,195,192,0.9245641025641025,SET/20 WOODLAND PAPER NAPKINS ,0.0,0.0,0.0,0.0,2058.1,0.0,0.0,0.7376702508960573,10.719270833333333,0.01061574611153367,1708
23152,2080.65,554,160,159,3.9519374999999997,IVORY SWEETHEART WIRE LETTER RACK ,-26.25,7.0,3.0,3.0,2054.4,0.012616249729651792,0.01263537906137184,3.7556859205776174,13.085849056603774,0.010596661392320477,1709
21640,2053.5699999999997,2228,217,205,1.1012442396313364,ASSORTED TUTTI FRUTTI  FOB NOTEBOOK,0.0,0.0,0.0,0.0,2053.5699999999997,0.0,0.0,0.921710053859964,10.01741463414634,0.010592380225578056,1710
22308,2115.41,683,218,214,3.9464220183486236,TEA COSY BLUE STRIPE,-66.3,26.0,2.0,2.0,2049.1099999999997,0.03134144208451317,0.03806734992679356,3.0972327964860904,9.885093457943924,0.010569375401877827,1711
84990,2062.19,4248,199,193,0.6447738693467336,60 GOLD AND SILVER FAIRY CAKE CASES,-13.2,24.0,1.0,1.0,2048.9900000000002,0.006400962083998079,0.005649717514124294,0.48544962335216574,10.684922279792746,0.010568756438011456,1712
23291,2059.03,1634,196,195,1.5237244897959183,DOLLY GIRL CHILDRENS CUP,-12.5,10.0,3.0,3.0,2046.5300000000002,0.006070819754933147,0.006119951040391677,1.2601162790697675,10.559128205128205,0.010556067678750792,1713
22859,2105.67,1260,171,165,1.945906432748538,EASTER TIN BUNNY BOUQUET,-62.7,38.0,7.0,6.0,2042.97,0.029776745643904316,0.03015873015873016,1.6711666666666667,12.761636363636365,0.010537705084048367,1714
22928,2077.02,301,121,118,7.742644628099174,YELLOW GIANT GARDEN THERMOMETER,-35.7,6.0,4.0,4.0,2041.32,0.017188086778172577,0.019933554817275746,6.900398671096346,17.60186440677966,0.010529194330885725,1715
79323GR,3209.36,532,83,83,7.097469879518073,GREEN CHERRY LIGHTS,-1168.5,194.0,37.0,37.0,2040.8600000000001,0.3640912829972331,0.36466165413533835,6.032631578947369,38.66698795180723,0.010526821636064627,1716
84763,2039.79,1638,176,170,1.4164204545454544,ZINC FINISH 15CM PLANTER POTS,0.0,0.0,0.0,0.0,2039.79,0.0,0.0,1.2452930402930402,11.998764705882353,0.010521302541589459,1717
23500,2038.33,1626,102,98,1.3861764705882351,KEY RING BASEBALL BOOT ASSORTED ,0.0,0.0,0.0,0.0,2038.33,0.0,0.0,1.2535854858548585,20.799285714285713,0.010513771814548576,1718
85016,2056.16,1688,170,167,2.3628823529411767,SET OF 6 VINTAGE NOTELETS KIT,-17.85,7.0,2.0,2.0,2038.31,0.008681231032604467,0.004146919431279621,1.2181042654028436,12.312335329341316,0.010513668653904183,1719
20686,2059.44,602,191,186,3.7571204188481677,DOLLY MIXTURE CHILDREN'S UMBRELLA,-25.0,8.0,7.0,7.0,2034.44,0.012139222312861749,0.013289036544850499,3.420996677740864,11.072258064516129,0.010493707069213626,1720
22201,2042.8700000000001,510,167,166,4.577125748502994,FRYING PAN BLUE POLKADOT,-8.5,2.0,2.0,2.0,2034.3700000000001,0.00416081297390436,0.00392156862745098,4.005627450980392,12.306445783132531,0.01049334600695824,1721
22400,2064.56,2462,238,234,0.8952941176470589,MAGNETS PACK OF 4 HOME SWEET HOME,-30.39,25.0,2.0,2.0,2034.1699999999998,0.014719843453326617,0.010154346060113728,0.838570268074736,8.822905982905983,0.010492314400514282,1722
23251,2105.75,1712,120,120,1.4126666666666667,VINTAGE RED ENAMEL TRIM MUG ,-72.5,58.0,5.0,5.0,2033.25,0.03442953816929835,0.03387850467289719,1.2299941588785046,17.547916666666666,0.010487569010872083,1723
22261,2035.1599999999999,2112,259,243,1.1573359073359073,FELT EGG COSY WHITE RABBIT ,-3.4,4.0,1.0,1.0,2031.7599999999998,0.0016706303189921187,0.001893939393939394,0.9636174242424241,8.37514403292181,0.010479883542864606,1724
21657,2065.21,270,123,118,8.509268292682927,MILK BOTTLE WITH GLASS STOPPER ,-34.75,5.0,3.0,3.0,2030.46,0.016826376010187827,0.018518518518518517,7.648925925925926,17.50177966101695,0.010473178100978892,1725
21200,2070.11,1424,128,126,2.020625,MULTICOLOUR HONEYCOMB PAPER GARLAND,-40.6,28.0,1.0,1.0,2029.5100000000002,0.019612484360734452,0.019662921348314606,1.4537289325842697,16.429444444444446,0.0104682779703701,1726
21504,2030.22,4973,334,329,0.46628742514970056,SKULLS GREETING CARD,-5.04,12.0,1.0,1.0,2025.18,0.002482489582409788,0.0024130303639654134,0.40824854212748846,6.170881458966566,0.010445943690858443,1727
21397,2039.4599999999998,2171,183,180,1.667103825136612,BLUE  SPOTTY EGG CUP ,-15.0,12.0,1.0,1.0,2024.4599999999998,0.007354888058603749,0.0055274067250115156,0.939410409949332,11.330333333333332,0.010442229907660198,1728
22719,2056.1,1516,246,235,1.8852439024390244,GUMBALL MONOCHROME COAT RACK,-33.620000000000005,31.0,10.0,9.0,2022.48,0.016351344778950443,0.020448548812664908,1.3562664907651714,8.74936170212766,0.01043201700386503,1729
23490,2032.77,542,101,101,3.961287128712871,T-LIGHT HOLDER HANGING LOVE BIRD,-11.25,3.0,1.0,1.0,2021.52,0.00553432016411104,0.005535055350553505,3.7504981549815497,20.126435643564356,0.010427065292934039,1730
22799,2029.34,254,109,108,8.8251376146789,SWEETHEART WIRE FRUIT BOWL,-8.5,1.0,1.0,1.0,2020.84,0.00418855391408044,0.003937007874015748,7.989527559055118,18.790185185185184,0.010423557831024586,1731
22405,2033.4,1672,228,217,1.357763157894737,MONEY BOX POCKET MONEY DESIGN,-16.06,13.0,2.0,2.0,2017.3400000000001,0.007898101701583553,0.00777511961722488,1.2161483253588516,9.370506912442396,0.01040550471825535,1732
47591C,2012.43,1051,159,159,2.091446540880503,BLUE FAIRY CAKE CHILD'S APRON,0.0,0.0,0.0,0.0,2012.43,0.0,0.0,1.9147764034253092,12.656792452830189,0.01038017878005622,1733
23529,2011.9900000000002,637,37,37,4.338648648648649,WALL ART DOLLY GIRL ,0.0,0.0,0.0,0.0,2011.9900000000002,0.0,0.0,3.1585400313971745,54.378108108108115,0.010377909245879516,1734
22832,2097.65,191,87,85,11.545402298850576,BROCANTE SHELF WITH HOOKS,-86.0,8.0,6.0,5.0,2011.65,0.040998259957571566,0.041884816753926704,10.982460732984293,24.67823529411765,0.01037615551492479,1735
22520,2011.28,2294,376,369,0.9263829787234042,CHILDS GARDEN TROWEL BLUE ,-1.7,2.0,2.0,2.0,2009.58,0.000845232886520027,0.0008718395815170009,0.8767567567567568,5.450623306233062,0.01036547838822984,1736
35953,2068.47,3917,161,155,0.7912422360248447,FOLKART STAR CHRISTMAS DECORATIONS,-60.0,48.0,2.0,1.0,2008.4699999999998,0.029006947163845744,0.012254276231810059,0.5280750574419197,13.344967741935482,0.01035975297246588,1737
21612,2025.7700000000002,698,114,113,3.2462280701754387,SET 12 WILDFLOWER BOTANICAL T-LIGHT,-17.700000000000003,6.0,1.0,1.0,2008.0700000000002,0.008737418364375029,0.008595988538681949,2.902249283667622,17.927168141592922,0.01035768975957797,1738
21630,2037.6,167,99,95,13.737373737373737,FLOOR CUSHION ELEPHANT CARNIVAL,-35.8,4.0,4.0,4.0,2001.8,0.01756968983117393,0.023952095808383235,12.20119760479042,21.448421052631577,0.010325348897559934,1739
23268,2018.1399999999999,1447,89,89,1.6910112359550562,SET OF 2 CERAMIC CHRISTMAS REINDEER,-17.4,12.0,1.0,1.0,2000.7399999999998,0.008621800271537158,0.0082930200414651,1.3947062888735313,22.67573033707865,0.010319881383406964,1740
23274,2005.0,1180,120,119,2.0156666666666667,STAR T-LIGHT HOLDER WILLIE WINKIE,-4.949999999999999,3.0,3.0,3.0,2000.05,0.002468827930174563,0.002542372881355932,1.6991525423728813,16.84873949579832,0.010316322341175316,1741
20846,1999.48,1470,177,169,1.5754802259887006,ZINC HEART LATTICE T-LIGHT HOLDER,0.0,0.0,0.0,0.0,1999.48,0.0,0.0,1.3601904761904762,11.831242603550296,0.01031338226281004,1742
23289,2013.7,1622,192,191,1.5367708333333334,DOLLY GIRL CHILDRENS BOWL,-15.0,12.0,4.0,4.0,1998.7,0.007448974524507126,0.007398273736128237,1.2414919852034525,10.542931937172774,0.010309358997678611,1743
23315,2094.24,213,86,86,10.776511627906977,IVORY REFECTORY CLOCK,-97.8,12.0,1.0,1.0,1996.4399999999998,0.04669951867980748,0.056338028169014086,9.832112676056337,24.35162790697674,0.010297701844861902,1744
22068,2015.86,1124,287,276,2.2762020905923346,BLACK PIRATE TREASURE CHEST,-23.1,14.0,3.0,3.0,1992.76,0.01145912910618793,0.012455516014234875,1.7934697508896795,7.303840579710145,0.010278720286293105,1745
22521,1992.1,2291,379,370,0.9386015831134563,CHILDS GARDEN TROWEL PINK,-1.7,2.0,1.0,1.0,1990.3999999999999,0.0008533708147181367,0.0008729812309035355,0.8695329550414665,5.384054054054054,0.010266547330254418,1746
21389,2011.4099999999999,2301,270,261,1.0028888888888887,IVORY HANGING DECORATION  BIRD,-25.5,30.0,6.0,6.0,1985.9099999999999,0.012677673870568408,0.01303780964797914,0.8741460234680573,7.70655172413793,0.010243387765587595,1747
22559,1990.63,1585,206,202,1.5045631067961165,SEASIDE FLYING DISC,-5.0,4.0,1.0,1.0,1985.63,0.002511767631352888,0.002523659305993691,1.2559179810725554,9.854603960396041,0.010241943516566059,1748
21695,1987.5800000000002,642,104,102,3.614519230769231,SMALL SILVER FLOWER CANDLE POT,-2.95,1.0,1.0,1.0,1984.63,0.0014842169874923273,0.001557632398753894,3.0959190031152652,19.48607843137255,0.010236785484346277,1749
84872A,1983.54,177,102,102,11.30343137254902,TEATIME FUNKY FLOWER BACKPACK FOR 2,0.0,0.0,0.0,0.0,1983.54,0.0,0.0,11.206440677966102,19.446470588235293,0.010231163229226712,1750
23357,1982.05,450,103,102,5.005242718446602,HOT WATER BOTTLE SEX BOMB,0.0,0.0,0.0,0.0,1982.05,0.0,0.0,4.404555555555556,19.431862745098037,0.010223477761219237,1751
22496,1999.0400000000002,732,195,193,3.119846153846154,SET OF 2 ROUND TINS DUTCH CHEESE,-17.700000000000003,6.0,3.0,3.0,1981.3400000000001,0.00885425004001921,0.00819672131147541,2.730928961748634,10.357720207253887,0.010219815558343191,1752
21348,2030.8400000000001,842,134,133,3.147611940298508,PINK SPOTS CHOCOLATE NESTING BOXES ,-54.25000000000001,31.0,5.0,5.0,1976.5900000000001,0.026713084241003725,0.03681710213776722,2.4119239904988126,15.269473684210528,0.010195314905299227,1753
20871,1978.05,1273,129,127,2.688372093023256,OPULENT VELVET SET/3 CANDLES,-4.2,2.0,2.0,2.0,1973.85,0.002123303253203913,0.0015710919088766694,1.5538491751767478,15.5751968503937,0.010181181897017024,1754
35971,1994.02,1997,231,217,1.789047619047619,ROSE FOLKART HEART DECORATIONS,-21.25,17.0,2.0,2.0,1972.77,0.010656864023430057,0.008512769153730596,0.9985077616424637,9.189032258064517,0.010175611222219659,1755
22599,1991.29,3135,194,189,0.7411340206185567,CHRISTMAS MUSICAL ZINC STAR,-20.4,24.0,1.0,1.0,1970.8899999999999,0.010244615299629887,0.007655502392344498,0.6351802232854864,10.535925925925925,0.010165914121646469,1756
84676,2102.46,848,110,110,3.1355454545454546,BATH DUCK WATERING CAN,-132.55,49.0,10.0,10.0,1969.91,0.06304519467671205,0.05778301886792453,2.479316037735849,19.113272727272726,0.010160859250071083,1757
21629,1977.27,179,107,105,11.898130841121494,SQUARE FLOOR CUSHION VINTAGE RED,-7.95,1.0,1.0,1.0,1969.32,0.004020695200958898,0.00558659217877095,11.046201117318436,18.831142857142858,0.010157816011061409,1758
23145,1979.48,2084,170,169,1.0791764705882354,ZINC T-LIGHT HOLDER STAR LARGE,-10.45,11.0,2.0,2.0,1969.03,0.005279164224947966,0.00527831094049904,0.9498464491362764,11.712899408284024,0.010156320181717672,1759
85231B,1977.3799999999999,2153,409,384,1.0547921760391197,CINAMMON SET OF 9 T-LIGHTS,-9.35,11.0,1.0,1.0,1968.03,0.004728479098605225,0.005109150023223409,0.9184300975383186,5.149427083333333,0.01015116214949789,1760
23068,1966.93,809,138,136,2.5855072463768116,ALUMINIUM STAMPED HEART,0.0,0.0,0.0,0.0,1966.93,0.0,0.0,2.4313102595797282,14.462720588235294,0.010145488314056131,1761
22098,1998.37,2894,330,309,1.2673636363636362,BOUDOIR SQUARE TISSUE BOX,-35.11,79.0,7.0,7.0,1963.26,0.01756931899498091,0.027297857636489287,0.6905217691776088,6.467216828478964,0.01012655833580953,1762
22262,1975.31,2045,327,306,1.1581651376146789,FELT EGG COSY CHICKEN,-14.45,17.0,3.0,3.0,1960.86,0.0073153074707261135,0.008312958435207823,0.965921760391198,6.455261437908496,0.010114179058482052,1763
79160,2004.5700000000002,959,221,210,2.50447963800905,HEART SHAPE WIRELESS DOORBELL,-44.1,21.0,12.0,12.0,1960.4700000000003,0.021999730615543483,0.021897810218978103,2.0902711157455687,9.54557142857143,0.010112167425916339,1764
22343,1995.94,3309,190,188,0.8278947368421051,PARTY PIZZA DISH RED RETROSPOT,-35.7,42.0,2.0,2.0,1960.24,0.017886309207691613,0.012692656391659111,0.6031852523420973,10.616702127659575,0.010110981078505788,1765
22614,2002.2599999999998,5878,383,368,0.42185378590078326,PACK OF 12 SPACEBOY TISSUES,-42.269999999999996,133.0,6.0,6.0,1959.9899999999998,0.021111144406820295,0.0226267437904049,0.34063627084042186,5.440923913043478,0.010109691570450842,1766
22211,2028.95,1535,300,291,1.5179666666666667,WOOD STAMP SET FLOWERS,-71.25,49.0,2.0,2.0,1957.7,0.03511668597057591,0.031921824104234525,1.3217915309446255,6.97233676975945,0.010097879676667542,1767
21991,1966.07,1118,301,289,2.252857142857143,BOHEMIAN COLLAGE STATIONERY SET,-15.0,12.0,1.0,1.0,1951.07,0.00762943333655465,0.01073345259391771,1.7585599284436493,6.803010380622837,0.010063681923050386,1768
22438,1950.27,1478,184,170,1.925,BALLOON ART MAKE YOUR OWN FLOWERS,0.0,0.0,0.0,0.0,1950.27,0.0,0.0,1.319533152909337,11.472176470588234,0.01005955549727456,1769
23374,1962.83,2456,131,131,0.867175572519084,RED SPOT PAPER GIFT BAG,-13.12,16.0,3.0,3.0,1949.71,0.006684226346652537,0.006514657980456026,0.7991978827361563,14.983435114503816,0.010056666999231483,1770
22753,1950.55,2365,423,404,0.9581087470449172,SMALL YELLOW BABUSHKA NOTEBOOK ,-10.2,12.0,1.0,1.0,1940.35,0.005229294301607239,0.00507399577167019,0.8247568710359408,4.828094059405941,0.01000838781765432,1771
84581,1940.15,511,241,234,3.85195020746888,DOG TOY WITH PINK CROCHET SKIRT,0.0,0.0,0.0,0.0,1940.15,0.0,0.0,3.7967710371819963,8.291239316239317,0.010007356211210365,1772
22565,1936.9599999999998,2125,291,278,1.0321993127147766,FELTCRAFT HAIRBANDS PINK AND WHITE ,-0.85,1.0,1.0,1.0,1936.11,0.00043883198414009585,0.00047058823529411766,0.9115105882352941,6.967482014388488,0.009986517761042443,1773
21538,1943.26,1313,53,51,3.9979245283018865,DAIRY MAID  PUDDING BOWL,-7.5,2.0,2.0,2.0,1935.76,0.003859493840247831,0.0015232292460015233,1.48001523229246,38.10313725490196,0.009984712449765521,1774
22210,1949.69,1615,301,287,1.3957142857142855,WOOD STAMP SET BEST WISHES,-24.75,15.0,3.0,3.0,1924.94,0.012694325764608732,0.009287925696594427,1.2072383900928794,6.793344947735192,0.009928902541147477,1775
22204,1974.29,537,170,169,4.206882352941176,MILK PAN BLUE POLKADOT,-52.5,14.0,5.0,5.0,1921.79,0.026591838078499106,0.0260707635009311,3.6765176908752326,11.682189349112425,0.009912654739655163,1776
21692,1936.62,510,123,111,4.015691056910569,SILVER LATTICE VANILLA CANDLE POT,-15.0,4.0,1.0,1.0,1921.62,0.007745453418843139,0.00784313725490196,3.7972941176470587,17.447027027027026,0.0099117778741778,1777
20716,1933.81,1538,253,246,1.4512252964426877,PARTY FOOD SHOPPER BAG,-13.75,11.0,2.0,2.0,1920.06,0.00711031590487173,0.007152145643693108,1.2573537061118336,7.861016260162601,0.00990373134391494,1778
85217,1981.8500000000001,2869,165,164,1.7262424242424241,ASSORTED ICE CREAM FRIDGE MAGNETS,-62.4,96.0,4.0,4.0,1919.45,0.03148573302722204,0.03346113628441966,0.6907807598466366,12.084451219512196,0.009900584944260875,1779
84459A,2061.85,1269,208,201,2.3590384615384616,PINK METAL CHICKEN HEART ,-143.04,96.0,5.0,5.0,1918.81,0.06937459078012465,0.07565011820330969,1.62478329393223,10.257960199004975,0.009897283803640213,1780
22513,1917.32,590,173,170,4.353005780346821,DOORSTOP FOOTBALL DESIGN,0.0,0.0,0.0,0.0,1917.32,0.0,0.0,3.249694915254237,11.27835294117647,0.009889598335632738,1781
22985,1916.24,4772,138,136,0.41884057971014493,"WRAP, BILLBOARD FONTS DESIGN",0.0,0.0,0.0,0.0,1916.24,0.0,0.0,0.4015590947191953,14.09,0.009884027660835373,1782
85185B,1917.2600000000002,613,196,182,3.5199489795918373,PINK HORSE SOCK PUPPET,-2.95,1.0,1.0,1.0,1914.3100000000002,0.001538654120985156,0.0016313213703099511,3.1276672104404573,10.534395604395606,0.009874072658651194,1783
23235,1950.66,736,105,105,2.9825714285714287,STORAGE TIN VINTAGE LEAF,-40.46,14.0,7.0,7.0,1910.2,0.020741697681810257,0.019021739130434784,2.6503532608695655,18.577714285714286,0.009852873146227889,1784
22363,2309.3,782,173,169,3.6549710982658965,GLASS JAR MARMALADE ,-400.40000000000003,152.0,13.0,13.0,1908.9,0.17338587450742649,0.19437340153452684,2.95306905370844,13.66449704142012,0.009846167704342173,1785
22932,2169.93,963,75,72,2.696133333333333,BAKING MOULD TOFFEE CUP CHOCOLATE,-262.8,120.0,2.0,2.0,1907.1299999999999,0.121109897554299,0.12461059190031153,2.253302180685358,30.137916666666666,0.009837037987313156,1786
21773,1936.99,1663,317,308,1.925520504731861,DECORATIVE ROSE BATHROOM BOTTLE,-31.25,25.0,3.0,3.0,1905.74,0.01613327895342774,0.01503307276007216,1.1647564642212869,6.288928571428571,0.009829868322527661,1787
85162B,1905.15,977,13,13,1.9499999999999997,BLACK RETRODISC LAMPSHADE,0.0,0.0,0.0,0.0,1905.15,0.0,0.0,1.9500000000000002,146.55,0.00982682508351799,1788
79341,4423.69,725,80,79,8.0465,WILLOW BRANCH LIGHTS.,-2519.6000000000004,448.0,24.0,23.0,1904.0899999999992,0.5695697483322748,0.6179310344827587,6.101641379310344,55.99607594936708,0.009821357569365016,1789
21983,1924.7199999999998,6272,337,325,0.41902077151335315,PACK OF 12 BLUE PAISLEY TISSUES ,-20.879999999999995,72.0,3.0,2.0,1903.8399999999997,0.01084833118583482,0.011479591836734694,0.30687499999999995,5.922215384615384,0.009820068061310073,1790
21043,1921.03,677,141,141,4.285602836879432,APRON MODERN VINTAGE COTTON,-17.85,3.0,1.0,1.0,1903.18,0.009291890288022572,0.004431314623338257,2.837562776957164,13.624326241134751,0.009816663760045018,1791
20984,1947.7599999999998,5875,254,245,0.5391732283464566,12 PENCILS TALL TUBE POSY,-44.760000000000005,216.0,3.0,3.0,1902.9999999999998,0.02298024397256336,0.03676595744680851,0.33153361702127654,7.9500408163265295,0.009815735314245455,1792
23094,1924.92,152,79,79,12.815443037974683,LE GRAND TRAY CHIC SET,-25.0,2.0,2.0,2.0,1899.92,0.01298755272946408,0.013157894736842105,12.663947368421054,24.36607594936709,0.009799848575008529,1793
22587,1899.6799999999998,2177,328,308,1.0066158536585366,FELTCRAFT HAIRBAND RED AND BLUE,0.0,0.0,0.0,0.0,1899.6799999999998,0.0,0.0,0.8726136885622415,6.167792207792207,0.009798610647275779,1794
84519B,1901.27,869,216,214,2.9006018518518517,CARROT CHARLIE+LOLA COASTER SET,-2.95,1.0,1.0,1.0,1898.32,0.0015515944605447938,0.0011507479861910242,2.1878826237054083,8.884439252336449,0.009791595723456876,1795
20684,1933.62,584,181,176,3.6337569060773482,STRAWBERRY DREAM CHILDS UMBRELLA,-36.5,12.0,5.0,5.0,1897.12,0.018876511413824848,0.02054794520547945,3.3109931506849315,10.986477272727273,0.009785406084793138,1796
21647,1903.4800000000002,850,150,144,2.5597333333333334,ASSORTED TUTTI FRUTTI LARGE PURSE,-8.4,4.0,3.0,3.0,1895.0800000000002,0.004412969928762056,0.004705882352941176,2.239388235294118,13.218611111111112,0.009774883699064783,1797
21287,1893.75,4134,96,93,0.8606250000000001,SCENTED VELVET LOUNGE CANDLE ,0.0,0.0,0.0,0.0,1893.75,0.0,0.0,0.4580914368650218,20.362903225806452,0.009768023516212471,1798
22522,1905.81,2239,339,334,0.9080530973451327,CHILDS GARDEN FORK BLUE ,-12.75,15.0,2.0,2.0,1893.06,0.006690068789648496,0.006699419383653417,0.8511880303707012,5.706017964071856,0.009764464473980822,1799
21445,1907.23,1535,148,146,1.5129054054054054,12 PINK ROSE PEG PLACE SETTINGS,-15.0,12.0,2.0,2.0,1892.23,0.00786480917351342,0.007817589576547232,1.2424951140065146,13.063219178082193,0.009760183307238404,1800
16016,1891.1,2338,110,106,0.8405454545454545,LARGE CHINESE STYLE SCISSOR,0.0,0.0,0.0,0.0,1891.1,0.0,0.0,0.8088537211291702,17.840566037735847,0.009754354730830049,1801
40001,1920.8799999999999,2492,125,121,1.07024,WHITE BAMBOO RIBS LAMPSHADE,-30.08,47.0,12.0,11.0,1890.8,0.01565948940069135,0.01886035313001605,0.7708186195826645,15.875041322314049,0.009752807321164115,1802
21581,1935.17,1188,214,203,2.6667289719626166,SKULLS  DESIGN  COTTON TOTE BAG,-45.0,20.0,2.0,2.0,1890.17,0.023253770986528314,0.016835016835016835,1.6289309764309765,9.532857142857143,0.009749557760865652,1803
46775D,1949.21,154,96,95,12.656770833333333,SUNSET COLOUR CHUNKY KNITTED THROW,-59.3,4.0,4.0,4.0,1889.91,0.030422581456077076,0.025974025974025976,12.657207792207792,20.518,0.00974821667248851,1804
23491,1897.76,228,79,78,8.462151898734177,VINTAGE JINGLE BELLS HEART,-8.25,1.0,1.0,1.0,1889.51,0.004347230419020319,0.0043859649122807015,8.323508771929825,24.33025641025641,0.009746153459600596,1805
23358,2008.38,594,89,89,4.198539325842697,HOT STUFF HOT WATER BOTTLE,-125.94,38.0,2.0,2.0,1882.44,0.0627072565948675,0.06397306397306397,3.381111111111111,22.566067415730338,0.009709686171806736,1806
22678,1895.59,1410,255,248,1.6278823529411766,FRENCH BLUE METAL DOOR SIGN 3,-13.75,11.0,2.0,2.0,1881.84,0.007253678274310373,0.007801418439716312,1.3443900709219858,7.643508064516129,0.009706591352474866,1807
22307,1930.48,1266,125,118,2.37912,GOLD MUG BONE CHINA TREE OF LIFE,-49.8,41.0,7.0,7.0,1880.68,0.025796693050433053,0.03238546603475513,1.5248657187993682,16.36,0.009700608035099919,1808
21677,1909.2099999999998,2176,288,279,1.002326388888889,HEARTS  STICKERS,-30.6,36.0,3.0,3.0,1878.61,0.016027571613389833,0.016544117647058824,0.8773943014705882,6.843046594982078,0.009689930908404969,1809
23394,1877.65,435,152,150,4.954210526315789,POSTE FRANCE CUSHION COVER,0.0,0.0,0.0,0.0,1877.65,0.0,0.0,4.3164367816091955,12.517666666666667,0.00968497919747398,1810
21894,1877.47,1345,257,247,1.7440466926070037,POTTING SHED SEED ENVELOPES,0.0,0.0,0.0,0.0,1877.47,0.0,0.0,1.3958884758364312,7.601093117408907,0.009684050751674418,1811
23434,1884.17,2095,200,199,0.8802,3 RAFFIA RIBBONS 50'S CHRISTMAS ,-7.9,10.0,1.0,1.0,1876.27,0.004192827611096663,0.00477326968973747,0.8993651551312649,9.46819095477387,0.00967786111301068,1812
84856S,1877.21,467,33,33,4.978787878787879,SMALL TAHITI BEACH BAG,-3.81,1.0,1.0,1.0,1873.4,0.0020296077689763,0.0021413276231263384,4.019721627408994,56.88515151515151,0.009663057560539905,1813
85103,2153.43,317,87,87,7.735057471264368,SILVER T-LIGHT SETTING,-280.1,46.0,5.0,5.0,1873.33,0.13007156025503502,0.14511041009463724,6.793154574132491,24.75206896551724,0.00966269649828452,1814
21613,1873.2500000000002,636,149,145,3.0775838926174495,S/12 VANILLA  BOTANICAL T-LIGHTS,0.0,0.0,0.0,0.0,1873.2500000000002,0.0,0.0,2.945361635220126,12.91896551724138,0.009662283855706938,1815
21085,1872.68,13731,68,66,0.7726470588235294,SET/6 WOODLAND PAPER CUPS,0.0,0.0,0.0,0.0,1872.68,0.0,0.0,0.13638336610589177,28.373939393939395,0.009659343777341662,1816
21547,1877.9800000000002,728,124,119,3.595725806451613,CERAMIC BIRDHOUSE CRESTED TIT SMALL,-5.9,2.0,1.0,1.0,1872.0800000000002,0.0031416735002502685,0.0027472527472527475,2.5796428571428573,15.781344537815128,0.009656248958009794,1817
22523,1884.8,2185,360,352,0.9290277777777778,CHILDS GARDEN FORK PINK,-12.75,15.0,3.0,3.0,1872.05,0.006764643463497454,0.006864988558352402,0.8626086956521739,5.3545454545454545,0.009656094217043198,1818
21091,1868.7,13700,48,47,1.0289583333333334,SET/6 WOODLAND PAPER PLATES,0.0,0.0,0.0,0.0,1868.7,0.0,0.0,0.1364014598540146,39.759574468085106,0.009638814809106928,1819
21241,1869.07,2213,261,260,0.9817241379310345,GREEN SPOTTY CUP,-0.85,1.0,1.0,1.0,1868.22,0.00045477162439073977,0.00045187528242205153,0.8445865341165838,7.188730769230769,0.009636338953641434,1820
21687,1871.23,477,106,101,4.647358490566038,SILVER PLATE CANDLE BOWL LARGE,-3.75,1.0,1.0,1.0,1867.48,0.002004029435184344,0.0020964360587002098,3.9229140461215932,18.527029702970296,0.009632522009798795,1821
23359,1866.4599999999998,990,79,79,1.9862025316455696,SET OF 12 T-LIGHTS VINTAGE DOILY,0.0,0.0,0.0,0.0,1866.4599999999998,0.0,0.0,1.885313131313131,23.626075949367085,0.009627260816934616,1822
23090,1870.0300000000002,2237,152,149,0.9790131578947369,VINTAGE GLASS T-LIGHT HOLDER,-7.47,9.0,1.0,1.0,1862.5600000000002,0.0039945883221124785,0.004023245417970496,0.8359544032185964,12.55053691275168,0.009607144491277466,1823
22858,1877.34,1135,140,139,1.9493571428571426,EASTER TIN KEEPSAKE,-16.5,10.0,3.0,3.0,1860.84,0.00878903128895139,0.00881057268722467,1.6540440528634361,13.506043165467625,0.009598272675859441,1824
79302M,1860.6000000000001,654,114,107,3.7073684210526316,"ART LIGHTS,FUNK MONKEY",-2.95,1.0,1.0,1.0,1857.65,0.0015855100505213372,0.0015290519877675841,2.844954128440367,17.388785046728973,0.009581818553078335,1825
20703,1993.47,471,169,169,4.2601775147928995,BLUE PADDED SOFT MOBILE,-136.0,32.0,16.0,15.0,1857.47,0.06822274726983601,0.06794055201698514,4.232420382165605,11.795680473372782,0.009580890107278776,1826
21394,1864.6299999999999,4005,150,150,0.7890666666666667,RED POLKADOT BEAKER ,-8.58,22.0,4.0,4.0,1856.05,0.004601449081050933,0.005493133583021223,0.46557553058676654,12.430866666666667,0.009573565701526685,1827
21841,1857.47,437,134,132,4.4216417910447765,BABY MOUSE RED GINGHAM DRESS,-12.75,3.0,1.0,1.0,1844.72,0.006864175464475873,0.006864988558352402,4.25050343249428,14.071742424242425,0.009515125196476553,1828
21761,1874.65,67,26,24,29.603846153846153,WOOD AND GLASS MEDICINE CABINET,-29.95,1.0,1.0,1.0,1844.7,0.01597631557890806,0.014925373134328358,27.979850746268657,78.11041666666667,0.009515022035832158,1829
21618,1842.61,702,148,139,2.950067567567568,4 WILDFLOWER BOTANICAL CANDLES,0.0,0.0,0.0,0.0,1842.61,0.0,0.0,2.62480056980057,13.256187050359712,0.009504241748492811,1830
85162C,1841.7,904,46,46,3.1149999999999998,WHITE RETRODISC LAMPSHADE,0.0,0.0,0.0,0.0,1841.7,0.0,0.0,2.037278761061947,40.03695652173913,0.009499547939172811,1831
23525,1863.8200000000002,582,53,53,4.1639622641509435,WALL ART BUFFALO BILL ,-22.5,6.0,1.0,1.0,1841.3200000000002,0.012071981199901277,0.010309278350515464,3.2024398625429558,35.16641509433963,0.009497587886929294,1832
23378,1840.08,3997,183,176,0.46322404371584697,PACK OF 12 50'S CHRISTMAS TISSUES,0.0,0.0,0.0,0.0,1840.08,0.0,0.0,0.46036527395546656,10.455,0.009491191926976764,1833
16169E,1892.46,4563,150,149,0.41919999999999996,WRAP 50'S  CHRISTMAS,-52.5,125.0,2.0,2.0,1839.96,0.027741669572936813,0.027394258163488932,0.4147403024326101,12.701073825503356,0.00949057296311039,1834
22317,1839.4600000000003,589,169,167,3.6885798816568047,FIVE CATS HANGING DECORATION,0.0,0.0,0.0,0.0,1839.4600000000003,0.0,0.0,3.123022071307301,11.014730538922157,0.0094879939470005,1835
84006,1842.75,1962,224,212,1.1160714285714286,MAGIC TREE -PAPER FLOWERS,-4.25,5.0,2.0,2.0,1838.5,0.002306335639668973,0.0025484199796126403,0.9392201834862385,8.692216981132075,0.009483042236069508,1836
22686,1864.91,1410,224,221,1.8215625,FRENCH BLUE METAL DOOR SIGN No,-30.0,24.0,2.0,2.0,1834.91,0.016086567180185637,0.01702127659574468,1.322631205673759,8.438506787330317,0.00946452490040049,1837
21659,1891.7,120,66,66,17.163636363636364,GLASS CAKE STAND,-59.8,4.0,4.0,4.0,1831.9,0.03161177776603055,0.03333333333333333,15.764166666666666,28.662121212121214,0.009448999223418946,1838
70007,1848.62,1365,226,205,2.174380530973451,HI TEC ALPINE HAND WARMER,-19.8,12.0,1.0,1.0,1828.82,0.010710692300202313,0.008791208791208791,1.3543003663003663,9.017658536585365,0.009433112484182016,1839
85173,1841.25,1021,154,150,2.9478571428571425,SET/6 FROG PRINCE T-LIGHT CANDLES,-12.75,5.0,1.0,1.0,1828.5,0.006924643584521385,0.004897159647404506,1.8033790401567091,12.275,0.009431461913871687,1840
22324,1841.51,681,158,152,3.3361392405063293,BLUE POLKADOT KIDS BAG,-15.6,8.0,1.0,1.0,1825.91,0.008471308871523912,0.011747430249632892,2.7041262848751835,12.115197368421052,0.00941810261042245,1841
21391,1828.73,1421,181,175,1.9124309392265193,FRENCH LAVENDER SCENT HEART,-6.300000000000001,3.0,1.0,1.0,1822.43,0.003445013752713632,0.00211118930330753,1.2869317382125265,10.449885714285715,0.00940015265829761,1842
23075,1960.3,472,80,80,4.248500000000001,PARLOUR CERAMIC WALL HOOK,-141.10000000000002,34.0,6.0,6.0,1819.1999999999998,0.07197877875835333,0.07203389830508475,4.153177966101695,24.50375,0.00938349221422771,1843
22535,1865.86,4461,305,298,0.4711475409836065,MAGIC DRAWING SLATE BUNNIES ,-50.4,120.0,3.0,3.0,1815.4599999999998,0.027011672901503865,0.026899798251513115,0.4182604797130688,6.261275167785235,0.009364201173725726,1844
22533,1844.76,4670,246,231,0.4761788617886179,MAGIC DRAWING SLATE BAKE A CAKE ,-30.240000000000002,72.0,2.0,2.0,1814.52,0.01639237624406427,0.015417558886509636,0.3950235546038544,7.985974025974026,0.009359352623439132,1845
84327A,1820.27,959,123,123,2.0976422764227642,PINK JUMPER LARRY THE LAMB,-6.76,4.0,1.0,1.0,1813.51,0.0037137347756102117,0.004171011470281543,1.898091762252346,14.798943089430894,0.009354143010897152,1846
85164B,1825.1799999999998,140,65,65,16.834,BLACK BAROQUE CUCKOO CLOCK,-12.75,1.0,1.0,1.0,1812.4299999999998,0.006985612377957243,0.007142857142857143,13.036999999999999,28.079692307692305,0.009348572336099785,1847
84797B,1845.2,323,33,33,10.58848484848485,BLUE SAVANNAH PICNIC HAMPER FOR 4,-33.9,2.0,1.0,1.0,1811.3,0.018371992195967916,0.006191950464396285,5.712693498452013,55.915151515151514,0.009342743759691432,1848
22680,1847.95,1378,234,230,1.5861965811965812,FRENCH BLUE METAL DOOR SIGN 5,-37.5,30.0,2.0,2.0,1810.45,0.020292756838659054,0.02177068214804064,1.3410377358490566,8.034565217391304,0.009338359432304618,1849
23228,1960.0,1492,126,125,1.7907142857142857,FILIGREE HEART BIRD WHITE ,-149.76,144.0,1.0,1.0,1810.24,0.07640816326530611,0.09651474530831099,1.3136729222520107,15.68,0.009337276245538463,1850
21384,1810.1899999999998,1917,152,150,1.048157894736842,IVORY HANGING DECORATION  BUTTERFLY,0.0,0.0,0.0,0.0,1810.1899999999998,0.0,0.0,0.9442827334376629,12.067933333333333,0.009337018343927474,1851
22586,1848.9399999999998,2122,311,295,1.0099035369774918,FELTCRAFT HAIRBAND PINK AND BLUE,-40.800000000000004,48.0,2.0,2.0,1808.1399999999999,0.02206669767542484,0.022620169651272386,0.8713195098963241,6.267593220338982,0.00932644437787692,1852
23148,1816.3100000000002,2139,254,247,0.9133858267716536,MINIATURE ANTIQUE ROSE HOOK IVORY,-10.79,13.0,7.0,7.0,1805.5200000000002,0.00594061586403202,0.006077606358111267,0.8491397849462367,7.3534817813765185,0.009312930333461093,1853
47566b,1803.61,217,116,113,8.32103448275862,TEA TIME PARTY BUNTING,0.0,0.0,0.0,0.0,1803.61,0.0,0.0,8.311566820276497,15.961150442477875,0.009303078491921307,1854
21096,2711.7099999999996,15919,143,143,0.6567832167832168,SET/6 FRUIT SALAD  PAPER PLATES,-911.04,7008.0,1.0,1.0,1800.6699999999996,0.3359651290145333,0.44022865757899365,0.1703442427288146,18.96300699300699,0.009287913877195146,1855
21161,1843.22,2383,216,206,1.6793981481481481,KEEP OUT BOYS DOOR HANGER ,-47.66,86.0,3.0,3.0,1795.56,0.025856924295526305,0.0360889634913974,0.7734872010071339,8.947669902912622,0.009261556332552061,1856
72816,1823.84,1454,151,136,1.9540397350993377,SET/3 CHRISTMAS DECOUPAGE CANDLES,-30.0,24.0,1.0,1.0,1793.84,0.016448811299236775,0.016506189821182942,1.2543603851444292,13.410588235294117,0.009252684517134036,1857
21158,1827.85,2606,328,310,1.2819817073170732,MOODY GIRL DOOR HANGER ,-38.17,97.0,3.0,3.0,1789.6799999999998,0.0208824575320732,0.037221795855717575,0.7014006139677667,5.8962903225806444,0.009231227103099742,1858
22422,1803.99,2785,375,354,0.9937333333333332,TOOTHPASTE TUBE PEN,-15.6,24.0,1.0,1.0,1788.39,0.008647498045998037,0.008617594254937163,0.6477522441651705,5.096016949152542,0.009224573241536225,1859
22975,1788.51,1322,210,193,1.5617619047619047,SPACEBOY CHILDRENS EGG CUP,-1.25,1.0,1.0,1.0,1787.26,0.0006989057930903378,0.0007564296520423601,1.3528819969742814,9.266891191709844,0.00921874466512787,1860
47591B,1787.25,1109,294,281,1.6691836734693877,SCOTTIES CHILDRENS APRON,0.0,0.0,0.0,0.0,1787.25,0.0,0.0,1.6115870153291254,6.360320284697509,0.009218693084805671,1861
23160,1794.48,1450,76,76,1.4881578947368421,REGENCY TEA SPOON,-7.5,6.0,2.0,2.0,1786.98,0.00417948375016718,0.004137931034482759,1.2375724137931035,23.61157894736842,0.009217300416106331,1862
37343,1782.2,1123,107,104,2.088317757009346,SPOTS DESIGN MUG W PINK INSIDE,0.0,0.0,0.0,0.0,1782.2,0.0,0.0,1.58699910952805,17.13653846153846,0.009192645022095772,1863
84748,1781.1200000000001,1170,94,93,3.4468085106382977,FOLK FELT HANGING MULTICOL GARLAND,0.0,0.0,0.0,0.0,1781.1200000000001,0.0,0.0,1.5223247863247864,19.151827956989248,0.009187074347298407,1864
23317,1777.46,173,82,82,11.226951219512195,BLUE REFECTORY CLOCK ,0.0,0.0,0.0,0.0,1777.46,0.0,0.0,10.274335260115608,21.676341463414634,0.009168195949374004,1865
23155,1904.7700000000002,2221,135,135,1.472074074074074,KNICKERBOCKERGLORY MAGNET ASSORTED ,-129.71,169.0,14.0,14.0,1775.0600000000002,0.06809746058579251,0.07609185051778478,0.8576181900045026,14.109407407407408,0.009155816672046528,1866
21294,1773.75,2342,143,139,1.1288111888111887,ETCHED GLASS COASTER,0.0,0.0,0.0,0.0,1773.75,0.0,0.0,0.7573654995730145,12.760791366906474,0.009149059649838611,1867
21357,1832.76,1392,218,211,1.518394495412844,TOAST ITS - DINOSAUR,-60.0,48.0,1.0,1.0,1772.76,0.03273751063969096,0.034482758620689655,1.3166379310344827,8.6860663507109,0.009143953197941028,1868
22546,1765.8999999999999,4381,184,181,0.5203804347826086,MINI JIGSAW PURDEY,-0.42,1.0,1.0,1.0,1765.4799999999998,0.00023783906223455464,0.00022825838849577722,0.403081488244693,9.75635359116022,0.009106402723381013,1869
21529,1790.44,503,152,152,4.022302631578947,RETRO SPOT CERAMIC TOASTRACK,-27.6,8.0,5.0,5.0,1762.8400000000001,0.01541520520095619,0.015904572564612324,3.5595228628230617,11.77921052631579,0.00909278551832079,1870
21000,1762.67,695,99,94,3.7487878787878786,ROSE DU SUD COSMETICS BAG,0.0,0.0,0.0,0.0,1762.67,0.0,0.0,2.5362158273381294,18.7518085106383,0.009091908652843426,1871
85127,1785.46,289,87,81,6.918275862068965,SMALL SQUARE CUT GLASS CANDLESTICK,-24.75,5.0,1.0,1.0,1760.71,0.01386197394508978,0.01730103806228374,6.178062283737025,22.042716049382715,0.009081798909692653,1872
10125,1755.65,2148,178,167,0.9329213483146067,MINI FUNKY DESIGN TAPES,0.0,0.0,0.0,0.0,1755.65,0.0,0.0,0.8173417132216015,10.512874251497006,0.009055699266660557,1873
84507B,1764.03,1349,116,115,2.9207758620689654,STRIPES DESIGN MONKEY DOLL,-11.049999999999999,7.0,4.0,4.0,1752.98,0.006264065803869548,0.005189028910303929,1.30765752409192,15.339391304347826,0.009041927320633737,1874
21662,1776.6100000000001,273,110,106,7.488545454545455,VINTAGE GLASS COFFEE CADDY,-23.8,4.0,4.0,4.0,1752.8100000000002,0.013396299694361733,0.014652014652014652,6.507728937728938,16.760471698113207,0.009041050455156375,1875
21189,1752.64,813,130,123,2.4896153846153846,WHITE HONEYCOMB PAPER GARLAND ,0.0,0.0,0.0,0.0,1752.64,0.0,0.0,2.155768757687577,14.249105691056911,0.00904017358967901,1876
22446,1772.03,624,191,186,3.0554450261780106,PIN CUSHION BABUSHKA PINK,-20.1,6.0,1.0,1.0,1751.93,0.011342923088209568,0.009615384615384616,2.8397916666666667,9.527043010752688,0.009036511386802967,1877
20729,1778.12,5262,121,121,1.4020661157024794,RED SPOTTY CANDY BAG,-27.5,22.0,3.0,3.0,1750.62,0.015465772838728546,0.004180919802356519,0.33791714177118964,14.695206611570248,0.00902975436459505,1878
21780,1745.8500000000001,203,32,32,10.9125,MA CAMPAGNE 4 DRAWER WALL SHELF,0.0,0.0,0.0,0.0,1745.8500000000001,0.0,0.0,8.60024630541872,54.557812500000004,0.00900515055090669,1879
23399,1745.55,1914,234,225,1.1070085470085471,HOME SWEET HOME HANGING HEART,0.0,0.0,0.0,0.0,1745.55,0.0,0.0,0.9119905956112853,7.758,0.009003603141240754,1880
21163,1788.3,2817,270,253,1.3602962962962961,DO NOT TOUCH MY STUFF DOOR HANGER ,-46.01,85.0,3.0,3.0,1742.29,0.02572834535592462,0.03017394391196308,0.6348242811501598,7.068379446640316,0.008986787956204265,1881
22209,1777.1000000000001,1428,261,257,1.4246360153256705,WOOD STAMP SET HAPPY BIRTHDAY,-36.36,28.0,3.0,3.0,1740.7400000000002,0.020460300489561642,0.0196078431372549,1.244467787114846,6.914785992217899,0.008978793006263605,1882
23101,1739.63,2031,214,213,0.9744859813084111,SILVER STARS TABLE DECORATION,0.0,0.0,0.0,0.0,1739.63,0.0,0.0,0.8565386509108814,8.167276995305166,0.008973067590499645,1883
23096,1736.69,1033,146,146,2.027808219178082,PETIT TRAY CHIC,0.0,0.0,0.0,0.0,1736.69,0.0,0.0,1.681210067763795,11.89513698630137,0.008957902975773485,1884
21548,1776.1200000000001,682,108,107,3.7270370370370376,CERAMIC BIRDHOUSE FINCH BLUE ROOF,-44.25,15.0,4.0,4.0,1731.8700000000001,0.024913857171812714,0.021994134897360705,2.6042815249266864,16.5992523364486,0.008933041260474136,1885
85232A,1889.88,375,139,138,5.423597122302159,SET/3 POLKA DOT STACKING TINS,-158.4,32.0,15.0,15.0,1731.48,0.0838148453870087,0.08533333333333333,5.039680000000001,13.694782608695652,0.00893102962790842,1886
84843,1742.96,282,112,110,7.069642857142857,WHITE SOAP RACK WITH 2 BOTTLES,-11.9,2.0,2.0,2.0,1731.06,0.006827465920044063,0.0070921985815602835,6.180709219858156,15.84509090909091,0.008928863254376113,1887
23372,1750.29,1389,151,147,1.6135761589403974,SET 36 COLOUR PENCILS DOLLY GIRL,-20.0,16.0,1.0,1.0,1730.29,0.011426677864810974,0.011519078473722102,1.2601079913606912,11.906734693877551,0.008924891569566879,1888
20767,1746.71,814,181,179,2.6790055248618785,BLUE PAISLEY JOURNAL ,-17.85,7.0,2.0,2.0,1728.8600000000001,0.010219212118783313,0.0085995085995086,2.145835380835381,9.758156424581006,0.008917515583492592,1889
22770,1829.52,114,73,71,16.29191780821918,MIRROR CORNICE,-104.64999999999999,7.0,6.0,6.0,1724.87,0.05720079583715947,0.06140350877192982,16.04842105263158,25.76788732394366,0.00889693503493566,1890
23122,1726.09,2251,136,133,1.0386029411764706,PARTY CHARMS 50 PIECES,-2.4899999999999998,3.0,2.0,2.0,1723.6,0.001442566725952876,0.0013327410039982231,0.7668103065304309,12.978120300751879,0.008890384334016536,1891
22026,1728.4,4054,369,366,0.5350677506775068,BANQUET BIRTHDAY  CARD  ,-5.04,12.0,1.0,1.0,1723.3600000000001,0.0029159916685952323,0.0029600394671928957,0.4263443512580168,4.7224043715847,0.00888914640628379,1892
21637,1741.72,1358,93,93,1.8408602150537634,ASSORTED SANSKRIT MINI NOTEBOOK,-22.5,18.0,1.0,1.0,1719.22,0.012918264703855958,0.013254786450662739,1.2825625920471282,18.72817204301075,0.008867792152893891,1893
21205,1772.3899999999999,677,152,144,2.931315789473684,MULTICOLOUR 3D BALLS GARLAND,-53.55,21.0,5.0,4.0,1718.84,0.030213440608443966,0.0310192023633678,2.6180059084194975,12.308263888888888,0.008865832100650372,1894
22035,1737.98,4097,364,360,0.5553846153846154,VINTAGE CARAVAN GREETING CARD ,-20.580000000000002,49.0,2.0,2.0,1717.4,0.011841333041807156,0.01195997071027581,0.42420795704173786,4.8277222222222225,0.008858404534253888,1895
22254,1807.21,1410,151,148,1.5190066225165564,FELT TOADSTOOL LARGE,-90.0,72.0,7.0,7.0,1717.21,0.049800521245455705,0.05106382978723404,1.2817092198581561,12.210878378378379,0.00885742450813213,1896
23244,1733.9799999999998,936,112,112,2.089642857142857,ROUND STORAGE TIN VINTAGE LEAF,-16.95,9.0,5.0,5.0,1717.0299999999997,0.009775199252586535,0.009615384615384616,1.8525427350427348,15.481964285714284,0.008856496062332566,1897
21090,1730.79,3109,280,278,0.7295714285714285,SET/6 COLLAGE PAPER PLATES,-14.04,36.0,3.0,3.0,1716.75,0.008111902657168114,0.011579285944033452,0.5567031199742682,6.225863309352518,0.008855051813311029,1898
21895,1731.35,557,88,85,4.887386363636364,POTTING SHED SOW 'N' GROW SET,-17.0,4.0,1.0,1.0,1714.35,0.009818927426574638,0.00718132854578097,3.10834829443447,20.368823529411763,0.008842672535983552,1899
21652,1747.9399999999998,896,79,78,2.098860759493671,GLASS ETCHED T-LIGHT HOLDER MEDIUM,-40.949999999999996,21.0,3.0,3.0,1706.9899999999998,0.023427577605638638,0.0234375,1.9508258928571427,22.409487179487176,0.008804709418845954,1900
22516,1711.1200000000001,842,167,162,2.515928143712575,CHILDS GARDEN RAKE BLUE,-6.300000000000001,3.0,1.0,1.0,1704.8200000000002,0.0036817990555893217,0.0035629453681710215,2.032209026128266,10.56246913580247,0.008793516488929029,1901
84535B,1766.53,2711,341,327,0.8517302052785923,FAIRY CAKES NOTEBOOK A6 SIZE,-61.75,95.0,2.0,2.0,1704.78,0.03495553429604932,0.035042419771302104,0.6516156399852453,5.402232415902141,0.008793310167640237,1902
20990,1706.1399999999999,895,106,103,2.2476415094339623,SPRING FLOWER CHOPSTICKS SET/5,-1.95,1.0,1.0,1.0,1704.1899999999998,0.0011429308263096816,0.0011173184357541898,1.9063016759776534,16.564466019417473,0.008790266928630565,1903
21251,1701.66,598,134,132,3.555223880597015,DINOSAUR HEIGHT CHART STICKER SET,0.0,0.0,0.0,0.0,1701.66,0.0,0.0,2.8455852842809364,12.891363636363637,0.008777217107114516,1904
23181,1733.57,201,82,82,9.421463414634145,BULL DOG BOTTLE TOP WALL CLOCK,-33.0,4.0,4.0,4.0,1700.57,0.01903586241109387,0.01990049751243781,8.624726368159203,21.14109756097561,0.008771594851994954,1905
20996,1705.28,6337,342,335,0.38409356725146193,JAZZ HEARTS ADDRESS BOOK,-5.88,14.0,1.0,1.0,1699.3999999999999,0.003448114092700319,0.002209247277891747,0.26909894271737417,5.0903880597014926,0.008765559954297808,1906
72817,1729.1,1590,229,214,1.3115720524017467,SET OF 2 CHRISTMAS DECOUPAGE CANDLE,-30.0,24.0,1.0,1.0,1699.1,0.017350066508588283,0.01509433962264151,1.0874842767295596,8.079906542056074,0.008764012544631872,1907
22934,1707.47,589,78,78,3.2253846153846157,BAKING MOULD EASTER EGG WHITE CHOC,-8.850000000000001,3.0,1.0,1.0,1698.6200000000001,0.005183107170257751,0.0050933786078098476,2.89893039049236,21.890641025641028,0.008761536689166379,1908
85060,1745.62,1448,88,87,1.405909090909091,WOOD FAN WITH FLOWER DESIGN,-47.5,38.0,4.0,4.0,1698.12,0.027210962294199198,0.026243093922651933,1.205538674033149,20.064597701149424,0.008758957673056487,1909
84795A,1696.02,208,71,70,9.646056338028169,PASTEL STRIPE HAMMOCK ,0.0,0.0,0.0,0.0,1696.02,0.0,0.0,8.153942307692308,24.22885714285714,0.008748125805394944,1910
23214,1695.04,789,104,103,2.3925961538461538,JINGLE BELL HEART ANTIQUE GOLD,0.0,0.0,0.0,0.0,1695.04,0.0,0.0,2.148339670468948,16.456699029126213,0.008743070933819558,1911
85014C,2270.73,547,72,72,6.527916666666666,BLUE/BROWN DOTS RUFFLED UMBRELLA,-576.0,192.0,1.0,1.0,1694.73,0.25366291897319365,0.3510054844606947,4.151243144424131,31.537916666666668,0.008741471943831427,1912
23073,1706.5,143,61,61,12.411475409836067,GEORGIAN TRINKET BOX,-12.5,1.0,1.0,1.0,1694.0,0.00732493407559332,0.006993006993006993,11.933566433566433,27.975409836065573,0.008737706580310986,1913
22706,1714.24,4272,127,125,0.4174803149606299,WRAP COWBOYS  ,-21.0,50.0,2.0,2.0,1693.24,0.01225032667537801,0.011704119850187267,0.40127340823970037,13.71392,0.008733786475823952,1914
21576,1711.5,742,210,205,2.523,LETS GO SHOPPING COTTON TOTE BAG,-20.25,9.0,3.0,3.0,1691.25,0.011831726555652936,0.012129380053908356,2.306603773584906,8.348780487804879,0.008723521991706585,1915
22679,1699.44,1265,232,230,1.6368965517241378,FRENCH BLUE METAL DOOR SIGN 4,-12.5,10.0,1.0,1.0,1686.94,0.0073553641199453935,0.007905138339920948,1.3434308300395257,7.388869565217392,0.008701290872839324,1916
37342,1731.4,1629,132,131,2.103712121212121,POLKADOT COFFEE CUP & SAUCER PINK,-45.68,56.0,3.0,3.0,1685.72,0.026383273651380386,0.03437691835481891,1.0628606507059546,13.216793893129772,0.008694998073531189,1917
82615,1695.77,618,91,90,3.26945054945055,PINK MARSHMALLOW SCARF KNITTING KIT,-11.0,4.0,2.0,2.0,1684.77,0.006486728742695059,0.006472491909385114,2.743964401294498,18.84188888888889,0.008690097942922395,1918
21446,1683.61,1266,246,232,1.4945528455284551,12 RED ROSE PEG PLACE SETTINGS,0.0,0.0,0.0,0.0,1683.61,0.0,0.0,1.329865718799368,7.256939655172413,0.008684114625547449,1919
85039A,1687.93,1464,258,251,1.636550387596899,SET/4 RED MINI ROSE CANDLE IN BOWL,-4.949999999999999,3.0,2.0,2.0,1682.98,0.0029325860669577523,0.0020491803278688526,1.1529576502732242,6.7248207171314744,0.008680865065248986,1920
18098c,1682.01,332,142,135,5.066971830985915,PORCELAIN BUTTERFLY OIL BURNER,0.0,0.0,0.0,0.0,1682.01,0.0,0.0,5.066295180722892,12.459333333333333,0.008675861773995796,1921
17129F,1691.22,1584,149,145,1.4073154362416107,BLUE GLASS GEMS IN BAG,-11.66,8.0,2.0,2.0,1679.56,0.00689443123898724,0.005050505050505051,1.0676893939393939,11.663586206896552,0.00866322459505733,1922
21927,1758.24,1284,194,192,1.6855670103092784,BLUE/CREAM STRIPE CUSHION COVER ,-81.25,65.0,12.0,12.0,1676.99,0.046210983710983713,0.050623052959501556,1.3693457943925234,9.1575,0.00864996845225249,1923
21157,1688.45,713,185,176,2.918810810810811,RED SPOTTY WASHBAG,-12.6,6.0,1.0,1.0,1675.8500000000001,0.007462465574935591,0.008415147265077139,2.3680925666199157,9.59346590909091,0.00864408829552194,1924
46776F,1675.73,487,157,157,4.206687898089172,WOVEN ROSE GARDEN CUSHION COVER ,0.0,0.0,0.0,0.0,1675.73,0.0,0.0,3.440924024640657,10.67343949044586,0.008643469331655565,1925
23368,1679.55,2379,236,232,0.784322033898305,SET 12 COLOUR PENCILS DOLLY GIRL ,-3.9,6.0,2.0,2.0,1675.6499999999999,0.0023220505492542644,0.0025220680958385876,0.7059899117276166,7.239439655172413,0.008643056689077982,1926
85131A,1686.8799999999999,2082,204,199,0.9774019607843136,BEADED PEARL HEART WHITE ON STICK,-12.52,14.0,4.0,4.0,1674.36,0.007421986151949161,0.0067243035542747355,0.8102209414024976,8.47678391959799,0.008636402827514463,1927
35809A,1670.99,1138,179,177,2.4905027932960895,ENAMEL PINK TEA CONTAINER,0.0,0.0,0.0,0.0,1670.99,0.0,0.0,1.4683567662565906,9.440621468926553,0.008619020258933798,1928
85049a,1669.64,499,53,51,3.317735849056604,TRADITIONAL CHRISTMAS RIBBONS,0.0,0.0,0.0,0.0,1669.64,0.0,0.0,3.345971943887776,32.73803921568628,0.008612056915437092,1929
21382,1674.51,1241,154,152,2.2284415584415584,SET/4 SPRING FLOWER DECORATION,-6.0,8.0,1.0,1.0,1668.51,0.0035831377537309424,0.0064464141821112,1.3493231265108783,11.016513157894737,0.008606228339028738,1930
23366,1667.95,2249,198,195,0.8156565656565656,SET 12 COLOURING PENCILS DOILY,0.0,0.0,0.0,0.0,1667.95,0.0,0.0,0.7416407292129835,8.553589743589743,0.00860333984098566,1931
84913B,1672.3700000000001,442,210,200,3.687,MINT GREEN ROSE TOWEL,-4.65,1.0,1.0,1.0,1667.72,0.002780485179715015,0.0022624434389140274,3.7836425339366517,8.36185,0.00860215349357511,1932
21694,1663.9600000000003,580,73,70,3.2620547945205485,SMALL REGAL  SILVER CANDLEPOT ,0.0,0.0,0.0,0.0,1663.9600000000003,0.0,0.0,2.8688965517241383,23.770857142857146,0.008582759292428731,1933
22323,1683.31,635,117,116,3.1910256410256412,PINK POLKADOT KIDS BAG,-23.4,12.0,4.0,4.0,1659.9099999999999,0.013901182788672318,0.01889763779527559,2.6508818897637796,14.511293103448276,0.00856186926193861,1934
22319,1705.8400000000001,2999,175,174,0.8072571428571429,HAIRCLIPS FORTIES FABRIC ASSORTED,-50.050000000000004,77.0,8.0,8.0,1655.7900000000002,0.029340383623317545,0.02567522507502501,0.5688029343114372,9.80367816091954,0.00854061816919311,1935
22410,1667.46,1363,198,198,1.393080808080808,MONEY BOX HOUSEKEEPING DESIGN,-15.0,12.0,1.0,1.0,1652.46,0.00899571803821381,0.00880410858400587,1.2233749082905356,8.421515151515152,0.008523441921901234,1936
23505,1651.29,1200,117,115,1.3546153846153848,PLAYING CARDS I LOVE LONDON ,0.0,0.0,0.0,0.0,1651.29,0.0,0.0,1.376075,14.359043478260869,0.008517407024204088,1937
21448,1648.48,959,218,211,1.8827522935779817,12 DAISY PEGS IN WOOD BOX,0.0,0.0,0.0,0.0,1648.48,0.0,0.0,1.7189572471324297,7.812701421800948,0.008502912953666501,1938
22025,1650.93,3987,291,288,0.5378006872852233,RING OF ROSES BIRTHDAY CARD,-5.04,12.0,1.0,1.0,1645.89,0.0030528247714924316,0.0030097817908201654,0.41407825432656137,5.732395833333333,0.008489553650217266,1939
23273,1649.05,969,113,112,1.8786725663716815,HEART T-LIGHT HOLDER WILLIE WINKIE,-6.6,4.0,4.0,4.0,1642.45,0.004002304357054062,0.0041279669762641896,1.7018059855521155,14.723660714285714,0.008471810019381215,1940
37441,1639.8,700,54,54,5.037777777777778,ASSORTED WHITE EMBOSSED CHINA MUGS,-2.1,1.0,1.0,1.0,1637.7,0.0012806439809732895,0.0014285714285714286,2.3425714285714285,30.366666666666667,0.00844730936633725,1941
23270,1646.32,1174,128,125,1.501171875,SET OF 2 CERAMIC PAINTED HEARTS ,-8.7,6.0,1.0,1.0,1637.62,0.005284513338840565,0.005110732538330494,1.4023168654173765,13.17056,0.008446896723759666,1942
21633,1663.11,175,72,72,13.04888888888889,SUNFLOWER DECORATIVE PARASOL,-25.5,2.0,2.0,2.0,1637.61,0.015332720024532353,0.011428571428571429,9.503485714285715,23.09875,0.008446845143437468,1943
22922,1819.8,2109,116,113,1.6531896551724137,FRIDGE MAGNETS US DINER ASSORTED,-183.3,234.0,5.0,5.0,1636.5,0.10072535443455326,0.11095305832147938,0.8628733997155049,16.10442477876106,0.00844111972767351,1944
21545,1640.1200000000001,697,83,82,3.555542168674699,CERAMIC BIRDHOUSE BUTTERFLY SMALL,-5.9,2.0,2.0,2.0,1634.22,0.003597297758700583,0.0028694404591104736,2.3531133428981352,20.00146341463415,0.008429359414212408,1945
23391,1628.17,389,88,87,4.611363636363636, I LOVE LONDON MINI BACKPACK,0.0,0.0,0.0,0.0,1628.17,0.0,0.0,4.185526992287918,18.714597701149426,0.008398153319282725,1946
21793,1627.3600000000001,353,103,102,5.173203883495146,CLASSIC FRENCH STYLE BASKET BROWN,0.0,0.0,0.0,0.0,1627.3600000000001,0.0,0.0,4.6100849858356945,15.95450980392157,0.008393975313184702,1947
21656,1627.98,989,142,140,2.069154929577465,RIDGED GLASS POSY VASE ,-2.9,2.0,1.0,1.0,1625.08,0.0017813486652170174,0.0020222446916076846,1.646086956521739,11.628428571428572,0.008382214999723598,1948
84619,1622.96,72,29,29,35.91413793103448,BLUE GINGHAM ROSE QUILT ,0.0,0.0,0.0,0.0,1622.96,0.0,0.0,22.54111111111111,55.964137931034486,0.00837127997141766,1949
21284,1692.3600000000001,1560,142,140,1.9717605633802817,RETROSPOT CANDLE  SMALL,-70.92,60.0,4.0,3.0,1621.44,0.04190597745160604,0.038461538461538464,1.084846153846154,12.088285714285716,0.008363439762443591,1950
21541,1636.24,1907,203,201,1.0449261083743842,DINOSAURS WATER TRANSFER TATTOOS ,-16.15,19.0,3.0,3.0,1620.09,0.00987019019214785,0.009963293130571578,0.8580178290508652,8.140497512437811,0.008356476418946886,1951
21162,1660.6899999999998,2404,289,285,1.282629757785467,TOXIC AREA  DOOR HANGER ,-44.76,84.0,2.0,2.0,1615.9299999999998,0.02695265221082803,0.03494176372712146,0.6908028286189684,5.8269824561403505,0.008335019004912592,1952
23217,1613.82,1309,99,97,1.5415151515151517,LAUREL HEART ANTIQUE SILVER,0.0,0.0,0.0,0.0,1613.82,0.0,0.0,1.2328647822765468,16.637319587628866,0.00832413555692885,1953
23280,1614.16,2023,158,157,1.0603164556962026,FOLDING BUTTERFLY MIRROR HOT PINK ,-1.66,2.0,1.0,1.0,1612.5,0.0010283986717549685,0.0009886307464162135,0.7979041028175977,10.28127388535032,0.008317326954398739,1954
21837,1622.64,244,91,91,7.640989010989012,CROSS STITCH ALPHABET CUSHION COVER,-11.9,2.0,1.0,1.0,1610.74,0.007333727752304886,0.00819672131147541,6.65016393442623,17.83120879120879,0.008308248817691922,1955
23483,1636.36,1328,74,73,2.409054054054054,HANGING  BUTTERFLY T-LIGHT HOLDER,-26.240000000000002,22.0,4.0,4.0,1610.12,0.016035591190202647,0.016566265060240965,1.2321987951807227,22.4158904109589,0.008305050837715657,1956
22705,1620.36,3858,156,151,0.42,WRAP GREEN PEARS ,-10.5,25.0,1.0,1.0,1609.86,0.006480041472265423,0.006480041472265423,0.42,10.730860927152317,0.008303709749338514,1957
35471D,1611.9199999999998,2251,363,348,1.2463085399449034,SET OF 3 BIRD LIGHT PINK FEATHER ,-2.5,2.0,2.0,2.0,1609.4199999999998,0.0015509454563501913,0.000888494002665482,0.7160906263882718,4.631954022988506,0.008301440215161809,1958
21286,1638.19,1009,103,101,2.9543689320388347,RETROSPOT CANDLE  LARGE,-30.6,12.0,1.0,1.0,1607.5900000000001,0.018679151990916805,0.011892963330029732,1.623577799801784,16.219702970297032,0.00829200101619961,1959
21801,1618.71,3753,275,258,0.45592727272727274,CHRISTMAS TREE DECORATION WITH BELL,-15.12,36.0,1.0,1.0,1603.5900000000001,0.009340771354967844,0.009592326139088728,0.4313109512390088,6.27406976744186,0.00827136888732048,1960
35810A,1604.74,1205,172,171,2.3456976744186044,ENAMEL PINK COFFEE CONTAINER,-2.1,1.0,1.0,1.0,1602.64,0.0013086232037588645,0.0008298755186721991,1.331734439834025,9.384444444444444,0.008266468756711687,1961
48195,1627.99,269,87,87,8.18344827586207,DOOR MAT GREEN PAISLEY ,-27.0,4.0,2.0,2.0,1600.99,0.016584868457422956,0.01486988847583643,6.052007434944238,18.712528735632183,0.008257958003549046,1962
21675,1610.6399999999999,1817,276,268,1.0546739130434781,BUTTERFLIES STICKERS,-10.2,12.0,1.0,1.0,1600.4399999999998,0.00633288630606467,0.006604292790313704,0.8864281783159053,6.009850746268656,0.008255121085828165,1963
22260,1613.96,1571,253,241,1.2922529644268774,FELT EGG COSY BLUE RABBIT ,-13.6,16.0,2.0,2.0,1600.3600000000001,0.008426478970978214,0.010184595798854232,1.0273456397199237,6.696929460580913,0.008254708443250583,1964
21593,1629.31,1391,96,94,1.2480208333333334,SWALLOW CIGAR BOX MATCHES ,-30.0,24.0,1.0,1.0,1599.31,0.018412702309566625,0.017253774263120056,1.1713227893601725,17.333085106382978,0.008249292509419812,1965
22517,1597.8300000000002,808,154,152,2.416623376623377,CHILDS GARDEN RAKE PINK,0.0,0.0,0.0,0.0,1597.8300000000002,0.0,0.0,1.9775123762376239,10.512039473684212,0.008241658621734536,1966
20802,1630.05,1067,119,116,2.106974789915966,SMALL GLASS SUNDAE DISH CLEAR,-34.92,48.0,4.0,4.0,1595.1299999999999,0.021422655746756235,0.04498594189315839,1.5276944704779756,14.052155172413793,0.008227731934741123,1967
22786,1594.98,254,98,92,7.166530612244898,CUSHION COVER PINK UNION JACK,0.0,0.0,0.0,0.0,1594.98,0.0,0.0,6.279448818897638,17.336739130434783,0.008226958229908155,1968
21645,1642.65,969,135,133,1.844148148148148,ASSORTED TUTTI FRUTTI ROUND BOX,-49.5,30.0,3.0,3.0,1593.15,0.030134234316500773,0.030959752321981424,1.695201238390093,12.35075187969925,0.008217519030945955,1969
90167,1809.67,2207,112,111,1.0860714285714286,BEADED LOVE HEART JEWELLERY SET,-217.56,300.0,2.0,2.0,1592.1100000000001,0.12022081373952156,0.13593112822836428,0.8199682827367467,16.303333333333335,0.00821215467743738,1970
35241,1651.49,312,133,130,6.076691729323309,ENAMEL BLUE RIM BISCUIT BIN,-59.400000000000006,12.0,6.0,6.0,1592.09,0.03596752023929906,0.038461538461538464,5.293237179487179,12.70376923076923,0.008212051516792985,1971
21867,1591.6299999999999,1166,311,288,1.5329581993569132,PINK UNION JACK  LUGGAGE TAG,0.0,0.0,0.0,0.0,1591.6299999999999,0.0,0.0,1.3650343053173242,5.526493055555555,0.008209678821971884,1972
35160,1590.64,2180,56,56,0.8171428571428571,BUDDHA INCENSE HOLDER ASSORTED,0.0,0.0,0.0,0.0,1590.64,0.0,0.0,0.729651376146789,28.404285714285717,0.008204572370074301,1973
21283,1629.2,512,82,81,3.6758536585365857,NATURAL BARK CANDLE SMALL,-39.0,12.0,1.0,1.0,1590.2,0.023938129143137737,0.0234375,3.18203125,20.113580246913582,0.008202302835897598,1974
20735,1589.03,1545,214,202,1.2007943925233644,BLACK MINI TAPE MEASURE ,0.0,0.0,0.0,0.0,1589.03,0.0,0.0,1.0284983818770226,7.866485148514851,0.008196267938200451,1975
20902,1588.8,212,121,116,9.394462809917355,VINTAGE KEEPSAKE BOX PARIS DAYS,0.0,0.0,0.0,0.0,1588.8,0.0,0.0,7.494339622641509,13.696551724137931,0.008195081590789901,1976
23348,1633.81,746,170,168,2.5796470588235296,CHILDRENS TOY COOKING UTENSIL SET,-47.260000000000005,23.0,8.0,8.0,1586.55,0.028926252134581137,0.030831099195710455,2.190093833780161,9.725059523809524,0.008183476018295392,1977
22123,1729.0,660,170,166,3.767352941176471,PING MICROWAVE APRON,-142.8,24.0,2.0,2.0,1586.2,0.08259109311740892,0.03636363636363636,2.6196969696969696,10.41566265060241,0.008181670707018467,1978
22673,1703.77,1347,200,195,1.45615,FRENCH GARDEN SIGN BLUE METAL,-118.01,109.0,3.0,3.0,1585.76,0.06926404385568476,0.08092056421677803,1.2648626577579807,8.737282051282051,0.008179401172841763,1979
20986,1584.84,1246,215,204,1.551720930232558,BLUE CALCULATOR RULER,0.0,0.0,0.0,0.0,1584.84,0.0,0.0,1.2719422150882824,7.7688235294117645,0.008174655783199564,1980
22099,1614.23,2144,306,291,1.2866339869281045,CARAVAN SQUARE TISSUE BOX,-30.0,24.0,3.0,3.0,1584.23,0.01858471221573134,0.011194029850746268,0.7529057835820896,5.547182130584193,0.008171509383545498,1981
15056bl,1583.52,126,93,87,12.572258064516129,EDWARDIAN PARASOL BLACK,0.0,0.0,0.0,0.0,1583.52,0.0,0.0,12.567619047619047,18.201379310344826,0.008167847180669452,1982
23369,1581.06,1105,129,126,1.4970542635658914,SET 36 COLOUR PENCILS LOVE LONDON,0.0,0.0,0.0,0.0,1581.06,0.0,0.0,1.4308235294117646,12.548095238095238,0.008155158421408787,1983
22912,1606.98,338,119,108,5.337058823529412,YELLOW COAT RACK PARIS FASHION,-29.700000000000003,6.0,2.0,2.0,1577.28,0.018481872829780085,0.01775147928994083,4.754378698224852,14.879444444444445,0.00813566105961801,1984
85222,1579.68,1406,52,50,2.2184615384615385,ASSORTED COLOUR SILK COSMETIC PURSE,-2.75,2.0,2.0,2.0,1576.93,0.0017408589081332928,0.001422475106685633,1.1235277382645805,31.593600000000002,0.008133855748341088,1985
21631,1571.75,221,54,54,10.77962962962963,HIPPY CHIC DECORATIVE PARASOL,0.0,0.0,0.0,0.0,1571.75,0.0,0.0,7.111990950226244,29.10648148148148,0.008107137141442615,1986
21711,1570.78,384,73,71,5.293013698630137,FOLDING UMBRELLA WHITE/RED POLKADOT,0.0,0.0,0.0,0.0,1570.78,0.0,0.0,4.090572916666667,22.123661971830984,0.008102133850189427,1987
15059A,1567.0,509,4,4,10.5,ENGLISH ROSE EDWARDIAN PARASOL,0.0,0.0,0.0,0.0,1567.0,0.0,0.0,3.0785854616895874,391.75,0.00808263648839865,1988
85180A,1636.42,629,100,99,3.9513,RED HEARTS LIGHT CHAIN ,-69.75,15.0,3.0,3.0,1566.67,0.042623531856124955,0.02384737678855326,2.601621621621622,16.52949494949495,0.008080934337766124,1989
84536B,1583.91,3541,415,399,0.5790361445783132,FAIRY CAKES NOTEBOOK A7 SIZE,-21.84,52.0,3.0,3.0,1562.0700000000002,0.013788662234596662,0.014685117198531489,0.4473058458062694,3.969699248120301,0.008057207389555125,1990
22976,1576.57,1210,162,149,1.5157407407407406,CIRCUS PARADE CHILDRENS EGG CUP ,-16.25,13.0,2.0,2.0,1560.32,0.010307185852832416,0.010743801652892562,1.3029504132231404,10.581006711409396,0.008048180833170505,1991
23287,1603.3899999999999,1879,200,198,1.03395,RED VINTAGE SPOT BEAKER,-43.349999999999994,51.0,2.0,2.0,1560.04,0.02703646648663145,0.027142096860031932,0.8533209153805215,8.097929292929292,0.008046736584148966,1992
21550,1565.51,295,67,64,6.715223880597015,CERAMIC BIRDHOUSE CRESTED TIT LARGE,-5.95,1.0,1.0,1.0,1559.56,0.0038006783731819025,0.003389830508474576,5.306813559322034,24.46109375,0.00804426072868347,1993
21383,1599.53,2218,331,323,0.9630211480362537,PACK OF 12 STICKY BUNNIES,-40.300000000000004,62.0,5.0,5.0,1559.23,0.025194901002169392,0.027953110910730387,0.7211587015329125,4.952105263157895,0.008042558578050942,1994
21972,1560.82,1055,171,171,1.644502923976608,SET OF 36 DINOSAUR PAPER DOILIES,-2.9,2.0,2.0,2.0,1557.9199999999998,0.0018579977191476276,0.0018957345971563982,1.4794502369668245,9.127602339181287,0.008035801555843027,1995
72803A,1574.75,729,99,97,4.38,ROSE SCENT CANDLE JEWELLED DRAWER,-17.0,4.0,4.0,4.0,1557.75,0.010795364343546594,0.0054869684499314125,2.160150891632373,16.234536082474225,0.008034924690365666,1996
22103,1760.64,1746,71,71,2.047042253521127,MIRROR MOSAIC T-LIGHT HOLDER ROUND,-203.31,483.0,4.0,4.0,1557.3300000000002,0.11547505452562704,0.2766323024054983,1.008384879725086,24.79774647887324,0.008032758316833357,1997
20766,1571.09,523,162,155,3.9695679012345684,GARDEN PATH SKETCHBOOK,-15.0,4.0,1.0,1.0,1556.09,0.009547511600226594,0.0076481835564053535,3.0039961759082217,10.136064516129032,0.008026362356880827,1998
21925,1577.33,1213,170,167,1.5755882352941177,UNION STRIPE CUSHION COVER ,-22.5,18.0,5.0,5.0,1554.83,0.014264611717269057,0.01483924154987634,1.3003544929925803,9.44508982035928,0.0080198632362839,1999
21092,1571.5,12846,28,28,1.1092857142857142,SET/6 STRAWBERRY PAPER PLATES,-20.4,24.0,2.0,2.0,1551.1,0.012981228125994271,0.0018682858477347033,0.12233380040479527,56.125,0.008000623776104113,2000
22337,1550.96,2509,156,146,0.7505128205128205,ANGEL DECORATION PAINTED ZINC ,0.0,0.0,0.0,0.0,1550.96,0.0,0.0,0.6181586289358311,10.623013698630137,0.007999901651593344,2001
75131,1549.77,1220,71,68,1.7238028169014084,METAL TUBE CHIME ON BAMBOO,0.0,0.0,0.0,0.0,1549.77,0.0,0.0,1.2703032786885247,22.790735294117646,0.007993763593251803,2002
22681,1563.28,1169,194,189,1.6186082474226804,FRENCH BLUE METAL DOOR SIGN 6,-14.81,12.0,3.0,3.0,1548.47,0.009473670743564812,0.010265183917878529,1.3372797262617622,8.271322751322751,0.007987058151366086,2003
21289,1573.06,1432,104,102,1.307596153846154,LARGE STRIPES CHOCOLATE GIFT BAG,-25.0,20.0,2.0,2.0,1548.06,0.015892591509541913,0.013966480446927373,1.0985055865921787,15.422156862745098,0.007984943358155977,2004
21002,1547.54,429,190,184,3.530578947368421,ROSE DU SUD DRAWSTRING BAG,0.0,0.0,0.0,0.0,1547.54,0.0,0.0,3.6073193473193474,8.41054347826087,0.00798226118140169,2005
21579,1583.9099999999999,1038,141,136,2.5964539007092196,LOLITA  DESIGN  COTTON TOTE BAG,-38.25,17.0,5.0,5.0,1545.6599999999999,0.02414909938064663,0.016377649325626204,1.5259248554913294,11.646397058823528,0.007972564080828498,2006
21851,1544.62,644,158,149,3.9796202531645566,LILAC DIAMANTE PEN IN GIFT BOX,0.0,0.0,0.0,0.0,1544.62,0.0,0.0,2.398478260869565,10.366577181208052,0.007967199727319924,2007
20772,1863.95,974,166,161,2.542289156626506,GARDEN PATH JOURNAL,-320.25000000000006,151.0,3.0,3.0,1543.7,0.17181254861986645,0.15503080082135523,1.9137063655030802,11.577329192546584,0.007962454337677725,2008
21610,1543.67,542,98,97,3.043571428571429,SET 12 PEAR BOTANICAL T-LIGHTS,0.0,0.0,0.0,0.0,1543.67,0.0,0.0,2.8480996309963102,15.914123711340206,0.007962299596711133,2009
22608,1575.47,5736,171,170,0.4692397660818713,PENS ASSORTED FUNKY JEWELED ,-31.93,43.0,2.0,2.0,1543.54,0.020266967952420546,0.007496513249651325,0.27466352859135285,9.267470588235295,0.00796162905252256,2010
20768,1541.8400000000001,770,151,149,2.556953642384106,GREEN FERN JOURNAL ,0.0,0.0,0.0,0.0,1541.8400000000001,0.0,0.0,2.0023896103896104,10.34791946308725,0.007952860397748932,2011
21542,1600.75,1877,191,190,1.016020942408377,WOODLAND WATER TRANSFER TATTOOS ,-59.5,70.0,6.0,6.0,1541.25,0.03717007652662814,0.03729355354288759,0.8528236547682472,8.425,0.00794981715873926,2012
23226,1596.67,1247,99,98,1.5736363636363635,FILIGREE HEART DAISY WHITE,-60.0,48.0,1.0,1.0,1536.67,0.03757820964883163,0.038492381716118684,1.2804089815557338,16.292551020408165,0.007926193371172657,2013
22288,1536.03,1314,129,119,1.5927906976744186,HANGING METAL RABBIT DECORATION,0.0,0.0,0.0,0.0,1536.03,0.0,0.0,1.168972602739726,12.90781512605042,0.007922892230551997,2014
84789,1566.01,446,125,124,4.046,ENCHANTED BIRD PLANT CAGE,-30.0,8.0,5.0,5.0,1536.01,0.01915696579204475,0.017937219730941704,3.5112331838565023,12.629112903225806,0.007922789069907602,2015
85170A,1587.16,849,85,84,2.552941176470588,SET/6 IVORY BIRD T-LIGHT CANDLES,-51.519999999999996,32.0,3.0,3.0,1535.64,0.03246049547619647,0.03769140164899882,1.8694464075382804,18.894761904761907,0.007920880597986282,2016
23524,1557.63,481,63,63,4.323968253968254,WALL ART HORSE & PONY ,-22.5,6.0,1.0,1.0,1535.13,0.014445022245334256,0.012474012474012475,3.2383160083160085,24.724285714285717,0.007918250001554192,2017
21332,1644.17,270,50,50,11.9834,MOROCCAN BEATEN METAL MIRROR,-109.75,21.0,5.0,5.0,1534.42,0.06675100506638608,0.07777777777777778,6.089518518518519,32.8834,0.007914587798678149,2018
22915,1570.76,3461,206,194,1.2712135922330097,ASSORTED BOTTLE TOP  MAGNETS ,-37.8,90.0,4.0,4.0,1532.96,0.024064783926252258,0.026004045073678126,0.45384570933256285,8.096701030927836,0.007907057071637266,2019
85194L,1560.6299999999999,1818,147,147,1.0477551020408162,HANGING SPRING FLOWER EGG LARGE,-28.049999999999997,33.0,5.0,5.0,1532.58,0.01797351069760289,0.018151815181518153,0.8584323432343234,10.616530612244897,0.007905097019393747,2020
85177,1533.28,1837,148,143,1.0074999999999998,BASKET OF FLOWERS SEWING KIT,-0.85,1.0,1.0,1.0,1532.43,0.0005543671084211625,0.0005443658138268917,0.8346652150244964,10.722237762237762,0.007904323314560781,2021
84795D,1538.79,189,83,83,8.78421686746988,SEASIDE STRIPE HAMMOCK,-6.95,1.0,1.0,1.0,1531.84,0.004516535719623861,0.005291005291005291,8.141746031746031,18.539638554216868,0.007901280075551109,2022
85036B,1555.6599999999999,604,88,87,3.0873863636363637,CHOCOLATE 1 WICK MORRIS BOX CANDLE,-25.5,6.0,1.0,1.0,1530.1599999999999,0.016391756553488554,0.009933774834437087,2.575596026490066,17.881149425287354,0.007892614581421873,2023
85221,1685.46,3558,48,47,1.0245833333333334,ASSORTED COLOUR SILK COIN PURSE,-155.92000000000002,131.0,4.0,4.0,1529.54,0.09250886998208205,0.036818437324339516,0.4737099494097808,35.86085106382979,0.00788941660144561,2024
22322,1536.51,1622,276,272,1.2351449275362318,BIRD DECORATION GREEN POLKADOT,-12.75,15.0,3.0,3.0,1523.76,0.008298026046039401,0.009247842170160296,0.9472934648581998,5.648933823529411,0.007859603175215269,2025
72008,1531.4,3819,220,215,0.441,FROSTED BOX 9 WHITE T-LIGHT CANDLES,-10.5,25.0,2.0,2.0,1520.9,0.006856471202820948,0.006546216286986122,0.40099502487562194,7.122790697674419,0.007844851203066694,2026
21785,1517.9899999999998,2008,104,100,0.9946153846153846,RAIN PONCHO ,0.0,0.0,0.0,0.0,1517.9899999999998,0.0,0.0,0.7559711155378485,15.179899999999998,0.007829841329307126,2027
21275,1731.43,250,56,55,14.07375,ZINC TOP  2 DOOR WOODEN SHELF ,-215.2,16.0,10.0,8.0,1516.23,0.12429032649312995,0.064,6.92572,31.480545454545457,0.007820763192600309,2028
84659A,1522.22,609,233,224,2.562103004291845,WHITE TRAVEL ALARM CLOCK,-7.6499999999999995,3.0,3.0,3.0,1514.57,0.005025554781831798,0.0049261083743842365,2.4995402298850573,6.795625,0.007812200859115471,2029
22982,1543.77,1154,212,212,1.6372169811320754,PANTRY PASTRY BRUSH,-30.0,24.0,2.0,2.0,1513.77,0.01943294661769564,0.02079722703639515,1.3377556325823223,7.281933962264151,0.007808074433339645,2030
22682,1526.88,1168,185,182,1.5444324324324323,FRENCH BLUE METAL DOOR SIGN 7,-13.75,11.0,2.0,2.0,1513.13,0.009005291836948547,0.009417808219178082,1.307260273972603,8.389450549450551,0.007804773292718985,2031
21146,1513.6699999999998,789,58,58,2.179655172413793,ANTIQUE GLASS RIDGED HANGING BALL,-3.9,2.0,1.0,1.0,1509.7699999999998,0.002576519320591675,0.0025348542458808617,1.918466413181242,26.097758620689653,0.007787442304460516,2032
21399,1554.6399999999999,2380,119,118,1.5319327731092438,BLUE POLKADOT COFFEE MUG,-45.39,112.0,5.0,4.0,1509.2499999999998,0.029196469922297127,0.047058823529411764,0.6532100840336134,13.174915254237288,0.007784760127706229,2033
23528,1504.49,479,50,50,4.7792,WALL ART SPACEBOY,0.0,0.0,0.0,0.0,1504.49,0.0,0.0,3.1408977035490606,30.0898,0.007760207894340068,2034
84856L,1504.15,239,82,81,7.798536585365854,LARGE TAHITI BEACH BAG,0.0,0.0,0.0,0.0,1504.15,0.0,0.0,6.293514644351465,18.569753086419755,0.007758454163385341,2035
84526,1503.6399999999999,538,34,34,2.112058823529412,GIANT BLACK SUNGLASSES,0.0,0.0,0.0,0.0,1503.6399999999999,0.0,0.0,2.7948698884758363,44.224705882352936,0.007755823566953252,2036
22137,1511.23,607,44,43,3.600909090909091,BATHROOM SET LOVE HEART DESIGN,-8.850000000000001,3.0,2.0,2.0,1502.38,0.005856156905302304,0.004942339373970346,2.489670510708402,35.14488372093023,0.007749324446356327,2037
85125,1520.19,313,64,62,5.46546875,SMALL ROUND CUT GLASS CANDLESTICK,-19.8,4.0,1.0,1.0,1500.39,0.013024687703510745,0.012779552715654952,4.856837060702875,24.519193548387097,0.007739059962238962,2038
23271,1496.8899999999999,1731,106,104,1.0537735849056602,CHRISTMAS TABLE SILVER CANDLE SPIKE,0.0,0.0,0.0,0.0,1496.8899999999999,0.0,0.0,0.8647544771808202,14.393173076923075,0.007721006849469722,2039
22815,1496.28,3496,346,340,0.5015028901734103,CARD PSYCHEDELIC APPLES,0.0,0.0,0.0,0.0,1496.28,0.0,0.0,0.42799771167048056,4.400823529411765,0.007717860449815655,2040
22340,1514.41,1800,185,184,1.2538378378378376,NOEL GARLAND PAINTED ZINC ,-19.049999999999997,13.0,2.0,2.0,1495.3600000000001,0.012579156239063395,0.007222222222222222,0.841338888888889,8.230489130434783,0.007713115060173456,2041
21807,1495.57,3395,188,172,0.5098404255319149,WHITE CHRISTMAS STAR DECORATION,-0.84,2.0,2.0,2.0,1494.73,0.0005616587655542703,0.000589101620029455,0.4405213549337261,8.695174418604651,0.007709865499874994,2042
22683,1509.18,1135,195,190,1.5988717948717948,FRENCH BLUE METAL DOOR SIGN 8,-15.0,12.0,2.0,2.0,1494.18,0.009939172265733709,0.010572687224669603,1.3296740088105727,7.943052631578948,0.007707028582154113,2043
85167B,1493.53,727,64,59,4.204375,BLACK GRAND BAROQUE PHOTO FRAME,0.0,0.0,0.0,0.0,1493.53,0.0,0.0,2.0543741403026132,25.314067796610168,0.007703675861211254,2044
21739,1496.1000000000001,509,182,177,3.050274725274725,COSY SLIPPER SHOES SMALL GREEN,-2.95,1.0,1.0,1.0,1493.15,0.001971793329322906,0.0019646365422396855,2.939292730844794,8.452542372881357,0.007701715808967737,2045
23334,1491.75,2271,136,130,0.7883823529411764,IVORY WICKER HEART SMALL,0.0,0.0,0.0,0.0,1491.75,0.0,0.0,0.6568692206076618,11.475,0.0076944945638600425,2046
21760,1740.0,15,13,12,116.92307692307692,FRENCH STYLE WALL DRESSER,-250.0,2.0,2.0,2.0,1490.0,0.14367816091954022,0.13333333333333333,116.0,145.0,0.007685468007475424,2047
21280,1800.44,3333,70,70,2.9934285714285713,VINTAGE KITCHEN PRINT VEGETABLES,-312.0,1248.0,1.0,1.0,1488.44,0.17329097331763346,0.37443744374437443,0.5401860186018602,25.72057142857143,0.007677421477212564,2048
21426,1649.17,1029,102,99,3.2083333333333335,WOODLAND STORAGE BOX SMALL,-161.4,104.0,10.0,10.0,1487.77,0.09786741209214332,0.1010689990281827,1.6026919339164238,16.65828282828283,0.00767396559562531,2049
16033,1544.52,15121,50,50,0.11639999999999999,MINI HIGHLIGHTER PENS,-57.6,480.0,4.0,4.0,1486.92,0.03729313961619144,0.031743932279611135,0.10214403809271873,30.8904,0.007669581268238496,2050
21051,1498.78,758,132,127,2.189318181818182,RIBBONS PURSE ,-12.6,6.0,1.0,1.0,1486.18,0.008406837561216456,0.0079155672823219,1.9772823218997362,11.801417322834645,0.007665764324395857,2051
20734,1485.6799999999998,1598,120,117,1.3359999999999999,SILVER MINI TAPE MEASURE ,-0.85,1.0,1.0,1.0,1484.83,0.0005721285875827905,0.0006257822277847309,0.929712140175219,12.698119658119657,0.007658800980899149,2052
85055,1484.31,369,114,107,4.680877192982456,FRENCH ENAMEL UTENSIL HOLDER,0.0,0.0,0.0,0.0,1484.31,0.0,0.0,4.022520325203252,13.872056074766355,0.007656118804144863,2053
21276,1558.94,677,29,29,4.253103448275862,TWO EMBOSSED HEART MINI DRAWERS,-76.2,16.0,3.0,3.0,1482.74,0.04887936674920138,0.023633677991137372,2.302717872968981,53.756551724137935,0.007648020693559805,2054
23559,1482.41,649,124,124,2.8688709677419357,WOODLAND BUNNIES LOLLY MAKERS,0.0,0.0,0.0,0.0,1482.41,0.0,0.0,2.284144838212635,11.95491935483871,0.007646318542927277,2055
21849,1602.08,658,143,134,3.7645454545454546,SILVER DIAMANTE PEN IN GIFT BOX,-120.0,96.0,1.0,1.0,1482.08,0.07490262658543893,0.1458966565349544,2.434772036474164,11.955820895522388,0.007644616392294749,2056
84997a,1481.78,178,81,81,8.262592592592592,CHILDRENS CUTLERY POLKADOT GREEN ,0.0,0.0,0.0,0.0,1481.78,0.0,0.0,8.324606741573033,18.29358024691358,0.0076430689826288145,2057
79030G,1478.97,1754,123,121,3.035284552845529,"TUMBLER, NEW ENGLAND",0.0,0.0,0.0,0.0,1478.97,0.0,0.0,0.8431984036488027,12.222892561983471,0.007628574912091226,2058
84510B,1481.05,1171,152,147,1.673157894736842,SET OF 4 FAIRY CAKES COASTERS ,-2.5,2.0,1.0,1.0,1478.55,0.0016879916275615273,0.0017079419299743809,1.2647736976942783,10.07517006802721,0.007626408538558917,2059
21009,1494.99,1047,105,102,1.4825714285714284,ETCHED GLASS STAR TREE DECORATION,-18.75,15.0,3.0,3.0,1476.24,0.012541889912307105,0.014326647564469915,1.4278796561604585,14.656764705882352,0.007614493484131221,2060
21661,1511.3100000000002,239,99,98,7.073838383838384,VINTAGE GLASS TEA CADDY,-35.2,6.0,4.0,4.0,1476.1100000000001,0.023291052133579477,0.02510460251046025,6.323472803347281,15.421530612244899,0.007613822939942651,2061
21199,1495.7,1305,150,149,1.8689999999999998,PINK  HEART CONFETTI IN TUBE,-20.16,48.0,1.0,1.0,1475.54,0.013478638764458113,0.0367816091954023,1.1461302681992338,10.038255033557046,0.007610882861577373,2062
23267,1531.95,1202,111,108,1.4116216216216215,SET OF 4 SANTA PLACE SETTINGS,-60.0,48.0,1.0,1.0,1471.95,0.03916576911779105,0.03993344425956739,1.2745008319467555,14.184722222222222,0.007592365525908356,2063
21282,1522.28,356,69,69,4.772028985507246,NATURAL BARK CANDLE LARGE,-51.0,12.0,1.0,1.0,1471.28,0.03350237801192948,0.033707865168539325,4.276067415730337,22.062028985507247,0.007588909644321102,2064
22052,1492.0,3600,131,128,0.4181679389312977,VINTAGE CARAVAN GIFT WRAP,-21.0,50.0,2.0,2.0,1471.0,0.014075067024128687,0.013888888888888888,0.41444444444444445,11.65625,0.007587465395299562,2065
21066,1499.69,2286,133,131,1.2961654135338345,VINTAGE RED MUG,-30.0,24.0,2.0,1.0,1469.69,0.02000413418773213,0.010498687664041995,0.6560323709536309,11.448015267175572,0.007580708373091649,2066
85198,1469.5,3859,53,51,1.0133962264150944,ASSORTED FARMYARD ANIMALS IN BUCKET,0.0,0.0,0.0,0.0,1469.5,0.0,0.0,0.38079813423166625,28.813725490196077,0.0075797283469698894,2067
84637,1467.21,586,115,114,5.864260869565217,KITCHEN FLOWER POTS WALL PLAQUE,0.0,0.0,0.0,0.0,1467.21,0.0,0.0,2.5037713310580205,12.870263157894737,0.007567916453186588,2068
22390,1463.82,819,84,83,2.6510714285714285,PAPERWEIGHT CHILDHOOD MEMORIES,0.0,0.0,0.0,0.0,1463.82,0.0,0.0,1.7873260073260073,17.636385542168675,0.0075504307239615265,2069
22106,1620.34,515,83,79,5.450963855421687,MIRROR MOSAIC HURRICANE LAMP ,-156.75,121.0,2.0,2.0,1463.59,0.09673895602157573,0.23495145631067962,3.146291262135922,20.510632911392403,0.007549244376550976,2070
23365,1463.08,1857,173,169,0.7943930635838151,SET 12 COLOUR PENCILS LOVE LONDON,0.0,0.0,0.0,0.0,1463.08,0.0,0.0,0.7878729133010232,8.657278106508876,0.007546613780118888,2071
21410,1466.75,313,151,150,5.533774834437086,COUNTRY COTTAGE  DOORSTOP GREEN,-4.25,1.0,1.0,1.0,1462.5,0.0028975626384864497,0.003194888178913738,4.686102236421725,9.778333333333334,0.007543622121431415,2072
47591d,1461.6,290,74,72,4.991081081081081,PINK FAIRY CAKE CHILDRENS APRON,0.0,0.0,0.0,0.0,1461.6,0.0,0.0,5.04,20.299999999999997,0.00753897989243361,2073
35637A,1464.58,552,54,53,6.413333333333333,IVORY STRING CURTAIN WITH POLE ,-5.95,1.0,1.0,1.0,1458.6299999999999,0.004062598151005749,0.0018115942028985507,2.6532246376811592,27.633584905660378,0.007523660536740857,2074
35965,1470.26,643,181,174,3.2987845303867407,FOLKART HEART NAPKIN RINGS,-18.96,24.0,1.0,1.0,1451.3,0.012895678315399998,0.03732503888024884,2.2865629860031103,8.44977011494253,0.007485852160569854,2075
22316,1450.32,1271,122,119,1.3991803278688524,200 BENDY SKULL STRAWS,-1.25,1.0,1.0,1.0,1449.07,0.000861878757791384,0.0007867820613690008,1.1410857592446892,12.187563025210084,0.007474349748719739,2076
21317,1464.42,358,77,74,6.033376623376624,GLASS SPHERE CANDLE STAND MEDIUM,-15.850000000000001,3.0,3.0,3.0,1448.5700000000002,0.010823397659141504,0.008379888268156424,4.090558659217877,19.78945945945946,0.00747177073260985,2077
21869,1469.5800000000002,1264,112,111,1.348125,POTTING SHED COFFEE MUG,-21.25,17.0,4.0,4.0,1448.3300000000002,0.014459913716844268,0.013449367088607595,1.1626424050632913,13.23945945945946,0.007470532804877102,2078
84596G,1447.83,2231,357,348,0.8700280112044817,SMALL CHOCOLATES PINK BOWL,0.0,0.0,0.0,0.0,1447.83,0.0,0.0,0.6489601075750784,4.160431034482758,0.00746795378876721,2079
20761,1460.2,466,152,146,4.051381578947368,BLUE PAISLEY SKETCHBOOK,-15.0,4.0,1.0,1.0,1445.2,0.010272565401999726,0.008583690987124463,3.1334763948497857,10.001369863013698,0.007454388164029183,2080
85135C,1459.8300000000002,179,123,111,8.172926829268292,RED DRAGONFLY HELICOPTER,-15.9,2.0,2.0,2.0,1443.93,0.010891679168122314,0.0111731843575419,8.155474860335197,13.151621621621622,0.0074478374631100595,2081
22817,1442.49,3407,359,355,0.4986629526462395,CARD SUKI BIRTHDAY,0.0,0.0,0.0,0.0,1442.49,0.0,0.0,0.42339007924860583,4.063352112676056,0.0074404098967135734,2082
84313C,1442.3899999999999,548,73,73,5.152739726027397,ORANGE TV TRAY TABLE ,0.0,0.0,0.0,0.0,1442.3899999999999,0.0,0.0,2.6320985401459853,19.75876712328767,0.007439894093491594,2083
23034,1448.6699999999998,979,90,88,1.6273333333333335,DRAWER KNOB CERAMIC BLACK,-8.7,6.0,1.0,1.0,1439.9699999999998,0.006005508500900827,0.006128702757916241,1.4797446373850867,16.46215909090909,0.00742741165551972,2084
21099,1516.64,13290,34,33,0.755,SET/6 STRAWBERRY PAPER CUPS,-78.0,120.0,3.0,3.0,1438.64,0.05142947568308893,0.009029345372460496,0.1141188863807374,45.95878787878788,0.007420551472667412,2085
21292,1450.9099999999999,2477,93,91,0.8153763440860214,SMALL STRIPES CHOCOLATE GIFT BAG ,-13.6,16.0,1.0,1.0,1437.31,0.009373427710884893,0.006459426725878078,0.5857529269277351,15.944065934065932,0.007413691289815102,2086
21082,1960.45,7183,165,163,1.0707272727272727,SET/20 FRUIT SALAD PAPER NAPKINS ,-523.94,3074.0,2.0,2.0,1436.51,0.26725496697186873,0.4279548934985382,0.2729291382430739,12.027300613496934,0.0074095648640392755,2087
22396,1448.35,1910,189,184,0.940899470899471,MAGNETS PACK OF 4 RETRO PHOTO,-15.0,12.0,2.0,2.0,1433.35,0.010356612697207168,0.0062827225130890054,0.7582984293193716,7.871467391304347,0.007393265482224764,2088
21065,1473.18,610,124,118,4.9874193548387105,BOOM BOX SPEAKER GIRLS,-39.910000000000004,7.0,2.0,2.0,1433.27,0.027091054725152393,0.011475409836065573,2.415049180327869,12.484576271186441,0.007392852839647182,2089
22819,1431.6,3379,333,331,0.4836336336336336,"BIRTHDAY CARD, RETRO SPOT",0.0,0.0,0.0,0.0,1431.6,0.0,0.0,0.4236756436815626,4.325075528700906,0.007384238925840145,2090
23086,1451.43,1225,47,47,1.5197872340425533,ZINC  STAR T-LIGHT HOLDER ,-20.0,16.0,1.0,1.0,1431.43,0.013779513996541341,0.013061224489795919,1.1848408163265307,30.88148936170213,0.0073833620603627826,2091
22249,1434.6599999999999,1636,248,243,1.0390725806451613,DECORATION WHITE CHICK MAGIC GARDEN,-3.4,4.0,1.0,1.0,1431.2599999999998,0.002369899488380522,0.0024449877750611247,0.8769315403422983,5.90395061728395,0.007382485194885419,2092
22287,1435.75,1340,121,121,1.677685950413223,"DECORATION , WOBBLY CHICKEN, METAL ",-4.68,12.0,1.0,1.0,1431.07,0.003259620407452551,0.008955223880597015,1.071455223880597,11.865702479338843,0.00738150516876366,2093
21644,1463.97,1089,144,137,1.4370833333333333,ASSORTED TUTTI FRUTTI HEART BOX,-35.0,28.0,3.0,3.0,1428.97,0.023907593734844294,0.025711662075298437,1.3443250688705235,10.685912408759124,0.007370673301102118,2094
21159,1462.77,2117,252,250,1.3362301587301588,MOODY BOY  DOOR HANGER ,-34.61,77.0,3.0,3.0,1428.16,0.02366058915618997,0.036372224846480866,0.6909636277751535,5.85108,0.007366495295004095,2095
22228,1456.6,1727,278,275,1.0154676258992805,BUNNY WOODEN PAINTED WITH BIRD ,-29.749999999999996,35.0,7.0,7.0,1426.85,0.020424275710558836,0.02026635784597568,0.8434279096699479,5.2967272727272725,0.00735973827279618,2096
23392,1475.03,662,114,113,2.7042982456140354,SPACEBOY ROCKET LOLLY MAKERS,-49.92,24.0,1.0,1.0,1425.11,0.03384337945668902,0.03625377643504532,2.228141993957704,13.053362831858406,0.007350763296733759,2097
35004G,1444.9099999999999,363,78,76,6.251025641025641,SET OF 3 GOLD FLYING DUCKS,-22.59,8.0,5.0,5.0,1422.32,0.015634191748967064,0.02203856749311295,3.980468319559228,19.011973684210524,0.007336372386840567,2098
21358,1421.22,1146,226,222,1.2869026548672566,TOAST ITS - HAPPY BIRTHDAY,-1.25,1.0,1.0,1.0,1419.97,0.0008795260410070222,0.0008726003490401396,1.2401570680628273,6.401891891891892,0.0073242510111240795,2099
21828,1414.18,1113,189,180,1.4984126984126984,EIGHT PIECE SNAKE  SET,0.0,0.0,0.0,0.0,1414.18,0.0,0.0,1.2706019766397125,7.8565555555555555,0.00729438600457154,2100
85136C,1533.27,189,129,122,8.1315503875969,RED SHARK HELICOPTER,-119.77,15.0,3.0,3.0,1413.5,0.0781140960170094,0.07936507936507936,8.112539682539682,12.567786885245901,0.007290878542662088,2101
22545,1433.95,3480,190,184,0.5390526315789473,MINI JIGSAW BUNNIES,-20.580000000000002,49.0,2.0,2.0,1413.3700000000001,0.014351964852330975,0.014080459770114942,0.41205459770114944,7.793206521739131,0.007290207998473517,2102
20780,1417.25,247,105,98,6.886571428571429,BLACK EAR MUFF HEADPHONES,-5.49,1.0,1.0,1.0,1411.76,0.003873699065090845,0.004048582995951417,5.737854251012146,14.46173469387755,0.007281903566599667,2103
22917,1418.42,2034,266,252,0.8702255639097743,HERB MARKER ROSEMARY,-7.800000000000001,12.0,1.0,1.0,1410.6200000000001,0.005499076437162477,0.0058997050147492625,0.6973549655850542,5.628650793650794,0.007276023409869116,2104
85159B,1503.5,659,88,88,4.945227272727273,"WHITE TEA,COFFEE,SUGAR JARS",-92.89,39.0,14.0,14.0,1410.61,0.06178250748254074,0.05918057663125948,2.2814871016691955,17.085227272727273,0.007275971829546918,2105
85036C,1641.77,881,134,128,3.06,ROSE 1 WICK MORRIS BOXED CANDLE,-232.25,193.0,3.0,3.0,1409.52,0.14146317693708618,0.21906923950056753,1.8635300794551646,12.826328125,0.007270349574427355,2106
85169A,1423.33,1281,160,151,1.3984999999999999,IVORY LOVE BIRD CANDLE,-15.0,12.0,1.0,1.0,1408.33,0.010538666366900156,0.00936768149882904,1.1111085089773614,9.426026490066224,0.007264211516085814,2107
20801,1432.12,1094,116,111,2.2322413793103446,LARGE PINK GLASS SUNDAE DISH,-24.0,32.0,2.0,2.0,1408.12,0.01675837220344664,0.029250457038391225,1.3090676416819012,12.901981981981981,0.007263128329319659,2108
21198,1472.3,1282,119,118,1.7450420168067227,WHITE HEART CONFETTI IN TUBE,-64.71000000000001,75.0,3.0,3.0,1407.59,0.04395164029070163,0.05850234009360374,1.1484399375975038,12.477118644067795,0.007260394572243175,2109
23104,1405.42,118,46,46,12.859130434782609,IVORY CAFE HANGING LAMP ,0.0,0.0,0.0,0.0,1405.42,0.0,0.0,11.910338983050847,30.552608695652175,0.007249201642326249,2110
22093,1457.3799999999999,2367,283,275,0.9692932862190813,MOTORING TISSUE BOX,-53.16,48.0,2.0,2.0,1404.2199999999998,0.03647641658318352,0.020278833967046894,0.6157076468103083,5.299563636363636,0.007243012003662509,2111
85032D,1411.48,1190,146,133,1.4382191780821918,YULETIDE IMAGES GIFT WRAP SET,-7.800000000000001,12.0,1.0,1.0,1403.68,0.005526114433077337,0.010084033613445379,1.1861176470588235,10.612631578947369,0.007240226666263828,2112
21822,1420.06,1048,150,142,1.6050666666666666,GLITTER CHRISTMAS TREE WITH BELLS,-16.39,9.0,3.0,3.0,1403.6699999999998,0.011541765840879964,0.008587786259541985,1.3550190839694656,10.000422535211268,0.0072401750859416285,2113
23527,1428.56,420,48,48,3.998125,WALL ART ANIMALS AND NATURE ,-26.25,7.0,2.0,2.0,1402.31,0.01837514700117601,0.016666666666666666,3.401333333333333,29.761666666666667,0.007233160162122726,2114
21910,1399.83,1067,112,111,1.760535714285714,WAY OUT METAL SIGN ,0.0,0.0,0.0,0.0,1399.83,0.0,0.0,1.3119306466729146,12.61108108108108,0.007220368242217666,2115
85017B,1407.3899999999999,2251,327,317,0.7544036697247707,ENVELOPE 50 BLOSSOM IMAGES,-10.2,12.0,1.0,1.0,1397.1899999999998,0.007247458060665487,0.0053309640159928924,0.6252287872056863,4.439716088328075,0.00720675103715744,2116
85135B,1413.0,174,134,115,8.114626865671642,BLUE DRAGONFLY HELICOPTER,-15.9,2.0,2.0,2.0,1397.1,0.011252653927813164,0.011494252873563218,8.120689655172415,12.28695652173913,0.00720628681425766,2117
21011,1399.8999999999999,1858,128,118,1.2565625,GLITTER SNOW PEAR TREE DECORATION,-4.35,3.0,1.0,1.0,1395.55,0.0031073648117722697,0.0016146393972012918,0.7534445640473627,11.863559322033897,0.007198291864316999,2118
85087,1401.1100000000001,421,147,146,3.6622448979591837,CANDY SPOT CUSHION COVER,-5.9,2.0,2.0,2.0,1395.21,0.0042109470348509394,0.004750593824228029,3.3280522565320667,9.596643835616439,0.007196538133362272,2119
22977,1396.41,1060,153,140,1.4943790849673202,DOLLY GIRL CHILDRENS EGG CUP,-1.25,1.0,1.0,1.0,1395.16,0.0008951525698039974,0.0009433962264150943,1.3173679245283019,9.974357142857144,0.007196280231751284,2120
22756,1409.72,1215,223,215,1.4097757847533632,LARGE YELLOW BABUSHKA NOTEBOOK ,-15.0,12.0,1.0,1.0,1394.72,0.010640410861731408,0.009876543209876543,1.1602633744855968,6.5568372093023255,0.007194010697574579,2121
23040,1394.03,253,43,41,6.278372093023257,PAPER LANTERN 9 POINT SNOW STAR ,0.0,0.0,0.0,0.0,1394.03,0.0,0.0,5.51,34.00073170731707,0.00719045165534293,2122
90200D,1406.22,335,155,150,4.22258064516129,PINK SWEETHEART BRACELET,-12.75,3.0,1.0,1.0,1393.47,0.009066860093015317,0.008955223880597015,4.197671641791045,9.3748,0.007187563157299851,2123
22685,1405.87,1087,163,160,1.4697546012269938,FRENCH BLUE METAL DOOR SIGN 0,-12.5,10.0,1.0,1.0,1393.37,0.008891291513440078,0.00919963201471941,1.2933486660533577,8.7866875,0.007187047354077872,2124
22920,2234.21,3521,269,252,0.8745724907063197,HERB MARKER BASIL,-841.0500000000001,1527.0,2.0,2.0,1393.1599999999999,0.3764417847919399,0.43368361261005395,0.6345384833854019,8.865912698412698,0.007185964167311718,2125
22157,1474.35,1725,130,124,0.8936153846153846,ANGEL DECORATION WITH LACE PADDED,-81.6,96.0,2.0,2.0,1392.75,0.05534642384779733,0.05565217391304348,0.854695652173913,11.889919354838709,0.007183849374101609,2126
23470,1460.5,232,84,84,6.810714285714286,CARD HOLDER LOVE BIRD LARGE ,-70.7,12.0,8.0,8.0,1389.8,0.048408079424854505,0.05172413793103448,6.295258620689655,17.386904761904763,0.007168633179053251,2127
23250,1531.03,1179,110,110,1.4680909090909091,VINTAGE RED TRIM ENAMEL BOWL ,-141.8,121.0,8.0,8.0,1389.23,0.09261738829415492,0.10262934690415607,1.2985835453774386,13.918454545454546,0.007165693100687975,2128
21190,1500.3899999999999,918,118,111,1.9697457627118642,PINK HEARTS PAPER GARLAND,-111.65,77.0,2.0,2.0,1388.7399999999998,0.07441398569705211,0.08387799564270153,1.6344117647058822,13.517027027027027,0.0071631656649002815,2129
22916,1396.0900000000001,2003,268,249,0.8684701492537313,HERB MARKER THYME,-7.800000000000001,12.0,1.0,1.0,1388.2900000000002,0.005587032354647623,0.005991013479780329,0.6969995007488767,5.606787148594378,0.00716084455040138,2130
21532,1419.71,1387,92,90,2.386413043478261,DAIRY MAID SUGAR JAM BOWL,-33.6,16.0,8.0,8.0,1386.1100000000001,0.023666805192609757,0.011535688536409516,1.0235832732516221,15.774555555555557,0.007149600040162255,2131
46776B,1386.07,432,156,153,4.261346153846154,WOVEN BERRIES CUSHION COVER ,0.0,0.0,0.0,0.0,1386.07,0.0,0.0,3.20849537037037,9.059281045751634,0.007149393718873463,2132
21684,1395.74,1735,109,104,1.1309174311926604,SMALL MEDINA STAMPED METAL BOWL ,-11.049999999999999,13.0,2.0,2.0,1384.69,0.007916947282445153,0.007492795389048991,0.8044610951008646,13.420576923076924,0.007142275634410164,2133
47503K,1389.44,3177,43,42,2.262325581395349,ASSORTED FLORAL SECATEURS,-4.75,3.0,3.0,3.0,1384.69,0.003418643482266237,0.0009442870632672333,0.43734340572867486,33.08190476190477,0.007142275634410164,2134
22250,1387.94,1524,264,257,1.1370833333333332,DECORATION  BUTTERFLY  MAGIC GARDEN,-3.4,4.0,1.0,1.0,1384.54,0.0024496736170151446,0.0026246719160104987,0.9107217847769029,5.400544747081712,0.007141501929577196,2135
22984,1381.66,3374,217,214,0.47626728110599076,CARD GINGHAM ROSE ,0.0,0.0,0.0,0.0,1381.66,0.0,0.0,0.4095020746887967,6.456355140186917,0.007126646796784224,2136
84396,1380.52,552,50,49,5.774400000000001,6 HOOK JEWELLERY STAND BLACK DRESS,0.0,0.0,0.0,0.0,1380.52,0.0,0.0,2.500942028985507,28.173877551020407,0.007120766640053672,2137
47503A,1405.51,2853,200,195,0.63315,ASS FLORAL PRINT MULTI SCREWDRIVER,-25.08,36.0,2.0,2.0,1380.43,0.017844056605787223,0.012618296529968454,0.4926428321065545,7.20774358974359,0.0071203024171538915,2138
23119,1401.7,2282,151,151,0.7791390728476821,PACK OF 6 LARGE FRUIT STRAWS ,-22.32,36.0,2.0,2.0,1379.38,0.015923521438253548,0.015775635407537247,0.6142418930762489,9.282781456953643,0.007114886483323121,2139
84562A,1386.21,170,80,78,9.337875,PINK/WHITE RIBBED MELAMINE JUG,-7.95,1.0,1.0,1.0,1378.26,0.005735061787175103,0.0058823529411764705,8.154176470588235,17.771923076923077,0.007109109487236965,2140
21395,1401.6,2968,115,115,0.906695652173913,BLUE POLKADOT BEAKER ,-23.4,20.0,4.0,4.0,1378.1999999999998,0.016695205479452056,0.006738544474393531,0.47223719676549863,12.187826086956521,0.007108800005303777,2141
21738,1390.5100000000002,442,146,131,3.5237671232876715,COSY SLIPPER SHOES SMALL  RED ,-14.75,5.0,1.0,1.0,1375.7600000000002,0.010607618787351402,0.011312217194570135,3.145950226244344,10.614580152671758,0.00709621440668751,2142
23376,1384.9099999999999,3039,159,155,0.5079245283018868,PACK OF 12 VINTAGE CHRISTMAS TISSUE,-9.36,24.0,1.0,1.0,1375.55,0.006758561928211942,0.007897334649555774,0.455712405396512,8.934903225806451,0.007095131219921355,2143
22393,1484.67,839,124,120,2.9419354838709673,PAPERWEIGHT VINTAGE COLLAGE,-111.0,52.0,3.0,3.0,1373.67,0.0747640889894724,0.06197854588796186,1.7695709177592374,12.372250000000001,0.007085434119348166,2144
84685,1385.16,438,128,125,5.746015625,BEACH HUT KEY CABINET,-12.5,4.0,4.0,3.0,1372.66,0.00902422824800023,0.0091324200913242,3.162465753424658,11.081280000000001,0.007080224506806185,2145
84819,1389.51,913,97,95,2.9957731958762883,DANISH ROSE ROUND SEWING BOX,-17.0,4.0,2.0,2.0,1372.51,0.012234528718756972,0.004381161007667032,1.5219167579408543,14.62642105263158,0.007079450801973217,2146
35957,1387.74,3775,161,148,1.239254658385093,SMALLFOLKART BAUBLE CHRISTMAS DEC,-19.919999999999998,100.0,2.0,2.0,1367.82,0.01435427385533313,0.026490066225165563,0.3676132450331126,9.376621621621622,0.007055259630862438,2147
20762,1381.53,466,142,136,3.886971830985916,GREEN FERN SKETCHBOOK ,-15.0,4.0,1.0,1.0,1366.53,0.010857527523832273,0.008583690987124463,2.964656652360515,10.158308823529412,0.007048605769298919,2148
35599D,1384.21,409,106,103,4.768867924528302,PINK AND WHITE CHRISTMAS TREE 120CM,-17.700000000000003,6.0,1.0,1.0,1366.51,0.012787077105352514,0.014669926650366748,3.3843765281173597,13.438932038834952,0.007048502608654523,2149
23546,1365.0,3250,120,120,0.42,WRAP PAISLEY PARK ,0.0,0.0,0.0,0.0,1365.0,0.0,0.0,0.42,11.375,0.0070407139800026525,2150
21281,1747.28,3689,71,67,3.5270422535211265,VINTAGE KITCHEN PRINT SEAFOOD,-384.0,1536.0,1.0,1.0,1363.28,0.2197701570440914,0.41637300081322853,0.4736459745188398,26.078805970149254,0.007031842164584628,2151
35649,1362.8999999999999,1826,54,53,3.0605555555555557,VINTAGE BEAD COSMETIC BAG ,0.0,0.0,0.0,0.0,1362.8999999999999,0.0,0.0,0.7463855421686746,25.715094339622638,0.00702988211234111,2152
21634,1512.76,1773,71,69,1.396056338028169,ASSORTED MINI MADRAS NOTEBOOK,-151.25,121.0,5.0,5.0,1361.51,0.09998281287183691,0.06824591088550479,0.8532205301748449,21.92405797101449,0.007022712447555613,2153
84965B,1359.95,27,4,4,62.4875,BLUE KASHMIRI COFFEE TABLE ,0.0,0.0,0.0,0.0,1359.95,0.0,0.0,50.36851851851852,339.9875,0.007014665917292754,2154
35598D,1359.17,1764,112,103,1.6804464285714285,PINK/WHITE CHRISTMAS TREE 60CM,-0.65,1.0,1.0,1.0,1358.52,0.0004782330392813261,0.0005668934240362812,0.7705045351473924,13.195825242718447,0.007007289931218465,2155
84616,1472.62,72,25,25,27.726799999999997,SILVER ROCCOCO CHANDELIER,-119.8,4.0,3.0,3.0,1352.82,0.0813516046230528,0.05555555555555555,20.453055555555554,58.904799999999994,0.0069778891475657055,2156
23000,1368.28,3169,279,278,0.5197132616487455,TRAVEL CARD WALLET TRANSPORT,-16.38,39.0,4.0,4.0,1351.8999999999999,0.01197123395796182,0.012306721363206059,0.43177027453455347,4.921870503597122,0.006973143757923506,2157
17129D,1351.18,1125,39,39,1.2087179487179487,CLEAR COLOUR GLASS GEMS IN BAG,0.0,0.0,0.0,0.0,1351.18,0.0,0.0,1.201048888888889,34.64564102564103,0.006969429974725264,2158
35962,1351.78,581,96,92,2.8220833333333335,12 ASS ZINC CHRISTMAS DECORATIONS,-2.1,1.0,1.0,1.0,1349.68,0.0015535072275074347,0.0017211703958691911,2.326643717728055,14.693260869565217,0.006961692926395591,2159
22918,1356.8700000000001,1968,267,249,0.8651310861423221,HERB MARKER PARSLEY,-7.800000000000001,12.0,1.0,1.0,1349.0700000000002,0.0057485241769661055,0.006097560975609756,0.6894664634146342,5.449277108433735,0.006958546526741525,2160
21059,1368.96,1620,223,221,0.9003139013452914,PARTY INVITES DINOSAURS,-20.4,24.0,3.0,3.0,1348.56,0.014901823281907431,0.014814814814814815,0.845037037037037,6.194389140271493,0.0069559159303094345,2161
85071B,1352.96,2436,168,165,1.2971428571428572,RED CHARLIE+LOLA PERSONAL DOORSIGN,-5.9,2.0,1.0,1.0,1347.06,0.004360808893093661,0.0008210180623973727,0.5554022988505747,8.199757575757577,0.00694817888197976,2162
22481,1346.06,1301,227,219,1.1618942731277533,BLACK TEA TOWEL CLASSIC DESIGN,0.0,0.0,0.0,0.0,1346.06,0.0,0.0,1.0346348962336664,6.146392694063927,0.006943020849759979,2163
21945,1345.52,1891,253,240,1.2708695652173911,STRAWBERRIES  DESIGN FLANNEL ,-0.85,1.0,1.0,1.0,1344.67,0.0006317260241393662,0.0005288207297726071,0.7115388683236383,5.606333333333334,0.006935851184974482,2164
20704,1371.42,361,80,80,6.370875,MR ROBOT SOFT TOY,-27.8,4.0,1.0,1.0,1343.6200000000001,0.020270960026833502,0.0110803324099723,3.798947368421053,17.14275,0.006930435251143711,2165
22050,1364.5,3325,116,115,0.41862068965517235,PINK PAISLEY ROSE GIFT WRAP,-21.0,50.0,2.0,2.0,1343.5,0.015390252839868083,0.015037593984962405,0.41037593984962406,11.865217391304348,0.0069298162872773374,2166
47593B,1342.6399999999999,2366,369,356,0.7941734417344174,SCOTTIE DOGS BABY BIB,0.0,0.0,0.0,0.0,1342.6399999999999,0.0,0.0,0.5674725274725274,3.771460674157303,0.006925380379568323,2167
21775,1346.37,882,283,277,2.018339222614841,DECORATIVE FLORE BATHROOM BOTTLE,-5.0,4.0,2.0,2.0,1341.37,0.0037136894018731854,0.0045351473922902496,1.5264965986394556,4.860541516245487,0.006918829678649201,2168
23414,1378.75,141,64,64,10.073749999999999,ZINC BOX SIGN HOME,-39.8,4.0,1.0,1.0,1338.95,0.028866727107887576,0.028368794326241134,9.77836879432624,21.54296875,0.006906347240677329,2169
23469,1355.24,332,72,72,4.643611111111111,CARD HOLDER LOVE BIRD SMALL,-16.6,4.0,2.0,2.0,1338.64,0.01224875298840058,0.012048192771084338,4.082048192771085,18.822777777777777,0.0069047482506891964,2170
23249,1426.1000000000001,842,81,81,1.8880246913580248,VINTAGE RED ENAMEL TRIM PLATE,-87.71000000000001,55.0,7.0,7.0,1338.39,0.06150340088352851,0.06532066508313539,1.693705463182898,17.606172839506176,0.0069034587426342504,2171
85032A,1336.11,1447,162,161,1.278827160493827,ROMANTIC IMAGES GIFT WRAP SET,0.0,0.0,0.0,0.0,1336.11,0.0,0.0,0.9233655839668279,8.298819875776397,0.006891698429173146,2172
22684,1351.21,1017,169,162,1.6006508875739645,FRENCH BLUE METAL DOOR SIGN 9,-16.25,13.0,3.0,3.0,1334.96,0.012026257946581211,0.012782694198623401,1.3286234021632253,8.340802469135802,0.006885766692120396,2173
21580,1347.6299999999999,550,175,172,2.8452571428571427,RABBIT  DESIGN  COTTON TOTE BAG,-13.5,6.0,1.0,1.0,1334.1299999999999,0.010017586429509584,0.01090909090909091,2.4502363636363635,7.835058139534883,0.006881485525377977,2174
20993,1334.1100000000001,10967,32,32,0.8425,JAZZ HEARTS MEMO PAD,0.0,0.0,0.0,0.0,1334.1100000000001,0.0,0.0,0.12164767028357802,41.690937500000004,0.006881382364733584,2175
21278,1654.45,2758,119,118,3.509159663865546,VINTAGE KITCHEN PRINT PUDDINGS,-320.4,1208.0,3.0,3.0,1334.0500000000002,0.19365952431321584,0.4379985496736766,0.5998730964467005,14.020762711864407,0.0068810728828003955,2176
21209,1369.69,1477,138,137,1.7453623188405796,MULTICOLOUR HONEYCOMB FAN,-38.03,37.0,7.0,7.0,1331.66,0.027765406770875162,0.025050778605280974,0.9273459715639811,9.997737226277373,0.006868745185795116,2177
23538,1329.54,331,32,32,5.7790625,WALL ART VINTAGE HEART,0.0,0.0,0.0,0.0,1329.54,0.0,0.0,4.0167371601208455,41.548125,0.006857810157489178,2178
20933,1329.4900000000002,505,53,52,4.1007547169811325,YELLOW POT PLANT CANDLE,0.0,0.0,0.0,0.0,1329.4900000000002,0.0,0.0,2.632653465346535,25.567115384615388,0.00685755225587819,2179
22269,1360.21,1522,207,204,1.2141062801932367,EGG CUP NATURAL CHICKEN,-31.25,25.0,10.0,10.0,1328.96,0.02297439365980253,0.0164257555847569,0.8936990801576873,6.667696078431373,0.006854818498801704,2180
23061,1332.68,1015,117,117,1.5377777777777777,VINTAGE EMBOSSED HEART,-3.75,3.0,1.0,1.0,1328.93,0.0028138788006123,0.002955665024630542,1.312985221674877,11.39042735042735,0.006854663757835111,2181
22051,1328.0,3200,117,116,0.4193162393162393,BLUE SCANDINAVIAN PAISLEY WRAP,0.0,0.0,0.0,0.0,1328.0,0.0,0.0,0.415,11.448275862068966,0.006849866787870713,2182
16235,1354.5,5906,323,310,0.31030959752321985,RECYCLED PENCIL WITH RABBIT ERASER,-27.93,133.0,4.0,4.0,1326.57,0.02062015503875969,0.022519471723670845,0.22934304097527938,4.369354838709677,0.006842490801796424,2183
22339,1406.85,3551,155,145,0.5830322580645162,CHRISTMAS TREE PAINTED ZINC ,-81.28,130.0,7.0,6.0,1325.57,0.05777446067455664,0.036609405801182764,0.3961841734722613,9.702413793103448,0.006837332769576643,2184
21530,1379.2800000000002,963,169,162,2.329112426035503,DAIRY MAID TOASTRACK,-57.040000000000006,64.0,10.0,10.0,1322.2400000000002,0.041354909808015775,0.06645898234683281,1.4322741433021808,8.514074074074076,0.006820156522284768,2185
22893,1330.5,2774,187,182,0.6163101604278075,MINI CAKE STAND T-LIGHT HOLDER,-8.82,21.0,5.0,5.0,1321.68,0.006629086809470124,0.007570295602018745,0.47963229992790196,7.31043956043956,0.006817268024241691,2186
21285,1383.67,1012,101,99,2.3533663366336635,RETROSPOT CANDLE  MEDIUM,-66.0,48.0,3.0,3.0,1317.67,0.04769923464409866,0.04743083003952569,1.3672628458498024,13.976464646464647,0.006796584315040364,2187
20760,1317.06,5554,84,81,0.7940476190476191,GARDEN PATH POCKET BOOK,0.0,0.0,0.0,0.0,1317.06,0.0,0.0,0.23713719841555633,16.259999999999998,0.006793437915386296,2188
21219,1328.32,1028,183,176,1.5731693989071038,SET/4 BADGES BALLOON GIRL,-12.5,10.0,1.0,1.0,1315.82,0.00941038304023127,0.009727626459143969,1.2921400778210117,7.547272727272727,0.006787041955433766,2189
84569D,1316.31,1044,186,179,1.459247311827957,PACK 6 HEART/ICE-CREAM PATCHES,-1.25,1.0,1.0,1.0,1315.06,0.0009496243286155997,0.0009578544061302681,1.2608333333333333,7.353687150837988,0.006783121850946731,2190
23221,1363.04,1536,149,145,1.0762416107382549,REINDEER HEART DECORATION SILVER,-48.14,58.0,4.0,3.0,1314.8999999999999,0.03531811245451344,0.037760416666666664,0.8873958333333333,9.400275862068966,0.0067822965657915665,2191
23373,1313.3899999999999,1608,100,100,0.9070999999999999,VINTAGE CHRISTMAS PAPER GIFT BAG,0.0,0.0,0.0,0.0,1313.3899999999999,0.0,0.0,0.8167848258706467,13.133899999999999,0.006774507937139696,2192
21842,1308.74,551,47,47,3.0110638297872336,PINK HEART CANDY BUTTON CALCULATOR,0.0,0.0,0.0,0.0,1308.74,0.0,0.0,2.375208711433757,27.845531914893616,0.006750523087317709,2193
72800B,1312.48,999,96,91,2.6197916666666665, 4 PURPLE FLOCK DINNER CANDLES,-5.1,2.0,1.0,1.0,1307.38,0.003885773497500914,0.002002002002002002,1.3137937937937938,14.422857142857143,0.006743508163498805,2194
23405,1311.48,252,71,70,5.985492957746479,HOME SWEET HOME 2 DRAWER CABINET,-4.95,1.0,1.0,1.0,1306.53,0.003774361789733736,0.003968253968253968,5.204285714285715,18.73542857142857,0.00673912383611199,2195
15034,1422.45,10182,262,255,0.3604198473282443,PAPER POCKET TRAVELING FAN ,-116.06000000000002,1448.0,6.0,6.0,1306.39,0.08159162009209464,0.14221174621881752,0.1397024160282852,5.578235294117647,0.006738401711601221,2196
85200,1319.09,1045,106,105,1.3532075471698113,BUNNY EGG BOX,-15.0,12.0,1.0,1.0,1304.09,0.011371475790128044,0.011483253588516746,1.262287081339713,12.562761904761905,0.006726538237495721,2197
22543,1303.77,3298,123,118,0.5121138211382114,MINI JIGSAW BAKE A CAKE ,0.0,0.0,0.0,0.0,1303.77,0.0,0.0,0.39532140691328077,11.048898305084746,0.006724887667185392,2198
85098B,1456.94,366,115,114,4.695043478260869,BLUE FLYING SINGING CANARY,-154.15,49.0,6.0,6.0,1302.79,0.10580394525512375,0.13387978142076504,3.9807103825136614,12.780175438596492,0.006719832795610005,2199
20738,1301.72,1610,74,74,0.9545945945945946,GREEN MINI TAPE MEASURE ,0.0,0.0,0.0,0.0,1301.72,0.0,0.0,0.8085217391304348,17.59081081081081,0.006714313701134838,2200
85025C,1302.53,728,132,125,2.0603787878787876,PINK HEART SHAPE PHOTO FRAME,-3.3,2.0,2.0,2.0,1299.23,0.0025335308975609006,0.0027472527472527475,1.7891895604395605,10.42024,0.006701470200907581,2201
85170D,1311.09,727,155,151,2.8672903225806454,SET/6 PINK BIRD T-LIGHT CANDLES,-12.200000000000001,7.0,4.0,4.0,1298.8899999999999,0.009305234575810967,0.009628610729023384,1.8034250343878953,8.682715231788078,0.006699716469952853,2202
21880,1314.24,2519,335,329,0.6553134328358209,RED RETROSPOT TAPE,-15.600000000000001,24.0,2.0,2.0,1298.64,0.011869978086194303,0.009527590313616514,0.5217308455736404,3.9946504559270517,0.006698426961897909,2203
82613D,1306.96,1196,278,271,1.7091366906474819,METAL SIGN CUPCAKE SINGLE HOOK,-8.4,20.0,1.0,1.0,1298.56,0.006427128603782825,0.016722408026755852,1.0927759197324416,4.8227306273062736,0.006698014319320327,2204
35648,1318.15,1055,149,143,1.829261744966443,VINTAGE BEAD PINK PURSE ,-20.75,25.0,2.0,2.0,1297.4,0.015741759283844782,0.023696682464454975,1.249431279620853,9.217832167832169,0.00669203100194538,2205
72818,1323.0,2439,140,127,0.8429285714285714,CHRISTMAS DECOUPAGE CANDLE,-25.92,36.0,1.0,1.0,1297.08,0.01959183673469388,0.014760147601476014,0.5424354243542435,10.417322834645669,0.006690380431635048,2206
16225,1295.18,1527,171,165,1.6124561403508773,RATTLE SNAKE EGGS,0.0,0.0,0.0,0.0,1295.18,0.0,0.0,0.8481859855926654,7.849575757575758,0.0066805801704174625,2207
17091A,1294.6399999999999,2092,119,117,1.0327731092436974,LAVENDER INCENSE IN TIN,0.0,0.0,0.0,0.0,1294.6399999999999,0.0,0.0,0.6188527724665391,11.065299145299145,0.006677794833018779,2208
21926,1325.27,1009,147,147,1.5961224489795918,RED/CREAM STRIPE CUSHION COVER ,-32.5,26.0,3.0,3.0,1292.77,0.02452330468508304,0.02576808721506442,1.3134489593657086,9.015442176870748,0.006668149312767787,2209
46776A,1291.65,408,122,121,4.3602459016393444,WOVEN BUBBLE GUM CUSHION COVER,0.0,0.0,0.0,0.0,1291.65,0.0,0.0,3.165808823529412,10.674793388429753,0.006662372316681632,2210
84609,1306.22,144,39,38,11.045641025641027,TALL ROCOCO CANDLE HOLDER,-17.0,2.0,1.0,1.0,1289.22,0.013014652968106444,0.013888888888888888,9.070972222222222,34.37421052631579,0.006649838298387561,2211
22097,1304.26,2081,255,242,0.9954509803921568,SWALLOW SQUARE TISSUE BOX,-15.15,19.0,3.0,3.0,1289.11,0.011615782129330041,0.00913022585295531,0.6267467563671312,5.389504132231405,0.006649270914843385,2212
22267,1291.47,1472,121,117,1.1747107438016529,EASTER DECORATION EGG BUNNY ,-3.75,3.0,1.0,1.0,1287.72,0.0029036679133080906,0.0020380434782608695,0.8773573369565217,11.038205128205128,0.006642101250057888,2213
22701,1329.43,677,161,158,2.861801242236025,PINK DOG BOWL,-43.0,16.0,5.0,5.0,1286.43,0.03234468907727372,0.023633677991137372,1.9637075332348597,8.414113924050634,0.0066354473884943695,2214
85231G,1304.06,1496,269,253,0.9940892193308549,ORANGE SCENTED SET/9 T-LIGHTS,-18.7,22.0,2.0,2.0,1285.36,0.014339830989371655,0.014705882352941176,0.8716978609625669,5.154387351778656,0.006629928294019201,2215
21063,1286.87,1492,241,238,0.9401244813278008,PARTY INVITES JAZZ HEARTS,-3.4,4.0,1.0,1.0,1283.4699999999998,0.0026420695175114815,0.002680965147453083,0.8625134048257372,5.407016806722688,0.0066201796131238125,2216
46775E,1282.9,101,51,51,13.26686274509804,CANDY POP CHUNKY KNITTED THROW ,0.0,0.0,0.0,0.0,1282.9,0.0,0.0,12.701980198019802,25.154901960784315,0.006617239534758537,2217
22181,1317.65,1567,146,138,1.0243150684931506,SNOWSTORM PHOTO FRAME FRIDGE MAGNET,-35.699999999999996,42.0,4.0,4.0,1281.95,0.027093689523014452,0.026802807913209957,0.8408742820676453,9.548188405797102,0.006612339404149745,2218
22214,1279.79,549,92,92,2.7232608695652174,CANDLE PLATE LACE WHITE,0.0,0.0,0.0,0.0,1279.79,0.0,0.0,2.3311293260473587,13.910760869565218,0.006601198054555015,2219
84658,1276.1100000000001,225,68,64,6.966470588235294,WHITE STITCHED CUSHION COVER,0.0,0.0,0.0,0.0,1276.1100000000001,0.0,0.0,5.671600000000001,19.939218750000002,0.0065822164959862175,2220
20777,1280.97,3669,175,169,1.7968571428571427,CHRYSANTHEMUM NOTEBOOK,-4.949999999999999,3.0,2.0,2.0,1276.02,0.0038642591161385507,0.0008176614881439084,0.34913327882256745,7.579704142011835,0.006581752273086435,2221
21759,1274.47,30,13,13,54.18692307692308,METAL WALL SHELF UNIT WITH HOOKS,0.0,0.0,0.0,0.0,1274.47,0.0,0.0,42.48233333333334,98.03615384615385,0.006573757323145774,2222
21689,1271.87,343,63,60,4.098888888888889,SILVER VANILLA  FLOWER CANDLE POT,0.0,0.0,0.0,0.0,1271.87,0.0,0.0,3.708075801749271,21.19783333333333,0.006560346439374339,2223
22919,1279.3400000000001,1829,264,248,0.8528787878787879,HERB MARKER MINT,-7.800000000000001,12.0,1.0,1.0,1271.5400000000002,0.006096893710819641,0.0065609622744669215,0.6994751230180427,5.158629032258065,0.006558644288741814,2224
20765,1287.56,448,152,146,3.8988815789473685,CHRYSANTHEMUM SKETCHBOOK ,-18.75,5.0,2.0,2.0,1268.81,0.014562428158687751,0.011160714285714286,2.874017857142857,8.81890410958904,0.006544562860781807,2225
21248,1299.55,1043,158,158,1.6889240506329115,DOOR HANGER  MUM + DADS ROOM,-33.160000000000004,76.0,3.0,3.0,1266.3899999999999,0.02551652495094456,0.0728667305848514,1.245973154362416,8.225,0.006532080422809934,2226
22929,1459.75,23,17,17,64.17058823529412,SCHOOL DESK AND CHAIR ,-195.0,3.0,2.0,2.0,1264.75,0.13358451789690015,0.13043478260869565,63.46739130434783,85.86764705882354,0.006523621249969491,2227
20733,1477.7,1957,306,294,0.8516993464052288,GOLD MINI TAPE MEASURE ,-216.0,300.0,1.0,1.0,1261.7,0.146173106855248,0.1532958610117527,0.7550843127235565,5.026190476190476,0.0065078892516991565,2228
77101A,1260.97,1086,90,88,1.4984444444444442,UNION FLAG WINDSOCK,0.0,0.0,0.0,0.0,1260.97,0.0,0.0,1.1611141804788214,14.329204545454546,0.006504123888178714,2229
21253,1260.6000000000001,341,126,122,4.621587301587302,SET OF PICTURE FRAME  STICKERS,0.0,0.0,0.0,0.0,1260.6000000000001,0.0,0.0,3.6967741935483875,10.332786885245902,0.006502215416257395,2230
48173c,1259.39,78,39,37,15.737435897435898,DOORMAT BLACK FLOCK ,0.0,0.0,0.0,0.0,1259.39,0.0,0.0,16.14602564102564,34.03756756756757,0.006495974197271459,2231
22923,1392.21,1662,97,90,1.1787628865979383,FRIDGE MAGNETS LES ENFANTS ASSORTED,-134.0,176.0,6.0,6.0,1258.21,0.09624984736498085,0.10589651022864019,0.8376714801444044,15.469000000000001,0.006489887719252116,2232
23462,1607.04,80,46,46,20.69695652173913,ROCOCO WALL MIRROR WHITE,-350.1,18.0,12.0,12.0,1256.94,0.21785394265232977,0.225,20.088,34.93565217391304,0.006483337018332994,2233
85163B,1268.6599999999999,115,66,66,14.094090909090909,BLACK BAROQUE WALL CLOCK ,-12.75,1.0,1.0,1.0,1255.9099999999999,0.010049973988302619,0.008695652173913044,11.03182608695652,19.22212121212121,0.0064780242451466154,2234
79163,1260.6299999999999,1845,66,64,2.5193939393939395,BLACK CHAMPAGNE GLASS,-6.81,11.0,4.0,3.0,1253.82,0.005402060874324743,0.005962059620596206,0.6832682926829268,19.697343749999998,0.006467243957807272,2235
85136A,1261.1100000000001,155,118,106,8.13271186440678,YELLOW SHARK HELICOPTER,-7.95,1.0,1.0,1.0,1253.16,0.006303970311868115,0.0064516129032258064,8.136193548387098,11.897264150943398,0.006463839656542217,2236
22280,1252.49,880,163,158,1.5532515337423314,POCKET BAG PINK PAISELY BROWN SPOT,0.0,0.0,0.0,0.0,1252.49,0.0,0.0,1.423284090909091,7.927151898734177,0.006460383774954961,2237
22268,1271.29,2554,245,236,0.8324897959183672,EASTER DECORATION SITTING BUNNY,-19.310000000000002,53.0,7.0,7.0,1251.98,0.01518929591202637,0.020751761942051684,0.4977642913077525,5.386822033898305,0.006457753178522873,2238
22999,1252.59,2894,225,222,0.48244444444444445,TRAVEL CARD WALLET VINTAGE LEAF,-1.26,3.0,2.0,2.0,1251.33,0.0010059157425813714,0.0010366275051831375,0.43282308223911536,5.642297297297297,0.006454400457580015,2239
20866,1377.69,1284,195,191,1.5003076923076923,BLUE ROSE FABRIC MIRROR,-127.2,120.0,1.0,1.0,1250.49,0.09232846286174684,0.09345794392523364,1.0729672897196263,7.21303664921466,0.006450067710515398,2240
21549,1270.39,547,52,51,3.3067307692307697,CERAMIC BIRDHOUSE RED ROOF SMALL,-20.650000000000002,7.0,3.0,3.0,1249.74,0.016254850872566694,0.012797074954296161,2.3224680073126143,24.909607843137255,0.006446199186350561,2241
22232,1318.99,1109,158,158,1.5601898734177215,JIGSAW TOADSTOOLS 3 PIECE,-71.22,74.0,8.0,8.0,1247.77,0.05399586046899522,0.06672678088367899,1.1893507664562668,8.348037974683544,0.00643603786287759,2242
22921,1253.29,1801,234,220,0.8665811965811966,HERB MARKER CHIVES ,-7.800000000000001,12.0,1.0,1.0,1245.49,0.0062236194336506324,0.006662965019433648,0.6958856191004997,5.6967727272727275,0.006424277549416487,2243
21088,1816.73,16615,137,136,0.47226277372262776,SET/6 FRUIT SALAD PAPER CUPS,-572.52,7140.0,2.0,2.0,1244.21,0.3151376374034667,0.4297321697261511,0.10934276256394825,13.358308823529413,0.0064176752681751655,2244
21883,1243.75,2413,232,226,0.7387499999999999,STARS GIFT TAPE ,-0.19,1.0,1.0,1.0,1243.56,0.00015276381909547739,0.0004144218814753419,0.5154372150849564,5.503318584070796,0.006414322547232307,2245
21277,1331.34,55,49,48,24.60489795918367,FRENCH STYLE EMBOSSED HEART CABINET,-87.8,4.0,4.0,4.0,1243.54,0.0659485931467544,0.07272727272727272,24.20618181818182,27.73625,0.0064142193865879115,2246
23511,1252.01,571,99,98,2.3309090909090906,EMBROIDERED RIBBON REEL EMILY ,-10.4,5.0,1.0,1.0,1241.61,0.008306642918187555,0.008756567425569177,2.192661996497373,12.775612244897959,0.006404264384403731,2247
40003,1258.27,1151,61,60,1.519672131147541,WHITE BAMBOO RIBS LAMPSHADE,-17.099999999999998,18.0,7.0,7.0,1241.17,0.01359008797793796,0.015638575152041704,1.0931972198088618,20.971166666666665,0.006401994850227028,2248
22062,1248.15,761,132,126,2.398106060606061,CERAMIC BOWL WITH LOVE HEART DESIGN,-7.930000000000001,7.0,2.0,2.0,1240.22,0.0063534030364940115,0.009198423127463863,1.640144546649146,9.905952380952382,0.0063970947196182355,2249
21145,1256.21,869,49,49,3.406734693877551,ANTIQUE GLASS PLACE SETTING,-16.25,13.0,2.0,2.0,1239.96,0.012935735267192586,0.014959723820483314,1.4455811277330266,25.636938775510206,0.006395753631241091,2250
20707,1247.44,1615,202,199,1.2305445544554454,CRAZY DAISY HEART DECORATION,-8.75,7.0,3.0,3.0,1238.69,0.00701436542038094,0.0043343653250774,0.7724086687306502,6.2685427135678395,0.006389202930321969,2251
23067,1236.66,294,82,78,4.351951219512196,HANGING ENGRAVED METAL HEART,0.0,0.0,0.0,0.0,1236.66,0.0,0.0,4.2063265306122455,15.854615384615386,0.006378732124915811,2252
84665,1388.5,230,48,47,6.366666666666667,SQUARE CHERRY BLOSSOM CABINET,-154.70000000000002,26.0,5.0,5.0,1233.8,0.1114151962549514,0.11304347826086956,6.03695652173913,29.54255319148936,0.006363980152767234,2253
20825,1255.08,361,7,7,6.831428571428572,GOLD WINE GLASS,-22.5,6.0,1.0,1.0,1232.58,0.01792714408643274,0.01662049861495845,3.4766759002770082,179.29714285714286,0.0063576873534590995,2254
22216,1232.43,1406,122,116,1.0760655737704918,T-LIGHT HOLDER WHITE LACE,-2.55,3.0,1.0,1.0,1229.88,0.0020690830310849295,0.0021337126600284497,0.8765504978662874,10.62439655172414,0.006343760666465688,2255
22924,1407.48,1563,103,95,1.5927184466019415,FRIDGE MAGNETS LA VIE EN ROSE,-179.05,229.0,5.0,5.0,1228.43,0.12721317532043086,0.14651311580294304,0.9004990403071017,14.81557894736842,0.006336281519747002,2256
23539,1227.95,247,42,41,6.594047619047619,WALL ART LOVES' SECRET ,0.0,0.0,0.0,0.0,1227.95,0.0,0.0,4.971457489878543,29.950000000000003,0.006333805664281508,2257
20893,1535.39,667,80,76,2.8766249999999998,HANGING BAUBLE T-LIGHT HOLDER SMALL,-310.05000000000007,147.0,5.0,4.0,1225.3400000000001,0.20193566455428266,0.22038980509745126,2.3019340329835085,20.2025,0.006320343200187877,2258
84559A,1224.96,1356,239,230,1.0774476987447699,3D SHEET OF DOG STICKERS,0.0,0.0,0.0,0.0,1224.96,0.0,0.0,0.9033628318584072,5.325913043478261,0.0063183831479443585,2259
85141,1286.44,182,73,71,8.083424657534247,JARDIN ETCHED GLASS FRUITBOWL,-62.05,11.0,5.0,5.0,1224.39,0.048233885762258635,0.06043956043956044,7.068351648351649,18.11887323943662,0.006315443069579084,2260
84625A,1287.49,861,89,81,2.9517977528089894,PINK NEW BAROQUECANDLESTICK CANDLE,-64.80000000000001,54.0,5.0,5.0,1222.69,0.05033048800379033,0.0627177700348432,1.49534262485482,15.89493827160494,0.006306674414805453,2261
22258,1291.05,1342,133,131,1.4597744360902256,FELT FARM ANIMAL RABBIT,-68.75,55.0,3.0,3.0,1222.3,0.05325122961930212,0.040983606557377046,0.9620342771982116,9.855343511450382,0.006304662782239739,2262
79066K,1240.12,1422,248,240,1.0829032258064517,RETRO MOD TRAY,-18.7,22.0,4.0,3.0,1221.4199999999998,0.015079185885236913,0.015471167369901548,0.8720956399437412,5.167166666666666,0.006300123713886329,2263
22290,1223.02,670,79,78,2.35620253164557,STANDING METAL RABBIT WITH EGG,-2.1,1.0,1.0,1.0,1220.92,0.001717061045608412,0.0014925373134328358,1.825402985074627,15.67974358974359,0.0062975446977764395,2264
85130A,1220.8400000000001,712,91,86,1.8583516483516482,BEADED PEARL HEART WHITE LARGE,0.0,0.0,0.0,0.0,1220.8400000000001,0.0,0.0,1.7146629213483149,14.195813953488374,0.006297132055198857,2265
72819,1217.28,709,99,92,3.0025252525252526,CUPID DESIGN SCENTED CANDLES,0.0,0.0,0.0,0.0,1217.28,0.0,0.0,1.7168970380818054,13.231304347826086,0.006278769460496432,2266
23598,1215.53,427,47,47,3.2351063829787234,PAPER BUNTING VINTAGE PARTY,0.0,0.0,0.0,0.0,1215.53,0.0,0.0,2.8466744730679157,25.862340425531915,0.006269742904111813,2267
21438,1229.8200000000002,373,37,36,3.8329729729729727,TUB 24 HANGING EASTER EGGS SPOTTY,-15.0,4.0,1.0,1.0,1214.8200000000002,0.012196906864419182,0.010723860589812333,3.297104557640751,34.16166666666667,0.0062660807012357685,2268
21261,1214.7,292,84,77,6.48904761904762,GREEN GOOSE FEATHER CHRISTMAS TREE ,0.0,0.0,0.0,0.0,1214.7,0.0,0.0,4.159931506849315,15.775324675324676,0.006265461737369395,2269
23138,1231.51,879,84,82,1.5985714285714285,SINGLE WIRE HOOK IVORY HEART,-17.4,12.0,1.0,1.0,1214.11,0.014128996110466013,0.013651877133105802,1.4010352673492605,15.01841463414634,0.006262418498359722,2270
72232,1211.82,6378,124,118,0.19,FENG SHUI PILLAR CANDLE,0.0,0.0,0.0,0.0,1211.82,0.0,0.0,0.19,10.269661016949152,0.006250606604576421,2271
22265,1211.66,1847,179,168,0.7666480446927374,EASTER DECORATION NATURAL CHICK,0.0,0.0,0.0,0.0,1211.66,0.0,0.0,0.6560151597184625,7.212261904761905,0.006249781319421256,2272
22808,1264.5300000000002,427,85,83,3.5549411764705883,SET OF 6 T-LIGHTS EASTER CHICKS,-53.1,18.0,1.0,1.0,1211.4300000000003,0.04199188631349196,0.04215456674473068,2.9614285714285717,15.23530120481928,0.006248594972010708,2273
21279,1637.01,3530,104,101,3.637596153846154,VINTAGE KITCHEN PRINT FRUITS,-425.84999999999997,1639.0,6.0,6.0,1211.16,0.260138911796507,0.4643059490084986,0.463742209631728,16.208019801980196,0.006247202303311366,2274
22761,1320.48,54,37,34,25.198108108108105,CHEST 7 DRAWER MA CAMPAGNE,-112.75,5.0,3.0,2.0,1207.73,0.08538561735126621,0.09259259259259259,24.453333333333333,38.83764705882353,0.006229510252797513,2275
85162A,1234.27,607,20,20,3.6155,SILVER RETRODISC LAMPSHADE,-30.31,4.0,4.0,4.0,1203.96,0.02455702561027976,0.006589785831960461,2.0333937397034596,61.713499999999996,0.006210064471328934,2276
21366,1203.57,247,82,77,6.112926829268293,MIRRORED WALL ART PHOTO FRAMES,0.0,0.0,0.0,0.0,1203.57,0.0,0.0,4.872753036437246,15.63077922077922,0.006208052838763218,2277
22403,1217.16,1730,216,212,1.1194444444444445,MAGNETS PACK OF 4 VINTAGE LABELS ,-15.0,12.0,2.0,2.0,1202.16,0.012323770087745243,0.006936416184971098,0.7035606936416186,5.741320754716981,0.006200780013333326,2278
23142,1220.8200000000002,121,40,40,11.11675,IVORY WIRE KITCHEN ORGANISER,-19.55,2.0,2.0,2.0,1201.2700000000002,0.016013826772169525,0.01652892561983471,10.089421487603307,30.520500000000006,0.00619618936465772,2279
21396,1205.25,948,78,77,1.7088461538461537,RED SPOTTY EGG CUP ,-6.25,5.0,1.0,1.0,1199.0,0.005185646131507986,0.005274261603375527,1.2713607594936709,15.652597402597403,0.006184480631518815,2280
85129D,1199.83,796,171,168,1.8998245614035087,BEADED CRYSTAL HEART PINK SMALL,-1.25,1.0,1.0,1.0,1198.58,0.0010418142570197445,0.001256281407035176,1.507324120603015,7.141845238095238,0.006182314257986505,2281
84313B,1198.0,229,85,83,7.2016470588235295,BLUE TV TRAY TABLE ,0.0,0.0,0.0,0.0,1198.0,0.0,0.0,5.2314410480349345,14.433734939759036,0.006179322599299032,2282
21130,1200.93,721,49,49,3.9899999999999998,COLOURFUL STANDING GNOME,-3.45,1.0,1.0,1.0,1197.48,0.0028727736004596437,0.0013869625520110957,1.6656449375866853,24.50877551020408,0.0061766404225447455,2283
20731,1254.17,4143,74,73,1.4004054054054054,POSY CANDY BAG,-58.3,55.0,1.0,1.0,1195.8700000000001,0.0464849262859102,0.013275404296403573,0.3027202510258267,17.180410958904112,0.0061683359906708965,2284
20771,1209.33,609,142,140,2.5676760563380276,CHRYSANTHEMUM  JOURNAL,-15.3,6.0,1.0,1.0,1194.03,0.012651633549155319,0.009852216748768473,1.9857635467980295,8.638071428571427,0.0061588452113864964,2285
22256,1206.33,937,124,119,1.5763709677419355,FELT FARM ANIMAL CHICKEN,-15.0,12.0,1.0,1.0,1191.33,0.012434408495187885,0.012806830309498399,1.2874386339381003,10.137226890756303,0.006144918524393085,2286
20798,1337.55,565,87,83,3.0829885057471267,CLEAR MILKSHAKE GLASS,-146.85,80.0,17.0,15.0,1190.7,0.10979028821352473,0.1415929203539823,2.367345132743363,16.115060240963857,0.006141668964094622,2287
47503E,1186.9,6842,25,25,1.206,ASS FLORAL PRINT SCISSORS,0.0,0.0,0.0,0.0,1186.9,0.0,0.0,0.17347266881028942,47.476000000000006,0.00612206844165945,2288
23444,1200.0,79,79,79,15.189873417721518,Next Day Carriage,-15.0,1.0,1.0,1.0,1185.0,0.0125,0.012658227848101266,15.189873417721518,15.189873417721518,0.006112268180441864,2289
84815,1183.8200000000002,926,53,53,5.385094339622642,SET OF 3 DANISH ROSE PLANTERS,0.0,0.0,0.0,0.0,1183.8200000000002,0.0,0.0,1.2784233261339095,22.33622641509434,0.006106181702422522,2290
22615,1188.49,3863,194,188,0.44989690721649483,PACK OF 12 CIRCUS PARADE TISSUES ,-4.68,12.0,1.0,1.0,1183.81,0.003937769775092764,0.003106393994304944,0.3076598498576236,6.321755319148936,0.0061061301221003225,2291
21425,1274.93,505,95,95,4.1706315789473685,SKULLS STORAGE BOX LARGE,-91.45000000000002,31.0,8.0,8.0,1183.48,0.07172942828233708,0.061386138613861385,2.524613861386139,13.420315789473685,0.006104427971467795,2292
22903,2062.82,747,84,82,3.069761904761905,CALENDAR FAMILY FAVOURITES,-880.0,320.0,2.0,2.0,1182.8200000000002,0.42660047895599223,0.428380187416332,2.761472556894244,25.156341463414638,0.006101023670202739,2293
21806,1179.4299999999998,2707,132,128,0.4993939393939394,WHITE CHRISTMAS HEART DECORATION,0.0,0.0,0.0,0.0,1179.4299999999998,0.0,0.0,0.4356963428149242,9.214296874999999,0.006083537940977677,2294
84674,1199.5400000000002,467,109,106,3.2311009174311924,FLYING PIG WATERING CAN,-20.650000000000002,7.0,3.0,3.0,1178.89,0.017214932390749785,0.014989293361884369,2.5686081370449685,11.316415094339625,0.006080752603578996,2295
22252,1190.56,968,117,113,1.2847008547008547,BIRDCAGE DECORATION TEALIGHT HOLDER,-16.25,13.0,2.0,2.0,1174.31,0.013649039107646822,0.013429752066115703,1.2299173553719007,10.535929203539823,0.006057128816012392,2296
84687,1208.06,314,73,73,6.919315068493151,BEACH HUT SHELF W 3 DRAWERS,-37.65,7.0,5.0,5.0,1170.4099999999999,0.031165670579275863,0.022292993630573247,3.847324840764331,16.54876712328767,0.006037012490355241,2297
84823,1210.0,120,29,29,12.363793103448277,DANISH ROSE FOLDING CHAIR,-39.95,1.0,1.0,1.0,1170.05,0.033016528925619834,0.008333333333333333,10.083333333333334,41.724137931034484,0.00603515559875612,2298
23026,1198.96,556,64,62,2.3271875,DRAWER KNOB VINTAGE GLASS STAR,-29.12,14.0,2.0,2.0,1169.8400000000001,0.024287716020551145,0.025179856115107913,2.156402877697842,19.338064516129034,0.006034072411989967,2299
85124C,1185.05,449,127,121,3.015748031496063,GREEN JUICY FRUIT PHOTO FRAME,-15.3,6.0,2.0,2.0,1169.75,0.012910847643559344,0.013363028953229399,2.6393095768374164,9.793801652892562,0.0060336081890901856,2300
22814,1168.84,2771,300,295,0.5056,CARD PARTY GAMES ,0.0,0.0,0.0,0.0,1168.84,0.0,0.0,0.42181162035366293,3.9621694915254233,0.006028914379770183,2301
22048,1176.8,2840,103,102,0.4192233009708738,BIRTHDAY BANQUET GIFT WRAP,-10.5,25.0,1.0,1.0,1166.3,0.008922501699524134,0.008802816901408451,0.4143661971830986,11.537254901960784,0.006015812977931937,2302
23418,1166.0,557,79,79,2.562025316455696,LAVENDER TOILETTE BOTTLE,0.0,0.0,0.0,0.0,1166.0,0.0,0.0,2.0933572710951527,14.759493670886076,0.006014265568266002,2303
23515,1164.98,579,72,71,2.3925,EMBROIDERED RIBBON REEL DAISY ,0.0,0.0,0.0,0.0,1164.98,0.0,0.0,2.012055267702936,16.408169014084507,0.006009004375401824,2304
84910A,1242.29,434,54,53,6.479444444444444,PINK PAISLEY CUSHION COVER ,-77.35000000000001,13.0,1.0,1.0,1164.94,0.062264044627260956,0.029953917050691243,2.8624193548387096,23.43943396226415,0.006008798054113034,2305
21815,1167.37,736,104,92,1.9047115384615385,STAR  T-LIGHT HOLDER ,-2.9,2.0,2.0,2.0,1164.4699999999998,0.0024842166579576315,0.002717391304347826,1.5861005434782607,12.688804347826085,0.006006373778969735,2306
22264,1164.08,2027,172,168,1.0650581395348837,FELT FARM ANIMAL WHITE BUNNY ,0.0,0.0,0.0,0.0,1164.08,0.0,0.0,0.5742871238283177,6.929047619047618,0.00600436214640402,2307
21650,1171.02,3212,212,197,0.673066037735849,ASSORTED TUTTI FRUTTI BRACELET,-7.16,28.0,2.0,2.0,1163.86,0.006114327680142098,0.008717310087173101,0.36457658779576585,5.944263959390863,0.006003227379315668,2308
84678,1188.64,620,87,81,2.8888505747126434,CLASSICAL ROSE SMALL VASE,-25.450000000000003,11.0,5.0,4.0,1163.19,0.021411024363979,0.017741935483870968,1.9171612903225808,14.67456790123457,0.005999771497728415,2309
23508,1163.45,2627,128,120,0.4665625,MINI PLAYING CARDS DOLLY GIRL ,-0.84,2.0,1.0,1.0,1162.6100000000001,0.000721990631312046,0.0007613247049866769,0.4428816140083746,9.695416666666667,0.005996779839040942,2310
37475,1160.56,116,72,72,10.565833333333332,SET/4 COLOURFUL MIXING BOWLS,0.0,0.0,0.0,0.0,1160.56,0.0,0.0,10.004827586206897,16.11888888888889,0.005986205872990387,2311
85159A,1261.68,494,83,82,6.344457831325301,"BLACK TEA,COFFEE,SUGAR JARS",-101.45,43.0,8.0,8.0,1160.23,0.08040866146725001,0.08704453441295547,2.554008097165992,15.386341463414634,0.00598450372235786,2312
84688,1313.52,422,81,81,5.835432098765432,BEACH HUT DESIGN BLACKBOARD,-155.05,53.0,8.0,8.0,1158.47,0.11804159814848653,0.12559241706161137,3.11260663507109,16.216296296296296,0.005975425585651043,2313
22253,1158.28,964,89,86,1.4741573033707864,6 CROCHET STRAWBERRIES,0.0,0.0,0.0,0.0,1158.28,0.0,0.0,1.2015352697095436,13.468372093023255,0.005974445559529284,2314
23431,1171.23,1449,74,72,1.363918918918919,NATURAL HANGING QUILTED HEARTS ,-13.280000000000001,16.0,3.0,3.0,1157.95,0.01133850738112924,0.011042097998619738,0.8083022774327122,16.267083333333332,0.005972743408896757,2315
72598,1175.1499999999999,1270,169,158,1.1875147928994083,SET/12 TAPER CANDLES,-18.7,22.0,1.0,1.0,1156.4499999999998,0.015912862187805812,0.01732283464566929,0.9253149606299211,7.4376582278481,0.0059650063605670815,2316
21490,1210.6,637,56,55,2.594642857142857,SET OF THREE 50'S GIFT WRAPS ,-54.599999999999994,28.0,3.0,3.0,1156.0,0.045101602511151494,0.04395604395604396,1.9004709576138146,22.010909090909088,0.005962685246068181,2317
23507,1155.67,2882,127,119,0.4734645669291338,MINI PLAYING CARDS BUFFALO BILL ,0.0,0.0,0.0,0.0,1155.67,0.0,0.0,0.40099583622484386,9.711512605042017,0.005960983095435653,2318
21312,1179.17,299,26,26,6.8161538461538465,LARGE CHUNKY GLASS ROMAN BOWL,-25.35,13.0,3.0,3.0,1153.8200000000002,0.021498172443328783,0.043478260869565216,3.9437123745819402,45.35269230769231,0.005951440735829056,2319
20867,1153.2,1140,160,153,1.4075,PINK ROSE FABRIC MIRROR,0.0,0.0,0.0,0.0,1153.2,0.0,0.0,1.0115789473684211,7.537254901960784,0.005948242755852791,2320
23269,1152.98,779,95,94,1.7109473684210526,SET OF 2 CERAMIC CHRISTMAS TREES,0.0,0.0,0.0,0.0,1152.98,0.0,0.0,1.4800770218228498,12.265744680851064,0.005947107988764439,2321
21413,1152.47,3171,57,52,1.6952631578947368,PERIWINKLE T-LIGHT HOLDER,0.0,0.0,0.0,0.0,1152.47,0.0,0.0,0.36344055502995903,22.162884615384616,0.00594447739233235,2322
23566,1156.93,881,83,83,1.769759036144578,EGG CUP MILKMAID HEIDI,-5.0,4.0,1.0,1.0,1151.93,0.004321782648907021,0.004540295119182747,1.313200908059024,13.938915662650603,0.005941692054933668,2323
23523,1173.81,360,41,41,3.9346341463414634,WALL ART TREASURE AHOY ,-22.5,6.0,1.0,1.0,1151.31,0.019168349221765024,0.016666666666666666,3.2605833333333334,28.62951219512195,0.005938494074957402,2324
21649,1162.89,421,29,29,3.3486206896551725,ASSORTED TUTTI FRUTTI PHOTO FRAME,-11.8,4.0,2.0,2.0,1151.0900000000001,0.010147133434804667,0.009501187648456057,2.762209026128266,40.0996551724138,0.005937359307869051,2325
22718,1163.22,2655,268,264,0.5659701492537313,CARD CAT AND TREE ,-15.120000000000001,36.0,3.0,3.0,1148.1000000000001,0.012998400990354361,0.013559322033898305,0.43812429378531076,4.406136363636364,0.0059219367915319026,2326
23402,1147.28,296,68,68,4.4525,HOME SWEET HOME 3 PEG HANGER ,0.0,0.0,0.0,0.0,1147.28,0.0,0.0,3.8759459459459458,16.871764705882352,0.005917707205111681,2327
21316,1152.02,694,48,47,3.0720833333333335,SMALL CHUNKY GLASS ROMAN  BOWL,-5.9,2.0,2.0,2.0,1146.12,0.005121438863908613,0.002881844380403458,1.659971181556196,24.511063829787233,0.005911723887736733,2328
20669,1145.7,818,227,214,1.607136563876652,RED HEART LUGGAGE TAG,0.0,0.0,0.0,0.0,1145.7,0.0,0.0,1.4006112469437653,5.35373831775701,0.005909557514204425,2329
20622,1144.43,586,132,128,2.6821969696969696,VIPPASSPORT COVER ,0.0,0.0,0.0,0.0,1144.43,0.0,0.0,1.9529522184300343,8.940859375,0.005903006813285302,2330
84830,1195.15,113,7,7,15.357142857142858,LARGE ENGLISH ARBORETUM,-50.85,3.0,1.0,1.0,1144.3000000000002,0.04254696063255658,0.02654867256637168,10.576548672566373,170.7357142857143,0.00590233626909673,2331
22040,1144.3,2815,94,94,0.41659574468085103,BOTANICAL ROSE GIFT WRAP,0.0,0.0,0.0,0.0,1144.3,0.0,0.0,0.4065008880994671,12.173404255319149,0.0059023362690967295,2332
21555,1146.67,431,135,134,3.053703703703704,CERAMIC STRAWBERRY TRINKET TRAY,-2.55,1.0,1.0,1.0,1144.1200000000001,0.0022238307446780675,0.002320185614849188,2.6604872389791185,8.55723880597015,0.00590140782329717,2333
21942,1164.5,1689,233,221,1.2745922746781113,SKULLS DESIGN FLANNEL,-20.4,24.0,2.0,2.0,1144.1,0.01751824817518248,0.014209591474245116,0.6894612196566016,5.269230769230769,0.005901304662652773,2334
21752,1244.81,77,37,37,17.717027027027026,GLASS CAKE STAND MIRRORED BASE,-104.64999999999999,7.0,6.0,6.0,1140.1599999999999,0.08406905471517741,0.09090909090909091,16.166363636363634,33.64351351351351,0.005880982015706831,2335
21817,1139.24,1760,142,130,0.7388028169014085,GLITTER CHRISTMAS TREE,0.0,0.0,0.0,0.0,1139.24,0.0,0.0,0.6472954545454546,8.763384615384615,0.005876236626064632,2336
84360,1136.19,217,43,40,6.196511627906976,TABLE LAMP WHITE SHADE WOOD BASE,0.0,0.0,0.0,0.0,1136.19,0.0,0.0,5.235898617511521,28.40475,0.0058605046277942965,2337
22715,1135.63,2719,220,218,0.5117727272727273,CARD WEDDING DAY,0.0,0.0,0.0,0.0,1135.63,0.0,0.0,0.4176645825671203,5.209311926605505,0.005857616129751219,2338
84750B,1142.02,609,78,78,2.445128205128205,BLACK SMALL GLASS CAKE STAND,-8.19,5.0,4.0,4.0,1133.83,0.007171503126039824,0.008210180623973728,1.8752380952380951,14.641282051282051,0.00584833167175561,2339
23057,1768.67,773,45,45,4.781555555555556,BEADED CHANDELIER T-LIGHT HOLDER,-636.15,433.0,6.0,6.0,1132.52,0.35967704546354035,0.5601552393272963,2.288059508408797,39.30377777777778,0.005841574649547696,2340
22598,1136.1,1795,148,144,0.7677702702702702,CHRISTMAS MUSICAL ZINC TREE,-5.1,6.0,1.0,1.0,1131.0,0.004489041457618167,0.003342618384401114,0.6329247910863509,7.8895833333333325,0.005833734440573627,2341
23506,1129.1200000000001,2723,151,146,0.46264900662251657,MINI PLAYING CARDS SPACEBOY ,0.0,0.0,0.0,0.0,1129.1200000000001,0.0,0.0,0.41466030113845026,7.733698630136987,0.0058240373400004364,2342
21040,1128.4,895,70,68,2.436142857142857,MODERN VINTAGE COTTON SHOPPING BAG,0.0,0.0,0.0,0.0,1128.4,0.0,0.0,1.260782122905028,16.594117647058823,0.005820323556802193,2343
37482B,1127.9099999999999,1251,9,9,5.19,CUBIC MUG BLUE POLKA DOT,0.0,0.0,0.0,0.0,1127.9099999999999,0.0,0.0,0.9016067146282972,125.32333333333332,0.0058177961210145,2344
20700,1135.22,421,104,103,5.469038461538461,GREEN CAT FLORAL CUSHION COVER ,-7.5,2.0,2.0,2.0,1127.72,0.006606648931484646,0.004750593824228029,2.696484560570071,11.021553398058252,0.005816816094892741,2345
20832,1134.35,1690,163,158,0.9455214723926381,RED FLOCK LOVE HEART PHOTO FRAME,-6.8,8.0,3.0,3.0,1127.55,0.005994622471018646,0.004733727810650888,0.6712130177514792,7.179430379746835,0.005815939229415378,2346
22532,1125.47,2919,186,175,0.45580645161290323,MAGIC DRAWING SLATE LEAP FROG ,0.0,0.0,0.0,0.0,1125.47,0.0,0.0,0.38556697499143544,6.4312571428571434,0.005805210522398232,2347
85224,1120.96,2004,64,61,1.9365625,ASSORTED COLOUR SILK GLASSES CASE,0.0,0.0,0.0,0.0,1120.96,0.0,0.0,0.5593612774451098,18.376393442622952,0.005781947797087014,2348
23510,1118.8,2521,125,120,0.4972,MINI PLAYING CARDS GYMKHANA,0.0,0.0,0.0,0.0,1118.8,0.0,0.0,0.4437921459738199,9.323333333333332,0.005770806447492284,2349
21944,1119.29,1797,210,204,1.1627142857142856,KITTENS DESIGN FLANNEL,-1.7,2.0,1.0,1.0,1117.59,0.0015188199662285913,0.0011129660545353367,0.6228658875904285,5.4867156862745095,0.005764565228506348,2350
17096,1117.52,6241,77,76,0.32376623376623376,ASSORTED LAQUERED INCENSE HOLDERS,0.0,0.0,0.0,0.0,1117.52,0.0,0.0,0.17906104790898894,14.704210526315789,0.005764204166250963,2351
22116,1145.2,835,202,198,1.874009900990099,METAL SIGN HIS DINNER IS SERVED,-27.900000000000002,18.0,2.0,2.0,1117.3,0.02436255675864478,0.02155688622754491,1.371497005988024,5.7838383838383844,0.005763069399162611,2352
22255,1155.08,1216,150,142,1.1468666666666667,FELT TOADSTOOL  SMALL,-38.25,45.0,5.0,5.0,1116.83,0.033114589465664715,0.03700657894736842,0.9499013157894737,8.134366197183098,0.005760645124019313,2353
84750A,1189.23,544,105,105,3.0715238095238093,PINK SMALL GLASS CAKE STAND,-75.3,40.0,8.0,8.0,1113.93,0.06331828157715497,0.07352941176470588,2.1860845588235294,11.326,0.005745686830581946,2354
47504H,1118.92,1031,143,140,2.125104895104895,ENGLISH ROSE SPIRIT LEVEL ,-5.0,4.0,1.0,1.0,1113.92,0.004468594716333607,0.0038797284190106693,1.0852764306498546,7.992285714285715,0.005745635250259748,2355
23411,1118.6100000000001,227,57,56,5.844035087719298, TRELLIS COAT RACK,-4.95,1.0,1.0,1.0,1113.66,0.004425134765467857,0.004405286343612335,4.9277973568281945,19.975178571428575,0.005744294161882605,2356
20615,1111.47,647,204,195,2.646078431372549,BLUE POLKADOT PASSPORT COVER,0.0,0.0,0.0,0.0,1111.47,0.0,0.0,1.7178825347758888,5.699846153846154,0.005732998071321282,2357
85131D,1111.41,1465,276,267,0.8726811594202898,BEADED CRYSTAL HEART PINK ON STICK,0.0,0.0,0.0,0.0,1111.41,0.0,0.0,0.758641638225256,4.162584269662922,0.005732688589388095,2358
84967B,1249.45,24,11,11,65.87272727272727,BLUE KASHMIRI OCCASIONAL TABLE,-139.95,3.0,2.0,2.0,1109.5,0.11200928408499738,0.125,52.06041666666667,113.58636363636364,0.00572283674784831,2359
21758,1107.92,138,82,79,9.149024390243902,VINTAGE SHELLS PRINT,0.0,0.0,0.0,0.0,1107.92,0.0,0.0,8.028405797101449,14.024303797468356,0.005714687056941055,2360
79323S,2084.32,334,56,56,7.9071428571428575, SILVER CHERRY LIGHTS,-976.8000000000001,158.0,22.0,22.0,1107.52,0.4686420511245874,0.47305389221556887,6.240479041916168,37.220000000000006,0.005712623844053142,2361
84358,1107.43,122,30,29,12.552666666666665,FLOOR LAMP SHADE WOOD BASE,0.0,0.0,0.0,0.0,1107.43,0.0,0.0,9.077295081967213,38.18724137931035,0.005712159621153362,2362
23225,1176.17,1355,88,88,1.0939772727272727,CHERUB HEART DECORATION SILVER ,-69.72,84.0,4.0,4.0,1106.45,0.05927714531062686,0.06199261992619926,0.8680221402214022,13.365568181818183,0.005707104749577975,2363
17021,1128.84,4322,85,76,0.2943529411764706,NAMASTE SWAGAT INCENSE,-23.400000000000002,78.0,3.0,3.0,1105.4399999999998,0.02072924417986606,0.018047200370198982,0.26118463674224895,14.85315789473684,0.005701895137035994,2364
84596E,1145.35,1132,208,201,1.2488942307692308,SMALL LICORICE DES PINK BOWL,-40.0,32.0,2.0,2.0,1105.35,0.03492382241236303,0.028268551236749116,1.0117932862190813,5.698258706467661,0.005701430914136214,2365
20755,1104.95,5161,127,122,0.9185826771653544,BLUE PAISLEY POCKET BOOK,0.0,0.0,0.0,0.0,1104.95,0.0,0.0,0.2140961054059291,9.056967213114755,0.005699367701248302,2366
21666,1106.8100000000002,1761,87,85,0.8288505747126437,RIDGED GLASS T-LIGHT HOLDER,-1.9500000000000002,3.0,2.0,2.0,1104.8600000000001,0.001761820005240285,0.0017035775127768314,0.628512208972175,13.021294117647061,0.005698903478348522,2367
37479B,1103.5,1256,34,32,3.0776470588235294,CUBIC MUG FLOCK BLUE ON BROWN,0.0,0.0,0.0,0.0,1103.5,0.0,0.0,0.8785828025477707,34.484375,0.0056918885545296175,2368
85212,1103.1999999999998,2835,122,121,0.7381967213114754,MINI PAINTED GARDEN DECORATION ,0.0,0.0,0.0,0.0,1103.1999999999998,0.0,0.0,0.38913580246913576,9.117355371900825,0.005690341144863682,2369
23513,1114.26,566,70,70,2.306,EMBROIDERED RIBBON REEL SUSIE ,-12.48,6.0,1.0,1.0,1101.78,0.011200258467503096,0.01060070671378092,1.9686572438162544,15.918,0.005683016739111592,2370
84638,1101.55,400,69,69,7.495652173913044,SMALL KITCHEN FLOWER POTS PLAQUE,0.0,0.0,0.0,0.0,1101.55,0.0,0.0,2.753875,15.964492753623187,0.005681830391701042,2371
23375,1100.6899999999998,1342,103,103,0.9369902912621358,50'S CHRISTMAS PAPER GIFT BAG,-0.82,1.0,1.0,1.0,1099.87,0.0007449872352796882,0.0007451564828614009,0.8201862891207152,10.68631067961165,0.005673164897571808,2372
21010,1114.76,850,85,83,1.478705882352941,ETCHED GLASS BIRD TREE DECORATION,-15.0,12.0,1.0,1.0,1099.76,0.01345581111629409,0.01411764705882353,1.3114823529411765,13.430843373493977,0.005672597514027633,2373
21131,1098.86,276,50,49,5.765599999999999,GOLD STANDING GNOME,0.0,0.0,0.0,0.0,1098.86,0.0,0.0,3.9813768115942025,22.425714285714285,0.0056679552850298276,2374
84559B,1102.02,1234,205,195,1.0397560975609756,3D SHEET OF CAT STICKERS,-3.4,4.0,1.0,1.0,1098.62,0.003085243462006134,0.0032414910858995136,0.8930470016207456,5.6513846153846155,0.00566671735729708,2375
22233,1215.06,952,169,164,1.5127810650887574,JIGSAW RABBIT AND BIRDHOUSE,-121.04,74.0,10.0,9.0,1094.02,0.09961647984461673,0.07773109243697479,1.2763235294117647,7.40890243902439,0.005642990409086082,2376
84509C,1093.58,278,97,96,4.425360824742268,SET OF 4 POLKADOT PLACEMATS ,0.0,0.0,0.0,0.0,1093.58,0.0,0.0,3.9337410071942442,11.391458333333333,0.005640720874909378,2377
84989A,1093.42,2120,155,152,0.6855483870967742,75 GREEN FAIRY CAKE CASES,-2.07,4.0,2.0,2.0,1091.3500000000001,0.0018931426167437945,0.0018867924528301887,0.5157641509433962,7.193552631578948,0.005629218463059265,2378
85093,1093.72,1362,154,152,1.201103896103896,CANDY SPOT EGG WARMER HARE,-3.75,3.0,1.0,1.0,1089.97,0.003428665471967231,0.0022026431718061676,0.8030249632892805,7.195526315789474,0.005622100378595965,2379
22709,1099.58,2799,77,77,0.415064935064935,WRAP WEDDING DAY,-10.5,25.0,1.0,1.0,1089.08,0.009549100565670529,0.008931761343336906,0.3928474455162558,14.280259740259739,0.005617509729920358,2380
21632,1101.71,133,54,53,11.435555555555554,VINTAGE PINK DECORATIVE PARASOL,-12.75,1.0,1.0,1.0,1088.96,0.011572918463116427,0.007518796992481203,8.283533834586466,20.78698113207547,0.005616890766053985,2381
23432,1088.3600000000001,1276,74,74,1.3654054054054052,PRETTY HANGING QUILTED HEARTS,0.0,0.0,0.0,0.0,1088.3600000000001,0.0,0.0,0.8529467084639499,14.707567567567569,0.005613795946722116,2382
20932,1143.97,333,81,81,4.717530864197531,PINK POT PLANT CANDLE,-55.75,17.0,6.0,6.0,1088.22,0.048733795466664336,0.05105105105105105,3.4353453453453455,14.123086419753086,0.005613073822211346,2383
22230,1134.6399999999999,1657,196,193,0.944795918367347,JIGSAW TREE WITH WATERING CAN,-48.379999999999995,57.0,9.0,8.0,1086.2599999999998,0.042639074948882465,0.0343995171997586,0.6847555823777911,5.878963730569947,0.005602964079060572,2384
84707A,1085.68,129,65,64,10.479384615384616,SILVER JEWELLED MIRROR TRINKET TRAY,0.0,0.0,0.0,0.0,1085.68,0.0,0.0,8.416124031007753,16.96375,0.0055999724203731,2385
84631,1106.16,288,50,50,9.515999999999998,FRUIT TREE AND BIRDS WALL PLAQUE,-23.85,3.0,2.0,2.0,1082.3100000000002,0.021561076155348233,0.010416666666666666,3.8408333333333338,22.1232,0.005582589851792434,2386
85118,1179.4199999999998,2124,84,81,1.2364285714285714,HEART T-LIGHT HOLDER,-98.67,207.0,11.0,11.0,1080.7499999999998,0.08365976496922217,0.09745762711864407,0.5552824858757062,14.560740740740739,0.005574543321529572,2387
23041,1178.48,272,54,54,4.61,PAPER LANTERN 9 POINT SNOW STAR,-99.6,24.0,1.0,1.0,1078.88,0.08451564727445522,0.08823529411764706,4.33264705882353,21.823703703703703,0.005564897801278581,2388
85078,1079.44,2284,166,162,1.5183734939759037,SCANDINAVIAN 3 HEARTS NAPKIN RING,-0.65,1.0,1.0,1.0,1078.79,0.0006021640850811531,0.00043782837127845885,0.47260945709281965,6.663209876543211,0.0055644335783788,2389
20934,1185.07,197,75,74,7.268000000000001,SET/3 POT PLANT CANDLES,-107.5,20.0,8.0,8.0,1077.57,0.09071194106677243,0.10152284263959391,6.015583756345177,16.01445945945946,0.005558140779070665,2390
85099f,1077.08,213,27,25,5.056296296296296,JUMBO BAG STRAWBERRY,0.0,0.0,0.0,0.0,1077.08,0.0,0.0,5.056713615023474,43.0832,0.005555613343282972,2391
21763,1157.8999999999999,43,17,17,27.95294117647059,VINTAGE WOODEN BAR STOOL,-81.85,3.0,2.0,2.0,1076.05,0.0706883150531134,0.06976744186046512,26.927906976744183,68.11176470588235,0.005550300570096597,2392
23102,1075.03,1274,159,157,0.970754716981132,SILVER HEARTS TABLE DECORATION,0.0,0.0,0.0,0.0,1075.03,0.0,0.0,0.8438226059654631,6.8473248407643315,0.005545039377232419,2393
21839,1085.5900000000001,201,83,83,5.499036144578313,MUMMY MOUSE RED GINGHAM RIBBON,-10.9,2.0,1.0,1.0,1074.69,0.010040623071325269,0.009950248756218905,5.400945273631842,13.079397590361447,0.005543285646277693,2394
85008,1083.74,273,102,99,5.270490196078431,SET OF 3 CONEY ISLAND OVAL BOXES,-9.9,2.0,2.0,2.0,1073.84,0.009135032387842103,0.007326007326007326,3.9697435897435898,10.946868686868687,0.005538901318890878,2395
22511,1076.66,405,114,111,3.430438596491228,RETROSPOT BABUSHKA DOORSTOP,-3.75,1.0,1.0,1.0,1072.91,0.0034829937027473852,0.0024691358024691358,2.6584197530864198,9.69963963963964,0.005534104348926481,2396
84923,1072.37,247,158,150,4.333417721518987,PINK BUTTERFLY HANDBAG W BOBBLES,0.0,0.0,0.0,0.0,1072.37,0.0,0.0,4.34157894736842,7.1491333333333325,0.0055313190115277985,2397
23087,1090.66,868,69,69,1.5915942028985506,ZINC  HEART T-LIGHT HOLDER,-18.75,15.0,1.0,1.0,1071.91,0.017191425375460728,0.01728110599078341,1.256520737327189,15.806666666666668,0.0055289463167067,2398
23433,1108.5800000000002,1258,89,89,1.5002247191011233,HANGING QUILTED PATCHWORK APPLES,-39.010000000000005,47.0,3.0,3.0,1069.5700000000002,0.03518916090854968,0.037360890302066775,0.8812241653418125,12.455955056179777,0.0055168765213124095,2399
35646,1068.91,647,108,104,2.3989814814814814,VINTAGE BEAD PINK EVENING BAG,0.0,0.0,0.0,0.0,1068.91,0.0,0.0,1.6521020092735705,10.27798076923077,0.005513472220047353,2400
84791,1086.13,334,106,106,3.791320754716981,GINGHAM HEART DECORATION,-17.700000000000003,6.0,1.0,1.0,1068.43,0.016296391776306703,0.017964071856287425,3.2518862275449103,10.246509433962265,0.0055109963645818575,2401
21061,1077.1599999999999,1432,168,163,0.9678571428571429,PARTY INVITES FOOTBALL,-10.2,12.0,1.0,1.0,1066.9599999999998,0.009469345315459171,0.008379888268156424,0.7522067039106144,6.608343558282208,0.0055034140572187765,2402
22105,1298.91,693,57,55,4.249298245614035,MIRROR MOSAIC GOBLET CANDLE HOLDER,-232.25,241.0,2.0,2.0,1066.66,0.17880376623476607,0.3477633477633478,1.8743290043290044,23.616545454545456,0.005501866647552843,2403
22389,1276.1200000000001,659,94,92,2.5420212765957446,PAPERWEIGHT SAVE THE PLANET,-210.0,100.0,1.0,1.0,1066.1200000000001,0.16456132652101682,0.15174506828528073,1.9364491654021245,13.870869565217392,0.005499081310154161,2404
23113,5868.5,1154,57,57,6.361754385964912,PANTRY CHOPPING BOARD,-4803.06,946.0,6.0,6.0,1065.4399999999996,0.818447644202096,0.8197573656845754,5.085355285961872,102.95614035087719,0.005495573848244706,2405
20839,1063.77,642,121,118,2.6193388429752065,FRENCH PAISLEY CUSHION COVER ,0.0,0.0,0.0,0.0,1063.77,0.0,0.0,1.6569626168224298,9.015,0.005486959934437672,2406
21779,1097.8000000000002,301,22,22,4.612272727272727,MA CAMPAGNE MINI WOODEN CHEST,-35.05,10.0,3.0,3.0,1062.7500000000002,0.031927491346329016,0.03322259136212625,3.64717607973422,49.900000000000006,0.0054816987415734954,2407
20840,1428.4099999999999,886,95,93,2.222526315789474,FRENCH FLORAL CUSHION COVER ,-365.85,219.0,3.0,3.0,1062.56,0.25612394200544664,0.24717832957110608,1.612200902934537,15.359247311827955,0.005480718715451735,2408
22821,1072.8,1699,190,186,0.7234736842105264,GIFT BAG PSYCHEDELIC APPLES,-10.4,16.0,2.0,2.0,1062.3999999999999,0.009694258016405667,0.009417304296645085,0.631430253090053,5.767741935483871,0.00547989343029657,2409
23331,1062.28,1596,114,109,0.781578947368421,DECORATIVE WICKER HEART SMALL,0.0,0.0,0.0,0.0,1062.28,0.0,0.0,0.6655889724310777,9.745688073394495,0.005479274466430196,2410
22997,1094.93,2545,223,222,0.49327354260089684,TRAVEL CARD WALLET UNION JACK,-32.76,78.0,8.0,8.0,1062.17,0.029919720895399703,0.030648330058939095,0.4302278978388998,4.932117117117118,0.005478707082886021,2411
72815,1091.83,283,72,70,4.061944444444444,3 WICK CHRISTMAS BRIAR CANDLE ,-30.0,8.0,3.0,3.0,1061.83,0.027476804997114936,0.028268551236749116,3.858056537102473,15.597571428571428,0.005476953351931294,2412
21725,1062.4199999999998,1157,181,173,1.1605524861878453,SWEETIES  STICKERS,-1.7,2.0,1.0,1.0,1060.7199999999998,0.0016001204796596451,0.001728608470181504,0.9182541054451165,6.141156069364161,0.005471227936167336,2413
37327,1061.83,1745,92,88,1.6427173913043478,ASSTD MULTICOLOUR CIRCLES MUG,-1.56,4.0,1.0,1.0,1060.27,0.0014691617302204686,0.002292263610315186,0.6084985673352435,12.066249999999998,0.005468906821668435,2414
72800F,1060.19,822,69,67,2.497391304347826,4 IVORY DINNER CANDLES GOLD FLOCK,0.0,0.0,0.0,0.0,1060.19,0.0,0.0,1.2897688564476886,15.823731343283583,0.005468494179090852,2415
23033,1058.8999999999999,714,74,74,1.814864864864865,DRAWER KNOB CERAMIC RED,0.0,0.0,0.0,0.0,1058.8999999999999,0.0,0.0,1.4830532212885152,14.309459459459458,0.0054618403175273325,2416
21827,1075.14,840,145,134,1.3632413793103448,EIGHT PIECE CREEPY CRAWLIE SET,-16.25,13.0,1.0,1.0,1058.89,0.01511431069442119,0.015476190476190477,1.2799285714285715,8.023432835820897,0.005461788737205136,2417
23516,1058.6,296,44,42,3.848181818181818,EMBROIDERED RIBBON REEL SOPHIE  ,0.0,0.0,0.0,0.0,1058.6,0.0,0.0,3.576351351351351,25.204761904761902,0.005460292907861398,2418
21690,1058.34,276,93,82,3.948279569892473,SILVER  CANDLEPOT JARDIN ,0.0,0.0,0.0,0.0,1058.34,0.0,0.0,3.834565217391304,12.906585365853658,0.005458951819484255,2419
85163A,1058.17,103,57,57,12.29877192982456,WHITE BAROQUE WALL CLOCK ,0.0,0.0,0.0,0.0,1058.17,0.0,0.0,10.273495145631069,18.564385964912283,0.005458074954006892,2420
85179B,1056.6,246,45,45,5.192666666666667,WHITE BITTY LIGHT CHAIN ,0.0,0.0,0.0,0.0,1056.6,0.0,0.0,4.295121951219512,23.479999999999997,0.005449976843421834,2421
20782,1094.46,169,90,87,6.881555555555556,CAMOUFLAGE EAR MUFF HEADPHONES,-38.43,7.0,2.0,2.0,1056.03,0.03511320651280083,0.04142011834319527,6.476094674556213,12.58,0.005447036765056559,2422
35651,1073.75,460,65,63,3.6178461538461537,VINTAGE BEAD PINK SCARF ,-19.8,12.0,1.0,1.0,1053.95,0.01844004656577416,0.02608695652173913,2.3342391304347827,17.043650793650794,0.005436308058039412,2423
21269,1053.82,115,66,65,9.52787878787879,ANTIQUE CREAM CUTLERY SHELF ,0.0,0.0,0.0,0.0,1053.82,0.0,0.0,9.163652173913043,16.212615384615383,0.005435637513850839,2424
84908B,1052.29,435,35,35,5.516857142857143,BLUE 5 PATCH FLOWER CUSHION COVER,0.0,0.0,0.0,0.0,1052.29,0.0,0.0,2.4190574712643675,30.06542857142857,0.005427745724554573,2425
22134,1057.15,2373,306,298,0.6410457516339869,MINI LADLE LOVE HEART RED ,-5.04,12.0,1.0,1.0,1052.1100000000001,0.004767535354490848,0.0050568900126422255,0.4454909397387274,3.54748322147651,0.005426817278755013,2426
20671,1051.22,796,145,143,1.5722758620689654,BLUE TEATIME PRINT BOWL ,0.0,0.0,0.0,0.0,1051.22,0.0,0.0,1.3206281407035176,7.351188811188812,0.005422226630079406,2427
22806,1184.42,442,60,57,3.3623333333333334,SET OF 6 T-LIGHTS WEDDING CAKE ,-134.20000000000002,52.0,2.0,2.0,1050.22,0.1133044021546411,0.11764705882352941,2.679683257918552,20.779298245614036,0.0054170685978596235,2428
84965A,1050.0,20,3,3,40.0,PINK KASHMIRI COFFEE TABLE ,0.0,0.0,0.0,0.0,1050.0,0.0,0.0,52.5,350.0,0.005415933830771272,2429
79191C,1295.46,1621,160,157,0.9803749999999999,RETRO PLASTIC ELEPHANT TRAY,-245.64999999999998,289.0,25.0,25.0,1049.81,0.1896237629876646,0.1782850092535472,0.7991733497840839,8.251337579617834,0.005414953804649513,2430
22953,1049.8,841,129,119,1.3724031007751938,BIRTHDAY PARTY CORDON BARRIER TAPE,0.0,0.0,0.0,0.0,1049.8,0.0,0.0,1.2482758620689656,8.821848739495797,0.005414902224327315,2431
21825,1053.1899999999998,733,80,75,1.546875,PAINTED METAL TREE WITH HOLLY BELLS,-4.35,3.0,1.0,1.0,1048.84,0.0041303088711438585,0.004092769440654843,1.436821282401091,14.042533333333331,0.005409950513396324,2432
22857,1048.28,1230,66,66,1.4554545454545456,ASSORTED EASTER GIFT TAGS,0.0,0.0,0.0,0.0,1048.28,0.0,0.0,0.852260162601626,15.883030303030303,0.005407062015353246,2433
72800D,1050.81,643,87,86,2.7077011494252874,4 BLUE DINNER CANDLES SILVER FLOCK,-2.55,1.0,1.0,1.0,1048.26,0.0024266994033174407,0.0015552099533437014,1.6342301710730949,12.218720930232557,0.0054069588547088505,2434
84030e,1047.16,128,51,46,8.485686274509803,ENGLISH ROSE HOT WATER BOTTLE,0.0,0.0,0.0,0.0,1047.16,0.0,0.0,8.1809375,22.764347826086958,0.005401285019267091,2435
23327,1051.1399999999999,1734,42,41,0.7871428571428571,HANGING CLEAR MINI BOTTLE,-4.720000000000001,8.0,2.0,2.0,1046.4199999999998,0.004490362844150162,0.00461361014994233,0.6061937716262975,25.637560975609752,0.00539746807542445,2436
23419,1043.72,473,86,86,2.6725581395348836,HOME SWEET HOME BOTTLE ,-2.08,1.0,1.0,1.0,1041.64,0.0019928716514007586,0.0021141649048625794,2.206596194503171,12.136279069767442,0.0053728126814138934,2437
21721,1041.87,1139,155,144,1.1596129032258062,CANDY SHOP  STICKER SHEET,-1.7,2.0,1.0,1.0,1040.1699999999998,0.0016316814957720255,0.001755926251097454,0.914723441615452,7.235208333333333,0.005365230374050812,2438
21814,1039.81,685,103,95,1.8194174757281554,HEART T-LIGHT HOLDER ,0.0,0.0,0.0,0.0,1039.81,0.0,0.0,1.5179708029197079,10.945368421052631,0.005363373482451691,2439
85144,1054.1,288,73,70,5.337671232876712,JARDIN ETCHED GLASS CHEESE DISH,-14.5,2.0,2.0,2.0,1039.6,0.01375581064415141,0.006944444444444444,3.660069444444444,15.058571428571428,0.005362290295685536,2440
23056,2898.12,963,40,39,6.1842500000000005,FLOWERS CHANDELIER T-LIGHT HOLDER,-1859.07,579.0,7.0,7.0,1039.05,0.6414744731067037,0.6012461059190031,3.0094704049844236,74.31076923076922,0.005359453377964657,2441
21664,1064.82,267,72,67,4.225972222222222,RIDGED GLASS STORAGE JAR CREAM LID,-26.25,7.0,3.0,3.0,1038.57,0.024652053868259426,0.026217228464419477,3.988089887640449,15.892835820895522,0.005356977522499161,2442
84908A,1045.16,432,36,36,5.822222222222222,PINK 5 PATCH FLOWER CUSHION COVER ,-6.95,1.0,1.0,1.0,1038.21,0.00664969956753033,0.0023148148148148147,2.419351851851852,29.032222222222224,0.00535512063090004,2443
22995,1058.64,2381,268,266,0.5419402985074626,TRAVEL CARD WALLET SUKI,-20.580000000000002,49.0,3.0,3.0,1038.0600000000002,0.01944003627295398,0.020579588408231837,0.444619907601848,3.979849624060151,0.005354346926067073,2444
21014,1038.6599999999999,1973,205,189,0.8161951219512195,SWISS CHALET TREE DECORATION ,-0.72,1.0,1.0,1.0,1037.9399999999998,0.0006932008549477212,0.0005068423720223011,0.5264368981246832,5.495555555555555,0.0053537279622006976,2445
82616C,1040.04,638,147,142,2.213061224489796,MIDNIGHT GLAMOUR SCARF KNITTING KIT,-3.75,3.0,1.0,1.0,1036.29,0.003605630552671051,0.004702194357366771,1.6301567398119121,7.324225352112676,0.005345217209038059,2446
22266,1040.11,2542,170,161,0.6852352941176472,EASTER DECORATION HANGING BUNNY,-4.55,7.0,2.0,2.0,1035.56,0.004374537308553903,0.0027537372147915028,0.40916994492525566,6.460310559006211,0.005341451845517617,2447
20652,1034.81,1520,175,172,1.416,BLUE POLKADOT LUGGAGE TAG ,0.0,0.0,0.0,0.0,1034.81,0.0,0.0,0.6807960526315789,6.016337209302325,0.00533758332135278,2448
23347,1077.3,860,98,97,1.5569387755102042,I LOVE LONDON BEAKER,-42.5,34.0,3.0,3.0,1034.8,0.03945047804696928,0.03953488372093023,1.252674418604651,11.106185567010309,0.005337531741030583,2449
22856,1059.8500000000001,877,32,32,3.520625,ASSORTED EASTER DECORATIONS  BELLS,-26.25,21.0,2.0,2.0,1033.6000000000001,0.024767655800349102,0.02394526795895097,1.2084948688711519,33.120312500000004,0.005331342102366844,2450
23088,1033.28,795,79,79,1.627594936708861,ZINC HEART FLOWER T-LIGHT HOLDER,0.0,0.0,0.0,0.0,1033.28,0.0,0.0,1.2997232704402515,13.079493670886075,0.0053296915320565135,2451
21904,1212.02,762,149,145,2.0904026845637587,HOUSE WRECKING METAL SIGN ,-179.70000000000002,97.0,2.0,2.0,1032.32,0.14826488011748984,0.1272965879265092,1.5905774278215223,8.358758620689654,0.005324739821125523,2452
85180B,1031.48,365,70,67,4.240571428571429,PINK HEARTS LIGHT CHAIN ,0.0,0.0,0.0,0.0,1031.48,0.0,0.0,2.8259726027397263,15.395223880597015,0.005320407074060906,2453
21202,1105.1299999999999,855,67,66,1.7782089552238807,DOLLY HONEYCOMB GARLAND,-74.55,51.0,3.0,3.0,1030.58,0.06745812709816945,0.05964912280701754,1.2925497076023391,16.744393939393937,0.005315764845063102,2454
20783,1051.4,165,55,55,7.64509090909091,HEART EAR MUFF HEADPHONES,-21.12,4.0,4.0,4.0,1030.2800000000002,0.020087502377782004,0.024242424242424242,6.372121212121213,19.116363636363637,0.005314217435397168,2455
22860,1064.15,614,112,111,1.972767857142857,EASTER TIN CHICKS PINK DAISY,-34.65,21.0,3.0,2.0,1029.5,0.032561199079077195,0.03420195439739414,1.7331433224755701,9.586936936936938,0.005310194170265737,2456
84405A,1042.16,129,50,50,11.7106,S/3 PINK COL METAL BASKET W HANDLE,-12.75,1.0,1.0,1.0,1029.41,0.012234205880095186,0.007751937984496124,8.078759689922482,20.843200000000003,0.005309729947365957,2457
46775A,1044.23,83,32,32,14.045,BUBBLE GUM CHUNKY KNITTED THROW ,-16.95,1.0,1.0,1.0,1027.28,0.016232056156210796,0.012048192771084338,12.581084337349397,32.6321875,0.005298743338737821,2458
22049,1047.25,3575,117,114,0.2981196581196581,WRAP CHRISTMAS SCREEN PRINT,-21.0,50.0,2.0,1.0,1026.25,0.02005251850083552,0.013986013986013986,0.29293706293706295,9.18640350877193,0.005293430565551445,2459
22717,1031.05,2432,220,215,0.5429545454545454,CARD DOG AND BALL ,-5.04,12.0,1.0,1.0,1026.01,0.004888220745841618,0.004934210526315789,0.4239514802631579,4.795581395348837,0.005292192637818697,2460
23545,1025.6,2480,85,84,0.41905882352941176,WRAP RED VINTAGE DOILY,0.0,0.0,0.0,0.0,1025.6,0.0,0.0,0.41354838709677416,12.209523809523809,0.005290077844608586,2461
85104,1048.0900000000001,359,60,56,3.1273333333333335,SILVER GLASS T-LIGHT SET,-23.6,8.0,2.0,2.0,1024.4900000000002,0.022517150244730888,0.022284122562674095,2.9194707520891368,18.715892857142858,0.00528435242884463,2462
84985A,1029.73,652,160,153,1.7571249999999998,SET OF 72 GREEN PAPER DOILIES,-7.25,5.0,1.0,1.0,1022.48,0.007040680566750507,0.007668711656441718,1.5793404907975461,6.730261437908497,0.005273984784082867,2463
35599B,1022.09,276,55,51,5.797454545454546,BLACK CHRISTMAS TREE 120CM,0.0,0.0,0.0,0.0,1022.09,0.0,0.0,3.7032246376811595,20.040980392156865,0.005271973151517151,2464
22247,1022.79,1184,187,182,1.0458288770053477,BUNNY DECORATION MAGIC GARDEN,-0.75,1.0,1.0,1.0,1022.04,0.0007332883583140234,0.0008445945945945946,0.8638429054054054,5.619725274725274,0.005271715249906162,2465
35653,1020.9200000000001,320,118,113,3.7797457627118645,VINTAGE BEAD NOTEBOOK,0.0,0.0,0.0,0.0,1020.9200000000001,0.0,0.0,3.1903750000000004,9.034690265486727,0.005265938253820007,2466
84709B,1026.38,178,89,86,5.925842696629213,PINK OVAL JEWELLED MIRROR,-5.95,1.0,1.0,1.0,1020.4300000000001,0.005797073208753093,0.0056179775280898875,5.766179775280899,11.934651162790699,0.005263410818032313,2467
84596L,1020.22,1540,259,255,0.9748262548262547,BISCUITS SMALL BOWL LIGHT BLUE,0.0,0.0,0.0,0.0,1020.22,0.0,0.0,0.6624805194805194,4.000862745098039,0.005262327631266159,2468
23452,1021.76,518,87,87,2.07183908045977,HEART MINI PORTRAIT FRAME,-1.95,1.0,1.0,1.0,1019.81,0.0019084716567491387,0.0019305019305019305,1.9725096525096526,11.744367816091954,0.0052602128380560475,2469
35923,1023.77,1545,113,112,1.2692920353982302,CANDY HEART HANGING DECORATION,-4.14,4.0,3.0,3.0,1019.63,0.004043877042695136,0.0025889967637540453,0.6626343042071198,9.140803571428572,0.005259284392256487,2470
22420,1019.85,2117,245,234,0.5909387755102041,LIPSTICK PEN BABY PINK,-0.42,1.0,1.0,1.0,1019.4300000000001,0.0004118252684218267,0.0004723665564478035,0.48174303259329243,4.358333333333333,0.005258252785812531,2471
20619,1018.63,579,195,194,2.351076923076923,TROPICAL PASSPORT COVER ,0.0,0.0,0.0,0.0,1018.63,0.0,0.0,1.7592918825561312,5.250670103092784,0.005254126360036705,2472
85031C,1017.48,481,107,106,3.508317757009346,CURIOUS IMAGES SCRAP BOOK SET,0.0,0.0,0.0,0.0,1017.48,0.0,0.0,2.1153430353430354,9.598867924528301,0.005248194622983956,2473
85124A,1037.13,377,95,95,3.2044210526315786,PINK JUICY FRUIT PHOTO FRAME,-20.4,8.0,3.0,3.0,1016.7300000000001,0.019669665326429664,0.021220159151193633,2.751007957559682,10.917157894736842,0.005244326098819119,2474
22643,1016.44,468,97,96,2.39680412371134,SET OF 4 NAPKIN CHARMS LEAVES   ,0.0,0.0,0.0,0.0,1016.44,0.0,0.0,2.171880341880342,10.587916666666667,0.0052428302694753825,2475
23107,1009.51,359,73,73,3.2009589041095894,WHITE HEARTS WIRE PLANT POT HOLDER,0.0,0.0,0.0,0.0,1009.51,0.0,0.0,2.8120055710306406,13.828904109589041,0.005207085106192291,2476
84905,1007.91,269,105,105,5.029047619047619,PINK BUTTERFLY CUSHION COVER ,0.0,0.0,0.0,0.0,1007.91,0.0,0.0,3.7468773234200743,9.599142857142857,0.005198832254640641,2477
21836,1022.88,252,103,100,4.393398058252427,GINGHAM OVEN GLOVE RED HEART ,-15.0,4.0,1.0,1.0,1007.88,0.014664476771468794,0.015873015873015872,4.059047619047619,10.2288,0.005198677513674047,2478
85170C,1009.85,549,109,107,2.8061467889908256,SET/6 EAU DE NIL BIRD T-LIGHTS,-2.1,1.0,1.0,1.0,1007.75,0.002079516759914839,0.0018214936247723133,1.8394353369763206,9.437850467289719,0.005198006969485475,2479
23544,1015.78,164,20,20,7.523000000000001,WALL ART MID CENTURY MODERN ,-8.25,1.0,1.0,1.0,1007.53,0.008121837405737463,0.006097560975609756,6.193780487804878,50.789,0.005196872202397123,2480
84625C,1130.37,804,78,71,2.723076923076923,BLUE NEW BAROQUE CANDLESTICK CANDLE,-124.00000000000001,94.0,9.0,8.0,1006.3699999999999,0.10969859426559447,0.11691542288557213,1.4059328358208953,15.920704225352111,0.005190888885022176,2481
47310M,1006.19,747,174,172,1.6622988505747127,SMALL POP BOX FUNKY MONKEY,0.0,0.0,0.0,0.0,1006.19,0.0,0.0,1.3469745649263722,5.849941860465116,0.005189960439222615,2482
21392,1484.43,7548,51,48,2.3705882352941177,RED SPOTTY PUDDING BOWL,-478.44,3650.0,2.0,2.0,1005.99,0.3223055314160991,0.4835718071012189,0.19666534181240064,30.925625,0.005188928832778658,2483
23153,1020.69,263,90,90,4.236666666666666,ZINC SWEETHEART WIRE LETTER RACK,-15.0,4.0,1.0,1.0,1005.69,0.01469594098110102,0.015209125475285171,3.8809505703422054,11.341000000000001,0.005187381423112724,2484
21084,1008.8100000000001,2929,227,223,0.5650660792951542,SET/6 COLLAGE PAPER CUPS,-4.5600000000000005,24.0,1.0,1.0,1004.2500000000001,0.0045201772385285634,0.008193922840559918,0.3444213041993855,4.523811659192825,0.005179953856716238,2485
72750B,1047.2,496,39,39,3.078205128205128,FLOWER FAIRY SET 3 CANDLES LAVENDER,-43.1,18.0,3.0,3.0,1004.1,0.04115737203972498,0.036290322580645164,2.111290322580645,26.851282051282052,0.00517918015188327,2486
21250,1003.45,404,61,60,3.2244262295081967,SET OF SKULL WALL STICKERS,0.0,0.0,0.0,0.0,1003.45,0.0,0.0,2.4837871287128714,16.72416666666667,0.005175827430940413,2487
85126,1069.16,156,35,34,7.093999999999999,LARGE ROUND CUTGLASS CANDLESTICK,-67.5,10.0,4.0,4.0,1001.6600000000001,0.0631336750346066,0.0641025641025641,6.853589743589744,31.44588235294118,0.005166594553267003,2488
23281,1000.82,1280,104,101,0.9803846153846153,FOLDING BUTTERFLY MIRROR RED  ,0.0,0.0,0.0,0.0,1000.82,0.0,0.0,0.7818906250000001,9.90910891089109,0.005162261806202385,2489
23121,1000.44,2501,116,111,0.5528448275862069,PACK OF 6 COCKTAIL PARASOL STRAWS,0.0,0.0,0.0,0.0,1000.44,0.0,0.0,0.400015993602559,9.012972972972973,0.0051603017539588675,2490
23533,998.64,215,36,36,6.166944444444445,WALL ART GARDEN HAVEN ,0.0,0.0,0.0,0.0,998.64,0.0,0.0,4.644837209302326,27.74,0.00515101729596326,2491
72586,1013.5,2307,187,183,0.5922994652406417,SET OF 6 HALLOWEEN GHOST T-LIGHTS,-15.12,36.0,1.0,1.0,998.38,0.014918598914652194,0.015604681404421327,0.43931512787169485,5.538251366120218,0.005149676207586116,2492
20730,1011.7,2218,102,102,1.0862745098039215,STRAWBERRY CANDY BAG,-13.75,11.0,2.0,2.0,997.95,0.013590985470000988,0.004959422903516681,0.456131650135257,9.918627450980393,0.00514745825373161,2493
20617,997.2,499,106,105,2.415188679245283,FIRST CLASS PASSPORT COVER ,0.0,0.0,0.0,0.0,997.2,0.0,0.0,1.9983967935871745,9.497142857142858,0.005143589729566774,2494
23517,996.38,334,63,63,3.4480952380952385,EMBROIDERED RIBBON REEL REBECCA ,0.0,0.0,0.0,0.0,996.38,0.0,0.0,2.9831736526946107,15.815555555555555,0.005139360143146553,2495
22529,995.61,2468,161,155,0.4546583850931677,MAGIC DRAWING SLATE GO TO THE FAIR ,0.0,0.0,0.0,0.0,995.61,0.0,0.0,0.40340761750405185,6.4232903225806455,0.00513538845833732,2496
84660C,995.6,726,86,85,3.683720930232558,PINK STITCHED WALL CLOCK,0.0,0.0,0.0,0.0,995.6,0.0,0.0,1.3713498622589533,11.712941176470588,0.005135336878015122,2497
35958,994.8299999999999,1143,86,82,0.9653488372093023,FOLKART ZINC STAR CHRISTMAS DEC,0.0,0.0,0.0,0.0,994.8299999999999,0.0,0.0,0.8703674540682415,12.132073170731706,0.005131365193205889,2498
82613B,1004.39,904,231,223,1.7459307359307359,"METAL SIGN,CUPCAKE SINGLE HOOK",-9.65,21.0,2.0,2.0,994.74,0.00960782166289987,0.023230088495575223,1.111050884955752,4.503991031390134,0.00513090097030611,2499
20705,996.19,273,53,53,5.42622641509434,MRS ROBOT SOFT TOY,-1.95,1.0,1.0,1.0,994.24,0.0019574579146548346,0.003663003663003663,3.6490476190476193,18.79603773584906,0.0051283219541962185,2500
21127,998.03,297,50,48,7.336600000000001,COLOURFUL FISHING GNOME,-5.95,1.0,1.0,1.0,992.0799999999999,0.005961744636934762,0.003367003367003367,3.3603703703703705,20.792291666666667,0.0051171806046014885,2501
72484,991.38,1818,66,64,1.21,ROSES IN WHITE HEART CANDLE ,0.0,0.0,0.0,0.0,991.38,0.0,0.0,0.5453135313531353,15.4903125,0.005113569982047641,2502
85049e,990.69,297,63,61,3.303174603174603,SCANDINAVIAN REDS RIBBONS,0.0,0.0,0.0,0.0,990.69,0.0,0.0,3.3356565656565658,16.24081967213115,0.005110010939815992,2503
20773,992.03,3356,126,117,1.7378571428571428,BLUE PAISLEY NOTEBOOK,-1.65,1.0,1.0,1.0,990.38,0.0016632561515276755,0.0002979737783075089,0.2955989272943981,8.47888888888889,0.005108411949827859,2504
84964B,990.0,17,2,2,45.0,BLUE PAINTED KASHMIRI TABLE ,0.0,0.0,0.0,0.0,990.0,0.0,0.0,58.23529411764706,495.0,0.005106451897584342,2505
21427,1023.02,517,127,119,3.0166141732283465,SKULLS STORAGE BOX SMALL,-33.6,16.0,8.0,8.0,989.42,0.03284393266993803,0.030947775628626693,1.978762088974855,8.596806722689076,0.005103460238896868,2506
22108,1002.26,320,133,128,3.5366165413533834,PING! MICROWAVE PLATE,-15.0,4.0,1.0,1.0,987.26,0.014966176441242792,0.0125,3.1320625,7.83015625,0.005092318889302139,2507
78124,986.11,736,32,31,1.9096875,MAGAZINE RACK GEBRA ASSORTED ,0.0,0.0,0.0,0.0,986.11,0.0,0.0,1.3398233695652173,31.81,0.00508638715224939,2508
85071A,1433.39,1913,150,147,1.2739333333333334,BLUE CHARLIE+LOLA PERSONAL DOORSIGN,-448.4,152.0,2.0,2.0,984.9900000000001,0.3128248418085796,0.07945635128071092,0.7492890747516989,9.750952380952382,0.005080610156163234,2509
84686,1027.79,389,76,76,5.956842105263158,BEACH HUT MIRROR,-43.4,20.0,3.0,3.0,984.39,0.04222652487375826,0.05141388174807198,2.642133676092545,13.523552631578946,0.005077515336831364,2510
20878,982.51,761,94,85,1.461595744680851,SET/9 CHRISTMAS T-LIGHTS SCENTED ,0.0,0.0,0.0,0.0,982.51,0.0,0.0,1.2910775295663601,11.558941176470588,0.005067818236258174,2511
85025B,988.76,571,99,95,2.156262626262626,EAU DE NILE HEART SHAPE PHOTO FRAME,-6.6,4.0,3.0,3.0,982.16,0.006675027306929891,0.0070052539404553416,1.7316287215411559,10.408,0.0050660129249812495,2512
84918,995.12,208,63,63,6.064920634920635,CREAM CUSHION COVER WITH FLOWERS,-13.9,2.0,1.0,1.0,981.22,0.013968164643460085,0.009615384615384616,4.784230769230769,15.795555555555556,0.005061164374694655,2513
21417,1030.21,504,120,118,3.028916666666667,COCKLE SHELL DISH,-52.50000000000001,25.0,2.0,2.0,977.71,0.0509604837848594,0.0496031746031746,2.0440674603174602,8.730593220338983,0.005043059681603219,2514
82616B,991.4200000000001,611,133,126,2.232932330827068,FRAPPUCINO SCARF KNITTING KIT,-14.2,10.0,2.0,2.0,977.22,0.014322890399628814,0.016366612111292964,1.622618657937807,7.868412698412699,0.005040532245815526,2515
23512,975.24,500,57,57,2.3164912280701753,EMBROIDERED RIBBON REEL ROSIE,0.0,0.0,0.0,0.0,975.24,0.0,0.0,1.95048,17.109473684210528,0.005030319342020357,2516
22104,974.7199999999999,1191,101,99,1.5782178217821783,MIRROR MOSAIC CANDLE PLATE,0.0,0.0,0.0,0.0,974.7199999999999,0.0,0.0,0.8184047019311502,9.845656565656565,0.00502763716526607,2517
21850,1127.2,459,113,106,3.9378761061946905,BLUE  DIAMANTE PEN IN GIFT BOX,-153.0,36.0,1.0,1.0,974.2,0.13573456352022711,0.0784313725490196,2.455773420479303,10.633962264150943,0.0050249549885117845,2518
20774,975.6800000000001,3492,125,119,1.7354399999999999,GREEN FERN NOTEBOOK,-1.65,1.0,1.0,1.0,974.0300000000001,0.0016911282387668085,0.000286368843069874,0.2794043528064147,8.198991596638656,0.005024078123034421,2519
84873a,973.36,88,59,59,11.064745762711864,FUNKY FLOWER PICNIC BAG FOR 4,0.0,0.0,0.0,0.0,973.36,0.0,0.0,11.06090909090909,16.49762711864407,0.005020622241447167,2520
79323G,2007.88,314,61,61,7.712295081967213,GOLD  CHERRY LIGHTS,-1037.45,175.0,25.0,25.0,970.4300000000001,0.516689244377154,0.5573248407643312,6.3945222929936305,32.916065573770496,0.005005509207043205,2521
21562,970.2800000000001,678,74,73,1.8506756756756755,HAWAIIAN GRASS SKIRT ,0.0,0.0,0.0,0.0,970.2800000000001,0.0,0.0,1.4310914454277288,13.29150684931507,0.0050047355022102375,2522
23380,983.5,2344,123,121,0.48520325203252035,PACK OF 12 VINTAGE DOILY TISSUES,-14.04,36.0,2.0,2.0,969.46,0.014275546517539399,0.015358361774744027,0.41958191126279865,8.12809917355372,0.0050005059157900164,2523
20998,969.23,332,132,127,2.9700757575757577,ROSE DU SUD OVEN GLOVE,0.0,0.0,0.0,0.0,969.23,0.0,0.0,2.9193674698795182,7.631732283464567,0.004999319568379466,2524
85130D,967.1,793,111,107,1.7803603603603604,BEADED CRYSTAL HEART PINK LARGE,0.0,0.0,0.0,0.0,967.1,0.0,0.0,1.219546027742749,9.038317757009345,0.00498833295975133,2525
23514,977.39,478,74,74,2.349189189189189,EMBROIDERED RIBBON REEL SALLY ,-12.48,6.0,1.0,1.0,964.91,0.012768700314101843,0.012552301255230125,2.0447489539748953,13.207972972972973,0.004977036869190008,2526
22512,963.7900000000001,385,72,71,3.686388888888889,DOORSTOP RACING CAR DESIGN,0.0,0.0,0.0,0.0,963.7900000000001,0.0,0.0,2.5033506493506494,13.574507042253522,0.004971259873103852,2527
20758,964.4699999999999,5438,99,95,0.8195959595959597,ABSTRACT CIRCLES POCKET BOOK,-0.85,1.0,1.0,1.0,963.6199999999999,0.000881313052764731,0.00018389113644722325,0.1773574843692534,10.152315789473683,0.004970383007626488,2528
23518,980.41,361,44,44,3.0959090909090907,EMBROIDERED RIBBON REEL RACHEL ,-17.34,6.0,1.0,1.0,963.0699999999999,0.01768647810609847,0.01662049861495845,2.7158171745152355,22.282045454545454,0.004967546089905608,2529
17012C,962.9499999999999,861,117,113,2.033589743589743,ORIGAMI LAVENDER INCENSE/CANDL SET ,0.0,0.0,0.0,0.0,962.9499999999999,0.0,0.0,1.1184088269454122,8.521681415929203,0.004966927126039234,2530
21060,962.75,1288,152,151,0.9401973684210526,PARTY INVITES BALLOON GIRL,0.0,0.0,0.0,0.0,962.75,0.0,0.0,0.7474767080745341,6.375827814569536,0.004965895519595278,2531
21208,980.27,1079,123,120,1.653658536585366,PASTEL COLOUR HONEYCOMB FAN,-17.64,42.0,5.0,5.0,962.63,0.01799504218225591,0.03892493049119555,0.9084986098239111,8.168916666666666,0.004965276555728904,2532
21691,960.99,249,79,72,3.9889873417721518,SILVER VANILLA FLOWER CANDLE POT,0.0,0.0,0.0,0.0,960.99,0.0,0.0,3.859397590361446,13.347083333333334,0.004956817382888461,2533
72814,967.9200000000001,266,55,54,3.8874545454545455,SET OF 3 CHRISTMAS BRIAR CANDLES,-7.5,2.0,1.0,1.0,960.4200000000001,0.00774857426233573,0.007518796992481203,3.638796992481203,17.924444444444447,0.004953877304523186,2534
21641,959.5899999999999,1674,116,111,1.2444827586206895,ASSORTED TUTTI FRUTTI KEYRING BALL,0.0,0.0,0.0,0.0,959.5899999999999,0.0,0.0,0.573231780167264,8.644954954954954,0.004949596137780766,2535
85197,959.46,1669,76,74,2.0594736842105266,SET OF 12 MINI BUNNIES IN A BUCKET,0.0,0.0,0.0,0.0,959.46,0.0,0.0,0.5748711803475135,12.965675675675676,0.004948925593592195,2536
72753B,957.73,445,14,14,3.3414285714285716,S/3 FLWR FAIRY LAVENDER CANDLES,0.0,0.0,0.0,0.0,957.73,0.0,0.0,2.152202247191011,68.40928571428572,0.0049400021978519715,2537
21805,957.63,2221,105,103,0.5065714285714286,WHITE CHRISTMAS TREE DECORATION ,0.0,0.0,0.0,0.0,957.63,0.0,0.0,0.43117064385411974,9.2973786407767,0.0049394863946299935,2538
23460,1007.0799999999999,108,43,43,9.900930232558139,SWEETHEART WALL TIDY ,-49.75,5.0,4.0,4.0,957.3299999999999,0.04940024625650396,0.046296296296296294,9.324814814814815,23.42046511627907,0.0049379389849640585,2539
84466,1348.36,1256,73,73,1.6404109589041096,TOP SECRET PEN SET,-391.85,397.0,8.0,8.0,956.5099999999999,0.2906122993859207,0.3160828025477707,1.0735350318471337,18.47068493150685,0.0049337093985438365,2540
85124B,971.62,366,105,102,2.970285714285714,BLUE JUICY FRUIT PHOTO FRAME,-15.3,6.0,1.0,1.0,956.32,0.01574689693501575,0.01639344262295082,2.6546994535519124,9.525686274509804,0.00493272937242208,2541
21636,985.74,1014,101,98,1.4927722772277225,MADRAS NOTEBOOK MEDIUM,-30.6,12.0,1.0,1.0,955.14,0.031042668452127338,0.011834319526627219,0.9721301775147929,10.058571428571428,0.004926642894402736,2542
21726,956.41,1105,164,155,0.9787804878048779,MULTI HEARTS  STICKERS,-1.7,2.0,1.0,1.0,954.7099999999999,0.001777480369297686,0.0018099547511312218,0.8655294117647059,6.170387096774193,0.004924424940548229,2543
85018D,992.85,796,84,80,2.2120238095238096,YULETIDE IMAGES S/6 PAPER BOXES,-38.25,21.0,2.0,2.0,954.6,0.03852545701767639,0.026381909547738693,1.2472989949748745,12.410625,0.004923857557004053,2544
71279,995.7200000000001,300,81,78,3.8896296296296295,PINK GLASS CANDLEHOLDER,-41.300000000000004,14.0,9.0,8.0,954.4200000000002,0.04147752380187201,0.04666666666666667,3.319066666666667,12.765641025641028,0.004922929111204494,2545
85032B,953.34,982,152,152,1.265657894736842,BLOSSOM IMAGES GIFT WRAP SET,0.0,0.0,0.0,0.0,953.34,0.0,0.0,0.9708146639511201,6.2719736842105265,0.004917358436407128,2546
84907,999.17,391,36,36,6.622222222222223,PINK YELLOW PATCH CUSHION COVER,-45.900000000000006,6.0,5.0,5.0,953.27,0.045938128646776835,0.015345268542199489,2.5554219948849104,27.75472222222222,0.004916997374151743,2547
20892,1159.08,105,40,38,16.30125,SET/3 TALL GLASS CANDLE HOLDER PINK,-206.15,21.0,7.0,7.0,952.93,0.17785657590502815,0.2,11.038857142857141,30.502105263157894,0.004915243643197017,2548
85019B,982.47,718,47,47,2.304255319148936,BLOSSOM  IMAGES NOTEBOOK SET,-30.0,24.0,1.0,1.0,952.47,0.030535283520107485,0.033426183844011144,1.3683426183844012,20.903617021276595,0.0049128709483759175,2549
85032C,959.1899999999999,892,163,161,1.3707361963190186,CURIOUS IMAGES GIFT WRAP SET,-7.800000000000001,12.0,1.0,1.0,951.39,0.008131861257936385,0.013452914798206279,1.0753251121076233,5.957701863354037,0.004907300273578553,2550
84341B,950.0699999999999,1786,133,121,0.9017293233082706,SMALL PINK MAGIC CHRISTMAS TREE,0.0,0.0,0.0,0.0,950.0699999999999,0.0,0.0,0.5319540873460246,7.851818181818182,0.00490049167104844,2551
47589,1008.73,183,77,76,5.597792207792208,CONGRATULATIONS BUNTING,-59.95,11.0,6.0,6.0,948.78,0.05943116592150526,0.060109289617486336,5.512185792349727,13.272763157894737,0.004893837809484921,2552
23540,947.0600000000001,150,14,14,8.424285714285714,WALL ART THE MAGIC FOREST ,0.0,0.0,0.0,0.0,947.0600000000001,0.0,0.0,6.313733333333333,67.64714285714287,0.004884965994066896,2553
20778,950.96,3615,93,90,1.8046236559139783,GARDEN PATH NOTEBOOK ,-4.949999999999999,3.0,2.0,2.0,946.01,0.005205266257255824,0.0008298755186721991,0.26305947441217153,10.566222222222223,0.004879550060236124,2554
22994,956.94,2194,219,218,0.5283105022831049,TRAVEL CARD WALLET RETROSPOT,-12.6,30.0,6.0,6.0,944.34,0.013166969715969652,0.013673655423883319,0.4361622607110301,4.389633027522936,0.004870936146429089,2555
85031A,943.44,477,102,102,3.543627450980392,ROMANTIC IMAGES SCRAP BOOK SET,0.0,0.0,0.0,0.0,943.44,0.0,0.0,1.977861635220126,9.249411764705883,0.004866293917431284,2556
84816,1278.3500000000001,33,20,20,39.45,DANISH ROSE BEDSIDE CABINET,-340.6,9.0,8.0,8.0,937.7500000000001,0.26643720420855005,0.2727272727272727,38.73787878787879,63.917500000000004,0.004836944714100724,2557
85189,967.9499999999999,1176,69,68,0.9401449275362319,HANGING BUTTERFLY  EGG,-30.599999999999998,36.0,3.0,3.0,937.3499999999999,0.03161320316132032,0.030612244897959183,0.8230867346938775,14.234558823529412,0.00483488150121281,2558
20830,964.61,407,83,82,2.990722891566265,SILVER PHOTO FRAME,-27.32,11.0,4.0,4.0,937.29,0.028322327158126083,0.02702702702702703,2.37004914004914,11.763536585365854,0.004834572019279624,2559
23183,967.17,226,85,84,4.879411764705883,MOTHER'S KITCHEN SPOON REST ,-30.0,8.0,3.0,3.0,937.17,0.03101833183411396,0.035398230088495575,4.279513274336283,11.51392857142857,0.00483395305541325,2560
84963A,935.1500000000001,27,10,9,41.86,PINK PAINTED KASHMIRI CHAIR,0.0,0.0,0.0,0.0,935.1500000000001,0.0,0.0,34.635185185185186,103.90555555555557,0.00482353383032929,2561
82001s,932.98,125,29,29,7.47103448275862,SILVER RECORD COVER FRAME,0.0,0.0,0.0,0.0,932.98,0.0,0.0,7.46384,32.17172413793104,0.004812340900412364,2562
21299,966.35,166,34,34,11.016176470588235,EDWARDIAN TOILET ROLL UNIT ,-33.4,4.0,3.0,3.0,932.95,0.03456304651523775,0.024096385542168676,5.821385542168675,28.42205882352941,0.0048121861594457695,2563
85160A,1493.75,8816,32,32,5.4087499999999995,WHITE BIRD GARDEN DESIGN MUG,-561.6,4320.0,1.0,1.0,932.15,0.37596652719665274,0.4900181488203267,0.16943625226860254,46.6796875,0.004808059733669944,2564
47504E,931.86,4387,48,48,1.849375,ENGLISH ROSE SCISSORS,0.0,0.0,0.0,0.0,931.86,0.0,0.0,0.2124139503077274,19.41375,0.004806563904326207,2565
35954,931.55,2325,121,111,1.2579338842975207,SMALL FOLKART STAR CHRISTMAS DEC,0.0,0.0,0.0,0.0,931.55,0.0,0.0,0.40066666666666667,8.392342342342342,0.004804964914338074,2567
20775,931.55,3606,115,112,1.7531304347826087,DAISY NOTEBOOK ,0.0,0.0,0.0,0.0,931.55,0.0,0.0,0.2583333333333333,8.317410714285714,0.004804964914338074,2566
21720,940.86,1081,114,112,1.0264035087719297,CAKE SHOP  STICKER SHEET,-10.2,12.0,1.0,1.0,930.66,0.010841145335118933,0.011100832562442183,0.8703607770582794,8.400535714285715,0.004800374265662468,2568
84664,955.35,193,51,51,4.95,CHERRY BLOSSOM BATHROOM CABINET,-24.75,5.0,2.0,2.0,930.6,0.025906735751295335,0.025906735751295335,4.95,18.732352941176472,0.004800064783729281,2569
23179,930.48,324,53,53,3.5243396226415094,CLOCK MAGNET MUM'S KITCHEN,0.0,0.0,0.0,0.0,930.48,0.0,0.0,2.871851851851852,17.55622641509434,0.004799445819862908,2570
84800L,970.7900000000001,650,38,38,1.861842105263158,LARGE WHITE/PINK ROSE ART FLOWER,-40.56,24.0,1.0,1.0,930.23,0.04178040564900751,0.036923076923076927,1.493523076923077,25.547105263157896,0.004798156311807962,2571
22096,946.38,1671,189,180,0.9358730158730159,PINK PAISLEY SQUARE TISSUE BOX ,-17.34,18.0,2.0,2.0,929.04,0.018322449755912,0.010771992818671455,0.5663554757630161,5.257666666666666,0.004792018253466421,2572
18007,1048.58,11423,78,72,0.24615384615384614,ESSENTIAL BALM 3.5g TIN IN ENVELOPE,-120.0,2400.0,1.0,1.0,928.5799999999999,0.11444048141295848,0.21010242493215442,0.09179550030639937,14.56361111111111,0.004789645558645321,2573
85111,969.15,2919,79,77,0.7621518987341771,SILVER GLITTER FLOWER VOTIVE HOLDER,-41.76,144.0,1.0,1.0,927.39,0.04308930506113605,0.04933196300102775,0.3320143884892086,12.586363636363636,0.00478350750030378,2574
20903,932.5,189,87,86,7.171494252873563,VINTAGE KEEPSAKE BOX TRAVELOGUE,-6.35,1.0,1.0,1.0,926.15,0.00680965147453083,0.005291005291005291,4.9338624338624335,10.843023255813954,0.00477711154035125,2575
72800C,924.84,660,80,78,2.6556249999999997,4 PINK DINNER CANDLE SILVER FLOCK,0.0,0.0,0.0,0.0,924.84,0.0,0.0,1.4012727272727272,11.856923076923078,0.0047703545181433365,2576
21724,926.4699999999999,1038,187,178,1.0203208556149732,PANDA AND BUNNIES STICKER SHEET,-1.7,2.0,1.0,1.0,924.7699999999999,0.0018349217999503492,0.0019267822736030828,0.892552986512524,5.204887640449438,0.004769993455887951,2577
22703,923.91,514,166,165,1.933192771084337,PINK CAT BOWL,0.0,0.0,0.0,0.0,923.91,0.0,0.0,1.7974902723735409,5.599454545454545,0.004765557548178938,2578
23178,936.89,327,68,68,3.360294117647059,JAM CLOCK MAGNET,-14.45,5.0,3.0,3.0,922.4399999999999,0.015423368805302649,0.01529051987767584,2.8651070336391435,13.777794117647058,0.004757975240815859,2579
85130B,921.69,912,84,83,1.718214285714286,BEADED CRYSTAL HEART GREEN LARGE,0.0,0.0,0.0,0.0,921.69,0.0,0.0,1.010625,11.104698795180724,0.0047541067166510225,2580
21702,918.6800000000001,2636,8,8,1.3425,SET 5 MINI GATEAUX  FRIDGE MAGNETS,0.0,0.0,0.0,0.0,918.6800000000001,0.0,0.0,0.3485128983308043,114.83500000000001,0.004738581039669478,2581
84929,1007.52,3096,93,93,0.3666666666666667,ASSTD FRUIT+FLOWERS FRIDGE MAGNETS,-89.29,163.0,4.0,4.0,918.23,0.08862355089725267,0.05264857881136951,0.32542635658914726,10.833548387096775,0.004736259925170576,2582
22143,942.88,446,71,70,2.5798591549295775,CHRISTMAS CRAFT HEART DECORATIONS,-25.2,12.0,2.0,2.0,917.68,0.026726624809095538,0.026905829596412557,2.1140807174887892,13.469714285714286,0.004733423007449696,2583
20831,927.96,474,80,79,2.722625,GOLD PHOTO FRAME,-12.6,6.0,1.0,1.0,915.36,0.013578171472908315,0.012658227848101266,1.9577215189873418,11.746329113924052,0.004721456372699801,2584
21129,949.44,124,60,60,9.0145,SILVER FISHING GNOME ,-34.75,5.0,3.0,2.0,914.69,0.036600522413211996,0.04032258064516129,7.6567741935483875,15.824000000000002,0.004718000491112547,2585
21007,914.67,1927,48,48,1.18,ETCHED GLASS DROPLET DECORATION,0.0,0.0,0.0,0.0,914.67,0.0,0.0,0.4746600934094447,19.055625,0.0047178973304681515,2586
85214,914.28,531,176,169,1.8330113636363634,TUB 24 PINK FLOWER PEGS,0.0,0.0,0.0,0.0,914.28,0.0,0.0,1.7218079096045198,5.409940828402367,0.004715885697902437,2587
46776C,913.52,260,99,96,4.322424242424242,WOVEN FROST CUSHION COVER,0.0,0.0,0.0,0.0,913.52,0.0,0.0,3.5135384615384613,9.515833333333333,0.004711965593415402,2588
21676,909.87,1212,162,159,1.0108024691358024,FLOWERS  STICKERS,0.0,0.0,0.0,0.0,909.87,0.0,0.0,0.7507178217821783,5.722452830188679,0.004693138775813198,2589
22102,1191.69,1842,59,59,1.9952542372881357,MIRROR MOSAIC T-LIGHT HOLDER ,-282.45,721.0,2.0,2.0,909.24,0.23701633814163078,0.3914223669923996,0.6469543973941368,20.19813559322034,0.004689889215514735,2590
21303,985.54,96,30,30,15.434666666666667,FILIGREE WALL MIRROR  ANTIQUE WHITE,-76.44999999999999,11.0,4.0,4.0,909.0899999999999,0.07757168658806339,0.11458333333333333,10.266041666666666,32.85133333333333,0.004689115510681767,2591
37482P,908.86,668,85,83,4.02364705882353,CUBIC MUG PINK POLKADOT,0.0,0.0,0.0,0.0,908.86,0.0,0.0,1.360568862275449,10.95012048192771,0.004687929163271217,2592
21331,946.68,110,30,30,14.569333333333333,MOROCCAN BEATEN METAL DISH LARGE,-38.25,3.0,2.0,2.0,908.43,0.04040436050196476,0.02727272727272727,8.606181818181819,31.555999999999997,0.004685711209416711,2593
85226A,933.07,1714,151,144,0.7360264900662251,WHITE/BLUE PULL BACK RACING CAR,-24.75,45.0,6.0,6.0,908.32,0.026525341078375682,0.026254375729288213,0.5443815635939323,6.479652777777778,0.0046851438258725345,2594
21264,923.76,392,69,68,3.5088405797101445,WHITE GOOSE FEATHER TREE 60CM ,-15.6,8.0,2.0,2.0,908.16,0.016887503247596778,0.02040816326530612,2.356530612244898,13.58470588235294,0.00468431854071737,2595
72349b,907.35,218,121,112,4.168677685950413,SET/6 PURPLE BUTTERFLY T-LIGHTS,0.0,0.0,0.0,0.0,907.35,0.0,0.0,4.1621559633027525,8.101339285714285,0.004680140534619346,2596
22707,905.94,2157,83,83,0.42,WRAP MONSTER FUN ,0.0,0.0,0.0,0.0,905.94,0.0,0.0,0.42000000000000004,10.914939759036145,0.0046728677091894535,2597
21335,989.62,42,28,28,25.33285714285714,LIBRARY LAMP,-84.8,4.0,4.0,4.0,904.82,0.08568945655908328,0.09523809523809523,23.562380952380952,35.34357142857143,0.004667090713103297,2598
37330,927.4599999999999,517,28,28,2.306785714285714,SPOTS MUG,-23.099999999999998,12.0,3.0,3.0,904.3599999999999,0.024906734522243547,0.02321083172147002,1.7939264990328818,33.123571428571424,0.004664718018282197,2599
22164,906.8300000000002,322,51,49,3.388823529411765,STRING OF STARS CARD HOLDER,-2.95,1.0,1.0,1.0,903.8800000000001,0.003253090435914118,0.003105590062111801,2.8162422360248454,18.506734693877554,0.004662242162816702,2600
23338,915.4000000000001,431,109,109,2.3390825688073393,EGG FRYING PAN RED ,-12.48,6.0,1.0,1.0,902.9200000000001,0.013633384312868691,0.013921113689095127,2.123897911832947,8.39816513761468,0.004657290451885712,2601
35598B,902.92,958,61,57,2.6050819672131147,BLACK CHRISTMAS TREE 60CM,0.0,0.0,0.0,0.0,902.92,0.0,0.0,0.9425052192066805,15.840701754385965,0.004657290451885711,2602
85019A,932.04,651,50,49,2.7157999999999998,ROMANTIC IMAGES NOTEBOOK SET,-30.0,24.0,1.0,1.0,902.04,0.032187459765675296,0.03686635944700461,1.431705069124424,19.021224489795916,0.004652751383532303,2603
85121C,918.91,98,53,53,9.960943396226416,RETRO LAUNDRY TUB PISTACHIO,-17.0,2.0,1.0,1.0,901.91,0.018500179560566325,0.02040816326530612,9.376632653061224,17.337924528301887,0.004652080839343731,2604
90175A,973.4,108,63,62,9.029523809523809,WHITE GLASS CHUNKY CHARM BRACELET,-71.6,8.0,2.0,2.0,901.8,0.07355660571193753,0.07407407407407407,9.012962962962963,15.7,0.004651513455799555,2605
20757,901.75,5360,83,78,0.8443373493975903,RED DAISY POCKET BOOK ,0.0,0.0,0.0,0.0,901.75,0.0,0.0,0.16823694029850747,11.560897435897436,0.004651255554188566,2606
84086C,901.59,301,92,88,3.280760869565217,PINK/PURPLE RETRO RADIO,0.0,0.0,0.0,0.0,901.59,0.0,0.0,2.9953156146179403,10.24534090909091,0.0046504302690334,2607
23532,901.58,210,31,31,5.301612903225807,WALL ART WORK REST AND PLAY  ,0.0,0.0,0.0,0.0,901.58,0.0,0.0,4.293238095238095,29.083225806451615,0.004650378688711204,2608
82607A,923.72,663,159,159,1.8113207547169812,GLASS BONBON JAR PARFUME AUX FLEURE,-22.5,18.0,7.0,7.0,901.22,0.024358030572034815,0.027149321266968326,1.3932428355957769,5.809559748427673,0.004648521797112081,2609
46000P,913.75,215,50,49,4.25,POLYESTER FILLER PAD 65CMx65CM,-12.75,3.0,1.0,1.0,901.0,0.013953488372093023,0.013953488372093023,4.25,18.647959183673468,0.004647387030023729,2610
84660B,899.48,745,61,61,3.0591803278688525,BLACK STITCHED WALL CLOCK,0.0,0.0,0.0,0.0,899.48,0.0,0.0,1.2073557046979866,14.745573770491804,0.00463954682104966,2611
37492B,946.72,489,44,44,3.6697727272727274,BLUE YELLOW FLOWER PIGGY BANK,-47.7,18.0,6.0,6.0,899.02,0.05038448538110529,0.03680981595092025,1.936032719836401,21.516363636363636,0.004637174126228561,2612
21220,898.72,663,163,159,1.6603067484662577,SET/4 BADGES DOGS,0.0,0.0,0.0,0.0,898.72,0.0,0.0,1.3555354449472097,5.652327044025157,0.0046356267165626255,2613
20913,898.7199999999999,314,43,43,3.8030232558139536,SET/5 BLUE SPOTTY LID GLASS BOWLS,0.0,0.0,0.0,0.0,898.7199999999999,0.0,0.0,2.8621656050955413,20.90046511627907,0.0046356267165626255,2614
21444,902.0300000000001,291,36,36,5.461944444444445,BLUE CHALET BIRDFEEDER,-3.75,1.0,1.0,1.0,898.2800000000001,0.00415728966885802,0.003436426116838488,3.0997594501718218,25.05638888888889,0.004633357182385923,2615
90147,937.4499999999999,93,59,58,10.15508474576271,CHUNKY SILVER NECKLACE PASTEL FLOWE,-39.8,4.0,2.0,2.0,897.65,0.0424555976318737,0.043010752688172046,10.08010752688172,16.162931034482757,0.004630107622087459,2616
84919,1619.84,291,43,43,6.965581395348837,BLUE CUSHION COVER WITH FLOWER,-723.4,172.0,6.0,6.0,896.4399999999999,0.44658731726590284,0.5910652920962199,5.566460481099656,37.670697674418605,0.0046238664031015226,2617
23502,896.41,714,95,94,1.3016842105263158,PLAYING CARDS VINTAGE DOILY ,0.0,0.0,0.0,0.0,896.41,0.0,0.0,1.2554761904761904,9.536276595744681,0.0046237116621349285,2618
17109B,896.3399999999999,4542,17,17,1.316470588235294,FLOWER FAIRY INCENSE LAVENDER,0.0,0.0,0.0,0.0,896.3399999999999,0.0,0.0,0.19734478203434608,52.72588235294117,0.004623350599879544,2619
21062,896.27,1077,139,136,0.8671942446043165,PARTY INVITES SPACEMAN,0.0,0.0,0.0,0.0,896.27,0.0,0.0,0.8321912720519963,6.590220588235294,0.00462298953762416,2620
85031B,896.09,496,85,85,3.3798823529411766,BLOSSOM IMAGES SCRAP BOOK SET,0.0,0.0,0.0,0.0,896.09,0.0,0.0,1.806633064516129,10.542235294117647,0.004622061091824599,2621
84760L,896.0,560,1,1,1.6,LARGE HANGING GLASS+ZINC LANTERN,0.0,0.0,0.0,0.0,896.0,0.0,0.0,1.6,896.0,0.004621596868924819,2622
84600,918.27,108,52,52,9.616730769230768,NEW BAROQUE JEWELLERY BOX ,-22.85,3.0,3.0,3.0,895.42,0.024883748788482693,0.027777777777777776,8.5025,17.65903846153846,0.0046186052102373445,2623
20759,895.38,5782,65,63,0.7749230769230769,CHRYSANTHEMUM POCKET BOOK ,0.0,0.0,0.0,0.0,895.38,0.0,0.0,0.15485645105499826,14.212380952380952,0.004618398888948554,2624
23472,894.42,58,33,33,16.09060606060606, NINE DRAWER OFFICE TIDY,0.0,0.0,0.0,0.0,894.42,0.0,0.0,15.42103448275862,27.10363636363636,0.004613447178017562,2625
84666,892.7,226,33,33,3.9499999999999997,SQUARE CHERRY BLOSSOM CABINET,0.0,0.0,0.0,0.0,892.7,0.0,0.0,3.95,27.051515151515154,0.004604575362599538,2626
21147,896.86,488,127,118,2.1411023622047245,JINGLE BELLS TREE DECORATION,-4.2,2.0,1.0,1.0,892.66,0.004683005151305666,0.004098360655737705,1.837827868852459,7.600508474576271,0.004604369041310746,2627
23072,1273.76,334,30,30,13.725333333333333,MARIE ANTOINETTE TRINKET BOX SILVER,-384.0,72.0,2.0,2.0,889.76,0.30146966461499813,0.2155688622754491,3.8136526946107785,42.458666666666666,0.004589410747873377,2628
22647,922.99,1059,83,82,1.5589156626506022,CERAMIC LOVE HEART MONEY BANK,-34.8,24.0,4.0,4.0,888.19,0.03770355041766433,0.0226628895184136,0.8715675165250236,11.255975609756097,0.00458131263728832,2629
22248,903.16,1014,180,173,1.0741666666666667,DECORATION  PINK CHICK MAGIC GARDEN,-17.85,21.0,3.0,3.0,885.31,0.019763939944195938,0.020710059171597635,0.8906903353057198,5.220578034682081,0.004566457504495347,2630
17012B,885.02,728,131,126,2.204885496183206,ORIGAMI JASMINE INCENSE/CANDLE SET,0.0,0.0,0.0,0.0,885.02,0.0,0.0,1.2156868131868133,7.0239682539682535,0.004564961675151611,2631
20991,884.5600000000002,7084,32,32,0.9515625000000001,JAZZ HEARTS MAGNETIC MEMO PAD,0.0,0.0,0.0,0.0,884.5600000000002,0.0,0.0,0.12486730660643706,27.642500000000005,0.0045625889803305114,2632
21480,899.5200000000001,285,58,57,3.835,PINK STRIPE HOT WATER BOTTLE,-17.700000000000003,6.0,1.0,1.0,881.82,0.01967716115261473,0.021052631578947368,3.15621052631579,15.78105263157895,0.004548455972048308,2633
90200C,895.84,211,103,98,4.244271844660195,BLUE SWEETHEART BRACELET,-17.0,4.0,2.0,2.0,878.84,0.018976602964815147,0.018957345971563982,4.245687203791469,9.141224489795919,0.004533085036033357,2634
72799A,877.8000000000001,612,18,18,2.4555555555555557,BLACK PILLAR CANDLE SILVER FLOCK,0.0,0.0,0.0,0.0,877.8000000000001,0.0,0.0,1.434313725490196,48.76666666666667,0.004527720682524783,2635
84925F,875.66,715,35,34,2.2465714285714284,PSYCHEDELIC WALL THERMOMETER,0.0,0.0,0.0,0.0,875.66,0.0,0.0,1.2246993006993006,25.75470588235294,0.004516682493574449,2636
21270,874.43,76,52,51,12.022115384615384,ANTIQUE CREAM CUTLERY CUPBOARD,0.0,0.0,0.0,0.0,874.43,0.0,0.0,11.505657894736842,17.145686274509803,0.004510338113944117,2637
21338,873.25,199,14,13,6.314285714285715,MARAKESH LANTERN SMALL ,0.0,0.0,0.0,0.0,873.25,0.0,0.0,4.38819095477387,67.17307692307692,0.0045042516359247746,2638
85165,872.76,90,58,58,10.221379310344828,CANDY PINK FRENCH BOUDOIR CLOCK,0.0,0.0,0.0,0.0,872.76,0.0,0.0,9.697333333333333,15.047586206896552,0.004501724200137081,2639
23479,872.38,113,44,44,8.26659090909091,WIRE EGG BASKET ,0.0,0.0,0.0,0.0,872.38,0.0,0.0,7.720176991150442,19.826818181818183,0.004499764147893564,2640
23099,925.35,137,59,58,7.039152542372881,FRENCH CARRIAGE LANTERN,-53.2,8.0,4.0,4.0,872.15,0.05749175987464203,0.058394160583941604,6.754379562043796,15.954310344827586,0.004498577800483014,2641
85194S,889.46,1760,133,131,0.783233082706767,HANGING SPRING FLOWER EGG SMALL,-18.39,29.0,3.0,3.0,871.07,0.02067546601308659,0.016477272727272726,0.505375,6.789770992366413,0.00449300712568565,2642
84974,879.55,89,58,57,9.932758620689654,S/2 ZINC HEART DESIGN PLANTERS,-9.95,1.0,1.0,1.0,869.5999999999999,0.011312603035643227,0.011235955056179775,9.882584269662921,15.430701754385964,0.004485424818322569,2643
22547,869.95,2032,198,189,0.5942424242424242,MINI JIGSAW DINOSAUR ,-0.84,2.0,1.0,1.0,869.11,0.0009655727340651761,0.000984251968503937,0.42812500000000003,4.602910052910053,0.004482897382534876,2644
21414,870.89,1637,37,36,2.922972972972973,SCALLOP SHELL SOAP DISH,-2.1,1.0,1.0,1.0,868.79,0.0024113263443144373,0.0006108735491753207,0.532003665241295,24.191388888888888,0.004481246812224546,2645
21128,868.25,129,59,57,9.546440677966102,GOLD FISHING GNOME,0.0,0.0,0.0,0.0,868.25,0.0,0.0,6.73062015503876,15.232456140350877,0.004478461474825864,2646
21293,872.34,343,86,85,3.0056976744186046,MIRRORED DOVE WALL DECORATION,-4.2,2.0,1.0,1.0,868.14,0.004814636494944632,0.0058309037900874635,2.543265306122449,10.262823529411765,0.0044778940912816876,2647
85166B,864.1,510,38,38,3.8473684210526313,BLACK METAL BAROQUE PHOTO FRAME,0.0,0.0,0.0,0.0,864.1,0.0,0.0,1.694313725490196,22.739473684210527,0.004457055641113768,2648
84820,899.37,323,54,54,5.308518518518519,DANISH ROSE TRINKET TRAYS,-35.7,6.0,2.0,2.0,863.67,0.0396944527836152,0.018575851393188854,2.7844272445820435,16.655,0.004454837687259261,2649
21393,1191.71,5253,47,43,2.131489361702128,BLUE  SPOTTY PUDDING BOWL,-330.78000000000003,2499.0,2.0,2.0,860.9300000000001,0.277567529012931,0.47572815533980584,0.22686274509803922,27.714186046511628,0.004440704678977058,2650
21320,913.34,398,57,56,3.1577192982456137,GLASS CHALICE GREEN  LARGE ,-52.5,22.0,8.0,8.0,860.84,0.057481332253049244,0.05527638190954774,2.2948241206030153,16.309642857142858,0.004440240456077278,2651
23002,914.37,2119,194,192,0.5232474226804124,TRAVEL CARD WALLET SKULLS,-53.76,128.0,8.0,8.0,860.61,0.0587945798746678,0.060405851816894764,0.4315101462954224,4.76234375,0.004439054108666728,2652
21318,900.42,972,94,93,1.5972340425531912,GLASS CHALICE BLUE SMALL ,-40.06,32.0,12.0,12.0,860.3599999999999,0.04449034894826859,0.03292181069958848,0.926358024691358,9.681935483870967,0.004437764600611782,2653
37424,1134.68,5249,108,108,1.2837037037037036,WHITE WITH BLACK CATS MUG,-274.56,2112.0,1.0,1.0,860.1200000000001,0.24197130468502132,0.4023623547342351,0.21617069918079634,10.506296296296297,0.004436526672879035,2654
23413,909.31,173,58,58,6.318275862068965,VINTAGE COFFEE GRINDER BOX,-49.8,12.0,1.0,1.0,859.51,0.054766801200910584,0.06936416184971098,5.256127167630058,15.677758620689655,0.004433380273224968,2655
23220,869.1500000000001,993,104,103,1.0827884615384615,REINDEER HEART DECORATION GOLD,-9.96,12.0,1.0,1.0,859.19,0.011459471897831214,0.012084592145015106,0.87527693856999,8.438349514563107,0.004431729702914637,2656
23423,876.9,219,66,66,4.536969696969697,PANTRY 3 HOOK ROLLING PIN HANGER,-18.75,5.0,3.0,3.0,858.15,0.021382141635306193,0.0228310502283105,4.004109589041096,13.286363636363635,0.004426365349406064,2657
20941,898.79,999,126,124,1.7787301587301585,FROG CANDLE,-41.35,47.0,5.0,5.0,857.4399999999999,0.046006297355333285,0.04704704704704705,0.8996896896896897,7.248306451612903,0.004422703146530018,2658
17033,867.8399999999999,3280,69,69,0.28536231884057967,"BROCADE PURSE,SMALL ARCH BUTTON",-10.44,36.0,1.0,1.0,857.3999999999999,0.01202986725663717,0.01097560975609756,0.2645853658536585,12.577391304347826,0.004422496825241227,2659
21376,855.36,184,47,46,5.984468085106383,LARGE  TALL CAMPHOR WOOD TOADSTOOL ,0.0,0.0,0.0,0.0,855.36,0.0,0.0,4.648695652173913,18.594782608695652,0.004411974439512871,2660
84578,854.91,222,114,112,3.86859649122807,ELEPHANT TOY WITH BLUE T-SHIRT,0.0,0.0,0.0,0.0,854.91,0.0,0.0,3.850945945945946,7.633125,0.004409653325013969,2661
20803,891.26,1154,86,84,1.734767441860465,SMALL PINK GLASS SUNDAE DISH,-38.46,74.0,3.0,3.0,852.8,0.04315239099701546,0.06412478336221837,0.7723223570190642,10.610238095238095,0.004398769877030228,2662
85071C,852.53,1291,143,141,1.6817482517482516,"CHARLIE+LOLA""EXTREMELY BUSY"" SIGN",0.0,0.0,0.0,0.0,852.53,0.0,0.0,0.6603640588690937,6.046312056737588,0.004397377208330887,2663
22820,852.9300000000001,1365,112,110,0.6359821428571429,GIFT BAG BIRTHDAY,-1.3,2.0,1.0,1.0,851.6300000000001,0.0015241579027587258,0.0014652014652014652,0.6248571428571429,7.753909090909091,0.004392734979333085,2664
22510,851.57,324,92,90,3.421630434782609,GINGHAM BABUSHKA DOORSTOP,0.0,0.0,0.0,0.0,851.57,0.0,0.0,2.628302469135803,9.46188888888889,0.0043924254973998975,2665
20756,851.5600000000001,5728,64,64,0.8060937499999999,GREEN FERN POCKET BOOK,0.0,0.0,0.0,0.0,851.5600000000001,0.0,0.0,0.14866620111731846,13.305625000000001,0.004392373917077699,2666
84660A,855.26,860,51,51,2.2080392156862745,WHITE STITCHED WALL CLOCK,-4.54,2.0,2.0,2.0,850.72,0.005308327292285387,0.002325581395348837,0.9944883720930232,16.769803921568627,0.004388041170013082,2667
21478,854.23,204,93,92,4.4205376344086025,SILVER SKULL HOT WATER BOTTLE ,-3.75,1.0,1.0,1.0,850.48,0.004389918406049893,0.004901960784313725,4.187401960784314,9.285108695652173,0.004386803242280335,2668
84817,937.44,1059,80,79,1.6346250000000002,DANISH ROSE DECORATIVE PLATE,-87.84,43.0,7.0,7.0,849.6,0.09370199692780337,0.04060434372049103,0.8852124645892352,11.866329113924051,0.004382264173926926,2669
21458,849.24,768,88,88,1.635,2 PICTURE BOOK EGGS EASTER BUNNY,0.0,0.0,0.0,0.0,849.24,0.0,0.0,1.10578125,9.650454545454545,0.004380407282327805,2670
90161C,849.0,170,101,100,5.021980198019802,ANT COPPER LIME BOUDICCA BRACELET,0.0,0.0,0.0,0.0,849.0,0.0,0.0,4.9941176470588236,8.49,0.004379169354595057,2671
47563A,852.19,346,154,151,3.379805194805195,RETRO LONGBOARD IRONING BOARD COVER,-5.0,4.0,1.0,1.0,847.19,0.005867236179725178,0.011560693641618497,2.462976878612717,5.64364238410596,0.004369833316277252,2672
47367B,849.1700000000001,246,99,95,3.527676767676768,PAIR PADDED HANGERS PINK CHECK,-3.75,1.0,1.0,1.0,845.4200000000001,0.0044160768750662405,0.0040650406504065045,3.4519105691056913,8.93863157894737,0.004360703599248237,2673
85208,845.34,424,90,87,2.1524444444444444,SET/12 FUNKY FELT FLOWER PEG IN BAG,0.0,0.0,0.0,0.0,845.34,0.0,0.0,1.9937264150943397,9.716551724137931,0.004360290956670654,2674
21375,845.0899999999999,137,64,61,8.063749999999999,LARGE CAMPHOR WOOD FIELD MUSHROOM ,0.0,0.0,0.0,0.0,845.0899999999999,0.0,0.0,6.168540145985401,13.853934426229507,0.004359001448615708,2675
84509a,844.74,113,75,75,7.4770666666666665,SET OF 4 ENGLISH ROSE PLACEMATS,0.0,0.0,0.0,0.0,844.74,0.0,0.0,7.475575221238938,11.2632,0.004357196137338784,2676
85121B,936.74,86,48,48,12.071875,RETRO LAUNDRY TUB PINK,-93.5,11.0,6.0,6.0,843.24,0.09981424941819501,0.12790697674418605,10.89232558139535,19.515416666666667,0.004349459089009112,2677
21719,841.9599999999999,938,151,141,1.0715894039735099,LOVELY BONBON STICKER SHEET,0.0,0.0,0.0,0.0,841.9599999999999,0.0,0.0,0.8976119402985073,5.9713475177304955,0.00434285680776779,2678
23564,841.31,644,76,76,1.7567105263157894,EGG CUP MILKMAID INGRID,0.0,0.0,0.0,0.0,841.31,0.0,0.0,1.3063819875776397,11.06986842105263,0.004339504086824932,2679
23551,839.8399999999999,1840,138,136,0.5168115942028985,PACK OF 12 PAISLEY PARK TISSUES ,0.0,0.0,0.0,0.0,839.8399999999999,0.0,0.0,0.45643478260869563,6.175294117647058,0.004331921779461852,2680
21255,860.08,476,96,96,2.3885416666666663,"FRENCH BOTTLE , LAVENDER",-21.45,13.0,2.0,2.0,838.63,0.024939540507859733,0.0273109243697479,1.8068907563025212,8.959166666666667,0.004325680560475916,2681
85231L,838.3499999999999,1039,118,116,0.914915254237288,LAVENDER SCENTED SET/9 T-LIGHTS,0.0,0.0,0.0,0.0,838.3499999999999,0.0,0.0,0.8068816169393647,7.227155172413792,0.004324236311454376,2682
20936,867.0000000000001,340,78,76,3.692692307692308,FORKED CACTUS CANDLE,-28.700000000000003,10.0,4.0,3.0,838.3000000000001,0.033102652825836215,0.029411764705882353,2.5500000000000003,11.407894736842106,0.004323978409843388,2683
17039,837.88,3707,43,43,0.3774418604651163,INLAID WOOD INCENSE HOLDER,0.0,0.0,0.0,0.0,837.88,0.0,0.0,0.22602643647154033,19.485581395348838,0.0043218120363110795,2684
84762B,837.77,113,48,48,8.7825,PINK PICNIC BARBECUE BUCKET,0.0,0.0,0.0,0.0,837.77,0.0,0.0,7.413893805309734,17.453541666666666,0.004321244652766903,2685
40018E,837.02,384,81,81,2.8451851851851853,TEA TIME PAPER LANTERNS,0.0,0.0,0.0,0.0,837.02,0.0,0.0,2.1797395833333333,10.33358024691358,0.004317376128602066,2686
17107D,841.5,330,91,86,2.55,"FLOWER FAIRY,5 SUMMER B'DRAW LINERS",-5.1,2.0,1.0,1.0,836.4,0.006060606060606061,0.006060606060606061,2.55,9.784883720930232,0.004314178148625802,2687
16046,1224.35,10057,63,59,0.9428571428571428,TEATIME PEN CASE & PENS,-389.03999999999996,4632.0,2.0,2.0,835.31,0.3177522767182587,0.4605747240727851,0.12174107586755492,20.751694915254237,0.004308555893506239,2688
20776,832.66,3258,85,84,1.7828235294117647,ABSTRACT CIRCLES NOTEBOOK,0.0,0.0,0.0,0.0,832.66,0.0,0.0,0.25557397176181706,9.912619047619048,0.004294887108123816,2689
21185,876.29,132,44,44,7.369318181818182, HOME SWEET HOME  BLACKBOARD,-44.45,7.0,3.0,3.0,831.8399999999999,0.05072521653790412,0.05303030303030303,6.638560606060606,19.915681818181817,0.004290657521703594,2690
85213,830.66,1379,81,80,1.0585185185185184,MINI  ZINC GARDEN DECORATIONS ,-0.85,1.0,1.0,1.0,829.81,0.0010232826908723185,0.0007251631617113851,0.6023640319071791,10.38325,0.004280186716297436,2691
84951A,848.76,622,135,135,2.1285925925925926,SET OF 4 PISTACHIO LOVEBIRD COASTER,-18.96,24.0,1.0,1.0,829.8,0.022338470238936804,0.03858520900321544,1.3645659163987138,6.287111111111111,0.004280135135975239,2692
21635,873.99,403,45,42,3.310888888888889,MADRAS NOTEBOOK LARGE ,-45.0,12.0,1.0,1.0,828.99,0.05148800329523221,0.02977667493796526,2.168709677419355,20.809285714285714,0.004275957129877216,2693
21654,828.91,1189,84,82,1.2816666666666667,RIDGED GLASS FINGER BOWL,0.0,0.0,0.0,0.0,828.91,0.0,0.0,0.6971488645920941,10.108658536585365,0.004275544487299633,2694
85161,863.85,51,33,32,18.25212121212121,ACRYLIC GEOMETRIC LAMP,-37.9,2.0,2.0,2.0,825.95,0.04387335764310933,0.0392156862745098,16.938235294117646,26.9953125,0.0042602767119290785,2695
23004,903.16,2002,224,221,0.6030357142857142,TRAVEL CARD WALLET PANTRY,-77.28,184.0,4.0,4.0,825.88,0.0855662341113424,0.0919080919080919,0.4511288711288711,4.086696832579185,0.004259915649673693,2696
20699,825.81,300,94,88,3.1417021276595745,MOUSEY LONG LEGS SOFT TOY,0.0,0.0,0.0,0.0,825.81,0.0,0.0,2.7527,9.384204545454544,0.004259554587418308,2697
21551,824.95,169,22,22,6.8,CERAMIC BIRDHOUSE BUTTERFLY LARGE,0.0,0.0,0.0,0.0,824.95,0.0,0.0,4.881360946745563,37.497727272727275,0.004255118679709295,2698
21374,824.67,474,72,71,2.909861111111111,MIRRORED WALL ART SKULLS,0.0,0.0,0.0,0.0,824.67,0.0,0.0,1.7398101265822783,11.615070422535211,0.004253674430687757,2699
85196,831.04,1564,71,71,0.875492957746479,EASTER BUNNIES ON A STICK,-6.6000000000000005,12.0,1.0,1.0,824.4399999999999,0.007941855987678091,0.0076726342710997444,0.5313554987212276,11.704788732394366,0.004252488083277207,2700
84920,824.13,206,90,88,4.431111111111111,PINK FLOWER FABRIC PONY,0.0,0.0,0.0,0.0,824.13,0.0,0.0,4.000631067961165,9.365113636363636,0.004250889093289074,2701
90200E,890.95,213,94,91,4.221276595744681,GREEN SWEETHEART BRACELET,-68.0,16.0,5.0,5.0,822.95,0.07632302598350076,0.07511737089201878,4.182863849765258,9.79065934065934,0.004244802615269732,2702
20894,839.1,271,82,79,3.441341463414634,HANGING BAUBLE T-LIGHT HOLDER LARGE,-16.9,6.0,3.0,3.0,822.2,0.020140626862114167,0.02214022140221402,3.096309963099631,10.621518987341773,0.004240934091104895,2703
82613C,832.56,775,192,187,1.7590104166666665,"METAL SIGN,CUPCAKE SINGLE HOOK",-10.9,22.0,2.0,2.0,821.66,0.013092149514749688,0.02838709677419355,1.0742709677419353,4.452192513368984,0.004238148753706213,2704
21552,837.6,165,36,35,6.259722222222222,CERAMIC BIRDHOUSE BLACK ROSE  LARGE,-17.85,3.0,2.0,2.0,819.75,0.021310888252149,0.01818181818181818,5.076363636363636,23.931428571428572,0.004228296912166429,2705
22135,829.43,1661,329,317,0.6784802431610942,MINI LADLE LOVE HEART PINK,-10.08,24.0,2.0,2.0,819.3499999999999,0.012152924297409065,0.014449127031908489,0.49935580975316074,2.6164984227129335,0.0042262336992785155,2706
20897,872.3100000000001,358,77,75,3.862727272727273,VINTAGE NOTEBOOK PARIS DAYS,-53.10000000000001,18.0,3.0,2.0,819.21,0.06087285483371738,0.05027932960893855,2.436620111731844,11.6308,0.004225511574767746,2707
22344,819.18,1593,135,133,0.8436296296296296,PARTY PIZZA DISH PINK POLKADOT,0.0,0.0,0.0,0.0,819.18,0.0,0.0,0.5142372881355932,6.159248120300751,0.004225356833801153,2708
20769,819.01,442,82,79,2.5613414634146343,DAISY JOURNAL ,0.0,0.0,0.0,0.0,819.01,0.0,0.0,1.8529638009049774,10.367215189873418,0.00422447996832379,2709
17012A,818.7099999999999,731,99,95,2.2341414141414138,ORIGAMI VANILLA INCENSE/CANDLE SET ,0.0,0.0,0.0,0.0,818.7099999999999,0.0,0.0,1.119986320109439,8.617999999999999,0.004222932558657855,2710
85187,818.13,480,113,109,1.9429203539823008,S/12 MINI RABBIT EASTER,0.0,0.0,0.0,0.0,818.13,0.0,0.0,1.7044375,7.505779816513761,0.004219940899970381,2711
84826,920.08,1794,54,51,0.6594444444444444,ASSTD DESIGN 3D PAPER STICKERS,-102.0,120.0,2.0,2.0,818.08,0.11085992522389357,0.06688963210702341,0.5128651059085841,18.040784313725492,0.004219682998359392,2712
22289,817.48,764,78,76,1.5467948717948716,"DECORATION , HANGING METAL CHICKEN",0.0,0.0,0.0,0.0,817.48,0.0,0.0,1.07,10.756315789473684,0.004216588179027523,2713
84849A,855.54,483,106,103,2.223679245283019,HELLO SAILOR BLUE SOAP HOLDER,-38.87,23.0,3.0,3.0,816.67,0.04543329359235103,0.047619047619047616,1.7713043478260868,8.306213592233009,0.004212410172929499,2714
37333,815.0,147,60,58,6.8568333333333324,"RETRO ""TEA FOR ONE"" ",0.0,0.0,0.0,0.0,815.0,0.0,0.0,5.54421768707483,14.051724137931034,0.004203796259122463,2715
84970s,813.86,387,103,98,2.1028155339805825,HANGING HEART ZINC T-LIGHT HOLDER,0.0,0.0,0.0,0.0,813.86,0.0,0.0,2.102997416020672,8.30469387755102,0.004197916102391912,2716
23017,826.28,67,22,22,12.759545454545453,APOTHECARY MEASURING JAR,-12.5,1.0,1.0,1.0,813.78,0.015128043762404996,0.014925373134328358,12.332537313432836,37.558181818181815,0.004197503459814329,2717
23186,819.4599999999999,1982,71,70,0.3409859154929577,FRENCH STYLE STORAGE JAR CAFE ,-9.24,12.0,2.0,2.0,810.2199999999999,0.011275718155858738,0.006054490413723511,0.41345105953582234,11.706571428571428,0.0041791408651119044,2718
21222,809.67,623,136,133,1.5302941176470588,SET/4 BADGES BEETLES,0.0,0.0,0.0,0.0,809.67,0.0,0.0,1.2996308186195826,6.0877443609022555,0.004176303947391023,2719
84922,808.22,342,17,17,5.865882352941177,PINK BUTTERFLY WASHBAG,0.0,0.0,0.0,0.0,808.22,0.0,0.0,2.363216374269006,47.542352941176475,0.004168824800672341,2720
84767,806.22,195,6,6,7.395,ZINC POLICE BOX LANTERN,0.0,0.0,0.0,0.0,806.22,0.0,0.0,4.134461538461538,134.37,0.004158508736232776,2721
47574A,805.48,576,131,129,2.3170992366412215,ENGLISH ROSE SCENTED HANGING FLOWER,-1.5,2.0,1.0,1.0,803.98,0.0018622436311267814,0.003472222222222222,1.3984027777777779,6.244031007751938,0.004146954744060464,2722
16011,808.98,3858,114,112,0.20956140350877195,ANIMAL STICKERS,-5.04,24.0,1.0,1.0,803.94,0.006230067492397834,0.006220839813374806,0.20968895800933127,7.2230357142857144,0.004146748422771673,2723
84951B,802.73,565,121,120,2.0461157024793386,SET OF 4 BLACK LOVEBIRD COASTERS,0.0,0.0,0.0,0.0,802.73,0.0,0.0,1.4207610619469027,6.689416666666667,0.004140507203785736,2724
85188A,824.9699999999999,944,105,105,1.0245714285714285,GREEN METAL SWINGING BUNNY,-22.95,27.0,2.0,2.0,802.0199999999999,0.027819193425215466,0.028601694915254237,0.8739088983050847,7.856857142857142,0.00413684500090969,2725
22229,845.3,1007,189,185,1.0193650793650793,BUNNY WOODEN PAINTED WITH FLOWER ,-44.199999999999996,52.0,7.0,7.0,801.0999999999999,0.05228912812019401,0.05163853028798411,0.8394240317775571,4.569189189189189,0.004132099611267491,2726
84534B,824.5799999999999,870,196,187,1.2043367346938774,FAIRY CAKE NOTEBOOK A5 SIZE,-23.799999999999997,28.0,3.0,3.0,800.78,0.028863178830434887,0.03218390804597701,0.9477931034482758,4.40951871657754,0.004130449040957161,2727
85017A,799.8,1166,180,174,0.8275555555555556,ENVELOPE 50 ROMANTIC IMAGES,0.0,0.0,0.0,0.0,799.8,0.0,0.0,0.685934819897084,4.596551724137931,0.0041253941693817735,2728
84632,859.25,15,11,11,59.040909090909096,DECORATIVE HANGING SHELVING UNIT,-59.95,1.0,1.0,1.0,799.3,0.06977014838521967,0.06666666666666667,57.28333333333333,78.11363636363636,0.004122815153271883,2729
72801G,798.62,1325,66,64,1.352121212121212,4 BURGUNDY WINE DINNER CANDLES,0.0,0.0,0.0,0.0,798.62,0.0,0.0,0.6027320754716982,12.4784375,0.004119307691362432,2730
21454,807.6,937,197,194,0.9064974619289339,PAINTED PINK RABBIT ,-10.2,12.0,1.0,1.0,797.4,0.012630014858841009,0.012806830309498399,0.8618996798292423,4.162886597938145,0.0041130148920542975,2731
20997,796.74,170,83,83,4.718433734939759,ROSE DU SUD CUSHION COVER ,0.0,0.0,0.0,0.0,796.74,0.0,0.0,4.686705882352941,9.599277108433736,0.004109610590789241,2732
21723,796.2099999999999,895,142,135,1.033450704225352,ALPHABET HEARTS STICKER SHEET,0.0,0.0,0.0,0.0,796.2099999999999,0.0,0.0,0.8896201117318435,5.8978518518518515,0.004106876833712756,2733
21015,797.3299999999999,1720,194,186,0.7843298969072164,DARK BIRD HOUSE TREE DECORATION,-1.16,4.0,1.0,1.0,796.17,0.0014548555804999184,0.002325581395348837,0.46356395348837204,4.286720430107526,0.004106670512423965,2734
20901,806.58,91,67,67,9.474626865671642,VINTAGE KEEPSAKE BOX PINK FLOWER,-12.7,2.0,1.0,1.0,793.88,0.015745493317463857,0.02197802197802198,8.863516483516484,12.038507462686567,0.004094858618640664,2735
72529W,918.75,464,47,47,2.4578723404255323,WHITE ADVENT CANDLE,-125.06,74.0,2.0,1.0,793.69,0.13611972789115648,0.15948275862068967,1.9800646551724137,19.54787234042553,0.004093878592518906,2736
23521,793.37,413,44,44,4.204090909090909,WALL ART CAT AND BIRD ,0.0,0.0,0.0,0.0,793.37,0.0,0.0,1.9209927360774819,18.031136363636364,0.004092228022208575,2737
35915C,793.32,662,82,82,1.3530487804878046,PEACH KNITTED HEN ,0.0,0.0,0.0,0.0,793.32,0.0,0.0,1.1983685800604231,9.674634146341464,0.004091970120597586,2738
22447,813.1600000000001,252,84,82,3.5235714285714286,PIN CUSHION BABUSHKA BLUE,-20.1,6.0,1.0,1.0,793.0600000000001,0.024718382606129175,0.023809523809523808,3.2268253968253973,9.91658536585366,0.004090629032220443,2739
23519,792.31,224,24,24,4.484583333333333,EMBROIDERED RIBBON REEL CLAIRE,0.0,0.0,0.0,0.0,792.31,0.0,0.0,3.537098214285714,33.01291666666666,0.0040867605080556054,2740
45008C,792.0699999999999,83,34,34,12.162647058823529,DECORATIVE NET CANOPY CREAM,0.0,0.0,0.0,0.0,792.0699999999999,0.0,0.0,9.54301204819277,23.296176470588232,0.004085522580322858,2741
84712B,791.01,101,61,60,7.799508196721312,PINK JEWELLED PHOTO FRAME,0.0,0.0,0.0,0.0,791.01,0.0,0.0,7.831782178217821,13.1835,0.004080055066169889,2742
23568,787.52,630,48,48,1.7454166666666666,EGG CUP HENRIETTA HEN CREAM ,-1.25,1.0,1.0,1.0,786.27,0.001587261275904104,0.0015873015873015873,1.250031746031746,16.406666666666666,0.004055605993448122,2743
22058,795.72,520,110,103,1.663181818181818,CERAMIC LOVE HEARTS DESIGN MUG,-11.92,8.0,3.0,3.0,783.8000000000001,0.014980143769165032,0.015384615384615385,1.5302307692307693,7.7254368932038835,0.00404286565386526,2744
72799C,783.1,471,48,48,3.06625,PINK PILLAR CANDLE SILVER FLOCK,0.0,0.0,0.0,0.0,783.1,0.0,0.0,1.6626326963906581,16.314583333333335,0.004039255031311412,2745
21455,797.27,901,171,167,0.9351461988304094,PAINTED YELLOW WOODEN DAISY,-14.450000000000001,17.0,2.0,2.0,782.8199999999999,0.01812434934213002,0.018867924528301886,0.8848723640399556,4.774071856287425,0.004037810782289873,2746
20910,781.8199999999999,108,48,47,8.335625,VINTAGE PHOTO ALBUM PARIS DAYS,0.0,0.0,0.0,0.0,781.8199999999999,0.0,0.0,7.2390740740740736,16.63446808510638,0.0040326527500700905,2747
84847,1149.73,2330,49,49,4.466122448979592,FLORAL BATHROOM SET,-368.28,1116.0,1.0,1.0,781.45,0.3203186835169996,0.47896995708154505,0.49344635193133046,23.46387755102041,0.0040307442781487715,2748
23106,815.59,291,53,53,2.9428301886792454,ZINC HEARTS PLANT POT HOLDER,-34.68,12.0,1.0,1.0,780.9100000000001,0.04252136490148236,0.041237113402061855,2.8027147766323024,15.388490566037737,0.00402795894075009,2749
84247E,1072.9,379,99,96,2.857070707070707,PACK/12 XMAS FUN CARD,-293.5,106.0,8.0,8.0,779.4000000000001,0.27355764749743683,0.2796833773087071,2.8308707124010555,11.176041666666668,0.004020170312098219,2750
37494A,793.44,237,51,51,4.476274509803922,FAIRY CAKE CERAMIC BUTTER DISH,-14.75,5.0,3.0,3.0,778.69,0.01858993748739665,0.02109704641350211,3.347848101265823,15.55764705882353,0.004016508109222173,2751
37461,779.89,743,97,95,1.6062886597938144,FUNKY MONKEY MUG,-1.25,1.0,1.0,1.0,778.64,0.0016027901370706124,0.0013458950201884253,1.049650067294751,8.209368421052632,0.004016250207611184,2752
20989,782.18,407,57,57,2.269824561403509,URBAN CHIC CHOPSTICKS SET/5,-3.9,2.0,1.0,1.0,778.28,0.004986064588713595,0.004914004914004914,1.9218181818181816,13.722456140350877,0.004014393316012062,2753
85044,801.4,149,40,40,6.930249999999999,RED REINDEER STRING OF 20 LIGHTS,-23.35,5.0,5.0,5.0,778.05,0.029136511105565262,0.03355704697986577,5.378523489932886,20.035,0.0040132069686015116,2754
23409,801.68,215,43,43,3.8148837209302324,PHOTO FRAME LINEN AND LACE LARGE,-26.25,7.0,2.0,2.0,775.43,0.032743738149885245,0.03255813953488372,3.7287441860465114,18.643720930232558,0.003999692924185683,2755
21456,776.05,738,66,65,1.447878787878788,2 PICTURE BOOK EGGS EASTER CHICKS,-1.25,1.0,1.0,1.0,774.8,0.0016107209587011148,0.0013550135501355014,1.0515582655826559,11.939230769230768,0.0039964433638872195,2756
22408,813.67,662,97,95,1.4626804123711339,MONEY BOX CONFECTIONERY DESIGN,-39.41,37.0,2.0,2.0,774.26,0.048434869173006254,0.055891238670694864,1.229108761329305,8.564947368421052,0.0039936580264885385,2757
20661,983.0100000000001,899,125,123,3.0056,BLUE SPOTTY PURSE ,-210.3,354.0,4.0,4.0,772.71,0.21393475142674032,0.39377085650723026,1.0934482758620692,7.991951219512196,0.003985663076547875,2758
23071,1205.1,315,20,19,10.5325,MARIE ANTOINETTE TRINKET BOX GOLD,-434.0,76.0,4.0,4.0,771.0999999999999,0.3601360882914281,0.24126984126984127,3.8257142857142856,63.426315789473676,0.003977358644674025,2759
35095B,770.84,1957,181,177,0.6211602209944751,RED VICTORIAN FABRIC OVAL BOX,0.0,0.0,0.0,0.0,770.84,0.0,0.0,0.3938886050076648,4.355028248587571,0.003976017556296883,2760
85145,809.05,91,30,30,9.403333333333334,JARDIN ETCHED GLASS LARGE BELL JAR,-38.25,3.0,1.0,1.0,770.8,0.04727767134293307,0.03296703296703297,8.89065934065934,26.96833333333333,0.003975811235008091,2761
22640,770.49,359,90,87,2.5615555555555556,SET OF 4 NAPKIN CHARMS 3 KEYS ,0.0,0.0,0.0,0.0,770.49,0.0,0.0,2.1462116991643456,8.856206896551724,0.003974212245019959,2762
23115,770.32,152,45,45,5.8406666666666665,RED APPLES CHOPPING BOARD   ,0.0,0.0,0.0,0.0,770.32,0.0,0.0,5.0678947368421055,17.118222222222222,0.003973335379542597,2763
22825,822.87,103,40,38,8.3205,DECORATIVE PLANT POT WITH FRIEZE,-53.25,7.0,4.0,4.0,769.62,0.06471253053337708,0.06796116504854369,7.989029126213592,21.654473684210526,0.003969724756988749,2764
90200B,783.95,185,85,84,4.226470588235294,BLACK SWEETHEART BRACELET,-17.0,4.0,2.0,2.0,766.95,0.021685056444926333,0.021621621621621623,4.2375675675675675,9.332738095238096,0.003955952810961931,2765
84029C,766.19,204,48,48,4.5562499999999995,BROWN FURRY HOT WATER BOTTLE,0.0,0.0,0.0,0.0,766.19,0.0,0.0,3.755833333333334,15.962291666666667,0.003952032706474896,2766
23335,790.7800000000001,377,97,96,2.3288659793814435,EGG FRYING PAN IVORY ,-24.96,12.0,2.0,2.0,765.82,0.03156377247780672,0.03183023872679045,2.097559681697613,8.237291666666668,0.003950124234553577,2767
84952C,765.13,413,47,42,3.411063829787234,MIRROR LOVE BIRD T-LIGHT HOLDER,0.0,0.0,0.0,0.0,765.13,0.0,0.0,1.8526150121065375,18.217380952380953,0.003946565192321927,2768
16244B,765.02,345,29,28,3.872068965517241,MAXWELL 2 TONE BLUE 60 PAGE PHOTO A,0.0,0.0,0.0,0.0,765.02,0.0,0.0,2.217449275362319,27.322142857142858,0.003945997808777751,2769
84782A,840.45,119,26,26,9.903846153846153,PINK 3 TIER GLASS PLATE STAND,-76.5,6.0,6.0,6.0,763.95,0.09102266642869891,0.05042016806722689,7.062605042016807,32.325,0.003940478714302584,2770
47594B,808.39,408,122,122,2.1536065573770493,SCOTTIES DESIGN WASHBAG,-44.85,23.0,13.0,13.0,763.54,0.0554806467175497,0.056372549019607844,1.9813480392156861,6.626147540983607,0.0039383639210924725,2771
23550,763.1,1855,64,64,0.41875,WRAP ALPHABET POSTER  ,0.0,0.0,0.0,0.0,763.1,0.0,0.0,0.4113746630727763,11.9234375,0.00393609438691577,2772
72750A,766.85,383,16,16,2.45,"F.FAIRY S/3 CANDLE/GLASS,LILY/VALLY",-3.9,2.0,1.0,1.0,762.95,0.005085740366434113,0.005221932114882507,2.002219321148825,47.928125,0.003935320682082802,2773
22124,761.97,302,134,132,2.719029850746269,SET OF 2 TEA TOWELS PING MICROWAVE,0.0,0.0,0.0,0.0,761.97,0.0,0.0,2.5230794701986756,5.7725,0.003930265810507415,2774
20833,811.8,52,5,5,27.630000000000003,SHAKER THROW  QUILTED,-49.95,1.0,1.0,1.0,761.8499999999999,0.061529933481153,0.019230769230769232,15.61153846153846,162.35999999999999,0.003929646846641041,2775
84762C,761.25,105,43,43,8.556511627906977,GREEN PICNIC BARBECUE BUCKET,0.0,0.0,0.0,0.0,761.25,0.0,0.0,7.25,17.703488372093023,0.003926552027309171,2776
35811A,762.97,434,84,84,2.913809523809524,ENAMEL PINK SUGAR CONTAINER,-4.2,2.0,1.0,1.0,758.77,0.005504803596471683,0.004608294930875576,1.7579953917050692,9.082976190476192,0.003913760107404112,2777
23282,757.86,812,137,135,1.255912408759124,FOLDING BUTTERFLY MIRROR IVORY ,0.0,0.0,0.0,0.0,757.86,0.0,0.0,0.9333251231527093,5.613777777777778,0.0039090662980841104,2778
85131B,757.09,979,225,216,0.8599555555555555,BEADED CRYSTAL HEART GREEN ON STICK,0.0,0.0,0.0,0.0,757.09,0.0,0.0,0.7733299284984678,3.5050462962962965,0.003905094613274878,2779
22638,758.18,414,78,74,2.3626923076923076,SET OF 4 NAPKIN CHARMS CROWNS ,-2.55,1.0,1.0,1.0,755.63,0.003363317418027381,0.0024154589371980675,1.8313526570048309,10.245675675675676,0.003897563886233996,2780
23123,759.57,935,95,95,1.014421052631579,COCKTAIL SWORDS 50 PIECES,-4.98,6.0,2.0,2.0,754.59,0.006556341087720684,0.006417112299465241,0.8123743315508022,7.995473684210527,0.003892199532725423,2781
90200A,770.91,182,104,99,4.227980769230769,PURPLE SWEETHEART BRACELET,-17.0,4.0,2.0,2.0,753.91,0.022051860787900016,0.02197802197802198,4.235769230769231,7.786969696969696,0.003888692070815971,2782
72755C,767.0,592,14,14,1.8928571428571428,FLOWER FAIRY OIL BURNER SET ROSE,-13.75,11.0,1.0,1.0,753.25,0.017926988265971316,0.018581081081081082,1.2956081081081081,54.785714285714285,0.0038852877695509146,2783
16259,766.09,5473,55,55,0.14618181818181816,PIECE OF CAMO STATIONERY SET,-14.100000000000001,134.0,4.0,4.0,751.99,0.018405148220183007,0.024483829709482915,0.13997624703087885,13.928909090909091,0.003878788648953989,2784
23124,751.38,567,43,43,1.751627906976744,18PC WOODEN CUTLERY SET DISPOSABLE,0.0,0.0,0.0,0.0,751.38,0.0,0.0,1.3251851851851852,17.473953488372093,0.0038756422492999217,2785
85110,1138.04,11520,23,23,0.6665217391304348,BLACK SILVER FLOWER T-LIGHT HOLDER,-387.36,5040.0,2.0,2.0,750.68,0.3403746792731363,0.4375,0.09878819444444444,49.48,0.003872031626746074,2786
84653,750.48,14,12,12,54.88166666666667,GREEN ROSE QUILT ,0.0,0.0,0.0,0.0,750.48,0.0,0.0,53.605714285714285,62.54,0.003871000020302118,2787
21554,767.75,167,22,22,6.479545454545455,CERAMIC BIRDHOUSE RED ROOF LARGE,-17.85,3.0,2.0,2.0,749.9,0.023249755779876265,0.017964071856287425,4.597305389221557,34.89772727272727,0.0038680083616146445,2788
90209B,749.65,389,103,97,2.0876699029126216,GREEN ENAMEL+GLASS HAIR COMB,0.0,0.0,0.0,0.0,749.65,0.0,0.0,1.927120822622108,7.728350515463918,0.0038667188535596985,2789
90161B,749.43,150,78,76,5.023333333333333,ANT COPPER TURQ BOUDICCA BRACELET,0.0,0.0,0.0,0.0,749.43,0.0,0.0,4.9962,9.860921052631578,0.0038655840864713466,2790
21001,749.01,148,95,90,4.881263157894737,ROSE DU SUD WASHBAG ,0.0,0.0,0.0,0.0,749.01,0.0,0.0,5.060878378378378,8.322333333333333,0.003863417712939038,2791
23324,816.0400000000001,399,44,44,2.209318181818182,RUSTIC STRAWBERRY JAM POT LARGE ,-67.50999999999999,35.0,2.0,2.0,748.5300000000001,0.08272878780451937,0.08771929824561403,2.045213032581454,18.546363636363637,0.0038609418574735437,2792
84761,768.8499999999999,276,61,61,3.122295081967213,IVORY HANGING BIRD PLANTER ,-20.4,8.0,1.0,1.0,748.4499999999999,0.026533133901281137,0.028985507246376812,2.785688405797101,12.604098360655737,0.00386052921489596,2793
23025,760.8000000000001,350,54,54,2.269814814814815,DRAWER KNOB VINTAGE GLASS BALL,-12.48,6.0,1.0,1.0,748.32,0.01640378548895899,0.017142857142857144,2.173714285714286,14.08888888888889,0.003859858670707389,2794
35647,748.24,563,75,74,1.7655999999999998,VINTAGE BEAD PINK SHADE ,0.0,0.0,0.0,0.0,748.24,0.0,0.0,1.3290230905861458,10.11135135135135,0.0038594460281298057,2795
90209C,760.79,402,68,66,2.085,PINK ENAMEL+GLASS HAIR COMB,-12.600000000000001,6.0,2.0,2.0,748.1899999999999,0.016561731883962726,0.014925373134328358,1.8925124378109452,11.527121212121212,0.0038591881265188166,2796
17165B,751.68,810,61,57,1.0298360655737704,ASS COL LARGE SAND GECKO P'WEIGHT,-4.2,4.0,2.0,2.0,747.4799999999999,0.005587484035759899,0.0049382716049382715,0.9279999999999999,13.18736842105263,0.0038555259236427715,2797
84620,746.61,121,50,50,6.5352,BLUE GINGHAM ROSE CUSHION COVER,0.0,0.0,0.0,0.0,746.61,0.0,0.0,6.170330578512397,14.9322,0.003851038435611561,2798
23022,808.16,422,24,22,2.0316666666666667,SMALL BONNE JAM JAR  T-LIGHT HOLDER,-62.400000000000006,30.0,2.0,2.0,745.76,0.07721243318154822,0.07109004739336493,1.9150710900473933,36.734545454545454,0.003846654108224746,2799
21194,751.5,578,97,95,2.028659793814433,PINK  HONEYCOMB PAPER FAN,-6.5,10.0,3.0,3.0,745.0,0.008649367930805056,0.01730103806228374,1.3001730103806228,7.910526315789474,0.003842734003737712,2800
72800A,743.26,674,46,46,2.9821739130434786,S/4 BLACK DINNER CANDLE SILVER FLOC,0.0,0.0,0.0,0.0,743.26,0.0,0.0,1.1027596439169138,16.157826086956522,0.003833759027675291,2801
84663A,758.21,375,66,64,4.46030303030303,GRASS HOPPER WOODEN WALL CLOCK ,-15.06,6.0,4.0,4.0,743.1500000000001,0.019862571055512326,0.016,2.0218933333333333,11.84703125,0.0038331916441311153,2802
21377,760.8299999999999,527,101,98,2.515346534653465,SMALL CAMPHOR WOOD FIELD  MUSHROOM,-19.200000000000003,24.0,1.0,1.0,741.6299999999999,0.02523559796537992,0.04554079696394687,1.4437001897533206,7.763571428571428,0.0038253514351570452,2803
47581B,753.77,46,36,36,16.319444444444443,FAIRY CAKE WICKER PICNIC BASKET ,-12.75,1.0,1.0,1.0,741.02,0.016914974063706435,0.021739130434782608,16.386304347826087,20.938055555555554,0.0038222050355029786,2804
23223,750.19,801,89,88,1.089438202247191,CHRISTMAS TREE HANGING SILVER ,-9.96,12.0,1.0,1.0,740.23,0.013276636585398367,0.0149812734082397,0.9365667915106118,8.524886363636364,0.0038181301900493507,2805
21503,740.42,1801,64,64,0.41875,TOYBOX  WRAP ,-0.42,1.0,1.0,1.0,740.0,0.0005672456173523136,0.000555247084952804,0.41111604664075513,11.5690625,0.003816943842638801,2806
85130C,737.89,659,69,68,1.3602898550724638,BEADED CRYSTAL HEART BLUE  LARGE,0.0,0.0,0.0,0.0,737.89,0.0,0.0,1.119711684370258,10.851323529411765,0.0038060603946550604,2807
84625D,793.34,650,52,51,2.3296153846153844,WHITE NEWBAROQUE CANDLESTICK CANDLE,-57.85000000000001,31.0,4.0,4.0,735.49,0.07291955529785465,0.047692307692307694,1.220523076923077,15.555686274509805,0.003793681117327583,2808
84715,734.8900000000001,241,47,47,3.393617021276596,SET OF 6 ICE CREAM SKITTLES,0.0,0.0,0.0,0.0,734.8900000000001,0.0,0.0,3.0493360995850627,15.635957446808513,0.0037905862979957143,2809
21415,734.57,351,84,82,2.6582142857142856,CLAM SHELL SMALL ,0.0,0.0,0.0,0.0,734.57,0.0,0.0,2.092792022792023,8.958170731707318,0.0037889357276853844,2810
79030D,734.26,1016,63,61,2.2034920634920634,TUMBLER BAROQUE,-0.39,1.0,1.0,1.0,733.87,0.0005311470051480402,0.000984251968503937,0.7226968503937008,12.037049180327868,0.0037853251051315363,2811
84708B,732.7900000000001,142,54,53,5.391851851851852,PINK JEWELLED PHOTO FRAME ,0.0,0.0,0.0,0.0,732.7900000000001,0.0,0.0,5.160492957746479,13.826226415094341,0.003779754430334172,2812
85230F,732.66,2970,63,62,0.27730158730158727,JASMINE VOTIVE CANDLE,0.0,0.0,0.0,0.0,732.66,0.0,0.0,0.24668686868686868,11.817096774193548,0.0037790838861455995,2813
23435,732.4200000000001,824,99,99,0.8976767676767677,3 RAFFIA RIBBONS VINTAGE CHRISTMAS,0.0,0.0,0.0,0.0,732.4200000000001,0.0,0.0,0.888859223300971,7.398181818181819,0.0037778459584128527,2814
84821,742.5,1318,75,74,0.7973333333333333,DANISH ROSE DELUXE COASTER,-10.2,12.0,1.0,1.0,732.3,0.013737373737373736,0.009104704097116844,0.5633535660091047,10.033783783783784,0.003777226994546478,2815
21365,731.5300000000001,476,81,77,2.550617283950617,MIRRORED WALL ART STARS,0.0,0.0,0.0,0.0,731.5300000000001,0.0,0.0,1.5368277310924372,9.500389610389611,0.0037732553097372464,2816
ADJUST2,731.0500000000001,3,3,3,243.68333333333337,Adjustment by Peter on Jun 25 2010 ,0.0,0.0,0.0,0.0,731.0500000000001,0.0,0.0,243.68333333333337,243.68333333333337,0.003770779454271751,2817
23006,762.75,1758,173,173,0.5191907514450866,TRAVEL CARD WALLET FLOWER MEADOW,-32.76,78.0,5.0,5.0,729.99,0.04294985250737463,0.04436860068259386,0.43387372013651876,4.408959537572255,0.003765311940118782,2818
22100,729.55,1016,138,127,1.4915942028985507,SKULLS SQUARE TISSUE BOX,0.0,0.0,0.0,0.0,729.55,0.0,0.0,0.7180610236220472,5.744488188976377,0.0037630424059420776,2819
21378,728.97,560,88,88,2.1554545454545457,SMALL TALL CAMPHOR WOOD TOADSTOOL,0.0,0.0,0.0,0.0,728.97,0.0,0.0,1.301732142857143,8.28375,0.003760050747254604,2820
35095A,728.9200000000001,1813,169,166,0.6407692307692308,BLUE VICTORIAN FABRIC OVAL BOX,0.0,0.0,0.0,0.0,728.9200000000001,0.0,0.0,0.4020518477661335,4.391084337349398,0.003759792845643615,2821
79342B,824.9499999999999,119,34,34,8.726470588235294,BROWN FLOWER LIGHTS,-96.05,15.0,4.0,4.0,728.9,0.11643129886659798,0.12605042016806722,6.93235294117647,24.263235294117646,0.003759689684999219,2822
21221,728.4399999999999,547,111,107,1.5111711711711713,SET/4 BADGES CUTE CREATURES,0.0,0.0,0.0,0.0,728.4399999999999,0.0,0.0,1.3317001828153563,6.807850467289719,0.003757316990178119,2823
47503F,729.9499999999999,2567,11,11,1.5227272727272727,ASS FLORAL PRINT TORCH,-1.65,1.0,1.0,1.0,728.3,0.0022604287964929108,0.00038955979742890534,0.2843591741332294,66.35909090909091,0.0037565948656673497,2824
20657,727.72,1878,119,118,1.322436974789916,TROPICAL LUGGAGE TAG,0.0,0.0,0.0,0.0,727.72,0.0,0.0,0.3874973375931843,6.167118644067797,0.0037536032069798763,2825
23522,727.4399999999999,354,32,32,3.680625,WALL ART DOG AND BALL ,0.0,0.0,0.0,0.0,727.4399999999999,0.0,0.0,2.054915254237288,22.732499999999998,0.0037521589579583366,2826
22936,925.22,288,54,50,4.286296296296296,BAKING MOULD ROSE WHITE CHOCOLATE,-198.0,72.0,1.0,1.0,727.22,0.21400315600613906,0.25,3.2125694444444446,18.5044,0.003751024190869985,2827
85006,1289.31,3049,37,37,2.546756756756757,SET 4 NURSERY DES ROUND BOXES,-564.4,1480.0,9.0,9.0,724.91,0.43775352708037635,0.4854050508363398,0.422863233847163,34.84621621621621,0.003739109136442288,2828
23454,733.2,174,55,52,4.5190909090909095,THREE MINI HANGING FRAMES,-8.3,2.0,1.0,1.0,724.9000000000001,0.011320240043644299,0.011494252873563218,4.2137931034482765,14.100000000000001,0.0037390575561200906,2829
23562,724.59,251,43,43,3.2853488372093027,SET OF 6 RIBBONS PERFECTLY PRETTY  ,0.0,0.0,0.0,0.0,724.59,0.0,0.0,2.886812749003984,16.85093023255814,0.003737458566131958,2830
21026,724.25,553,129,124,1.6406976744186046,SPACE OWL,0.0,0.0,0.0,0.0,724.25,0.0,0.0,1.3096745027124774,5.840725806451613,0.0037357048351772323,2831
23114,737.95,149,45,45,5.451333333333333,VINTAGE LEAF CHOPPING BOARD  ,-14.850000000000001,3.0,2.0,2.0,723.1,0.020123314587709194,0.020134228187919462,4.95268456375839,16.39888888888889,0.0037297730981244825,2832
85135A,754.59,94,63,63,8.032380952380953,YELLOW DRAGONFLY HELICOPTER,-31.8,4.0,4.0,4.0,722.7900000000001,0.04214209040671093,0.0425531914893617,8.027553191489362,11.977619047619049,0.0037281741081363505,2833
20701,721.49,353,50,50,4.416,PINK CAT FLORAL CUSHION COVER ,0.0,0.0,0.0,0.0,721.49,0.0,0.0,2.0438810198300286,14.4298,0.0037214686662506336,2834
84569A,722.44,576,117,112,1.3756410256410256,PACK 3 IRON ON DOG PATCHES,-1.25,1.0,1.0,1.0,721.19,0.0017302474946016277,0.001736111111111111,1.254236111111111,6.450357142857143,0.0037199212565846985,2835
84595E,723.5699999999999,367,43,43,3.282093023255814,LARGE TORTILLA DESIGN RED BOWL,-3.29,1.0,1.0,1.0,720.28,0.0045468994015782855,0.0027247956403269754,1.9715803814713895,16.82720930232558,0.003715227447264697,2836
21379,719.23,650,128,125,1.9313281249999998,CAMPHOR WOOD PORTOBELLO MUSHROOM,0.0,0.0,0.0,0.0,719.23,0.0,0.0,1.1065076923076924,5.75384,0.0037098115134339255,2837
20854,742.78,459,114,107,1.6778070175438595,BLUE PATCH PURSE PINK HEART,-24.75,15.0,2.0,2.0,718.03,0.0333207679259,0.032679738562091505,1.6182570806100218,6.941869158878505,0.0037036218747701867,2838
35951,717.99,1352,46,46,1.1871739130434782,FOLKART BAUBLE CHRISTMAS DECORATION,0.0,0.0,0.0,0.0,717.99,0.0,0.0,0.5310576923076923,15.608478260869566,0.0037034155534813955,2839
23140,766.1,182,52,52,4.535769230769231,TRIPLE WIRE HOOK IVORY HEART,-49.8,12.0,1.0,1.0,716.3000000000001,0.0650045685941783,0.06593406593406594,4.2093406593406595,14.732692307692307,0.0036946984790299643,2840
21457,716.0,685,65,65,1.5447692307692307,2 PICTURE BOOK EGGS EASTER DUCKS,0.0,0.0,0.0,0.0,716.0,0.0,0.0,1.0452554744525548,11.015384615384615,0.0036931510693640293,2841
85088,723.85,347,79,78,2.3424050632911393,CANDY SPOT HAND BAG,-8.4,4.0,2.0,2.0,715.45,0.011604614215652414,0.011527377521613832,2.086023054755043,9.280128205128205,0.003690314151643149,2842
84976,726.12,675,57,56,1.723157894736842,RECTANGULAR SHAPED MIRROR,-11.06,14.0,2.0,2.0,715.0600000000001,0.015231642152812207,0.02074074074074074,1.0757333333333334,12.96642857142857,0.0036883025190774343,2843
22641,715.06,303,71,69,2.636619718309859,SET OF 4 NAPKIN CHARMS INSTRUMENT,0.0,0.0,0.0,0.0,715.06,0.0,0.0,2.35993399339934,10.3631884057971,0.003688302519077434,2844
21300,841.7,53,12,12,23.479166666666668,ANTIQUE EDWARDIAN DRESSER,-127.5,10.0,2.0,2.0,714.2,0.15147914934062018,0.18867924528301888,15.8811320754717,70.14166666666667,0.003683866611368421,2845
84033,735.38,392,50,49,3.4215999999999998,FLAG OF ST GEORGE ,-21.45,13.0,2.0,2.0,713.93,0.029168593108324946,0.03316326530612245,1.875969387755102,15.007755102040816,0.0036824739426690803,2846
20850,713.8000000000001,820,23,23,2.8434782608695657,ZINC HEART LATTICE PLANTER BOWL,0.0,0.0,0.0,0.0,713.8000000000001,0.0,0.0,0.8704878048780489,31.034782608695654,0.003681803398480509,2847
35915B,713.73,563,68,67,1.2102941176470587,BLUE KNITTED HEN ,0.0,0.0,0.0,0.0,713.73,0.0,0.0,1.267726465364121,10.65268656716418,0.0036814423362251237,2848
21076,714.55,843,94,92,0.9846808510638299,SET/20 COLLAGE PAPER NAPKIN ,-0.85,1.0,1.0,1.0,713.6999999999999,0.0011895598628507453,0.0011862396204033216,0.8476275207591933,7.7668478260869565,0.00368128759525853,2849
21133,712.9100000000001,410,42,42,2.1664285714285714,PAINTED BIRD ASSORTED CHRISTMAS,0.0,0.0,0.0,0.0,712.9100000000001,0.0,0.0,1.7388048780487806,16.97404761904762,0.003677212749804902,2850
21344,749.82,166,26,26,8.916153846153845,MOROCCAN BEATEN METAL DISH,-37.75,5.0,2.0,2.0,712.07,0.05034541623322931,0.030120481927710843,4.516987951807229,28.83923076923077,0.0036728800027402858,2851
16015,711.88,1573,66,65,0.48727272727272725,MEDIUM CHINESE STYLE SCISSOR,0.0,0.0,0.0,0.0,711.88,0.0,0.0,0.4525619834710744,10.952,0.0036718999766185267,2852
23325,740.9399999999999,462,35,35,1.8145714285714285,RUSTIC STRAWBERRY JAM POT SMALL,-29.700000000000003,18.0,3.0,3.0,711.2399999999999,0.04008421734553406,0.03896103896103896,1.6037662337662337,21.169714285714285,0.0036685988359978655,2853
23070,709.5400000000001,160,44,44,5.090909090909091,EDWARDIAN HEART PHOTO FRAME,0.0,0.0,0.0,0.0,709.5400000000001,0.0,0.0,4.4346250000000005,16.125909090909094,0.0036598301812242363,2854
22345,724.12,1480,133,128,0.816766917293233,PARTY PIZZA DISH BLUE POLKADOT,-15.3,18.0,1.0,1.0,708.82,0.021129094625200243,0.012162162162162163,0.48927027027027026,5.6571875,0.0036561163980259933,2855
10134,721.13,625,54,52,1.2907407407407407,COLOURING PENCILS BROWN TUBE,-12.5,10.0,1.0,1.0,708.63,0.01733390650784186,0.016,1.153808,13.867884615384614,0.0036551363719042346,2856
21442,706.63,974,137,136,1.1254744525547444,GREEN BIRDHOUSE DECORATION,0.0,0.0,0.0,0.0,706.63,0.0,0.0,0.7254928131416838,5.195808823529411,0.00364482030746467,2857
23487,795.5799999999999,80,44,44,10.365454545454545,SWEET HEART CAKE CARRIER,-89.55,9.0,6.0,6.0,706.03,0.11255939063324871,0.1125,9.944749999999999,18.081363636363633,0.0036417254881328004,2858
21443,727.9300000000001,257,26,26,4.631923076923077,OLIVE CHALET BIRDFEEDER,-22.5,6.0,1.0,1.0,705.4300000000001,0.030909565480197267,0.023346303501945526,2.832412451361868,27.997307692307693,0.003638630668800932,2859
23055,1395.18,657,40,38,5.62125,IVORY CHANDELIER T-LIGHT HOLDER,-690.72,432.0,5.0,5.0,704.46,0.49507590418440633,0.6575342465753424,2.1235616438356164,36.71526315789474,0.0036336273775477435,2860
84869,703.54,302,26,26,5.044615384615384,CANDY BUTTON PHOTO ALBUM,0.0,0.0,0.0,0.0,703.54,0.0,0.0,2.3296026490066226,27.05923076923077,0.003628881987905543,2861
22486,881.9,106,41,40,9.892439024390244,PLASMATRONIC LAMP,-178.5,14.0,7.0,7.0,703.4,0.2024039006690101,0.1320754716981132,8.319811320754717,22.0475,0.003628159863394774,2862
84563A,703.0,142,64,62,6.019375,PINK & WHITE BREAKFAST TRAY,0.0,0.0,0.0,0.0,703.0,0.0,0.0,4.950704225352113,11.338709677419354,0.0036260966505068607,2863
90161D,702.79,141,77,75,4.994545454545454,ANT COPPER PINK BOUDICCA BRACELET,0.0,0.0,0.0,0.0,702.79,0.0,0.0,4.9843262411347515,9.370533333333332,0.0036250134637407067,2864
84872a,702.5899999999999,64,50,45,10.979800000000001,TEATIME FUNKY FLOWER BACKPACK FOR 2,0.0,0.0,0.0,0.0,702.5899999999999,0.0,0.0,10.977968749999999,15.61311111111111,0.0036239818572967497,2865
20763,714.23,269,76,74,3.855394736842105,DAISY SKETCHBOOK ,-15.0,4.0,1.0,1.0,699.23,0.021001638127773965,0.01486988847583643,2.6551301115241634,9.651756756756757,0.003606650869038282,2866
84917,698.66,232,56,53,4.3275,WHITE HAND TOWEL WITH BUTTERFLY,0.0,0.0,0.0,0.0,698.66,0.0,0.0,3.0114655172413793,13.182264150943396,0.0036037107906730062,2867
23222,718.53,799,77,75,1.0467532467532468,CHRISTMAS TREE HANGING GOLD,-19.92,24.0,2.0,2.0,698.61,0.027723268339526538,0.030037546933667083,0.8992866082603254,9.5804,0.003603452889062017,2868
21740,698.0100000000001,201,67,66,3.687910447761194,COSY SLIPPER SHOES LARGE RED,0.0,0.0,0.0,0.0,698.0100000000001,0.0,0.0,3.4726865671641796,10.575909090909093,0.0036003580697301484,2869
84584,696.75,282,75,75,2.8196,PINK GINGHAM CAT WITH SCARF,0.0,0.0,0.0,0.0,696.75,0.0,0.0,2.470744680851064,9.29,0.0035938589491332227,2870
22981,704.13,471,108,105,1.8700925925925926,PANTRY APPLE CORER,-8.7,6.0,2.0,2.0,695.43,0.012355672958118529,0.012738853503184714,1.494968152866242,6.7059999999999995,0.00358705034660311,2871
21319,750.33,510,66,65,1.9946969696969699,GLASS CHALICE GREEN  SMALL ,-56.95,39.0,4.0,4.0,693.38,0.07589993736089454,0.07647058823529412,1.4712352941176472,11.543538461538462,0.003576476380552557,2872
84689,742.9,312,40,40,5.3012500000000005,S/2 BEACH HUT TREASURE CHESTS,-49.55,17.0,4.0,4.0,693.35,0.06669807511105129,0.05448717948717949,2.3810897435897433,18.572499999999998,0.0035763216395859627,2873
72755D,693.25,533,13,13,1.9423076923076923,FLOWER FAIRY OIL BURNER SET SUMMER,0.0,0.0,0.0,0.0,693.25,0.0,0.0,1.300656660412758,53.32692307692308,0.0035758058363639846,2874
17012F,693.1999999999999,591,112,107,1.9060714285714284,ORIGAMI SANDLEWOOD INCENSE/CAND SET,0.0,0.0,0.0,0.0,693.1999999999999,0.0,0.0,1.1729272419627748,6.478504672897196,0.0035755479347529956,2875
35964,693.08,1189,136,132,1.123970588235294,FOLKART CLIP ON STARS,0.0,0.0,0.0,0.0,693.08,0.0,0.0,0.582910008410429,5.250606060606061,0.003574928970886622,2876
84971L,723.51,585,59,58,1.5720338983050848,LARGE HEART FLOWERS HOOK   ,-31.25,25.0,2.0,2.0,692.26,0.043192215726112974,0.042735042735042736,1.2367692307692308,12.474310344827586,0.0035706993844664002,2877
84952B,701.74,427,48,44,3.043125,BLACK LOVE BIRD T-LIGHT HOLDER,-11.25,3.0,1.0,1.0,690.49,0.01603157864736227,0.00702576112412178,1.6434192037470725,15.948636363636364,0.0035615696674373863,2878
72753A,690.24,315,14,14,3.735,S/3 FLWR FAIRY LILLY CANDLES,0.0,0.0,0.0,0.0,690.24,0.0,0.0,2.1912380952380954,49.30285714285714,0.0035602801593824407,2879
21308,705.9,132,6,6,12.158333333333333,LOUVRE VANITY MIRROR,-15.9,2.0,1.0,1.0,690.0,0.022524436889077775,0.015151515151515152,5.347727272727273,117.64999999999999,0.0035590422316496926,2880
20862,691.1400000000001,325,37,37,2.6216216216216215,PINK PATCH PENCIL CASE BLUE HEART,-2.1,1.0,1.0,1.0,689.0400000000001,0.003038458199496484,0.003076923076923077,2.1265846153846155,18.679459459459462,0.0035540905207187023,2881
85096,692.16,166,69,66,4.591304347826087,HILDA CANDY SPOT RABBIT,-3.75,1.0,1.0,1.0,688.41,0.005417822468793343,0.006024096385542169,4.169638554216867,10.487272727272726,0.003550840960420239,2882
23458,762.4499999999999,51,30,30,14.95,DOLLY CABINET 3 DRAWERS ,-74.75,5.0,4.0,4.0,687.6999999999999,0.09803921568627452,0.09803921568627451,14.95,25.415,0.0035471787575441934,2883
72131,717.63,761,61,56,1.6680327868852458,COLUMBIAN CANDLE RECTANGLE,-31.2,16.0,1.0,1.0,686.43,0.043476443292504496,0.02102496714848883,0.9430091984231275,12.81482142857143,0.0035406280566250697,2884
85231E,695.23,835,107,106,0.9473831775700935,STRAWBERRY SCENTED SET/9 T-LIGHTS,-10.2,12.0,1.0,1.0,685.03,0.014671403708125367,0.01437125748502994,0.8326107784431138,6.55877358490566,0.0035334068115173752,2885
90160C,684.22,98,46,45,7.01,TURQ+RED BOUDICCA LARGE BRACELET,0.0,0.0,0.0,0.0,684.22,0.0,0.0,6.981836734693878,15.20488888888889,0.003529228805419352,2886
90082D,696.1,108,53,51,6.505471698113207,DIAMANTE BOW BROOCH BLACK COLOUR,-12.7,2.0,1.0,1.0,683.4,0.018244505099841976,0.018518518518518517,6.44537037037037,13.649019607843139,0.003524999218999131,2887
85186A,688.42,1476,163,159,0.6184049079754601,EASTER BUNNY GARLAND OF FLOWERS,-5.04,12.0,1.0,1.0,683.38,0.007321112111792221,0.008130081300813009,0.46640921409214087,4.329685534591195,0.0035248960583547347,2888
62094B,683.05,306,68,67,3.9523529411764704,TURQ ICE CREAM BUM BAG ,0.0,0.0,0.0,0.0,683.05,0.0,0.0,2.23218954248366,10.194776119402984,0.003523193907722207,2889
22033,681.93,1603,128,128,0.481640625,BOTANICAL ROSE GREETING CARD,0.0,0.0,0.0,0.0,681.93,0.0,0.0,0.4254086088583905,5.327578125,0.0035174169116360503,2890
84865,681.9,81,52,48,9.49076923076923,NEW BAROQUE BLACK PHOTO ALBUM,0.0,0.0,0.0,0.0,681.9,0.0,0.0,8.418518518518518,14.206249999999999,0.003517262170669457,2891
85084,681.4,682,87,84,1.0668965517241378,HOLLY TOP CHRISTMAS STOCKING,0.0,0.0,0.0,0.0,681.4,0.0,0.0,0.9991202346041055,8.111904761904762,0.003514683154559566,2892
84931B,688.73,274,83,83,2.6616867469879515,BLUE SCOTTIE DOG W FLOWER PATTERN,-7.649999999999999,3.0,1.0,1.0,681.08,0.011107400577875218,0.010948905109489052,2.5136131386861313,8.297951807228916,0.0035130325842492364,2893
21674,680.8499999999999,43,9,9,16.505555555555553,RIDGED GLASS PENDANT LAMPSHADE,0.0,0.0,0.0,0.0,680.8499999999999,0.0,0.0,15.833720930232555,75.64999999999999,0.0035118462368386857,2894
21386,680.78,1148,110,105,0.8370909090909091,IVORY HANGING DECORATION  EGG,0.0,0.0,0.0,0.0,680.78,0.0,0.0,0.59301393728223,6.483619047619047,0.0035114851745833013,2895
21847,679.58,348,73,71,3.2754794520547943,GREEN  DIAMANTE PEN IN GIFT BOX,0.0,0.0,0.0,0.0,679.58,0.0,0.0,1.9528160919540232,9.571549295774648,0.0035052955359195625,2896
23187,695.06,2338,75,74,0.3154666666666667,FRENCH STYLE STORAGE JAR BONBONS,-16.49,37.0,4.0,4.0,678.5699999999999,0.023724570540672747,0.015825491873396064,0.2972882805816937,9.392702702702701,0.0035000859233775823,2897
84916,676.91,267,63,58,4.503650793650794,HAND TOWEL PALE BLUE W FLOWERS,0.0,0.0,0.0,0.0,676.91,0.0,0.0,2.535243445692884,11.670862068965517,0.003491523589892744,2898
20898,693.9200000000001,327,55,53,3.1941818181818182,VINTAGE NOTEBOOK TRAVELOGUE,-17.700000000000003,6.0,1.0,1.0,676.22,0.025507263085081854,0.01834862385321101,2.1220795107033643,13.092830188679248,0.0034879645476610945,2899
17165D,682.32,716,93,89,1.0346236559139785,ASS COL LARGE SAND FROG P'WEIGHT,-6.300000000000001,6.0,3.0,3.0,676.0200000000001,0.009233204361589871,0.008379888268156424,0.9529608938547487,7.666516853932585,0.003486932941217139,2900
75013B,677.87,395,82,76,2.013658536585366,"STRING OF 8 BUTTERFLIES,PINK",-2.7,1.0,1.0,1.0,675.17,0.0039830645994069665,0.002531645569620253,1.716126582278481,8.919342105263159,0.003482548613830323,2901
21750,676.48,312,63,62,2.456825396825397,LARGE SKULL WINDMILL,-2.1,1.0,1.0,1.0,674.38,0.0031043046357615896,0.003205128205128205,2.1682051282051282,10.910967741935485,0.0034784737683766953,2902
21879,672.71,1576,157,152,0.7598089171974521,HEARTS GIFT TAPE,0.0,0.0,0.0,0.0,672.71,0.0,0.0,0.42684644670050764,4.425723684210527,0.0034698598545696594,2903
21884,672.5600000000001,1454,166,161,1.0043975903614457,CAKES AND BOWS GIFT  TAPE,0.0,0.0,0.0,0.0,672.5600000000001,0.0,0.0,0.4625584594222834,4.177391304347826,0.0034690861497366924,2904
21263,676.02,302,60,56,3.2026666666666666,GREEN GOOSE FEATHER TREE 60CM,-3.9,2.0,1.0,1.0,672.12,0.0057690600869796755,0.006622516556291391,2.238476821192053,12.071785714285713,0.003466816615559988,2905
20856,688.9399999999999,417,126,122,1.6598412698412697,DENIM PATCH PURSE PINK BUTTERFLY,-18.15,11.0,2.0,2.0,670.79,0.026344819577902284,0.026378896882494004,1.652134292565947,5.647049180327868,0.003459956432707677,2906
46776E,670.52,207,79,77,4.192405063291139,WOVEN CANDY CUSHION COVER ,0.0,0.0,0.0,0.0,670.52,0.0,0.0,3.2392270531400964,8.708051948051947,0.003458563764008336,2907
37492D,682.99,361,26,26,4.201538461538462,PURPLE GREEN FLOWER PIGGY BANK,-13.2,8.0,1.0,1.0,669.79,0.019326783701079077,0.0221606648199446,1.8919390581717452,26.268846153846155,0.003454798400487895,2908
84684,720.6999999999999,609,40,40,3.28775,BEACH HUT PHOTO FRAME,-51.0,52.0,2.0,2.0,669.6999999999999,0.07076453448036632,0.08538587848932677,1.183415435139573,18.0175,0.0034543341775881147,2909
72023F,669.62,640,51,49,1.3499999999999999,RED ORGANIC CANDLE IN GLASS,0.0,0.0,0.0,0.0,669.62,0.0,0.0,1.04628125,13.665714285714285,0.0034539215350105324,2910
85205B,669.38,241,62,61,3.193064516129032,PINK FELT EASTER RABBIT GARLAND,0.0,0.0,0.0,0.0,669.38,0.0,0.0,2.777510373443983,10.97344262295082,0.0034526836072777843,2911
85203,669.27,1467,233,224,0.5685836909871245,HANGING WOOD AND FELT BUTTERFLY ,0.0,0.0,0.0,0.0,669.27,0.0,0.0,0.4562167689161554,2.9878125,0.0034521162237336083,2912
16169K,669.25,2100,61,60,0.36344262295081964,WRAP FOLK ART,0.0,0.0,0.0,0.0,669.25,0.0,0.0,0.3186904761904762,11.154166666666667,0.003452013063089213,2913
22036,695.11,1649,135,135,0.49740740740740735,DINOSAUR BIRTHDAY CARD,-27.3,65.0,2.0,2.0,667.8100000000001,0.039274359453899385,0.03941782898726501,0.421534263189812,5.148962962962963,0.0034445854966927273,2914
21441,667.3199999999999,941,136,133,1.1029411764705883,BLUE BIRDHOUSE DECORATION,0.0,0.0,0.0,0.0,667.3199999999999,0.0,0.0,0.7091604675876726,5.017443609022556,0.003442058060905033,2915
82613A,667.47,492,116,116,1.6133620689655173,"METAL SIGN,CUPCAKE SINGLE HOOK",-2.5,2.0,2.0,2.0,664.97,0.0037454866885403087,0.0040650406504065045,1.3566463414634147,5.754051724137931,0.0034299366851885454,2916
21247,664.73,422,81,81,1.8867901234567903,SET OF RED SALAD SERVERS ,0.0,0.0,0.0,0.0,664.73,0.0,0.0,1.5751895734597157,8.206543209876543,0.0034286987574557977,2917
22034,674.75,1620,95,94,0.4508421052631579,ROBIN CHRISTMAS CARD,-10.08,24.0,2.0,2.0,664.67,0.014938866246758059,0.014814814814814815,0.41651234567901235,7.178191489361702,0.0034283892755226104,2918
17012D,663.74,522,118,116,1.9547457627118643,ORIGAMI ROSE INCENSE/CANDLE SET ,0.0,0.0,0.0,0.0,663.74,0.0,0.0,1.2715325670498085,5.721896551724138,0.003423592305558213,2919
23024,667.8500000000001,255,11,11,3.0081818181818183,LARGE BONNE JAM JAR  T-LIGHT HOLDER,-4.98,2.0,1.0,1.0,662.8700000000001,0.007456764243467843,0.00784313725490196,2.619019607843138,60.713636363636375,0.003419104817527003,2920
21265,717.41,323,36,34,3.7155555555555555,PINK GOOSE FEATHER TREE 60CM,-55.0,20.0,3.0,3.0,662.41,0.0766646687389359,0.06191950464396285,2.2210835913312694,21.100294117647056,0.0034167321227059023,2921
23547,661.5,1575,62,62,0.42,WRAP FLOWER SHOP  ,0.0,0.0,0.0,0.0,661.5,0.0,0.0,0.42,10.669354838709678,0.0034120383133859006,2922
23597,679.07,249,31,31,3.186129032258065,PAPER BUNTING PAISLEY PARK,-17.700000000000003,6.0,1.0,1.0,661.37,0.026065059566760425,0.024096385542168676,2.7271887550200806,21.905483870967743,0.0034113677691973297,2923
90184C,661.23,73,50,49,9.1076,BLACK CHUNKY BEAD BRACELET W STRAP,0.0,0.0,0.0,0.0,661.23,0.0,0.0,9.057945205479452,13.494489795918367,0.0034106456446865606,2924
23482,661.02,418,39,39,1.765897435897436,PEARLISED IVORY HEART LARGE ,0.0,0.0,0.0,0.0,661.02,0.0,0.0,1.5813875598086125,16.94923076923077,0.0034095624579204057,2925
37474,661.0,64,46,44,10.793478260869565,SET/4 2 TONE EGG SHAPE MIXING BOWLS,0.0,0.0,0.0,0.0,661.0,0.0,0.0,10.328125,15.022727272727273,0.0034094592972760103,2926
84993A,660.79,1498,181,177,0.53292817679558,75 GREEN PETIT FOUR CASES,0.0,0.0,0.0,0.0,660.79,0.0,0.0,0.44111481975967953,3.733276836158192,0.0034083761105098555,2927
84824,676.4499999999999,38,32,32,18.4484375,DANISH ROSE UMBRELLA STAND,-15.95,1.0,1.0,1.0,660.4999999999999,0.023578978490649716,0.02631578947368421,17.801315789473684,21.139062499999998,0.0034068802811661183,2928
23428,675.91,77,33,33,9.915454545454546,IVORY RETRO KITCHEN WALL CLOCK,-16.3,2.0,1.0,1.0,659.61,0.024115636697193417,0.025974025974025976,8.778051948051948,20.48212121212121,0.003402289632490513,2929
17109C,661.23,3124,15,15,1.238,FLOWER FAIRY INCENSE ROSE,-1.69,1.0,1.0,1.0,659.54,0.00255584289884004,0.0003201024327784891,0.21166133162612036,44.082,0.0034019285702351276,2930
21298,755.8,52,14,14,19.37857142857143,EDWARDIAN 2 DRAWER WALL CABINET ,-99.7,6.0,5.0,5.0,656.0999999999999,0.13191320455146865,0.11538461538461539,14.534615384615384,53.98571428571428,0.003384184939399077,2931
71403,661.95,178,71,69,4.590704225352113,"PINK/WHITE ""KEEP CLEAN"" BULLET BIN",-5.9,2.0,1.0,1.0,656.0500000000001,0.008913059898783895,0.011235955056179775,3.7188202247191016,9.593478260869565,0.0033839270377880883,2932
22056,656.87,607,34,34,1.9435294117647057,CERAMIC PLATE LOVE HEART DESIGN,-1.49,1.0,1.0,1.0,655.38,0.0022683331557233548,0.0016474464579901153,1.082158154859967,19.31970588235294,0.0033804711562008343,2933
85168B,652.17,72,52,52,9.157884615384615,BLACK BAROQUE CARRIAGE CLOCK,0.0,0.0,0.0,0.0,652.17,0.0,0.0,9.057916666666666,12.54173076923077,0.0033639138727753334,2935
21307,654.27,751,74,72,2.125,SET/4 BUTTERFLY MIRROR MAGNETS,-2.1,1.0,1.0,1.0,652.17,0.0032096840753817234,0.0013315579227696406,0.8711984021304926,9.087083333333332,0.0033639138727753334,2934
23120,682.39,1685,105,100,0.46819047619047616,PACK OF 6 SMALL FRUIT STRAWS,-30.240000000000002,72.0,2.0,2.0,652.15,0.044314834625360865,0.042729970326409496,0.40497922848664686,6.8239,0.003363810712130938,2936
20618,650.64,298,138,137,2.277608695652174,QUEEN OF THE SKIES PASSPORT COVER ,0.0,0.0,0.0,0.0,650.64,0.0,0.0,2.1833557046979863,4.749197080291971,0.003356022083479067,2937
20714,649.8199999999999,1580,28,28,0.9467857142857142,POSY SHOPPER BAG,0.0,0.0,0.0,0.0,649.8199999999999,0.0,0.0,0.4112784810126582,23.20785714285714,0.0033517924970588447,2938
21197,683.26,466,48,45,1.6327083333333332,MULTICOLOUR  CONFETTI IN TUBE,-34.65,21.0,1.0,1.0,648.61,0.05071275941808389,0.045064377682403435,1.4662231759656652,15.183555555555555,0.003345551278072909,2939
85215,648.44,838,69,66,1.657391304347826,ASSORTED CHEESE FRIDGE MAGNETS,0.0,0.0,0.0,0.0,648.44,0.0,0.0,0.7737947494033414,9.824848484848486,0.0033446744125955464,2940
21003,647.75,109,64,64,5.928125,ROSE DU SUD CUSHION COVER,0.0,0.0,0.0,0.0,647.75,0.0,0.0,5.942660550458716,10.12109375,0.003341115370363896,2941
17084N,647.66,2798,191,187,0.34659685863874345,FAIRY DREAMS INCENSE ,0.0,0.0,0.0,0.0,647.66,0.0,0.0,0.2314724803431022,3.463422459893048,0.0033406511474641156,2942
17164B,647.4,1622,83,81,0.4168674698795181,ASS COL SMALL SAND GECKO P'WEIGHT,-0.84,2.0,1.0,1.0,646.56,0.0012974976830398518,0.0012330456226880395,0.39913686806411836,7.992592592592592,0.0033349773120223557,2943
21134,646.4399999999999,377,48,46,2.1581249999999996,VICTORIAN METAL POSTCARD CHRISTMAS,0.0,0.0,0.0,0.0,646.4399999999999,0.0,0.0,1.7146949602122015,14.053043478260868,0.003334358348155982,2944
46776D,658.07,153,76,76,4.279605263157895,WOVEN SUNSET CUSHION COVER ,-11.93,1.0,1.0,1.0,646.1400000000001,0.018128770495539986,0.006535947712418301,4.301111111111111,8.658815789473685,0.0033328109384900472,2945
22042,655.52,1805,138,128,0.4081159420289855,CHRISTMAS CARD SINGING ANGEL,-10.08,24.0,2.0,2.0,645.4399999999999,0.015377105198926044,0.013296398891966758,0.36316897506925205,5.12125,0.003329200315936199,2946
23042,711.51,103,28,28,7.361428571428571,PAPER LANTERN 7 POINT SNOW STAR,-66.5,10.0,1.0,1.0,645.01,0.09346319798737895,0.0970873786407767,6.9078640776699025,25.41107142857143,0.0033269823620816928,2947
47597,644.88,322,126,124,1.9637301587301585,NEW ENGLAND TEATOWELS,0.0,0.0,0.0,0.0,644.88,0.0,0.0,2.0027329192546586,5.200645161290322,0.0033263118178931215,2948
90184B,670.23,74,48,47,9.106875,AMETHYST CHUNKY BEAD BRACELET W STR,-26.849999999999998,3.0,2.0,2.0,643.38,0.04006087462512868,0.04054054054054054,9.057162162162163,14.260212765957448,0.0033185747695634485,2949
17181,642.66,353,67,65,3.771641791044776,CIRCLE OF FRIENDS CANDLE HOLDER,0.0,0.0,0.0,0.0,642.66,0.0,0.0,1.8205665722379603,9.887076923076922,0.0033148609863652054,2950
85185D,642.0100000000001,197,68,66,3.738970588235294,FROG SOCK PUPPET,0.0,0.0,0.0,0.0,642.0100000000001,0.0,0.0,3.258934010152285,9.727424242424243,0.0033115082654223476,2951
21350,647.7500000000001,225,44,42,2.940909090909091,GINGHAM HEART WREATH,-5.9,2.0,1.0,1.0,641.8500000000001,0.009108452335005788,0.008888888888888889,2.8788888888888895,15.422619047619051,0.0033106829802671827,2952
85160B,1032.7,6155,37,36,3.282162162162162,BLACK BIRD GARDEN DESIGN MUG,-391.40999999999997,2981.0,4.0,4.0,641.2900000000001,0.3790161712017042,0.4843216896831844,0.16778229082047116,28.686111111111114,0.003307794482224104,2953
16169M,640.95,2060,60,59,0.35483333333333333,WRAP DAISY CARPET ,0.0,0.0,0.0,0.0,640.95,0.0,0.0,0.3111407766990292,10.863559322033899,0.003306040751269378,2954
85188B,660.88,748,76,74,1.0734210526315788,PINK METAL SWINGING BUNNY,-20.4,24.0,1.0,1.0,640.48,0.0308679336642053,0.03208556149732621,0.8835294117647059,8.930810810810812,0.00330361647612608,2955
16047,1054.7,10612,31,31,0.9583870967741934,POP ART PEN CASE & PENS,-414.72,5184.0,1.0,1.0,639.98,0.3932113397174552,0.4885035808518658,0.09938748586505843,34.02258064516129,0.003301037460016189,2956
85186C,658.19,1400,156,152,0.6046794871794872,BUNNY EGG GARLAND,-18.48,44.0,2.0,2.0,639.71,0.028076999042829575,0.03142857142857143,0.4701357142857143,4.330197368421053,0.0032996447913168476,2957
84986B,639.06,432,76,75,1.5328947368421053,SET OF 36 SILVER PAPER DOILIES,0.0,0.0,0.0,0.0,639.06,0.0,0.0,1.4793055555555554,8.5208,0.0032962920703739893,2958
35004P,638.97,120,43,43,6.8058139534883715,SET OF 3 PINK FLYING DUCKS,0.0,0.0,0.0,0.0,638.97,0.0,0.0,5.32475,14.859767441860466,0.003295827847474209,2959
21665,638.8,879,78,75,1.088974358974359,TRIANGULAR RIDGED GLASS POSY HOLDER,0.0,0.0,0.0,0.0,638.8,0.0,0.0,0.7267349260523321,8.517333333333333,0.003294950981996846,2960
21816,640.24,424,52,50,1.6946153846153846,CHRISTMAS TREE T-LIGHT HOLDER,-1.45,1.0,1.0,1.0,638.79,0.002264775709109084,0.0023584905660377358,1.51,12.8048,0.003294899401674648,2961
47594A,684.4599999999999,346,107,105,2.102336448598131,CAROUSEL DESIGN WASHBAG,-46.8,24.0,12.0,11.0,637.66,0.06837506939777344,0.06936416184971098,1.978208092485549,6.5186666666666655,0.0032890708252662944,2962
23224,649.02,738,71,71,1.0394366197183098,CHERUB HEART DECORATION GOLD,-11.620000000000001,14.0,2.0,2.0,637.4,0.017903916674370593,0.018970189701897018,0.8794308943089431,9.14112676056338,0.0032877297368891513,2963
47592A,637.37,331,101,101,1.8420792079207922,CAROUSEL DES CHILD'S OVERALL,0.0,0.0,0.0,0.0,637.37,0.0,0.0,1.9255891238670695,6.310594059405941,0.0032875749959225572,2964
16169N,636.75,2050,57,56,0.35140350877192983,WRAP BLUE RUSSIAN FOLKART,0.0,0.0,0.0,0.0,636.75,0.0,0.0,0.310609756097561,11.370535714285714,0.0032843770159462927,2965
23492,635.38,76,28,28,8.549285714285714,VINTAGE JINGLE BELLS WREATH,0.0,0.0,0.0,0.0,635.38,0.0,0.0,8.360263157894737,22.69214285714286,0.003277310511805191,2966
20819,635.24,229,66,65,3.885909090909091,SILVER TEDDY BEAR,0.0,0.0,0.0,0.0,635.24,0.0,0.0,2.7739737991266376,9.772923076923076,0.0032765883872944218,2967
22391,635.19,323,66,66,2.8237878787878787,PAPERWEIGHT HOME SWEET HOME,0.0,0.0,0.0,0.0,635.19,0.0,0.0,1.9665325077399383,9.62409090909091,0.0032763304856834327,2968
84247G,633.76,1487,111,107,0.4879279279279279,"DECOUPAGE,GREETING CARD,",0.0,0.0,0.0,0.0,633.76,0.0,0.0,0.42620040349697375,5.922990654205607,0.003268954499609144,2969
20696,633.18,153,62,60,4.7222580645161285,FLORAL SOFT CAR TOY,0.0,0.0,0.0,0.0,633.18,0.0,0.0,4.138431372549019,10.552999999999999,0.00326596284092167,2970
22054,655.01,361,78,74,2.1535897435897433,MINI CAKE STAND HANGING HEARTS,-23.099999999999998,14.0,4.0,4.0,631.91,0.03526663715057785,0.038781163434903045,1.814432132963989,8.851486486486486,0.003259412140002547,2971
23216,630.73,525,45,44,1.446888888888889,LAUREL HEART ANTIQUE GOLD,0.0,0.0,0.0,0.0,630.73,0.0,0.0,1.2013904761904761,14.334772727272728,0.003253325661983204,2972
84964A,630.0,11,2,2,45.0,PINK PAINTED KASHMIRI TABLE,0.0,0.0,0.0,0.0,630.0,0.0,0.0,57.27272727272727,315.0,0.003249560298462763,2973
84520D,639.47,699,94,94,1.1359574468085107,PACK OF 20 FAIRY CAKE PAPER NAPKINS,-10.2,12.0,2.0,2.0,629.27,0.015950709181040548,0.017167381974248927,0.9148354792560801,6.802872340425532,0.003245794934942322,2974
23019,629.05,81,28,28,8.078571428571427,SMALL APOTHECARY MEASURING JAR ,0.0,0.0,0.0,0.0,629.05,0.0,0.0,7.766049382716049,22.46607142857143,0.0032446601678539693,2975
15056p,628.72,50,41,38,12.58048780487805,EDWARDIAN PARASOL PINK,0.0,0.0,0.0,0.0,628.72,0.0,0.0,12.5744,16.545263157894738,0.003242958017221442,2976
85230E,628.41,2445,66,66,0.27545454545454545,STRAWBRY SCENTED VOTIVE CANDLE,0.0,0.0,0.0,0.0,628.41,0.0,0.0,0.25701840490797545,9.521363636363636,0.003241359027233309,2977
23027,627.95,295,30,30,2.216666666666667,DRAWER KNOB VINTAGE GLASS HEXAGON,0.0,0.0,0.0,0.0,627.95,0.0,0.0,2.1286440677966105,20.93166666666667,0.0032389863324122094,2978
23456,634.1,158,36,36,4.116666666666667,MEDIUM PARLOUR PICTURE FRAME ,-8.3,2.0,1.0,1.0,625.8000000000001,0.01308941807285917,0.012658227848101266,4.013291139240507,17.61388888888889,0.003227896563139678,2979
22092,625.41,959,144,140,0.8275,BLUE PAISLEY TISSUE BOX,0.0,0.0,0.0,0.0,625.41,0.0,0.0,0.652148070907195,4.467214285714285,0.003225884930573963,2980
21004,625.07,137,71,70,4.793943661971831,ROSE DU SUD CHILDS APRON,0.0,0.0,0.0,0.0,625.07,0.0,0.0,4.562554744525547,8.92957142857143,0.0032241311996192377,2981
22043,629.88,2222,130,125,0.33607692307692305,CHRISTMAS CARD SCREEN PRINT ,-5.04,12.0,1.0,1.0,624.84,0.008001524099828539,0.0054005400540054005,0.2834743474347435,5.03904,0.0032229448522086875,2982
82616A,624.21,316,52,52,2.9890384615384615,BUBBLE GUM SCARF KNITTING KIT,0.0,0.0,0.0,0.0,624.21,0.0,0.0,1.975348101265823,12.004038461538462,0.003219695291910224,2983
71101E,626.13,777,48,47,0.8364583333333333,STANDING FAIRY POLE SUPPORT ,-2.55,3.0,1.0,1.0,623.58,0.0040726366728954045,0.003861003861003861,0.8058301158301159,13.321914893617022,0.0032164457316117617,2984
22346,622.81,1312,105,103,0.8141904761904761,PARTY PIZZA DISH GREEN POLKADOT,0.0,0.0,0.0,0.0,622.81,0.0,0.0,0.474702743902439,6.046699029126213,0.0032124740468025288,2985
85114c,622.72,188,43,42,3.3144186046511632,RED ENCHANTED FOREST PLACEMAT,0.0,0.0,0.0,0.0,622.72,0.0,0.0,3.312340425531915,14.826666666666668,0.003212009823902749,2986
85218,625.1999999999999,1992,2,2,0.875,S/5 MINI ICE CREAM FRIDGE MAGNETS,-4.35,3.0,1.0,1.0,620.8499999999999,0.006957773512476008,0.0015060240963855422,0.31385542168674696,312.59999999999997,0.0032023643036517557,2987
84596J,628.01,813,141,138,1.2029078014184396,MIXED NUTS LIGHT GREEN BOWL,-7.5,6.0,1.0,1.0,620.51,0.011942484992277192,0.007380073800738007,0.772460024600246,4.550797101449275,0.00320061057269703,2988
16156N,619.5,1475,56,56,0.42,"WRAP, FRIENDSHIP ON GREEN",0.0,0.0,0.0,0.0,619.5,0.0,0.0,0.42,11.0625,0.0031954009601550502,2989
84507C,639.74,435,73,70,2.708767123287671,BLUE CIRCLES DESIGN MONKEY DOLL,-20.4,10.0,3.0,3.0,619.34,0.03188795448150811,0.022988505747126436,1.4706666666666668,9.139142857142858,0.0031945756749998853,2990
21764,659.1500000000001,17,11,11,39.49545454545455,VINTAGE WOODEN PLATE RACK,-39.95,1.0,1.0,1.0,619.2,0.06060835925054995,0.058823529411764705,38.77352941176471,59.92272727272728,0.003193853550489116,2991
20655,618.5,420,197,189,1.7025888324873095,QUEEN OF SKIES LUGGAGE TAG,0.0,0.0,0.0,0.0,618.5,0.0,0.0,1.4726190476190477,3.2724867724867726,0.003190242927935268,2992
90199C,623.39,105,36,31,6.316111111111111,5 STRAND GLASS NECKLACE CRYSTAL,-6.35,1.0,1.0,1.0,617.04,0.010186239753605287,0.009523809523809525,5.937047619047619,20.109354838709677,0.003182712200894386,2993
23471,616.79,65,27,27,10.162592592592592,SIX DRAWER OFFICE TIDY,0.0,0.0,0.0,0.0,616.79,0.0,0.0,9.489076923076922,22.844074074074072,0.00318142269283944,2994
23180,621.09,122,49,49,5.939387755102041,MUM'S KITCHEN CLOCK,-4.95,1.0,1.0,1.0,616.14,0.007969859440660775,0.00819672131147541,5.0909016393442625,12.67530612244898,0.0031780699718965823,2995
23453,615.98,316,49,47,1.9883673469387753,OVAL  MINI PORTRAIT FRAME,0.0,0.0,0.0,0.0,615.98,0.0,0.0,1.9493037974683545,13.10595744680851,0.0031772446867414173,2996
72772,615.84,457,9,9,2.531111111111111,SET/4 SCENTED CANDLES IN RAMEKINS,0.0,0.0,0.0,0.0,615.84,0.0,0.0,1.3475711159737418,68.42666666666668,0.003176522562230648,2997
23408,644.8000000000001,310,59,59,2.08,PHOTO FRAME LINEN AND LACE SMALL,-29.12,14.0,3.0,3.0,615.6800000000001,0.04516129032258064,0.04516129032258064,2.08,10.928813559322036,0.003175697277075483,2998
18094C,616.91,446,100,98,1.8743,WHITE AND BLUE CERAMIC OIL BURNER,-1.25,1.0,1.0,1.0,615.66,0.0020262274886126016,0.002242152466367713,1.3832062780269057,6.295,0.0031755941164310865,2999
90198A,613.67,145,85,84,4.224117647058824,VINTAGE ROSE BEAD BRACELET RASPBERR,0.0,0.0,0.0,0.0,613.67,0.0,0.0,4.232206896551724,7.305595238095238,0.00316532963231372,3000
84859A,613.53,293,60,58,3.3916666666666666,SILVER DISCO HANDBAG,0.0,0.0,0.0,0.0,613.53,0.0,0.0,2.0939590443686007,10.578103448275861,0.003164607507802951,3001
16012,613.05,2925,85,83,0.20941176470588235,FOOD/DRINK SPONGE STICKERS,0.0,0.0,0.0,0.0,613.05,0.0,0.0,0.20958974358974358,7.386144578313252,0.0031621316523374548,3002
37351,612.5099999999999,5404,11,11,3.7536363636363634,ORANGE FLOWER MUG ,0.0,0.0,0.0,0.0,612.5099999999999,0.0,0.0,0.11334381939304217,55.68272727272726,0.0031593463149387725,3003
23018,612.1600000000001,51,21,21,12.900476190476192,LARGE APOTHECARY MEASURING JAR ,0.0,0.0,0.0,0.0,612.1600000000001,0.0,0.0,12.003137254901963,29.150476190476194,0.0031575410036618497,3004
22538,612.13,1445,87,86,0.5398850574712644,MINI JIGSAW GO TO THE FAIR,0.0,0.0,0.0,0.0,612.13,0.0,0.0,0.42361937716262976,7.117790697674419,0.003157386262695256,3005
79315W,611.51,199,13,13,4.3561538461538465,FLYING SAUCER TABLE LIGHT IN WHITE,0.0,0.0,0.0,0.0,611.51,0.0,0.0,3.0729145728643217,47.03923076923077,0.0031541882827189906,3006
35972,611.38,440,88,87,1.7579545454545453,DAISY FOLKART HEART DECORATION,0.0,0.0,0.0,0.0,611.38,0.0,0.0,1.3895,7.02735632183908,0.003153517738530419,3007
84051,611.38,750,62,60,0.8956451612903226,ASS COLOUR GLOWING TIARAS,0.0,0.0,0.0,0.0,611.38,0.0,0.0,0.8151733333333333,10.189666666666666,0.003153517738530419,3008
84858C,611.0699999999999,347,30,30,5.593999999999999,PINK RIVIERA HANDBAG,0.0,0.0,0.0,0.0,611.0699999999999,0.0,0.0,1.761008645533141,20.368999999999996,0.0031519187485422864,3009
gift_0001_30,610.09,24,24,24,25.420416666666668,Dotcomgiftshop Gift Voucher £30.00,0.0,0.0,0.0,0.0,610.09,0.0,0.0,25.420416666666668,25.420416666666668,0.0031468638769669008,3010
85028L,654.01,271,27,27,5.863333333333333,FRENCH CHATEAU LARGE FRUIT BOWL ,-45.9,26.0,2.0,2.0,608.11,0.07018241311294934,0.0959409594095941,2.413321033210332,24.22259259259259,0.0031366509731717315,3011
62096A,607.79,395,93,89,2.227311827956989,PINK/YELLOW FLOWERS HANDBAG,0.0,0.0,0.0,0.0,607.79,0.0,0.0,1.5387088607594936,6.829101123595505,0.0031350004028614007,3012
20694,622.33,166,55,54,4.398363636363636,FLORAL PINK MONSTER,-15.0,4.0,1.0,1.0,607.33,0.02410296787877814,0.024096385542168676,3.748975903614458,11.524629629629631,0.003132627708040301,3013
84932C,615.4,282,34,34,3.105882352941176,SMALL ORIENTAL BLUE FOLDING STOOL,-8.5,1.0,1.0,1.0,606.9,0.013812154696132598,0.0035460992907801418,2.1822695035460993,18.099999999999998,0.0031304097541857948,3014
21416,606.8100000000002,752,24,22,4.1049999999999995,CLAM SHELL LARGE,0.0,0.0,0.0,0.0,606.8100000000002,0.0,0.0,0.8069281914893619,27.582272727272734,0.0031299455312860155,3015
85169D,606.49,522,89,88,1.5106741573033706,PINK LOVE BIRD CANDLE,-1.25,1.0,1.0,1.0,605.24,0.0020610397533347624,0.0019157088122605363,1.1618582375478927,6.891931818181818,0.003121847420700957,3016
79190B,611.93,1503,138,136,0.5406521739130434,RETRO PLASTIC POLKA TRAY,-6.72,16.0,2.0,2.0,605.2099999999999,0.010981648227738467,0.010645375914836993,0.4071390552228875,4.499485294117647,0.003121692679734363,3017
23425,621.44,275,56,56,3.0989285714285715,STORAGE TIN HOME SWEET HOME,-17.43,7.0,3.0,3.0,604.0100000000001,0.028047760041194643,0.025454545454545455,2.2597818181818186,11.097142857142858,0.003115503041070625,3018
85017C,723.92,1092,122,119,0.8073770491803278,ENVELOPE 50 CURIOUS IMAGES,-120.96,288.0,1.0,1.0,602.9599999999999,0.16709028621947178,0.26373626373626374,0.6629304029304028,6.083361344537815,0.003110087107239853,3019
82011C,602.68,133,73,71,5.197123287671233,BATHROOM SCALES FOOTPRINTS IN SAND,0.0,0.0,0.0,0.0,602.68,0.0,0.0,4.531428571428571,8.488450704225352,0.0031086428582183146,3020
84932A,602.6,262,24,24,3.860416666666667,SMALL GREEN PEONY FOLDING STOOL,0.0,0.0,0.0,0.0,602.6,0.0,0.0,2.3000000000000003,25.108333333333334,0.0031082302156407323,3021
85028S,656.82,430,34,33,3.327058823529412,FRENCH CHATEAU SMALL FRUITBOWL,-54.9,38.0,2.0,2.0,601.9200000000001,0.08358454371060564,0.08837209302325581,1.5274883720930235,19.903636363636366,0.00310472275373128,3022
82095,600.91,100,48,48,6.192916666666666,HEART BUTTONS JEWELLERY BOX,0.0,0.0,0.0,0.0,600.91,0.0,0.0,6.0091,12.518958333333332,0.0030995131411892993,3023
23520,600.55,167,32,32,3.9675,EMBROIDERED RIBBON REEL RUBY ,0.0,0.0,0.0,0.0,600.55,0.0,0.0,3.5961077844311373,18.7671875,0.0030976562495901782,3024
17109D,601.69,1259,40,38,1.41325,FLOWER FAIRY INCENSE BOUQUET,-1.69,1.0,1.0,1.0,600.0,0.0028087553391281223,0.0007942811755361397,0.47791104050834,15.833947368421054,0.003094819331869298,3025
20863,601.53,293,50,50,2.4202,BLUE PATCH PENCIL CASE PINK HEART,-2.1,1.0,1.0,1.0,599.43,0.0034910977008628,0.0034129692832764505,2.053003412969283,12.0306,0.0030918792535040217,3026
85146,599.38,118,31,29,5.614516129032259,JARDIN ETCHED GLASS SMALL BELL JAR,0.0,0.0,0.0,0.0,599.38,0.0,0.0,5.0794915254237285,20.668275862068967,0.0030916213518930335,3027
84707B,636.94,81,53,51,8.65622641509434,PINK JEWELLED MIRROR TRINKET TRAY,-39.8,4.0,1.0,1.0,597.1400000000001,0.06248626244230225,0.04938271604938271,7.8634567901234576,12.489019607843138,0.0030800673597207217,3028
84846A,596.97,263,57,54,2.585964912280702,SCENTED CANDLE IN DIGITALIS TIN,0.0,0.0,0.0,0.0,596.97,0.0,0.0,2.2698479087452474,11.055,0.003079190494243358,3029
84563B,595.99,129,60,59,5.218666666666667,BLUE & WHITE BREAKFAST TRAY,0.0,0.0,0.0,0.0,595.99,0.0,0.0,4.620077519379845,10.101525423728814,0.0030741356226679714,3030
82605,595.07,268,126,125,2.3973809523809524,OLD DOC RUSSEL METAL SIGN,0.0,0.0,0.0,0.0,595.07,0.0,0.0,2.220410447761194,4.760560000000001,0.0030693902330257727,3031
21440,597.56,472,96,95,1.32875,12 MINI TOADSTOOL PEGS,-2.5,2.0,1.0,1.0,595.06,0.004183680299886204,0.00423728813559322,1.2660169491525421,6.290105263157894,0.003069338652703574,3032
22263,627.38,836,107,105,1.1693457943925232,FELT EGG COSY LADYBIRD ,-32.34,49.0,1.0,1.0,595.04,0.05154770633427907,0.05861244019138756,0.7504545454545455,5.975047619047619,0.003069235492059178,3033
84766,638.0,200,27,27,4.57962962962963,SILVER ROCOCO CANDLE STICK,-43.199999999999996,16.0,4.0,4.0,594.8,0.0677115987460815,0.08,3.19,23.62962962962963,0.003067997564326431,3034
85117,594.3199999999999,347,61,61,2.2267213114754094,NIGHTINGALE COATHOOK WHITE,0.0,0.0,0.0,0.0,594.3199999999999,0.0,0.0,1.7127377521613831,9.74295081967213,0.0030655217088609355,3035
72122,594.28,587,125,120,1.1312,COFFEE SCENT PILLAR CANDLE,0.0,0.0,0.0,0.0,594.28,0.0,0.0,1.0124020442930153,4.952333333333333,0.0030653153875721444,3036
84924A,593.5,139,65,62,4.804461538461538,WAKE UP COCKEREL CALENDAR SIGN ,0.0,0.0,0.0,0.0,593.5,0.0,0.0,4.26978417266187,9.57258064516129,0.003061292122440714,3037
16236,599.31,2666,271,260,0.3061623616236162,KITTY PENCIL ERASERS,-5.88,28.0,1.0,1.0,593.43,0.009811282975421736,0.010502625656414103,0.22479744936234056,2.3050384615384614,0.003060931060185329,3038
20849,593.03,674,24,24,4.047083333333333,ZINC HEART LATTICE DOUBLE PLANTER,0.0,0.0,0.0,0.0,593.03,0.0,0.0,0.8798664688427299,24.70958333333333,0.0030588678472974165,3039
85092,622.57,391,24,24,4.058333333333333,CANDY SPOT TEA COSY,-30.0,24.0,1.0,1.0,592.57,0.04818735242623319,0.061381074168797956,1.5922506393861895,25.940416666666668,0.003056495152476317,3040
20695,608.83,143,62,61,4.8466129032258065,FLORAL BLUE MONSTER,-17.0,4.0,2.0,2.0,591.83,0.027922408554111985,0.027972027972027972,4.257552447552448,9.980819672131148,0.0030526782086336777,3041
85113,591.6600000000001,285,49,48,2.310612244897959,POLKA DOT PISTACHIO PAIL,0.0,0.0,0.0,0.0,591.6600000000001,0.0,0.0,2.076,12.326250000000002,0.0030518013431563157,3042
21304,591.58,86,18,18,11.132222222222222,ARCHED GREY MIRROR,0.0,0.0,0.0,0.0,591.58,0.0,0.0,6.8788372093023264,32.86555555555556,0.0030513887005787325,3043
84963B,591.5,18,6,6,42.958333333333336,BLUE PAINTED KASHMIRI CHAIR,0.0,0.0,0.0,0.0,591.5,0.0,0.0,32.861111111111114,98.58333333333333,0.00305097605800115,3044
20689,614.1,429,41,41,6.176585365853659,RETRO SISTERS EXPRESSO CUPS,-23.4,12.0,1.0,1.0,590.7,0.038104543234000976,0.027972027972027972,1.4314685314685316,14.978048780487805,0.003046849632225324,3045
21322,590.45,301,14,14,4.9678571428571425,GLASS SPHERE CANDLE STAND LARGE ,0.0,0.0,0.0,0.0,590.45,0.0,0.0,1.9616279069767444,42.175000000000004,0.0030455601241703785,3046
21167,600.17,2495,118,114,0.3314406779661017,WHITE SAGE INCENSE,-10.5,50.0,1.0,1.0,589.67,0.017495043071129847,0.02004008016032064,0.24054909819639278,5.264649122807017,0.003041536859038948,3047
23377,592.4499999999999,1351,134,133,0.5607462686567164,PACK OF 12 DOLLY GIRL TISSUES,-3.12,8.0,1.0,1.0,589.3299999999999,0.005266267195543929,0.005921539600296077,0.4385270170244263,4.454511278195488,0.003039783128084222,3048
37444C,688.49,1657,57,54,4.649122807017544,PINK BREAKFAST CUP AND SAUCER ,-99.84,768.0,1.0,1.0,588.65,0.14501299946259205,0.46348823174411585,0.4155039227519614,12.749814814814815,0.0030362756661747705,3049
21256,588.64,326,65,65,2.422923076923077,"FRENCH BOTTLE, BRASSERIE DES ARTIST",0.0,0.0,0.0,0.0,588.64,0.0,0.0,1.8056441717791412,9.056,0.0030362240858525726,3050
21173,607.96,340,78,77,2.2123076923076925,LOO ROLL  METAL SIGN ,-19.8,12.0,1.0,1.0,588.1600000000001,0.0325679321007961,0.03529411764705882,1.7881176470588236,7.895584415584416,0.0030337482303870776,3051
21893,587.8,172,20,20,5.4975000000000005,POTTING SHED SEED TIN,0.0,0.0,0.0,0.0,587.8,0.0,0.0,3.417441860465116,29.389999999999997,0.0030318913387879557,3052
90010B,596.74,65,36,34,9.34361111111111,BLACK/WHITE GLASS/SILVER BRACELET,-8.95,1.0,1.0,1.0,587.79,0.014998156651137847,0.015384615384615385,9.180615384615384,17.551176470588235,0.003031839758465758,3053
84569B,588.43,458,79,76,1.4210126582278482,PACK 3 FIRE ENGINE/CAR PATCHES,-1.25,1.0,1.0,1.0,587.18,0.002124296857740088,0.002183406113537118,1.284781659388646,7.7425,0.0030286933588116907,3054
21223,587.08,492,44,43,1.4345454545454546,SET/4 BADGES WOODLAND ANIMAL,0.0,0.0,0.0,0.0,587.08,0.0,0.0,1.1932520325203253,13.653023255813954,0.003028177555589713,3055
84925D,680.0,453,27,26,2.3296296296296295,LA PALMIERA WALL THERMOMETER,-93.0,372.0,1.0,1.0,587.0,0.13676470588235295,0.8211920529801324,1.5011037527593818,26.153846153846153,0.00302776491301213,3056
23499,586.23,1312,113,110,0.4831858407079646,SET 12 VINTAGE DOILY CHALK ,0.0,0.0,0.0,0.0,586.23,0.0,0.0,0.44682164634146343,5.329363636363636,0.003023793228202898,3057
84934,586.5,687,13,13,0.9153846153846155,ASSTD DESIGN POP ART SLIM PEN,-0.85,1.0,1.0,1.0,585.65,0.0014492753623188406,0.001455604075691412,0.8537117903930131,45.11538461538461,0.003020801569515424,3058
90195A,629.9499999999999,75,46,44,8.704347826086956,PURPLE GEMSTONE BRACELET,-44.75,5.0,2.0,2.0,585.1999999999999,0.07103738391935868,0.06666666666666667,8.399333333333333,14.317045454545452,0.0030184804550165215,3059
85019C,663.94,426,26,25,3.420769230769231,CURIOUS  IMAGES NOTEBOOK SET,-81.0,36.0,2.0,2.0,582.94,0.12199897581106725,0.08450704225352113,1.5585446009389672,26.5576,0.0030068233021998147,3060
85230B,581.92,2192,71,68,0.2787323943661972,CINNAMON SCENTED VOTIVE CANDLE,0.0,0.0,0.0,0.0,581.92,0.0,0.0,0.2654744525547445,8.557647058823528,0.0030015621093356366,3061
21016,582.85,834,87,82,0.9679310344827585,LIGHT BIRD HOUSE TREE DECORATION,-1.68,4.0,1.0,1.0,581.1700000000001,0.0028823882645620654,0.004796163069544364,0.6988609112709833,7.107926829268293,0.0029976935851708003,3062
23537,581.13,111,34,34,6.9405882352941175,WALL ART I LOVE LONDON ,0.0,0.0,0.0,0.0,581.13,0.0,0.0,5.235405405405405,17.092058823529413,0.0029974872638820083,3063
23565,586.31,410,63,63,1.8453968253968254,EGG CUP MILKMAID HELGA ,-6.25,5.0,2.0,2.0,580.06,0.010659889819378827,0.012195121951219513,1.4300243902439023,9.306507936507936,0.0029919681694068417,3064
16238,579.68,2523,246,236,0.3113821138211382,PARTY TIME PENCIL ERASERS,0.0,0.0,0.0,0.0,579.68,0.0,0.0,0.2297582243361078,2.4562711864406777,0.0029900081171633243,3065
84682,596.94,295,51,49,3.3329411764705887,CLASSICAL ROSE DISH,-17.700000000000003,6.0,3.0,3.0,579.24,0.02965122122826415,0.020338983050847456,2.0235254237288136,12.182448979591838,0.0029877385829866205,3066
47469,594.28,1220,36,29,0.6308333333333334,ASSORTED SHAPES PHOTO CLIP SILVER ,-15.6,24.0,1.0,1.0,578.68,0.02625025240627314,0.019672131147540985,0.48711475409836064,20.49241379310345,0.002984850084943542,3067
21419,577.6899999999999,1259,19,19,4.353157894736842,CONCH SHELL,0.0,0.0,0.0,0.0,577.6899999999999,0.0,0.0,0.4588482922954725,30.40473684210526,0.0029797436330459576,3068
47421,582.78,1487,82,74,0.41487804878048773,ASSORTED COLOUR LIZARD SUCTION HOOK,-6.72,16.0,1.0,1.0,576.06,0.011530937918253886,0.010759919300605245,0.39191661062542027,7.875405405405405,0.002971336040527713,3069
21553,581.27,90,39,39,7.881282051282051,CERAMIC BIRDHOUSE FINCH BLUE  LARGE,-5.95,1.0,1.0,1.0,575.3199999999999,0.010236206926213293,0.011111111111111112,6.458555555555555,14.904358974358974,0.002967519096685074,3070
23125,574.88,459,38,38,1.9131578947368422,6PC WOOD PLATE SET DISPOSABLE,0.0,0.0,0.0,0.0,574.88,0.0,0.0,1.2524618736383442,15.128421052631579,0.0029652495625083703,3071
84932D,574.71,239,21,21,4.629047619047619,SMALL ORIENTAL RED FOLDING STOOL,0.0,0.0,0.0,0.0,574.71,0.0,0.0,2.404644351464435,27.36714285714286,0.0029643726970310074,3072
17013D,575.76,1069,32,31,1.76,ORIGAMI ROSE INCENSE IN TUBE,-1.57,1.0,1.0,1.0,574.1899999999999,0.0027268306238710576,0.0009354536950420954,0.5385968194574369,18.572903225806453,0.00296169052027672,3073
85169B,571.68,481,100,93,1.5204,BLACK LOVE BIRD CANDLE,0.0,0.0,0.0,0.0,571.68,0.0,0.0,1.1885239085239083,6.147096774193548,0.002948743859405067,3074
22044,575.48,2000,93,89,0.3282795698924731,CHRISTMAS CARD STACK OF PRESENTS,-5.46,13.0,2.0,2.0,570.02,0.009487731980259956,0.0065,0.28774,6.466067415730337,0.002940181525920229,3075
23455,569.4300000000001,207,36,35,2.867777777777778,SMALL PARLOUR PICTURE FRAME,0.0,0.0,0.0,0.0,569.4300000000001,0.0,0.0,2.750869565217392,16.269428571428573,0.002937138286910558,3076
85086A,568.73,587,153,152,1.1639869281045752,CANDY SPOT HEART DECORATION,0.0,0.0,0.0,0.0,568.73,0.0,0.0,0.9688756388415674,3.7416447368421055,0.00293352766435671,3077
84569C,584.93,415,89,89,1.792696629213483,PACK 4 FLOWER/BUTTERFLY PATCHES,-16.25,13.0,2.0,2.0,568.68,0.027781102012206592,0.03132530120481928,1.4094698795180722,6.572247191011235,0.0029332697627457204,3078
23219,568.6,430,64,61,1.52765625,LAUREL STAR ANTIQUE SILVER ,0.0,0.0,0.0,0.0,568.6,0.0,0.0,1.322325581395349,9.321311475409836,0.0029328571201681385,3079
47559b,568.58,171,46,44,3.292608695652174,TEA TIME OVEN GLOVE,0.0,0.0,0.0,0.0,568.58,0.0,0.0,3.325029239766082,12.922272727272729,0.0029327539595237428,3080
84806B,568.02,450,32,32,1.3784375,WHITE CANDYSTUFT ARTIFICIAL FLOWER,0.0,0.0,0.0,0.0,568.02,0.0,0.0,1.2622666666666666,17.750625,0.0029298654614806647,3081
84876D,615.52,335,36,35,3.5908333333333338,BLUE HEART COMPACT MIRROR,-47.5,14.0,2.0,2.0,568.02,0.0771705224850533,0.041791044776119404,1.8373731343283581,17.586285714285715,0.0029298654614806647,3082
85014b,567.74,45,39,35,12.60051282051282,RED RETROSPOT UMBRELLA,0.0,0.0,0.0,0.0,567.74,0.0,0.0,12.616444444444445,16.22114285714286,0.0029284212124591254,3083
85202,577.65,1217,221,208,0.584027149321267,HANGING WOOD AND FELT HEART,-10.08,24.0,1.0,1.0,567.5699999999999,0.017450012983640614,0.01972062448644207,0.47465078060805255,2.7771634615384615,0.002927544346981762,3084
16169C,567.0,1350,43,43,0.42,WRAP BLUE REINDEER,0.0,0.0,0.0,0.0,567.0,0.0,0.0,0.42,13.186046511627907,0.0029246042686164866,3085
85071D,564.16,890,115,112,1.293391304347826,CHARLIE+LOLA MY ROOM DOOR SIGN,0.0,0.0,0.0,0.0,564.16,0.0,0.0,0.6338876404494381,5.0371428571428565,0.002909955457112305,3086
20781,596.4,106,63,61,6.3500000000000005,GOLD EAR MUFF HEADPHONES,-32.94,6.0,3.0,3.0,563.46,0.055231388329979876,0.05660377358490566,5.626415094339622,9.777049180327868,0.002906344834558458,3087
84773,569.35,193,50,48,2.95,RED ROSE AND LACE C/COVER,-5.9,2.0,2.0,2.0,563.45,0.010362694300518135,0.010362694300518135,2.95,11.861458333333333,0.0029062932542362604,3088
21881,563.4,1345,120,118,0.8299166666666667,CUTE CATS TAPE,0.0,0.0,0.0,0.0,563.4,0.0,0.0,0.41888475836431227,4.77457627118644,0.002906035352625271,3089
47583A,612.8199999999999,71,6,6,26.30333333333333,SET OF 3 WICKER BASKET ROSE,-49.9,2.0,2.0,2.0,562.92,0.08142684638229823,0.028169014084507043,8.631267605633802,102.13666666666666,0.002903559497159775,3090
23381,562.88,1496,81,80,0.4760493827160494,PACK OF 12 VINTAGE LEAF TISSUES ,0.0,0.0,0.0,0.0,562.88,0.0,0.0,0.37625668449197863,7.036,0.002903353175870984,3091
23272,562.22,364,44,44,1.916818181818182,TREE T-LIGHT HOLDER WILLIE WINKIE,0.0,0.0,0.0,0.0,562.22,0.0,0.0,1.5445604395604395,12.777727272727274,0.002899948874605928,3092
90143,614.7,81,43,41,7.64093023255814,SILVER BRACELET W PASTEL FLOWER,-52.5,7.0,2.0,2.0,562.2,0.08540751586139579,0.08641975308641975,7.5888888888888895,14.99268292682927,0.0028998457139615325,3093
37345,561.05,321,9,9,4.038888888888889,ASSTD HEARTS DESIGN MUGS,0.0,0.0,0.0,0.0,561.05,0.0,0.0,1.7478193146417444,62.33888888888888,0.0028939139769087827,3094
16049,560.48,3169,32,32,0.381875,TEATIME GEL PENS ASST,0.0,0.0,0.0,0.0,560.48,0.0,0.0,0.1768633638371726,17.515,0.002890973898543507,3095
85020,558.69,251,61,58,2.58327868852459,ROUND PINK HEART MIRROR,0.0,0.0,0.0,0.0,558.69,0.0,0.0,2.2258565737051796,9.632586206896553,0.0028817410208700975,3096
84306,557.4799999999999,48,31,31,12.064193548387097,S/3 PINK SQUARE PLANTERS ROSES,0.0,0.0,0.0,0.0,557.4799999999999,0.0,0.0,11.614166666666664,17.98322580645161,0.00287549980188416,3097
20935,574.48,300,47,46,3.0772340425531914,ROUND CACTUS CANDLE,-17.700000000000003,6.0,1.0,1.0,556.78,0.030810472079097623,0.02,1.9149333333333334,12.488695652173913,0.002871889179330313,3098
23069,556.21,88,32,32,6.4440625,EDWARDIAN PHOTO FRAME,0.0,0.0,0.0,0.0,556.21,0.0,0.0,6.3205681818181825,17.3815625,0.0028689491009650375,3099
35922,575.99,97,36,36,7.111666666666666,EASTER BUNNY WREATH,-19.8,4.0,1.0,1.0,556.19,0.03437559679855553,0.041237113402061855,5.938041237113402,15.999722222222223,0.0028688459403206417,3100
23451,556.17,277,53,52,2.273396226415094,SQUARE MINI PORTRAIT FRAME,0.0,0.0,0.0,0.0,556.17,0.0,0.0,2.0078339350180503,10.695576923076922,0.0028687427796762455,3101
21371,556.01,404,64,64,2.59578125,MIRRORED WALL ART POPPIES,0.0,0.0,0.0,0.0,556.01,0.0,0.0,1.3762623762376238,8.68765625,0.002867917494521081,3102
20838,565.8,446,63,63,1.9461904761904762,FRENCH LATTICE CUSHION COVER ,-10.2,12.0,1.0,1.0,555.5999999999999,0.018027571580063628,0.026905829596412557,1.268609865470852,8.980952380952381,0.0028658027013109696,3103
23016,575.25,74,24,24,8.714583333333332,GLASS TWIST BON BON JAR,-19.950000000000003,3.0,1.0,1.0,555.3,0.034680573663624516,0.04054054054054054,7.773648648648648,23.96875,0.002864255291645035,3104
85169C,569.33,506,72,71,1.388472222222222,EAU DE NIL LOVE BIRD CANDLE,-15.0,12.0,1.0,1.0,554.33,0.026346758470482845,0.023715415019762844,1.1251581027667985,8.018732394366198,0.0028592520003918468,3105
85129A,569.16,444,80,75,1.427,"WHITE PEARL BEADED HEART, SMALL",-15.0,12.0,1.0,1.0,554.16,0.02635462787265444,0.02702702702702703,1.2818918918918918,7.5888,0.0028583751349144835,3106
90120D,554.13,134,40,40,4.20025,WHITE MURANO TWIST BRACELET,0.0,0.0,0.0,0.0,554.13,0.0,0.0,4.135298507462687,13.85325,0.0028582203939478902,3107
84859C,552.72,304,40,39,3.041,PINK DISCO HANDBAG,0.0,0.0,0.0,0.0,552.72,0.0,0.0,1.8181578947368422,14.172307692307694,0.0028509475685179974,3108
23473,552.02,678,51,51,0.9533333333333333,WOODLAND SMALL RED FELT HEART,0.0,0.0,0.0,0.0,552.02,0.0,0.0,0.814188790560472,10.823921568627451,0.0028473369459641497,3109
84805B,551.4000000000001,340,9,9,2.461111111111111,BLUE CLIMBING HYDRANGA ART FLOWER,0.0,0.0,0.0,0.0,551.4000000000001,0.0,0.0,1.6217647058823532,61.26666666666668,0.0028441389659878856,3110
84509c,550.98,73,48,44,7.553333333333334,SET OF 4 POLKADOT PLACEMATS ,0.0,0.0,0.0,0.0,550.98,0.0,0.0,7.547671232876713,12.522272727272728,0.0028419725924555763,3111
20794,596.0799999999999,213,50,48,3.4747999999999997,BLUE  TILE HOOK,-45.9,18.0,4.0,4.0,550.18,0.07700308683398202,0.08450704225352113,2.798497652582159,12.418333333333331,0.0028378461666797505,3112
23457,549.88,112,31,31,5.109354838709678,LARGE PARLOUR PICTURE FRAME,0.0,0.0,0.0,0.0,549.88,0.0,0.0,4.909642857142857,17.738064516129032,0.0028362987570138163,3113
47021G,549.52,716,73,70,2.225753424657534,SET/6 BEAD COASTERS GAUZE BAG GOLD,0.0,0.0,0.0,0.0,549.52,0.0,0.0,0.767486033519553,7.850285714285714,0.0028344418654146944,3114
37423,843.88,6168,70,70,1.330285714285714,WHITE WITH BLACK CATS PLATE,-295.2,2952.0,1.0,1.0,548.6800000000001,0.3498127695880931,0.4785992217898833,0.13681582360570688,12.055428571428571,0.002830109118350078,3115
84683,549.36,562,51,46,1.6470588235294117,CLASSICAL ROSE CANDLESTAND,-1.25,1.0,1.0,1.0,548.11,0.002275374981797,0.0017793594306049821,0.977508896797153,11.942608695652174,0.0028271690399848015,3117
84675,571.71,206,62,62,3.6961290322580647,FROG KING WATERING CAN,-23.6,8.0,2.0,2.0,548.11,0.0412796697626419,0.038834951456310676,2.7752912621359225,9.221129032258066,0.0028271690399848015,3116
23549,548.1,1305,52,52,0.42,WRAP BIRD GARDEN ,0.0,0.0,0.0,0.0,548.1,0.0,0.0,0.42000000000000004,10.540384615384616,0.002827117459662604,3118
20888,547.74,367,19,19,3.8852631578947374,SET 3 JARDIN DE FEMME SCENT CANDLES,0.0,0.0,0.0,0.0,547.74,0.0,0.0,1.4924795640326975,28.82842105263158,0.0028252605680634825,3119
23484,547.35,185,36,35,3.673333333333334,HEART TRELLIS TRIPLE T-LIGHT HOLDER,0.0,0.0,0.0,0.0,547.35,0.0,0.0,2.9586486486486487,15.63857142857143,0.0028232489354977673,3120
90175D,545.72,60,42,41,9.12452380952381,TIGRIS EYE CHUNKY CHARM BRACELET,0.0,0.0,0.0,0.0,545.72,0.0,0.0,9.095333333333334,13.310243902439025,0.002814841342979522,3121
85129C,545.24,417,69,65,1.6097101449275362,BEADED CRYSTAL HEART BLUE SMALL,0.0,0.0,0.0,0.0,545.24,0.0,0.0,1.3075299760191847,8.388307692307693,0.002812365487514027,3122
21339,544.5,30,13,12,19.257692307692306,MARAKESH LANTERN LARGE,0.0,0.0,0.0,0.0,544.5,0.0,0.0,18.15,45.375,0.002808548543671388,3123
21311,552.27,707,98,94,1.5860204081632654,SET/4 BIRD MIRROR MAGNETS ,-7.83,27.0,2.0,2.0,544.4399999999999,0.014177847791840947,0.03818953323903819,0.7811456859971712,5.875212765957446,0.0028082390617382006,3124
85119,570.84,414,41,39,1.757073170731707,WATERING CAN SINGLE HOOK PISTACHIO,-27.04,16.0,2.0,2.0,543.8000000000001,0.04736878985354915,0.03864734299516908,1.378840579710145,14.636923076923077,0.0028049379211175407,3125
23043,543.51,81,23,23,7.33,PAPER LANTERN 9 POINT HOLLY STAR L,0.0,0.0,0.0,0.0,543.51,0.0,0.0,6.71,23.63086956521739,0.0028034420917738036,3126
35969,542.47,523,76,76,1.9160526315789475,FOLKART CROWN TABLE DECORATIONS,0.0,0.0,0.0,0.0,542.47,0.0,0.0,1.0372275334608032,7.137763157894737,0.00279807773826523,3127
84596K,543.41,428,93,93,1.4280645161290322,JELLY BABIES YELLOW SMALL BOWL,-1.25,1.0,1.0,1.0,542.16,0.002300288916287886,0.002336448598130841,1.2696495327102804,5.843118279569892,0.0027964787482770976,3128
21373,548.89,636,61,61,1.2465573770491802,MIRRORED WALL ART SNOWFLAKES,-9.0,12.0,1.0,1.0,539.89,0.01639672794184627,0.018867924528301886,0.8630345911949685,8.998196721311475,0.002784770015138192,3129
20943,540.21,381,71,71,1.6716901408450704,SET/6 GINGERBREAD STAR T-LIGHTS,-1.25,1.0,1.0,1.0,538.96,0.002313914958997427,0.0026246719160104987,1.4178740157480316,7.608591549295775,0.002779973045173795,3130
16048,537.06,3461,106,105,0.40254716981132077,TEATIME ROUND PENCIL SHARPENER ,0.0,0.0,0.0,0.0,537.06,0.0,0.0,0.15517480496966193,5.114857142857143,0.0027701727839562085,3131
84592,536.4000000000001,173,47,47,3.443829787234043,CROCHET ROSE PURSE WITH SUEDE BACK,0.0,0.0,0.0,0.0,536.4000000000001,0.0,0.0,3.1005780346820813,11.41276595744681,0.002766768482691153,3132
84414B,536.24,78,9,9,13.965555555555556,FUSCHIA/GREEN STRIPE WOOLLY BLANKET,0.0,0.0,0.0,0.0,536.24,0.0,0.0,6.874871794871795,59.58222222222222,0.0027659431975359874,3133
21017,535.89,659,87,87,1.354942528735632,RED BIRD HOUSE TREE DECORATION,0.0,0.0,0.0,0.0,535.89,0.0,0.0,0.8131866464339909,6.159655172413793,0.0027641378862590634,3134
84661B,535.28,244,52,51,3.268653846153846,BLACK SQUARE TABLE CLOCK,0.0,0.0,0.0,0.0,535.28,0.0,0.0,2.1937704918032788,10.495686274509803,0.0027609914866049963,3135
23074,547.27,246,48,48,2.623125,EMBOSSED HEART TRINKET BOX,-12.48,6.0,1.0,1.0,534.79,0.022804100352659566,0.024390243902439025,2.2246747967479674,11.401458333333332,0.002758464050817303,3136
20659,534.76,370,141,138,1.571631205673759,ECONOMY LUGGAGE TAG,0.0,0.0,0.0,0.0,534.76,0.0,0.0,1.4452972972972973,3.8750724637681158,0.0027583093098507098,3137
23398,535.35,606,75,69,1.0450666666666666,HANGING HEART BONHEUR,-0.85,1.0,1.0,1.0,534.5,0.0015877463341739048,0.0016501650165016502,0.8834158415841584,7.758695652173913,0.0027569682214735663,3138
22394,549.35,347,56,55,2.585892857142857,PAPERWEIGHT KINGS CHOICE ,-15.3,6.0,1.0,1.0,534.0500000000001,0.02785109675070538,0.01729106628242075,1.5831412103746398,9.988181818181818,0.0027546471069746646,3139
20653,533.79,2006,83,81,1.4079518072289157,CHERRY BLOSSOM LUGGAGE TAG,0.0,0.0,0.0,0.0,533.79,0.0,0.0,0.2660967098703888,6.59,0.0027533060185975207,3140
21943,532.48,593,151,149,1.110794701986755,CAKES AND RABBITS DESIGN FLANNEL ,0.0,0.0,0.0,0.0,532.48,0.0,0.0,0.8979426644182125,3.573691275167785,0.002746548996389607,3141
84984B,541.3,322,16,16,4.2,RED PEONY CUSHION COVER ,-9.3,2.0,1.0,1.0,532.0,0.017180860890448922,0.006211180124223602,1.6810559006211179,33.83125,0.002744073140924111,3142
71270,531.65,375,85,81,1.6551764705882352,PHOTO CLIP LINE,0.0,0.0,0.0,0.0,531.65,0.0,0.0,1.4177333333333333,6.56358024691358,0.0027422678296471874,3143
72801C,546.36,720,57,56,1.3659649122807018,4 ROSE PINK DINNER CANDLES,-15.0,12.0,1.0,1.0,531.36,0.02745442565341533,0.016666666666666666,0.7588333333333334,9.756428571428572,0.0027407720003034507,3144
71143,532.02,356,103,99,2.001165048543689,SILVER BOOK MARK WITH BEADS,-0.85,1.0,1.0,1.0,531.17,0.0015976842975827976,0.0028089887640449437,1.494438202247191,5.373939393939394,0.0027397919741816916,3145
72267,530.16,265,46,45,2.175869565217391,PREMIUM CHURCH CANDLE,0.0,0.0,0.0,0.0,530.16,0.0,0.0,2.0006037735849054,11.781333333333333,0.0027345823616397114,3146
84827,530.09,1089,34,29,0.5629411764705883,ASS DES PHONE SPONGE CRAFT STICKER,0.0,0.0,0.0,0.0,530.09,0.0,0.0,0.4867676767676768,18.27896551724138,0.0027342212993843274,3147
21403,529.02,2326,159,157,0.3406918238993711,BLUE EGG  SPOON,0.0,0.0,0.0,0.0,529.02,0.0,0.0,0.22743766122098022,3.3695541401273883,0.0027287022049091603,3148
23060,528.1700000000001,249,44,42,2.2197727272727272,HEART BEADED TRELLIS DECORATION,0.0,0.0,0.0,0.0,528.1700000000001,0.0,0.0,2.1211646586345383,12.575476190476191,0.0027243178775223456,3149
85039C,531.21,545,120,114,1.7115,S/4 BLACK MINI ROSE CANDLE IN BOWL,-3.3,2.0,2.0,2.0,527.9100000000001,0.0062122324504433266,0.003669724770642202,0.9746972477064221,4.659736842105263,0.0027229767891452025,3150
21160,557.49,794,58,58,1.5117241379310344,KEEP OUT GIRLS DOOR HANGER ,-30.259999999999998,74.0,3.0,3.0,527.23,0.0542790005201887,0.09319899244332494,0.7021284634760705,9.611896551724138,0.00271946932723575,3151
90203,534.27,71,34,34,7.547941176470588,SILVER CHARM NECKLACE 70CM,-7.5,1.0,1.0,1.0,526.77,0.014037846032904712,0.014084507042253521,7.524929577464788,15.713823529411764,0.00271709663241465,3152
21418,533.84,194,67,66,3.4825373134328355,STARFISH SOAP DISH,-7.649999999999999,3.0,1.0,1.0,526.19,0.01433013637044807,0.015463917525773196,2.751752577319588,8.08848484848485,0.0027141049737271767,3153
85023B,682.35,293,38,38,2.526315789473684,EAU DE NILE JEWELLED PHOTOFRAME,-156.3,74.0,3.0,3.0,526.05,0.22906133216091448,0.2525597269624573,2.3288395904436863,17.95657894736842,0.002713382849216407,3154
84875B,526.01,377,41,40,2.0073170731707317,GREEN SQUARE COMPACT MIRROR,0.0,0.0,0.0,0.0,526.01,0.0,0.0,1.3952519893899205,13.15025,0.002713176527927616,3155
16168M,525.01,1713,104,101,0.5951923076923077,FUNKY MONKEY GIFT BAG MEDIUM,0.0,0.0,0.0,0.0,525.01,0.0,0.0,0.3064856976065382,5.198118811881188,0.0027080184957078337,3156
16169P,533.75,1750,48,48,0.3577083333333333,WRAP GREEN RUSSIAN FOLKART ,-10.5,25.0,1.0,1.0,523.25,0.019672131147540985,0.014285714285714285,0.305,11.119791666666666,0.002698940359001017,3157
72728,523.15,643,55,54,0.8452727272727273,ROSE SCENT CANDLES IN GLASS,0.0,0.0,0.0,0.0,523.15,0.0,0.0,0.8136080870917574,9.687962962962963,0.0026984245557790387,3158
22861,522.93,305,50,50,2.0107999999999997,EASTER TIN CHICKS IN GARDEN,0.0,0.0,0.0,0.0,522.93,0.0,0.0,1.7145245901639343,10.458599999999999,0.002697289788690687,3159
85226C,522.3100000000001,989,84,83,0.7651190476190476,BLUE PULL BACK RACING CAR,0.0,0.0,0.0,0.0,522.3100000000001,0.0,0.0,0.5281193124368049,6.292891566265061,0.0026940918087144223,3160
90160D,529.22,76,25,25,6.9764,PINK BOUDICCA LARGE BRACELET,-6.95,1.0,1.0,1.0,522.27,0.013132534673670685,0.013157894736842105,6.963421052631579,21.1688,0.0026938854874256303,3161
85090,559.28,106,54,53,5.87925925925926,CANDY SPOT APRON,-37.2,8.0,3.0,3.0,522.0799999999999,0.06651408954369906,0.07547169811320754,5.27622641509434,10.55245283018868,0.0026929054613038716,3162
46118,522.05,374,74,72,3.101486486486486,FUNKY MONKEY CUSHION COVER,0.0,0.0,0.0,0.0,522.05,0.0,0.0,1.395855614973262,7.250694444444444,0.0026927507203372784,3163
85179A,534.34,221,73,70,3.367123287671233,GREEN BITTY LIGHT CHAIN,-13.95,3.0,1.0,1.0,520.39,0.026106973088295838,0.013574660633484163,2.4178280542986426,7.6334285714285715,0.00268418838685244,3164
23336,519.25,225,86,85,2.604418604651163,EGG FRYING PAN PINK ,0.0,0.0,0.0,0.0,519.25,0.0,0.0,2.307777777777778,6.108823529411764,0.0026783082301218885,3165
90114,519.1999999999999,207,113,111,2.4900884955752214,SUMMER DAISIES BAG CHARM,0.0,0.0,0.0,0.0,519.1999999999999,0.0,0.0,2.508212560386473,4.677477477477477,0.002678050328510899,3166
20868,518.07,882,71,71,0.9214084507042254,SILVER FABRIC MIRROR,0.0,0.0,0.0,0.0,518.07,0.0,0.0,0.5873809523809524,7.296760563380283,0.0026722217521025454,3167
84657,517.48,246,20,20,4.4990000000000006,GREEN ROSE CUSHION COVER,0.0,0.0,0.0,0.0,517.48,0.0,0.0,2.1035772357723577,25.874000000000002,0.002669178513092874,3168
84970l,516.96,247,71,65,2.1011267605633805,SINGLE HEART ZINC T-LIGHT HOLDER,0.0,0.0,0.0,0.0,516.96,0.0,0.0,2.092955465587045,7.95323076923077,0.0026664963363385876,3169
84706D,518.0899999999999,221,17,16,5.017058823529411,CHERRY BLOSSOM TABLE CLOCK ,-1.95,1.0,1.0,1.0,516.1399999999999,0.003763824818081801,0.004524886877828055,2.3442986425339365,32.380624999999995,0.002662266749918365,3170
20823,533.71,253,19,19,3.6510526315789478,GOLD WINE GOBLET,-18.6,4.0,1.0,1.0,515.11,0.03485038691424182,0.015810276679841896,2.109525691699605,28.090000000000003,0.0026569539767319905,3171
84931A,513.69,204,82,82,2.7070731707317073,PINK SCOTTIE DOG W FLOWER PATTERN,0.0,0.0,0.0,0.0,513.69,0.0,0.0,2.518088235294118,6.264512195121952,0.0026496295709798998,3172
72807c,511.98,60,44,44,8.494545454545454,SET/3 VANILLA SCENTED CANDLE IN BOX,0.0,0.0,0.0,0.0,511.98,0.0,0.0,8.533,11.635909090909092,0.002640809335884072,3173
23136,511.89,135,49,49,4.034081632653061,IVORY WIRE SWEETHEART LETTER TRAY,0.0,0.0,0.0,0.0,511.89,0.0,0.0,3.7917777777777775,10.44673469387755,0.0026403451129842917,3174
23139,528.6999999999999,414,28,27,1.6128571428571428,SINGLE WIRE HOOK PINK HEART,-17.4,12.0,1.0,1.0,511.29999999999995,0.032910913561566106,0.028985507246376812,1.2770531400966183,19.58148148148148,0.00263730187397462,3175
84989B,510.15,1009,57,57,0.6828070175438596,75 BLACK FAIRY CAKE CASES,0.0,0.0,0.0,0.0,510.15,0.0,0.0,0.505599603567889,8.95,0.0026313701369218706,3176
20804,579.3100000000001,325,61,61,2.6788524590163934,GLASS CHICKEN BUTTER DISH,-69.6,48.0,1.0,1.0,509.71000000000004,0.12014292865650512,0.1476923076923077,1.7824923076923078,9.496885245901641,0.002629100602745167,3177
79337,511.93,1200,22,21,1.055,BLUE FLOCK GLASS CANDLEHOLDER,-2.28,6.0,1.0,1.0,509.65000000000003,0.004453733908932862,0.005,0.4266083333333333,24.37761904761905,0.00262879112081198,3178
35810B,519.8100000000001,326,69,68,2.278695652173913,ENAMEL BLUE RIM COFFEE CONTAINER,-10.790000000000001,13.0,2.0,2.0,509.02000000000004,0.020757584502029587,0.03987730061349693,1.594509202453988,7.644264705882354,0.002625541560513517,3179
23660,534.66,306,42,42,2.2404761904761905,HENRIETTA HEN MUG ,-26.4,16.0,4.0,4.0,508.26,0.049377174278981036,0.05228758169934641,1.7472549019607841,12.729999999999999,0.0026216214560264824,3180
84915,507.83,241,41,37,4.557317073170732,HAND TOWEL PINK FLOWER AND DAISY,0.0,0.0,0.0,0.0,507.83,0.0,0.0,2.1071784232365145,13.725135135135135,0.002619403502171976,3181
35967,507.59,966,117,112,0.7929059829059829,FOLK ART METAL STAR T-LIGHT HOLDER,-0.38,1.0,1.0,1.0,507.21,0.0007486357099233634,0.0010351966873706005,0.525455486542443,4.5320535714285715,0.002616205522195711,3182
21734,529.49,97,30,29,5.727666666666667,SMALL MARAKESH LANTERN ON STICK,-22.5,6.0,3.0,3.0,506.99,0.04249372037243385,0.061855670103092786,5.458659793814433,18.258275862068967,0.002615070755107359,3183
84615,748.48,240,21,21,5.614285714285714,PINK ROUND BUTTERFLY MIRROR ,-241.68,38.0,1.0,1.0,506.8,0.322894399315947,0.15833333333333333,3.118666666666667,35.64190476190476,0.0026140907289856005,3184
84842,744.15,1505,35,35,4.434571428571429,HELLO SAILOR BATHROOM SET,-237.6,720.0,1.0,1.0,506.54999999999995,0.31929046563192903,0.47840531561461797,0.4944518272425249,21.26142857142857,0.002612801220930655,3185
21882,505.65000000000003,1060,125,119,0.77936,SKULLS TAPE,0.0,0.0,0.0,0.0,505.65000000000003,0.0,0.0,0.47702830188679246,4.249159663865546,0.002608158991932851,3186
20654,505.41,398,121,120,1.3760330578512396,FIRST CLASS LUGGAGE TAG ,0.0,0.0,0.0,0.0,505.41,0.0,0.0,1.2698743718592966,4.21175,0.0026069210642001035,3187
20753,509.0,218,56,56,2.6607142857142856,RETRO PINK SPOT WASHING UP GLOVES,-4.2,2.0,1.0,1.0,504.8,0.00825147347740668,0.009174311926605505,2.334862385321101,9.089285714285714,0.0026037746645460364,3188
22541,504.77,1246,68,66,0.5633823529411766,MINI JIGSAW LEAP FROG,0.0,0.0,0.0,0.0,504.77,0.0,0.0,0.4051123595505618,7.6480303030303025,0.0026036199235794427,3189
37352,504.55,4643,8,8,1.10625,BIRD IN TREE MUG ,0.0,0.0,0.0,0.0,504.55,0.0,0.0,0.10866896403187594,63.06875,0.002602485156491091,3190
90010E,539.01,60,36,35,8.924166666666666,AMBER GLASS/SILVER BRACELET,-35.8,4.0,1.0,1.0,503.21,0.0664180627446615,0.06666666666666667,8.9835,15.400285714285713,0.0025955733933165823,3191
20845,502.27,76,24,24,7.169583333333333,ZINC HEART LATTICE 2 WALL PLANTER,0.0,0.0,0.0,0.0,502.27,0.0,0.0,6.608815789473684,20.927916666666665,0.0025907248430299874,3192
21117,502.08000000000004,328,26,26,1.912692307692308,BLOND DOLL DOORSTOP,0.0,0.0,0.0,0.0,502.08000000000004,0.0,0.0,1.5307317073170732,19.310769230769232,0.002589744816908229,3193
90014A,502.01,55,40,40,9.677249999999999,SILVER/MOP ORBIT NECKLACE,0.0,0.0,0.0,0.0,502.01,0.0,0.0,9.127454545454546,12.55025,0.002589383754652844,3194
84877B,504.43,291,43,43,2.682093023255814,GREEN ROUND COMPACT MIRROR,-2.5,2.0,1.0,1.0,501.93,0.004956089051008069,0.006872852233676976,1.7334364261168385,11.730930232558139,0.0025889711120752616,3195
84218,503.51,261,98,96,2.0510204081632653,BOX/12 CHICK & EGG IN BASKET,-1.95,1.0,1.0,1.0,501.56,0.0038728128537665585,0.0038314176245210726,1.9291570881226052,5.2448958333333335,0.002587062640153942,3196
23021,500.82000000000005,120,27,27,4.441851851851852,GLASS BONNE JAM JAR,0.0,0.0,0.0,0.0,500.82000000000005,0.0,0.0,4.173500000000001,18.54888888888889,0.0025832456963113034,3197
23560,499.18,172,26,26,3.543846153846154,SET OF 6 RIBBONS COUNTRY STYLE,0.0,0.0,0.0,0.0,499.18,0.0,0.0,2.9022093023255815,19.19923076923077,0.0025747865234708603,3198
84804B,501.9700000000001,355,20,19,2.5040000000000004,BLUE DELPHINIUM ARTIFICIAL FLOWER,-2.95,1.0,1.0,1.0,499.0200000000001,0.005876845229794609,0.0028169014084507044,1.4140000000000001,26.41947368421053,0.0025739612383156958,3199
16219,501.25,3358,129,128,0.5645736434108527,HOUSE SHAPE PENCIL SHARPENER,-2.88,48.0,1.0,1.0,498.37,0.005745635910224439,0.01429422275163788,0.1492703990470518,3.916015625,0.0025706085173728367,3200
84247L,503.25,1149,111,110,0.5268468468468468,FAWN AND MUSHROOM GREETING CARD,-5.04,12.0,1.0,1.0,498.21,0.010014903129657228,0.010443864229765013,0.43798955613577023,4.575,0.0025697832322176717,3201
35600D,497.70000000000005,141,13,13,7.084615384615384,PINK AND WHITE CHRISTMAS TREE 180CM,0.0,0.0,0.0,0.0,497.70000000000005,0.0,0.0,3.5297872340425536,38.284615384615385,0.002567152635785583,3202
85230A,497.03999999999996,1992,48,48,0.2683333333333333,OPIUM SCENTED VOTIVE CANDLE,0.0,0.0,0.0,0.0,497.03999999999996,0.0,0.0,0.2495180722891566,10.354999999999999,0.002563748334520526,3203
23117,501.23,93,45,45,5.598888888888888,POPPY FIELDS CHOPPING BOARD,-4.95,1.0,1.0,1.0,496.28000000000003,0.009875705763821,0.010752688172043012,5.389569892473118,11.138444444444445,0.002559828230033492,3204
20864,498.14,252,30,29,2.2,DENIM PATCH PENCIL CASE BUTTERFLY,-2.1,1.0,1.0,1.0,496.03999999999996,0.004215682338298471,0.003968253968253968,1.9767460317460317,17.177241379310345,0.0025585903023007442,3205
84809A,500.03999999999996,288,23,21,2.0278260869565217,WHITE CHRYSANTHEMUMS ART FLOWER,-4.2,2.0,1.0,1.0,495.84,0.0083993280537557,0.006944444444444444,1.7362499999999998,23.81142857142857,0.0025575586958567877,3206
90058B,509.08,1082,29,29,0.47379310344827585,CRYSTAL STUD EARRINGS ASSORTED COL ,-13.68,36.0,1.0,1.0,495.4,0.02687200440009429,0.033271719038817,0.47049907578558225,17.55448275862069,0.0025552891616800835,3207
85142,502.58,57,34,34,9.403823529411765,JARDIN ETCHED GLASS GINGER JAR,-7.95,1.0,1.0,1.0,494.63,0.015818377173783277,0.017543859649122806,8.81719298245614,14.781764705882352,0.0025513174768708514,3208
22031,499.03000000000003,1137,143,142,0.5165034965034965,BOTANICAL LAVENDER BIRTHDAY CARD,-5.04,12.0,1.0,1.0,493.99,0.010099593210829007,0.010554089709762533,0.4389006156552331,3.5142957746478873,0.002548016336250191,3209
84799,528.78,678,31,31,1.0358064516129033,SPRIG LAVENDER ARTIFICIAL FLOWER,-35.16,60.0,2.0,2.0,493.62,0.06649268126631112,0.08849557522123894,0.7799115044247787,17.057419354838707,0.0025461078643288716,3210
21132,493.61,97,48,47,5.6925,SILVER STANDING GNOME   ,0.0,0.0,0.0,0.0,493.61,0.0,0.0,5.088762886597938,10.502340425531916,0.0025460562840066737,3211
16239,492.17,347,21,21,2.6557142857142857,BALLERINA HEART DECORATION.,0.0,0.0,0.0,0.0,492.17,0.0,0.0,1.41835734870317,23.436666666666667,0.0025386287176101877,3212
51020B,491.86999999999995,1087,62,60,0.9712903225806452,STRIPY DESIGN SHOWER CAP,-0.58,2.0,2.0,2.0,491.28999999999996,0.0011791733588143209,0.0018399264029438822,0.4525022999080036,8.197833333333332,0.0025340896492567788,3213
90160B,490.92,71,29,29,6.8420689655172415,RED BOUDICCA LARGE BRACELET,0.0,0.0,0.0,0.0,490.92,0.0,0.0,6.9143661971830985,16.928275862068965,0.00253218117733546,3214
23466,498.03,55,27,27,10.084444444444443,TUSCAN VILLA DOVECOTE BIRD FEEDER,-8.25,1.0,1.0,1.0,489.78,0.01656526715258117,0.01818181818181818,9.055090909090909,18.445555555555554,0.002526301020604908,3215
84876B,488.31,344,41,40,2.4007317073170733,GREEN HEART COMPACT MIRROR,0.0,0.0,0.0,0.0,488.31,0.0,0.0,1.4195058139534884,12.20775,0.002518718713241828,3216
72132,485.55,561,30,28,1.7106666666666668,COLUMBIAN CUBE CANDLE,0.0,0.0,0.0,0.0,485.55,0.0,0.0,0.8655080213903743,17.34107142857143,0.0025044825443152298,3217
21459,520.55,263,44,44,2.300909090909091,YELLOW EASTER EGG HUNT START POST,-35.1,18.0,5.0,5.0,485.44999999999993,0.06742868120257421,0.06844106463878327,1.9792775665399238,11.830681818181818,0.002503966741093251,3218
20793,518.5,281,22,22,8.935,BLUE TILED TRAY,-33.75,5.0,1.0,1.0,484.75,0.06509161041465766,0.017793594306049824,1.8451957295373667,23.568181818181817,0.0025003561185394036,3219
84875D,483.75,371,37,37,1.722972972972973,BLUE SQUARE COMPACT MIRROR,0.0,0.0,0.0,0.0,483.75,0.0,0.0,1.3039083557951483,13.074324324324325,0.0024951980863196217,3220
23218,483.03,379,40,40,1.57225,LAUREL STAR ANTIQUE GOLD,0.0,0.0,0.0,0.0,483.03,0.0,0.0,1.274485488126649,12.07575,0.0024914843031213782,3221
22407,521.12,438,75,75,1.3886666666666665,MONEY BOX FIRST ADE DESIGN,-38.16,36.0,1.0,1.0,482.96000000000004,0.07322689591648755,0.0821917808219178,1.1897716894977168,6.948266666666667,0.002491123240865994,3222
84798B,492.90000000000003,326,10,10,2.125,PURPLE FOXGLOVE ARTIIFCIAL FLOWER,-10.2,4.0,1.0,1.0,482.70000000000005,0.02069385270846013,0.012269938650306749,1.5119631901840491,49.290000000000006,0.0024897821524888504,3223
23691,481.5,1175,38,38,0.4184210526315789,WRAP KEEP CALM BIRTHDAY,0.0,0.0,0.0,0.0,481.5,0.0,0.0,0.4097872340425532,12.671052631578947,0.0024835925138251115,3224
22038,481.0,1150,45,45,0.4182222222222222,BOTANICAL LAVENDER GIFT WRAP ,0.0,0.0,0.0,0.0,481.0,0.0,0.0,0.4182608695652174,10.688888888888888,0.0024810134977152204,3225
85027L,546.45,191,41,40,4.730487804878049,FRENCH CHATEAU LARGE PLATTER ,-66.3,34.0,3.0,3.0,480.15000000000003,0.12132857534998626,0.17801047120418848,2.860994764397906,13.66125,0.002476629170328406,3226
85170B,496.91,293,62,58,2.5824193548387098,SET/6 BLACK BIRD T-LIGHT CANDLES,-16.8,8.0,4.0,4.0,480.11,0.033808939244531204,0.027303754266211604,1.6959385665529012,8.567413793103448,0.0024764228490396145,3227
16244A,479.40999999999997,186,28,28,4.073571428571428,MAXWELL 2 TONE PINK 60 PAGE PHOTO A,0.0,0.0,0.0,0.0,479.40999999999997,0.0,0.0,2.5774731182795696,17.121785714285714,0.002472812226485767,3228
22259,482.95,590,74,72,1.297162162162162,FELT FARM ANIMAL HEN,-3.75,3.0,1.0,1.0,479.2,0.0077647789626255305,0.005084745762711864,0.8185593220338983,6.707638888888889,0.0024717290397196128,3229
85091,548.81,343,20,20,5.513,CANDY SPOT BREAD BASKETS,-69.69999999999999,17.0,1.0,1.0,479.10999999999996,0.12700205900038264,0.04956268221574344,1.6000291545189502,27.440499999999997,0.002471264816819832,3230
72127,479.69,393,71,65,1.3102816901408452,COLUMBIAN CANDLE ROUND ,-1.25,1.0,1.0,1.0,478.44,0.002605849611207238,0.002544529262086514,1.2205852417302798,7.379846153846154,0.002467808935232578,3231
23422,477.89,213,47,47,2.777872340425532,PANTRY HOOK BALLOON WHISK ,0.0,0.0,0.0,0.0,477.89,0.0,0.0,2.2436150234741783,10.167872340425532,0.002464972017511698,3232
72750C,476.4,232,15,15,2.75,"F.FAIRY S/3 CANDLE/GLASS, ROSE",0.0,0.0,0.0,0.0,476.4,0.0,0.0,2.0534482758620687,31.759999999999998,0.002457286549504223,3233
23561,476.0,170,16,16,3.40875,SET OF 6 RIBBONS PARTY,0.0,0.0,0.0,0.0,476.0,0.0,0.0,2.8,29.75,0.0024552233366163098,3234
90192,484.31,97,56,53,5.023214285714286,JADE DROP EARRINGS W FILIGREE,-9.9,2.0,1.0,1.0,474.41,0.020441452788503234,0.020618556701030927,4.992886597938145,9.137924528301888,0.0024470220653868566,3235
21518,474.32,1119,110,109,0.504090909090909,BANK ACCOUNT  GREETING  CARD ,0.0,0.0,0.0,0.0,474.32,0.0,0.0,0.42387846291331543,4.351559633027523,0.002446557842487076,3236
37492C,477.29999999999995,242,25,24,3.81,GREEN BLUE FLOWER PIGGY BANK,-4.65,1.0,1.0,1.0,472.65,0.009742300439974861,0.004132231404958678,1.9723140495867766,19.8875,0.0024379439286800397,3237
40046A,472.07,355,62,62,1.7974193548387096,RED DAISY PAPER LAMPSHADE,0.0,0.0,0.0,0.0,472.07,0.0,0.0,1.329774647887324,7.614032258064516,0.002434952269992566,3238
84926E,471.57,1081,52,52,0.7690384615384616,FLOWERS TILE COASTER,0.0,0.0,0.0,0.0,471.57,0.0,0.0,0.4362349676225717,9.068653846153847,0.0024323732538826747,3239
84901,471.13,123,74,74,3.8594594594594596,BLACK FACE LAMB WITH PANTS,0.0,0.0,0.0,0.0,471.13,0.0,0.0,3.8303252032520323,6.366621621621621,0.0024301037197059705,3240
gift_0001_20,471.06,28,26,26,16.807692307692307,Dotcomgiftshop Gift Voucher £20.00,0.0,0.0,0.0,0.0,471.06,0.0,0.0,16.82357142857143,18.11769230769231,0.002429742657450586,3241
90120C,470.8,111,60,58,4.241333333333333,GREEN MURANO TWIST BRACELET,0.0,0.0,0.0,0.0,470.8,0.0,0.0,4.241441441441442,8.117241379310345,0.0024284015690734426,3242
84884a,470.18,56,39,35,8.386923076923077,ANT WHITE WIRE HEART SPIRAL,0.0,0.0,0.0,0.0,470.18,0.0,0.0,8.396071428571428,13.433714285714286,0.0024252035890971776,3243
35471A,499.31,421,85,83,1.6135294117647059,SET OF 3 BIRD L.BLUE FEATHER,-31.25,25.0,2.0,2.0,468.06,0.06258636918948149,0.05938242280285035,1.1860095011876484,6.01578313253012,0.0024142685607912396,3244
72799B,467.71000000000004,322,16,16,3.664375,PURPLE PILLAR CANDLE BLACK FLOCK,0.0,0.0,0.0,0.0,467.71000000000004,0.0,0.0,1.4525155279503106,29.231875000000002,0.002412463249514316,3245
84952A,467.65,167,41,39,3.260243902439024,CLEAR LOVE BIRD T-LIGHT HOLDER,0.0,0.0,0.0,0.0,467.65,0.0,0.0,2.800299401197605,11.99102564102564,0.0024121537675811286,3246
85014a,467.0,37,31,28,12.627741935483872,BLACK/BLUE POLKADOT UMBRELLA,0.0,0.0,0.0,0.0,467.0,0.0,0.0,12.621621621621621,16.678571428571427,0.0024088010466382704,3247
35911A,466.69,388,97,96,1.5051546391752577,MULTICOLOUR RABBIT EGG WARMER,0.0,0.0,0.0,0.0,466.69,0.0,0.0,1.2028092783505155,4.861354166666667,0.002407202056650138,3248
85136B,473.77000000000004,59,47,47,8.020638297872342,BLUE SHARK HELICOPTER,-7.95,1.0,1.0,1.0,465.82000000000005,0.01678029423559955,0.01694915254237288,8.030000000000001,10.080212765957448,0.002402714568618928,3249
23379,465.36,1220,77,76,0.5376623376623376,PACK OF 12 RED APPLE TISSUES,0.0,0.0,0.0,0.0,465.36,0.0,0.0,0.3814426229508197,6.123157894736842,0.0024003418737978278,3250
51020A,464.55999999999995,1304,51,50,0.8358823529411765,SUMMER FUN DESIGN SHOWER CAP,-0.58,2.0,1.0,1.0,463.97999999999996,0.0012484931978646462,0.0015337423312883436,0.3562576687116564,9.291199999999998,0.0023932237893345277,3251
84972L,462.15000000000003,117,46,46,3.95,GIANT PINK HEART MEMO HOLDER,0.0,0.0,0.0,0.0,462.15000000000003,0.0,0.0,3.95,10.046739130434784,0.002383784590372327,3252
20616,461.88,287,124,121,2.13258064516129,CHERRY BLOSSOM PASSPORT COVER,0.0,0.0,0.0,0.0,461.88,0.0,0.0,1.6093379790940767,3.817190082644628,0.0023823919216729855,3253
90145,461.81,76,46,45,6.1286956521739135,SILVER HOOP EARRINGS WITH FLOWER,0.0,0.0,0.0,0.0,461.81,0.0,0.0,6.076447368421053,10.262444444444444,0.0023820308594176007,3254
85204,461.74,2354,158,154,0.39968354430379743,HANGING WOOD AND FELT FLOWER,-0.12,1.0,1.0,1.0,461.62,0.00025988651622125,0.0004248088360237893,0.19615123194562448,2.9983116883116883,0.0023810508332958425,3255
72801D,461.17,565,62,61,1.4474193548387095,S/4 SKY BLUE DINNER CANDLES,0.0,0.0,0.0,0.0,461.17,0.0,0.0,0.8162300884955752,7.56016393442623,0.0023787297187969404,3256
85211,467.4,306,78,75,2.055128205128205,S/4 GROOVY CAT MAGNETS,-6.529999999999999,5.0,3.0,3.0,460.87,0.013970902866923405,0.016339869281045753,1.5274509803921568,6.231999999999999,0.0023771823091310058,3257
85030,531.4499999999999,211,29,29,5.05344827586207,FRENCH CHATEAU OVAL PLATTER,-70.64999999999999,27.0,3.0,3.0,460.79999999999995,0.13293818797629128,0.12796208530805686,2.5187203791469193,18.325862068965513,0.002376821246875621,3258
21536,474.74,221,63,61,2.2688888888888887,DAIRY MAID  SMALL  MILK JUG,-14.700000000000001,7.0,7.0,7.0,460.04,0.03096431731052787,0.03167420814479638,2.1481447963800906,7.782622950819673,0.0023729011423885868,3259
84782C,509.9,74,18,18,9.616666666666667,GREEN 3 TIER GLASS PLATE STAND,-50.1,6.0,4.0,4.0,459.79999999999995,0.09825455971759169,0.08108108108108109,6.89054054054054,28.327777777777776,0.0023716632146558382,3260
16207B,457.65000000000003,265,46,46,2.654782608695652,PINK HEART RED HANDBAG,0.0,0.0,0.0,0.0,457.65000000000003,0.0,0.0,1.7269811320754718,9.948913043478262,0.0023605734453833074,3261
84508B,471.60999999999996,176,78,74,2.8088461538461535,STRIPES DESIGN TEDDY,-15.3,6.0,1.0,1.0,456.30999999999995,0.03244206017684104,0.03409090909090909,2.6796022727272724,6.373108108108108,0.002353661682208799,3262
90120B,455.68,108,43,42,4.193720930232558,BLUE MURANO TWIST BRACELET,0.0,0.0,0.0,0.0,455.68,0.0,0.0,4.2192592592592595,10.84952380952381,0.002350412121910336,3263
16218,454.52,4632,101,98,0.5034653465346535,CARTOON  PENCIL SHARPENERS,0.0,0.0,0.0,0.0,454.52,0.0,0.0,0.09812607944732296,4.637959183673469,0.0023444288045353892,3264
21757,454.3,80,43,42,6.3058139534883715,LIGHTHOUSE PRINTED METAL SIGN,0.0,0.0,0.0,0.0,454.3,0.0,0.0,5.67875,10.816666666666666,0.002343294037447037,3265
84984A,462.12,266,17,17,4.474705882352942,GREEN PEONY CUSHION COVER,-9.3,2.0,1.0,1.0,452.82,0.02012464294988315,0.007518796992481203,1.737293233082707,27.183529411764706,0.0023356601497617592,3266
84948,459.21000000000004,273,37,36,1.7905405405405406,SILVER HANGING T-LIGHT HOLDER DOME,-6.6,4.0,2.0,2.0,452.61,0.014372509309466255,0.014652014652014652,1.6820879120879122,12.755833333333335,0.002334576962995605,3267
72225C,466.38,1926,38,38,0.2689473684210526,LAVENDER SCENT CAKE CANDLE,-13.919999999999998,48.0,1.0,1.0,452.46,0.02984690595651614,0.024922118380062305,0.24214953271028036,12.273157894736842,0.0023338032581626373,3268
20621,451.67,207,33,33,2.3584848484848484,ECONOMY PASSPORT COVER ,0.0,0.0,0.0,0.0,451.67,0.0,0.0,2.1819806763285023,13.686969696969697,0.00232972841270901,3269
23548,451.5,1075,43,43,0.42,WRAP MAGIC FOREST ,0.0,0.0,0.0,0.0,451.5,0.0,0.0,0.42,10.5,0.002328851547231647,3270
23509,451.46000000000004,1062,66,65,0.4865151515151515,MINI PLAYING CARDS FUN FAIR ,0.0,0.0,0.0,0.0,451.46000000000004,0.0,0.0,0.4251035781544256,6.945538461538462,0.002328645225942856,3271
82081,451.35,174,23,23,5.259130434782609,PINK HEARTS PHOTO ALBUM,0.0,0.0,0.0,0.0,451.35,0.0,0.0,2.5939655172413794,19.62391304347826,0.0023280778423986795,3272
84601A,638.34,260,15,15,3.6726666666666667,NEW BAROQUE IVORY CUSHION COVER ,-187.5,150.0,1.0,1.0,450.84000000000003,0.29373061377949056,0.5769230769230769,2.4551538461538462,42.556000000000004,0.002325447245966591,3273
72128,450.73999999999995,724,93,88,0.8884946236559139,COLUMBIAN CANDLE ROUND,0.0,0.0,0.0,0.0,450.73999999999995,0.0,0.0,0.6225690607734806,5.122045454545454,0.002324931442744612,3274
35004S,505.4,145,24,24,7.283333333333332,SET OF 3 SILVER FLYING DUCKS,-56.519999999999996,10.0,7.0,7.0,448.88,0.11183221210922041,0.06896551724137931,3.48551724137931,21.058333333333334,0.002315337502815818,3275
84597C,452.23,365,45,44,1.4575555555555557,RETRO PINK BALL ASHTRAY ,-5.0,4.0,1.0,1.0,447.23,0.011056320898657762,0.010958904109589041,1.238986301369863,10.277954545454547,0.0023068267496531773,3276
17164D,447.0,1150,31,28,0.41516129032258065,ASS COL SMALL SAND FROG P'WEIGHT,0.0,0.0,0.0,0.0,447.0,0.0,0.0,0.38869565217391305,15.964285714285714,0.002305640402242627,3277
21663,488.16,76,32,32,7.245625,VINTAGE GLASS SUGAR CADDY,-41.65,7.0,7.0,7.0,446.51000000000005,0.08532038675843985,0.09210526315789473,6.423157894736843,15.255,0.0023031129664549343,3278
90198B,446.15,105,50,49,4.244800000000001,VINTAGE ROSE BEAD BRACELET BLACK,0.0,0.0,0.0,0.0,446.15,0.0,0.0,4.2490476190476185,9.105102040816327,0.0023012560748558123,3279
90013B,445.88,108,82,79,4.188780487804879,BLACK VINTAGE EARRINGS,0.0,0.0,0.0,0.0,445.88,0.0,0.0,4.1285185185185185,5.644050632911393,0.002299863406156471,3280
84857C,445.03,197,17,17,4.375294117647059,PINK MONTE CARLO HANDBAG,-1.95,1.0,1.0,1.0,443.08,0.004381727074579242,0.005076142131979695,2.2590355329949237,26.178235294117645,0.0022854209159410806,3281
90195B,478.59,54,28,26,8.781785714285714,BLACK GEMSTONE BRACELET,-35.8,4.0,1.0,1.0,442.78999999999996,0.07480306734365531,0.07407407407407407,8.862777777777778,18.40730769230769,0.002283925086597344,3282
62096B,441.99,257,83,82,2.315542168674699,PURPLE/TURQ FLOWERS HANDBAG,0.0,0.0,0.0,0.0,441.99,0.0,0.0,1.719805447470817,5.390121951219513,0.0022797986608215186,3283
16243B,441.77,212,8,8,5.49625,BROWN COZY SQUARE PHOTO ALBUM,0.0,0.0,0.0,0.0,441.77,0.0,0.0,2.083820754716981,55.22125,0.0022786638937331662,3284
90154,439.65,59,7,7,8.707142857142857,LAZER CUT NECKLACE W PASTEL BEADS,0.0,0.0,0.0,0.0,439.65,0.0,0.0,7.451694915254237,62.80714285714286,0.0022677288654272282,3285
16161M,449.5,1075,40,39,0.418,WRAP  PINK FLOCK,-10.5,25.0,1.0,1.0,439.0,0.02335928809788654,0.023255813953488372,0.4181395348837209,11.525641025641026,0.0022643761444843696,3286
79030A,438.25,171,33,33,5.692424242424242,"TUMBLER, ENGLISH ROSE",0.0,0.0,0.0,0.0,438.25,0.0,0.0,2.5628654970760234,13.280303030303031,0.0022605076203195333,3287
47422,458.76000000000005,1178,72,66,0.4141666666666667,ASSORTED MONKEY SUCTION CUP HOOK,-20.580000000000002,49.0,3.0,3.0,438.18000000000006,0.04486005754642951,0.04159592529711375,0.38943972835314095,6.950909090909092,0.0022601465580641485,3288
21027,437.37,357,81,77,1.269753086419753,NINJA RABBIT PINK,0.0,0.0,0.0,0.0,437.37,0.0,0.0,1.225126050420168,5.68012987012987,0.002255968551966125,3289
23023,437.82,274,25,25,1.7651999999999999,RIDGED BONNE JAM JAR T-LIGHT HOLDER,-3.3,2.0,1.0,1.0,434.52,0.00753734411401946,0.0072992700729927005,1.5978832116788322,17.5128,0.0022412681601397455,3290
79071B,433.70000000000005,142,66,66,3.1742424242424243,ENGLISH ROSE METAL WASTE BIN,0.0,0.0,0.0,0.0,433.70000000000005,0.0,0.0,3.0542253521126765,6.571212121212122,0.0022370385737195244,3291
84859B,433.46,282,18,18,2.8922222222222222,BLUE DISCO HANDBAG,0.0,0.0,0.0,0.0,433.46,0.0,0.0,1.5370921985815602,24.08111111111111,0.0022358006459867767,3292
37464,432.43,317,84,82,1.7619047619047619,ROBOT MUG IN DISPLAY BOX,0.0,0.0,0.0,0.0,432.43,0.0,0.0,1.3641324921135647,5.273536585365854,0.0022304878728004007,3293
84858B,431.0,326,9,9,2.816666666666667,BLUE RIVIERA HANDBAG,0.0,0.0,0.0,0.0,431.0,0.0,0.0,1.322085889570552,47.888888888888886,0.0022231118867261125,3294
23058,430.86,490,48,48,1.2252083333333335,CHRISTMAS HANGING SNOWFLAKE,0.0,0.0,0.0,0.0,430.86,0.0,0.0,0.8793061224489797,8.97625,0.002222389762215343,3295
21678,430.60999999999996,580,83,80,0.9795180722891565,PAISLEY PATTERN  STICKERS,0.0,0.0,0.0,0.0,430.60999999999996,0.0,0.0,0.7424310344827586,5.382624999999999,0.0022211002541603973,3296
84510F,432.75,1099,38,38,1.4618421052631578,SET OF 4 NEW ENGLAND COASTERS ,-2.5,2.0,1.0,1.0,430.25,0.005777007510109763,0.0018198362147406734,0.3937670609645132,11.388157894736842,0.002219243362561276,3297
84968e,429.62,17,14,13,25.300714285714285,SET OF 16 VINTAGE BLACK CUTLERY,0.0,0.0,0.0,0.0,429.62,0.0,0.0,25.271764705882354,33.04769230769231,0.002215993802262813,3298
16045,429.44,9312,75,74,0.049600000000000005,POPART WOODEN PENCILS ASST,0.0,0.0,0.0,0.0,429.44,0.0,0.0,0.04611683848797251,5.8032432432432435,0.0022150653564632526,3299
22395,428.94,237,56,53,3.1966071428571428,PAPERWEIGHT VINTAGE PAISLEY,0.0,0.0,0.0,0.0,428.94,0.0,0.0,1.809873417721519,8.093207547169811,0.0022124863403533614,3300
84966B,428.0,33,4,4,16.0,BLUE KASHMIRI BOXED MIRROR,0.0,0.0,0.0,0.0,428.0,0.0,0.0,12.969696969696969,107.0,0.002207637790066766,3301
21520,428.45,995,113,108,0.5313274336283186,BOOZE & WOMEN GREETING CARD ,-0.84,2.0,1.0,1.0,427.61,0.0019605554907223713,0.0020100502512562816,0.43060301507537685,3.9671296296296297,0.002205626157501051,3302
84801A,427.44000000000005,272,15,15,1.976,PINK HYDRANGEA ART FLOWER,0.0,0.0,0.0,0.0,427.44000000000005,0.0,0.0,1.5714705882352944,28.496000000000002,0.002204749292023688,3303
21028,426.41,324,93,92,1.621827956989247,NINJA RABBIT BLACK,0.0,0.0,0.0,0.0,426.41,0.0,0.0,1.3160802469135804,4.634891304347827,0.0021994365188373124,3304
85230G,439.67999999999995,1728,48,46,0.26999999999999996,ORANGE VOTIVE CANDLE,-13.919999999999998,48.0,1.0,1.0,425.75999999999993,0.03165938864628821,0.027777777777777776,0.2544444444444444,9.558260869565217,0.0021960837978944533,3305
90184A,425.57,47,26,25,9.13923076923077,AMBER CHUNKY BEAD BRACELET W STRAP,0.0,0.0,0.0,0.0,425.57,0.0,0.0,9.05468085106383,17.0228,0.002195103771772695,3306
20662,476.35,730,51,49,2.7103921568627447,FIRST CLASS HOLIDAY PURSE ,-51.00000000000001,300.0,1.0,1.0,425.35,0.1070641335152724,0.410958904109589,0.6525342465753425,9.721428571428572,0.0021939690046843437,3307
72789,461.53,122,46,45,3.837608695652174,BASKET/8 SCENTED LOVE TOKEN CANDLES,-37.5,10.0,1.0,1.0,424.03,0.08125148961064287,0.08196721311475409,3.783032786885246,10.256222222222222,0.002187160402154231,3308
16207A,423.53000000000003,143,76,76,3.001578947368421,PINK STRAWBERRY HANDBAG ,0.0,0.0,0.0,0.0,423.53000000000003,0.0,0.0,2.961748251748252,5.572763157894737,0.00218458138604434,3309
16008,423.46,3143,86,85,0.15732558139534883,SMALL FOLDING SCISSOR(POINTED EDGE),0.0,0.0,0.0,0.0,423.46,0.0,0.0,0.13473114858415525,4.981882352941176,0.002184220323788955,3310
23044,423.29,101,26,25,4.309230769230769,PAPER LANTERN 9 POINT HOLLY STAR S,0.0,0.0,0.0,0.0,423.29,0.0,0.0,4.190990099009901,16.9316,0.002183343458311592,3311
84762A,517.4300000000001,59,29,29,9.866551724137931,WHITE PICNIC BARBECUE BUCKET,-94.45,11.0,3.0,3.0,422.9800000000001,0.18253676825850837,0.1864406779661017,8.770000000000001,17.84241379310345,0.00218174446832346,3312
21729,422.9,124,31,30,4.051290322580646,SMALL MARAKESH METAL  LANTERN ,0.0,0.0,0.0,0.0,422.9,0.0,0.0,3.4104838709677416,14.096666666666666,0.0021813318257458765,3313
90201B,460.23,156,56,54,2.9569642857142857,BLACK ENAMEL FLOWER RING,-38.35000000000001,13.0,3.0,3.0,421.88,0.08332790126675794,0.08333333333333333,2.950192307692308,8.522777777777778,0.002176070632881699,3314
47579,422.97,186,57,55,2.5521052631578947,TEA TIME BREAKFAST BASKET,-2.1,1.0,1.0,1.0,420.87,0.0049648911270302855,0.005376344086021506,2.2740322580645165,7.690363636363637,0.002170861020339719,3315
46126A,419.99,317,48,48,1.5891666666666666,ELVIS WALLHANGING / CURTAIN,0.0,0.0,0.0,0.0,419.99,0.0,0.0,1.3248895899053628,8.749791666666667,0.0021663219519863107,3316
84967C,419.85,9,4,4,67.4625,GREEN KASHMIRI OCCASIONAL TABLE,0.0,0.0,0.0,0.0,419.85,0.0,0.0,46.650000000000006,104.9625,0.0021655998274755415,3317
22032,418.12,980,111,111,0.46522522522522525,BOTANICAL LILY GREETING CARD,0.0,0.0,0.0,0.0,418.12,0.0,0.0,0.4266530612244898,3.766846846846847,0.0021566764317353182,3318
20851,429.57,335,29,28,5.966206896551724,ZINC HEART LATTICE TRAY OVAL ,-11.9,2.0,1.0,1.0,417.67,0.02770212072537654,0.005970149253731343,1.2822985074626865,15.341785714285715,0.0021543553172364165,3319
84532B,417.58,54,31,31,7.502903225806452,FAIRY CAKES RECTANGLUAR BOXES,0.0,0.0,0.0,0.0,417.58,0.0,0.0,7.732962962962962,13.470322580645162,0.002153891094336636,3320
35240,416.01,49,39,39,8.49,ENAMEL BLUE RIM OVAL TRAY SET/2,0.0,0.0,0.0,0.0,416.01,0.0,0.0,8.49,10.666923076923077,0.002145792983751578,3321
90013A,445.7,118,79,77,3.789493670886076,MIDNIGHT BLUE VINTAGE EARRINGS,-30.0,8.0,1.0,1.0,415.7,0.06730984967466906,0.06779661016949153,3.7771186440677966,5.788311688311688,0.002144193993763445,3322
21336,530.51,1824,44,43,3.4279545454545457,GOLD WASHBAG,-115.27,865.0,2.0,2.0,415.24,0.21728148385515825,0.47423245614035087,0.2908497807017544,12.337441860465116,0.0021418212989423456,3323
23045,497.98,118,25,25,4.4812,PAPER LANTERN 5 POINT STAR MOON ,-83.0,20.0,1.0,1.0,414.98,0.1666733603759187,0.1694915254237288,4.220169491525424,19.9192,0.002140480210565202,3324
21025,414.89,313,84,81,1.526190476190476,SPACE FROG,0.0,0.0,0.0,0.0,414.89,0.0,0.0,1.3255271565495208,5.122098765432098,0.002140015987665422,3325
84529C,414.74,78,37,37,5.033783783783784,YELLOW KNITTED KIDS RUCKSACK,0.0,0.0,0.0,0.0,414.74,0.0,0.0,5.317179487179487,11.209189189189189,0.0021392422828324545,3326
37444A,587.06,2714,47,43,3.3044680851063832,YELLOW BREAKFAST CUP AND SAUCER,-172.98999999999998,1309.0,2.0,2.0,414.06999999999994,0.29467175416482133,0.48231392778187177,0.21630803242446572,13.652558139534882,0.0021357864012452,3327
84007,413.12,157,39,39,2.6815384615384614,MAGIC GARDEN MOUNT FUJI,0.0,0.0,0.0,0.0,413.12,0.0,0.0,2.6313375796178344,10.592820512820513,0.002130886270636407,3328
85112,412.77,465,34,34,1.6549999999999998,S/3 TEAR DROP CUT GLASS DECORATION,0.0,0.0,0.0,0.0,412.77,0.0,0.0,0.8876774193548387,12.14029411764706,0.0021290809593594836,3329
84711A,410.84999999999997,44,25,24,9.0384,SILVER OVAL SHAPE TRINKET BOX,0.0,0.0,0.0,0.0,410.84999999999997,0.0,0.0,9.337499999999999,17.11875,0.0021191775374975017,3330
21341,410.64,72,29,29,7.1865517241379315,KASBAH LANTERN WITH GLASS ,0.0,0.0,0.0,0.0,410.64,0.0,0.0,5.703333333333333,14.16,0.0021180943507313477,3331
90149,410.26000000000005,62,9,9,7.371111111111111,SILVER FLOWR PINK SHELL NECKLACE,0.0,0.0,0.0,0.0,410.26000000000005,0.0,0.0,6.617096774193549,45.58444444444445,0.002116134298487831,3332
84422,429.60999999999996,783,39,38,1.0292307692307692,PINK/BLUE DISC/MIRROR STRING,-19.57,49.0,2.0,2.0,410.03999999999996,0.04555294336724006,0.06257982120051085,0.5486717752234993,11.305526315789473,0.002114999531399478,3333
16169F,409.5,975,34,34,0.42,WRAP BLIZZARD,0.0,0.0,0.0,0.0,409.5,0.0,0.0,0.42,12.044117647058824,0.002112214194000796,3334
21698,408.96999999999997,536,118,112,1.2534745762711863,MOCK LOBSTER FRIDGE MAGNET,0.0,0.0,0.0,0.0,408.96999999999997,0.0,0.0,0.7630037313432835,3.651517857142857,0.0021094804369243114,3335
84595B,408.9,230,16,16,3.09375,LARGE TRIFLE DESIGN L BLUE BOWL,0.0,0.0,0.0,0.0,408.9,0.0,0.0,1.7778260869565217,25.55625,0.0021091193746689265,3336
21252,408.66,168,22,22,3.3613636363636363,SET OF MEADOW  FLOWER STICKERS,0.0,0.0,0.0,0.0,408.66,0.0,0.0,2.4325,18.575454545454548,0.002107881446936179,3337
72780,418.18,514,44,44,0.8411363636363636,BLACK SILOUETTE CANDLE PLATE,-10.2,12.0,1.0,1.0,407.98,0.02439141039743651,0.023346303501945526,0.813579766536965,9.504090909090909,0.002104373985026727,3338
90206C,407.7,81,58,57,5.044482758620689,CRYSTAL DIAMANTE STAR BROOCH,0.0,0.0,0.0,0.0,407.7,0.0,0.0,5.033333333333333,7.152631578947368,0.002102929736005188,3339
90082B,406.4,64,27,25,6.35,DIAMANTE BOW BROOCH RED COLOUR,0.0,0.0,0.0,0.0,406.4,0.0,0.0,6.35,16.256,0.0020962242941194712,3340
84984D,404.90999999999997,159,21,21,6.063333333333334,ORIENTAL RED C/COVER ,0.0,0.0,0.0,0.0,404.90999999999997,0.0,0.0,2.5466037735849056,19.28142857142857,0.0020885388261119957,3341
72801E,404.75,769,24,24,1.19875,S/4 FESTIVE GREEN DINNER CANDLES,0.0,0.0,0.0,0.0,404.75,0.0,0.0,0.526332899869961,16.864583333333332,0.0020877135409568307,3342
84510C,404.1,275,102,101,1.6847058823529413,SET OF 4 POLKADOT COASTERS,0.0,0.0,0.0,0.0,404.1,0.0,0.0,1.4694545454545456,4.000990099009901,0.0020843608200139725,3343
23415,412.18,328,47,47,1.4517021276595745,HOME SWEET HOME HOOK,-8.25,5.0,1.0,1.0,403.93,0.020015527196855742,0.01524390243902439,1.2566463414634146,8.769787234042553,0.002083483954536609,3344
82076,403.64,290,19,19,2.726842105263158,BEECH WOOD PHOTO FRAME ,0.0,0.0,0.0,0.0,403.64,0.0,0.0,1.3918620689655172,21.24421052631579,0.0020819881251928725,3345
90124B,401.35,40,31,30,10.058064516129033,BLUE MURANO TWIST NECKLACE,0.0,0.0,0.0,0.0,401.35,0.0,0.0,10.033750000000001,13.378333333333334,0.0020701762314095716,3346
84932B,401.3,189,17,17,3.105882352941176,SMALL PINK PEONY FOLDING STOOL,0.0,0.0,0.0,0.0,401.3,0.0,0.0,2.1232804232804234,23.605882352941176,0.002069918329798582,3347
45016,423.73,101,26,25,5.946923076923077,DECORATIVE NET CANOPY LEOPARD,-22.5,6.0,1.0,1.0,401.23,0.0530998513204163,0.0594059405940594,4.195346534653465,16.9492,0.0020695572675431977,3348
84984C,401.16,232,16,16,5.83375,ORIENTAL BLUE C/COVER ,0.0,0.0,0.0,0.0,401.16,0.0,0.0,1.7291379310344828,25.0725,0.002069196205287813,3349
23339,400.84000000000003,173,76,76,2.511578947368421,EGG FRYING PAN BLUE ,0.0,0.0,0.0,0.0,400.84000000000003,0.0,0.0,2.3169942196531794,5.27421052631579,0.0020675456349774825,3350
23576,400.03999999999996,198,38,37,2.4010526315789473,SNACK TRAY RED VINTAGE DOILY,0.0,0.0,0.0,0.0,400.03999999999996,0.0,0.0,2.02040404040404,10.811891891891891,0.0020634192092016564,3351
23429,400.01,47,23,23,8.887391304347826,RED RETRO KITCHEN WALL CLOCK,0.0,0.0,0.0,0.0,400.01,0.0,0.0,8.510851063829787,17.391739130434782,0.002063264468235063,3352
90120A,399.92,94,42,41,4.258095238095239,PINK MURANO TWIST BRACELET,0.0,0.0,0.0,0.0,399.92,0.0,0.0,4.254468085106383,9.754146341463414,0.002062800245335283,3353
72803B,407.88,92,38,36,4.472105263157895,OCEAN SCENT CANDLE JEWELLED DRAWER,-8.5,2.0,2.0,2.0,399.38,0.020839462587035402,0.021739130434782608,4.433478260869565,11.33,0.0020600149079366007,3354
90010A,452.8,50,31,30,9.06774193548387,MIDNIGHT BLUE GLASS/SILVER BRACELET,-53.7,6.0,1.0,1.0,399.1,0.11859540636042404,0.12,9.056000000000001,15.093333333333334,0.002058570658915062,3355
16156L,399.0,950,36,36,0.42,"WRAP, CAROUSEL",0.0,0.0,0.0,0.0,399.0,0.0,0.0,0.42,11.083333333333334,0.0020580548556930834,3356
84497,398.38,100,41,37,4.131463414634146,BUTTONS AND STRIPES NOTEBOOK ,0.0,0.0,0.0,0.0,398.38,0.0,0.0,3.9838,10.767027027027027,0.0020548568757168184,3357
20889,398.04,657,13,13,2.3376923076923077,JARDIN DE FEMME SCENTED CANDLE,0.0,0.0,0.0,0.0,398.04,0.0,0.0,0.6058447488584475,30.61846153846154,0.0020531031447620926,3358
90180A,406.59,45,29,28,9.737586206896552,BLACK+WHITE NECKLACE W TASSEL,-9.95,1.0,1.0,1.0,396.64,0.024471826655844953,0.022222222222222223,9.035333333333332,14.521071428571428,0.0020458818996543972,3359
90158,396.5,79,65,63,5.030769230769231,ST TROPEZ NECKLACE,0.0,0.0,0.0,0.0,396.5,0.0,0.0,5.018987341772152,6.2936507936507935,0.0020451597751436276,3360
84804A,396.38000000000005,218,18,18,2.7022222222222223,CREAM DELPHINIUM ARTIFICIAL FLOWER,0.0,0.0,0.0,0.0,396.38000000000005,0.0,0.0,1.8182568807339452,22.021111111111114,0.002044540811277254,3361
84673B,396.43,507,137,133,0.9322627737226278,BLUE FLY SWAT,-0.65,1.0,1.0,1.0,395.78000000000003,0.001639633731049618,0.0019723865877712033,0.7819132149901381,2.9806766917293235,0.0020414459919453846,3362
84726,394.85,233,5,5,2.17,LILLIES CANVAS PICTURE,0.0,0.0,0.0,0.0,394.85,0.0,0.0,1.6946351931330472,78.97,0.002036649021980987,3363
20857,420.75,255,78,73,1.65,BLUE ROSE PATCH PURSE PINK BUTTERFL,-26.4,16.0,2.0,2.0,394.35,0.06274509803921569,0.06274509803921569,1.65,5.763698630136986,0.0020340700058710964,3364
90201D,394.33000000000004,134,58,57,2.9400000000000004,GREEN ENAMEL FLOWER RING,0.0,0.0,0.0,0.0,394.33000000000004,0.0,0.0,2.9427611940298513,6.918070175438597,0.002033966845226701,3365
84873A,394.15,32,16,16,13.243749999999999,FUNKY FLOWER PICNIC BAG FOR 4,0.0,0.0,0.0,0.0,394.15,0.0,0.0,12.3171875,24.634375,0.0020330383994271394,3366
84877D,393.96,166,46,43,3.015,BLUE ROUND COMPACT MIRROR,0.0,0.0,0.0,0.0,393.96,0.0,0.0,2.3732530120481927,9.161860465116279,0.0020320583733053807,3367
21736,393.69,193,28,27,2.343571428571429,GOLD SCROLL GLASS T-LIGHT HOLDER,-1.17,3.0,1.0,1.0,392.52,0.0029718814295511694,0.015544041450777202,2.039844559585492,14.581111111111111,0.0020246308069088947,3368
84802B,389.79,411,17,17,1.5405882352941176,PURPLE ANEMONE ARTIFICIAL FLOWER,0.0,0.0,0.0,0.0,389.79,0.0,0.0,0.9483941605839417,22.928823529411765,0.0020105493789488896,3369
22869,393.63,167,57,57,3.066140350877193,NUMBER TILE COTTAGE GARDEN 1,-3.9,2.0,2.0,1.0,389.73,0.009907781419099154,0.011976047904191617,2.357065868263473,6.9057894736842105,0.0020102398970157026,3370
16044,389.22,6193,3,3,0.3,POP-ART FLUORESCENT PENS,0.0,0.0,0.0,0.0,389.22,0.0,0.0,0.06284837720006459,129.74,0.002007609300583614,3371
23337,388.75,180,69,69,2.287971014492754,EGG FRYING PAN MINT ,0.0,0.0,0.0,0.0,388.75,0.0,0.0,2.1597222222222223,5.634057971014493,0.002005185025440316,3372
23150,390.75,148,49,49,2.9436734693877553,IVORY SWEETHEART SOAP DISH,-2.49,1.0,1.0,1.0,388.26,0.006372360844529751,0.006756756756756757,2.6402027027027026,7.974489795918367,0.002002657589652623,3373
23039,399.71,199,29,28,2.3906896551724137,T-LIGHT HOLDER SILVER HEART HANDLE,-11.7,6.0,1.0,1.0,388.01,0.029271221635685872,0.03015075376884422,2.0085929648241203,14.275357142857143,0.0020013680815976773,3374
85007,399.62,143,22,21,4.180454545454546,SET OF 3 VINTAGE TEA TIME BOXES,-13.95,3.0,1.0,1.0,385.67,0.03490816275461688,0.02097902097902098,2.7945454545454544,19.02952380952381,0.001989298286203387,3375
90082A,385.46,60,33,32,6.4760606060606065,DIAMANTE BOW BROOCH GREEN COLOUR,0.0,0.0,0.0,0.0,385.46,0.0,0.0,6.424333333333333,12.045625,0.0019882150994372325,3376
84081,389.3,100,20,20,5.212000000000001,WHITE CERAMIC PARTY SET (5PCS),-4.25,1.0,1.0,1.0,385.05,0.010917030567685589,0.01,3.8930000000000002,19.465,0.0019861003062271224,3377
16202B,528.56,1039,22,22,4.7690909090909095,PASTEL BLUE PHOTO ALBUM ,-144.48000000000002,472.0,4.0,4.0,384.0799999999999,0.27334645073407,0.4542829643888354,0.5087199230028874,24.025454545454544,0.001981097014973933,3378
84429A,383.6,111,43,42,4.049302325581396,MEDIUM PINK BUDDHA HEAD ,0.0,0.0,0.0,0.0,383.6,0.0,0.0,3.455855855855856,9.133333333333335,0.001978621159508438,3379
16162L,570.43,8101,30,30,0.7496666666666667,THE KING GIFT BAG,-187.2,3744.0,1.0,1.0,383.22999999999996,0.3281734831618253,0.46216516479446984,0.07041476360943093,19.014333333333333,0.0019767126875871186,3380
79051A,382.94,942,59,54,0.7286440677966102,SMOKEY GREY COLOUR D.O.F. GLASS,0.0,0.0,0.0,0.0,382.94,0.0,0.0,0.4065180467091295,7.091481481481481,0.001975216858243382,3381
23116,382.44,76,22,22,6.240909090909091,VEGETABLE GARDEN CHOPPING BOARD,0.0,0.0,0.0,0.0,382.44,0.0,0.0,5.032105263157895,17.383636363636363,0.0019726378421334907,3382
90035B,380.89,43,4,4,10.185,"PEARL & SHELL 42""NECKL. PINK",0.0,0.0,0.0,0.0,380.89,0.0,0.0,8.857906976744186,95.2225,0.0019646428921928282,3383
90002D,388.24,110,37,34,3.756486486486487,FLOWER BURST SILVER RING CRYSTAL,-7.5,2.0,1.0,1.0,380.74,0.01931794766124047,0.01818181818181818,3.5294545454545454,11.418823529411766,0.0019638691873598607,3384
16258A,379.29,1068,106,101,0.5243396226415095,SWIRLY CIRCULAR RUBBERS IN BAG,-0.42,1.0,1.0,1.0,378.87,0.0011073321205410107,0.0009363295880149813,0.3551404494382023,3.7553465346534654,0.0019542236671088683,3385
85097B,417.17,106,41,40,4.135365853658537,BLUE ROCKING SINGING CANARY,-38.6,12.0,5.0,5.0,378.57,0.09252822590310904,0.11320754716981132,3.9355660377358492,10.42925,0.0019526762574429335,3386
84292,385.98,44,14,14,10.534285714285714,ROSE PINK METAL FOLDING CHAIR,-7.95,1.0,1.0,1.0,378.03000000000003,0.020596922120317114,0.022727272727272728,8.772272727272728,27.57,0.0019498909200442516,3387
84533B,377.93,59,24,24,7.096666666666667,FAIRY CAKES ROUND NESTING BOXES,0.0,0.0,0.0,0.0,377.93,0.0,0.0,6.405593220338983,15.747083333333334,0.0019493751168222731,3388
84760S,377.60999999999996,234,38,36,1.934736842105263,SMALL HANGING GLASS+ZINC LANTERN,0.0,0.0,0.0,0.0,377.60999999999996,0.0,0.0,1.6137179487179485,10.489166666666666,0.0019477245465119425,3389
90208,391.91,161,70,68,2.516142857142857,PAIR OF PINK FLOWER CLUSTER SLIDE,-15.3,6.0,1.0,1.0,376.61,0.03903957541272231,0.037267080745341616,2.4342236024844723,5.763382352941177,0.0019425665142921607,3390
20976,376.34000000000003,549,76,76,0.748421052631579,12 PENCILS SMALL TUBE POSY,0.0,0.0,0.0,0.0,376.34000000000003,0.0,0.0,0.6855009107468124,4.951842105263158,0.0019411738455928195,3391
79191B,403.28,485,72,70,1.0384722222222222,RETRO PLASTIC POLKA TRAY,-27.199999999999996,32.0,5.0,5.0,376.08,0.06744693513191827,0.06597938144329897,0.8315051546391752,5.761142857142857,0.001939832757215676,3392
47562,390.0,104,42,41,3.75,ENGLISH ROSE IRONING BOARD COVER,-14.2,4.0,2.0,2.0,375.8,0.03641025641025641,0.038461538461538464,3.75,9.512195121951219,0.0019383885081941373,3393
23459,412.5,33,19,19,12.5,DOLLY CABINET 2 DRAWERS ,-37.5,3.0,2.0,2.0,375.0,0.09090909090909091,0.09090909090909091,12.5,21.710526315789473,0.0019342620824183113,3394
85033G,376.05,236,33,32,2.742424242424242,SET/6 GOLD REINDEER T-LIGHT CANDLES,-1.9500000000000002,3.0,2.0,2.0,374.1,0.005185480654168329,0.012711864406779662,1.5934322033898305,11.7515625,0.0019296198534205073,3395
90134,373.88,127,97,96,2.941134020618557,OLD ROSE COMBO BEAD NECKLACE,0.0,0.0,0.0,0.0,373.88,0.0,0.0,2.9439370078740157,3.8945833333333333,0.0019284850863321551,3396
22870,372.18,156,48,46,3.23,NUMBER TILE COTTAGE GARDEN 2,0.0,0.0,0.0,0.0,372.18,0.0,0.0,2.3857692307692306,8.09086956521739,0.0019197164315585256,3397
84741C,372.14,185,52,51,2.125576923076923,CITRUS GARLAND FELT FLOWERS ,0.0,0.0,0.0,0.0,372.14,0.0,0.0,2.0115675675675675,7.296862745098039,0.0019195101102697342,3398
84798A,432.45000000000005,195,10,10,2.505,PINK FOXGLOVE ARTIIFCIAL FLOWER,-61.2,24.0,2.0,1.0,371.25000000000006,0.14151925078043703,0.12307692307692308,2.217692307692308,43.245000000000005,0.0019149194615941285,3399
20906,371.19,102,49,47,4.0691836734693885,VINTAGE NOTEBOOK BEAUTY GIRL,0.0,0.0,0.0,0.0,371.19,0.0,0.0,3.6391176470588236,7.897659574468085,0.0019146099796609412,3400
90201A,382.84000000000003,130,54,54,2.9424074074074076,PURPLE ENAMEL FLOWER RING,-11.8,4.0,1.0,1.0,371.04,0.030822275624281685,0.03076923076923077,2.944923076923077,7.089629629629631,0.0019138362748279739,3401
84926D,370.34999999999997,777,50,47,1.0917999999999999,LA PALMIERA TILE COASTER,0.0,0.0,0.0,0.0,370.34999999999997,0.0,0.0,0.4766409266409266,7.879787234042553,0.001910277232596324,3402
79336,369.78000000000003,840,21,21,1.4557142857142857,LIGHT PINK FLOCK GLASS CANDLEHOLDER,0.0,0.0,0.0,0.0,369.78000000000003,0.0,0.0,0.4402142857142857,17.60857142857143,0.0019073371542310486,3403
85026B,376.05,310,30,29,1.0936666666666668,EAU DE NILE JEWELLED T-LIGHT HOLDER,-8.5,10.0,1.0,1.0,367.55,0.02260337721047733,0.03225806451612903,1.2130645161290323,12.967241379310344,0.0018958347423809344,3404
84898F,367.45,172,56,52,2.1739285714285717,YELLOW FLOWERS FELT HANDBAG KIT,0.0,0.0,0.0,0.0,367.45,0.0,0.0,2.1363372093023254,7.066346153846154,0.001895318939158956,3405
47503G,367.36,284,36,35,1.5697222222222222,ASS FLORAL PRINT TAPE MEASURE,0.0,0.0,0.0,0.0,367.36,0.0,0.0,1.2935211267605635,10.496,0.0018948547162591757,3406
23575,367.34999999999997,179,34,32,2.5823529411764703,SNACK TRAY PAISLEY PARK,0.0,0.0,0.0,0.0,367.34999999999997,0.0,0.0,2.0522346368715083,11.479687499999999,0.0018948031359369774,3407
90013C,370.51,92,60,56,4.121,GREEN VINTAGE EARRINGS ,-3.75,1.0,1.0,1.0,366.76,0.010121184313513805,0.010869565217391304,4.027282608695652,6.61625,0.0018917598969273063,3408
35915A,365.76,288,1,1,1.27,CREAM KNITTED HEN,0.0,0.0,0.0,0.0,365.76,0.0,0.0,1.27,365.76,0.001886601864707524,3409
90019A,365.61,70,52,51,5.287307692307692,SILVER M.O.P ORBIT BRACELET,0.0,0.0,0.0,0.0,365.61,0.0,0.0,5.223,7.168823529411765,0.0018858281598745567,3410
47504G,366.81,266,57,57,1.92859649122807,ENGLISH ROSE TAPE MEASURE,-1.25,1.0,1.0,1.0,365.56,0.0034077587852021484,0.0037593984962406013,1.378984962406015,6.435263157894737,0.0018855702582635677,3411
90161A,365.23,73,46,43,5.028260869565218,ANT COPPER RED BOUDICCA BRACELET,0.0,0.0,0.0,0.0,365.23,0.0,0.0,5.003150684931507,8.49372093023256,0.0018838681076310396,3412
35968,372.46000000000004,785,78,75,0.6911538461538461,FOLK ART METAL HEART T-LIGHT HOLDER,-9.5,25.0,4.0,4.0,362.96000000000004,0.025506094614186757,0.03184713375796178,0.4744713375796179,4.9661333333333335,0.0018721593744921341,3413
90164B,362.94,67,35,35,6.648571428571429,WHITE  ROSEBUD PEARL BRACELET,0.0,0.0,0.0,0.0,362.94,0.0,0.0,5.417014925373135,10.369714285714286,0.0018720562138477385,3414
85094,363.5,761,109,108,0.8520183486238532,CANDY SPOT EGG WARMER RABBIT,-1.25,1.0,1.0,1.0,362.25,0.0034387895460797797,0.001314060446780552,0.4776609724047306,3.365740740740741,0.0018684971716160887,3415
21038,367.28000000000003,170,54,52,2.2472222222222222,SET/4 MODERN VINTAGE COTTON NAPKINS,-5.9,2.0,1.0,1.0,361.38000000000005,0.016064038335874536,0.011764705882352941,2.1604705882352944,7.063076923076924,0.0018640096835848786,3416
46000R,361.05,249,64,61,1.45,POLYESTER FILLER PAD 45x30cm,0.0,0.0,0.0,0.0,361.05,0.0,0.0,1.45,5.918852459016394,0.0018623075329523501,3417
23661,393.59000000000003,219,34,33,2.2335294117647058,MILK MAIDS MUG ,-33.0,20.0,4.0,4.0,360.59000000000003,0.08384359358723543,0.091324200913242,1.7972146118721464,11.926969696969698,0.0018599348381312505,3418
21946,358.96999999999997,625,67,67,0.9995522388059701,PARTY TIME DESIGN FLANNEL,0.0,0.0,0.0,0.0,358.96999999999997,0.0,0.0,0.574352,5.35776119402985,0.0018515788259352033,3419
84402D,358.93,373,13,13,2.2946153846153847,PINK DRESS JEWELLERY STAND ,0.0,0.0,0.0,0.0,358.93,0.0,0.0,0.9622788203753352,27.61,0.0018513725046464121,3420
90036E,358.87,45,28,28,7.991785714285714,"FLOWER GLASS GARLD NECKL36""AMETHYST",0.0,0.0,0.0,0.0,358.87,0.0,0.0,7.974888888888889,12.816785714285714,0.0018510630227132252,3421
23579,358.75,169,35,35,2.6265714285714283,SNACK TRAY I LOVE LONDON,0.0,0.0,0.0,0.0,358.75,0.0,0.0,2.1227810650887573,10.25,0.0018504440588468511,3422
79190A,372.67,808,122,119,0.5776229508196721,RETRO PLASTIC 70'S TRAY,-14.67,34.0,3.0,3.0,358.0,0.03936458528993479,0.04207920792079208,0.46122524752475247,3.131680672268908,0.0018465755346820146,3423
84711B,357.71,39,30,30,8.988,PINK OVAL SHAPE TRINKET BOX,0.0,0.0,0.0,0.0,357.71,0.0,0.0,9.172051282051282,11.923666666666666,0.0018450797053382775,3424
84680,372.3,94,17,17,7.06764705882353,CLASSICAL ROSE URN,-15.9,2.0,1.0,1.0,356.40000000000003,0.0427074939564867,0.02127659574468085,3.9606382978723405,21.900000000000002,0.0018383226831303631,3425
35912B,355.58000000000004,288,30,30,1.8506666666666667,WHITE/PINK CHICK DECORATION,0.0,0.0,0.0,0.0,355.58000000000004,0.0,0.0,1.2346527777777778,11.852666666666668,0.001834093096710142,3426
72487,355.05,827,14,14,1.1528571428571428,ROSES WHITE ROUND CANDLE,0.0,0.0,0.0,0.0,355.05,0.0,0.0,0.429322853688029,25.360714285714288,0.0018313593396336574,3427
20865,500.49,251,33,33,2.196060606060606,PATCHWORK PENCIL CASE BUTTERFLY ,-145.47,82.0,2.0,2.0,355.02,0.2906551579452137,0.32669322709163345,1.99398406374502,15.166363636363636,0.0018312045986670635,3428
16216,371.64,4158,89,88,0.21955056179775279,LETTER SHAPE PENCIL SHARPENER,-17.6,110.0,3.0,2.0,354.03999999999996,0.047357657948552366,0.026455026455026454,0.08937950937950938,4.223181818181818,0.001826149727091677,3429
20950,353.39,687,84,83,0.7546428571428571,SET/6  ANGEL T-LIGHTS WHITE/GOLD,0.0,0.0,0.0,0.0,353.39,0.0,0.0,0.514395924308588,4.257710843373494,0.0018227970061488186,3430
84870C,352.86,99,44,41,3.4670454545454548,GREEN GEISHA GIRL ,0.0,0.0,0.0,0.0,352.86,0.0,0.0,3.5642424242424244,8.606341463414635,0.0018200632490723342,3431
78033,370.6,76,16,16,5.525,FLAG OF ST GEORGE CHAIR,-17.85,3.0,2.0,2.0,352.75,0.0481651376146789,0.039473684210526314,4.876315789473685,23.1625,0.001819495865528158,3432
82011B,352.55,94,49,48,4.240816326530613,BATHROOM SCALES RUBBER DUCKS,0.0,0.0,0.0,0.0,352.55,0.0,0.0,3.750531914893617,7.344791666666667,0.001818464259084202,3433
84800M,357.22,250,27,27,1.5892592592592591,MEDIUM WHITE/PINK ROSE ART FLOWER,-5.07,3.0,1.0,1.0,352.15000000000003,0.014192934326185543,0.012,1.4288800000000001,13.230370370370371,0.001816401046196289,3434
84809B,351.6,296,8,8,1.7875,PINK CHRYSANTHEMUMS ART FLOWER,0.0,0.0,0.0,0.0,351.6,0.0,0.0,1.1878378378378378,43.95,0.0018135641284754088,3435
23420,351.37,164,32,32,2.33625,PANTRY HOOK TEA STRAINER ,0.0,0.0,0.0,0.0,351.37,0.0,0.0,2.1425,10.9803125,0.0018123777810648586,3436
90175C,350.85,39,22,20,9.031818181818181,BLUE GLASS CHUNKY CHARM BRACELET,0.0,0.0,0.0,0.0,350.85,0.0,0.0,8.996153846153847,17.5425,0.0018096956043105723,3437
35833P,350.14,188,67,64,2.3501492537313435,4 PINK FLOCK CHRISTMAS BALLS,0.0,0.0,0.0,0.0,350.14,0.0,0.0,1.8624468085106383,5.4709375,0.0018060334014345265,3438
84881,355.64,54,25,24,6.8595999999999995,BLUE WIRE SPIRAL CANDLE HOLDER,-6.35,1.0,1.0,1.0,349.28999999999996,0.017855134405578676,0.018518518518518517,6.585925925925926,14.818333333333333,0.0018016490740477115,3439
23421,349.2,160,33,33,2.5148484848484847,PANTRY HOOK SPATULA,0.0,0.0,0.0,0.0,349.2,0.0,0.0,2.1825,10.581818181818182,0.0018011848511479314,3440
84535A,346.93,607,65,64,0.8453846153846154,ENGLISH ROSE NOTEBOOK A6 SIZE,0.0,0.0,0.0,0.0,346.93,0.0,0.0,0.5715485996705107,5.42078125,0.001789476118009026,3441
90178A,346.31,29,23,21,11.939565217391305,AMBER CHUNKY GLASS+BEAD NECKLACE,0.0,0.0,0.0,0.0,346.31,0.0,0.0,11.941724137931034,16.490952380952383,0.001786278138032761,3442
84801B,345.0,214,18,18,2.0194444444444444,WHITE HYDRANGEA ART FLOWER,0.0,0.0,0.0,0.0,345.0,0.0,0.0,1.6121495327102804,19.166666666666668,0.0017795211158248463,3444
35914,345.0,245,59,56,1.68135593220339,PINK CHICK EGG WARMER + EGG CUP,0.0,0.0,0.0,0.0,345.0,0.0,0.0,1.4081632653061225,6.160714285714286,0.0017795211158248463,3443
20666,412.45000000000005,911,46,46,2.408478260869565,ECONOMY HOLIDAY PURSE,-68.0,400.0,1.0,1.0,344.45000000000005,0.16486846890532184,0.43907793633369924,0.45274423710208567,8.966304347826087,0.0017766841981039666,3445
85109,475.43000000000006,4211,20,20,0.787,PINK BOUDOIR T-LIGHT HOLDER,-131.04000000000002,1872.0,1.0,1.0,344.39000000000004,0.27562417180236837,0.4445499881263358,0.11290192353360248,23.771500000000003,0.0017763747161707794,3446
90014B,344.33,35,29,28,9.760689655172413,GOLD M PEARL  ORBIT NECKLACE,0.0,0.0,0.0,0.0,344.33,0.0,0.0,9.838,12.2975,0.0017760652342375925,3447
35004c,343.72,27,25,25,12.731200000000001,SET OF 3 COLOURED  FLYING DUCKS,0.0,0.0,0.0,0.0,343.72,0.0,0.0,12.730370370370371,13.748800000000001,0.0017729188345835254,3448
21306,350.36,684,71,68,1.4440845070422534,SET/4 DAISY MIRROR MAGNETS,-7.32,19.0,2.0,2.0,343.04,0.020892795981276403,0.027777777777777776,0.5122222222222222,5.152352941176471,0.0017694113726740737,3449
85129B,342.62,254,60,56,1.7149999999999999,BEADED CRYSTAL HEART GREEN SMALL,0.0,0.0,0.0,0.0,342.62,0.0,0.0,1.3488976377952757,6.118214285714286,0.0017672449991417648,3450
90191,342.6,40,21,21,11.324761904761905,SILVER LARIAT 40CM,0.0,0.0,0.0,0.0,342.6,0.0,0.0,8.565000000000001,16.314285714285717,0.0017671418384973695,3451
22039,353.0,850,30,30,0.41466666666666663,BOTANICAL LILY GIFT WRAP,-10.5,25.0,1.0,1.0,342.5,0.029745042492917848,0.029411764705882353,0.4152941176470588,11.766666666666667,0.001766626035275391,3452
72130,341.68,814,64,57,0.6803125,COLUMBIAN CANDLE ROUND,0.0,0.0,0.0,0.0,341.68,0.0,0.0,0.4197542997542998,5.994385964912281,0.0017623964488551699,3453
84870B,345.11,96,43,40,3.6644186046511624,BLUE GEISHA GIRL ,-3.75,1.0,1.0,1.0,341.36,0.010866100663556547,0.010416666666666666,3.5948958333333336,8.62775,0.0017607458785448393,3454
21722,343.78,363,84,79,1.1655952380952381,SWEET PUDDING STICKER SHEET,-2.55,3.0,2.0,2.0,341.22999999999996,0.007417534469719007,0.008264462809917356,0.947052341597796,4.351645569620253,0.0017600753343562673,3455
72811,340.45,445,22,22,1.4468181818181818,SMALL ZINC/GLASS CANDLEHOLDER,0.0,0.0,0.0,0.0,340.45,0.0,0.0,0.7650561797752808,15.475,0.0017560520692248376,3456
17011F,340.40999999999997,386,21,20,2.2195238095238095,ORIGAMI SANDLEWOOD INCENSE+FLOWER,0.0,0.0,0.0,0.0,340.40999999999997,0.0,0.0,0.8818911917098444,17.0205,0.0017558457479360462,3457
75149N,340.0,272,25,25,1.25,STRING CRYSTALS NATURAL,0.0,0.0,0.0,0.0,340.0,0.0,0.0,1.25,13.6,0.0017537309547259355,3458
79303B,339.57,109,10,10,4.752000000000001,BLUE STAR BLOCK TABLE LAMP,0.0,0.0,0.0,0.0,339.57,0.0,0.0,3.115321100917431,33.957,0.0017515130008714291,3459
84925A,339.29,179,17,17,2.808235294117647,WAKE UP COCKEREL WALL THERMOMETER,0.0,0.0,0.0,0.0,339.29,0.0,0.0,1.8954748603351956,19.95823529411765,0.0017500687518498903,3460
84249D,347.3,823,64,64,0.4790625,FAIRY CAKE GREETINGS CARD,-10.08,24.0,2.0,2.0,337.22,0.02902389864670314,0.02916160388821385,0.42199270959902796,5.4265625,0.0017393916251549411,3461
84576,337.04,96,32,32,4.8925,BLUE CAT BISCUIT BARREL PINK HEART,0.0,0.0,0.0,0.0,337.04,0.0,0.0,3.5108333333333337,10.5325,0.0017384631793553806,3462
37467,336.93,275,66,64,2.6380303030303027,PIG MUG IN TWO COLOUR DESIGNS,0.0,0.0,0.0,0.0,336.93,0.0,0.0,1.2252,5.26453125,0.0017378957958112044,3463
90129B,336.59000000000003,150,64,62,2.061875,TURQUOISE GLASS TASSLE BAG CHARM ,0.0,0.0,0.0,0.0,336.59000000000003,0.0,0.0,2.2439333333333336,5.428870967741936,0.0017361420648564787,3464
20847,341.97,81,28,27,4.8500000000000005,ZINC HEART LATTICE CHARGER LARGE,-7.62,1.0,1.0,1.0,334.35,0.022282656373366082,0.012345679012345678,4.221851851851852,12.665555555555557,0.0017245880726841664,3465
17109A,333.61,709,13,13,1.1861538461538461,FLOWER FAIRY INCENSE LILY,0.0,0.0,0.0,0.0,333.61,0.0,0.0,0.4705359661495064,25.662307692307692,0.0017207711288415276,3466
23047,333.5,58,26,25,5.75,PAPER LANTERN 5 POINT SEQUIN STAR,0.0,0.0,0.0,0.0,333.5,0.0,0.0,5.75,13.34,0.0017202037452973514,3467
90201C,350.94000000000005,119,46,46,2.9495652173913043,RED ENAMEL FLOWER RING,-17.700000000000003,6.0,1.0,1.0,333.24000000000007,0.050435971961018976,0.05042016806722689,2.9490756302521013,7.62913043478261,0.0017188626569202086,3468
90173,336.88,89,56,51,3.796071428571429,PAIR BUTTERFLY HAIR CLIPS,-3.75,1.0,1.0,1.0,333.13,0.011131560199477558,0.011235955056179775,3.7851685393258427,6.605490196078431,0.0017182952733760322,3469
21402,333.42,1698,152,151,0.3663815789473684,RED  EGG  SPOON,-0.42,1.0,1.0,1.0,333.0,0.0012596724851538599,0.0005889281507656066,0.19636042402826856,2.2080794701986757,0.0017176247291874607,3470
20688,332.9,464,11,11,6.004545454545454,BEAUTY SPEED EXPRESSO CUPS,0.0,0.0,0.0,0.0,332.9,0.0,0.0,0.7174568965517241,30.263636363636362,0.0017171089259654822,3471
90000D,332.86,54,36,34,6.216666666666667,COPPER/OLIVE GREEN FLOWER NECKLACE,0.0,0.0,0.0,0.0,332.86,0.0,0.0,6.164074074074074,9.790000000000001,0.001716902604676691,3472
47583B,332.6,27,6,6,21.958333333333332,SET OF 3 WICKER BASKET TEA AND CAKE,0.0,0.0,0.0,0.0,332.6,0.0,0.0,12.31851851851852,55.43333333333334,0.0017155615162995478,3473
21420,332.16,120,32,31,3.613125,OYSTER TRINKET BOX,0.0,0.0,0.0,0.0,332.16,0.0,0.0,2.7680000000000002,10.71483870967742,0.0017132919821228436,3474
90070,385.15000000000003,63,35,35,6.216571428571429,RUBY GLASS CLUSTER BRACELET,-53.550000000000004,9.0,2.0,2.0,331.6,0.1390367389328833,0.14285714285714285,6.113492063492064,11.004285714285714,0.0017104034840797653,3475
90148,343.98,27,18,18,12.735,LONG SILVER NECKLACE PASTEL FLOWER,-12.75,1.0,1.0,1.0,331.23,0.03706610849467992,0.037037037037037035,12.74,19.11,0.001708495012158446,3476
35637C,331.14,100,19,19,6.51,PINK STRING CURTAIN WITH POLE,0.0,0.0,0.0,0.0,331.14,0.0,0.0,3.3114,17.428421052631577,0.0017080307892586655,3477
85024B,330.90000000000003,218,21,20,1.6404761904761902,EAU DE NILE JEWELLED PHOTOFRAME,0.0,0.0,0.0,0.0,330.90000000000003,0.0,0.0,1.5178899082568809,16.545,0.0017067928615259178,3478
22257,345.48,419,59,57,1.2447457627118643,FELT FARM ANIMAL SHEEP,-15.0,12.0,1.0,1.0,330.48,0.04341785342132685,0.028639618138424822,0.8245346062052507,6.0610526315789475,0.0017046264879936096,3479
35921,330.32,183,50,49,2.8282,EASTER BUNNY HANGING GARLAND,-1.25,1.0,1.0,1.0,329.07,0.0037842092516347783,0.00546448087431694,1.8050273224043716,6.741224489795918,0.0016973536625637163,3480
72739B,328.39,394,28,28,1.835357142857143,WHITE CHOCOLATE SCENT CANDLE,0.0,0.0,0.0,0.0,328.39,0.0,0.0,0.8334771573604061,11.728214285714285,0.0016938462006542644,3481
84902,326.33,84,53,53,3.930377358490566,PINK KNITTED COW STUFFED TOY,0.0,0.0,0.0,0.0,326.33,0.0,0.0,3.884880952380952,6.157169811320754,0.0016832206542815133,3482
85131C,326.1,446,74,72,0.9381081081081082,BEADED CRYSTAL HEART BLUE ON STICK,0.0,0.0,0.0,0.0,326.1,0.0,0.0,0.7311659192825113,4.529166666666667,0.0016820343068709635,3483
22878,330.26,128,45,45,3.420666666666667,NUMBER TILE COTTAGE GARDEN No,-4.2,2.0,2.0,1.0,326.06,0.01271725307333616,0.015625,2.58015625,7.3391111111111105,0.0016818279855821722,3484
84706A,325.88,137,7,7,7.339999999999999,ENGLISH ROSE TABLE CLOCK,0.0,0.0,0.0,0.0,325.88,0.0,0.0,2.3786861313868615,46.55428571428571,0.0016808995397826114,3485
20799,355.33,200,26,26,3.1257692307692304,PINK MILKSHAKE GLASS,-29.46,8.0,2.0,2.0,325.87,0.08290884529873639,0.04,1.7766499999999998,13.666538461538462,0.0016808479594604135,3486
23037,325.16,196,20,20,1.886,CANDLE HOLDER SILVER MADELINE,0.0,0.0,0.0,0.0,325.16,0.0,0.0,1.6589795918367347,16.258000000000003,0.0016771857565843684,3487
23478,324.40000000000003,285,13,13,1.5130769230769232,WOODLAND LARGE PINK FELT HEART,0.0,0.0,0.0,0.0,324.40000000000003,0.0,0.0,1.1382456140350878,24.953846153846158,0.001673265652097334,3488
84509E,323.36,161,32,32,4.1315625,SET OF 4 CAROUSEL PLACEMATS ,0.0,0.0,0.0,0.0,323.36,0.0,0.0,2.0084472049689444,10.105,0.0016679012985887603,3489
90197B,322.52,64,51,51,5.046666666666667,BLACK GLASS BRACELET W HEART CHARMS,0.0,0.0,0.0,0.0,322.52,0.0,0.0,5.039375,6.32392156862745,0.0016635685515241434,3490
90018A,325.47,77,58,56,4.219655172413793,SILVER M.O.P ORBIT DROP EARRINGS,-4.25,1.0,1.0,1.0,321.22,0.013058039143392632,0.012987012987012988,4.226883116883117,5.811964285714287,0.0016568631096384265,3491
21401,319.07,1444,125,121,0.32559999999999995,BLUE PUDDING SPOON,0.0,0.0,0.0,0.0,319.07,0.0,0.0,0.22096260387811634,2.6369421487603306,0.0016457733403658949,3492
84795b,317.71999999999997,19,17,17,16.712352941176473,SUNSET CHECK HAMMOCK,0.0,0.0,0.0,0.0,317.71999999999997,0.0,0.0,16.722105263157893,18.68941176470588,0.0016388099968691887,3493
85089,317.54,99,30,29,3.9010000000000002,CANDY SPOT BUNNY,0.0,0.0,0.0,0.0,317.54,0.0,0.0,3.207474747474748,10.949655172413793,0.0016378815510696284,3494
84933C,317.0,136,6,6,4.716666666666667,LARGE BLUE ORIENTAL FOLDING STOOL,0.0,0.0,0.0,0.0,317.0,0.0,0.0,2.3308823529411766,52.833333333333336,0.0016350962136709457,3495
17091B,316.98,276,52,51,1.4219230769230768,JASMINE TEA INCENSE IN TIN,0.0,0.0,0.0,0.0,316.98,0.0,0.0,1.1484782608695654,6.215294117647059,0.0016349930530265505,3496
85033S,317.34999999999997,258,50,49,1.567,SET/6 SILVER REINDEER T-LIGHTS,-0.65,1.0,1.0,1.0,316.7,0.002048211753584371,0.003875968992248062,1.2300387596899223,6.476530612244897,0.001633548804005011,3497
85167A,396.8,176,14,14,4.235714285714286,WHITE GRAND BAROQUE PHOTO FRAME,-81.0,27.0,1.0,1.0,315.8,0.20413306451612903,0.1534090909090909,2.2545454545454544,28.342857142857145,0.0016289065750072073,3498
21309,325.6,49,5,5,9.16,LOUVRE CHALKBOARD,-9.95,1.0,1.0,1.0,315.65000000000003,0.030558968058968055,0.02040816326530612,6.644897959183674,65.12,0.0016281328701742402,3499
17012E,314.35999999999996,270,34,29,2.4920588235294114,ORIGAMI OPIUM INCENSE/CANDLE SET ,0.0,0.0,0.0,0.0,314.35999999999996,0.0,0.0,1.1642962962962962,10.839999999999998,0.0016214790086107205,3500
84933A,314.34999999999997,131,6,6,4.716666666666666,LARGE GREEN PEONY FOLDING STOOL,0.0,0.0,0.0,0.0,314.34999999999997,0.0,0.0,2.3996183206106867,52.39166666666666,0.001621427428288523,3501
90175B,332.19,37,28,27,8.98,PINK GLASS CHUNKY CHARM BRACELET,-17.9,2.0,1.0,1.0,314.29,0.05388482494957705,0.05405405405405406,8.978108108108108,12.303333333333333,0.0016211179463553364,3502
84673A,314.84,500,101,99,0.740990099009901,PINK FLY SWAT,-0.65,1.0,1.0,1.0,314.19,0.002064540719095414,0.002,0.6296799999999999,3.18020202020202,0.0016206021431333579,3503
90160A,362.51,52,25,25,6.98,PURPLE BOUDICCA LARGE BRACELET,-48.65,7.0,1.0,1.0,313.86,0.13420319439463738,0.1346153846153846,6.971346153846154,14.500399999999999,0.0016188999925008298,3504
84522,313.81,187,27,26,1.862962962962963,PINK PARTY SUNGLASSES,0.0,0.0,0.0,0.0,313.81,0.0,0.0,1.6781283422459894,12.069615384615386,0.0016186420908898408,3505
46000U,313.75,251,51,51,1.25,POLYESTER FILLER PAD 30CMx30CM,0.0,0.0,0.0,0.0,313.75,0.0,0.0,1.25,6.151960784313726,0.0016183326089566537,3506
35638B,313.28999999999996,118,11,11,6.6036363636363635,PINK/BLUE STRING CURTAIN ,0.0,0.0,0.0,0.0,313.28999999999996,0.0,0.0,2.655,28.480909090909087,0.0016159599141355539,3507
23695,313.24,741,57,57,0.5042105263157894,DOILY THANK YOU CARD,0.0,0.0,0.0,0.0,313.24,0.0,0.0,0.42272604588394064,5.495438596491228,0.0016157020125245648,3508
84802A,312.65000000000003,185,24,24,1.6900000000000002,WHITE ANEMONE ARTIFICIAL FLOWER,0.0,0.0,0.0,0.0,312.65000000000003,0.0,0.0,1.6900000000000002,13.027083333333335,0.0016126587735148935,3509
84838,312.5,50,4,4,7.875,ANT WHITE HIGH RISE BIRD BOX,0.0,0.0,0.0,0.0,312.5,0.0,0.0,6.25,78.125,0.001611885068681926,3510
90016B,312.14,37,30,30,8.433333333333334,GOLD/M.O.P PENDANT ORBIT NECKLACE,0.0,0.0,0.0,0.0,312.14,0.0,0.0,8.436216216216216,10.404666666666666,0.0016100281770828043,3511
84906,313.42,67,22,21,5.348636363636364,PINK B'FLY C/COVER W BOBBLES,-1.95,1.0,1.0,1.0,311.47,0.006221683364175866,0.014925373134328358,4.677910447761194,14.924761904761905,0.0016065722954955507,3512
22872,311.3,136,39,39,3.132051282051282,NUMBER TILE COTTAGE GARDEN 4,0.0,0.0,0.0,0.0,311.3,0.0,0.0,2.288970588235294,7.982051282051282,0.0016056954300181876,3513
62095B,310.83,292,21,21,1.558095238095238,TURQOISE ICE CREAM SUNHAT,0.0,0.0,0.0,0.0,310.83,0.0,0.0,1.0644863013698629,14.80142857142857,0.00160327115487489,3514
84623,310.44,56,14,14,8.072142857142858,PINK GINGHAM ROSE FLOOR CUSHION,0.0,0.0,0.0,0.0,310.44,0.0,0.0,5.543571428571428,22.174285714285713,0.0016012595223091747,3515
90036D,310.24,39,17,16,7.961176470588235,"FLOWER GLASS GARLAND NECKL.36""BLACK",0.0,0.0,0.0,0.0,310.24,0.0,0.0,7.954871794871795,19.39,0.0016002279158652186,3516
84933B,309.15,136,6,6,3.408333333333333,LARGE PINK PEONY FOLDING STOOL,0.0,0.0,0.0,0.0,309.15,0.0,0.0,2.273161764705882,51.525,0.001594605660745656,3517
84661A,308.99,222,43,43,2.9223255813953486,WHITE SQUARE TABLE CLOCK,0.0,0.0,0.0,0.0,308.99,0.0,0.0,1.3918468468468468,7.185813953488372,0.0015937803755904907,3518
77081,308.38,242,33,33,1.7766666666666666,FLOWER WINDMILL,-1.25,1.0,1.0,1.0,307.13,0.0040534405603476235,0.004132231404958678,1.274297520661157,9.344848484848484,0.0015841864356616958,3519
21196,306.89,178,23,22,1.9382608695652173,ROUND WHITE CONFETTI IN TUBE,0.0,0.0,0.0,0.0,306.89,0.0,0.0,1.7241011235955055,13.949545454545454,0.001582948507928948,3520
84671B,306.77,109,33,32,3.185151515151515,CROCHET BEAR WITH BLUE STRIPES,0.0,0.0,0.0,0.0,306.77,0.0,0.0,2.8144036697247703,9.5865625,0.001582329544062574,3521
47593A,306.67,303,99,97,0.9405050505050505,CAROUSEL DESIGN BABY BIB,0.0,0.0,0.0,0.0,306.67,0.0,0.0,1.0121122112211223,3.1615463917525775,0.0015818137408405964,3522
23495,306.66,225,41,41,1.7221951219512195,SET OF 3 PANTRY WOODEN SPOONS,0.0,0.0,0.0,0.0,306.66,0.0,0.0,1.3629333333333336,7.479512195121952,0.0015817621605183983,3523
90209A,325.5,173,10,10,1.9949999999999999,PURPLE ENAMEL+GLASS HAIR COMB,-18.9,9.0,2.0,2.0,306.6,0.058064516129032254,0.05202312138728324,1.8815028901734103,32.55,0.0015814526785852114,3524
44235,305.94,821,25,22,0.41519999999999996,ASS COL CIRCLE MOBILE ,0.0,0.0,0.0,0.0,305.94,0.0,0.0,0.37264311814859924,13.906363636363636,0.001578048377320155,3525
16254,305.66,941,41,40,1.2665853658536586,TRANSPARENT ACRYLIC TAPE DISPENSER,0.0,0.0,0.0,0.0,305.66,0.0,0.0,0.3248246546227418,7.641500000000001,0.0015766041282986162,3526
84926A,305.59,673,54,51,1.0137037037037036,WAKE UP COCKEREL TILE COASTER,0.0,0.0,0.0,0.0,305.59,0.0,0.0,0.4540713224368499,5.991960784313725,0.0015762430660432314,3527
22889,331.33,197,41,39,3.490731707317073,NUMBER TILE VINTAGE FONT No ,-27.3,13.0,1.0,1.0,304.03,0.08239519512268735,0.06598984771573604,1.6818781725888323,8.495641025641024,0.001568196535780371,3528
20800,303.96,1005,5,5,3.618,LARGE GLASS SUNDAE DISH CLEAR,0.0,0.0,0.0,0.0,303.96,0.0,0.0,0.30244776119402983,60.791999999999994,0.0015678354735249862,3529
84219,303.86,137,28,28,2.5967857142857143,BOX/12 MOTHER & CHICK IN BASKET/BOW,0.0,0.0,0.0,0.0,303.86,0.0,0.0,2.217956204379562,10.852142857142857,0.0015673196703030082,3530
90129A,303.68,156,76,73,1.9298684210526313,PINK GLASS TASSLE BAG CHARM ,0.0,0.0,0.0,0.0,303.68,0.0,0.0,1.9466666666666668,4.16,0.0015663912245034476,3531
23430,301.88,36,18,18,8.621111111111112,BLUE RETRO KITCHEN WALL CLOCK,0.0,0.0,0.0,0.0,301.88,0.0,0.0,8.385555555555555,16.77111111111111,0.0015571067665078396,3532
35645,301.81,61,34,34,5.501764705882353,VINTAGE BEAD PINK JEWEL BOX,0.0,0.0,0.0,0.0,301.81,0.0,0.0,4.947704918032787,8.876764705882353,0.001556745704252455,3533
79190D,303.3,657,114,112,0.5611403508771929,RETRO PLASTIC DAISY TRAY,-2.1,5.0,1.0,1.0,301.2,0.006923837784371909,0.0076103500761035,0.46164383561643835,2.7080357142857143,0.0015535993045983877,3534
90035C,301.0,28,5,5,10.75,"PEARL & SHELL 42""NECKL. IVORY",0.0,0.0,0.0,0.0,301.0,0.0,0.0,10.75,60.2,0.001552567698154431,3535
23440,299.36,164,5,5,2.022,PAINT YOUR OWN EGGS IN CRATE,0.0,0.0,0.0,0.0,299.36,0.0,0.0,1.8253658536585367,59.872,0.0015441085253139885,3536
90124A,299.28,30,20,20,9.989,PINK MURANO TWIST NECKLACE,0.0,0.0,0.0,0.0,299.28,0.0,0.0,9.975999999999999,14.963999999999999,0.0015436958827364055,3537
47471,298.51,431,66,63,0.959090909090909,RAINBOW PEGS PHOTO CLIP STRING,0.0,0.0,0.0,0.0,298.51,0.0,0.0,0.692598607888631,4.738253968253968,0.0015397241979271735,3538
90030B,298.02,140,37,36,4.066756756756757,RED KUKUI COCONUT SEED NECKLACE,0.0,0.0,0.0,0.0,298.02,0.0,0.0,2.1287142857142856,8.278333333333332,0.0015371967621394802,3539
35981C,297.62,589,72,67,0.6566666666666667,WHITE SNOW SCANDINAVIAN STOCKING ,0.0,0.0,0.0,0.0,297.62,0.0,0.0,0.5052971137521223,4.442089552238806,0.0015351335492515676,3540
17001,299.34999999999997,1211,23,23,0.27956521739130435,HEAVENS SCENT FRAGRANCE OILS ASSTD,-1.7399999999999998,6.0,2.0,2.0,297.60999999999996,0.00581259395356606,0.00495458298926507,0.24719240297274978,13.015217391304347,0.0015350819689293695,3541
90115,296.53,115,63,60,2.626349206349206,SUMMER BUTTERFLIES BAG CHARM,0.0,0.0,0.0,0.0,296.53,0.0,0.0,2.5785217391304345,4.942166666666666,0.0015295112941320049,3542
35920,296.34,1070,24,24,1.6679166666666667,FOUR RABBIT EASTER DECORATIONS,0.0,0.0,0.0,0.0,296.34,0.0,0.0,0.27695327102803735,12.347499999999998,0.0015285312680102462,3543
DCGSSGIRL,295.63,92,23,23,3.2317391304347827,GIRLS PARTY BAG,0.0,0.0,0.0,0.0,295.63,0.0,0.0,3.2133695652173913,12.853478260869565,0.001524869065134201,3544
20869,295.12,529,54,53,0.9422222222222223,GOLD FABRIC MIRROR,0.0,0.0,0.0,0.0,295.12,0.0,0.0,0.557882797731569,5.568301886792453,0.0015222384687021123,3545
21697,295.08000000000004,372,7,7,1.4914285714285713,SET 5 MINI DOUGHNUT FRIDGE MAGNET ,0.0,0.0,0.0,0.0,295.08000000000004,0.0,0.0,0.793225806451613,42.15428571428572,0.0015220321474133211,3546
20795,308.7,135,29,29,2.956896551724138,LARGE BLUE PROVENCAL CERAMIC BALL,-14.7,7.0,3.0,3.0,294.0,0.047619047619047616,0.05185185185185185,2.2866666666666666,10.644827586206896,0.0015164614726159561,3547
21367,293.7,215,64,60,2.6443749999999997,MIRRORED WALL ART GENTS,0.0,0.0,0.0,0.0,293.7,0.0,0.0,1.366046511627907,4.895,0.0015149140629500213,3548
90185D,306.08,72,37,35,4.252432432432433,CRYSTAL DIAMANTE EXPANDABLE RING,-12.75,3.0,2.0,2.0,293.33,0.04165577626764245,0.041666666666666664,4.251111111111111,8.745142857142858,0.0015130055910287019,3549
90196A,306.0,24,13,11,12.75,PURPLE GEMSTONE NECKLACE 45CM,-12.75,1.0,1.0,1.0,293.25,0.041666666666666664,0.041666666666666664,12.75,27.818181818181817,0.0015125929484511194,3550
22954,293.89,238,50,50,1.3878,HEN PARTY CORDON BARRIER TAPE,-1.25,1.0,1.0,1.0,292.64,0.004253292048045187,0.004201680672268907,1.2348319327731092,5.8778,0.0015094465487970523,3551
84508C,295.08,108,45,43,2.987333333333333,BLUE CIRCLES DESIGN TEDDY,-2.55,1.0,1.0,1.0,292.53,0.008641724278161855,0.009259259259259259,2.732222222222222,6.862325581395348,0.0015088791652528761,3552
72801F,292.5,234,25,25,1.25,S/4 FESTIVE RED DINNER CANDLES,0.0,0.0,0.0,0.0,292.5,0.0,0.0,1.25,11.7,0.0015087244242862829,3553
20670,378.85,694,48,48,2.8625000000000003,VIP HOLIDAY PURSE,-86.4,312.0,3.0,3.0,292.45000000000005,0.22805859838986406,0.4495677233429395,0.5458933717579251,7.892708333333334,0.001508466522675294,3554
21030,292.15,240,53,51,1.2039622641509435,SPACE CADET RED,0.0,0.0,0.0,0.0,292.15,0.0,0.0,1.2172916666666667,5.728431372549019,0.001506919113009359,3555
DCGS0076,292.09,18,15,14,16.246666666666666,SUNJAR LED NIGHT NIGHT LIGHT,0.0,0.0,0.0,0.0,292.09,0.0,0.0,16.22722222222222,20.863571428571426,0.001506609631076172,3556
37422,292.08,434,73,73,1.3546575342465754,WHITE WITH BLACK CATS BOWL,0.0,0.0,0.0,0.0,292.08,0.0,0.0,0.6729953917050691,4.001095890410959,0.0015065580507539742,3557
85147,301.95,61,19,16,4.95,JARDIN ETCHED GLASS CANDLEHLDR LONG,-9.9,2.0,1.0,1.0,292.05,0.03278688524590164,0.03278688524590164,4.95,18.871875,0.0015064033097873808,3558
84529A,290.78,50,19,19,6.563684210526316,PINK KNITTED KIDS RUCKSACK,0.0,0.0,0.0,0.0,290.78,0.0,0.0,5.8156,15.304210526315789,0.0014998526088682573,3559
20826,290.72,355,14,14,1.3478571428571429,SILVER APERITIF GLASS,0.0,0.0,0.0,0.0,290.72,0.0,0.0,0.8189295774647888,20.76571428571429,0.0014995431269350708,3560
23567,291.58,211,38,37,1.823157894736842,EGG CUP HENRIETTA HEN PINK,-1.25,1.0,1.0,1.0,290.33,0.004286988133616846,0.004739336492890996,1.3818957345971563,7.88054054054054,0.0014975314943693554,3561
21388,290.16999999999996,311,29,29,0.9158620689655173,IVORY HANGING DECORATION  CHICKEN,0.0,0.0,0.0,0.0,290.16999999999996,0.0,0.0,0.9330225080385851,10.005862068965516,0.0014967062092141902,3562
21144,294.19,545,62,60,1.0741935483870966,PINK POODLE HANGING DECORATION ,-4.5600000000000005,12.0,1.0,1.0,289.63,0.015500186954009315,0.022018348623853212,0.5397981651376147,4.9031666666666665,0.001493920871815508,3563
84800S,292.03999999999996,388,19,19,1.0989473684210527,SMALL WHITE/PINK ROSE ART FLOWER,-2.5,2.0,1.0,1.0,289.53999999999996,0.008560471168333106,0.005154639175257732,0.7526804123711339,15.370526315789471,0.0014934566489157274,3564
84882,289.43,66,36,36,4.704166666666667,GREEN WIRE STANDING CANDLE HOLDER,0.0,0.0,0.0,0.0,289.43,0.0,0.0,4.385303030303031,8.039722222222222,0.0014928892653715516,3565
22871,289.39,127,30,30,3.266,NUMBER TILE COTTAGE GARDEN 3 ,0.0,0.0,0.0,0.0,289.39,0.0,0.0,2.2786614173228346,9.646333333333333,0.0014926829440827603,3566
72812,288.46,105,31,31,3.236774193548387,LARGE ZINC GLASS CANDLEHOLDER,0.0,0.0,0.0,0.0,288.46,0.0,0.0,2.747238095238095,9.30516129032258,0.0014878859741183628,3567
20987,288.35,131,22,22,3.0181818181818185,GEISHA GIRL CHOPSTICKS SET/5,0.0,0.0,0.0,0.0,288.35,0.0,0.0,2.201145038167939,13.106818181818182,0.0014873185905741868,3568
37444B,415.5,2012,29,28,3.785172413793104,BLUE BREAKFAST CUP AND SAUCER ,-127.92,984.0,1.0,1.0,287.58,0.30787003610108304,0.48906560636182905,0.20651093439363818,14.839285714285714,0.0014833469057649545,3569
16212,287.01,366,41,37,1.6778048780487806,FUNKY GIRLZ ASST MAGNETIC MEMO PAD,0.0,0.0,0.0,0.0,287.01,0.0,0.0,0.7841803278688524,7.757027027027027,0.0014804068273996786,3570
47578A,286.68,315,75,69,1.0485333333333333,ENGLISH ROSE SMALL SCENTED FLOWER,0.0,0.0,0.0,0.0,286.68,0.0,0.0,0.9100952380952381,4.154782608695652,0.0014787046767671507,3571
84192,286.1,238,40,38,1.2405,ASSORTED COLOUR METAL CAT ,0.0,0.0,0.0,0.0,286.1,0.0,0.0,1.2021008403361346,7.528947368421053,0.001475713018079677,3572
90098,301.28,137,55,55,2.3189090909090906,NECKLACE+BRACELET PINK BUTTERFLY,-15.3,6.0,1.0,1.0,285.97999999999996,0.05078332448220925,0.043795620437956206,2.199124087591241,5.477818181818181,0.0014750940542133028,3573
90014C,284.67999999999995,29,20,20,9.756499999999999,SILVER/BLACK ORBIT NECKLACE,0.0,0.0,0.0,0.0,284.67999999999995,0.0,0.0,9.816551724137929,14.233999999999998,0.0014683886123275861,3574
37413,284.49,703,83,81,0.4107228915662651,ICON MUG REVOLUTIONARY,0.0,0.0,0.0,0.0,284.49,0.0,0.0,0.40467994310099575,3.5122222222222224,0.0014674085862058277,3575
84770,419.25000000000006,135,16,16,3.825,ROUND GEORGIAN SILVER MIRROR,-135.70000000000002,46.0,7.0,7.0,283.55000000000007,0.3236732259988074,0.34074074074074073,3.105555555555556,26.203125000000004,0.0014625600359192328,3576
82093,283.49,139,28,28,3.1478571428571427,HEART SHAPE BUTTON FRAME ,0.0,0.0,0.0,0.0,283.49,0.0,0.0,2.039496402877698,10.124642857142858,0.0014622505539860454,3577
23410,290.1,36,18,18,8.027777777777779,CURIO CABINET LINEN AND LACE ,-8.15,1.0,1.0,1.0,281.95000000000005,0.028093760772147536,0.027777777777777776,8.058333333333334,16.116666666666667,0.0014543071843675813,3578
85049g,281.44,115,52,52,2.43,CHOCOLATE BOX RIBBONS ,0.0,0.0,0.0,0.0,281.44,0.0,0.0,2.447304347826087,5.412307692307692,0.001451676587935492,3579
21095,281.37,303,42,40,1.002857142857143,SET/6 POSIES PAPER PLATES,0.0,0.0,0.0,0.0,281.37,0.0,0.0,0.9286138613861387,7.03425,0.0014513155256801074,3580
84977,281.33,223,44,44,1.3086363636363636,WIRE FLOWER T-LIGHT HOLDER,0.0,0.0,0.0,0.0,281.33,0.0,0.0,1.2615695067264574,6.393863636363636,0.001451109204391316,3581
23481,281.17,228,32,29,1.28125,PEARLISED IVORY HEART SMALL ,0.0,0.0,0.0,0.0,281.17,0.0,0.0,1.233201754385965,9.69551724137931,0.001450283919236151,3582
90163A,280.71,37,24,24,7.605416666666667,PINK ROSEBUD & PEARL NECKLACE,0.0,0.0,0.0,0.0,280.71,0.0,0.0,7.586756756756756,11.69625,0.001447911224415051,3583
23015,338.38,40,19,18,8.691052631578946,CORDIAL GLASS JUG,-57.75,7.0,3.0,3.0,280.63,0.17066611501861811,0.175,8.4595,18.79888888888889,0.0014474985818374686,3584
20663,374.43,1076,46,44,2.574782608695652,QUEEN OF THE SKIES HOLIDAY PURSE ,-93.85,503.0,2.0,2.0,280.58000000000004,0.2506476510963331,0.4674721189591078,0.3479832713754647,8.509772727272727,0.0014472406802264796,3585
84457,278.72999999999996,291,65,64,1.1467692307692305,SET/3 RABBITS FLOWER SKIPPPING ROPE,0.0,0.0,0.0,0.0,278.72999999999996,0.0,0.0,0.9578350515463916,4.355156249999999,0.0014376983206198823,3586
84966C,276.0,23,2,2,12.0,GREEN KASHMIRI BOXED MIRROR,0.0,0.0,0.0,0.0,276.0,0.0,0.0,12.0,138.0,0.001423616892659877,3587
21372,275.87,158,53,50,2.6633962264150943,MIRRORED WALL ART TABLE LAMP,0.0,0.0,0.0,0.0,275.87,0.0,0.0,1.7460126582278481,5.5174,0.0014229463484713054,3588
35979,311.03000000000003,94,28,27,3.823571428571429,SIX STRING SCANDINAVIAN HEART DECS,-35.400000000000006,12.0,2.0,2.0,275.63,0.11381538758319135,0.1276595744680851,3.308829787234043,11.51962962962963,0.0014217084207385578,3589
23137,275.62,83,23,23,3.9765217391304346,ZINC WIRE SWEETHEART LETTER TRAY,0.0,0.0,0.0,0.0,275.62,0.0,0.0,3.320722891566265,11.983478260869566,0.00142165684041636,3590
47586A,275.53,202,30,29,2.3276666666666666,PINK FAIRY CAKE CUSHION COVER,0.0,0.0,0.0,0.0,275.53,0.0,0.0,1.3640099009900988,9.50103448275862,0.0014211926175165793,3591
21412,279.0,275,74,67,1.7285135135135135,VINTAGE GOLD TINSEL REEL,-3.7800000000000002,9.0,2.0,2.0,275.22,0.013548387096774195,0.03272727272727273,1.0145454545454546,4.164179104477612,0.0014195936275284472,3592
21193,274.37,111,23,22,2.8434782608695657,WHITE HONEYCOMB PAPER FAN ,0.0,0.0,0.0,0.0,274.37,0.0,0.0,2.471801801801802,12.471363636363636,0.0014152093001416322,3593
75178,273.93,497,25,25,1.4991999999999999,ASSTD COL BUTTERFLY/CRYSTAL W/CHIME,0.0,0.0,0.0,0.0,273.93,0.0,0.0,0.5511670020120725,10.9572,0.001412939765964928,3594
90122A,273.89,55,31,31,5.000967741935484,PINK CRYSTAL+GLASS BRACELET,0.0,0.0,0.0,0.0,273.89,0.0,0.0,4.979818181818182,8.83516129032258,0.0014127334446761368,3595
84927F,277.53,336,65,62,1.644,PSYCHEDELIC TILE HOOK,-4.05,6.0,2.0,2.0,273.47999999999996,0.014593016971138257,0.017857142857142856,0.8259821428571428,4.4762903225806445,0.0014106186514660259,3596
16052,283.0,850,36,35,0.576111111111111,TEATIME PUSH DOWN RUBBER,-10.08,24.0,1.0,1.0,272.92,0.03561837455830389,0.02823529411764706,0.33294117647058824,8.085714285714285,0.0014077301534229482,3597
23141,272.91,79,25,25,4.2404,TRIPLE WIRE HOOK PINK HEART,0.0,0.0,0.0,0.0,272.91,0.0,0.0,3.454556962025317,10.916400000000001,0.0014076785731007503,3598
84924D,272.61,764,15,15,3.7993333333333337,LA PALMIERA METAL SIGN CALENDAR,0.0,0.0,0.0,0.0,272.61,0.0,0.0,0.3568193717277487,18.174,0.0014061311634348157,3599
22875,272.56,124,31,30,2.871935483870968,NUMBER TILE COTTAGE GARDEN 7,0.0,0.0,0.0,0.0,272.56,0.0,0.0,2.1980645161290324,9.085333333333333,0.0014058732618238265,3600
35096A,272.45,765,50,50,0.6742,BLUE VICTORIAN FABRIC HEART BOX,0.0,0.0,0.0,0.0,272.45,0.0,0.0,0.3561437908496732,5.449,0.0014053058782796503,3601
20980,283.56,234,60,58,1.4020000000000001,36 PENCILS TUBE POSY,-11.25,9.0,1.0,1.0,272.31,0.03967414303851037,0.038461538461538464,1.2117948717948719,4.888965517241379,0.001404583753768881,3602
84499,272.16999999999996,326,41,41,1.238780487804878,BLACK FLOWER CANDLE PLATE,0.0,0.0,0.0,0.0,272.16999999999996,0.0,0.0,0.8348773006134969,6.638292682926828,0.0014038616292581113,3603
22874,272.02,126,29,28,2.7824137931034483,NUMBER TILE COTTAGE GARDEN 6,0.0,0.0,0.0,0.0,272.02,0.0,0.0,2.158888888888889,9.715,0.001403087924425144,3604
90032,271.88,48,24,24,6.118333333333333,IVORY SHELL HEART NECKLACE,0.0,0.0,0.0,0.0,271.88,0.0,0.0,5.664166666666667,11.328333333333333,0.0014023657999143746,3605
23474,270.96000000000004,312,38,37,1.0405263157894737,WOODLAND SMALL BLUE FELT HEART,0.0,0.0,0.0,0.0,270.96000000000004,0.0,0.0,0.8684615384615386,7.323243243243244,0.0013976204102721752,3606
84926F,277.9,484,42,42,1.4188095238095237,PSYCHEDELIC TILE COASTER,-6.959999999999999,24.0,1.0,1.0,270.94,0.025044980208708167,0.049586776859504134,0.5741735537190082,6.616666666666666,0.0013975172496277794,3607
22868,270.38,124,27,27,3.008518518518519,NUMBER TILE COTTAGE GARDEN 0 ,0.0,0.0,0.0,0.0,270.38,0.0,0.0,2.180483870967742,10.014074074074074,0.0013946287515847013,3608
90129E,269.78000000000003,133,61,59,1.9126229508196722,PURPLE GLASS TASSLE BAG CHARM,0.0,0.0,0.0,0.0,269.78000000000003,0.0,0.0,2.0284210526315793,4.572542372881356,0.0013915339322528321,3609
90122C,269.1,54,30,30,5.009,TURQUOISE CRYSTAL+GLASS BRACELET,0.0,0.0,0.0,0.0,269.1,0.0,0.0,4.983333333333333,8.97,0.0013880264703433802,3610
72753D,302.40000000000003,144,9,9,2.1,S/3 FLWR FAIRY SUMMER CANDLES,-33.6,16.0,2.0,2.0,268.8,0.1111111111111111,0.1111111111111111,2.1,33.6,0.0013864790606774456,3611
84625B,279.0,180,17,17,2.3323529411764707,BLCK NEW BAROQUE CANDLESTICK CANDLE,-10.2,12.0,1.0,1.0,268.8,0.03655913978494624,0.06666666666666667,1.55,16.41176470588235,0.0013864790606774456,3612
20818,268.5,87,30,30,4.491666666666666,GOLD TEDDY BEAR,0.0,0.0,0.0,0.0,268.5,0.0,0.0,3.086206896551724,8.95,0.001384931651011511,3613
18096C,298.7,117,20,20,3.4455,WHITE ROUND PORCELAIN TLIGHT HOLDER,-30.6,12.0,2.0,2.0,268.09999999999997,0.10244392366923336,0.10256410256410256,2.552991452991453,14.934999999999999,0.001382868438123598,3614
21321,301.8,122,18,18,3.076111111111111,GLASS CHALICE BLUE  LARGE ,-34.2,15.0,3.0,3.0,267.6,0.11332007952286283,0.12295081967213115,2.4737704918032786,16.766666666666666,0.0013802894220137072,3615
47481,267.53,327,45,44,1.1302222222222222,50CM METAL STRING WITH  7 CLIPS,0.0,0.0,0.0,0.0,267.53,0.0,0.0,0.8181345565749235,6.080227272727272,0.001379928359758322,3616
85195,269.44000000000005,146,17,17,2.205294117647059,HANGING HEART BASKET,-2.1,1.0,1.0,1.0,267.34000000000003,0.007793942992874108,0.00684931506849315,1.8454794520547948,15.849411764705886,0.0013789483336365638,3617
22873,266.71,121,32,31,2.91125,NUMBER TILE COTTAGE GARDEN 5,0.0,0.0,0.0,0.0,266.71,0.0,0.0,2.2042148760330575,8.603548387096774,0.0013756987733381007,3618
79303D,272.45,78,19,19,4.860526315789474,LILAC FLOWER BLOCK TABLE LAMP,-5.9,2.0,2.0,2.0,266.55,0.02165534960543219,0.02564102564102564,3.492948717948718,14.339473684210526,0.001374873488182936,3619
90096,266.44,113,54,49,2.475185185185185,NECKLACE+BRACELET SET BLUE BLOSSOM,0.0,0.0,0.0,0.0,266.44,0.0,0.0,2.3578761061946905,5.437551020408163,0.0013743061046387595,3620
22877,271.64,128,28,28,2.5785714285714287,NUMBER TILE COTTAGE GARDEN 9,-5.85,3.0,3.0,2.0,265.78999999999996,0.02153585628037108,0.0234375,2.1221875,9.70142857142857,0.001370953383695901,3621
23476,264.72,205,22,22,1.4700000000000002,WOODLAND LARGE RED FELT HEART,0.0,0.0,0.0,0.0,264.72,0.0,0.0,1.2913170731707317,12.032727272727273,0.0013654342892207344,3622
21370,264.67,56,23,22,7.312608695652174,MIRRORED WALL ART FOXY,0.0,0.0,0.0,0.0,264.67,0.0,0.0,4.72625,12.030454545454546,0.0013651763876097454,3623
44234,264.76,1220,63,56,0.39650793650793653,ASSORTED CIRCULAR MOBILE,-0.42,2.0,1.0,1.0,264.34,0.0015863423477866748,0.001639344262295082,0.21701639344262294,4.727857142857142,0.001363474236977217,3624
90040B,263.59,73,38,36,3.6744736842105263,MURANO STYLE GLASS BRACELET BLACK,0.0,0.0,0.0,0.0,263.59,0.0,0.0,3.610821917808219,7.321944444444444,0.0013596057128123804,3625
90157,263.28000000000003,53,24,24,4.982916666666667,RIVIERA NECKLACE,0.0,0.0,0.0,0.0,263.28000000000003,0.0,0.0,4.967547169811321,10.97,0.001358006722824248,3626
72793,268.75,55,10,10,5.5600000000000005,BLACK BOX MIRROR LANTERN,-5.95,1.0,1.0,1.0,262.8,0.022139534883720932,0.01818181818181818,4.886363636363637,26.875,0.0013555308673587525,3627
84613C,262.71,63,13,12,4.585384615384616,BLUE NEW BAROQUE FLOCK CANDLESTICK,0.0,0.0,0.0,0.0,262.71,0.0,0.0,4.17,21.8925,0.0013550666444589721,3628
22876,262.59,121,26,23,2.974615384615385,NUMBER TILE COTTAGE GARDEN 8,0.0,0.0,0.0,0.0,262.59,0.0,0.0,2.170165289256198,11.41695652173913,0.0013544476805925983,3629
21268,262.5,399,53,49,1.2720754716981133,VINTAGE BLUE TINSEL REEL,0.0,0.0,0.0,0.0,262.5,0.0,0.0,0.6578947368421053,5.357142857142857,0.001353983457692818,3630
84806A,261.90999999999997,319,20,20,1.135,PINK CANDYSTUFT ARTIFICIAL FLOWER,0.0,0.0,0.0,0.0,261.90999999999997,0.0,0.0,0.8210344827586206,13.095499999999998,0.0013509402186831464,3631
90028,261.77,31,26,24,8.440384615384616,NEW BAROQUE LARGE NECKLACE BLK/WHIT,0.0,0.0,0.0,0.0,261.77,0.0,0.0,8.444193548387096,10.907083333333333,0.0013502180941723767,3632
17038,261.51,2659,56,55,0.4226785714285714,PORCELAIN BUDAH INCENSE HOLDER,0.0,0.0,0.0,0.0,261.51,0.0,0.0,0.0983490033847311,4.754727272727273,0.0013488770057952335,3633
90146,276.49,41,20,19,7.4495000000000005,FINE SILVER NECKLACE W PASTEL FLOWE,-15.0,2.0,1.0,1.0,261.49,0.05425151000036167,0.04878048780487805,6.743658536585366,14.552105263157895,0.001348773845150838,3634
85095,261.04,175,50,49,1.7990000000000002,THREE CANVAS LUGGAGE TAGS,0.0,0.0,0.0,0.0,261.04,0.0,0.0,1.491657142857143,5.327346938775511,0.001346452730651936,3635
72799D,260.67,78,19,18,3.742105263157895,BLUE PILLAR CANDLE SILVER FLOCK,0.0,0.0,0.0,0.0,260.67,0.0,0.0,3.341923076923077,14.481666666666667,0.0013445442587306166,3636
90073,260.52,52,36,34,5.032777777777778,VINTAGE ENAMEL & CRYSTAL EARRINGS,0.0,0.0,0.0,0.0,260.52,0.0,0.0,5.01,7.66235294117647,0.0013437705538976493,3637
79328,260.76,594,17,17,1.4888235294117647,BLUE FLOCK GLASS CANDLEHOLDER,-1.52,4.0,1.0,1.0,259.24,0.005829114894922534,0.006734006734006734,0.438989898989899,15.338823529411764,0.0013371682726563282,3638
47591A,269.53999999999996,163,70,70,1.6547142857142856,CAROUSEL DES CHILD'S APRON,-11.55,7.0,1.0,1.0,257.98999999999995,0.04285078281516659,0.04294478527607362,1.6536196319018404,3.850571428571428,0.0013307207323816,3639
90035A,257.55,24,16,16,10.721874999999999,"PEARL & SHELL 42""NECKL. GREEN",0.0,0.0,0.0,0.0,257.55,0.0,0.0,10.731250000000001,16.096875,0.001328451198204896,3640
84520b,257.4,110,10,10,2.085,PACK 20 ENGLISH ROSE PAPER NAPKINS,0.0,0.0,0.0,0.0,257.4,0.0,0.0,2.34,25.74,0.0013276774933719288,3641
22882,259.28999999999996,127,51,50,2.9750980392156863,NUMBER TILE VINTAGE FONT 3,-1.95,1.0,1.0,1.0,257.34,0.007520536850630569,0.007874015748031496,2.041653543307086,5.1857999999999995,0.0013273680114387419,3642
85179C,257.15,116,40,40,3.185,PINK BITTY LIGHT CHAIN,0.0,0.0,0.0,0.0,257.15,0.0,0.0,2.216810344827586,6.428749999999999,0.0013263879853169832,3643
84371,257.1,30,6,6,17.375,BIG PINK POODLE,0.0,0.0,0.0,0.0,257.1,0.0,0.0,8.57,42.85,0.0013261300837059944,3644
84660c,256.84,34,31,28,7.558064516129033,PINK STITCHED WALL CLOCK,0.0,0.0,0.0,0.0,256.84,0.0,0.0,7.554117647058823,9.172857142857142,0.0013247889953288507,3645
84597B,259.37,205,27,27,1.612962962962963,RETRO BROWN BALL ASHTRAY ,-3.75,3.0,1.0,1.0,255.62,0.014458110035856113,0.014634146341463415,1.265219512195122,9.606296296296296,0.0013184961960207168,3646
90081C,255.56,51,37,36,5.034054054054054,LILY BROOCH OLIVE COLOUR,0.0,0.0,0.0,0.0,255.56,0.0,0.0,5.0109803921568625,7.098888888888889,0.0013181867140875298,3647
84482,293.02,75,33,32,4.106666666666667,BUTTONS DESIGN JEWELLERY BOX,-37.5,10.0,2.0,2.0,255.51999999999998,0.12797761244966216,0.13333333333333333,3.906933333333333,9.156875,0.0013179803927987383,3648
72801d,254.98,103,61,61,2.476393442622951,4 SKY BLUE DINNER CANDLES,0.0,0.0,0.0,0.0,254.98,0.0,0.0,2.475533980582524,4.18,0.001315195055400056,3649
90196B,254.73,20,15,14,12.732,BLACK GEMSTONE NECKLACE 45CM,0.0,0.0,0.0,0.0,254.73,0.0,0.0,12.7365,18.195,0.0013139055473451104,3650
85232b,254.47,25,22,22,10.18,SET/3 RUSSIAN DOLL STACKING TINS,0.0,0.0,0.0,0.0,254.47,0.0,0.0,10.1788,11.566818181818181,0.0013125644589679672,3651
gift_0001_50,253.59,6,6,6,42.265,Dotcomgiftshop Gift Voucher £50.00,0.0,0.0,0.0,0.0,253.59,0.0,0.0,42.265,42.265,0.001308025390614559,3652
21493,252.45,272,30,29,1.0483333333333333, VINTAGE DESIGN GIFT TAGS,0.0,0.0,0.0,0.0,252.45,0.0,0.0,0.928125,8.705172413793104,0.0013021452338840072,3653
79338,252.29,553,13,13,1.4692307692307693,DARK PINK FLOCK GLASS CANDLEHOLDER,0.0,0.0,0.0,0.0,252.29,0.0,0.0,0.45622061482820975,19.406923076923075,0.001301319948728842,3654
DCGSSBOY,251.35,77,21,21,3.2261904761904763,BOYS PARTY BAG,0.0,0.0,0.0,0.0,251.35,0.0,0.0,3.2642857142857142,11.969047619047618,0.0012964713984422466,3655
21032,254.66,205,51,50,1.3978431372549018,SPACE CADET WHITE,-3.75,3.0,1.0,1.0,250.91,0.01472551637477421,0.014634146341463415,1.2422439024390244,5.0931999999999995,0.0012942018642655426,3656
47503H,252.28,162,65,60,1.9536923076923076,ASS FLORAL PRINT SPIRIT LEVEL ,-1.95,1.0,1.0,1.0,250.33,0.007729506897098462,0.006172839506172839,1.557283950617284,4.204666666666666,0.001291210205578069,3657
90181B,249.95000000000002,27,26,24,9.261538461538462,AMETHYST GLASS/SHELL/PEARL NECKLACE,0.0,0.0,0.0,0.0,249.95000000000002,0.0,0.0,9.257407407407408,10.414583333333335,0.001289250153334552,3658
84627,297.5,50,20,19,5.95,CANDY STRIPE ROSE C/COVER ,-47.6,8.0,1.0,1.0,249.9,0.16,0.16,5.95,15.657894736842104,0.0012889922517235627,3659
84993B,249.12,564,88,86,0.4588636363636363,75 BLACK PETIT FOUR CASES,0.0,0.0,0.0,0.0,249.12,0.0,0.0,0.44170212765957445,2.8967441860465115,0.0012849689865921327,3660
90129C,248.36,110,52,51,2.1040384615384613,GREEN GLASS TASSLE BAG CHARM,0.0,0.0,0.0,0.0,248.36,0.0,0.0,2.2578181818181817,4.869803921568628,0.001281048882105098,3661
84030c,248.0,32,13,13,7.718461538461539,KNITTED RAINBOW HOT WATER BOTTLE,0.0,0.0,0.0,0.0,248.0,0.0,0.0,7.75,19.076923076923077,0.0012791919905059766,3662
72739C,279.08,326,23,23,1.6782608695652175,DARK CHOCOLATE SCENTCANDLE,-31.25,25.0,2.0,2.0,247.82999999999998,0.11197506091443314,0.07668711656441718,0.8560736196319018,12.13391304347826,0.0012783151250286135,3663
90081A,247.75,50,25,24,4.96,LILY BROOCH AMETHYST COLOUR,0.0,0.0,0.0,0.0,247.75,0.0,0.0,4.955,10.322916666666666,0.001277902482451031,3664
23465,247.63,29,16,16,8.77375,TUSCAN VILLA BIRD FEEDER,0.0,0.0,0.0,0.0,247.63,0.0,0.0,8.53896551724138,15.476875,0.0012772835185846571,3665
84621,247.26,29,15,15,9.064,BLUE GINGHAM ROSE FLOOR CUSHION ,0.0,0.0,0.0,0.0,247.26,0.0,0.0,8.526206896551724,16.483999999999998,0.0012753750466633377,3666
90036C,246.83,31,15,15,7.975333333333334,"FLOWER GLASS GARLAND NECKL.36""BLUE",0.0,0.0,0.0,0.0,246.83,0.0,0.0,7.96225806451613,16.455333333333336,0.0012731570928088314,3667
46307,246.03,51,33,33,5.2645454545454555,ROSES BLUE BASE CUSHION COVER ,0.0,0.0,0.0,0.0,246.03,0.0,0.0,4.824117647058824,7.455454545454545,0.0012690306670330059,3668
35818P,245.51,560,26,25,1.065,"ACRYLIC JEWEL ICICLE, PINK",0.0,0.0,0.0,0.0,245.51,0.0,0.0,0.43841071428571426,9.8204,0.001266348490278719,3669
90119,243.07,97,42,42,2.5385714285714283,METALIC LEAVES BAG CHARMS,0.0,0.0,0.0,0.0,243.07,0.0,0.0,2.5058762886597936,5.7873809523809525,0.0012537628916624505,3670
82011A,246.58,59,34,34,4.359705882352941,"BATHROOM SCALES, TROPICAL BEACH",-3.75,1.0,1.0,1.0,242.83,0.015208046070240894,0.01694915254237288,4.1793220338983055,7.252352941176471,0.0012525249639297029,3671
10123C,255.06,651,64,63,0.7884375,HEARTS WRAPPING TAPE ,-12.540000000000001,150.0,2.0,2.0,242.52,0.049164902375911555,0.2304147465437788,0.3917972350230415,4.048571428571429,0.0012509259739415704,3672
23475,242.18,286,31,31,0.959032258064516,WOODLAND SMALL PINK FELT HEART,0.0,0.0,0.0,0.0,242.18,0.0,0.0,0.8467832167832168,7.812258064516129,0.0012491722429868444,3673
90210B,240.90000000000003,105,27,24,2.7333333333333334,CLEAR ACRYLIC FACETED BANGLE,0.0,0.0,0.0,0.0,240.90000000000003,0.0,0.0,2.2942857142857145,10.037500000000001,0.0012425699617455233,3674
23143,239.97,30,16,16,9.929375,ZINC WIRE KITCHEN ORGANISER,0.0,0.0,0.0,0.0,239.97,0.0,0.0,7.999,14.998125,0.0012377729917811256,3675
82553,237.73000000000002,114,42,42,2.5773809523809526,POP'S GREASY SPOON METAL SIGN,0.0,0.0,0.0,0.0,237.73000000000002,0.0,0.0,2.0853508771929827,5.660238095238095,0.0012262189996088137,3676
21369,236.73,135,24,22,3.145,MIRRORED WALL ART SPLODGES,0.0,0.0,0.0,0.0,236.73,0.0,0.0,1.7535555555555555,10.760454545454545,0.0012210609673890315,3677
20940,342.75,118,22,22,3.475454545454546,SET/6 GARDEN GNOME T-LIGHT CANDLES,-106.2,36.0,2.0,2.0,236.55,0.3098468271334792,0.3050847457627119,2.9046610169491527,15.579545454545455,0.001220132521589471,3678
90133,236.46,47,36,36,5.055833333333333,TEAL/FUSCHIA COL BEAD NECKLACE,0.0,0.0,0.0,0.0,236.46,0.0,0.0,5.031063829787234,6.568333333333333,0.0012196682986896905,3679
20891,236.33,684,3,3,8.126666666666667,LARGE GLASS ROSE SCENTED CANDLE ,0.0,0.0,0.0,0.0,236.33,0.0,0.0,0.34551169590643277,78.77666666666667,0.0012189977545011188,3680
47587A,1099.88,2706,26,26,1.231153846153846,PINK FAIRY CAKE COASTER,-864.0,1200.0,1.0,1.0,235.8800000000001,0.7855402407535367,0.4434589800443459,0.406459719142646,42.30307692307693,0.0012166766400022173,3681
90210D,235.73000000000002,142,23,23,2.4991304347826087,PURPLE ACRYLIC FACETED BANGLE,0.0,0.0,0.0,0.0,235.73000000000002,0.0,0.0,1.6600704225352114,10.249130434782609,0.0012159029351692496,3682
90199B,234.98,37,32,31,6.3509375,5 STRAND GLASS NECKLACE AMETHYST,0.0,0.0,0.0,0.0,234.98,0.0,0.0,6.350810810810811,7.58,0.0012120344110044126,3683
23580,234.92,116,25,25,2.2116,SNACK TRAY HAPPY FOREST  ,0.0,0.0,0.0,0.0,234.92,0.0,0.0,2.0251724137931033,9.396799999999999,0.001211724929071226,3684
22880,234.48,112,38,37,3.2110526315789474,NUMBER TILE VINTAGE FONT 1,0.0,0.0,0.0,0.0,234.48,0.0,0.0,2.0935714285714284,6.337297297297297,0.0012094553948945217,3685
84796a,234.28,28,20,20,8.370999999999999,PINK HAWAIIAN PICNIC HAMPER FOR 2,0.0,0.0,0.0,0.0,234.28,0.0,0.0,8.367142857142857,11.714,0.0012084237884505652,3686
21460,249.64999999999998,113,27,27,2.3655555555555554,GREEN EASTER EGG HUNT START POST,-15.6,8.0,2.0,2.0,234.04999999999998,0.06248748247546566,0.07079646017699115,2.2092920353982297,9.246296296296295,0.0012072374410400154,3687
20736,233.5,290,19,19,0.8431578947368421,PINK MINI TAPE MEASURE ,0.0,0.0,0.0,0.0,233.5,0.0,0.0,0.8051724137931034,12.289473684210526,0.0012044005233191352,3688
84629,237.8,24,13,13,12.796153846153846,WHITE 3 FRAME BIRDS AND TREE ,-4.95,1.0,1.0,1.0,232.85000000000002,0.020815811606391926,0.041666666666666664,9.908333333333333,18.292307692307695,0.0012010478023762768,3689
20855,234.29999999999998,142,47,47,1.65,PINK PATCH PURSE BLUE HEART,-1.65,1.0,1.0,1.0,232.64999999999998,0.007042253521126761,0.007042253521126761,1.65,4.985106382978723,0.0012000161959323202,3690
84797b,232.62,21,19,19,11.083157894736841,BLUE SAVANNAH PICNIC HAMPER FOR 4,0.0,0.0,0.0,0.0,232.62,0.0,0.0,11.077142857142857,12.243157894736843,0.001199861454965727,3691
23036,232.42000000000002,184,16,16,1.325625,T-LIGHT HOLDER SILVER PETIT FOUR ,0.0,0.0,0.0,0.0,232.42000000000002,0.0,0.0,1.2631521739130436,14.526250000000001,0.0011988298485217706,3692
16256B,232.35,524,36,35,0.5841666666666667,FLOWER PENCIL/RUBBER+5 MINI PENCILS,0.0,0.0,0.0,0.0,232.35,0.0,0.0,0.44341603053435114,6.638571428571429,0.0011984687862663856,3693
35991,232.08,402,56,54,0.8748214285714286,SET/6 BLACK SNOWFLAKE T-LIGHTS ,0.0,0.0,0.0,0.0,232.08,0.0,0.0,0.5773134328358209,4.297777777777778,0.0011970761175670447,3694
23447,231.9,158,4,4,1.5999999999999999,PINK BUNNY EASTER EGG BASKET,0.0,0.0,0.0,0.0,231.9,0.0,0.0,1.4677215189873418,57.975,0.0011961476717674837,3695
21226,231.8,214,39,37,1.0776923076923077,POCKET MIRROR WOODLAND,0.0,0.0,0.0,0.0,231.8,0.0,0.0,1.083177570093458,6.264864864864865,0.0011956318685455054,3696
90170,251.27,151,74,73,1.6717567567567566,DAISY HAIR BAND,-19.8,12.0,1.0,1.0,231.47,0.0787996975365145,0.07947019867549669,1.664039735099338,3.442054794520548,0.0011939297179129774,3697
16202C,230.59,97,12,12,3.9766666666666666,BEIGE PHOTO ALBUM,0.0,0.0,0.0,0.0,230.59,0.0,0.0,2.377216494845361,19.215833333333332,0.0011893906495595691,3698
90116,230.54,108,65,63,2.3309230769230767,FRUIT SALAD BAG CHARM,0.0,0.0,0.0,0.0,230.54,0.0,0.0,2.1346296296296297,3.659365079365079,0.0011891327479485799,3699
90164A,230.39,40,25,25,6.93,PINK ROSEBUD PEARL BRACELET,0.0,0.0,0.0,0.0,230.39,0.0,0.0,5.7597499999999995,9.2156,0.0011883590431156126,3700
37483,232.89,143,12,10,2.46,ENGLISH ROSE MUG IN GIFT BOX,-2.55,1.0,1.0,1.0,230.33999999999997,0.010949375241530336,0.006993006993006993,1.6286013986013985,23.288999999999998,0.0011881011415046233,3701
23446,230.25,157,3,3,1.5833333333333333,BLUE BUNNY EASTER EGG BASKET,0.0,0.0,0.0,0.0,230.25,0.0,0.0,1.46656050955414,76.75,0.0011876369186048432,3702
22884,229.89,113,41,39,3.0636585365853657,NUMBER TILE VINTAGE FONT 5,0.0,0.0,0.0,0.0,229.89,0.0,0.0,2.034424778761062,5.894615384615384,0.0011857800270057214,3703
37508,229.57,89,46,46,2.60695652173913,NEW ENGLAND CERAMIC CAKE SERVER,0.0,0.0,0.0,0.0,229.57,0.0,0.0,2.579438202247191,4.990652173913043,0.0011841294566953913,3704
90122B,228.99,46,26,26,4.999615384615385,JADE CRYSTAL+GLASS BRACELET,0.0,0.0,0.0,0.0,228.99,0.0,0.0,4.97804347826087,8.807307692307692,0.0011811377980079178,3705
17084P,228.43,1016,72,70,0.3436111111111111,DRAGONS BLOOD INCENSE,0.0,0.0,0.0,0.0,228.43,0.0,0.0,0.22483267716535435,3.2632857142857143,0.0011782492999648398,3706
35809B,227.54,104,33,33,2.5727272727272728,ENAMEL BLUE RIM TEA CONTAINER,0.0,0.0,0.0,0.0,227.54,0.0,0.0,2.187884615384615,6.895151515151515,0.0011736586512892334,3707
71028B,227.48,494,13,13,1.8407692307692307,SILVER BLUE EGG T-LIGHT HOLDER,0.0,0.0,0.0,0.0,227.48,0.0,0.0,0.46048582995951415,17.498461538461537,0.0011733491693560465,3708
35833G,227.38,136,35,34,1.7057142857142857,4 GOLD FLOCK CHRISTMAS BALLS,0.0,0.0,0.0,0.0,227.38,0.0,0.0,1.6719117647058823,6.687647058823529,0.0011728333661340682,3709
84705C,227.33,162,8,8,3.92875,PINK FLOCK PHOTO FRAME ,0.0,0.0,0.0,0.0,227.33,0.0,0.0,1.4032716049382716,28.41625,0.0011725754645230792,3710
72750D,226.5,110,11,11,2.6772727272727272,F.FAIRY S/3 CANDLE/GLASS,0.0,0.0,0.0,0.0,226.5,0.0,0.0,2.059090909090909,20.59090909090909,0.00116829429778066,3711
23003,226.2,542,54,53,0.41888888888888887,TRAVEL CARD WALLET VINTAGE ROSE ,0.0,0.0,0.0,0.0,226.2,0.0,0.0,0.41734317343173427,4.2679245283018865,0.0011667468881147254,3712
90155,226.16,30,21,21,7.555238095238095,RESIN NECKLACE W PASTEL BEADS,0.0,0.0,0.0,0.0,226.16,0.0,0.0,7.538666666666667,10.76952380952381,0.001166540566825934,3713
84966A,225.95,13,4,4,25.4875,PINK KASHMIRI BOXED MIRROR,0.0,0.0,0.0,0.0,225.95,0.0,0.0,17.38076923076923,56.4875,0.0011654573800597798,3714
84461,253.79,99,40,40,2.60775,12 PINK HEN+CHICKS IN BASKET,-28.05,11.0,2.0,2.0,225.73999999999998,0.11052444934788605,0.1111111111111111,2.5635353535353533,6.3447499999999994,0.0011643741932936254,3715
35597B,225.35,79,8,7,1.51375,BLACKCHRISTMAS TREE 30CM,0.0,0.0,0.0,0.0,225.35,0.0,0.0,2.8525316455696204,32.19285714285714,0.0011623625607279104,3716
90019C,224.4,42,36,34,5.364722222222222,SILVER BLACK ORBIT BRACELET,0.0,0.0,0.0,0.0,224.4,0.0,0.0,5.342857142857143,6.6000000000000005,0.0011574624301191176,3717
23149,251.45,99,21,21,2.7252380952380952,ANTIQUE IVORY WIRE BOWL SMALL,-27.39,11.0,2.0,2.0,224.06,0.10892821634519786,0.1111111111111111,2.53989898989899,11.973809523809523,0.0011557086991643916,3718
90125D,223.74,136,36,36,2.7491666666666665,PURPLE BERTIE GLASS BEAD BAG CHARM,0.0,0.0,0.0,0.0,223.74,0.0,0.0,1.6451470588235295,6.215,0.0011540581288540614,3719
85039a,222.53,67,47,44,3.321276595744681,SET/4 RED MINI ROSE CANDLE IN BOWL,0.0,0.0,0.0,0.0,222.53,0.0,0.0,3.3213432835820895,5.0575,0.001147816909868125,3720
21639,228.64999999999998,259,15,15,0.9633333333333333,ASSORTED TUTTI FRUTTI KEYRING,-6.8,8.0,2.0,2.0,221.84999999999997,0.029739776951672865,0.03088803088803089,0.8828185328185327,15.243333333333332,0.0011443094479586728,3721
17011C,221.4,335,2,2,2.475,ORIGAMI LAVENDER INCENSE+FLOWER,0.0,0.0,0.0,0.0,221.4,0.0,0.0,0.6608955223880597,110.7,0.0011419883334597711,3722
90005A,221.09,108,59,57,2.081864406779661,JADE GREEN ENAMEL HAIR COMB,0.0,0.0,0.0,0.0,221.09,0.0,0.0,2.0471296296296297,3.8787719298245613,0.0011403893434716386,3723
16258B,221.06,1016,16,15,0.36,DAISY ERASERS IN BAG,0.0,0.0,0.0,0.0,221.06,0.0,0.0,0.21757874015748033,14.737333333333334,0.0011402346025050452,3724
17013B,221.03,256,3,3,1.7066666666666668,ORIGAMI JASMINE INCENSE IN TUBE,0.0,0.0,0.0,0.0,221.03,0.0,0.0,0.8633984375,73.67666666666666,0.0011400798615384515,3725
72807b,220.94000000000003,26,19,19,8.488947368421051,SET/3 OCEAN SCENT CANDLE JEWEL BOX,0.0,0.0,0.0,0.0,220.94000000000003,0.0,0.0,8.497692307692308,11.62842105263158,0.0011396156386386713,3726
82585,235.9,164,49,47,1.8791836734693876,SWEET VALENCIA CANDLE+CUP,-15.0,12.0,1.0,1.0,220.9,0.0635862653666808,0.07317073170731707,1.4384146341463415,5.019148936170213,0.00113940931734988,3727
17090A,220.75,215,28,26,1.1928571428571428,LAVENDER INCENSE 40 CONES IN TIN,0.0,0.0,0.0,0.0,220.75,0.0,0.0,1.0267441860465116,8.490384615384615,0.0011386356125169127,3728
84725,220.75,135,30,29,2.1866666666666665,FREESTYLE CANVAS ART PICTURE,0.0,0.0,0.0,0.0,220.75,0.0,0.0,1.635185185185185,7.612068965517241,0.0011386356125169127,3729
62086A,220.35,113,24,24,1.95,PINK RETRO BIG FLOWER BAG,0.0,0.0,0.0,0.0,220.35,0.0,0.0,1.95,9.18125,0.0011365723996289996,3730
90124C,220.20999999999998,22,16,16,10.031875,GREEN MURANO TWIST NECKLACE,0.0,0.0,0.0,0.0,220.20999999999998,0.0,0.0,10.009545454545453,13.763124999999999,0.0011358502751182302,3731
90211B,231.99,39,28,26,5.948571428571428,JET BLACK LAS VEGAS NECKLACE 45CM,-11.9,2.0,1.0,1.0,220.09,0.05129531445320919,0.05128205128205128,5.9484615384615385,8.922692307692309,0.0011352313112518565,3732
72225D,219.45999999999998,962,11,11,0.26818181818181813,VANILLA SCENT CAKE CANDLE ,0.0,0.0,0.0,0.0,219.45999999999998,0.0,0.0,0.2281288981288981,19.95090909090909,0.0011319817509533934,3733
90056,218.99,20,15,14,11.016,CHUNKY CRACKED GLAZE NECKLACE IVORY,0.0,0.0,0.0,0.0,218.99,0.0,0.0,10.9495,15.642142857142858,0.001129557475810096,3734
85168A,218.89999999999998,22,15,15,9.95,WHITE BAROQUE CARRIAGE CLOCK,0.0,0.0,0.0,0.0,218.89999999999998,0.0,0.0,9.95,14.593333333333332,0.0011290932529103156,3735
22881,218.82,112,36,36,3.151111111111111,NUMBER TILE VINTAGE FONT 2,0.0,0.0,0.0,0.0,218.82,0.0,0.0,1.9537499999999999,6.078333333333333,0.0011286806103327329,3736
20821,286.42,42,25,25,7.882000000000001,GOLDIE LOOKING MIRROR,-69.30000000000001,14.0,3.0,3.0,217.12,0.24195237762726068,0.3333333333333333,6.81952380952381,11.456800000000001,0.0011199119555591033,3737
72781,229.5,121,15,15,2.0453333333333332,BLACK SILOUETTE CANDLE PLATE ,-12.6,6.0,1.0,1.0,216.9,0.054901960784313725,0.049586776859504134,1.896694214876033,15.3,0.0011187771884707512,3738
35817P,216.7,420,11,11,1.5945454545454545,"ACRYLIC JEWEL SNOWFLAKE,PINK",0.0,0.0,0.0,0.0,216.7,0.0,0.0,0.5159523809523809,19.7,0.0011177455820267947,3739
35793,216.33,108,16,15,3.776875,S/3 PUPPIES CHRISTMAS DECORATIONS,0.0,0.0,0.0,0.0,216.33,0.0,0.0,2.0030555555555556,14.422,0.0011158371101054755,3740
84807,215.93,233,7,7,1.5414285714285714,RED POPPY ARTIFICIAL FLOWER,0.0,0.0,0.0,0.0,215.93,0.0,0.0,0.9267381974248927,30.84714285714286,0.0011137738972175626,3741
90036A,215.76000000000002,27,20,20,8.005500000000001,FLOWER GARLAND NECKLACE RED,0.0,0.0,0.0,0.0,215.76000000000002,0.0,0.0,7.9911111111111115,10.788,0.0011128970317401997,3742
22883,217.26,110,35,34,3.3145714285714285,NUMBER TILE VINTAGE FONT 4,-1.95,1.0,1.0,1.0,215.31,0.008975421154377244,0.00909090909090909,1.975090909090909,6.39,0.0011105759172412976,3743
47343A,215.2,206,26,23,1.2107692307692308,FUSCHIA FLOWER PURSE WITH BEADS,0.0,0.0,0.0,0.0,215.2,0.0,0.0,1.0446601941747573,9.356521739130434,0.0011100085336971217,3744
21543,215.0,284,24,24,1.1958333333333333,BUTTERFLY WATER TRANSFER TATTOOS ,0.0,0.0,0.0,0.0,215.0,0.0,0.0,0.7570422535211268,8.958333333333334,0.001108976927253165,3745
48179,214.47,34,11,11,9.736363636363636,DOOR MAT SWEET HOME,0.0,0.0,0.0,0.0,214.47,0.0,0.0,6.307941176470588,19.497272727272726,0.0011062431701766807,3746
90123A,214.07,36,19,19,5.943157894736842,PINK HEART OF GLASS BRACELET,0.0,0.0,0.0,0.0,214.07,0.0,0.0,5.9463888888888885,11.266842105263157,0.0011041799572887676,3747
84744,213.78,168,39,31,1.346923076923077,S/6 SEW ON CROCHET FLOWERS,0.0,0.0,0.0,0.0,213.78,0.0,0.0,1.2725,6.896129032258065,0.001102684127945031,3748
84805A,212.85,147,8,8,2.7625,CREAM CLIMBING HYDRANGA ART FLOWER,0.0,0.0,0.0,0.0,212.85,0.0,0.0,1.4479591836734693,26.60625,0.0010978871579806334,3749
22885,214.47,113,36,35,3.0366666666666666,NUMBER TILE VINTAGE FONT 6 ,-1.95,1.0,1.0,1.0,212.52,0.009092180724576864,0.008849557522123894,1.8979646017699114,6.127714285714286,0.0010961850073481054,3750
84313A,212.42,38,19,19,6.26,PINK TV TRAY TABLE ,0.0,0.0,0.0,0.0,212.42,0.0,0.0,5.59,11.18,0.001095669204126127,3751
84247C,212.40000000000003,72,22,22,2.95,PACK/12 BLUE REINDEER CARD,0.0,0.0,0.0,0.0,212.40000000000003,0.0,0.0,2.9500000000000006,9.654545454545456,0.0010955660434817317,3752
21368,212.04,201,47,47,1.8668085106382977,MIRRORED WALL ART LADIES,0.0,0.0,0.0,0.0,212.04,0.0,0.0,1.0549253731343282,4.511489361702128,0.00109370915188261,3753
37492A,216.07,108,11,11,4.274545454545454,YELLOW RED FLOWER PIGGY BANK,-4.65,1.0,1.0,1.0,211.42,0.021520803443328552,0.009259259259259259,2.000648148148148,19.64272727272727,0.001090511171906345,3754
90214A,218.75,219,107,104,1.0486915887850468,"LETTER ""A"" BLING KEY RING",-7.5,6.0,1.0,1.0,211.25,0.03428571428571429,0.0273972602739726,0.9988584474885844,2.1033653846153846,0.001089634306428982,3755
90087,252.88,313,55,53,1.3914545454545455,CRYSTAL SEA HORSE PHONE CHARM,-42.5,50.0,2.0,2.0,210.38,0.16806390382790257,0.1597444089456869,0.807923322683706,4.771320754716981,0.0010851468183977714,3756
51012C,213.75,171,28,27,1.25,"FEATHER DUSTER, COAL BLACK",-3.75,3.0,2.0,2.0,210.0,0.017543859649122806,0.017543859649122806,1.25,7.916666666666667,0.0010831867661542545,3757
16201A,213.37,101,9,9,3.7744444444444443,PASTEL PINK PHOTO ALBUM,-3.9,2.0,1.0,1.0,209.47,0.018278108450110138,0.019801980198019802,2.1125742574257425,23.70777777777778,0.0010804530090777699,3758
20827,209.36,173,8,8,1.63375,GOLD APERITIF GLASS,0.0,0.0,0.0,0.0,209.36,0.0,0.0,1.2101734104046245,26.17,0.0010798856255335937,3759
90036F,208.31,26,17,15,8.044705882352941,"FLOWER GLASS GARLD NECKL36""TURQUOIS",0.0,0.0,0.0,0.0,208.31,0.0,0.0,8.011923076923077,13.887333333333334,0.0010744696917028224,3760
47574B,208.25,49,28,27,4.25,ENGLISH ROSE SCENTED HANGING HEART,0.0,0.0,0.0,0.0,208.25,0.0,0.0,4.25,7.712962962962963,0.0010741602097696357,3761
21400,213.07,1078,91,91,0.3,RED PUDDING SPOON,-5.04,12.0,1.0,1.0,208.03,0.023654198150842447,0.011131725417439703,0.19765306122448978,2.341428571428571,0.0010730254426812836,3762
90185B,288.68,68,35,34,4.238857142857143,AMETHYST DIAMANTE EXPANDABLE RING,-80.75,19.0,5.0,5.0,207.93,0.27972149092420673,0.27941176470588236,4.245294117647059,8.490588235294117,0.0010725096394593053,3763
90016A,207.86,29,16,16,8.21,SILVER/M.O.P PENDANT ORBIT NECKLACE,0.0,0.0,0.0,0.0,207.86,0.0,0.0,7.167586206896552,12.99125,0.0010721485772039207,3764
37485,207.69,49,16,15,4.5975,ENGLISH ROSE TEA SET IN GIFT BOX,0.0,0.0,0.0,0.0,207.69,0.0,0.0,4.238571428571428,13.846,0.0010712717117265576,3765
90210A,207.34,88,21,21,2.6804761904761905,GREY ACRYLIC FACETED BANGLE,0.0,0.0,0.0,0.0,207.34,0.0,0.0,2.3561363636363635,9.873333333333333,0.0010694664004496338,3766
90186A,206.68,70,35,33,2.9520000000000004,AMETHYST HOOP EARRING FLORAL LEAF,0.0,0.0,0.0,0.0,206.68,0.0,0.0,2.952571428571429,6.263030303030304,0.0010660620991845777,3767
84247N,303.38000000000005,115,55,53,2.412909090909091,PACK/12 BLUE FOLKART CARDS,-97.35000000000001,33.0,3.0,3.0,206.03000000000003,0.32088469905728784,0.28695652173913044,2.6380869565217395,5.724150943396228,0.0010627093782417192,3768
90058A,218.88,576,13,13,0.38,CRYSTAL STUD EARRINGS CLEAR DISPLAY,-13.68,36.0,1.0,1.0,205.2,0.0625,0.0625,0.38,16.836923076923078,0.0010584282114992998,3769
84927E,224.31,494,30,29,2.0863333333333336,FLOWERS TILE HOOK,-19.56,194.0,2.0,2.0,204.75,0.08720074896348802,0.39271255060728744,0.4540688259109312,7.7348275862068965,0.001056107097000398,3770
20836,250.00000000000003,224,22,22,1.1209090909090909,FRENCH PAISLEY CUSHION COVER,-45.36000000000001,24.0,2.0,2.0,204.64000000000001,0.18144000000000002,0.10714285714285714,1.1160714285714286,11.363636363636365,0.001055539713456222,3771
17014D,204.36,479,9,8,1.7966666666666664,ORIGAMI ROSE INCENSE CONES,0.0,0.0,0.0,0.0,204.36,0.0,0.0,0.4266388308977036,25.545,0.001054095464434683,3772
84247K,236.43000000000004,76,29,28,3.2651724137931035,"FOLK ART GREETING CARD,pack/12",-32.45,11.0,1.0,1.0,203.98000000000002,0.13724992598232033,0.14473684210526316,3.1109210526315794,8.443928571428573,0.0010521354121911658,3773
35824B,203.24,528,6,6,0.8133333333333334,"HANGING FLOWERS+MIRROR,BLUE",0.0,0.0,0.0,0.0,203.24,0.0,0.0,0.38492424242424245,33.873333333333335,0.001048318468348527,3774
21018,203.07,235,49,42,0.9177551020408163,BIRD BOX CHRISTMAS TREE DECORATION,0.0,0.0,0.0,0.0,203.07,0.0,0.0,0.864127659574468,4.835,0.0010474416028711639,3775
20890,202.62,605,4,4,2.9925,SMALL GLASS ROSE SCENTED CANDLE,0.0,0.0,0.0,0.0,202.62,0.0,0.0,0.33490909090909093,50.655,0.001045120488372262,3776
TEST001,225.0,50,9,9,4.5,This is a test product.,-22.5,5.0,4.0,4.0,202.5,0.1,0.1,4.5,25.0,0.0010445015245058881,3777
90085,278.84999999999997,313,31,29,1.2125806451612902,CRYSTAL STILETTO PHONE CHARM,-76.5,90.0,2.0,2.0,202.34999999999997,0.2743410435718128,0.28753993610223644,0.8908945686900958,9.61551724137931,0.0010437278196729206,3778
48103,201.73,35,10,10,7.051,DOOR MAT KISS MY.......,0.0,0.0,0.0,0.0,201.73,0.0,0.0,5.763714285714285,20.173,0.0010405298396966558,3779
72754A,201.24,292,5,5,1.066,FLOWER FAIRY POTPOURRI CUSHION LILY,0.0,0.0,0.0,0.0,201.24,0.0,0.0,0.6891780821917809,40.248000000000005,0.0010380024039089626,3780
20672,201.0,138,36,36,1.75,PINK TEATIME PRINT BOWL,0.0,0.0,0.0,0.0,201.0,0.0,0.0,1.4565217391304348,5.583333333333333,0.001036764476176215,3781
90003D,226.17,60,32,32,3.7734375,CRYSTAL PAIR HEART HAIR SLIDES,-26.25,7.0,2.0,2.0,199.92,0.11606313834726091,0.11666666666666667,3.7695,7.0678125,0.0010311938013788501,3782
90144,199.45,53,33,33,3.7712121212121215,SILVER DROP EARRINGS WITH FLOWER,0.0,0.0,0.0,0.0,199.45,0.0,0.0,3.763207547169811,6.043939393939394,0.0010287695262355524,3783
84706F,208.3,34,18,17,5.616666666666666,RED PEONY TABLE CLOCK,-8.95,1.0,1.0,1.0,199.35000000000002,0.04296687469995199,0.029411764705882353,6.126470588235295,12.25294117647059,0.0010282537230135744,3784
90000A,198.98000000000002,33,21,21,6.049047619047619,RASPBERRY ANT COPPER FLOWER NECKLAC,0.0,0.0,0.0,0.0,198.98000000000002,0.0,0.0,6.02969696969697,9.475238095238096,0.001026345251092255,3785
84797a,198.84,18,17,17,11.048235294117646,PINK HAWAIIAN PICNIC HAMPER FOR 4,0.0,0.0,0.0,0.0,198.84,0.0,0.0,11.046666666666667,11.696470588235295,0.0010256231265814856,3786
84690,214.65,27,14,14,7.95,S/2 BEACH HUT STOOLS,-15.9,2.0,1.0,1.0,198.75,0.07407407407407407,0.07407407407407407,7.95,15.332142857142857,0.001025158903681705,3787
84855,196.70000000000002,36,16,15,5.875,BLOKEY SILVER TOOL SET,0.0,0.0,0.0,0.0,196.70000000000002,0.0,0.0,5.4638888888888895,13.113333333333335,0.0010145849376311516,3788
90040A,207.05,53,34,34,4.013823529411765,MURANO STYLE GLASS BRACELET RED,-10.5,3.0,1.0,1.0,196.55,0.05071238831200193,0.05660377358490566,3.906603773584906,6.089705882352941,0.0010138112327981843,3789
47504F,196.46,527,14,14,1.6721428571428572,ENGLISH ROSE TORCH,0.0,0.0,0.0,0.0,196.46,0.0,0.0,0.37278937381404176,14.032857142857143,0.0010133470098984039,3790
90090,227.72,263,25,22,1.0168,PINK CRYSTAL HEART PHONE CHARM,-31.45,37.0,3.0,2.0,196.27,0.13810820305638502,0.14068441064638784,0.8658555133079848,10.350909090909092,0.0010123669837766452,3791
90024B,212.24,25,22,22,8.488181818181818,NEW BAROQUE B'FLY NECKLACE RED,-17.0,2.0,1.0,1.0,195.24,0.08009800226159065,0.08,8.489600000000001,9.647272727272728,0.0010070542105902697,3792
85070,320.0,3,3,3,106.66666666666667,ANT WHITE SWEETHEART TABLE W 3 DRAW,-125.0,1.0,1.0,1.0,195.0,0.390625,0.3333333333333333,106.66666666666667,106.66666666666667,0.001005816282857522,3793
84985B,194.95999999999998,128,24,24,1.77625,SET OF 72 BLACK PAPER DOILIES ,0.0,0.0,0.0,0.0,194.95999999999998,0.0,0.0,1.5231249999999998,8.123333333333333,0.0010056099615687304,3794
23697,194.58,456,36,35,0.5208333333333334,A PRETTY THANK YOU CARD,0.0,0.0,0.0,0.0,194.58,0.0,0.0,0.4267105263157895,5.559428571428572,0.0010036499093252133,3795
90129F,194.51000000000002,87,45,41,2.145111111111111,RED GLASS TASSLE BAG CHARM,0.0,0.0,0.0,0.0,194.51000000000002,0.0,0.0,2.235747126436782,4.7441463414634155,0.0010032888470698287,3796
90130B,194.01,66,51,49,2.938235294117647,TURQ STONE/CRYSTAL EARRINGS,0.0,0.0,0.0,0.0,194.01,0.0,0.0,2.9395454545454545,3.9593877551020404,0.0010007098309599376,3797
72051S,193.41,305,57,54,0.6707017543859649,BAG OF SILVER STONES,0.0,0.0,0.0,0.0,193.41,0.0,0.0,0.6341311475409835,3.5816666666666666,0.0009976150116280682,3798
21582,193.04999999999998,117,17,16,1.65,KINGS CHOICE SMALL TUBE MATCHES,0.0,0.0,0.0,0.0,193.04999999999998,0.0,0.0,1.65,12.065624999999999,0.0009957581200289467,3799
16202A,290.45,662,21,21,4.4852380952380955,PASTEL PINK PHOTO ALBUM ,-97.80000000000001,324.0,3.0,3.0,192.64999999999998,0.3367188844895852,0.48942598187311176,0.4387462235649547,13.83095238095238,0.0009936949071410336,3800
20814,208.89000000000001,189,13,13,1.2061538461538461,SILVER FINCH DECORATION,-16.25,13.0,2.0,1.0,192.64000000000001,0.0777921394035138,0.06878306878306878,1.1052380952380954,16.06846153846154,0.000993643326818836,3801
35819B,192.3,385,35,32,0.712,"ACRYLIC HANGING JEWEL,BLUE",0.0,0.0,0.0,0.0,192.3,0.0,0.0,0.4994805194805195,6.009375,0.0009918895958641101,3802
84899F,192.17,121,53,53,1.899811320754717,YELLOW PURPLE DAISY FELT PURSE KIT,0.0,0.0,0.0,0.0,192.17,0.0,0.0,1.5881818181818181,3.6258490566037733,0.0009912190516755382,3803
90178B,191.40999999999997,16,11,11,11.969090909090909,PURPLE CHUNKY GLASS+BEAD NECKLACE,0.0,0.0,0.0,0.0,191.40999999999997,0.0,0.0,11.963124999999998,17.40090909090909,0.0009872989471885038,3804
47570b,190.63,9,9,8,21.18111111111111,TEA TIME TABLE CLOTH,0.0,0.0,0.0,0.0,190.63,0.0,0.0,21.18111111111111,23.82875,0.0009832756820570738,3805
37506,190.4,32,26,26,5.950000000000001,NEW ENGLAND MILK JUG W GIFT BOX,0.0,0.0,0.0,0.0,190.4,0.0,0.0,5.95,7.323076923076924,0.0009820893346465238,3806
90094,190.17,75,40,38,2.536,NECKLACE+BRACELET SET FRUIT SALAD ,0.0,0.0,0.0,0.0,190.17,0.0,0.0,2.5355999999999996,5.004473684210526,0.000980902987235974,3807
84255B,190.16,65,18,18,4.4911111111111115,ORANGE COCKTAIL GLASS LAMP,0.0,0.0,0.0,0.0,190.16,0.0,0.0,2.9255384615384616,10.564444444444444,0.0009808514069137764,3808
90210C,189.52,119,15,14,2.4546666666666668,RED   ACRYLIC FACETED BANGLE,0.0,0.0,0.0,0.0,189.52,0.0,0.0,1.5926050420168067,13.537142857142857,0.0009775502662931156,3809
85128,188.95000000000002,167,4,4,2.4125,PLANTPOT SINGLE HOOK PISTACHIO,0.0,0.0,0.0,0.0,188.95000000000002,0.0,0.0,1.1314371257485032,47.237500000000004,0.0009746101879278398,3810
79403,200.67999999999998,217,37,36,1.1570270270270269,FROSTED WHITE BASE ,-11.9,14.0,2.0,2.0,188.77999999999997,0.05929838548933627,0.06451612903225806,0.9247926267281105,5.574444444444444,0.0009737333224504768,3811
90159,188.58,38,20,20,4.974,COTE D'AZURE NECKLACE,0.0,0.0,0.0,0.0,188.58,0.0,0.0,4.962631578947369,9.429,0.0009727017160065205,3812
84510a,188.20999999999998,76,59,58,2.4777966101694915,SET OF 4 ENGLISH ROSE COASTERS,0.0,0.0,0.0,0.0,188.20999999999998,0.0,0.0,2.476447368421052,3.2449999999999997,0.0009707932440852009,3813
20837,188.07000000000002,165,18,18,1.1844444444444444,FRENCH FLORAL CUSHION COVER ,0.0,0.0,0.0,0.0,188.07000000000002,0.0,0.0,1.1398181818181818,10.448333333333334,0.0009700711195744317,3814
90086,186.95999999999998,219,49,46,1.42,CRYSTAL FROG PHONE CHARM,0.0,0.0,0.0,0.0,186.95999999999998,0.0,0.0,0.8536986301369862,4.064347826086956,0.0009643457038104731,3815
85114b,186.76,56,19,19,3.3194736842105264,IVORY ENCHANTED FOREST PLACEMAT,0.0,0.0,0.0,0.0,186.76,0.0,0.0,3.335,9.829473684210527,0.0009633140973665168,3816
90029,195.14,23,12,12,8.47,NEW BAROQUE SMALL NECKLACE BLACK,-8.5,1.0,1.0,1.0,186.64,0.04355847084144717,0.043478260869565216,8.484347826086957,16.261666666666667,0.000962695133500143,3817
84893,186.35000000000002,33,15,15,5.883333333333334,ANT WHITE IRON BASKET,0.0,0.0,0.0,0.0,186.35000000000002,0.0,0.0,5.646969696969697,12.423333333333336,0.0009611993041564063,3818
79144B,186.07,358,96,91,0.6473958333333333,PAINTED LIGHTBULB STAR+ MOON,0.0,0.0,0.0,0.0,186.07,0.0,0.0,0.5197486033519553,2.0447252747252747,0.0009597550551348671,3819
84877A,185.66,74,17,17,3.401764705882353,PINK ROUND COMPACT MIRROR,0.0,0.0,0.0,0.0,185.66,0.0,0.0,2.5089189189189187,10.921176470588236,0.0009576402619247564,3820
85114a,185.64,56,17,17,3.3105882352941176,BLACK ENCHANTED FOREST PLACEMAT,0.0,0.0,0.0,0.0,185.64,0.0,0.0,3.315,10.92,0.0009575371012803608,3821
20968,185.11,43,20,19,4.749499999999999,GREEN FLORAL FELTCRAFT SHOULDER BAG,0.0,0.0,0.0,0.0,185.11,0.0,0.0,4.304883720930233,9.74263157894737,0.0009548033442038764,3822
35911B,184.76,159,24,24,1.50125,PINK/FLOWER RABBIT EGG WARMER ,0.0,0.0,0.0,0.0,184.76,0.0,0.0,1.1620125786163522,7.698333333333333,0.0009529980329269525,3823
23416,184.68,132,25,25,1.7564,CHAMBRE HOOK,0.0,0.0,0.0,0.0,184.68,0.0,0.0,1.3990909090909092,7.3872,0.00095258539034937,3824
35838A,184.4,180,20,20,1.175,S/6 MULTICOLOUR ORNAMENETAL CANDLE,0.0,0.0,0.0,0.0,184.4,0.0,0.0,1.0244444444444445,9.22,0.000951141141327831,3825
90211A,184.39000000000001,31,23,21,5.954347826086957,DIAMOND LAS VEGAS NECKLACE 45CM,0.0,0.0,0.0,0.0,184.39000000000001,0.0,0.0,5.948064516129032,8.780476190476191,0.0009510895610056332,3826
79144C,184.34,311,100,97,0.7347,PAINTED LIGHTBULB RAINBOW DESIGN,0.0,0.0,0.0,0.0,184.34,0.0,0.0,0.5927331189710611,1.9004123711340206,0.000950831659394644,3827
84803A,189.28,112,17,17,1.69,PINK ALLIUM  ARTIFICIAL FLOWER,-5.07,3.0,1.0,1.0,184.21,0.026785714285714288,0.026785714285714284,1.69,11.134117647058824,0.0009501611152060725,3828
84029D,183.98000000000002,51,15,15,4.223333333333334,LEOPARD PRINT HOT WATER BOTTLE,0.0,0.0,0.0,0.0,183.98000000000002,0.0,0.0,3.6074509803921573,12.265333333333334,0.0009489747677955226,3829
90185A,237.53,56,27,26,4.233333333333333,AMBER DIAMANTE EXPANDABLE RING,-55.25,13.0,3.0,3.0,182.28,0.2326021976171431,0.23214285714285715,4.241607142857143,9.135769230769231,0.0009402061130218928,3830
20796,182.16,99,22,22,2.3495454545454546,SMALL BLUE PROVENCAL CERAMIC BALL,0.0,0.0,0.0,0.0,182.16,0.0,0.0,1.8399999999999999,8.28,0.000939587149155519,3831
84926C,189.6,138,31,31,1.7590322580645161,FAIRY CAKES TILE COASTER,-7.5,6.0,1.0,1.0,182.1,0.03955696202531646,0.043478260869565216,1.373913043478261,6.116129032258065,0.0009392776672223319,3832
20957,184.61,126,15,15,1.5773333333333333,PORCELAIN HANGING BELL SMALL,-2.9,2.0,2.0,1.0,181.71,0.015708791506418934,0.015873015873015872,1.4651587301587303,12.307333333333334,0.000937266034656617,3833
37379B,181.5,1122,3,3,0.8833333333333333,BLUE CHERRY BLOSSOM CUP & SAUCER,0.0,0.0,0.0,0.0,181.5,0.0,0.0,0.16176470588235295,60.5,0.0009361828478904626,3834
84531A,181.06,197,50,45,1.3337999999999999,PINK KNITTED EGG COSY,0.0,0.0,0.0,0.0,181.06,0.0,0.0,0.9190862944162437,4.023555555555555,0.0009339133137137585,3835
22330,197.89999999999998,128,22,22,1.87,72 ROUND PINK DOILIES,-17.4,12.0,1.0,1.0,180.49999999999997,0.08792319353208691,0.09375,1.5460937499999998,8.995454545454544,0.0009310248156706803,3836
90214S,187.64,190,91,86,1.0348351648351648,"LETTER ""S"" BLING KEY RING",-7.5,6.0,1.0,1.0,180.14,0.03997015561713921,0.031578947368421054,0.987578947368421,2.1818604651162787,0.0009291679240715588,3837
35818B,180.05,408,11,11,1.1527272727272726,"ACRYLIC JEWEL ICICLE, BLUE",0.0,0.0,0.0,0.0,180.05,0.0,0.0,0.4412990196078432,16.36818181818182,0.0009287037011717786,3838
90180B,179.88,18,14,14,10.005714285714285,PURPLE AMETHYST NECKLACE W TASSEL,0.0,0.0,0.0,0.0,179.88,0.0,0.0,9.993333333333332,12.848571428571429,0.0009278268356944156,3840
47347B,179.88,240,11,11,1.64,BLUE FLOWER T-LIGHT HOLDER,0.0,0.0,0.0,0.0,179.88,0.0,0.0,0.7494999999999999,16.35272727272727,0.0009278268356944156,3839
84962,179.85000000000002,3,2,2,59.95,SET/3 COLOUR PAINTED KASHMIRI STOOL,0.0,0.0,0.0,0.0,179.85000000000002,0.0,0.0,59.95000000000001,89.92500000000001,0.0009276720947278223,3841
84661C,179.75,150,25,25,2.8407999999999998,PINK SQUARE TABLE CLOCK,0.0,0.0,0.0,0.0,179.75,0.0,0.0,1.1983333333333333,7.19,0.0009271562915058438,3842
17011A,179.56,261,12,12,2.7708333333333335,ORIGAMI VANILLA INCENSE+FLOWER ,0.0,0.0,0.0,0.0,179.56,0.0,0.0,0.6879693486590038,14.963333333333333,0.0009261762653840852,3843
21031,180.46,146,41,39,1.3226829268292681,SPACE CADET BLACK,-1.25,1.0,1.0,1.0,179.21,0.00692674276848055,0.00684931506849315,1.236027397260274,4.627179487179488,0.0009243709541071614,3844
84464,179.1,82,11,11,2.4954545454545456,S/60 PINK FLUFFY CHICKS IN BOX,0.0,0.0,0.0,0.0,179.1,0.0,0.0,2.1841463414634146,16.28181818181818,0.0009238035705629855,3845
90151,178.67000000000002,21,11,9,8.515454545454546,SILVER/NATURAL SHELL NECKLACE,0.0,0.0,0.0,0.0,178.67000000000002,0.0,0.0,8.508095238095239,19.852222222222224,0.0009215856167084794,3846
90063A,178.48,21,13,13,8.49846153846154,WHITE VINT ART DECO CRYSTAL NECKLAC,0.0,0.0,0.0,0.0,178.48,0.0,0.0,8.49904761904762,13.72923076923077,0.0009206055905867205,3847
90013D,178.11,46,17,17,3.998823529411765,PURPLE VINTAGE EARRINGS,0.0,0.0,0.0,0.0,178.11,0.0,0.0,3.8719565217391305,10.477058823529413,0.0009186971186654013,3848
90000B,183.66,30,22,21,6.1463636363636365,MIDNIGHT BLUE COPPER FLOWER NECKLAC,-5.95,1.0,1.0,1.0,177.71,0.03239682021125994,0.03333333333333333,6.122,8.745714285714286,0.0009166339057774883,3849
85132a,177.59,12,12,10,14.799166666666666,CHARLIE + LOLA BISCUITS TINS,0.0,0.0,0.0,0.0,177.59,0.0,0.0,14.799166666666666,17.759,0.0009160149419111145,3850
90072,176.31,44,30,30,4.110666666666667,RUBY DROP CHANDELIER EARRINGS,0.0,0.0,0.0,0.0,176.31,0.0,0.0,4.007045454545454,5.877,0.0009094126606697932,3852
84968a,176.31,7,5,4,25.278,SET OF 16 VINTAGE ROSE CUTLERY,0.0,0.0,0.0,0.0,176.31,0.0,0.0,25.187142857142856,44.0775,0.0009094126606697932,3851
82607C,175.60999999999999,115,43,43,1.901627906976744,GLASS BONBON JAR. SUPERFINES,0.0,0.0,0.0,0.0,175.60999999999999,0.0,0.0,1.5270434782608695,4.083953488372092,0.0009058020381159457,3853
84564,175.48000000000002,21,11,11,8.725454545454546,6 SEGMENT COLOURED SNACK BOWL ,0.0,0.0,0.0,0.0,175.48000000000002,0.0,0.0,8.356190476190477,15.952727272727275,0.0009051314939273741,3854
84927D,215.5,954,29,28,1.8472413793103448,LA PALMIERA TILE HOOK,-40.86000000000001,435.0,3.0,3.0,174.64,0.18960556844547566,0.4559748427672956,0.22589098532494759,7.696428571428571,0.000900798746862757,3855
22886,174.16,98,29,29,2.917586206896552,NUMBER TILE VINTAGE FONT 7,0.0,0.0,0.0,0.0,174.16,0.0,0.0,1.7771428571428571,6.0055172413793105,0.0008983228913972617,3856
90019B,174.13,33,29,28,5.321724137931035,GOLD M.O.P ORBIT BRACELET,0.0,0.0,0.0,0.0,174.13,0.0,0.0,5.276666666666666,6.218928571428571,0.0008981681504306681,3857
17014A,173.49,277,17,16,1.7599999999999998,ORIGAMI VANILLA INCENSE CONES,0.0,0.0,0.0,0.0,173.49,0.0,0.0,0.626317689530686,10.843125,0.0008948670098100076,3858
90065A,180.46,26,16,16,7.0600000000000005,WHITE VINTAGE CRYSTAL BRACELET,-7.22,1.0,1.0,1.0,173.24,0.04000886623074365,0.038461538461538464,6.940769230769231,11.27875,0.0008935775017550621,3859
90018B,173.1,41,33,31,4.221212121212122,GOLD M.O.P ORBIT DROP EARRINGS,0.0,0.0,0.0,0.0,173.1,0.0,0.0,4.221951219512195,5.583870967741936,0.0008928553772442926,3860
90003C,199.16,53,37,35,3.7616216216216216,MIDNIGHT BLUE PAIR HEART HAIR SLIDE,-26.25,7.0,2.0,2.0,172.91,0.13180357501506326,0.1320754716981132,3.7577358490566035,5.690285714285714,0.0008918753511225339,3861
84452,186.16,198,45,44,1.1748888888888889,METAL RABBIT LADDER EASTER ,-13.6,16.0,2.0,2.0,172.56,0.0730554361839278,0.08080808080808081,0.9402020202020202,4.2309090909090905,0.0008900700398456102,3862
75011,172.51,181,15,15,1.3900000000000001,BLUE DAISY MOBILE,0.0,0.0,0.0,0.0,172.51,0.0,0.0,0.9530939226519336,11.500666666666666,0.0008898121382346209,3863
90123D,172.39,29,14,14,5.938571428571429,WHITE HEART OF GLASS BRACELET,0.0,0.0,0.0,0.0,172.39,0.0,0.0,5.944482758620689,12.313571428571427,0.0008891931743682471,3864
90060F,172.08,29,19,18,5.9252631578947375,FIRE POLISHED GLASS NECKL GREEN,0.0,0.0,0.0,0.0,172.08,0.0,0.0,5.933793103448276,9.56,0.0008875941843801147,3865
84531B,171.81,198,44,42,1.2079545454545455,BLUE KNITTED EGG COSY,0.0,0.0,0.0,0.0,171.81,0.0,0.0,0.8677272727272728,4.090714285714286,0.0008862015156807736,3866
90186B,171.22000000000003,58,32,31,2.9503125,CRYSTAL HOOP EARRING FLORAL LEAF,0.0,0.0,0.0,0.0,171.22000000000003,0.0,0.0,2.952068965517242,5.523225806451614,0.0008831582766711021,3867
85185C,171.10000000000002,58,29,27,2.95,COW  SOCK PUPPET,0.0,0.0,0.0,0.0,171.10000000000002,0.0,0.0,2.95,6.337037037037038,0.0008825393128047283,3868
35916C,170.87,159,44,42,1.240909090909091,PINK FELT HANGING HEART W FLOWER,0.0,0.0,0.0,0.0,170.87,0.0,0.0,1.0746540880503146,4.068333333333333,0.0008813529653941782,3869
84706B,188.73,20,9,9,10.03111111111111,FAIRY CAKES TABLE CLOCK,-17.9,2.0,2.0,2.0,170.82999999999998,0.0948444868330419,0.1,9.436499999999999,20.97,0.0008811466441053869,3870
84706C,170.8,84,4,4,3.6999999999999997,PINK FLOCK TABLE CLOCK ,0.0,0.0,0.0,0.0,170.8,0.0,0.0,2.0333333333333337,42.7,0.0008809919031387936,3871
90190C,170.70000000000002,58,39,36,2.93974358974359,SILVER/AMETHYST DROP EARRINGS LEAF,0.0,0.0,0.0,0.0,170.70000000000002,0.0,0.0,2.9431034482758625,4.741666666666667,0.0008804760999168153,3872
90063B,170.17000000000002,20,14,14,8.512142857142857,BLACK VINT ART DEC CRYSTAL NECKLACE,0.0,0.0,0.0,0.0,170.17000000000002,0.0,0.0,8.508500000000002,12.155000000000001,0.0008777423428403308,3873
85040a,169.75,51,34,34,3.3249999999999997,S/4 PINK FLOWER CANDLES IN BOWL,0.0,0.0,0.0,0.0,169.75,0.0,0.0,3.3284313725490198,4.992647058823529,0.0008755759693080223,3874
90166,173.18,41,32,31,4.2171875000000005,PINK & WHITE ROSEBUD RING,-4.25,1.0,1.0,1.0,168.93,0.02454094006236286,0.024390243902439025,4.22390243902439,5.586451612903226,0.000871346382887801,3875
85205A,168.29999999999998,66,23,21,2.55,IVORY FELT EASTER RABBIT GARLAND,0.0,0.0,0.0,0.0,168.29999999999998,0.0,0.0,2.55,8.014285714285714,0.000868096822589338,3876
21087,168.08,260,33,32,0.7493939393939394,SET/6 POSIES PAPER CUPS,0.0,0.0,0.0,0.0,168.08,0.0,0.0,0.6464615384615385,5.2525,0.0008669620555009861,3877
37491C,167.52,58,10,10,2.163,GREEN/BLUE CERAMIC CANDLE HOLDER,0.0,0.0,0.0,0.0,167.52,0.0,0.0,2.8882758620689657,16.752000000000002,0.0008640735574579081,3878
72351a,167.52,40,30,28,4.186,SET/6 TURQUOISE BUTTERFLY T-LIGHTS,0.0,0.0,0.0,0.0,167.52,0.0,0.0,4.188000000000001,5.982857142857143,0.0008640735574579081,3879
90039D,166.47,44,25,24,3.7968,FIRE POLISHED GLASS BRACELET GREEN,0.0,0.0,0.0,0.0,166.47,0.0,0.0,3.7834090909090907,6.93625,0.0008586576236271368,3880
84231,166.21,230,51,50,0.8629411764705882,EASTER BUNNY WITH BASKET ON BACK,0.0,0.0,0.0,0.0,166.21,0.0,0.0,0.7226521739130435,3.3242000000000003,0.0008573165352499934,3881
gift_0001_40,166.09,5,5,5,33.218,Dotcomgiftshop Gift Voucher £40.00,0.0,0.0,0.0,0.0,166.09,0.0,0.0,33.218,33.218,0.0008566975713836196,3882
90185C,288.95,68,35,32,4.248571428571428,BLACK DIAMANTE EXPANDABLE RING,-123.25,29.0,7.0,7.0,165.7,0.4265443848416681,0.4264705882352941,4.249264705882353,9.0296875,0.0008546859388179044,3883
37479P,165.18,172,36,34,2.26,CUBIC MUG FLOCK PINK ON BROWN,0.0,0.0,0.0,0.0,165.18,0.0,0.0,0.9603488372093024,4.858235294117647,0.0008520037620636178,3884
23694,165.08,376,41,41,0.5885365853658536,PAISLEY PARK CARD,0.0,0.0,0.0,0.0,165.08,0.0,0.0,0.4390425531914894,4.026341463414634,0.0008514879588416397,3885
90214C,172.28,176,74,69,1.0164864864864864,"LETTER ""C"" BLING KEY RING",-7.5,6.0,1.0,1.0,164.78,0.04353378221499884,0.03409090909090909,0.9788636363636364,2.4968115942028986,0.0008499405491757049,3886
85024C,165.0,100,46,42,1.65,PINK SMALL JEWELLED PHOTOFRAME,-1.65,1.0,1.0,1.0,163.35,0.01,0.01,1.65,3.9285714285714284,0.0008425645631014165,3887
90129D,163.23000000000002,68,35,34,2.137714285714286,AMBER GLASS TASSLE BAG CHARM,0.0,0.0,0.0,0.0,163.23000000000002,0.0,0.0,2.4004411764705886,4.800882352941177,0.0008419455992350426,3888
90162B,165.20000000000002,56,21,20,2.95,ANT SILVER LIME GREEN BOUDICCA RING,-2.95,1.0,1.0,1.0,162.25000000000003,0.017857142857142856,0.017857142857142856,2.95,8.260000000000002,0.0008368907276596562,3889
71496A,161.77,260,20,17,1.0745,A4 WALL TIDY BLUE OFFICE,0.0,0.0,0.0,0.0,161.77,0.0,0.0,0.6221923076923077,9.515882352941176,0.0008344148721941607,3890
21461,171.04,82,23,23,2.336086956521739,BLUE EASTER EGG HUNT START POST,-9.75,5.0,3.0,3.0,161.29,0.057004209541627694,0.06097560975609756,2.0858536585365854,7.436521739130434,0.0008319390167286651,3891
90042A,160.79,63,33,33,2.554242424242424,FRESHWATER PEARL BRACELET GOLD,0.0,0.0,0.0,0.0,160.79,0.0,0.0,2.552222222222222,4.872424242424242,0.0008293600006187739,3892
90123C,160.75,27,12,12,5.958333333333333,GREEN HEART OF GLASS BRACELET,0.0,0.0,0.0,0.0,160.75,0.0,0.0,5.953703703703703,13.395833333333334,0.0008291536793299829,3893
21353,160.45,19,9,9,8.994444444444445,SILVER SLEIGHBELL  WREATH,0.0,0.0,0.0,0.0,160.45,0.0,0.0,8.444736842105263,17.827777777777776,0.000827606269664048,3894
22887,160.35999999999999,92,28,28,2.9549999999999996,NUMBER TILE VINTAGE FONT 8,0.0,0.0,0.0,0.0,160.35999999999999,0.0,0.0,1.7430434782608695,5.727142857142857,0.0008271420467642677,3895
84599,160.15,15,6,6,12.04,CANDY STRIPE ROSE FLOOR CUSHION,0.0,0.0,0.0,0.0,160.15,0.0,0.0,10.676666666666668,26.691666666666666,0.0008260588599981135,3896
90214K,161.35,157,86,83,1.1183720930232557,"LETTER ""K"" BLING KEY RING",-1.25,1.0,1.0,1.0,160.1,0.0077471335605825845,0.006369426751592357,1.0277070063694267,1.9439759036144577,0.0008258009583871243,3897
23305,159.9,82,9,9,1.9500000000000002,SET 4 PICNIC CUTLERY BLUEBERRY,0.0,0.0,0.0,0.0,159.9,0.0,0.0,1.9500000000000002,17.766666666666666,0.0008247693519431679,3898
81952V,159.87,464,47,46,0.7021276595744681,ROUND PURPLE CLOCK WITH SUCKER,0.0,0.0,0.0,0.0,159.87,0.0,0.0,0.34454741379310344,3.4754347826086955,0.0008246146109765746,3899
90214J,166.52,162,91,88,1.051978021978022,"LETTER ""J"" BLING KEY RING",-7.5,6.0,1.0,1.0,159.02,0.045039634878693245,0.037037037037037035,1.0279012345679013,1.8922727272727273,0.0008202302835897597,3900
90125A,183.97,149,18,18,2.0233333333333334,PINK BERTIE GLASS BEAD BAG CHARM,-25.200000000000003,12.0,1.0,1.0,158.76999999999998,0.1369788552481383,0.08053691275167785,1.2346979865771812,10.220555555555556,0.000818940775534814,3901
22864,158.76,378,2,2,0.42,MUG AND COASTER SET RED CIRCLES,0.0,0.0,0.0,0.0,158.76,0.0,0.0,0.42,79.38,0.0008188891952126162,3902
90214L,168.60999999999999,179,70,68,1.0114285714285713,"LETTER ""L"" BLING KEY RING",-10.0,8.0,2.0,2.0,158.60999999999999,0.05930846331771544,0.0446927374301676,0.9419553072625697,2.4795588235294117,0.0008181154903796489,3903
90204,171.81,51,38,37,3.3728947368421047,PAIR OF ENAMEL BUTTERFLY HAIRCLIP,-13.4,4.0,1.0,1.0,158.41,0.07799313194808219,0.0784313725490196,3.3688235294117646,4.643513513513514,0.0008170838839356925,3904
48175,158.04,39,2,2,5.02,DOOR MAT CAMOUFLAGE,0.0,0.0,0.0,0.0,158.04,0.0,0.0,4.052307692307692,79.02,0.000815175412014373,3905
37379A,159.2,41,16,16,7.996874999999999,PINK CHERRY BLOSSOM CUP & SAUCER,-1.25,1.0,1.0,1.0,157.95,0.00785175879396985,0.024390243902439025,3.8829268292682926,9.95,0.0008147111891145928,3906
20693,161.89000000000001,33,18,18,5.207777777777778,FLORAL DINOSAUR GREEN,-4.25,1.0,1.0,1.0,157.64000000000001,0.026252393600592994,0.030303030303030304,4.905757575757576,8.99388888888889,0.0008131121991264603,3907
21489,157.60000000000002,28,14,14,5.964285714285714,BLUE WHITE SCARF HOT WATER BOTTLE,0.0,0.0,0.0,0.0,157.60000000000002,0.0,0.0,5.628571428571429,11.257142857142858,0.0008129058778376691,3908
23417,157.5,146,28,27,1.5964285714285713,BATHROOM HOOK,0.0,0.0,0.0,0.0,157.5,0.0,0.0,1.0787671232876712,5.833333333333333,0.0008123900746156908,3909
84228,157.75,356,48,46,0.6372916666666667,HEN HOUSE W CHICK STANDING,-0.42,1.0,1.0,1.0,157.33,0.0026624405705229794,0.0028089887640449437,0.4431179775280899,3.4293478260869565,0.0008115132091383278,3910
90030C,157.24,88,17,16,3.617058823529412,BROWN KUKUI COCONUT SEED NECKLACE,0.0,0.0,0.0,0.0,157.24,0.0,0.0,1.7868181818181819,9.8275,0.0008110489862385475,3911
23468,156.75,19,11,11,8.25,TUSCAN VILLA BIRD TABLE ,0.0,0.0,0.0,0.0,156.75,0.0,0.0,8.25,14.25,0.0008085215504508543,3912
17178,156.65,133,25,24,1.234,FLAT PALM T-LIGHT HOLDER,0.0,0.0,0.0,0.0,156.65,0.0,0.0,1.1778195488721805,6.527083333333334,0.0008080057472288759,3913
47369B,156.13,55,30,29,3.179333333333333,BLUE GREEN EMBROIDERY COSMETIC BAG,0.0,0.0,0.0,0.0,156.13,0.0,0.0,2.8387272727272728,5.3837931034482756,0.0008053235704745892,3914
72140E,156.72,218,29,29,0.8927586206896552,BEST DAD CANDLE LETTERS,-0.85,1.0,1.0,1.0,155.87,0.005423685553854007,0.0045871559633027525,0.7188990825688073,5.404137931034483,0.0008039824820974459,3915
84914A,155.7,6,5,5,25.95,PINK ROSE PICNIC RUG,0.0,0.0,0.0,0.0,155.7,0.0,0.0,25.95,31.139999999999997,0.0008031056166200828,3916
20664,155.41,57,31,31,2.712903225806452,TROPICAL HOLIDAY PURSE ,0.0,0.0,0.0,0.0,155.41,0.0,0.0,2.7264912280701754,5.013225806451612,0.000801609787276346,3917
47369A,155.16,52,28,25,3.1471428571428572,PINK GREEN EMBROIDERY COSMETIC BAG,0.0,0.0,0.0,0.0,155.16,0.0,0.0,2.983846153846154,6.2063999999999995,0.0008003202792214005,3918
85166A,158.9,77,12,12,4.676666666666667,WHITE METAL BAROQUE PHOTO FRAME,-3.75,1.0,1.0,1.0,155.15,0.02359974826935179,0.012987012987012988,2.0636363636363635,13.241666666666667,0.0008002686988992028,3919
90212B,155.13,41,30,28,3.796,JET BLACK LAS VEGAS BRACELET ROUND,0.0,0.0,0.0,0.0,155.13,0.0,0.0,3.783658536585366,5.540357142857142,0.0008001655382548071,3920
90099,155.07,49,28,25,3.356785714285714,NECKLACE+BRACELET SET BLUE HIBISCUS,0.0,0.0,0.0,0.0,155.07,0.0,0.0,3.16469387755102,6.2028,0.00079985605632162,3921
90065B,154.87,22,16,16,7.0025,BLACK VINT ART DEC CRYSTAL BRACELET,0.0,0.0,0.0,0.0,154.87,0.0,0.0,7.039545454545455,9.679375,0.0007988244498776636,3922
90123B,154.69,26,13,13,5.94923076923077,TURQUOISE HEART OF GLASS BRACELET,0.0,0.0,0.0,0.0,154.69,0.0,0.0,5.9496153846153845,11.899230769230769,0.0007978960040781029,3923
84924F,274.55,975,10,10,2.952,PSYCHEDELIC METAL SIGN CALENDAR,-120.0,480.0,1.0,1.0,154.55,0.43707885631032595,0.49230769230769234,0.2815897435897436,27.455000000000002,0.0007971738795673334,3924
23496,154.52,112,31,31,1.562258064516129,PANTRY KITCHEN THERMOMETER ,0.0,0.0,0.0,0.0,154.52,0.0,0.0,1.3796428571428572,4.984516129032259,0.0007970191386007399,3925
72801c,153.67,62,36,36,2.475277777777778,4 ROSE PINK DINNER CANDLES,0.0,0.0,0.0,0.0,153.67,0.0,0.0,2.478548387096774,4.2686111111111105,0.000792634811213925,3926
84723,201.3,54,12,12,5.95,CHERRY BLOSSOM CANVAS ART PICTURE,-47.7,6.0,2.0,2.0,153.60000000000002,0.23695976154992549,0.1111111111111111,3.727777777777778,16.775000000000002,0.0007922737489585405,3927
47518F,153.14,903,34,34,0.4135294117647059,ICON PLACEMAT POP ART ELVIS,0.0,0.0,0.0,0.0,153.14,0.0,0.0,0.16959025470653377,4.504117647058823,0.0007899010541374404,3928
84989a,152.7,75,42,41,2.0228571428571427,75 GREEN FAIRY CAKE CASES,0.0,0.0,0.0,0.0,152.7,0.0,0.0,2.036,3.724390243902439,0.0007876315199607364,3929
90199A,158.57,25,18,16,6.34,5 STRAND GLASS NECKLACE BLACK,-6.35,1.0,1.0,1.0,152.22,0.0400454058144668,0.04,6.3427999999999995,9.910625,0.000785155664495241,3930
82587,166.78,128,41,40,1.4558536585365853,TEXRIO TOMATOES CANDLE+CUP,-15.0,12.0,1.0,1.0,151.78,0.08993884158772035,0.09375,1.30296875,4.1695,0.0007828861303185368,3931
16202E,162.73,82,14,14,3.395,BLACK PHOTO ALBUM ,-11.1,2.0,2.0,1.0,151.63,0.06821114729920728,0.024390243902439025,1.984512195121951,11.623571428571427,0.0007821124254855695,3932
84927A,161.82,227,34,33,2.2811764705882354,WAKE UP COCKEREL TILE HOOK,-10.35,75.0,4.0,4.0,151.47,0.06395995550611791,0.3303964757709251,0.712863436123348,4.903636363636363,0.0007812871403304043,3933
90059A,160.35999999999999,96,50,48,1.6734,DIAMANTE HAIR GRIP PACK/2 CRYSTAL,-9.9,6.0,1.0,1.0,150.45999999999998,0.061736093788974815,0.0625,1.6704166666666664,3.340833333333333,0.0007760775277884243,3934
79161A,150.45000000000002,51,16,16,2.95,ST GEORGE SET OF 10 PARTY LIGHTS,0.0,0.0,0.0,0.0,150.45000000000002,0.0,0.0,2.95,9.403125000000001,0.0007760259474662266,3935
90042C,150.20999999999998,59,26,26,2.5430769230769235,FRESHWATER PEARL BRACELET IVORY,0.0,0.0,0.0,0.0,150.20999999999998,0.0,0.0,2.54593220338983,5.777307692307692,0.0007747880197334786,3936
21310,179.7,6,4,4,29.95,CAPIZ CHANDELIER,-29.95,1.0,1.0,1.0,149.75,0.16666666666666669,0.16666666666666666,29.95,44.925,0.000772415324912379,3937
17108D,149.1,355,23,23,0.42,FLOWER FAIRY SUMMER BOUQUET SACHET,0.0,0.0,0.0,0.0,149.1,0.0,0.0,0.42,6.482608695652174,0.0007690626039695206,3938
90040D,148.87,41,25,25,3.7148000000000003,MURANO STYLE GLASS BRACELET PINK,0.0,0.0,0.0,0.0,148.87,0.0,0.0,3.6309756097560975,5.9548000000000005,0.0007678762565589707,3939
47351B,269.90000000000003,98,14,14,2.9214285714285717,BLUE  VOILE LAMPSHADE,-122.4,48.0,1.0,1.0,147.50000000000003,0.4535012967765839,0.4897959183673469,2.7540816326530617,19.278571428571432,0.0007608097524178692,3940
84720,147.05,35,3,3,6.883333333333333,DOT MATRIX CANVAS ART PICTURE,0.0,0.0,0.0,0.0,147.05,0.0,0.0,4.201428571428572,49.01666666666667,0.0007584886379189672,3941
84622,152.6,23,9,9,7.699999999999999,PINK GINGHAM ROSE CUSHION COVER,-5.95,1.0,1.0,1.0,146.65,0.0389908256880734,0.043478260869565216,6.634782608695652,16.955555555555556,0.0007564254250310543,3942
84510c,146.39,59,36,34,2.483611111111111,SET OF 4 POLKADOT COASTERS,0.0,0.0,0.0,0.0,146.39,0.0,0.0,2.481186440677966,4.305588235294117,0.0007550843366539109,3943
90214M,146.17,145,67,64,1.0853731343283581,"LETTER ""M"" BLING KEY RING",0.0,0.0,0.0,0.0,146.17,0.0,0.0,1.0080689655172412,2.28390625,0.0007539495695655588,3944
84527,146.10999999999999,77,23,22,2.1160869565217393,FLAMES SUNGLASSES PINK LENSES,0.0,0.0,0.0,0.0,146.10999999999999,0.0,0.0,1.8975324675324674,6.641363636363636,0.0007536400876323718,3945
16054,159.0,1210,39,39,0.17384615384615382,POPART RECT PENCIL SHARPENER ASST,-12.96,108.0,1.0,1.0,146.04,0.08150943396226415,0.08925619834710743,0.13140495867768595,4.076923076923077,0.0007532790253769871,3946
46138B,156.29,71,25,25,2.678,BLUE CHENILLE SHAGGY CUSHION COVER ,-11.05,13.0,2.0,2.0,145.23999999999998,0.07070190031351975,0.18309859154929578,2.2012676056338027,6.2516,0.0007491525996011614,3947
90016C,144.07,17,14,14,8.47,SILVER/BLACK PENDANT ORBIT NECKLACE,0.0,0.0,0.0,0.0,144.07,0.0,0.0,8.474705882352941,10.290714285714285,0.0007431177019040163,3949
35610B,144.07,179,14,13,1.1314285714285715,BLACK CHRISTMAS FLOCK DROPLET ,0.0,0.0,0.0,0.0,144.07,0.0,0.0,0.8048603351955307,11.082307692307692,0.0007431177019040163,3948
90093,167.0,210,26,25,1.1065384615384615,CLEAR CRYSTAL STAR PHONE CHARM,-22.95,27.0,2.0,2.0,144.05,0.1374251497005988,0.12857142857142856,0.7952380952380952,6.68,0.0007430145412596207,3950
84874B,143.41,87,38,36,1.6463157894736842,BLUE TRAVEL FIRST AID KIT,0.0,0.0,0.0,0.0,143.41,0.0,0.0,1.6483908045977012,3.983611111111111,0.0007397134006389601,3951
90003B,169.62,45,27,25,3.7792592592592595,ROSE COLOUR PAIR HEART HAIR SLIDES,-26.25,7.0,2.0,2.0,143.37,0.1547576936681995,0.15555555555555556,3.7693333333333334,6.784800000000001,0.0007395070793501688,3952
90036B,143.1,18,10,10,7.95,"FLOWER GLASS GARLAND NECKL.36""GREEN",0.0,0.0,0.0,0.0,143.1,0.0,0.0,7.949999999999999,14.309999999999999,0.0007381144106508276,3953
79192A,152.64,114,35,35,1.4317142857142857,RETRO PLASTIC 70'S TRAY,-10.0,8.0,1.0,1.0,142.64,0.06551362683438156,0.07017543859649122,1.3389473684210524,4.361142857142856,0.0007357417158297277,3954
21102,221.08,82,20,20,3.0614999999999997,"CANDLE IN JAR COLLAGE , VANILLA",-79.05,31.0,1.0,1.0,142.03000000000003,0.35756287316808394,0.3780487804878049,2.69609756097561,11.054,0.0007325953161756608,3955
72740A,141.23,65,12,12,3.8616666666666664,LARGE STRAWBERRY CHOCOLATE CANDLE,0.0,0.0,0.0,0.0,141.23,0.0,0.0,2.1727692307692306,11.769166666666665,0.0007284688903998348,3956
90183A,158.61,54,32,31,2.9315625,AMBER DROP EARRINGS W LONG BEADS,-17.700000000000003,6.0,1.0,1.0,140.91000000000003,0.11159447701910347,0.1111111111111111,2.9372222222222226,5.1164516129032265,0.0007268183200895048,3957
47590b,140.5,13,10,10,10.812999999999999,PINK HAPPY BIRTHDAY BUNTING,0.0,0.0,0.0,0.0,140.5,0.0,0.0,10.807692307692308,14.05,0.000724703526879394,3958
84617,140.25,11,7,7,12.75,NEW BAROQUE BLACK BOXES,0.0,0.0,0.0,0.0,140.25,0.0,0.0,12.75,20.035714285714285,0.0007234140188244484,3959
90194,140.08,33,22,21,4.242272727272727,SILVER LARIAT BLACK STONE EARRINGS,0.0,0.0,0.0,0.0,140.08,0.0,0.0,4.244848484848485,6.670476190476191,0.0007225371533470854,3960
90040C,150.56,42,22,21,3.6513636363636364,MURANO STYLE GLASS BRACELET GOLD,-10.5,3.0,1.0,1.0,140.06,0.06973963868225293,0.07142857142857142,3.584761904761905,7.16952380952381,0.0007224339927026899,3961
78026,139.95,12,2,2,19.975,SEAGRASS S/3 SQU LAUNDRY BOX,0.0,0.0,0.0,0.0,139.95,0.0,0.0,11.6625,69.975,0.0007218666091585137,3962
10120,145.89,679,76,73,0.23894736842105263,DOGGY RUBBER,-6.3,30.0,1.0,1.0,139.58999999999997,0.0431832202344232,0.044182621502209134,0.21486008836524298,1.9984931506849313,0.0007200097175593921,3963
23463,139.39999999999998,13,8,8,11.206249999999999,VINTAGE ZINC WATERING CAN,0.0,0.0,0.0,0.0,139.39999999999998,0.0,0.0,10.72307692307692,17.424999999999997,0.0007190296914376335,3964
90199D,139.28,22,16,16,6.3237499999999995,5 STRAND GLASS NECKLACE AMBER,0.0,0.0,0.0,0.0,139.28,0.0,0.0,6.330909090909091,8.705,0.0007184107275712598,3965
23304,138.45,71,9,9,1.9500000000000002,SET 4 PICNIC CUTLERY CHERRY ,0.0,0.0,0.0,0.0,138.45,0.0,0.0,1.9499999999999997,15.383333333333333,0.0007141295608288405,3966
72754B,137.54,170,8,8,1.17,F FAIRY POTPOURRI CUSHIONS LAVENDER,0.0,0.0,0.0,0.0,137.54,0.0,0.0,0.8090588235294117,17.1925,0.0007094357515088388,3967
35816P,137.43,297,9,9,1.1433333333333333,"ACRYLIC JEWEL ANGEL,PINK",0.0,0.0,0.0,0.0,137.43,0.0,0.0,0.46272727272727276,15.270000000000001,0.0007088683679646627,3968
90156,137.37,25,14,14,5.922857142857143,RESIN BRACELET W PASTEL BEADS,0.0,0.0,0.0,0.0,137.37,0.0,0.0,5.494800000000001,9.812142857142858,0.0007085588860314758,3969
84549,137.27,75,16,16,2.368125,CROCHET WHITE RABBIT KEYRING ,0.0,0.0,0.0,0.0,137.27,0.0,0.0,1.8302666666666667,8.579375,0.0007080430828094976,3970
84558a,136.99,23,21,19,5.948095238095238,3D DOG PICTURE PLAYING CARDS,0.0,0.0,0.0,0.0,136.99,0.0,0.0,5.956086956521739,7.210000000000001,0.0007065988337879586,3971
90214E,144.38,148,71,67,1.0612676056338028,"LETTER ""E"" BLING KEY RING",-7.5,6.0,1.0,1.0,136.88,0.051946252943621,0.04054054054054054,0.9755405405405405,2.1549253731343283,0.0007060314502437824,3972
84709A,136.85,23,14,13,5.95,SILVER OVAL JEWELLED MIRROR,0.0,0.0,0.0,0.0,136.85,0.0,0.0,5.95,10.526923076923076,0.0007058767092771891,3973
72134,136.51,340,31,29,0.9229032258064516,COLUMBIAN  CUBE CANDLE ,0.0,0.0,0.0,0.0,136.51,0.0,0.0,0.40149999999999997,4.707241379310345,0.0007041229783224631,3974
35824P,136.44,324,3,3,0.75,"HANGING FLOWERS+MIRROR,PINK",0.0,0.0,0.0,0.0,136.44,0.0,0.0,0.4211111111111111,45.48,0.0007037619160670783,3975
90023,135.98,32,22,21,4.249090909090909,FILIGREE DIAMANTE EARRINGS,0.0,0.0,0.0,0.0,135.98,0.0,0.0,4.249375,6.475238095238095,0.0007013892212459785,3976
90024E,135.98,16,11,11,8.498181818181818,NEW BAROQUE B'FLY NECKLACE MONTANA,0.0,0.0,0.0,0.0,135.98,0.0,0.0,8.49875,12.361818181818181,0.0007013892212459785,3977
90038A,135.8,36,22,22,3.786363636363636,GLASS AND PAINTED BEADS BRACELET TO,0.0,0.0,0.0,0.0,135.8,0.0,0.0,3.7722222222222226,6.172727272727273,0.0007004607754464179,3978
17011D,135.7,209,4,4,1.8375,ORIGAMI ROSE INCENSE+FLOWER,0.0,0.0,0.0,0.0,135.7,0.0,0.0,0.6492822966507177,33.925,0.0006999449722244395,3979
77079,135.68,64,12,12,2.12,DOLPHIN WINDMILL,0.0,0.0,0.0,0.0,135.68,0.0,0.0,2.12,11.306666666666667,0.0006998418115800439,3980
90002A,135.0,36,15,14,3.75,FLOWER BURST SILVER RING OPAL,0.0,0.0,0.0,0.0,135.0,0.0,0.0,3.75,9.642857142857142,0.0006963343496705921,3981
16020C,134.5,160,40,39,0.843,CLEAR STATIONERY BOX SET ,0.0,0.0,0.0,0.0,134.5,0.0,0.0,0.840625,3.448717948717949,0.000693755333560701,3982
22879,134.4,82,21,21,2.9823809523809524,NUMBER TILE VINTAGE FONT 0,0.0,0.0,0.0,0.0,134.4,0.0,0.0,1.6390243902439026,6.4,0.0006932395303387228,3983
35015,134.08,2072,39,39,0.09128205128205129,JACOBS LADDER SMALL,0.0,0.0,0.0,0.0,134.08,0.0,0.0,0.06471042471042472,3.4379487179487183,0.0006915889600283925,3984
84555A,133.85000000000002,47,17,16,2.926470588235294,YELLOW VW BEETLE CERAMIC MONEY BOX,0.0,0.0,0.0,0.0,133.85000000000002,0.0,0.0,2.8478723404255324,8.365625000000001,0.0006904026126178427,3985
35609A,133.23,447,24,24,0.8216666666666667,PINK FEATHER CHRISTMAS DECORATION,0.0,0.0,0.0,0.0,133.23,0.0,0.0,0.2980536912751678,5.55125,0.0006872046326415775,3986
46137D,132.75,45,4,4,2.95,GREEN CHENILLE SHAGGY RUG,0.0,0.0,0.0,0.0,132.75,0.0,0.0,2.95,33.1875,0.0006847287771760822,3987
90190B,132.58,45,15,15,2.938,GOLD/AMBER DROP EARRINGS W LEAF,0.0,0.0,0.0,0.0,132.58,0.0,0.0,2.9462222222222225,8.838666666666667,0.0006838519116987193,3988
90137,132.52,26,15,15,5.204666666666667,PINK COMBO MINI CRYSTALS NECKLACE,0.0,0.0,0.0,0.0,132.52,0.0,0.0,5.096923076923077,8.834666666666667,0.0006835424297655323,3989
90022,151.1,40,35,32,3.781428571428571,EDWARDIAN DROP EARRINGS JET BLACK,-18.75,5.0,2.0,2.0,132.35,0.12409000661813369,0.125,3.7775,4.721875,0.0006826655642881693,3990
79191D,143.87,138,56,56,1.2092857142857143,RETRO PLASTIC DAISY TRAY,-11.86,13.0,2.0,2.0,132.01,0.08243553207757003,0.09420289855072464,1.042536231884058,2.569107142857143,0.0006809118333334433,3991
45013,132.0,48,8,8,2.9000000000000004,FOLDING SHOE TIDY,0.0,0.0,0.0,0.0,132.0,0.0,0.0,2.75,16.5,0.0006808602530112456,3992
47592B,131.9,67,29,29,1.9331034482758622,SCOTTIES DESIGN CHILD'S OVERALL,0.0,0.0,0.0,0.0,131.9,0.0,0.0,1.9686567164179105,4.548275862068966,0.0006803444497892674,3993
90165B,131.65,52,35,35,2.5237142857142856,WHITE ROSEBUD  PEARL EARRINGS,0.0,0.0,0.0,0.0,131.65,0.0,0.0,2.5317307692307693,3.7614285714285716,0.0006790549417343218,3994
35933,131.38,319,28,28,0.6982142857142858,PINK STOCKING CHRISTMAS DECORATION,0.0,0.0,0.0,0.0,131.38,0.0,0.0,0.41184952978056427,4.692142857142857,0.0006776622730349807,3995
90138,131.15,25,18,17,5.33,WHITE/PINK MINI CRYSTALS NECKLACE,0.0,0.0,0.0,0.0,131.15,0.0,0.0,5.246,7.714705882352941,0.0006764759256244308,3996
35980C,147.64,377,29,29,0.4555172413793103,REDWHITE STRIPE SCANDINAVIAN HEART ,-16.72,44.0,1.0,1.0,130.92,0.11324844215659713,0.11671087533156499,0.3916180371352785,5.09103448275862,0.0006752895782138808,3997
84656,130.9,22,13,13,5.950000000000001,WHITE ROSE C/COVER,0.0,0.0,0.0,0.0,130.9,0.0,0.0,5.95,10.069230769230769,0.0006751864175694852,3998
22888,130.82999999999998,79,23,23,3.058695652173913,NUMBER TILE VINTAGE FONT 9 ,0.0,0.0,0.0,0.0,130.82999999999998,0.0,0.0,1.6560759493670885,5.688260869565217,0.0006748253553141004,3999
16119,130.71,273,8,8,1.0325,FUNKY GIRL ADDRESS BOOK,0.0,0.0,0.0,0.0,130.71,0.0,0.0,0.47879120879120884,16.33875,0.0006742063914477267,4000
72133,130.13,115,34,31,1.3311764705882352,COLUMBIAN CANDLE RECTANGLE,0.0,0.0,0.0,0.0,130.13,0.0,0.0,1.1315652173913042,4.1977419354838705,0.0006712147327602529,4001
84925E,130.05,75,3,3,2.2666666666666666,FLOWERS WALL THERMOMETER,0.0,0.0,0.0,0.0,130.05,0.0,0.0,1.7340000000000002,43.35,0.0006708020901826704,4002
20899,129.8,44,13,12,2.95,VINTAGE NOTEBOOK RED ROSE,0.0,0.0,0.0,0.0,129.8,0.0,0.0,2.95,10.816666666666668,0.000669512582127725,4003
90190A,129.59,44,31,31,2.944516129032258,SILVER/CRYSTAL DROP EARRINGS W LEAF,0.0,0.0,0.0,0.0,129.59,0.0,0.0,2.945227272727273,4.180322580645162,0.0006684293953615705,4004
37471,197.85,1405,10,10,3.6599999999999993,MULTICOLOUR DOTS PLATE,-68.4,684.0,1.0,1.0,129.45,0.3457164518574678,0.48683274021352313,0.1408185053380783,19.785,0.000667707270850801,4005
10080,129.29,315,28,27,0.505,GROOVY CACTUS INFLATABLE,0.0,0.0,0.0,0.0,129.29,0.0,0.0,0.41044444444444445,4.788518518518519,0.0006668819856956359,4006
85160a,129.04,8,3,3,16.13,WHITE BIRD GARDEN DESIGN MUG,0.0,0.0,0.0,0.0,129.04,0.0,0.0,16.13,43.01333333333333,0.0006655924776406904,4007
84858A,128.83,53,8,8,6.135,NATURAL RIVIERA HANDBAG,0.0,0.0,0.0,0.0,128.83,0.0,0.0,2.430754716981132,16.10375,0.0006645092908745362,4008
90181A,128.64,14,14,14,9.188571428571427,AMBER GLASS/SHELL/PEARL NECKLACE,0.0,0.0,0.0,0.0,128.64,0.0,0.0,9.188571428571427,9.188571428571427,0.0006635292647527775,4009
84251G,128.41,473,92,91,0.45608695652173914,"GREETING CARD, OVERCROWDED POOL.",0.0,0.0,0.0,0.0,128.41,0.0,0.0,0.2714799154334038,1.411098901098901,0.0006623429173422276,4010
84782B,127.5,10,6,6,12.75,BLACK 3 TIER GLASS PLATE STAND,0.0,0.0,0.0,0.0,127.5,0.0,0.0,12.75,21.25,0.0006576491080222259,4011
90024D,127.5,15,13,13,8.5,NEW BAROQUE B'FLY NECKLACE PINK,0.0,0.0,0.0,0.0,127.5,0.0,0.0,8.5,9.807692307692308,0.0006576491080222259,4012
85018C,127.2,36,4,4,4.035,S/6 PAPER BOXES CURIOUS IMAGES ,0.0,0.0,0.0,0.0,127.2,0.0,0.0,3.533333333333333,31.8,0.0006561016983562913,4013
16168S,126.83,1283,11,11,0.31363636363636366,FUNKY MONKEY GIFT BAG SMALL,0.0,0.0,0.0,0.0,126.83,0.0,0.0,0.09885424785658613,11.53,0.0006541932264349718,4014
23303,126.75,65,6,6,1.95,SET 4 PICNIC CUTLERY FONDANT,0.0,0.0,0.0,0.0,126.75,0.0,0.0,1.95,21.125,0.0006537805838573893,4015
84559D,126.71,147,31,31,0.9067741935483871,3D SHEET OF SEA WORLD STICKERS,0.0,0.0,0.0,0.0,126.71,0.0,0.0,0.8619727891156462,4.087419354838709,0.0006535742625685979,4016
84367,126.30000000000001,74,8,8,2.175,LA STREGA CANVAS PICTURE ,0.0,0.0,0.0,0.0,126.30000000000001,0.0,0.0,1.706756756756757,15.787500000000001,0.0006514594693584874,4017
gift_0001_10,126.21,15,14,14,8.42,Dotcomgiftshop Gift Voucher £10.00,0.0,0.0,0.0,0.0,126.21,0.0,0.0,8.414,9.014999999999999,0.0006509952464587069,4018
81950B,126.74,216,35,34,0.9374285714285715,FLOWER BLUE CLOCK W/SUCKER,-0.85,1.0,1.0,1.0,125.89,0.006706643522171375,0.004629629629629629,0.5867592592592592,3.7276470588235293,0.0006493446761483766,4019
16053,185.73,4313,10,10,0.174,POPART COL BALLPOINT PEN ASST,-60.0,2000.0,1.0,1.0,125.72999999999999,0.3230495881117752,0.46371435195919314,0.04306283329469047,18.573,0.0006485193909932114,4020
23578,125.72,60,14,14,2.417142857142857,SNACK TRAY RED GINGHAM,0.0,0.0,0.0,0.0,125.72,0.0,0.0,2.0953333333333335,8.98,0.0006484678106710136,4021
82607E,126.25,101,26,25,1.25,GLASS BONBON JAR. D'AMANDES,-1.25,1.0,1.0,1.0,125.0,0.009900990099009901,0.009900990099009901,1.25,5.05,0.0006447540274727705,4022
84614A,136.73,19,11,10,7.564545454545454,PINK BAROQUE FLOCK CANDLE HOLDER,-11.9,2.0,1.0,1.0,124.82999999999998,0.0870328384407226,0.10526315789473684,7.196315789473684,13.672999999999998,0.0006438771619954074,4023
90177D,141.68,48,27,25,2.952962962962963,DROP DIAMANTE EARRINGS PURPLE,-17.700000000000003,6.0,1.0,1.0,123.98,0.1249294184076793,0.125,2.9516666666666667,5.6672,0.0006394928346085927,4024
90162C,123.90000000000002,42,16,16,2.95,ANT SILVER FUSCHIA BOUDICCA RING,0.0,0.0,0.0,0.0,123.90000000000002,0.0,0.0,2.9500000000000006,7.743750000000001,0.0006390801920310101,4025
90202D,141.49,48,24,24,2.94375,PINK ENAMEL FLOWER HAIR TIE,-17.700000000000003,6.0,1.0,1.0,123.79,0.12509718001272177,0.125,2.9477083333333334,5.895416666666667,0.0006385128084868341,4026
17191A,123.75,33,12,12,3.75,ROSE FLOWER CANDLE+INCENSE 16X16CM,0.0,0.0,0.0,0.0,123.75,0.0,0.0,3.75,10.3125,0.0006383064871980427,4027
23477,123.47,92,13,13,1.7153846153846155,WOODLAND LARGE BLUE FELT HEART,0.0,0.0,0.0,0.0,123.47,0.0,0.0,1.3420652173913044,9.497692307692308,0.0006368622381765037,4028
21228,122.57,97,32,31,1.29125,"POCKET MIRROR ""GLAMOROUS""",0.0,0.0,0.0,0.0,122.57,0.0,0.0,1.2636082474226804,3.9538709677419352,0.0006322200091786998,4029
79308B,122.4,144,2,2,0.85,MOSAIC CANDLE DISH BLUE PURPLE,0.0,0.0,0.0,0.0,122.4,0.0,0.0,0.8500000000000001,61.2,0.0006313431437013369,4030
90205C,122.31,78,24,24,1.6591666666666667,LARGE CRYSTAL DIAMANTE HAIRSLIDE,0.0,0.0,0.0,0.0,122.31,0.0,0.0,1.5680769230769231,5.09625,0.0006308789208015565,4031
35916A,121.99999999999999,135,46,44,1.043695652173913,YELLOW FELT HANGING HEART W FLOWER,0.0,0.0,0.0,0.0,121.99999999999999,0.0,0.0,0.9037037037037036,2.7727272727272725,0.0006292799308134238,4032
44242B,121.53,109,9,9,1.1477777777777778,PINK FEATHERS CURTAIN,0.0,0.0,0.0,0.0,121.53,0.0,0.0,1.114954128440367,13.503333333333334,0.0006268556556701263,4033
35916B,121.33,133,47,46,0.981063829787234,BLUE FELT HANGING HEART WITH FLOWER,0.0,0.0,0.0,0.0,121.33,0.0,0.0,0.9122556390977443,2.637608695652174,0.0006258240492261699,4034
23467,120.08,32,11,11,4.366363636363636,VINTAGE ZINC PLANTER  ,0.0,0.0,0.0,0.0,120.08,0.0,0.0,3.7525,10.916363636363636,0.0006193765089514421,4035
79532,121.25,97,18,18,1.25,MOSAIC GLASS BALL CANDLEHOLDER,-1.25,1.0,1.0,1.0,120.0,0.010309278350515464,0.010309278350515464,1.25,6.736111111111111,0.0006189638663738596,4036
90051,119.89,17,13,11,7.063076923076922,CRACKED GLAZE NECKLACE RED,0.0,0.0,0.0,0.0,119.89,0.0,0.0,7.052352941176471,10.899090909090908,0.0006183964828296836,4037
84886,119.39999999999999,12,9,9,9.95,BLUE METAL WALL SHELF,0.0,0.0,0.0,0.0,119.39999999999999,0.0,0.0,9.95,13.266666666666666,0.0006158690470419902,4038
84199,121.08,554,72,69,0.22138888888888889,GLOW IN DARK DOLPHINS,-2.52,12.0,1.0,1.0,118.56,0.02081268582755203,0.021660649819494584,0.21855595667870037,1.7547826086956522,0.0006115362999773733,4039
35607A,118.43,554,31,31,0.33129032258064517,PINK FLUFFY CHRISTMAS DECORATION,0.0,0.0,0.0,0.0,118.43,0.0,0.0,0.21377256317689533,3.8203225806451617,0.0006108657557888016,4040
90101,133.7,53,30,29,2.5253333333333337,WHITE FRANGIPANI NECKLACE,-15.3,6.0,1.0,1.0,118.39999999999999,0.11443530291697833,0.11320754716981132,2.5226415094339623,4.610344827586206,0.0006107110148222081,4041
20887,118.39,18,8,8,5.615,BOX OF 6 PEBBLE CANDLES,0.0,0.0,0.0,0.0,118.39,0.0,0.0,6.577222222222222,14.79875,0.0006106594345000103,4042
90139,118.24000000000001,23,18,18,5.152222222222223,FLOWER BROOCH 4 ASSORTED COLOURS,0.0,0.0,0.0,0.0,118.24000000000001,0.0,0.0,5.1408695652173915,6.568888888888889,0.000609885729667043,4043
84510E,117.77,148,28,28,1.8128571428571427,SET OF 4 GREEN CAROUSEL COASTERS,0.0,0.0,0.0,0.0,117.77,0.0,0.0,0.7957432432432432,4.206071428571429,0.0006074614545237454,4044
85190,122.46,138,17,17,1.153529411764706,PINK FLOWER HANGING HEART ,-5.1,6.0,1.0,1.0,117.36,0.04164625183733464,0.043478260869565216,0.8873913043478261,7.2035294117647055,0.0006053466613136347,4045
35824C,117.05,235,8,8,0.935,"HANGING FLOWERS+MIRROR,CLEAR",0.0,0.0,0.0,0.0,117.05,0.0,0.0,0.4980851063829787,14.63125,0.0006037476713255022,4046
90002C,124.38,33,19,19,3.783157894736842,FLOWER BURST SILVER RING MIDN'T BLU,-7.5,2.0,1.0,1.0,116.88,0.0602990834539315,0.06060606060606061,3.769090909090909,6.546315789473684,0.0006028708058481392,4047
71495B,116.61000000000001,306,19,18,0.538421052631579,CD WALL TIDY RED FLOWERS,0.0,0.0,0.0,0.0,116.61000000000001,0.0,0.0,0.38107843137254904,6.478333333333334,0.0006014781371487982,4048
16206B,116.4,96,16,16,1.23125,RED PURSE WITH PINK HEART,0.0,0.0,0.0,0.0,116.4,0.0,0.0,1.2125000000000001,7.275,0.0006003949503826439,4049
90108,125.83,109,21,21,1.591904761904762,BLUE BLOSSOM HAIR CLIP,-10.5,10.0,1.0,1.0,115.33,0.08344591909719463,0.09174311926605505,1.1544036697247706,5.991904761904761,0.0005948758559074769,4050
90071,115.28999999999999,92,76,73,1.2532894736842106,RUBY GLASS CLUSTER EARRINGS,0.0,0.0,0.0,0.0,115.28999999999999,0.0,0.0,1.2531521739130433,1.5793150684931505,0.0005946695346186855,4051
20896,115.05000000000001,39,15,14,2.95,VINTAGE NOTEBOOK PINK FLOWER,0.0,0.0,0.0,0.0,115.05000000000001,0.0,0.0,2.95,8.217857142857143,0.0005934316068859379,4053
20848,115.05000000000001,39,12,12,2.9500000000000006,ZINC HEART LATTICE CHARGER SMALL,0.0,0.0,0.0,0.0,115.05000000000001,0.0,0.0,2.95,9.5875,0.0005934316068859379,4052
84288B,118.95,61,24,24,1.95,SET/2 BLUE  NOODLE BASKETS,-3.9,2.0,1.0,1.0,115.05,0.03278688524590164,0.03278688524590164,1.95,4.95625,0.0005934316068859378,4054
84462,114.86,100,14,14,1.3264285714285715,3 PINK HEN+CHICKS IN BASKET,0.0,0.0,0.0,0.0,114.86,0.0,0.0,1.1486,8.204285714285714,0.0005924515807641793,4055
84765,140.23,9,6,6,16.996666666666666,SILVER ROCOCO CANDELABRA,-25.5,2.0,1.0,1.0,114.72999999999999,0.18184411324253014,0.2222222222222222,15.58111111111111,23.371666666666666,0.0005917810365756076,4056
23185,114.85,317,31,30,0.3516129032258064,FRENCH STYLE STORAGE JAR JAM,-0.29,1.0,1.0,1.0,114.55999999999999,0.002525032651284284,0.0031545741324921135,0.36230283911671923,3.828333333333333,0.0005909041710982446,4057
20698,114.44999999999999,47,22,21,2.509090909090909,LITTLE PINK MONSTER SOFT TOY,0.0,0.0,0.0,0.0,114.44999999999999,0.0,0.0,2.435106382978723,5.449999999999999,0.0005903367875540685,4058
23151,114.33000000000001,61,21,21,2.2395238095238095,ZINC SWEETHEART SOAP DISH,0.0,0.0,0.0,0.0,114.33000000000001,0.0,0.0,1.8742622950819674,5.444285714285715,0.0005897178236876948,4059
90018C,118.51,28,20,20,4.226000000000001,SILVER BLACK ORBIT DROP EARRINGS,-4.25,1.0,1.0,1.0,114.26,0.035861952577841534,0.03571428571428571,4.2325,5.9255,0.00058935676143231,4060
17090D,113.95,95,32,28,1.2375,VANILLA INCENSE 40 CONES IN TIN,0.0,0.0,0.0,0.0,113.95,0.0,0.0,1.1994736842105262,4.069642857142857,0.0005877577714441776,4061
21089,113.84,325,41,40,0.5009756097560976,SET/6 GREEN SPRING PAPER CUPS,0.0,0.0,0.0,0.0,113.84,0.0,0.0,0.3502769230769231,2.846,0.0005871903879000015,4062
90030A,113.76,79,10,10,2.496,SPOTTED WHITE NATURAL SEED NECKLACE,0.0,0.0,0.0,0.0,113.76,0.0,0.0,1.4400000000000002,11.376000000000001,0.0005867777453224189,4063
84705B,113.27,84,3,3,4.006666666666667,FAIRY CAKES PHOTO FRAME,0.0,0.0,0.0,0.0,113.27,0.0,0.0,1.348452380952381,37.75666666666667,0.0005842503095347257,4064
84249A,113.22,252,34,34,0.6129411764705882,"GREETING CARD,SQUARE, DOUGHNUTS",0.0,0.0,0.0,0.0,113.22,0.0,0.0,0.4492857142857143,3.33,0.0005839924079237365,4065
90179C,118.73,20,17,16,5.934117647058824,BLACK FINE BEAD NECKLACE W TASSEL,-5.95,1.0,1.0,1.0,112.78,0.05011370336056599,0.05,5.9365000000000006,7.420625,0.0005817228737470324,4066
16043,180.3,2145,13,13,0.31846153846153846,POP ART PUSH DOWN RUBBER ,-67.68,984.0,2.0,2.0,112.62,0.37537437603993346,0.45874125874125876,0.08405594405594406,13.86923076923077,0.0005808975885918672,4067
44236,112.32000000000001,64,13,12,2.868461538461539,PINK/PURPLE CIRCLE CURTAIN,0.0,0.0,0.0,0.0,112.32000000000001,0.0,0.0,1.7550000000000001,9.360000000000001,0.0005793501789259326,4068
71510,112.05,177,17,17,0.7935294117647059,SQUARE METAL CANDLEHOLDER BASE,0.0,0.0,0.0,0.0,112.05,0.0,0.0,0.6330508474576271,6.591176470588235,0.0005779575102265915,4069
90104,111.42999999999999,133,52,49,0.8340384615384615,PURPLE FRANGIPANI HAIRCLIP,0.0,0.0,0.0,0.0,111.42999999999999,0.0,0.0,0.8378195488721804,2.2740816326530613,0.0005747595302503265,4070
35966,111.34,255,26,26,0.6815384615384615,FOLKART CHRISTMAS TREE T-LIGHT HOLD,0.0,0.0,0.0,0.0,111.34,0.0,0.0,0.4366274509803922,4.282307692307692,0.0005742953073505461,4071
90103,110.85,44,30,30,2.521333333333333,PURPLE FRANGIPANI NECKLACE,0.0,0.0,0.0,0.0,110.85,0.0,0.0,2.5193181818181816,3.695,0.0005717678715628527,4072
90141A,110.46000000000001,21,18,17,5.3116666666666665,GREEN PENDANT TRIPLE SHELL NECKLACE,0.0,0.0,0.0,0.0,110.46000000000001,0.0,0.0,5.260000000000001,6.49764705882353,0.0005697562389971379,4073
82069,109.85,17,11,11,6.275454545454545,BEECH WOOD P/FRAME,0.0,0.0,0.0,0.0,109.85,0.0,0.0,6.461764705882352,9.986363636363636,0.0005666098393430707,4074
90048,158.89000000000001,31,8,8,5.63,GREEN WITH METAL BAG CHARM,-49.5,10.0,1.0,1.0,109.39000000000001,0.3115362829630562,0.3225806451612903,5.125483870967742,19.861250000000002,0.000564237144521971,4075
85185F,109.15,37,20,19,2.95,LION SOCK PUPPET,0.0,0.0,0.0,0.0,109.15,0.0,0.0,2.95,5.744736842105263,0.0005629992167892232,4076
90003E,124.12,33,23,22,3.7686956521739132,GREEN PAIR HEART HAIR SLIDES,-15.0,4.0,1.0,1.0,109.12,0.12085078955849178,0.12121212121212122,3.7612121212121212,5.641818181818182,0.0005628444758226297,4077
90168,126.72000000000001,43,25,24,2.9432,2 DAISIES HAIR COMB,-17.700000000000003,6.0,1.0,1.0,109.02000000000001,0.1396780303030303,0.13953488372093023,2.946976744186047,5.28,0.0005623286726006515,4078
20667,108.69,40,24,24,2.6437500000000003,CHERRY BLOSSOM PURSE,0.0,0.0,0.0,0.0,108.69,0.0,0.0,2.71725,4.52875,0.0005606265219681233,4079
35610A,107.94,144,13,12,1.6115384615384616,PINK CHRISTMAS FLOCK DROPLET ,0.0,0.0,0.0,0.0,107.94,0.0,0.0,0.7495833333333333,8.995,0.0005567579978032868,4080
72753C,107.68,43,6,6,4.021666666666667,S/3 FLWR FAIRY ROSE CANDLES,0.0,0.0,0.0,0.0,107.68,0.0,0.0,2.504186046511628,17.94666666666667,0.0005554169094261434,4081
84751B,115.86,38,20,19,3.0100000000000002,BLACK MEDIUM GLASS CAKE STAND,-8.29,3.0,2.0,2.0,107.57,0.0715518729501122,0.07894736842105263,3.0489473684210524,6.097894736842105,0.0005548495258819673,4082
84539,107.25,65,13,11,1.65,KNITTED RABBIT DOLL ,0.0,0.0,0.0,0.0,107.25,0.0,0.0,1.65,9.75,0.0005531989555716371,4083
23626,107.07000000000001,43,16,16,2.49,SET 10 CARDS DINKY TREE 17076,0.0,0.0,0.0,0.0,107.07000000000001,0.0,0.0,2.49,6.6918750000000005,0.0005522705097720763,4084
84562B,106.59,10,7,7,10.530000000000001,BLUE/WHITE RIBBED MELAMINE JUG,0.0,0.0,0.0,0.0,106.59,0.0,0.0,10.659,15.227142857142857,0.0005497946543065807,4085
35096B,106.49000000000001,293,25,25,0.46759999999999996,RED VICTORIAN FABRIC HEART BOX,0.0,0.0,0.0,0.0,106.49000000000001,0.0,0.0,0.3634470989761093,4.259600000000001,0.0005492788510846026,4086
90165A,106.49,42,27,27,2.524074074074074,PINK ROSEBUD PEARL EARRINGS,0.0,0.0,0.0,0.0,106.49,0.0,0.0,2.5354761904761904,3.944074074074074,0.0005492788510846026,4087
35840,107.13,45,11,11,3.7590909090909093,FLAT GLASS  BAUBLE WHITE FLOCK ,-0.85,1.0,1.0,1.0,106.28,0.007934285447587043,0.022222222222222223,2.3806666666666665,9.739090909090908,0.0005481956643184484,4088
72038P,116.5,1050,9,9,0.15222222222222223,PRICE'S CANDLE PEACH,-10.5,50.0,1.0,1.0,106.0,0.09012875536480687,0.047619047619047616,0.11095238095238096,12.944444444444445,0.0005467514152969093,4089
22987,105.84,252,11,11,0.42,"WRAP , SUMMER ROSE DESIGN",0.0,0.0,0.0,0.0,105.84,0.0,0.0,0.42000000000000004,9.621818181818183,0.0005459261301417442,4090
84867A,105.82000000000001,16,4,4,8.355,PINK BABY GIRLS PHOTO ALBUM,0.0,0.0,0.0,0.0,105.82000000000001,0.0,0.0,6.6137500000000005,26.455000000000002,0.0005458229694973486,4091
84458,105.39999999999999,124,20,20,0.85,S/3 RABBIT FLOWER/EGG/CARROT ROPE,0.0,0.0,0.0,0.0,105.39999999999999,0.0,0.0,0.85,5.27,0.00054365659596504,4092
84921,105.0,28,15,14,3.75,CREAM AND PINK FLOWERS PONY ,0.0,0.0,0.0,0.0,105.0,0.0,0.0,3.75,7.5,0.0005415933830771272,4094
16169D,105.0,250,9,9,0.42,WRAP WINTER FOREST,0.0,0.0,0.0,0.0,105.0,0.0,0.0,0.42,11.666666666666666,0.0005415933830771272,4093
90079,104.77,21,13,13,5.006153846153846,VINTAGE ENAMEL & CRYSTAL NECKLACE,0.0,0.0,0.0,0.0,104.77,0.0,0.0,4.989047619047619,8.05923076923077,0.0005404070356665772,4095
21118,104.25,69,7,7,2.5357142857142856,SHOPPING BAG DOORSTOP,0.0,0.0,0.0,0.0,104.25,0.0,0.0,1.5108695652173914,14.892857142857142,0.0005377248589122905,4096
21337,103.53000000000002,33,12,12,3.465,SILVER WASHBAG,0.0,0.0,0.0,0.0,103.53000000000002,0.0,0.0,3.1372727272727277,8.627500000000001,0.0005340110757140475,4097
35910A,103.35,53,13,13,1.9499999999999997,MULTICOLOUR EASTER RABBIT ,0.0,0.0,0.0,0.0,103.35,0.0,0.0,1.95,7.949999999999999,0.0005330826299144866,4098
90024C,101.97,12,11,10,8.497272727272728,NEW BAROQUE B'FLY NECKLACE GREEN,0.0,0.0,0.0,0.0,101.97,0.0,0.0,8.4975,10.197,0.0005259645454511871,4099
20697,101.69999999999999,42,23,21,2.510869565217391,LITTLE GREEN MONSTER SOFT TOY,0.0,0.0,0.0,0.0,101.69999999999999,0.0,0.0,2.4214285714285713,4.8428571428571425,0.000524571876751846,4100
90125C,101.35,92,10,10,1.6649999999999998,TURQUOISE BERTIE GLASS BEAD CHARM,0.0,0.0,0.0,0.0,101.35,0.0,0.0,1.1016304347826087,10.135,0.0005227665654749222,4101
72369A,101.28999999999999,67,15,14,1.7473333333333334,PINK CLEAR GLASS CANDLE PLATE,0.0,0.0,0.0,0.0,101.28999999999999,0.0,0.0,1.5117910447761194,7.234999999999999,0.0005224570835417353,4102
16248B,101.25,81,12,12,1.25,BLUE HOLE PUNCH,0.0,0.0,0.0,0.0,101.25,0.0,0.0,1.25,8.4375,0.0005222507622529441,4103
17084J,101.01,481,21,20,0.21000000000000002,LOVE POTION MASALA INCENSE,0.0,0.0,0.0,0.0,101.01,0.0,0.0,0.21000000000000002,5.0505,0.0005210128345201963,4104
85050,100.8,48,1,1,2.1,FRENCH ENAMEL SOAP DISH WITH LID,0.0,0.0,0.0,0.0,100.8,0.0,0.0,2.1,100.8,0.0005199296477540421,4105
84968d,100.37,4,4,4,25.0925,SET OF 16 VINTAGE RED CUTLERY,0.0,0.0,0.0,0.0,100.37,0.0,0.0,25.0925,25.0925,0.0005177116938995358,4106
75172,100.31,97,11,11,2.1354545454545457,PAINTED SEA SHELL METAL WINDCHIME,0.0,0.0,0.0,0.0,100.31,0.0,0.0,1.0341237113402062,9.11909090909091,0.0005174022119663489,4107
90177C,117.9,40,27,24,2.947037037037037,DROP DIAMANTE EARRINGS CRYSTAL,-17.700000000000003,6.0,1.0,1.0,100.2,0.15012722646310434,0.15,2.9475000000000002,4.9125000000000005,0.0005168348284221729,4108
78027,100.15,6,5,5,18.03,SEAGRASS S/2 CORNER LAUNDRY ,0.0,0.0,0.0,0.0,100.15,0.0,0.0,16.691666666666666,20.03,0.0005165769268111837,4109
23611,99.60000000000001,40,16,16,2.49,SET 10 CARDS RED RIDING HOOD 17214,0.0,0.0,0.0,0.0,99.60000000000001,0.0,0.0,2.49,6.2250000000000005,0.0005137400090903035,4110
10123G,165.55999999999997,2251,17,16,0.8205882352941177,ARMY CAMO WRAPPING TAPE,-66.24,1104.0,1.0,1.0,99.31999999999998,0.400096641700894,0.49044868947134607,0.0735495335406486,10.347499999999998,0.0005122957600687644,4111
23464,99.2,18,8,8,6.2125,VINTAGE ZINC WATERING CAN SMALL,0.0,0.0,0.0,0.0,99.2,0.0,0.0,5.511111111111111,12.4,0.0005116767962023907,4112
84559a,99.08,59,42,40,1.6792857142857143,3D SHEET OF DOG STICKERS,0.0,0.0,0.0,0.0,99.08,0.0,0.0,1.679322033898305,2.477,0.0005110578323360168,4113
21266,98.9,23,9,9,4.3,VINTAGE SILVER TINSEL REEL,0.0,0.0,0.0,0.0,98.9,0.0,0.0,4.3,10.988888888888889,0.0005101293865364561,4114
20861,98.7,47,18,16,2.1,GOLD COSMETIC BAG PINK STAR,0.0,0.0,0.0,0.0,98.7,0.0,0.0,2.1,6.16875,0.0005090977800924995,4115
90059D,108.43,65,41,40,1.6760975609756097,DIAMANTE HAIR GRIP PACK/2 PERIDOT,-9.9,6.0,1.0,1.0,98.53,0.09130314488610163,0.09230769230769231,1.6681538461538463,2.71075,0.0005082209146151365,4116
90163B,98.45,13,9,9,7.5744444444444445,WHITE ROSEBUD & PEARL NECKLACE,0.0,0.0,0.0,0.0,98.45,0.0,0.0,7.573076923076924,10.93888888888889,0.000507808272037554,4117
90174,128.66,51,33,32,2.5184848484848485,BUTTERFLY HAIR BAND,-30.6,12.0,2.0,2.0,98.06,0.23783615731385047,0.23529411764705882,2.5227450980392154,4.020625,0.000505796639471839,4118
20835,98.04,81,11,10,3.610909090909091,FRENCH LATTICE CUSHION COVER ,0.0,0.0,0.0,0.0,98.04,0.0,0.0,1.2103703703703705,9.804,0.0005056934788274434,4119
90214R,97.97999999999999,96,53,50,1.0779245283018868,"LETTER ""R"" BLING KEY RING",0.0,0.0,0.0,0.0,97.97999999999999,0.0,0.0,1.020625,1.9595999999999998,0.0005053839968942563,4120
84705D,97.9,22,15,14,4.386,CHERRY BLOSSOM PHOTO FRAME ,0.0,0.0,0.0,0.0,97.9,0.0,0.0,4.45,6.992857142857143,0.0005049713543166739,4121
84613A,102.3,22,10,10,4.65,PINK NEW BAROQUE FLOCK CANDLESTICK,-4.65,1.0,1.0,1.0,97.64999999999999,0.04545454545454546,0.045454545454545456,4.6499999999999995,10.23,0.0005036818462617282,4122
90150,97.5,13,8,8,7.5,BLUE SHELL+SILVER NECKLACE,0.0,0.0,0.0,0.0,97.5,0.0,0.0,7.5,12.1875,0.000502908141428761,4124
16161G,97.5,975,33,33,0.1,WRAP BAD HAIR DAY,0.0,0.0,0.0,0.0,97.5,0.0,0.0,0.1,2.9545454545454546,0.000502908141428761,4123
84679,103.3,14,4,4,8.95,CLASSICAL ROSE TABLE LAMP,-5.95,1.0,1.0,1.0,97.35,0.057599225556631176,0.07142857142857142,7.378571428571428,25.825,0.0005021344365957936,4125
90067A,97.24000000000001,33,16,16,2.943125,PINK VINTAGE VICTORIAN EARRINGS,0.0,0.0,0.0,0.0,97.24000000000001,0.0,0.0,2.9466666666666668,6.077500000000001,0.0005015670530516176,4126
17007B,96.60000000000001,46,8,6,2.1,S/3 POT POURI CUSHIONS BLUE COLOURS,0.0,0.0,0.0,0.0,96.60000000000001,0.0,0.0,2.1,16.1,0.0004982659124309571,4127
84465,96.51,32,23,23,3.041739130434783,15 PINK FLUFFY CHICKS IN BOX,0.0,0.0,0.0,0.0,96.51,0.0,0.0,3.0159375,4.196086956521739,0.0004978016895311766,4128
85132b,95.83999999999999,10,10,10,9.584,CHARLIE AND LOLA TABLE TINS,0.0,0.0,0.0,0.0,95.83999999999999,0.0,0.0,9.584,9.584,0.0004943458079439225,4129
72821,100.65,61,15,14,1.65,CUPID SCENTED CANDLE IN GLASS,-4.949999999999999,3.0,1.0,1.0,95.7,0.04918032786885245,0.04918032786885246,1.6500000000000001,7.189285714285715,0.0004936236834331531,4130
71406C,95.38,223,37,35,0.46648648648648644,BLACK ORANGE SQUEEZER,0.0,0.0,0.0,0.0,95.38,0.0,0.0,0.42771300448430494,2.725142857142857,0.0004919731131228227,4131
84967A,174.9,3,3,3,58.300000000000004,PINK KASHMIRI OCCASIONAL TABLE,-79.95,1.0,1.0,1.0,94.95,0.4571183533447684,0.3333333333333333,58.300000000000004,58.300000000000004,0.0004897551592683164,4132
72606A,94.92,226,18,18,0.42,BROWN ANTIQUE CUBE CANDLE,0.0,0.0,0.0,0.0,94.92,0.0,0.0,0.42,5.273333333333333,0.0004896004183017229,4133
21595,93.89,11,11,9,8.535454545454545,Dad's Cab Electronic Meter,0.0,0.0,0.0,0.0,93.89,0.0,0.0,8.535454545454545,10.432222222222222,0.00048428764511534734,4134
90089,93.55999999999999,105,27,26,1.2485185185185186,PINK CRYSTAL SKULL PHONE CHARM,0.0,0.0,0.0,0.0,93.55999999999999,0.0,0.0,0.891047619047619,3.598461538461538,0.00048258549448281917,4135
90026A,93.47,11,9,9,8.496666666666666,GLASS BEAD HOOP NECKLACE BLACK,0.0,0.0,0.0,0.0,93.47,0.0,0.0,8.497272727272728,10.385555555555555,0.0004821212715830388,4136
90214D,93.37,103,53,50,1.0126415094339623,"LETTER ""D"" BLING KEY RING",0.0,0.0,0.0,0.0,93.37,0.0,0.0,0.9065048543689321,1.8674000000000002,0.0004816054683610606,4137
35594,103.06,165,39,39,0.9984615384615384,WOODEN CHRISTMAS TREE 3 HANGING,-10.08,24.0,1.0,1.0,92.98,0.09780710265864545,0.14545454545454545,0.6246060606060606,2.6425641025641027,0.0004795938357953456,4138
84575A,98.8,24,13,13,5.334615384615385,PINK DOG CANNISTER,-5.95,1.0,1.0,1.0,92.85,0.060222672064777334,0.041666666666666664,4.116666666666666,7.6,0.00047892329160677385,4139
17084A,92.82,442,18,18,0.21,TRANQUILITY MASALA INCENSE,0.0,0.0,0.0,0.0,92.82,0.0,0.0,0.21,5.156666666666666,0.0004787685506401804,4140
35913B,92.39,100,23,21,1.065217391304348,WHITE/PINK CHICK EASTER DECORATION,0.0,0.0,0.0,0.0,92.39,0.0,0.0,0.9239,4.399523809523809,0.0004765505967856741,4141
90075,92.17999999999999,10,8,8,9.2075,MONTANA DIAMOND CLUSTER NECKLACE,0.0,0.0,0.0,0.0,92.17999999999999,0.0,0.0,9.218,11.522499999999999,0.0004754674100195198,4142
84753A,92.16999999999999,97,24,24,1.1537499999999998,PINK EAU DE COLOGNE BOTTLE,0.0,0.0,0.0,0.0,92.16999999999999,0.0,0.0,0.9502061855670102,3.840416666666666,0.00047541582969732194,4143
90118,107.39,42,29,29,2.576206896551724,PINK DAISY BAG CHARM,-15.3,6.0,1.0,1.0,92.09,0.14247136604898036,0.14285714285714285,2.556904761904762,3.7031034482758622,0.00047500318711973945,4144
90177B,91.38000000000001,31,19,19,2.951578947368421,DROP DIAMANTE EARRINGS BLACK DIAMON,0.0,0.0,0.0,0.0,91.38000000000001,0.0,0.0,2.9477419354838714,4.809473684210527,0.00047134098424369414,4145
90112,91.25,84,21,20,1.108095238095238,PINK DOLLY HAIR CLIPS,0.0,0.0,0.0,0.0,91.25,0.0,0.0,1.0863095238095237,4.5625,0.00047067044005512246,4146
90169,106.49,42,25,23,2.5284,DAISY HAIR COMB,-15.3,6.0,1.0,1.0,91.19,0.14367546248474036,0.14285714285714285,2.5354761904761904,4.63,0.00047036095812193543,4147
84437A,90.94999999999999,106,20,18,0.8924999999999998,S/6 PINK EASTER DECS IN BOX,0.0,0.0,0.0,0.0,90.94999999999999,0.0,0.0,0.8580188679245282,5.052777777777777,0.0004691230303891877,4148
90039C,90.46000000000001,24,13,12,3.7853846153846153,FIRE POLISHED GLASS BRACELET BLACK,0.0,0.0,0.0,0.0,90.46000000000001,0.0,0.0,3.769166666666667,7.538333333333334,0.0004665955946014946,4149
72783,90.30000000000001,43,9,9,2.1,BLACK SIL'T SQU CANDLE PLATE ,0.0,0.0,0.0,0.0,90.30000000000001,0.0,0.0,2.1,10.033333333333335,0.0004657703094463294,4150
23574,105.0,14,14,14,7.5,PACKING CHARGE,-15.0,2.0,2.0,2.0,90.0,0.14285714285714285,0.14285714285714285,7.5,7.5,0.0004642228997803947,4151
20816,123.6,24,7,7,5.378571428571428,GOLD FLOWER CUSHION COVER ,-33.75,5.0,1.0,1.0,89.85,0.27305825242718446,0.20833333333333334,5.1499999999999995,17.657142857142855,0.0004634491949474274,4152
35271S,89.58,439,22,20,0.23,GOLD PRINT PAPER BAG,0.0,0.0,0.0,0.0,89.58,0.0,0.0,0.20405466970387243,4.479,0.0004620565262480862,4153
79026B,89.25,69,37,37,1.595945945945946,"S/4 ICON COASTER,ELVIS LIVES",0.0,0.0,0.0,0.0,89.25,0.0,0.0,1.2934782608695652,2.4121621621621623,0.00046035437561555814,4154
90001D,89.2,21,12,11,4.245833333333334,ANTIQUE OLIVE GREEN FLOWER EARRINGS,0.0,0.0,0.0,0.0,89.2,0.0,0.0,4.247619047619048,8.10909090909091,0.000460096474004569,4155
47598,89.12,138,32,32,0.7571875,NEW ENGLAND EGG WARMER,0.0,0.0,0.0,0.0,89.12,0.0,0.0,0.6457971014492754,2.785,0.0004596838314269864,4156
20660,88.75,71,27,26,1.25,VIP LUGGAGE TAG ,0.0,0.0,0.0,0.0,88.75,0.0,0.0,1.25,3.4134615384615383,0.000457775359505667,4157
90162D,88.50000000000001,30,16,14,2.95,ANT SILVER PURPLE BOUDICCA RING,0.0,0.0,0.0,0.0,88.50000000000001,0.0,0.0,2.9500000000000006,6.321428571428572,0.0004564858514507215,4158
90162A,88.5,30,11,11,2.95,ANT SILVER TURQUOISE BOUDICCA RING,0.0,0.0,0.0,0.0,88.5,0.0,0.0,2.95,8.045454545454545,0.00045648585145072147,4159
35638A,88.04999999999998,39,6,6,3.9499999999999997,PINK AND BLACK STRING CURTAIN,0.0,0.0,0.0,0.0,88.04999999999998,0.0,0.0,2.257692307692307,14.674999999999997,0.00045416473695181946,4160
84596e,87.85,35,22,17,2.51,SMALL LICORICE DES PINK BOWL,0.0,0.0,0.0,0.0,87.85,0.0,0.0,2.51,5.167647058823529,0.0004531331305078631,4161
90214G,96.58,104,51,48,1.0162745098039216,"LETTER ""G"" BLING KEY RING",-8.75,7.0,2.0,2.0,87.83,0.09059846759163388,0.0673076923076923,0.9286538461538462,2.0120833333333334,0.0004530299698634674,4162
84721,87.8,20,2,2,8.35,MANHATTAN CANVAS ART PICTURE,0.0,0.0,0.0,0.0,87.8,0.0,0.0,4.39,43.9,0.00045287522889687394,4163
71495A,87.96000000000001,225,20,20,0.6395,CD WALL TIDY BLUE OFFICE,-0.42,1.0,1.0,1.0,87.54,0.004774897680763983,0.0044444444444444444,0.39093333333333335,4.398000000000001,0.00045153414051973063,4164
84415B,87.5,26,8,7,3.4375,BLUE FLOCK CUSHION COVER ,0.0,0.0,0.0,0.0,87.5,0.0,0.0,3.3653846153846154,12.5,0.00045132781923093934,4165
84891B,87.45,11,6,6,7.95,GREEN WIRE GOBLET CANDLEHOLDER,0.0,0.0,0.0,0.0,87.45,0.0,0.0,7.95,14.575000000000001,0.0004510699176199502,4166
84388,90.69,71,24,22,1.4925,WISE MAN STAR SHAPE EGG PAN,-3.3,2.0,2.0,2.0,87.39,0.03638769434336751,0.028169014084507043,1.2773239436619719,4.122272727272727,0.0004507604356867633,4167
35822B,87.02,229,1,1,0.38,"ACRYLIC BEAD CHAIN, BLUE",0.0,0.0,0.0,0.0,87.02,0.0,0.0,0.38,87.02,0.0004488519637654438,4168
37462B,87.28,170,32,32,0.754375,"PET MUG, BUDGIE",-0.42,1.0,1.0,1.0,86.86,0.0048120989917506875,0.0058823529411764705,0.5134117647058823,2.7275,0.0004480266786102787,4169
23614,86.58,26,11,11,3.33,SET 10 CARDS 12 DAYS WRAP  17058,0.0,0.0,0.0,0.0,86.58,0.0,0.0,3.33,7.870909090909091,0.0004465824295887397,4170
84424A,86.25,23,10,10,3.75,FOUR PICTURE WHITE GLASS FRAME,0.0,0.0,0.0,0.0,86.25,0.0,0.0,3.75,8.625,0.0004448802789562116,4171
90012B,85.9,17,6,6,7.699999999999999,BLACK DROP CRYSTAL NECKLACE,0.0,0.0,0.0,0.0,85.9,0.0,0.0,5.052941176470589,14.316666666666668,0.0004430749676792879,4172
84454,85.53,93,18,18,1.075,WOBBLING METAL CHICKEN EASTER,0.0,0.0,0.0,0.0,85.53,0.0,0.0,0.9196774193548387,4.751666666666667,0.0004411664957579684,4173
85099c,85.17,17,10,10,4.975,JUMBO  BAG BAROQUE BLACK WHITE,0.0,0.0,0.0,0.0,85.17,0.0,0.0,5.01,8.517,0.00043930960415884684,4174
90059E,94.94999999999999,57,35,33,1.671142857142857,DIAMANTE HAIR GRIP PACK/2 RUBY,-9.9,6.0,1.0,1.0,85.04999999999998,0.10426540284360192,0.10526315789473684,1.6657894736842103,2.877272727272727,0.0004386906402924729,4175
90026D,85.0,10,8,8,8.5,GLASS BEAD HOOP NECKLACE AMETHYST,0.0,0.0,0.0,0.0,85.0,0.0,0.0,8.5,10.625,0.00043843273868148387,4177
35838B,85.0,100,25,23,0.85,S/6 SILVER ORNAMENETAL CANDLE,0.0,0.0,0.0,0.0,85.0,0.0,0.0,0.85,3.6956521739130435,0.00043843273868148387,4176
90183B,84.89,29,25,24,2.9315999999999995,AMETHYST DROP EARRINGS W LONG BEADS,0.0,0.0,0.0,0.0,84.89,0.0,0.0,2.927241379310345,3.5370833333333334,0.00043786535513730786,4178
17027A,84.84,228,2,2,0.355,INCENSE BAZAAR CANNABIS,0.0,0.0,0.0,0.0,84.84,0.0,0.0,0.3721052631578948,42.42,0.0004376074535263187,4179
46775B,84.75,5,4,4,16.95,BERRIES CHUNKY KNITTED THROW ,0.0,0.0,0.0,0.0,84.75,0.0,0.0,16.95,21.1875,0.00043714323062653835,4180
16051,84.69,941,4,4,0.4325,TEATIME PENCIL W STAMP ASST,0.0,0.0,0.0,0.0,84.69,0.0,0.0,0.09,21.1725,0.0004368337486933514,4181
81952B,84.56,254,20,20,0.7045,ROUND BLUE CLOCK W/SUCKER,0.0,0.0,0.0,0.0,84.56,0.0,0.0,0.33291338582677166,4.228,0.0004361632045047797,4182
84450B,84.55,139,35,35,0.722,PINK/YELLOW RABBIT SAT EASTER,0.0,0.0,0.0,0.0,84.55,0.0,0.0,0.608273381294964,2.4157142857142855,0.00043611162418258196,4183
84251B,86.53999999999999,321,63,61,0.4141269841269841,"GREETING CARD, STICKY GORDON",-2.28,12.0,1.0,1.0,84.25999999999999,0.026346198289808182,0.037383177570093455,0.269595015576324,1.4186885245901637,0.00043461579483884504,4184
84251F,83.97,341,50,50,0.4414,"GREETING CARD, RITA",0.0,0.0,0.0,0.0,83.97,0.0,0.0,0.24624633431085044,1.6794,0.0004331199654951082,4185
90141C,83.69,16,13,13,5.295384615384616,TURQ PENDANT TRIPLE SHELL NECKLACE,0.0,0.0,0.0,0.0,83.69,0.0,0.0,5.230625,6.437692307692307,0.00043167571647356924,4186
22016,83.33,1,1,1,83.33,Dotcomgiftshop Gift Voucher £100.00,0.0,0.0,0.0,0.0,83.33,0.0,0.0,83.33,83.33,0.0004298188248744477,4187
23442,83.2,40,8,7,2.08,12 HANGING EGGS HAND PAINTED,0.0,0.0,0.0,0.0,83.2,0.0,0.0,2.08,11.885714285714286,0.00042914828068587604,4188
90039B,82.8,22,12,11,3.775,FIRE POLISHED GLASS BRACELET MONTAN,0.0,0.0,0.0,0.0,82.8,0.0,0.0,3.7636363636363637,7.527272727272727,0.00042708506779796316,4189
90002B,82.74,22,11,11,3.771818181818182,FLOWER BURST SILVER RING ROSE,0.0,0.0,0.0,0.0,82.74,0.0,0.0,3.7609090909090908,7.5218181818181815,0.00042677558586477613,4190
90189A,82.64,11,8,8,7.5175,SILVER 2 STRAND NECKLACE-LEAF CHARM,0.0,0.0,0.0,0.0,82.64,0.0,0.0,7.512727272727273,10.33,0.000426259782642798,4191
90130A,82.51,28,16,16,2.944375,WHITE STONE/CRYSTAL EARRINGS,0.0,0.0,0.0,0.0,82.51,0.0,0.0,2.9467857142857143,5.156875,0.00042558923845422634,4192
90069,82.5,11,5,5,7.5,RUBY GLASS CLUSTER NECKLACE,0.0,0.0,0.0,0.0,82.5,0.0,0.0,7.5,16.5,0.0004255376581320285,4193
21699,82.44,108,3,3,1.2266666666666666,SET 5 MINI CHOCOLATE FRIDGE MAGNETS,0.0,0.0,0.0,0.0,82.44,0.0,0.0,0.7633333333333333,27.48,0.0004252281761988416,4194
90214H,81.96,88,58,53,0.9696551724137932,"LETTER ""H"" BLING KEY RING",0.0,0.0,0.0,0.0,81.96,0.0,0.0,0.9313636363636363,1.5464150943396224,0.00042275232073334606,4195
35610C,81.56,94,8,8,1.46875,WHITE CHRISTMAS FLOCK DROPLET ,0.0,0.0,0.0,0.0,81.56,0.0,0.0,0.8676595744680852,10.195,0.0004206891078454333,4196
72779,81.12,48,15,15,1.69,SET/6 BLACK ROSE T-LIGHT CANDLES,0.0,0.0,0.0,0.0,81.12,0.0,0.0,1.6900000000000002,5.408,0.0004184195736687291,4197
16201B,81.1,34,5,5,2.838,PASTEL BLUE PHOTO ALBUM,0.0,0.0,0.0,0.0,81.1,0.0,0.0,2.385294117647059,16.22,0.0004183164130243334,4198
84596I,80.62,72,11,10,1.3472727272727274,WRAP SWEETS LIGHT PINK SMALL BOWL,0.0,0.0,0.0,0.0,80.62,0.0,0.0,1.1197222222222223,8.062000000000001,0.0004158405575588381,4199
17011E,80.60000000000001,124,1,1,0.65,ORIGAMI OPIUM SCENT INCENSE+FLOWER,0.0,0.0,0.0,0.0,80.60000000000001,0.0,0.0,0.65,80.60000000000001,0.00041573739691444246,4200
DCGS0069,80.31,5,5,5,16.062,OOH LA LA DOGS COLLAR,0.0,0.0,0.0,0.0,80.31,0.0,0.0,16.062,16.062,0.00041424156757070553,4201
35265,80.0,21,16,16,3.453125,COLOURFUL FLOWER FRUIT BOWL,0.0,0.0,0.0,0.0,80.0,0.0,0.0,3.8095238095238093,5.0,0.0004126425775825731,4202
90206A,79.6,16,12,12,4.983333333333333,GOLD DIAMANTE STAR BROOCH,0.0,0.0,0.0,0.0,79.6,0.0,0.0,4.975,6.633333333333333,0.0004105793646946602,4203
90049,114.24,20,6,6,7.489999999999999,IVORY GOLD METAL BAG CHARM,-34.65,7.0,1.0,1.0,79.59,0.30330882352941174,0.35,5.712,19.04,0.00041052778437246243,4204
90125B,79.57,44,17,17,2.2058823529411766,AQUA BERTIE GLASS BEAD BAG CHARM,0.0,0.0,0.0,0.0,79.57,0.0,0.0,1.8084090909090909,4.680588235294117,0.00041042462372806675,4205
84795E,79.5,10,6,5,7.95,RIO PINK STRIPE HAMMOCK,0.0,0.0,0.0,0.0,79.5,0.0,0.0,7.95,15.9,0.00041006356147268205,4206
84548,79.2,48,14,13,1.65,CROCHET BEAR RED/BLUE  KEYRING,0.0,0.0,0.0,0.0,79.2,0.0,0.0,1.6500000000000001,6.092307692307693,0.00040851615180674734,4207
90038B,79.19,21,13,13,3.7838461538461536,GLASS AND PAINTED BEADS BRACELET OL,0.0,0.0,0.0,0.0,79.19,0.0,0.0,3.770952380952381,6.091538461538462,0.0004084645714845495,4208
90064A,79.14,20,12,12,4.054166666666667,WHITE VINTAGE CRYSTAL EARRINGS,0.0,0.0,0.0,0.0,79.14,0.0,0.0,3.957,6.595,0.0004082066698735604,4209
90214N,78.95,81,46,43,1.0395652173913044,"LETTER ""N"" BLING KEY RING",0.0,0.0,0.0,0.0,78.95,0.0,0.0,0.9746913580246914,1.836046511627907,0.0004072266437518018,4210
72709,78.19999999999999,92,15,13,0.85,IVORY SCULPTED RND CANDLE ,0.0,0.0,0.0,0.0,78.19999999999999,0.0,0.0,0.8499999999999999,6.015384615384614,0.00040335811958696515,4211
35931,78.11999999999999,156,15,15,0.48466666666666663,PINK STAR CHRISTMAS DECORATION,0.0,0.0,0.0,0.0,78.11999999999999,0.0,0.0,0.5007692307692307,5.207999999999999,0.0004029454770093826,4212
84455,77.96,85,20,20,1.014,SET OF 3 RABBIT CARROTS EASTER,0.0,0.0,0.0,0.0,77.96,0.0,0.0,0.9171764705882353,3.8979999999999997,0.0004021201918542174,4213
90060D,77.35,13,9,8,5.95,FIRE POLISHED GLASS NECKL BRONZE,0.0,0.0,0.0,0.0,77.35,0.0,0.0,5.949999999999999,9.66875,0.00039897379220015026,4214
90214B,76.98,80,43,40,1.0169767441860464,"LETTER ""B"" BLING KEY RING",0.0,0.0,0.0,0.0,76.98,0.0,0.0,0.96225,1.9245,0.000397065320278831,4215
90202C,94.42,32,26,25,2.9526923076923075,GREEN ENAMEL FLOWER HAIR TIE,-17.700000000000003,6.0,1.0,1.0,76.72,0.1874602838381699,0.1875,2.950625,3.7768,0.0003957242319016876,4216
84247H,109.13000000000001,42,20,20,2.317,PACK/12 DECOUPAGE CARD,-32.45,11.0,1.0,1.0,76.68,0.29735178227801706,0.2619047619047619,2.5983333333333336,5.4565,0.00039551791061289635,4217
84251C,76.67999999999999,247,53,53,0.43830188679245285,"GREETING CARD, TWO SISTERS.",0.0,0.0,0.0,0.0,76.67999999999999,0.0,0.0,0.3104453441295546,1.4467924528301885,0.00039551791061289625,4218
84425A,76.6,18,9,9,4.2555555555555555,WHITE GLASS TV TRIPLE FRAME,0.0,0.0,0.0,0.0,76.6,0.0,0.0,4.2555555555555555,8.511111111111111,0.0003951052680353137,4219
90130C,76.58,26,25,24,2.9448000000000003,GREEN STONE/CRYSTAL EARRINGS,0.0,0.0,0.0,0.0,76.58,0.0,0.0,2.9453846153846155,3.1908333333333334,0.0003950021073909181,4220
90100,76.5,30,12,12,2.55,NECKLACE+BRACELET SET PINK DAISY,0.0,0.0,0.0,0.0,76.5,0.0,0.0,2.55,6.375,0.0003945894648133355,4221
90020,76.23,6,4,4,12.682500000000001,FILIGREE DIAMANTE CHAIN,0.0,0.0,0.0,0.0,76.23,0.0,0.0,12.705,19.0575,0.00039319679611399434,4222
35815P,75.88,168,7,7,1.1171428571428572,"ACRYLIC JEWEL SNOWFLAKE, PINK",0.0,0.0,0.0,0.0,75.88,0.0,0.0,0.45166666666666666,10.84,0.0003913914848370705,4223
90140,75.54,10,8,7,7.5675,PINK SWEETIE NECKLACE,0.0,0.0,0.0,0.0,75.54,0.0,0.0,7.554,10.791428571428572,0.00038963775388234465,4224
90176D,82.81,11,7,7,7.5442857142857145,DIAMANTE NECKLACE PURPLE,-7.5,1.0,1.0,1.0,75.31,0.0905687718874532,0.09090909090909091,7.528181818181818,11.83,0.00038845140647179475,4225
37399,75.0,143,6,6,0.9733333333333333,"ASS RETROSPOOF MUGS,SPORTS",0.0,0.0,0.0,0.0,75.0,0.0,0.0,0.5244755244755245,12.5,0.00038685241648366226,4227
16161E,75.0,750,9,9,0.1,WRAP BOUDOIR ,0.0,0.0,0.0,0.0,75.0,0.0,0.0,0.1,8.333333333333334,0.00038685241648366226,4226
90064B,78.75,21,12,12,3.75,BLACK VINTAGE  CRYSTAL EARRINGS,-3.75,1.0,1.0,1.0,75.0,0.047619047619047616,0.047619047619047616,3.75,6.5625,0.00038685241648366226,4228
72802a,74.97,9,4,4,8.379999999999999,ROSE SCENT CANDLE IN JEWELLED BOX,0.0,0.0,0.0,0.0,74.97,0.0,0.0,8.33,18.7425,0.0003866976755170688,4229
72807a,74.78999999999999,9,6,6,8.319999999999999,SET/3 ROSE CANDLE IN JEWELLED BOX,0.0,0.0,0.0,0.0,74.78999999999999,0.0,0.0,8.309999999999999,12.464999999999998,0.000385769229717508,4230
84757,74.75,5,4,4,14.95,ENCHANTED GARDEN WROUGHT IRON TABLE,0.0,0.0,0.0,0.0,74.75,0.0,0.0,14.95,18.6875,0.0003855629084287167,4231
21267,74.6,24,10,10,3.4200000000000004,VINTAGE PINK TINSEL REEL ,0.0,0.0,0.0,0.0,74.6,0.0,0.0,3.108333333333333,7.459999999999999,0.0003847892035957494,4232
90012A,74.38,13,7,7,8.097142857142858,MIDNIGHT BLUE DROP CRYSTAL NECKLACE,0.0,0.0,0.0,0.0,74.38,0.0,0.0,5.7215384615384615,10.625714285714285,0.00038365443650739727,4233
62043B,75.16000000000001,54,10,10,1.2399999999999998,BLUE CHECK BAG W HANDLE 34X20CM,-0.83,1.0,1.0,1.0,74.33000000000001,0.01104310803618946,0.018518518518518517,1.3918518518518521,7.516000000000001,0.0003833965348964083,4234
90187B,73.99,22,16,15,3.3675,GREEN DROP EARRINGS W BEAD CLUSTER,0.0,0.0,0.0,0.0,73.99,0.0,0.0,3.363181818181818,4.932666666666666,0.00038164280394168223,4235
37509,76.49999999999999,30,16,14,2.55,NEW ENGLAND MUG W GIFT BOX,-2.55,1.0,1.0,1.0,73.94999999999999,0.03333333333333334,0.03333333333333333,2.5499999999999994,5.4642857142857135,0.00038143648265289093,4236
90074,73.86,8,7,6,9.272857142857143,BLACK DIAMOND CLUSTER NECKLACE,0.0,0.0,0.0,0.0,73.86,0.0,0.0,9.2325,12.31,0.0003809722597531106,4237
84593,73.75,25,8,7,2.95,CROCHET ROSE DES CLOTHES HANGER,0.0,0.0,0.0,0.0,73.75,0.0,0.0,2.95,10.535714285714286,0.00038040487620893455,4238
15030,73.66,254,27,26,0.29,FAN BLACK FRAME ,0.0,0.0,0.0,0.0,73.66,0.0,0.0,0.29,2.833076923076923,0.0003799406533091541,4239
79331,73.60000000000001,60,9,9,1.3677777777777775,PINK FLOCK GLASS CANDLEHOLDER,0.0,0.0,0.0,0.0,73.60000000000001,0.0,0.0,1.2266666666666668,8.177777777777779,0.0003796311713759673,4240
90202A,90.9,31,23,23,2.93,PURPLE ENAMEL FLOWER HAIR TIE,-17.700000000000003,6.0,1.0,1.0,73.2,0.19471947194719474,0.1935483870967742,2.9322580645161294,3.9521739130434783,0.0003775679584880544,4241
84899E,73.93,53,21,21,1.6157142857142857,YELLOW + BROWN BEAR FELT PURSE KIT,-1.25,1.0,1.0,1.0,72.68,0.01690788583795482,0.018867924528301886,1.3949056603773586,3.5204761904761908,0.0003748857817337677,4242
16151A,72.5,52,5,5,2.25,FLOWERS HANDBAG blue and orange,0.0,0.0,0.0,0.0,72.5,0.0,0.0,1.3942307692307692,14.5,0.00037395733593420684,4243
84447,72.42,69,19,19,1.361578947368421,6 RABBIT CHAIN EASTER,0.0,0.0,0.0,0.0,72.42,0.0,0.0,1.0495652173913044,3.811578947368421,0.0003735446933566243,4244
84427B,72.25,17,5,5,4.25,BLACK GLASS TV DOUBLE P/FRAME 15X10,0.0,0.0,0.0,0.0,72.25,0.0,0.0,4.25,14.45,0.0003726678278792613,4245
90027D,72.18,23,16,16,3.18875,GLASS BEAD HOOP EARRINGS AMETHYST,0.0,0.0,0.0,0.0,72.18,0.0,0.0,3.138260869565218,4.51125,0.00037230676562387656,4246
84746,72.06,23,16,16,3.105,PINK EASTER HENS+FLOWER,0.0,0.0,0.0,0.0,72.06,0.0,0.0,3.13304347826087,4.50375,0.0003716878017575027,4247
90031,71.9,52,9,9,3.2111111111111112,BILI NUT AND WOOD NECKLACE,0.0,0.0,0.0,0.0,71.9,0.0,0.0,1.3826923076923079,7.98888888888889,0.0003708625166023376,4248
21950,263.63,211,18,18,2.3994444444444443,SET OF 6 DOTS CHOPSTICKS,-192.05,181.0,2.0,2.0,71.57999999999998,0.7284831013162387,0.8578199052132701,1.249431279620853,14.64611111111111,0.0003692119462920072,4249
90038C,71.46000000000001,19,9,9,3.7733333333333334,GLASS AND BEADS BRACELET IVORY,0.0,0.0,0.0,0.0,71.46000000000001,0.0,0.0,3.7610526315789476,7.940000000000001,0.00036859298242563346,4250
35937,71.44,188,17,17,0.38,CERISE+GOLD CHRISTMAS STOCKING DEC,0.0,0.0,0.0,0.0,71.44,0.0,0.0,0.38,4.20235294117647,0.00036848982178123773,4251
84925C,71.39999999999999,28,10,10,2.55,FAIRY CAKES  WALL THERMOMETER,0.0,0.0,0.0,0.0,71.39999999999999,0.0,0.0,2.55,7.139999999999999,0.00036828350049244643,4252
84415A,71.25,27,6,6,2.9166666666666665,PINK FLOCK SUEDE CUSHION COVER ,0.0,0.0,0.0,0.0,71.25,0.0,0.0,2.638888888888889,11.875,0.00036750979565947913,4253
90037B,71.17,28,10,10,2.527,TINY CRYSTAL BRACELET GREEN,0.0,0.0,0.0,0.0,71.17,0.0,0.0,2.5417857142857145,7.117,0.0003670971530818966,4254
90179A,71.0,12,9,9,5.905555555555556,AMBER FINE BEAD NECKLACE W TASSEL,0.0,0.0,0.0,0.0,71.0,0.0,0.0,5.916666666666667,7.888888888888889,0.0003662202876045336,4255
20958,70.5,38,10,10,1.92,PORCELAIN HANGING BELL LARGE,0.0,0.0,0.0,0.0,70.5,0.0,0.0,1.855263157894737,7.05,0.0003636412714946425,4256
90205A,70.22,42,24,22,1.6754166666666668,LARGE MINT DIAMANTE HAIRSLIDE,0.0,0.0,0.0,0.0,70.22,0.0,0.0,1.6719047619047618,3.191818181818182,0.0003621970224731035,4257
90141B,70.03,14,10,9,5.023000000000001,IVORY PENDANT TRIPLE SHELL NECKLACE,0.0,0.0,0.0,0.0,70.03,0.0,0.0,5.002142857142857,7.7811111111111115,0.00036121699635134494,4258
90059F,79.87,48,27,27,1.6688888888888886,DIAMANTE HAIR GRIP PACK/2 LT ROSE,-9.9,6.0,1.0,1.0,69.97,0.12395142105922123,0.125,1.6639583333333334,2.9581481481481484,0.00036090751441815797,4259
90131,69.62,10,5,5,6.974000000000001,PINK/AMETHYST/GOLD NECKLACE,0.0,0.0,0.0,0.0,69.62,0.0,0.0,6.962000000000001,13.924000000000001,0.0003591022031412342,4260
20820,69.3,14,9,8,4.95,SILVER LOOKING MIRROR,0.0,0.0,0.0,0.0,69.3,0.0,0.0,4.95,8.6625,0.00035745163283090395,4261
72140F,69.18,175,15,14,0.41600000000000004,HAPPY ANNIVERSARY CANDLE LETTERS,0.0,0.0,0.0,0.0,69.18,0.0,0.0,0.39531428571428573,4.941428571428572,0.0003568326689645301,4262
71215,68.52,178,13,12,0.41000000000000003,METAL BASE FOR CANDLES,0.0,0.0,0.0,0.0,68.52,0.0,0.0,0.38494382022471907,5.71,0.0003534283676994738,4263
47420,68.4,360,33,31,0.19,ASSORTED COLOUR SUCTION CUP HOOK,0.0,0.0,0.0,0.0,68.4,0.0,0.0,0.19,2.206451612903226,0.00035280940383310003,4264
90176A,75.88,10,7,7,7.581428571428572,CLASSIC DIAMANTE NECKLACE JET,-7.5,1.0,1.0,1.0,68.38,0.0988402741170269,0.1,7.587999999999999,10.84,0.0003527062431887043,4265
90121B,80.75,19,9,9,4.25,VINTAGE ROSE BEAD BRACELET BLUE,-12.75,3.0,1.0,1.0,68.0,0.15789473684210525,0.15789473684210525,4.25,8.972222222222221,0.0003507461909451871,4267
84857A,68.0,8,3,3,8.5,SILVER MONTE CARLO HANDBAG,0.0,0.0,0.0,0.0,68.0,0.0,0.0,8.5,22.666666666666668,0.0003507461909451871,4266
90177E,85.67,29,23,22,2.954782608695652,DROP DIAMANTE EARRINGS GREEN,-17.700000000000003,6.0,1.0,1.0,67.97,0.20660674681918995,0.20689655172413793,2.9541379310344826,3.894090909090909,0.00035059144997859364,4268
DCGS0004,67.94,4,4,4,16.985,HAYNES CAMPER SHOULDER BAG,0.0,0.0,0.0,0.0,67.94,0.0,0.0,16.985,16.985,0.0003504367090120002,4269
84086B,70.80000000000001,24,13,12,2.95,YELLOW/BLUE RETRO RADIO,-2.95,1.0,1.0,1.0,67.85000000000001,0.041666666666666664,0.041666666666666664,2.9500000000000006,5.900000000000001,0.00034997248611221986,4270
90026B,67.82,8,7,7,8.474285714285715,GLASS BEAD HOOP NECKLACE MONTANA,0.0,0.0,0.0,0.0,67.82,0.0,0.0,8.4775,9.688571428571427,0.0003498177451456263,4271
90026C,67.82,8,6,6,8.47,GLASS BEAD HOOP NECKLACE GREEN,0.0,0.0,0.0,0.0,67.82,0.0,0.0,8.4775,11.303333333333333,0.0003498177451456263,4272
84864A,67.71000000000001,7,4,4,8.455,PINK PAISLEY PHOTO ALBUM,0.0,0.0,0.0,0.0,67.71000000000001,0.0,0.0,9.672857142857143,16.927500000000002,0.00034925036160145034,4273
90078,67.64,9,5,5,7.5280000000000005,PINK/WHITE GLASS DEMI CHOKER,0.0,0.0,0.0,0.0,67.64,0.0,0.0,7.515555555555555,13.528,0.0003488892993460655,4274
90024F,67.61,8,6,6,8.436666666666667,NEW BAROQUE B'FLY NECKLACE CRYSTAL,0.0,0.0,0.0,0.0,67.61,0.0,0.0,8.45125,11.268333333333333,0.00034873455837947207,4275
84926B,67.5,54,10,10,1.25,SCOTTS ROSES TILE COASTER,0.0,0.0,0.0,0.0,67.5,0.0,0.0,1.25,6.75,0.00034816717483529606,4277
90212C,67.5,18,8,7,3.75,PURPLE LAS VEGAS BRACELET ROUND,0.0,0.0,0.0,0.0,67.5,0.0,0.0,3.75,9.642857142857142,0.00034816717483529606,4278
47341B,67.5,48,14,14,1.7857142857142858,BLUE TABLE RUN FLOWER,0.0,0.0,0.0,0.0,67.5,0.0,0.0,1.40625,4.821428571428571,0.00034816717483529606,4276
72045D,918.65,539,6,6,2.98,ROSES ON BLUE TEACUP CANDLE ,-851.76,504.0,1.0,1.0,66.88999999999999,0.9271866325586459,0.935064935064935,1.7043599257884972,153.10833333333332,0.00034502077518122886,4279
35819P,66.55,95,7,7,0.5042857142857143,"ACRYLIC HANGING JEWEL,PINK",0.0,0.0,0.0,0.0,66.55,0.0,0.0,0.7005263157894737,9.507142857142856,0.00034326704422650296,4280
90037A,66.31,26,12,12,2.5508333333333333,TINY CRYSTAL BRACELET RED,0.0,0.0,0.0,0.0,66.31,0.0,0.0,2.5503846153846155,5.525833333333334,0.0003420291164937553,4281
90037C,66.08,26,13,13,2.5330769230769232,TINY CRYSTAL BRACELET BLUE,0.0,0.0,0.0,0.0,66.08,0.0,0.0,2.5415384615384613,5.083076923076923,0.0003408427690832054,4282
85072,66.0,120,1,1,0.55,OCCASIONS GIFT CARD ASSORTMENT,0.0,0.0,0.0,0.0,66.0,0.0,0.0,0.55,66.0,0.0003404301265056228,4283
79329,65.94,100,7,7,1.2871428571428571,PINK FLOCK GLASS CANDLEHOLDER,0.0,0.0,0.0,0.0,65.94,0.0,0.0,0.6594,9.42,0.00034012064457243586,4284
84340,65.76,21,11,11,4.346363636363637,LARGE FIBRE OPTIC CHRISTMAS TREE,0.0,0.0,0.0,0.0,65.76,0.0,0.0,3.1314285714285717,5.9781818181818185,0.0003391921987728751,4285
84493,111.12,1142,5,5,1.5619999999999998,BLUE/PINK NEST STRIPE BOX,-45.36,567.0,1.0,1.0,65.76,0.40820734341252696,0.4964973730297723,0.09730297723292469,22.224,0.0003391921987728751,4286
79406,65.62,259,21,21,0.3961904761904762,FROSTED WHITE BASE ,0.0,0.0,0.0,0.0,65.62,0.0,0.0,0.2533590733590734,3.124761904761905,0.0003384700742621056,4287
90088,86.69999999999999,101,14,14,0.9107142857142857,CRYSTAL KEY+LOCK PHONE CHARM,-21.25,25.0,2.0,2.0,65.44999999999999,0.24509803921568632,0.24752475247524752,0.8584158415841583,6.192857142857142,0.00033759320878474255,4288
90179B,65.31,11,9,9,5.934444444444445,PURPLE FINE BEAD NECKLACE W TASSEL,0.0,0.0,0.0,0.0,65.31,0.0,0.0,5.9372727272727275,7.256666666666667,0.0003368710842739731,4289
16256C,70.98,169,10,10,0.42000000000000004,HEARTS PENCIL/RUBBER+5 MINI PENCILS,-5.88,14.0,1.0,1.0,65.10000000000001,0.08284023668639053,0.08284023668639054,0.42000000000000004,7.098000000000001,0.00033578789750781887,4290
84705A,65.10000000000001,14,7,7,4.65,ENGLISH ROSE PHOTO FRAME ,0.0,0.0,0.0,0.0,65.10000000000001,0.0,0.0,4.65,9.3,0.00033578789750781887,4292
47016,65.10000000000001,31,5,5,2.1,LIGHT DECORATION BATTERY OPERATED,0.0,0.0,0.0,0.0,65.10000000000001,0.0,0.0,2.1,13.020000000000001,0.00033578789750781887,4291
90092,87.50999999999999,102,12,10,0.9175,BLUE CRYSTAL BOOT PHONE CHARM,-22.95,27.0,2.0,1.0,64.55999999999999,0.2622557422008914,0.2647058823529412,0.8579411764705881,8.751,0.0003330025601091364,4293
84551,64.35,39,8,8,1.65,CROCHET DOG KEYRING,0.0,0.0,0.0,0.0,64.35,0.0,0.0,1.65,8.04375,0.0003319193733429822,4294
47348A,63.959999999999994,104,17,16,0.8488235294117646,FUSCHIA VOILE POINTY SHOE DEC,0.0,0.0,0.0,0.0,63.959999999999994,0.0,0.0,0.615,3.9974999999999996,0.0003299077407772671,4295
79534,63.800000000000004,116,18,16,0.55,MULTICOLOUR GLASS PLATE,0.0,0.0,0.0,0.0,63.800000000000004,0.0,0.0,0.55,3.9875000000000003,0.0003290824556221021,4296
85018B,63.75,15,10,10,4.25,S/6 PAPER BOXES BLOSSOM IMAGES ,0.0,0.0,0.0,0.0,63.75,0.0,0.0,4.25,6.375,0.00032882455401111294,4298
85018A,63.75,15,10,10,4.25,S/6 PAPER BOXES ROMANTIC IMAGES,0.0,0.0,0.0,0.0,63.75,0.0,0.0,4.25,6.375,0.00032882455401111294,4297
20905,63.5,10,4,4,6.35,VINTAGE KEEPSAKE BOX BEAUTY GIRL,0.0,0.0,0.0,0.0,63.5,0.0,0.0,6.35,15.875,0.00032753504595616737,4299
37491D,63.28,26,13,13,2.696923076923077,PURPLE/BLUE CERAMIC CANDLE HOLDER,0.0,0.0,0.0,0.0,63.28,0.0,0.0,2.433846153846154,4.867692307692308,0.0003264002788678153,4300
90050,77.11,11,7,6,7.0442857142857145,CRACKED GLAZE NECKLACE IVORY,-13.9,2.0,1.0,1.0,63.21,0.18026196342886786,0.18181818181818182,7.01,12.851666666666667,0.0003260392166124306,4301
84529B,62.35,13,5,5,5.226,BLUE KNITTED KID'S RUCKSACK,0.0,0.0,0.0,0.0,62.35,0.0,0.0,4.796153846153846,12.47,0.0003216033089034179,4302
35607B,62.3,312,17,17,0.2788235294117647,BLACK FEATHER CHRISTMAS DECORATION,0.0,0.0,0.0,0.0,62.3,0.0,0.0,0.19967948717948716,3.664705882352941,0.0003213454072924288,4303
90176C,77.0,10,6,6,7.833333333333333,DIAMANTE NECKLACE,-15.0,2.0,2.0,2.0,62.0,0.19480519480519481,0.2,7.7,12.833333333333334,0.00031979799762649414,4304
17136A,61.78,743,34,34,0.10676470588235294,BLUE STONES ON WIRE FOR CANDLE,0.0,0.0,0.0,0.0,61.78,0.0,0.0,0.08314939434724092,1.8170588235294118,0.000318663230538142,4305
20620,61.76,15,14,14,4.104285714285714,RED SPOTTY PASSPORT COVER,0.0,0.0,0.0,0.0,61.76,0.0,0.0,4.117333333333333,4.411428571428571,0.0003185600698937464,4306
90214P,69.14,80,35,33,1.0288571428571427,"LETTER ""P"" BLING KEY RING",-7.5,6.0,1.0,1.0,61.64,0.10847555684119178,0.075,0.86425,2.095151515151515,0.00031794110602737256,4307
35817B,61.3,143,3,3,2.6999999999999997,"ACRYLIC JEWEL SNOWFLAKE,BLUE",0.0,0.0,0.0,0.0,61.3,0.0,0.0,0.4286713286713287,20.433333333333334,0.0003161873750726466,4308
35973,61.25,49,17,13,1.25,GERANIUM FOLKART HEART DECORATION,0.0,0.0,0.0,0.0,61.25,0.0,0.0,1.25,4.711538461538462,0.0003159294734616575,4309
40002,66.3,78,1,1,0.85,WHITE BAMBOO RIBS LAMPSHADE,-5.1,6.0,1.0,1.0,61.199999999999996,0.07692307692307693,0.07692307692307693,0.85,66.3,0.0003156715718506684,4310
35910B,61.07,29,8,8,2.515,PINK FLOWERS RABBIT EASTER,0.0,0.0,0.0,0.0,61.07,0.0,0.0,2.1058620689655174,7.63375,0.00031500102766209676,4311
90188,61.04,24,21,20,2.547142857142857,DROP EARRINGS W FLOWER & LEAF,0.0,0.0,0.0,0.0,61.04,0.0,0.0,2.5433333333333334,3.052,0.00031484628669550325,4312
84660b,60.800000000000004,8,7,6,7.597142857142857,BLACK STITCHED WALL CLOCK,0.0,0.0,0.0,0.0,60.800000000000004,0.0,0.0,7.6000000000000005,10.133333333333335,0.00031360835896275557,4313
90034,60.67,6,6,5,10.111666666666666,WHITE SILVER NECKLACE SHELL GLASS,0.0,0.0,0.0,0.0,60.67,0.0,0.0,10.111666666666666,12.134,0.0003129378147741839,4314
84875A,60.0,16,12,12,3.75,PINK SQUARE COMPACT MIRROR,0.0,0.0,0.0,0.0,60.0,0.0,0.0,3.75,5.0,0.0003094819331869298,4315
90059C,69.83,42,24,23,1.6704166666666664,DIAMANTE HAIR GRIP PACK/2 MONTANA,-9.9,6.0,1.0,1.0,59.93,0.14177287698696836,0.14285714285714285,1.6626190476190477,3.036086956521739,0.00030912087093154506,4316
23629,59.760000000000005,24,10,10,2.49,SET 10 CARDS DRESSING UP 17077,0.0,0.0,0.0,0.0,59.760000000000005,0.0,0.0,2.49,5.976000000000001,0.00030824400545418213,4317
90021,59.75,5,4,4,11.95,LASER CUT MULTI STRAND NECKLACE,0.0,0.0,0.0,0.0,59.75,0.0,0.0,11.95,14.9375,0.00030819242513198424,4318
90171,59.65,47,27,27,1.2725925925925925,DAISY RING,0.0,0.0,0.0,0.0,59.65,0.0,0.0,1.2691489361702126,2.2092592592592593,0.000307676621910006,4319
gift_0001_70,59.57,1,1,1,59.57,Dotcomgiftshop Gift Voucher £70.00,0.0,0.0,0.0,0.0,59.57,0.0,0.0,59.57,59.57,0.0003072639793324235,4320
44241C,59.5,70,8,8,0.85,BLUE BUTTERFLY ON SPRING,0.0,0.0,0.0,0.0,59.5,0.0,0.0,0.85,7.4375,0.0003069029170770387,4321
84582,59.5,14,11,11,4.25,PINK CROCHET CAT WITH SCARF,0.0,0.0,0.0,0.0,59.5,0.0,0.0,4.25,5.409090909090909,0.0003069029170770387,4322
35654,59.400000000000006,12,5,5,4.95,VINTAGE BEAD FILLED PINK CUSHION,0.0,0.0,0.0,0.0,59.400000000000006,0.0,0.0,4.95,11.88,0.00030638711385506056,4323
90011B,59.06,20,15,15,2.954,BLACK CRYSTAL DROP EARRINGS,0.0,0.0,0.0,0.0,59.06,0.0,0.0,2.9530000000000003,3.9373333333333336,0.0003046333829003346,4324
35909A,59.00000000000001,20,5,5,2.95,RABBIT EASTER DECORATION,0.0,0.0,0.0,0.0,59.00000000000001,0.0,0.0,2.95,11.8,0.0003043239009671477,4325
81985A,58.65,23,7,7,2.55,"ICON ALARM CLOCK,FUSCHIA  PIN UP",0.0,0.0,0.0,0.0,58.65,0.0,0.0,2.55,8.378571428571428,0.0003025185896902239,4326
90033,58.43,23,19,18,2.5363157894736843,IVORY SHELL HEART EARRINGS,0.0,0.0,0.0,0.0,58.43,0.0,0.0,2.5404347826086955,3.246111111111111,0.0003013838226018718,4327
84226,58.31,77,18,18,0.8383333333333334,HEN HOUSE W FAMILY IN BARN & NEST,0.0,0.0,0.0,0.0,58.31,0.0,0.0,0.7572727272727273,3.2394444444444446,0.000300764858735498,4328
21343,92.0,20,3,3,8.283333333333333,GOLD JEWELERY BOX,-33.9,2.0,1.0,1.0,58.1,0.3684782608695652,0.1,4.6,30.666666666666668,0.0002996816719693437,4329
35816B,58.07,139,3,3,1.4000000000000001,"ACRYLIC JEWEL ANGEL,BLUE",0.0,0.0,0.0,0.0,58.07,0.0,0.0,0.41776978417266186,19.356666666666666,0.00029952693100275025,4330
17129C,57.98,86,11,11,0.8309090909090909,SKY BLUE COLOUR GLASS GEMS IN BAG,0.0,0.0,0.0,0.0,57.98,0.0,0.0,0.6741860465116278,5.2709090909090905,0.0002990627081029698,4331
35821B,57.0,150,3,3,0.38000000000000006,"JEWELLED DECORATION,BLUE",0.0,0.0,0.0,0.0,57.0,0.0,0.0,0.38,19.0,0.0002940078365275833,4332
72771B,56.9,117,9,8,1.2822222222222222,BURG FLOCK GOLD CUP/CANDLE ,0.0,0.0,0.0,0.0,56.9,0.0,0.0,0.4863247863247863,7.1125,0.00029349203330560514,4333
90002E,67.77,18,11,11,3.774545454545455,FLOWER BURST SILVER RING GREEN,-11.25,3.0,2.0,2.0,56.519999999999996,0.1660026560424967,0.16666666666666666,3.7649999999999997,6.16090909090909,0.00029153198106208783,4334
47344B,56.16,54,10,10,1.082,BLUE FLOWER DES PURSE,0.0,0.0,0.0,0.0,56.16,0.0,0.0,1.04,5.616,0.0002896750894629663,4335
85023C,58.64999999999999,23,12,11,2.55,PINK LARGE JEWELED PHOTOFRAME,-2.55,1.0,1.0,1.0,56.099999999999994,0.04347826086956522,0.043478260869565216,2.55,5.331818181818181,0.00028936560752977934,4336
84803B,70.98,42,11,11,1.69,WHITE ALLIUM  ARTIFICIAL FLOWER,-15.21,9.0,2.0,2.0,55.77,0.21428571428571427,0.21428571428571427,1.6900000000000002,6.452727272727273,0.0002876634568972513,4337
85080,55.76,113,22,22,0.5331818181818182,PADDED RED HEART DECORATION,0.0,0.0,0.0,0.0,55.76,0.0,0.0,0.4934513274336283,2.5345454545454547,0.00028761187657505344,4338
90214T,55.57,57,24,24,1.0716666666666665,"LETTER ""T"" BLING KEY RING",0.0,0.0,0.0,0.0,55.57,0.0,0.0,0.9749122807017544,2.3154166666666667,0.00028663185045329484,4339
46115B,55.480000000000004,292,23,22,0.19,GREEN POP ART MAO CUSHION COVER ,0.0,0.0,0.0,0.0,55.480000000000004,0.0,0.0,0.19,2.521818181818182,0.00028616762755351446,4340
84559b,55.23,33,26,25,1.6715384615384616,3D SHEET OF CAT STICKERS,0.0,0.0,0.0,0.0,55.23,0.0,0.0,1.6736363636363636,2.2092,0.0002848781194985689,4341
90214I,62.699999999999996,64,29,27,1.0610344827586207,"LETTER ""I"" BLING KEY RING",-7.5,6.0,1.0,1.0,55.199999999999996,0.11961722488038279,0.09375,0.9796874999999999,2.322222222222222,0.0002847233785319754,4342
85151,55.0,44,8,8,1.25,WELCOME METAL SIGN,0.0,0.0,0.0,0.0,55.0,0.0,0.0,1.25,6.875,0.000283691772088019,4343
72798C,54.76,29,16,15,2.081875,SET/4 GARDEN ROSE DINNER CANDLE,0.0,0.0,0.0,0.0,54.76,0.0,0.0,1.8882758620689655,3.6506666666666665,0.00028245384435527125,4344
90135A,54.620000000000005,11,4,4,4.9925,ORANGE/FUSCHIA STONES NECKLACE,0.0,0.0,0.0,0.0,54.620000000000005,0.0,0.0,4.965454545454546,13.655000000000001,0.0002817317198445018,4345
90142D,54.59,11,5,5,4.978,MOP PENDANT SHELL NECKLACE,0.0,0.0,0.0,0.0,54.59,0.0,0.0,4.962727272727273,10.918000000000001,0.0002815769788779083,4346
90043,54.510000000000005,10,6,6,5.785,COPPER AND BRASS BAG CHARM,0.0,0.0,0.0,0.0,54.510000000000005,0.0,0.0,5.4510000000000005,9.085,0.00028116433630032573,4347
20953,54.449999999999996,33,9,9,1.65,PORCELAIN CHERUB BELL LARGE,0.0,0.0,0.0,0.0,54.449999999999996,0.0,0.0,1.65,6.05,0.0002808548543671388,4348
90046,64.35,13,7,7,4.95,WHITE WITH METAL BAG CHARM,-9.9,2.0,1.0,1.0,54.449999999999996,0.15384615384615385,0.15384615384615385,4.949999999999999,9.192857142857141,0.0002808548543671388,4349
85023A,56.099999999999994,22,10,10,2.55,CRYSTAL LARGE JEWELLED PHOTO FRAME,-2.55,1.0,1.0,1.0,53.55,0.045454545454545456,0.045454545454545456,2.55,5.609999999999999,0.00027621262536933484,4350
35001B,59.330000000000005,17,6,6,3.49,HAND OPEN SHAPE BLACK,-5.9,2.0,1.0,1.0,53.43000000000001,0.09944378897690881,0.11764705882352941,3.49,9.888333333333334,0.000275593661502961,4351
90202B,70.49,24,16,16,2.936875,WHITE ENAMEL FLOWER HAIR TIE,-17.700000000000003,6.0,1.0,1.0,52.78999999999999,0.2510994467300327,0.25,2.9370833333333333,4.405625,0.0002722925208823004,4352
84030C,82.78,21,6,6,4.421666666666667,KNITTED RAINBOW HOT WATER BOTTLE,-30.0,8.0,2.0,2.0,52.78,0.362406378352259,0.38095238095238093,3.941904761904762,13.796666666666667,0.0002722409405601026,4353
84660a,52.699999999999996,7,5,5,7.556,WHITE STITCHED WALL CLOCK,0.0,0.0,0.0,0.0,52.699999999999996,0.0,0.0,7.528571428571428,10.54,0.00027182829798252,4354
84292B,51.8,8,5,5,7.359999999999999,BLUE COL METAL FOLDING CHAIR,0.0,0.0,0.0,0.0,51.8,0.0,0.0,6.475,10.36,0.00026718606898471604,4355
37491A,51.66,19,14,13,2.7392857142857143,YELLOW/PINK CERAMIC CANDLE HOLDER,0.0,0.0,0.0,0.0,51.66,0.0,0.0,2.7189473684210523,3.9738461538461536,0.0002664639444739466,4356
84951b,51.26,10,5,5,5.104,S/4 BLACK LOVEBIRD COASTERS,0.0,0.0,0.0,0.0,51.26,0.0,0.0,5.1259999999999994,10.251999999999999,0.0002644007315860337,4357
84845D,51.25,41,11,11,1.25,GERANIUM SQUARE HANDY TIN,0.0,0.0,0.0,0.0,51.25,0.0,0.0,1.25,4.659090909090909,0.00026434915126383586,4358
84402B,51.14,62,4,4,1.33,PURPLE DRESS JEWELLERY STAND,0.0,0.0,0.0,0.0,51.14,0.0,0.0,0.8248387096774193,12.785,0.00026378176771965986,4359
35071,51.13999999999999,50,7,7,2.084285714285714,ASSORTED SANTA CHRISTMAS DECORATION,0.0,0.0,0.0,0.0,51.13999999999999,0.0,0.0,1.0228,7.305714285714285,0.0002637817677196598,4360
84612B,51.0,20,4,4,2.55,SET/4 BLACK  BAROQUE FLOCK COASTER,0.0,0.0,0.0,0.0,51.0,0.0,0.0,2.55,12.75,0.00026305964320889034,4362
20964,51.0,20,6,6,2.55,POLYESTER FILLER PAD 60x40cm,0.0,0.0,0.0,0.0,51.0,0.0,0.0,2.55,8.5,0.00026305964320889034,4361
84968f,50.98,2,2,2,25.49,SET OF 16 VINTAGE SKY BLUE CUTLERY,0.0,0.0,0.0,0.0,50.98,0.0,0.0,25.49,25.49,0.0002629564825644947,4364
84968b,50.98,2,2,2,25.49,S/16 VINTAGE IVORY CUTLERY,0.0,0.0,0.0,0.0,50.98,0.0,0.0,25.49,25.49,0.0002629564825644947,4363
90001C,50.94,12,11,10,4.244545454545454,ANTIQUE OPAL WHITE FLOWER EARRINGS,0.0,0.0,0.0,0.0,50.94,0.0,0.0,4.245,5.093999999999999,0.0002627501612757034,4365
90001B,55.120000000000005,13,10,10,4.237,ANTIQUE MID BLUE FLOWER EARRINGS,-4.25,1.0,1.0,1.0,50.870000000000005,0.0771044992743106,0.07692307692307693,4.24,5.5120000000000005,0.00026238909902031866,4366
85035b,50.82000000000001,6,6,6,8.47,CHOCOLATE 3 WICK MORRIS BOX CANDLE,0.0,0.0,0.0,0.0,50.82000000000001,0.0,0.0,8.47,8.47,0.0002621311974093296,4367
85124a,50.599999999999994,10,9,9,5.06,PINK JUICY FRUIT PHOTO FRAME,0.0,0.0,0.0,0.0,50.599999999999994,0.0,0.0,5.06,5.622222222222222,0.0002609964303209774,4368
72083A,50.400000000000006,24,7,7,2.1,STRAWBERY SWIRL FLARE CANDLE,0.0,0.0,0.0,0.0,50.400000000000006,0.0,0.0,2.1,7.200000000000001,0.0002599648238770211,4369
22657,50.15,59,7,7,0.85,HEN & 2 CHICKS IN BASKET,0.0,0.0,0.0,0.0,50.15,0.0,0.0,0.85,7.164285714285714,0.0002586753158220755,4370
20870,52.2,29,7,7,2.9214285714285713,OPULENT VELVET CANDLE IN BOX,-2.1,1.0,1.0,1.0,50.1,0.040229885057471264,0.034482758620689655,1.8,7.457142857142857,0.0002584174142110864,4371
90141E,50.06,10,5,5,5.062,ORANGE PENDANT TRIPLE SHELL NECKLAC,0.0,0.0,0.0,0.0,50.06,0.0,0.0,5.006,10.012,0.00025821109292229513,4372
23603,49.800000000000004,20,14,14,2.4899999999999998,SET 10 CARD KRAFT REINDEER 17084,0.0,0.0,0.0,0.0,49.800000000000004,0.0,0.0,2.49,3.5571428571428574,0.00025687000454515177,4373
90052,49.58,7,5,5,7.136,CRACKED GLAZE NECKLACE BROWN,0.0,0.0,0.0,0.0,49.58,0.0,0.0,7.082857142857143,9.916,0.00025573523745679966,4374
17013C,89.46000000000001,213,2,2,0.42,ORIGAMI LAVENDER INCENSE IN TUBE,-40.32,96.0,1.0,1.0,49.14000000000001,0.45070422535211263,0.4507042253521127,0.42000000000000004,44.730000000000004,0.0002534657032800956,4375
84537B,49.14,117,11,11,0.42,FAIRY CAKES GIFT BAG,0.0,0.0,0.0,0.0,49.14,0.0,0.0,0.42,4.467272727272728,0.00025346570328009554,4376
72129,49.11,74,18,18,0.7061111111111111,COLUMBIAN CANDLE ROUND ,0.0,0.0,0.0,0.0,49.11,0.0,0.0,0.6636486486486486,2.7283333333333335,0.0002533109623135021,4377
84845C,52.5,42,14,14,1.25,CARNATION SQUARE HANDY TIN,-3.75,3.0,1.0,1.0,48.75,0.07142857142857142,0.07142857142857142,1.25,3.75,0.0002514540707143805,4378
90128A,48.72,32,11,10,1.8181818181818181,PINK LEAVES AND BEADS PHONE CHARM,0.0,0.0,0.0,0.0,48.72,0.0,0.0,1.5225,4.872,0.00025129932974778704,4379
37489A,48.51,47,25,23,1.2572,YELLOW/PINK FLOWER DESIGN BIG MUG,0.0,0.0,0.0,0.0,48.51,0.0,0.0,1.032127659574468,2.1091304347826085,0.0002502161429816327,4380
35603C,48.3,83,25,24,0.6888,SET/16 WHITE SHINY & MATT BAUBLES,0.0,0.0,0.0,0.0,48.3,0.0,0.0,0.5819277108433735,2.0124999999999997,0.0002491329562154785,4381
90054,48.11,19,19,17,2.5321052631578946,CRACKED GLAZE EARRINGS RED,0.0,0.0,0.0,0.0,48.11,0.0,0.0,2.5321052631578946,2.83,0.0002481529300937199,4382
90083,48.08,52,15,15,1.3326666666666667,CRYSTAL CZECH CROSS PHONE CHARM,0.0,0.0,0.0,0.0,48.08,0.0,0.0,0.9246153846153846,3.2053333333333334,0.00024799818912712643,4383
21347,47.6,8,4,4,5.95,GOTHIC CARRIAGE LANTERN,0.0,0.0,0.0,0.0,47.6,0.0,0.0,5.95,11.9,0.00024552233366163096,4384
20895,47.20000000000001,16,4,4,2.95,VINTAGE NOTEBOOK FRENCH LETTER ,0.0,0.0,0.0,0.0,47.20000000000001,0.0,0.0,2.9500000000000006,11.800000000000002,0.00024345912077371816,4385
35909B,47.2,16,7,6,2.95,PINK FLOWERS RABBIT EASTER,0.0,0.0,0.0,0.0,47.2,0.0,0.0,2.95,7.866666666666667,0.0002434591207737181,4386
90067B,47.120000000000005,16,6,6,2.936666666666667,BROWN VINTAGE VICTORIAN EARRINGS,0.0,0.0,0.0,0.0,47.120000000000005,0.0,0.0,2.9450000000000003,7.853333333333334,0.00024304647819613557,4387
37462E,49.64,110,30,28,0.6613333333333333,"PET MUG, GOLDFISH",-2.52,6.0,1.0,1.0,47.12,0.05076551168412571,0.05454545454545454,0.45127272727272727,1.772857142857143,0.0002430464781961355,4388
84227,47.04,112,13,13,0.42,HEN HOUSE W CHICK IN NEST,0.0,0.0,0.0,0.0,47.04,0.0,0.0,0.42,3.6184615384615384,0.00024263383561855297,4389
90181C,46.93,5,5,5,9.386,BLACK GLASS/SHELL/PEARL NECKLACE,0.0,0.0,0.0,0.0,46.93,0.0,0.0,9.386,9.386,0.00024206645207437694,4390
84596f,46.89,19,14,14,2.467142857142857,SMALL MARSHMALLOWS PINK BOWL,0.0,0.0,0.0,0.0,46.89,0.0,0.0,2.4678947368421054,3.349285714285714,0.00024186013078558567,4391
20988,46.8,24,9,9,1.9500000000000002,TRELLIS FLOWER CHOPSTICKS SET/5,0.0,0.0,0.0,0.0,46.8,0.0,0.0,1.95,5.199999999999999,0.00024139590788580526,4392
90001A,46.6,11,10,10,4.235,ANTIQUE RASPBERRY FLOWER EARRINGS,0.0,0.0,0.0,0.0,46.6,0.0,0.0,4.236363636363636,4.66,0.00024036430144184882,4393
16050,46.45,151,8,8,0.4,TEATIME PENCIL WITH RUBBER,0.0,0.0,0.0,0.0,46.45,0.0,0.0,0.3076158940397351,5.80625,0.00023959059660888152,4394
47341A,46.25,29,7,7,2.3214285714285716,FUSCHIA TABLE RUN FLOWER ,0.0,0.0,0.0,0.0,46.25,0.0,0.0,1.5948275862068966,6.607142857142857,0.00023855899016492506,4395
72024U,46.2,220,11,11,0.21,LILAC VOTIVE CANDLE,0.0,0.0,0.0,0.0,46.2,0.0,0.0,0.21000000000000002,4.2,0.00023830108855393595,4396
85081,46.17,104,22,21,0.45772727272727276,PADDED HOLLY CHRISTMAS DECORATION ,0.0,0.0,0.0,0.0,46.17,0.0,0.0,0.4439423076923077,2.198571428571429,0.0002381463475873425,4397
85132c,46.099999999999994,4,4,4,11.524999999999999,CHARLIE AND LOLA FIGURES TINS,0.0,0.0,0.0,0.0,46.099999999999994,0.0,0.0,11.524999999999999,11.524999999999999,0.00023778528533195773,4398
84626,45.95,1,1,1,45.95,CANDY STRIPE ROSE QUILT,0.0,0.0,0.0,0.0,45.95,0.0,0.0,45.95,45.95,0.00023701158049899043,4399
18097A,45.9,18,13,12,2.55,PINK TALL PORCELAIN T-LIGHT HOLDER ,0.0,0.0,0.0,0.0,45.9,0.0,0.0,2.55,3.8249999999999997,0.0002367536788880013,4400
35611B,45.76,62,4,3,2.23,BLACK ASSORTED DROPLET DECORATION,0.0,0.0,0.0,0.0,45.76,0.0,0.0,0.7380645161290322,15.253333333333332,0.0002360315543772318,4401
35809a,45.75,11,11,10,4.159090909090909,ENAMEL PINK TEA CONTAINER,0.0,0.0,0.0,0.0,45.75,0.0,0.0,4.159090909090909,4.575,0.000235979974055034,4402
16161C,45.0,450,2,2,0.1,WRAP SPEED DEMONS ,0.0,0.0,0.0,0.0,45.0,0.0,0.0,0.1,22.5,0.00023211144989019735,4403
72724,45.0,36,11,10,1.25,SET/6 CHRISTMAS ICICLE T-LIGHTS,0.0,0.0,0.0,0.0,45.0,0.0,0.0,1.25,4.5,0.00023211144989019735,4404
23625,44.910000000000004,9,4,4,4.99,SET 6 CARDS SPARKLY REINDEER 17262,0.0,0.0,0.0,0.0,44.910000000000004,0.0,0.0,4.99,11.227500000000001,0.000231647226990417,4405
90135,44.75,9,3,3,5.006666666666667,ORANGE/WHT/FUSCHIA STONES NECKLACE,0.0,0.0,0.0,0.0,44.75,0.0,0.0,4.972222222222222,14.916666666666666,0.00023082194183525183,4406
90197D,44.550000000000004,9,4,4,4.95,AMBER GLASS BRACELET HEART CHARMS,0.0,0.0,0.0,0.0,44.550000000000004,0.0,0.0,4.95,11.137500000000001,0.0002297903353912954,4407
72796B,44.55,27,13,12,1.65,S/3 FRENCH VANILLA SQU CANDLE,0.0,0.0,0.0,0.0,44.55,0.0,0.0,1.65,3.7125,0.00022979033539129536,4408
79066k,44.37,27,17,16,1.6458823529411764,RETRO MOD TRAY,0.0,0.0,0.0,0.0,44.37,0.0,0.0,1.6433333333333333,2.773125,0.0002288618895917346,4409
90011A,44.28,15,15,15,2.952,MIDNIGHT BLUE CRYSTAL DROP EARRINGS,0.0,0.0,0.0,0.0,44.28,0.0,0.0,2.952,2.952,0.00022839766669195422,4410
84586L,44.25000000000001,15,9,9,2.95,"PINK ROSES/GINGHAM PATCH RABBIT 8""",0.0,0.0,0.0,0.0,44.25000000000001,0.0,0.0,2.9500000000000006,4.916666666666668,0.00022824292572536076,4411
35085E,44.25,39,9,9,1.1666666666666667,IVORY ROSE LAMPSHADE ,0.0,0.0,0.0,0.0,44.25,0.0,0.0,1.1346153846153846,4.916666666666667,0.00022824292572536073,4412
90084,54.4,64,9,9,0.85,PINK CRYSTAL GUITAR PHONE CHARM,-10.2,12.0,1.0,1.0,44.2,0.1875,0.1875,0.85,6.044444444444444,0.00022798502411437163,4413
90125E,44.19,18,17,17,2.5035294117647062,AMBER BERTIE GLASS BEAD BAG CHARM,0.0,0.0,0.0,0.0,44.19,0.0,0.0,2.455,2.599411764705882,0.00022793344379217381,4414
35815B,43.94,95,3,3,1.6866666666666665,"ACRYLIC JEWEL SNOWFLAKE,BLUE",0.0,0.0,0.0,0.0,43.94,0.0,0.0,0.4625263157894737,14.646666666666667,0.00022664393573722824,4415
17014C,43.75,97,2,2,1.925,ORIGAMI LAVENDER INCENSE CONES,0.0,0.0,0.0,0.0,43.75,0.0,0.0,0.45103092783505155,21.875,0.00022566390961546967,4416
79063C,43.65,235,14,14,0.18928571428571428,"RETRO PILL BOX KEY CHAIN,THE KING",0.0,0.0,0.0,0.0,43.65,0.0,0.0,0.18574468085106383,3.117857142857143,0.00022514810639349142,4417
90042B,43.349999999999994,17,6,6,2.55,FRESHWATER PEARL BRACELET PINK,0.0,0.0,0.0,0.0,43.349999999999994,0.0,0.0,2.55,7.224999999999999,0.00022360069672755677,4418
35822P,43.32,114,1,1,0.38,"ACRYLIC BEAD CHAIN, PINK",0.0,0.0,0.0,0.0,43.32,0.0,0.0,0.38,43.32,0.00022344595576096333,4419
23038,42.92,44,8,8,1.3299999999999998,T-LIGHT HOLDER SILVER SAUCER,0.0,0.0,0.0,0.0,42.92,0.0,0.0,0.9754545454545455,5.365,0.00022138274287305048,4420
84857B,46.8,24,1,1,1.95,BLUE MONTE CARLO HANDBAG,-3.9,2.0,1.0,1.0,42.9,0.08333333333333334,0.08333333333333333,1.95,46.8,0.0002212795822286548,4421
84993a,42.71,51,30,30,0.8373333333333333,75 GREEN PETIT FOUR CASES,0.0,0.0,0.0,0.0,42.71,0.0,0.0,0.8374509803921569,1.4236666666666666,0.00022029955610689624,4422
21596,42.64,10,9,9,4.26,Hypochondriac Pill Stress Ball,0.0,0.0,0.0,0.0,42.64,0.0,0.0,4.264,4.737777777777778,0.00021993849385151145,4423
90024A,42.5,5,4,4,8.5,NEW BAROQUE B'FLY NECKLACE BLACK,0.0,0.0,0.0,0.0,42.5,0.0,0.0,8.5,10.625,0.00021921636934074193,4424
90126C,42.1,21,5,5,2.692,AMBER BERTIE MOBILE PHONE CHARM,0.0,0.0,0.0,0.0,42.1,0.0,0.0,2.0047619047619047,8.42,0.0002171531564528291,4425
72771C,42.08,54,6,6,1.7133333333333332,BLACK FLOCK GOLD CANDLE,0.0,0.0,0.0,0.0,42.08,0.0,0.0,0.7792592592592592,7.013333333333333,0.00021704999580843344,4426
20860,42.0,20,11,11,2.1,GOLD COSMETICS BAG WITH BUTTERFLY,0.0,0.0,0.0,0.0,42.0,0.0,0.0,2.1,3.8181818181818183,0.00021663735323085087,4427
15060b,41.81,5,5,5,8.362,FAIRY CAKE DESIGN UMBRELLA,0.0,0.0,0.0,0.0,41.81,0.0,0.0,8.362,8.362,0.00021565732710909227,4428
90152C,41.650000000000006,7,4,4,5.95,BLUE/NAT SHELL NECKLACE W PENDANT,0.0,0.0,0.0,0.0,41.650000000000006,0.0,0.0,5.950000000000001,10.412500000000001,0.00021483204195392715,4429
90059B,51.55,31,19,16,1.6710526315789473,DIAMANTE HAIR GRIP PACK/2 BLACK DIA,-9.9,6.0,1.0,1.0,41.65,0.19204655674102813,0.1935483870967742,1.6629032258064516,3.221875,0.0002148320419539271,4430
90060C,41.65,7,3,3,5.95,FIRE POLISHED GLASS NECKL SILVER,0.0,0.0,0.0,0.0,41.65,0.0,0.0,5.95,13.883333333333333,0.0002148320419539271,4431
23448,41.25,25,3,3,1.6499999999999997,CREAM BUNNY EASTER EGG BASKET,0.0,0.0,0.0,0.0,41.25,0.0,0.0,1.65,13.75,0.00021276882906601425,4432
90152B,41.21,7,6,5,5.876666666666666,BLUE/GREEN SHELL NECKLACE W PENDANT,0.0,0.0,0.0,0.0,41.21,0.0,0.0,5.887142857142857,8.242,0.00021256250777722295,4433
90027C,41.17,14,12,12,2.9391666666666665,GLASS BEAD HOOP EARRINGS GREEN,0.0,0.0,0.0,0.0,41.17,0.0,0.0,2.940714285714286,3.4308333333333336,0.00021235618648843168,4434
18096c,41.14,8,6,6,5.151666666666666,WHITE ROUND PORCELAIN TLIGHT HOLDER,0.0,0.0,0.0,0.0,41.14,0.0,0.0,5.1425,6.8566666666666665,0.00021220144552183822,4435
21119,41.01,3,3,3,13.67,Glow In The Dark Shot Glasses ,0.0,0.0,0.0,0.0,41.01,0.0,0.0,13.67,13.67,0.00021153090133326652,4436
35644,40.95,21,8,7,1.95,PAIR PINK/BLACK COATHANGERS,0.0,0.0,0.0,0.0,40.95,0.0,0.0,1.9500000000000002,5.8500000000000005,0.00021122141940007962,4437
84798C,40.8,16,3,3,2.55,WHITE FOXGLOVE ARTIIFCIAL FLOWER,0.0,0.0,0.0,0.0,40.8,0.0,0.0,2.55,13.6,0.00021044771456711227,4439
44228,40.8,48,3,3,0.85,CANNABIS LEAF BEAD CURTAIN,0.0,0.0,0.0,0.0,40.8,0.0,0.0,0.85,13.6,0.00021044771456711227,4438
90132,40.72,8,8,7,5.09,LIGHT TOPAZ TEAL/AQUA COL NECKLACE,0.0,0.0,0.0,0.0,40.72,0.0,0.0,5.09,5.817142857142857,0.00021003507198952967,4440
90136,40.47,4,3,3,10.173333333333332,PALE PINK/AMETHYST STONE NECKLACE,0.0,0.0,0.0,0.0,40.47,0.0,0.0,10.1175,13.49,0.00020874556393458415,4441
90152A,40.34,7,7,7,5.762857142857143,SILVER/NAT SHELL NECKLACE W PENDANT,0.0,0.0,0.0,0.0,40.34,0.0,0.0,5.762857142857143,5.762857142857143,0.0002080750197460125,4442
20994,39.949999999999996,47,12,12,0.85,JAZZ HEARTS SPIRAL NOTEPAD,0.0,0.0,0.0,0.0,39.949999999999996,0.0,0.0,0.8499999999999999,3.329166666666666,0.0002060633871802974,4443
47013A,39.87,141,25,25,0.2764,WINE BOTTLE DRESSING LT.BLUE,0.0,0.0,0.0,0.0,39.87,0.0,0.0,0.2827659574468085,1.5948,0.00020565074460271484,4444
37468,39.81,65,14,14,1.422857142857143,HARDMAN MUG 3 ASSORTED,0.0,0.0,0.0,0.0,39.81,0.0,0.0,0.6124615384615385,2.843571428571429,0.00020534126266952794,4445
47013C,40.519999999999996,147,28,27,0.35,WINE BOTTLE DRESSING DARK BLUE,-1.44,12.0,1.0,1.0,39.08,0.03553800592300099,0.08163265306122448,0.27564625850340135,1.5007407407407405,0.00020157589914908695,4446
82545A,38.75,31,11,11,1.25,COGNAC AUX OEUFS METAL 1 HOOK,0.0,0.0,0.0,0.0,38.75,0.0,0.0,1.25,3.522727272727273,0.00019987374851655886,4447
47567b,38.72,3,3,3,12.906666666666666,TEA TIME KITCHEN APRON,0.0,0.0,0.0,0.0,38.72,0.0,0.0,12.906666666666666,12.906666666666666,0.00019971900754996535,4448
35963,38.379999999999995,101,13,11,0.38,FOLKART ZINC CLIP ON ANGEL WINGS,0.0,0.0,0.0,0.0,38.379999999999995,0.0,0.0,0.37999999999999995,3.489090909090909,0.0001979652765952394,4449
85184B,41.300000000000004,14,7,7,2.95,SET 4 EASTER DECOUPAGE OVAL BOXES,-2.95,1.0,1.0,1.0,38.35,0.07142857142857142,0.07142857142857142,2.95,5.9,0.000197810535628646,4450
90130D,38.31,13,8,8,2.945,RED STONE/CRYSTAL EARRINGS,0.0,0.0,0.0,0.0,38.31,0.0,0.0,2.946923076923077,4.78875,0.00019760421433985472,4451
90027B,38.28,13,10,10,2.943,GLASS BEAD HOOP EARRINGS MONTANA,0.0,0.0,0.0,0.0,38.28,0.0,0.0,2.9446153846153846,3.8280000000000003,0.0001974494733732612,4452
90183C,38.12,13,13,13,2.9323076923076923,BLACK DROP EARRINGS W LONG BEADS,0.0,0.0,0.0,0.0,38.12,0.0,0.0,2.9323076923076923,2.9323076923076923,0.00019662418821809606,4453
90182C,55.74,19,13,13,2.926153846153846,BLACK 3 BEAD DROP EARRINGS,-17.700000000000003,6.0,1.0,1.0,38.04,0.3175457481162541,0.3157894736842105,2.933684210526316,4.287692307692308,0.0001962115456405135,4454
90177A,55.690000000000005,19,14,14,2.924285714285714,CLASSIC DIAMANTE EARRINGS JET,-17.700000000000003,6.0,1.0,1.0,37.99,0.3178308493445861,0.3157894736842105,2.9310526315789476,3.977857142857143,0.0001959536440295244,4455
90214F,37.98,46,29,27,0.9555172413793104,"LETTER ""F"" BLING KEY RING",0.0,0.0,0.0,0.0,37.98,0.0,0.0,0.8256521739130435,1.4066666666666665,0.00019590206370732655,4456
47518f,37.75,9,9,9,4.194444444444445,ICON PLACEMAT POP ART ELVIS,0.0,0.0,0.0,0.0,37.75,0.0,0.0,4.194444444444445,4.194444444444445,0.0001947157162967767,4457
85115B,37.620000000000005,6,2,2,6.27,S/4 BLACK DISCO PARTITION PANEL,0.0,0.0,0.0,0.0,37.620000000000005,0.0,0.0,6.2700000000000005,18.810000000000002,0.000194045172108205,4458
90176B,37.620000000000005,5,4,4,7.53,DIAMANTE NECKLACE BLACK ,0.0,0.0,0.0,0.0,37.620000000000005,0.0,0.0,7.524000000000001,9.405000000000001,0.000194045172108205,4459
90039A,37.61,10,5,5,3.772,FIRE POLISHED GLASS BRACELET RED,0.0,0.0,0.0,0.0,37.61,0.0,0.0,3.761,7.522,0.00019399359178600719,4460
37112,37.5,10,6,5,3.75,YELLOW BIRDS FELT DES FOODCOVER,0.0,0.0,0.0,0.0,37.5,0.0,0.0,3.75,7.5,0.00019342620824183113,4462
37477B,41.25,11,9,8,3.75,"FLOWER FAIRY MUG+COASTER,LAVENDER",-3.75,1.0,1.0,1.0,37.5,0.09090909090909091,0.09090909090909091,3.75,5.15625,0.00019342620824183113,4463
79413,37.5,30,9,9,1.25,GLASS WINE GLASS DECORATIONS,0.0,0.0,0.0,0.0,37.5,0.0,0.0,1.25,4.166666666666667,0.00019342620824183113,4464
35233,37.5,10,8,8,3.75,PASTA ENAMEL/BRASS CONTAINER,0.0,0.0,0.0,0.0,37.5,0.0,0.0,3.75,4.6875,0.00019342620824183113,4461
84509b,37.3,5,4,4,7.46,SET OF 4 FAIRY CAKE PLACEMATS,0.0,0.0,0.0,0.0,37.3,0.0,0.0,7.459999999999999,9.325,0.0001923946017978747,4465
84705F,37.2,8,5,5,4.65,RED PEONY PHOTO FRAME ,0.0,0.0,0.0,0.0,37.2,0.0,0.0,4.65,7.44,0.0001918787985758965,4466
90126A,37.14,20,6,5,2.2466666666666666,PINK BERTIE MOBILE PHONE CHARM,0.0,0.0,0.0,0.0,37.14,0.0,0.0,1.857,7.428,0.00019156931664270958,4467
84251J,37.04,74,17,17,0.7458823529411764,"GREETING CARD, THE BLACK CAT",0.0,0.0,0.0,0.0,37.04,0.0,0.0,0.5005405405405405,2.1788235294117646,0.00019105351342073133,4468
72715,36.96,88,13,13,0.42,SPHERICAL IVORY CANDLE ,0.0,0.0,0.0,0.0,36.96,0.0,0.0,0.42,2.8430769230769233,0.00019064087084314876,4470
16162M,36.96,88,13,13,0.42,THE KING GIFT BAG 25x24x12cm,0.0,0.0,0.0,0.0,36.96,0.0,0.0,0.42,2.8430769230769233,0.00019064087084314876,4469
17014E,36.599999999999994,95,6,6,1.4249999999999998,ORIGAMI OPIUM INCENSE CONES,0.0,0.0,0.0,0.0,36.599999999999994,0.0,0.0,0.3852631578947368,6.099999999999999,0.00018878397924402716,4471
90141D,36.33,7,5,5,5.286,ROSE PENDANT TRIPLE SHELL NECKLACE,0.0,0.0,0.0,0.0,36.33,0.0,0.0,5.1899999999999995,7.266,0.000187391310544686,4472
90037D,35.870000000000005,14,8,8,2.56625,TINY CRYSTALS BRACELET BLACK,0.0,0.0,0.0,0.0,35.870000000000005,0.0,0.0,2.5621428571428573,4.483750000000001,0.00018501861572358622,4473
90060B,35.7,6,4,4,5.95,FIRE POLISHED GLASS NECKL GOLD,0.0,0.0,0.0,0.0,35.7,0.0,0.0,5.95,8.925,0.00018414175024622324,4474
47504J,67.25,5,4,4,14.825,ENGLISH ROSE SET/3 GARDEN TOOLS,-31.8,4.0,2.0,2.0,35.45,0.4728624535315985,0.8,13.45,16.8125,0.00018285224219127772,4475
85184c,35.35,6,6,6,5.891666666666667,S/4 VALENTINE DECOUPAGE HEART BOX,0.0,0.0,0.0,0.0,35.35,0.0,0.0,5.891666666666667,5.891666666666667,0.00018233643896929948,4476
90011C,35.33,12,7,7,2.94,GREEN CRYSTAL DROP EARRINGS,0.0,0.0,0.0,0.0,35.33,0.0,0.0,2.9441666666666664,5.047142857142857,0.00018223327832490383,4477
79063D,35.14,189,11,11,0.21,"RETRO PILL BOX , REVOLUTIONARY",0.0,0.0,0.0,0.0,35.14,0.0,0.0,0.18592592592592594,3.194545454545455,0.00018125325220314523,4478
84510e,35.089999999999996,14,6,6,2.5016666666666665,SET OF 4 GREEN CAROUSEL COASTERS,0.0,0.0,0.0,0.0,35.089999999999996,0.0,0.0,2.5064285714285712,5.848333333333333,0.00018099535059215612,4479
82613b,35.04,14,11,11,2.5009090909090905,"METAL SIGN,CUPCAKE SINGLE HOOK",0.0,0.0,0.0,0.0,35.04,0.0,0.0,2.5028571428571427,3.1854545454545455,0.000180737448981167,4480
84745B,34.86,83,18,17,0.42,BLUE HANGING GINGHAM EASTER HEN,0.0,0.0,0.0,0.0,34.86,0.0,0.0,0.42,2.050588235294118,0.00017980900318160622,4481
DCGS0058,34.82,42,30,30,0.8286666666666667,MISO PRETTY  GUM,0.0,0.0,0.0,0.0,34.82,0.0,0.0,0.829047619047619,1.1606666666666667,0.00017960268189281495,4482
37482p,34.7,2,2,2,17.35,CUBIC MUG PINK POLKA DOT,0.0,0.0,0.0,0.0,34.7,0.0,0.0,17.35,17.35,0.00017898371802644108,4483
84546,34.65,21,3,3,1.6499999999999997,CROCHET POODLE KEYRING,0.0,0.0,0.0,0.0,34.65,0.0,0.0,1.65,11.549999999999999,0.00017872581641545197,4484
90081B,34.65,7,3,3,4.95,LILY BROOCH WHITE/SILVER COLOUR,0.0,0.0,0.0,0.0,34.65,0.0,0.0,4.95,11.549999999999999,0.00017872581641545197,4485
35955,34.62,135,5,4,0.374,SMALL FOLKART CHRISTMAS TREE DEC,0.0,0.0,0.0,0.0,34.62,0.0,0.0,0.2564444444444444,8.655,0.0001785710754488585,4486
44265,34.0,8,4,4,4.25,M/COLOUR POM-POM CURTAIN,0.0,0.0,0.0,0.0,34.0,0.0,0.0,4.25,8.5,0.00017537309547259355,4487
21120,33.96,2,2,1,16.98,*Boombox Ipod Classic,0.0,0.0,0.0,0.0,33.96,0.0,0.0,16.98,33.96,0.00017516677418380228,4488
85035a,33.88,4,4,3,8.47,GARDENIA 3 WICK MORRIS BOXED CANDLE,0.0,0.0,0.0,0.0,33.88,0.0,0.0,8.47,11.293333333333335,0.0001747541316062197,4489
90066A,33.75,5,2,2,6.75,PINK VINTAGE VICTORIAN CHOKER,0.0,0.0,0.0,0.0,33.75,0.0,0.0,6.75,16.875,0.00017408358741764803,4490
47591b,33.6,8,4,4,4.1899999999999995,SCOTTIES CHILDRENS APRON,0.0,0.0,0.0,0.0,33.6,0.0,0.0,4.2,8.4,0.0001733098825846807,4491
84596b,32.629999999999995,13,10,8,2.51,SMALL DOLLY MIX DESIGN ORANGE BOWL,0.0,0.0,0.0,0.0,32.629999999999995,0.0,0.0,2.51,4.078749999999999,0.00016830659133149198,4492
DCGS0003,32.589999999999996,13,13,13,2.506923076923077,BOXED GLASS ASHTRAY,0.0,0.0,0.0,0.0,32.589999999999996,0.0,0.0,2.506923076923077,2.506923076923077,0.00016810027004270068,4493
82613c,32.48,13,12,12,2.5016666666666665,"METAL SIGN,CUPCAKE SINGLE HOOK",0.0,0.0,0.0,0.0,32.48,0.0,0.0,2.4984615384615383,2.7066666666666666,0.00016753288649852465,4494
37489B,32.37,39,18,17,1.0833333333333333,BLUE/YELLOW FLOWER DESIGN BIG MUG,0.0,0.0,0.0,0.0,32.37,0.0,0.0,0.83,1.9041176470588235,0.00016696550295434862,4495
90214O,32.269999999999996,37,19,18,1.0699999999999998,"LETTER ""O"" BLING KEY RING",0.0,0.0,0.0,0.0,32.269999999999996,0.0,0.0,0.872162162162162,1.7927777777777776,0.0001664496997323704,4496
85079,32.25,23,9,8,1.4144444444444444,EMBROIDERED REINDEER DECORATION,0.0,0.0,0.0,0.0,32.25,0.0,0.0,1.4021739130434783,4.03125,0.00016634653908797478,4497
84608,47.7,6,4,4,7.95,ORNATE EDWARDIAN CANDLE HOLDER,-15.9,2.0,1.0,1.0,31.800000000000004,0.3333333333333333,0.3333333333333333,7.95,11.925,0.00016402542458907282,4498
20952,150.72,329,24,24,0.6812499999999999,PORCELAIN CHERUB BELL SMALL,-119.16,260.0,2.0,2.0,31.560000000000002,0.7906050955414012,0.790273556231003,0.45811550151975683,6.28,0.0001627874968563251,4499
23632,31.200000000000003,15,10,10,2.08,SET 10 CARDS CHEERFUL ROBIN 17065,0.0,0.0,0.0,0.0,31.200000000000003,0.0,0.0,2.08,3.12,0.0001609306052572035,4500
78034B,31.2,16,11,9,1.95,BLUE NETTING STORAGE HANGER,0.0,0.0,0.0,0.0,31.2,0.0,0.0,1.95,3.466666666666667,0.0001609306052572035,4501
90214V,31.08,40,26,24,0.9600000000000001,"LETTER ""V"" BLING KEY RING",0.0,0.0,0.0,0.0,31.08,0.0,0.0,0.7769999999999999,1.295,0.00016031164139082964,4502
37489D,30.81,47,22,20,0.8154545454545455,PINK/GREEN FLOWER DESIGN BIG MUG,0.0,0.0,0.0,0.0,30.81,0.0,0.0,0.655531914893617,1.5405,0.00015891897269148844,4503
44091C,30.66,61,17,17,0.5682352941176471,MULTICOLOUR CRUSOE CHECK LAMPSHADE,0.0,0.0,0.0,0.0,30.66,0.0,0.0,0.5026229508196721,1.8035294117647058,0.00015814526785852114,4504
37348,35.7,14,7,7,2.55,SET OF 4 PASTEL STACKING MUGS,-5.1,2.0,2.0,2.0,30.6,0.14285714285714285,0.14285714285714285,2.5500000000000003,5.1000000000000005,0.00015783578592533422,4505
21919,30.47,6,5,5,5.081999999999999,Electronic Talking Breath-A-Loser,0.0,0.0,0.0,0.0,30.47,0.0,0.0,5.078333333333333,6.093999999999999,0.00015716524173676251,4506
90076,33.0,12,7,7,2.892857142857143,MONTANA DIAMOND CLUSTER EARRINGS,-2.55,1.0,1.0,1.0,30.45,0.07727272727272727,0.08333333333333333,2.75,4.714285714285714,0.0001570620810923669,4507
84745A,30.240000000000002,72,17,15,0.42,PINK HANGING GINGHAM EASTER HEN,0.0,0.0,0.0,0.0,30.240000000000002,0.0,0.0,0.42000000000000004,2.016,0.00015597889432621262,4508
90025F,30.23,8,8,8,3.77875,BAROQUE BUTTERFLY EARRINGS CRYSTAL,0.0,0.0,0.0,0.0,30.23,0.0,0.0,3.77875,3.77875,0.0001559273140040148,4509
18010,30.16,64,9,9,0.5566666666666666,ASSORTED FRAGRANCE BATH CONFETTI,0.0,0.0,0.0,0.0,30.16,0.0,0.0,0.47125,3.351111111111111,0.00015556625174863005,4510
37491B,30.08,14,8,8,2.3,BLUE/YELLOW CERAMIC CANDLE HOLDER,0.0,0.0,0.0,0.0,30.08,0.0,0.0,2.1485714285714286,3.76,0.00015515360917104748,4511
47563B,30.0,8,6,6,3.75,WAVELINE SURF IRONING BOARD COVER,0.0,0.0,0.0,0.0,30.0,0.0,0.0,3.75,5.0,0.0001547409665934649,4512
90176E,29.98,4,3,3,7.493333333333333,DIAMANTE NECKLACE GREEN,0.0,0.0,0.0,0.0,29.98,0.0,0.0,7.495,9.993333333333334,0.00015463780594906926,4513
21767,29.95,1,1,1,29.95,FRENCH STYLE WIRE DOOR CABINET ,0.0,0.0,0.0,0.0,29.95,0.0,0.0,29.95,29.95,0.0001544830649824758,4514
21685,44.849999999999994,3,2,2,14.95,MEDINA STAMPED METAL TRAY ,-14.95,1.0,1.0,1.0,29.899999999999995,0.33333333333333337,0.3333333333333333,14.949999999999998,22.424999999999997,0.00015422516337148666,4515
79065A,39.8,4,1,1,9.95,TEATIME ROUND CAKE TINS ,-9.95,1.0,1.0,1.0,29.849999999999998,0.25,0.25,9.95,39.8,0.00015396726176049755,4516
22351,29.81,15,3,3,2.766666666666667,DOTCOMGIFTSHOP TEA TOWEL,0.0,0.0,0.0,0.0,29.81,0.0,0.0,1.9873333333333332,9.936666666666666,0.00015376094047170628,4517
84985a,29.8,10,8,8,2.98,SET OF 72 GREEN PAPER DOILIES,0.0,0.0,0.0,0.0,29.8,0.0,0.0,2.98,3.725,0.00015370936014950847,4518
35598A,29.500000000000004,10,3,3,2.9500000000000006,DUSTY PINK CHRISTMAS TREE 60CM,0.0,0.0,0.0,0.0,29.500000000000004,0.0,0.0,2.95,9.833333333333334,0.00015216195048357384,4519
90027A,29.48,10,7,6,2.947142857142857,GLASS BEAD HOOP EARRINGS BLACK,0.0,0.0,0.0,0.0,29.48,0.0,0.0,2.948,4.913333333333333,0.00015205878983917817,4520
10138,111.22,261,21,21,0.4776190476190476,ASSORTED COLOUR JUMBO PEN,-81.9,194.0,4.0,4.0,29.319999999999993,0.7363783492177667,0.7432950191570882,0.4261302681992337,5.296190476190477,0.000151233504684013,4521
46776f,28.91,7,1,1,4.13,WOVEN ROSE GARDEN CUSHION COVER ,0.0,0.0,0.0,0.0,28.91,0.0,0.0,4.13,28.91,0.00014911871147390234,4522
40005B,28.9,34,14,13,0.85,BLUE ORGANDY ROUND LAMPSHADE W BEA,0.0,0.0,0.0,0.0,28.9,0.0,0.0,0.85,2.223076923076923,0.00014906713115170453,4523
44089C,28.56,68,18,18,0.42,LILAC GAUZE BUTTERFLY LAMPSHADE,0.0,0.0,0.0,0.0,28.56,0.0,0.0,0.42,1.5866666666666667,0.0001473134001969786,4524
37489C,28.009999999999998,28,13,12,1.5846153846153848,GREEN/BLUE FLOWER DESIGN BIG MUG,0.0,0.0,0.0,0.0,28.009999999999998,0.0,0.0,1.0003571428571427,2.3341666666666665,0.0001444764824760984,4525
90053,27.78,11,11,10,2.5254545454545454,CRACKED GLAZE EARRINGS IVORY,0.0,0.0,0.0,0.0,27.78,0.0,0.0,2.5254545454545454,2.778,0.0001432901350655485,4526
17091F,27.71,19,8,8,1.58,SANDALWOOD INCENSE IN TIN,0.0,0.0,0.0,0.0,27.71,0.0,0.0,1.458421052631579,3.46375,0.00014292907281016377,4527
90128C,27.55,18,7,6,1.9714285714285713,GREEN LEAVES AND BEADS PHONE CHARM,0.0,0.0,0.0,0.0,27.55,0.0,0.0,1.5305555555555557,4.591666666666667,0.0001421037876549986,4528
90128B,27.52,20,8,6,1.565,BLUE LEAVES AND BEADS PHONE CHARM,0.0,0.0,0.0,0.0,27.52,0.0,0.0,1.376,4.586666666666667,0.00014194904668840514,4529
23613,27.39,11,6,6,2.49,SET 10 XMAS CARDS & BADGES 17070,0.0,0.0,0.0,0.0,27.39,0.0,0.0,2.49,4.565,0.00014127850249983346,4530
23637,27.39,11,9,9,2.49,SET 10 CARDS OUT OF ORDER 17216,0.0,0.0,0.0,0.0,27.39,0.0,0.0,2.49,3.0433333333333334,0.00014127850249983346,4531
21097,27.2,32,7,7,0.85,SET/6 GREEN SPRING  PAPER PLATE,0.0,0.0,0.0,0.0,27.2,0.0,0.0,0.85,3.8857142857142857,0.00014029847637807484,4532
84867b,27.14,2,1,1,13.57,BLUE BABY BOY'S PHOTO ALBUM,0.0,0.0,0.0,0.0,27.14,0.0,0.0,13.57,27.14,0.00013998899444488792,4533
90187A,27.04,8,7,7,3.3842857142857143,BLUE DROP EARRINGS W BEAD CLUSTER,0.0,0.0,0.0,0.0,27.04,0.0,0.0,3.38,3.8628571428571425,0.0001394731912229097,4534
23702,27.0,4,3,3,8.5,High Resolution Image,0.0,0.0,0.0,0.0,27.0,0.0,0.0,6.75,9.0,0.0001392668699341184,4535
17013F,26.7,62,5,5,1.38,ORIGAMI SANDLEWOOD INCENSE IN TUBE,0.0,0.0,0.0,0.0,26.7,0.0,0.0,0.43064516129032254,5.34,0.00013771946026818377,4536
90025E,26.5,7,7,7,3.7857142857142856,BAROQUE BUTTERFLY EARRINGS MONTANA,0.0,0.0,0.0,0.0,26.5,0.0,0.0,3.7857142857142856,3.7857142857142856,0.00013668785382422733,4537
23636,26.19,9,7,7,2.91,SET 10 CARDS WISHING TREE 17116,0.0,0.0,0.0,0.0,26.19,0.0,0.0,2.91,3.7414285714285715,0.00013508886383609486,4538
90214Y,26.189999999999998,69,11,10,0.8518181818181817,"LETTER ""Y"" BLING KEY RING",0.0,0.0,0.0,0.0,26.189999999999998,0.0,0.0,0.37956521739130433,2.6189999999999998,0.00013508886383609484,4539
90182A,26.16,9,9,9,2.9066666666666667,AMBER 3 BEAD DROP EARRINGS,0.0,0.0,0.0,0.0,26.16,0.0,0.0,2.9066666666666667,2.9066666666666667,0.0001349341228695014,4540
10124A,26.04,62,19,18,0.42,SPOTS ON RED BOOKCOVER TAPE,0.0,0.0,0.0,0.0,26.04,0.0,0.0,0.42,1.4466666666666665,0.00013431515900312754,4541
85164b,26.04,1,1,1,26.04,BLACK BAROQUE CUCKOO CLOCK,0.0,0.0,0.0,0.0,26.04,0.0,0.0,26.04,26.04,0.00013431515900312754,4542
90041,25.67,7,6,6,3.6950000000000003,PEARL AND CHERRY QUARTZ BRACLET,0.0,0.0,0.0,0.0,25.67,0.0,0.0,3.6671428571428573,4.278333333333333,0.00013240668708180815,4543
20954,25.590000000000003,3,3,3,8.530000000000001,*USB Office Mirror Ball,0.0,0.0,0.0,0.0,25.590000000000003,0.0,0.0,8.530000000000001,8.530000000000001,0.00013199404450422558,4544
90142A,25.45,5,4,4,5.09,GREEN PENDANT SHELL NECKLACE,0.0,0.0,0.0,0.0,25.45,0.0,0.0,5.09,6.3625,0.00013127191999345606,4545
DCGS0070,25.44,2,2,2,12.72,CAMOUFLAGE DOG COLLAR,0.0,0.0,0.0,0.0,25.44,0.0,0.0,12.72,12.72,0.00013122033967125825,4546
85035c,25.410000000000004,3,3,2,8.47,ROSE 3 WICK MORRIS BOX CANDLE,0.0,0.0,0.0,0.0,25.410000000000004,0.0,0.0,8.47,12.705000000000002,0.0001310655987046648,4547
85036b,25.410000000000004,3,3,2,8.47,CHOCOLATE 1 WICK MORRIS BOX CANDLE,0.0,0.0,0.0,0.0,25.410000000000004,0.0,0.0,8.47,12.705000000000002,0.0001310655987046648,4548
35597D,25.28,58,8,7,0.5825,PINK/WHITE CHRISTMAS TREE 30CM,0.0,0.0,0.0,0.0,25.28,0.0,0.0,0.43586206896551727,3.6114285714285717,0.00013039505451609308,4549
90055,25.28,10,10,10,2.528,CRACKED GLAZE EARRINGS BROWN,0.0,0.0,0.0,0.0,25.28,0.0,0.0,2.528,2.528,0.00013039505451609308,4550
21594,25.27,6,6,5,4.211666666666667,Dr. Jam's Arouzer Stress Ball,0.0,0.0,0.0,0.0,25.27,0.0,0.0,4.211666666666667,5.054,0.00013034347419389527,4551
72801g,25.099999999999998,10,3,3,2.51,S/4 BURGUNDY WINE DINNER CANDLES,0.0,0.0,0.0,0.0,25.099999999999998,0.0,0.0,2.51,8.366666666666665,0.0001294666087165323,4552
23620,24.900000000000002,10,7,7,2.4899999999999998,SET 10 CARDS PERFECT POST 17090,0.0,0.0,0.0,0.0,24.900000000000002,0.0,0.0,2.49,3.5571428571428574,0.00012843500227257588,4553
85034a,24.869999999999997,3,3,3,8.29,3 GARDENIA MORRIS BOXED CANDLES,0.0,0.0,0.0,0.0,24.869999999999997,0.0,0.0,8.29,8.29,0.0001282802613059824,4554
84550,24.75,15,5,5,1.65,CROCHET LILAC/RED BEAR KEYRING,0.0,0.0,0.0,0.0,24.75,0.0,0.0,1.65,4.95,0.00012766129743960856,4555
35633B,24.7,130,12,12,0.19000000000000003,BLUE TINSEL GARLAND ,0.0,0.0,0.0,0.0,24.7,0.0,0.0,0.19,2.058333333333333,0.00012740339582861945,4556
35596,24.65,29,4,4,0.85,WOOD XMAS TREE 9 FIG SHELVES,0.0,0.0,0.0,0.0,24.65,0.0,0.0,0.85,6.1625,0.0001271454942176303,4557
37494a,24.16,4,3,3,6.04,FAIRY CAKE CERAMIC BUTTER DISH,0.0,0.0,0.0,0.0,24.16,0.0,0.0,6.04,8.053333333333333,0.00012461805842993708,4558
84575B,23.8,4,3,3,5.95,BROWN DOG CANNISTER W BONE,0.0,0.0,0.0,0.0,23.8,0.0,0.0,5.95,7.933333333333334,0.00012276116683081548,4559
84611B,41.65,7,4,4,5.95,BLACK NEW BAROQUE FLOCK BOX,-17.85,3.0,2.0,2.0,23.799999999999997,0.4285714285714286,0.42857142857142855,5.95,10.4125,0.00012276116683081548,4560
79302m,23.77,4,4,4,5.9425,"ART LIGHTS,FUNK MONKEY",0.0,0.0,0.0,0.0,23.77,0.0,0.0,5.9425,5.9425,0.00012260642586422205,4561
35591T,23.75,19,10,9,1.25,TURQUOISE CHRISTMAS TREE ,0.0,0.0,0.0,0.0,23.75,0.0,0.0,1.25,2.638888888888889,0.0001225032652198264,4562
90128D,23.75,14,8,7,2.03125,PURPLE LEAVES AND BEADS PHONE CHAR,0.0,0.0,0.0,0.0,23.75,0.0,0.0,1.6964285714285714,3.392857142857143,0.0001225032652198264,4563
17014F,23.699999999999996,61,4,4,1.3125,ORIGAMI SANDLEWOOD INCENSE CONES,0.0,0.0,0.0,0.0,23.699999999999996,0.0,0.0,0.38852459016393437,5.924999999999999,0.00012224536360883726,4564
47556b,23.64,4,4,4,5.91,TEA TIME TEA TOWELS ,0.0,0.0,0.0,0.0,23.64,0.0,0.0,5.91,5.91,0.00012193588167565035,4565
90011E,23.61,8,8,8,2.95125,AMBER CRYSTAL DROP EARRINGS,0.0,0.0,0.0,0.0,23.61,0.0,0.0,2.95125,2.95125,0.00012178114070905688,4566
85040b,23.519999999999996,7,3,3,3.36,SET/4 BLUE FLOWER CANDLES IN BOWL,0.0,0.0,0.0,0.0,23.519999999999996,0.0,0.0,3.3599999999999994,7.839999999999999,0.00012131691780927646,4567
23623,23.28,8,6,6,2.91,SET 10 CARD CHRISTMAS WELCOME 17112,0.0,0.0,0.0,0.0,23.28,0.0,0.0,2.91,3.8800000000000003,0.00012007899007652878,4568
84456,33.15,37,16,16,0.9562499999999999,SET OF 3 RABBIT EGG EASTER,-10.2,12.0,1.0,1.0,22.95,0.3076923076923077,0.32432432432432434,0.8959459459459459,2.071875,0.00011837683944400065,4569
90095,22.91,8,3,3,3.3866666666666667,NECKLACE+BRACELET SET PINK BLOSSOM,0.0,0.0,0.0,0.0,22.91,0.0,0.0,2.86375,7.636666666666667,0.00011817051815520936,4570
90025C,22.56,6,6,6,3.76,BAROQUE BUTTERFLY EARRINGS GREEN,0.0,0.0,0.0,0.0,22.56,0.0,0.0,3.76,3.76,0.0001163652068782856,4571
84450A,24.18,52,5,5,0.49799999999999994,PINK RABBIT SITTING EASTER,-1.68,4.0,1.0,1.0,22.5,0.06947890818858561,0.07692307692307693,0.46499999999999997,4.836,0.00011605572494509867,4573
85225,22.5,19,11,11,1.2045454545454546,BLING KEY RING STAND,0.0,0.0,0.0,0.0,22.5,0.0,0.0,1.1842105263157894,2.0454545454545454,0.00011605572494509867,4575
84876C,26.25,7,4,4,3.75,SILVER HEART COMPACT MIRROR,-3.75,1.0,1.0,1.0,22.5,0.14285714285714285,0.14285714285714285,3.75,6.5625,0.00011605572494509867,4574
90189B,22.5,3,2,2,7.5,GOLD 2 STRAND NECKLACE-LEAF CHARMS,0.0,0.0,0.0,0.0,22.5,0.0,0.0,7.5,11.25,0.00011605572494509867,4576
37477C,22.5,6,1,1,3.75,"FLOWER FAIRY MUG+COASTER,ROSE",0.0,0.0,0.0,0.0,22.5,0.0,0.0,3.75,22.5,0.00011605572494509867,4572
23645,22.410000000000004,9,4,4,2.49,SET 10 CHRISTMAS CARDS HOHOHO 16956,0.0,0.0,0.0,0.0,22.410000000000004,0.0,0.0,2.49,5.602500000000001,0.00011559150204531831,4578
23640,22.410000000000004,9,8,8,2.49,SET 10 CARDS SCOTTIE DOG 17211,0.0,0.0,0.0,0.0,22.410000000000004,0.0,0.0,2.49,2.8012500000000005,0.00011559150204531831,4577
90214Z,22.34,32,19,18,0.898421052631579,"LETTER ""Z"" BLING KEY RING",0.0,0.0,0.0,0.0,22.34,0.0,0.0,0.698125,1.241111111111111,0.00011523043978993352,4579
35652,21.5,18,2,2,3.625,VINTAGE BEAD CHAISE LONG JEWEL BOX,0.0,0.0,0.0,0.0,21.5,0.0,0.0,1.1944444444444444,10.75,0.00011089769272531651,4580
84387A,21.45,11,1,1,1.95,BIRD ON BRANCH CANVAS SCREEN,0.0,0.0,0.0,0.0,21.45,0.0,0.0,1.95,21.45,0.0001106397911143274,4581
21387,21.25,25,4,4,0.85,IVORY HANGING DECORATION  RABBIT,0.0,0.0,0.0,0.0,21.25,0.0,0.0,0.85,5.3125,0.00010960818467037097,4582
23692,21.0,50,2,2,0.42,WRAP A PRETTY THANK YOU,0.0,0.0,0.0,0.0,21.0,0.0,0.0,0.42,10.5,0.00010831867661542543,4583
84868B,34.75,5,4,4,6.95,BLUE BABY BOY'S MEMORY BOX,-13.9,2.0,1.0,1.0,20.85,0.4,0.4,6.95,8.6875,0.00010754497178245812,4584
DCGS0072,20.68,4,3,3,5.17,CAT CAMOUFLAGUE COLLAR,0.0,0.0,0.0,0.0,20.68,0.0,0.0,5.17,6.8933333333333335,0.00010666810630509515,4585
46776a,20.65,5,1,1,4.13,WOVEN BUBBLE GUM CUSHION COVER,0.0,0.0,0.0,0.0,20.65,0.0,0.0,4.13,20.65,0.00010651336533850167,4586
10002R,20.57,4,3,3,5.133333333333333,ROBOT PENCIL SHARPNER,0.0,0.0,0.0,0.0,20.57,0.0,0.0,5.1425,6.8566666666666665,0.00010610072276091911,4587
79172D,20.4,24,4,4,0.85,PURPLE TINT ACRYLIC FLOWER VASE,0.0,0.0,0.0,0.0,20.4,0.0,0.0,0.85,5.1,0.00010522385728355613,4588
85232a,20.34,2,2,2,10.17,SET/3 POLKA DOT STACKING TINS,0.0,0.0,0.0,0.0,20.34,0.0,0.0,10.17,10.17,0.0001049143753503692,4589
47552A,23.4,12,11,11,1.95,DOTS IRONING BOARD COVER,-3.3,2.0,1.0,1.0,20.099999999999998,0.14102564102564102,0.16666666666666666,1.95,2.127272727272727,0.00010367644761762146,4590
84536a,19.970000000000002,25,12,12,0.8033333333333333,ENGLISH ROSE NOTEBOOK A7 SIZE,0.0,0.0,0.0,0.0,19.970000000000002,0.0,0.0,0.7988000000000001,1.6641666666666668,0.00010300590342904981,4591
90082C,19.93,3,3,3,6.6433333333333335,DIAMANTE BOW BROOCH WHITE COLOUR,0.0,0.0,0.0,0.0,19.93,0.0,0.0,6.6433333333333335,6.6433333333333335,0.00010279958214025851,4592
90127A,19.92,14,2,2,1.855,PINK BEADS+HAND PHONE CHARM,0.0,0.0,0.0,0.0,19.92,0.0,0.0,1.422857142857143,9.96,0.0001027480018180607,4596
23646,19.92,8,5,5,2.49,SET 10 CARDS JINGLE BELLS 16957,0.0,0.0,0.0,0.0,19.92,0.0,0.0,2.49,3.9840000000000004,0.0001027480018180607,4595
23601,19.92,8,4,4,2.49,SET 10 CARDS SNOWY SNOWDROPS  17100,0.0,0.0,0.0,0.0,19.92,0.0,0.0,2.49,4.98,0.0001027480018180607,4593
23616,19.92,8,7,7,2.4899999999999998,SET 10 CARDS JINGLE BELLS 17217,0.0,0.0,0.0,0.0,19.92,0.0,0.0,2.49,2.845714285714286,0.0001027480018180607,4594
84570B,19.8,4,2,2,4.95,WHITE SATIN DRESS JEWEL STAND,0.0,0.0,0.0,0.0,19.8,0.0,0.0,4.95,9.9,0.00010212903795168683,4597
37487B,19.72,68,2,2,0.29,YELLOW/ORANGE FLOWER DESIGN PLATE,0.0,0.0,0.0,0.0,19.72,0.0,0.0,0.29,9.86,0.00010171639537410426,4598
44092C,19.55,23,10,10,0.85,PURPLE/COPPER HANGING LAMPSHADE,0.0,0.0,0.0,0.0,19.55,0.0,0.0,0.85,1.955,0.00010083952989674131,4599
20680,19.5,6,5,4,3.25,PINK FLOWERS CHILDS UMBRELLA,0.0,0.0,0.0,0.0,19.5,0.0,0.0,3.25,4.875,0.00010058162828575219,4600
79062D,19.4,52,4,4,0.38,"RETRO TIN ASHTRAY,REVOLUTIONARY",0.0,0.0,0.0,0.0,19.4,0.0,0.0,0.37307692307692303,4.85,0.00010006582506377396,4601
81950V,18.799999999999997,32,11,10,0.6972727272727273,FLOWER PURPLE CLOCK W/SUCKER,0.0,0.0,0.0,0.0,18.799999999999997,0.0,0.0,0.5874999999999999,1.8799999999999997,9.697100573190466e-05,4602
84030B,18.75,5,3,3,3.75,KNITTED POM POM HOT WATER BOTTLE,0.0,0.0,0.0,0.0,18.75,0.0,0.0,3.75,6.25,9.671310412091556e-05,4603
90025D,18.69,5,5,5,3.7380000000000004,BAROQUE BUTTERFLY EARRINGS PINK,0.0,0.0,0.0,0.0,18.69,0.0,0.0,3.7380000000000004,3.7380000000000004,9.640362218772864e-05,4604
84732B,18.48,28,6,6,1.23,CUTE BIRD CEATURE SCREEN,0.0,0.0,0.0,0.0,18.48,0.0,0.0,0.66,3.08,9.532043542157438e-05,4605
84311,18.15,11,1,1,1.65,CAMOFLAGE CUSHION COVER,0.0,0.0,0.0,0.0,18.15,0.0,0.0,1.65,18.15,9.361828478904627e-05,4607
72796A,18.15,11,6,5,1.6499999999999997,S/3 ENGLISH LAVENDER SQU CANDLE,0.0,0.0,0.0,0.0,18.15,0.0,0.0,1.65,3.63,9.361828478904627e-05,4606
84986b,17.88,6,5,5,2.98,SET OF 36 SILVER PAPER DOILIES,0.0,0.0,0.0,0.0,17.88,0.0,0.0,2.98,3.5759999999999996,9.222561608970508e-05,4608
84614C,17.85,3,1,1,5.95,BLUE BAROQUE FLOCK CANDLE HOLDER,0.0,0.0,0.0,0.0,17.85,0.0,0.0,5.95,17.85,9.207087512311162e-05,4609
71050,17.849999999999998,51,8,8,0.35,SMALL SINGLE FLAME CANDLE HOLDER,0.0,0.0,0.0,0.0,17.849999999999998,0.0,0.0,0.35,2.2312499999999997,9.207087512311161e-05,4611
18097B,17.849999999999998,7,4,3,2.55,BLUE TALL PORCELAIN T-LIGHT HOLDER,0.0,0.0,0.0,0.0,17.849999999999998,0.0,0.0,2.55,5.949999999999999,9.207087512311161e-05,4610
21450,77.35,13,3,3,5.95,DISTRESSED CANDLE STICK WHITE,-59.5,10.0,1.0,1.0,17.849999999999994,0.7692307692307693,0.7692307692307693,5.949999999999999,25.78333333333333,9.20708751231116e-05,4612
72801e,17.57,7,4,4,2.51,S/4 FESTIVE GREEN DINNER CANDLES,0.0,0.0,0.0,0.0,17.57,0.0,0.0,2.5100000000000002,4.3925,9.062662610157261e-05,4613
90182B,17.53,6,6,6,2.921666666666667,AMETHYST 3 BEAD DROP EARRINGS,0.0,0.0,0.0,0.0,17.53,0.0,0.0,2.921666666666667,2.921666666666667,9.042030481278133e-05,4614
23627,17.43,7,2,2,2.49,SET 10 CARDS XMAS GRAPHIC  17218,0.0,0.0,0.0,0.0,17.43,0.0,0.0,2.4899999999999998,8.715,8.990450159080311e-05,4615
90077,17.36,6,6,5,2.893333333333333,BLACK DIAMOND CLUSTER EARRINGS,0.0,0.0,0.0,0.0,17.36,0.0,0.0,2.893333333333333,3.472,8.954343933541835e-05,4616
37482b,17.35,1,1,1,17.35,CUBIC MUG BLUE POLKA DOT,0.0,0.0,0.0,0.0,17.35,0.0,0.0,17.35,17.35,8.949185901322054e-05,4617
DCGS0066N,17.3,2,2,2,8.65,NAVY CUDDLES DOG HOODIE,0.0,0.0,0.0,0.0,17.3,0.0,0.0,8.65,8.65,8.923395740223143e-05,4618
DCGS0068,17.12,2,2,2,8.56,DOGS NIGHT COLLAR,0.0,0.0,0.0,0.0,17.12,0.0,0.0,8.56,8.56,8.830551160267064e-05,4620
84796b,17.12,2,2,2,8.56,BLUE SAVANNAH PICNIC HAMPER FOR 2,0.0,0.0,0.0,0.0,17.12,0.0,0.0,8.56,8.56,8.830551160267064e-05,4619
84993b,16.99,20,13,13,0.8492307692307691,75 BLACK PETIT FOUR CASES,0.0,0.0,0.0,0.0,16.99,0.0,0.0,0.8494999999999999,1.3069230769230769,8.763496741409895e-05,4621
72803b,16.94,2,2,1,8.47,OCEAN SCENT CANDLE JEWELLED DRAWER,0.0,0.0,0.0,0.0,16.94,0.0,0.0,8.47,16.94,8.737706580310986e-05,4622
72805,16.9,10,3,3,1.6900000000000002,VANILLA CANDLE IN EMBOSSED ZINC POT,0.0,0.0,0.0,0.0,16.9,0.0,0.0,1.69,5.633333333333333,8.717074451431856e-05,4623
47591c,16.84,4,3,3,4.21,BLUE FAIRY CAKE CHILD'S APRON,0.0,0.0,0.0,0.0,16.84,0.0,0.0,4.21,5.613333333333333,8.686126258113164e-05,4624
37488A,19.770000000000003,31,5,5,1.4140000000000001,YELLOW PINK FLOWER DESIGN BIG BOWL,-2.95,1.0,1.0,1.0,16.820000000000004,0.14921598381385937,0.03225806451612903,0.637741935483871,3.9540000000000006,8.675810193673601e-05,4625
21511,16.8,40,2,2,0.42,VINTAGE COLLAGE  GREETING  CARD ,0.0,0.0,0.0,0.0,16.8,0.0,0.0,0.42000000000000004,8.4,8.665494129234035e-05,4626
44089A,16.8,40,13,13,0.42,PINK GAUZE BUTTERFLY LAMPSHADE,0.0,0.0,0.0,0.0,16.8,0.0,0.0,0.42000000000000004,1.2923076923076924,8.665494129234035e-05,4627
72785A,16.8,8,4,4,2.1,S/4 CONTEMPORY PINK ROSEBUD CANDLES,0.0,0.0,0.0,0.0,16.8,0.0,0.0,2.1,4.2,8.665494129234035e-05,4628
23644,16.65,5,5,5,3.3299999999999996,SET 10 CARDS CHRISTMAS TREE 16955,0.0,0.0,0.0,0.0,16.65,0.0,0.0,3.3299999999999996,3.3299999999999996,8.588123645937302e-05,4629
84031b,16.63,1,1,1,16.63,CHARLIE LOLA BLUE HOT WATER BOTTLE ,0.0,0.0,0.0,0.0,16.63,0.0,0.0,16.63,16.63,8.577807581497737e-05,4631
84031a,16.63,1,1,1,16.63,CHARLIE+LOLA RED HOT WATER BOTTLE ,0.0,0.0,0.0,0.0,16.63,0.0,0.0,16.63,16.63,8.577807581497737e-05,4630
85036a,16.58,2,1,1,8.29,GARDENIA 1 WICK MORRIS BOXED CANDLE,0.0,0.0,0.0,0.0,16.58,0.0,0.0,8.29,16.58,8.552017420398827e-05,4632
10124G,16.38,38,11,10,0.4581818181818182,ARMY CAMO BOOKCOVER TAPE,0.0,0.0,0.0,0.0,16.38,0.0,0.0,0.43105263157894735,1.638,8.448856776003184e-05,4633
85160b,16.13,1,1,1,16.13,BLACK BIRD GARDEN DESIGN MUG,0.0,0.0,0.0,0.0,16.13,0.0,0.0,16.13,16.13,8.31990597050863e-05,4635
47503J ,16.13,1,1,1,16.13,SET/3 FLORAL GARDEN TOOLS IN BAG,0.0,0.0,0.0,0.0,16.13,0.0,0.0,16.13,16.13,8.31990597050863e-05,4634
90102,16.11,19,4,4,0.845,WHITE FRANGIPANI HAIR CLIP,0.0,0.0,0.0,0.0,16.11,0.0,0.0,0.8478947368421053,4.0275,8.309589906069064e-05,4636
62074B,15.96,38,13,12,0.42,ELEPHANT CLIP W SUCTION CUP,0.0,0.0,0.0,0.0,15.96,0.0,0.0,0.42000000000000004,1.33,8.232219422772333e-05,4637
84630,15.9,2,1,1,7.95,FLOWERS AND BIRDS WALL PLAQUE,0.0,0.0,0.0,0.0,15.9,0.0,0.0,7.95,15.9,8.201271229453641e-05,4638
84250M,15.899999999999999,28,13,13,0.7992307692307693,"GREETING CARD, BLACKPOOL ROCK",0.0,0.0,0.0,0.0,15.899999999999999,0.0,0.0,0.5678571428571428,1.223076923076923,8.20127122945364e-05,4639
35932,15.629999999999999,37,10,10,0.537,PINK CHRISTMAS TREE DECORATION,0.0,0.0,0.0,0.0,15.629999999999999,0.0,0.0,0.4224324324324324,1.563,8.06200435951952e-05,4640
84912a,15.56,2,1,1,7.78,PINK ROSE WASHBAG,0.0,0.0,0.0,0.0,15.56,0.0,0.0,7.78,15.56,8.025898133981047e-05,4641
21560,15.44,4,4,4,3.86,TOADSTOOL  LUNCHBOX WITH CUTLERY,0.0,0.0,0.0,0.0,15.44,0.0,0.0,3.86,3.86,7.96400174734366e-05,4642
21853,15.399999999999999,3,3,3,5.133333333333333,GUMBALL CUSTOM CARS TOP TRUMPS GAME,0.0,0.0,0.0,0.0,15.399999999999999,0.0,0.0,5.133333333333333,5.133333333333333,7.943369618464532e-05,4643
37481,15.3,6,1,1,2.55,CUBIC MUG TEATIME CAKES,0.0,0.0,0.0,0.0,15.3,0.0,0.0,2.5500000000000003,15.3,7.891789296266711e-05,4644
84509e,15.24,2,1,1,7.62,SET OF 4 CAROUSEL PLACEMATS ,0.0,0.0,0.0,0.0,15.24,0.0,0.0,7.62,15.24,7.860841102948018e-05,4645
85124c,15.18,3,2,2,5.06,GREEN JUICY FRUIT PHOTO FRAME,0.0,0.0,0.0,0.0,15.18,0.0,0.0,5.06,7.59,7.829892909629324e-05,4646
17174,15.120000000000001,36,7,7,0.42,ASSTD RASTA KEY-CHAINS,0.0,0.0,0.0,0.0,15.120000000000001,0.0,0.0,0.42000000000000004,2.16,7.798944716310631e-05,4647
m,15.049999999999999,5,5,4,3.01,Manual,0.0,0.0,0.0,0.0,15.049999999999999,0.0,0.0,3.01,3.7624999999999997,7.762838490772156e-05,4648
84206A,15.01,79,10,9,0.19,3 BLACK CATS W HEARTS BLANK CARD,0.0,0.0,0.0,0.0,15.01,0.0,0.0,0.19,1.6677777777777778,7.742206361893027e-05,4649
23449,15.0,12,1,1,1.25,SET OF 6 EASTER RAINBOW CHICKS,0.0,0.0,0.0,0.0,15.0,0.0,0.0,1.25,15.0,7.737048329673245e-05,4650
90068,15.0,2,2,2,7.5,"RUBY GLASS NECKLACE 42""",0.0,0.0,0.0,0.0,15.0,0.0,0.0,7.5,7.5,7.737048329673245e-05,4651
23621,14.940000000000001,6,4,4,2.49,SET 10 CARDS DAVID'S MADONNA 17074,0.0,0.0,0.0,0.0,14.940000000000001,0.0,0.0,2.49,3.7350000000000003,7.706100136354553e-05,4652
84509g,14.92,2,2,2,7.46,SET OF 4 FAIRY CAKE PLACEMATS ,0.0,0.0,0.0,0.0,14.92,0.0,0.0,7.46,7.46,7.695784071914988e-05,4653
35650,14.850000000000001,3,3,3,4.95,VINTAGE BEAD PINK JEWEL STAND,0.0,0.0,0.0,0.0,14.850000000000001,0.0,0.0,4.95,4.95,7.659677846376514e-05,4654
84567,14.85,9,1,1,1.65,FROSTED GLASS WITH SILVER SURROUND,0.0,0.0,0.0,0.0,14.85,0.0,0.0,1.65,14.85,7.659677846376513e-05,4655
90011D,14.75,5,5,5,2.95,PURPLE CRYSTAL DROP EARRINGS,0.0,0.0,0.0,0.0,14.75,0.0,0.0,2.95,2.95,7.608097524178691e-05,4656
SP1002,14.75,5,2,2,2.95,KID'S CHALKBOARD/EASEL,0.0,0.0,0.0,0.0,14.75,0.0,0.0,2.95,7.375,7.608097524178691e-05,4657
23634,14.55,5,5,5,2.91,SET 10 CARDS XMAS CHOIR 17068,0.0,0.0,0.0,0.0,14.55,0.0,0.0,2.91,2.91,7.504936879783048e-05,4658
84868A,13.9,2,2,2,6.95,PINK BABY GIRL'S MEMORY BOX,0.0,0.0,0.0,0.0,13.9,0.0,0.0,6.95,6.95,7.169664785497207e-05,4660
21852,13.9,2,2,2,6.95,EMPIRE TEDDY,0.0,0.0,0.0,0.0,13.9,0.0,0.0,6.95,6.95,7.169664785497207e-05,4659
84406b,13.82,2,2,2,6.91,CREAM CUPID HEARTS COAT HANGER,0.0,0.0,0.0,0.0,13.82,0.0,0.0,6.91,6.91,7.12840052773895e-05,4661
16245A,13.75,11,7,7,1.25,PINK MINI STATIONERY SET W CASE,0.0,0.0,0.0,0.0,13.75,0.0,0.0,1.25,1.9642857142857142,7.092294302200475e-05,4662
35597A,13.75,11,5,4,1.25,DUSTY PINK CHRISTMAS TREE 30CM,0.0,0.0,0.0,0.0,13.75,0.0,0.0,1.25,3.4375,7.092294302200475e-05,4663
35936,13.68,36,9,9,0.38,CERISE+GOLD CHRISTMAS TREE DEC,0.0,0.0,0.0,0.0,13.68,0.0,0.0,0.38,1.52,7.056188076662e-05,4664
84814B,13.65,7,3,3,1.95,RHOMBUS CRYSTAL PERFUME BOTTLE,0.0,0.0,0.0,0.0,13.65,0.0,0.0,1.95,4.55,7.040713980002653e-05,4665
35443,13.6,16,10,10,0.85,RASTA IN BATH W SPLIFF ASHTRAY,0.0,0.0,0.0,0.0,13.6,0.0,0.0,0.85,1.3599999999999999,7.014923818903742e-05,4666
79342b,13.57,1,1,1,13.57,BROWN FLOWER LIGHTS,0.0,0.0,0.0,0.0,13.57,0.0,0.0,13.57,13.57,6.999449722244396e-05,4667
84867a,13.57,1,1,1,13.57,PINK BABY GIRLS PHOTO ALBUM,0.0,0.0,0.0,0.0,13.57,0.0,0.0,13.57,13.57,6.999449722244396e-05,4668
85039b,13.44,4,1,1,3.36,S/4 IVORY MINI ROSE CANDLE IN BOWL,0.0,0.0,0.0,0.0,13.44,0.0,0.0,3.36,13.44,6.932395303387228e-05,4669
62097B,13.370000000000001,11,4,4,1.36,BLUE STRIPES SHOULDER BAG,0.0,0.0,0.0,0.0,13.370000000000001,0.0,0.0,1.2154545454545456,3.3425000000000002,6.896289077848753e-05,4670
23639,13.32,4,4,4,3.33,SET 10 CARDS MAGICAL TREE 17086,0.0,0.0,0.0,0.0,13.32,0.0,0.0,3.33,3.33,6.870498916749842e-05,4671
23607,13.28,8,7,7,1.66,SET 10 CARDS HATS & STOCKINGS 17081,0.0,0.0,0.0,0.0,13.28,0.0,0.0,1.66,1.897142857142857,6.849866787870713e-05,4672
85159b,13.0,1,1,1,13.0,"WHITE TEA,COFFEE,SUGAR JARS",0.0,0.0,0.0,0.0,13.0,0.0,0.0,13.0,13.0,6.705441885716812e-05,4674
35004s,13.0,1,1,1,13.0,SET OF 3 SILVER FLYING DUCKS,0.0,0.0,0.0,0.0,13.0,0.0,0.0,13.0,13.0,6.705441885716812e-05,4673
16192,12.9,3,1,1,4.3,PINK BALLET OPENING CUBE BOX ,0.0,0.0,0.0,0.0,12.9,0.0,0.0,4.3,12.9,6.653861563518991e-05,4675
78056,29.849999999999998,3,2,2,9.95,CAMOUFLAGE BACKPACK ON WHEELS,-17.0,2.0,2.0,2.0,12.849999999999998,0.5695142378559465,0.6666666666666666,9.95,14.924999999999999,6.628071402420079e-05,4676
84989b,12.8,10,6,6,1.28,75 BLACK FAIRY CAKE CASES,0.0,0.0,0.0,0.0,12.8,0.0,0.0,1.28,2.1333333333333333,6.60228124132117e-05,4677
84247J,12.780000000000001,10,9,9,1.3244444444444445,PACK/12 RUSSIAN DOLL CARDS,0.0,0.0,0.0,0.0,12.780000000000001,0.0,0.0,1.278,1.4200000000000002,6.591965176881606e-05,4678
84648,12.75,1,1,1,12.75,NEW BAROQUE WALL MIRROR,0.0,0.0,0.0,0.0,12.75,0.0,0.0,12.75,12.75,6.576491080222259e-05,4683
72752B,12.75,3,2,2,4.25,"F.FAIRY,CANDLE IN GLASS,LAVENDER",0.0,0.0,0.0,0.0,12.75,0.0,0.0,4.25,6.375,6.576491080222259e-05,4682
21772,12.75,1,1,1,12.75,VINTAGE METAL CAKE STAND CREAM ,0.0,0.0,0.0,0.0,12.75,0.0,0.0,12.75,12.75,6.576491080222259e-05,4680
44092B,12.75,15,6,6,0.85,BLUE WHITE PLASTIC RINGS LAMPSHADE,0.0,0.0,0.0,0.0,12.75,0.0,0.0,0.85,2.125,6.576491080222259e-05,4681
20812,12.75,5,3,3,2.55,EMBOSSED FLOWER TRELLIS PHOTO FRAME,0.0,0.0,0.0,0.0,12.75,0.0,0.0,2.55,4.25,6.576491080222259e-05,4679
DCGS0075,12.72,1,1,1,12.72,CAMOUFLAGUE DOG LEAD,0.0,0.0,0.0,0.0,12.72,0.0,0.0,12.72,12.72,6.561016983562913e-05,4687
85157,12.72,1,1,1,12.72,SET OF 2 CHESTS CHOCOLAT AU LAIT,0.0,0.0,0.0,0.0,12.72,0.0,0.0,12.72,12.72,6.561016983562913e-05,4685
DCGS0037,12.72,1,1,1,12.72,KEY-RING CORKSCREW,0.0,0.0,0.0,0.0,12.72,0.0,0.0,12.72,12.72,6.561016983562913e-05,4686
35004p,12.72,1,1,1,12.72,SET OF 3 PINK FLYING DUCKS,0.0,0.0,0.0,0.0,12.72,0.0,0.0,12.72,12.72,6.561016983562913e-05,4684
35751C,12.61,31,2,2,0.47,PURPLE CURRENT CANDLE RING,0.0,0.0,0.0,0.0,12.61,0.0,0.0,0.40677419354838706,6.305,6.504278629145308e-05,4688
79149B,12.6,30,13,12,0.42,SILICON STAR BULB  BLUE,0.0,0.0,0.0,0.0,12.6,0.0,0.0,0.42,1.05,6.499120596925526e-05,4689
23635,12.48,3,3,3,4.16,SET 10 CARDS CHRISTMAS HOLLY  17259,0.0,0.0,0.0,0.0,12.48,0.0,0.0,4.16,4.16,6.43722421028814e-05,4690
23654,12.450000000000001,5,4,4,2.49,SET 10 CARD SNOWMAN 16965,0.0,0.0,0.0,0.0,12.450000000000001,0.0,0.0,2.49,3.1125000000000003,6.421750113628794e-05,4691
84596g,12.399999999999999,5,2,2,2.485,SMALL CHOCOLATES PINK BOWL,0.0,0.0,0.0,0.0,12.399999999999999,0.0,0.0,2.4799999999999995,6.199999999999999,6.395959952529882e-05,4692
90000C,12.32,2,2,2,6.16,OPAL WHITE/SILVER FLOWER NECKLACE,0.0,0.0,0.0,0.0,12.32,0.0,0.0,6.16,6.16,6.354695694771626e-05,4693
44242A,11.98,14,2,2,1.02,LILAC FEATHERS CURTAIN,0.0,0.0,0.0,0.0,11.98,0.0,0.0,0.8557142857142858,5.99,6.179322599299032e-05,4694
22206,11.82,14,10,10,0.842,"MUG , DOTCOMGIFTSHOP.COM ",0.0,0.0,0.0,0.0,11.82,0.0,0.0,0.8442857142857143,1.182,6.0967940837825176e-05,4695
85179a,11.780000000000001,2,2,2,5.890000000000001,GREEN BITTY LIGHT CHAIN,0.0,0.0,0.0,0.0,11.780000000000001,0.0,0.0,5.890000000000001,5.890000000000001,6.076161954903389e-05,4696
23608,11.64,4,3,3,2.91,SET 10 CARDS RUDOLPHS NOSE 17097,0.0,0.0,0.0,0.0,11.64,0.0,0.0,2.91,3.8800000000000003,6.003949503826439e-05,4698
23605,11.64,4,1,1,2.91,SET 10 CARDS 12 DAYS OF XMAS 17059,0.0,0.0,0.0,0.0,11.64,0.0,0.0,2.91,11.64,6.003949503826439e-05,4697
90025B,11.29,3,3,3,3.763333333333333,BAROQUE BUTTERFLY EARRINGS RED,0.0,0.0,0.0,0.0,11.29,0.0,0.0,3.763333333333333,3.763333333333333,5.8234183761340615e-05,4699
79070b,11.26,1,1,1,11.26,ENGLISH ROSE SQUARE CAKE TINS,0.0,0.0,0.0,0.0,11.26,0.0,0.0,11.26,11.26,5.807944279474716e-05,4700
84743C,11.25,9,5,5,1.25,ORANGE FELT VASE + FLOWERS,0.0,0.0,0.0,0.0,11.25,0.0,0.0,1.25,2.25,5.802786247254934e-05,4704
51012L,12.5,10,6,6,1.25,"FEATHER DUSTER, LIGHT PINK",-1.25,1.0,1.0,1.0,11.25,0.1,0.1,1.25,2.0833333333333335,5.802786247254934e-05,4702
35918B,12.5,10,5,5,1.25,BLUE FLORIBUNDA EGG WARMER,-1.25,1.0,1.0,1.0,11.25,0.1,0.1,1.25,2.5,5.802786247254934e-05,4701
84366,11.25,3,3,3,3.75,VENDETTA CANVAS PICTURE,0.0,0.0,0.0,0.0,11.25,0.0,0.0,3.75,3.75,5.802786247254934e-05,4703
17011B,11.100000000000001,19,2,2,1.2,ORIGAMI JASMINE INCENSE+FLOWER ,0.0,0.0,0.0,0.0,11.100000000000001,0.0,0.0,0.5842105263157895,5.550000000000001,5.725415763958203e-05,4705
47590a,11.02,1,1,1,11.02,BLUE HAPPY BIRTHDAY BUNTING,0.0,0.0,0.0,0.0,11.02,0.0,0.0,11.02,11.02,5.684151506199944e-05,4706
72785B,10.9,9,3,3,1.5666666666666667,S/4 CONTEMPORY RED ROSEBUD CANDLES,0.0,0.0,0.0,0.0,10.9,0.0,0.0,1.2111111111111112,3.6333333333333333,5.6222551195625585e-05,4707
84732D,10.89,15,6,6,1.23,CUTE RABBIT CEATURE SCREEN ,0.0,0.0,0.0,0.0,10.89,0.0,0.0,0.7260000000000001,1.8150000000000002,5.617097087342776e-05,4708
84536b,10.530000000000001,13,5,4,0.8100000000000002,FAIRY CAKES NOTEBOOK A7 SIZE,0.0,0.0,0.0,0.0,10.530000000000001,0.0,0.0,0.81,2.6325000000000003,5.431407927430619e-05,4709
16169G,10.5,25,1,1,0.42,WRAP ROMANTIC DECOUPAGE,0.0,0.0,0.0,0.0,10.5,0.0,0.0,0.42,10.5,5.4159338307712717e-05,4711
16169A,10.5,25,1,1,0.42,WRAP CHRISTMAS DECOUPAGE,0.0,0.0,0.0,0.0,10.5,0.0,0.0,0.42,10.5,5.4159338307712717e-05,4710
17084G,10.5,50,2,2,0.21,MOON INCENSE,0.0,0.0,0.0,0.0,10.5,0.0,0.0,0.21,5.25,5.4159338307712717e-05,4712
21857,10.23,2,2,2,5.115,STAR WARS TOP TRUMPS GAME,0.0,0.0,0.0,0.0,10.23,0.0,0.0,5.115,5.115,5.276666960837154e-05,4713
85124b,10.23,2,2,2,5.115,BLUE JUICY FRUIT PHOTO FRAME,0.0,0.0,0.0,0.0,10.23,0.0,0.0,5.115,5.115,5.276666960837154e-05,4715
21858,10.23,2,2,2,5.115,HIGH SCHOOL MUSICAL 3 TOP TRUMPS ,0.0,0.0,0.0,0.0,10.23,0.0,0.0,5.115,5.115,5.276666960837154e-05,4714
20939,10.2,12,1,1,0.85,ORANGE CANDLE,0.0,0.0,0.0,0.0,10.2,0.0,0.0,0.85,10.2,5.261192864177807e-05,4716
85232d,10.17,1,1,1,10.17,SET/3 DECOUPAGE STACKING TINS,0.0,0.0,0.0,0.0,10.17,0.0,0.0,10.17,10.17,5.24571876751846e-05,4717
90214W,10.17,19,8,8,0.8724999999999999,"LETTER ""W"" BLING KEY RING",0.0,0.0,0.0,0.0,10.17,0.0,0.0,0.5352631578947369,1.27125,5.24571876751846e-05,4718
84661c,10.12,2,2,2,5.06,PINK SQUARE TABLE CLOCK,0.0,0.0,0.0,0.0,10.12,0.0,0.0,5.06,5.06,5.219928606419549e-05,4719
84661a,10.02,2,2,2,5.01,WHITE SQUARE TABLE CLOCK,0.0,0.0,0.0,0.0,10.02,0.0,0.0,5.01,5.01,5.168348284221728e-05,4720
23615,9.96,4,4,4,2.49,SET 10 CARDS PRINTED GRAPHIC 17219,0.0,0.0,0.0,0.0,9.96,0.0,0.0,2.49,2.49,5.137400090903035e-05,4721
23624,9.96,4,4,4,2.49,SET 10 CARD PERFECT NATIVITY 17089,0.0,0.0,0.0,0.0,9.96,0.0,0.0,2.49,2.49,5.137400090903035e-05,4723
23650,9.96,4,4,4,2.49,SET 10 CARDS FILIGREE BAUBLE 16961,0.0,0.0,0.0,0.0,9.96,0.0,0.0,2.49,2.49,5.137400090903035e-05,4724
23619,9.96,4,2,2,2.49,SET 10 CARDS POINSETTIA 17093,0.0,0.0,0.0,0.0,9.96,0.0,0.0,2.49,4.98,5.137400090903035e-05,4722
84971s,9.959999999999999,6,3,3,1.66,SMALL HEART FLOWERS HOOK ,0.0,0.0,0.0,0.0,9.959999999999999,0.0,0.0,1.66,3.32,5.137400090903035e-05,4726
84534b,9.959999999999999,6,5,4,1.6599999999999997,FAIRY CAKE NOTEBOOK A5 SIZE,0.0,0.0,0.0,0.0,9.959999999999999,0.0,0.0,1.66,2.4899999999999998,5.137400090903035e-05,4725
85049b,9.94,4,3,3,2.4766666666666666,LUSH GREENS RIBBONS,0.0,0.0,0.0,0.0,9.94,0.0,0.0,2.485,3.313333333333333,5.1270840264634695e-05,4727
85231g,9.78,6,6,6,1.63,ORANGE SCENTED SET/9 T-LIGHTS,0.0,0.0,0.0,0.0,9.78,0.0,0.0,1.63,1.63,5.0445555109469556e-05,4728
81953P,9.57,33,6,6,0.52,ROUND ARTICULATED PINK CLOCK W/SUCK,0.0,0.0,0.0,0.0,9.57,0.0,0.0,0.29000000000000004,1.595,4.93623683433153e-05,4729
23441,9.24,22,3,3,0.42,HAND PAINTED HANGING EASTER EGG,0.0,0.0,0.0,0.0,9.24,0.0,0.0,0.42,3.08,4.766021771078719e-05,4730
72708,9.24,44,5,5,0.21000000000000002,SCULPTED ROUND IVORY CANDLE ,0.0,0.0,0.0,0.0,9.24,0.0,0.0,0.21,1.848,4.766021771078719e-05,4731
90184c,9.15,1,1,1,9.15,BLACK CHUNKY BEAD BRACELET W STRAP,0.0,0.0,0.0,0.0,9.15,0.0,0.0,9.15,9.15,4.71959948110068e-05,4732
35598C,8.850000000000001,3,3,3,2.9500000000000006,WHITE CHRISTMAS TREE 60CM,0.0,0.0,0.0,0.0,8.850000000000001,0.0,0.0,2.9500000000000006,2.9500000000000006,4.5648585145072154e-05,4735
62097A,8.850000000000001,3,3,3,2.9500000000000006,PINK STRIPES SHOULDER BAG,0.0,0.0,0.0,0.0,8.850000000000001,0.0,0.0,2.9500000000000006,2.9500000000000006,4.5648585145072154e-05,4736
18098B,8.850000000000001,3,3,3,2.9500000000000006,BLUE PORCELAIN B'FLY OIL BURNER,0.0,0.0,0.0,0.0,8.850000000000001,0.0,0.0,2.9500000000000006,2.9500000000000006,4.5648585145072154e-05,4733
20882,8.850000000000001,3,2,2,2.95,MODERN CHRISTMAS TREE CANDLE,0.0,0.0,0.0,0.0,8.850000000000001,0.0,0.0,2.9500000000000006,4.425000000000001,4.5648585145072154e-05,4734
71496B,8.67,15,6,6,0.59,A4 WALL TIDY RED FLOWERS,0.0,0.0,0.0,0.0,8.67,0.0,0.0,0.578,1.445,4.472013934551136e-05,4737
21406,8.65,1,1,1,8.65,SPOTTY CAT DOORSTOP ,0.0,0.0,0.0,0.0,8.65,0.0,0.0,8.65,8.65,4.4616978701115716e-05,4739
20739,8.65,1,1,1,8.65,*USB Office Glitter Lamp,0.0,0.0,0.0,0.0,8.65,0.0,0.0,8.65,8.65,4.4616978701115716e-05,4738
90013E,8.57,2,2,2,4.285,AMBER VINTAGE EARRINGS ,0.0,0.0,0.0,0.0,8.57,0.0,0.0,4.285,4.285,4.4204336123533147e-05,4740
79323B,1565.7,242,58,58,7.727241379310345,BLACK CHERRY LIGHTS,-1557.2,248.0,51.0,51.0,8.5,0.99457111834962,1.024793388429752,6.469834710743802,26.9948275862069,4.384327386814839e-05,4741
84572,8.49,1,1,1,8.49,6 HOOK JEWEL STAND LILAC DRESS,0.0,0.0,0.0,0.0,8.49,0.0,0.0,8.49,8.49,4.379169354595057e-05,4742
90126B,8.48,3,3,3,2.8266666666666667,BLUE BERTIE MOBILE PHONE CHARM,0.0,0.0,0.0,0.0,8.48,0.0,0.0,2.8266666666666667,2.8266666666666667,4.3740113223752746e-05,4743
84030b,8.46,1,1,1,8.46,KNITTED POM POM HOT WATER BOTTLE,0.0,0.0,0.0,0.0,8.46,0.0,0.0,8.46,8.46,4.363695257935711e-05,4744
23612,8.299999999999999,5,2,2,1.66,SET 10 MINICARDS CUTE SNOWMAN 17071,0.0,0.0,0.0,0.0,8.299999999999999,0.0,0.0,1.6599999999999997,4.1499999999999995,4.281166742419195e-05,4745
72802c,8.29,1,1,1,8.29,VANILLA SCENT CANDLE JEWELLED BOX,0.0,0.0,0.0,0.0,8.29,0.0,0.0,8.29,8.29,4.276008710199413e-05,4746
85034b,8.29,1,1,1,8.29,3 WHITE CHOC MORRIS BOXED CANDLES,0.0,0.0,0.0,0.0,8.29,0.0,0.0,8.29,8.29,4.276008710199413e-05,4747
84029c,7.78,1,1,1,7.78,BROWN FURRY HOT WATER BOTTLE,0.0,0.0,0.0,0.0,7.78,0.0,0.0,7.78,7.78,4.0129490669905234e-05,4748
44091A,7.56,18,6,6,0.42,BLUE CRUSOE CHECK LAMPSHADE,0.0,0.0,0.0,0.0,7.56,0.0,0.0,0.42,1.26,3.8994723581553154e-05,4749
82011E,7.5,2,2,2,3.75,"BATHROOM SCALES, FAG BREAK",0.0,0.0,0.0,0.0,7.5,0.0,0.0,3.75,3.75,3.868524164836623e-05,4751
90025A,7.5,2,2,2,3.75,BAROQUE BUTTERFLY EARRINGS BLACK,0.0,0.0,0.0,0.0,7.5,0.0,0.0,3.75,3.75,3.868524164836623e-05,4752
46037A,7.5,6,2,2,1.25,PINK CANVAS DES CUSHION COVER ,0.0,0.0,0.0,0.0,7.5,0.0,0.0,1.25,3.75,3.868524164836623e-05,4750
82613a,7.4799999999999995,3,3,3,2.493333333333333,"METAL SIGN,CUPCAKE SINGLE HOOK",0.0,0.0,0.0,0.0,7.4799999999999995,0.0,0.0,2.493333333333333,2.493333333333333,3.858208100397058e-05,4753
23633,7.470000000000001,3,3,3,2.49,SET 10 CARDS WORLD CHILDREN 17067,0.0,0.0,0.0,0.0,7.470000000000001,0.0,0.0,2.49,2.49,3.853050068177277e-05,4754
84201B,7.41,39,8,8,0.19,HAPPY BIRTHDAY CARD STRIPEY TEDDY,0.0,0.0,0.0,0.0,7.41,0.0,0.0,0.19,0.92625,3.822101874858583e-05,4755
90111,7.35,7,6,6,1.05,BLUE HIBISCUS  HAIR CLIP,0.0,0.0,0.0,0.0,7.35,0.0,0.0,1.05,1.2249999999999999,3.79115368153989e-05,4756
85230C,6.959999999999999,24,1,1,0.29,ROSE SCENTED VOTIVE CANDLE,0.0,0.0,0.0,0.0,6.959999999999999,0.0,0.0,0.29,6.959999999999999,3.5899904249683855e-05,4757
85230D,6.959999999999999,24,1,1,0.29,VANILLA SCENTED VOTIVE CANDLE,0.0,0.0,0.0,0.0,6.959999999999999,0.0,0.0,0.29,6.959999999999999,3.5899904249683855e-05,4758
84705b,6.86,2,2,2,3.43,FAIRY CAKES PHOTO FRAME,0.0,0.0,0.0,0.0,6.86,0.0,0.0,3.43,3.43,3.538410102770564e-05,4759
37484,6.75,1,1,1,6.75,ENGLISH ROSE TEA FOR ONE GIFT BOX,0.0,0.0,0.0,0.0,6.75,0.0,0.0,6.75,6.75,3.48167174835296e-05,4760
48173A,6.75,1,1,1,6.75,DOOR MAT BLUE FLOCK,0.0,0.0,0.0,0.0,6.75,0.0,0.0,6.75,6.75,3.48167174835296e-05,4761
85185E,11.8,4,2,2,2.95,DUCK SOCK PUPPET,-5.1,2.0,1.0,1.0,6.700000000000001,0.43220338983050843,0.5,2.95,5.9,3.45588158725405e-05,4762
23604,6.640000000000001,4,2,2,1.66,SET 10 MINI SANTA & SNOWMAN  17087,0.0,0.0,0.0,0.0,6.640000000000001,0.0,0.0,1.6600000000000001,3.3200000000000003,3.424933393935357e-05,4763
20678,6.6,4,1,1,1.65,LARGE BLACK DIAMANTE HAIRSLIDE,0.0,0.0,0.0,0.0,6.6,0.0,0.0,1.65,6.6,3.404301265056228e-05,4764
20858,6.6,4,1,1,1.65,SILVER PURSE GOLD PINK BUTTERFLY,0.0,0.0,0.0,0.0,6.6,0.0,0.0,1.65,6.6,3.404301265056228e-05,4765
85231b,6.58,4,4,4,1.645,CINAMMON SET OF 9 T-LIGHTS,0.0,0.0,0.0,0.0,6.58,0.0,0.0,1.645,1.645,3.3939852006166636e-05,4766
20884,6.300000000000001,3,3,3,2.1,MODERN CHRISTMAS TREE CANDLE ,0.0,0.0,0.0,0.0,6.300000000000001,0.0,0.0,2.1,2.1,3.2495602984627635e-05,4767
79140,6.3,15,2,2,0.42,ASS WINDPROOF MARIJUANA LIGHTERS,0.0,0.0,0.0,0.0,6.3,0.0,0.0,0.42,3.15,3.249560298462763e-05,4768
37408,6.25,5,1,1,1.25,ASSORTED DESIGN GEISHA GIRL MUGS,0.0,0.0,0.0,0.0,6.25,0.0,0.0,1.25,6.25,3.223770137363852e-05,4771
20673,6.25,5,2,2,1.25,STRAWBERRIES PRINT BOWL,0.0,0.0,0.0,0.0,6.25,0.0,0.0,1.25,3.125,3.223770137363852e-05,4769
82072,6.25,5,3,3,1.25,WHITE WOOD SINGLE P/FRAME,0.0,0.0,0.0,0.0,6.25,0.0,0.0,1.25,2.0833333333333335,3.223770137363852e-05,4772
20942,7.5,6,4,4,1.25,SET/6 GINGERBREAD TREE T-LIGHTS,-1.25,1.0,1.0,1.0,6.25,0.16666666666666666,0.16666666666666666,1.25,1.875,3.223770137363852e-05,4770
23610,6.24,3,3,3,2.08,SET 10 CARDS CHRISTMAS ROBIN 17095,0.0,0.0,0.0,0.0,6.24,0.0,0.0,2.08,2.08,3.21861210514407e-05,4773
79051a,6.04,1,1,1,6.04,SMOKEY GREY COLOUR D.O.F. GLASS,0.0,0.0,0.0,0.0,6.04,0.0,0.0,6.04,6.04,3.115451460748427e-05,4774
85123b,6.04,1,1,1,6.04,ZINC HANGING HEART T-LITE HLDR,0.0,0.0,0.0,0.0,6.04,0.0,0.0,6.04,6.04,3.115451460748427e-05,4775
85077,5.95,1,1,1,5.95,KISSING REINDEER TABLE RUNNER,0.0,0.0,0.0,0.0,5.95,0.0,0.0,5.95,5.95,3.069029170770387e-05,4779
72751C,5.95,1,1,1,5.95,"F.FAIRY S/3 SML CANDLE, ROSE",0.0,0.0,0.0,0.0,5.95,0.0,0.0,5.95,5.95,3.069029170770387e-05,4778
72751A,5.95,1,1,1,5.95,"F.FAIRY S/3 SML CANDLE,LILY/VALLEY",0.0,0.0,0.0,0.0,5.95,0.0,0.0,5.95,5.95,3.069029170770387e-05,4776
72751B,5.95,1,1,1,5.95,"F.FAIRY S/3 SML CANDLE, LAVENDER",0.0,0.0,0.0,0.0,5.95,0.0,0.0,5.95,5.95,3.069029170770387e-05,4777
37409,5.949999999999999,7,3,3,0.85,ASSORTED DESIGN FLOWER MUGS,0.0,0.0,0.0,0.0,5.949999999999999,0.0,0.0,0.8499999999999999,1.9833333333333332,3.069029170770387e-05,4780
85184d,5.91,1,1,1,5.91,S/4 BLUE ROUND DECOUPAGE BOXES,0.0,0.0,0.0,0.0,5.91,0.0,0.0,5.91,5.91,3.0483970418912588e-05,4781
35823P,5.9,2,2,2,2.95,"ACRYLIC BEAD GARLAND,PINK",0.0,0.0,0.0,0.0,5.9,0.0,0.0,2.95,2.95,3.0432390096714764e-05,4784
18098A,5.9,2,2,2,2.95,PINK PORCELAIN B'FLY OIL BURNER,0.0,0.0,0.0,0.0,5.9,0.0,0.0,2.95,2.95,3.0432390096714764e-05,4782
35821P,5.9,2,2,2,2.95,"JEWELLED DECORATION,PINK",0.0,0.0,0.0,0.0,5.9,0.0,0.0,2.95,2.95,3.0432390096714764e-05,4783
79303A,5.9,2,1,1,2.95,WHITE ROHMBIC BLOCK TABLE LAMP,0.0,0.0,0.0,0.0,5.9,0.0,0.0,2.95,5.9,3.0432390096714764e-05,4785
35051B,5.88,14,2,2,0.42,PINK BEADED CONE CHRISTMAS,0.0,0.0,0.0,0.0,5.88,0.0,0.0,0.42,2.94,3.032922945231912e-05,4786
85186B,5.88,14,2,2,0.42,BUNNY BUNCH OF FLOWERS,0.0,0.0,0.0,0.0,5.88,0.0,0.0,0.42,2.94,3.032922945231912e-05,4787
23652,5.82,2,1,1,2.91,SET 10 CARD CHRISTMAS STAMPS 16963,0.0,0.0,0.0,0.0,5.82,0.0,0.0,2.91,5.82,3.0019747519132194e-05,4790
23638,5.82,2,2,2,2.91,SET 10 CARDS ROBIN WATERPUMP  17096,0.0,0.0,0.0,0.0,5.82,0.0,0.0,2.91,2.91,3.0019747519132194e-05,4789
23617,5.82,2,1,1,2.91,SET 10 CARDS SWIRLY XMAS TREE 17104,0.0,0.0,0.0,0.0,5.82,0.0,0.0,2.91,5.82,3.0019747519132194e-05,4788
35537,5.46,13,3,3,0.42,CANDLE RING W/CLEAR BEADS,0.0,0.0,0.0,0.0,5.46,0.0,0.0,0.42,1.82,2.816285592001061e-05,4791
21838,5.45,1,1,1,5.45,DADDY MOUSE RED GINGHAM BOW TIE,0.0,0.0,0.0,0.0,5.45,0.0,0.0,5.45,5.45,2.8111275597812792e-05,4792
35751D,5.32,28,1,1,0.19,PINK CURRENT CANDLE RING,0.0,0.0,0.0,0.0,5.32,0.0,0.0,0.19,5.32,2.744073140924111e-05,4793
16010,5.279999999999999,44,5,4,0.12,FOLDING CAMPING SCISSOR W/KNIF & S,0.0,0.0,0.0,0.0,5.279999999999999,0.0,0.0,0.11999999999999998,1.3199999999999998,2.723441012044982e-05,4794
16215,5.2,8,3,3,0.65,FUNKY GIRLZ MAGNETIC TO DO LIST ,0.0,0.0,0.0,0.0,5.2,0.0,0.0,0.65,1.7333333333333334,2.6821767542867252e-05,4795
21854,5.17,1,1,1,5.17,EURO FOOTBALL STARS TOP TRUMPS GAME,0.0,0.0,0.0,0.0,5.17,0.0,0.0,5.17,5.17,2.666702657627379e-05,4796
21860,5.17,1,1,1,5.17,DR WHO TOP TRUMPS GAME,0.0,0.0,0.0,0.0,5.17,0.0,0.0,5.17,5.17,2.666702657627379e-05,4797
71101A,5.1,6,1,1,0.85,ANGEL ON KNEES METAL POLE 100CM H,0.0,0.0,0.0,0.0,5.1,0.0,0.0,0.85,5.1,2.6305964320889033e-05,4798
71434B,5.1,2,2,2,2.55,"BLACK RND BULLET""KEEP CLEAN"" BIN",0.0,0.0,0.0,0.0,5.1,0.0,0.0,2.55,2.55,2.6305964320889033e-05,4799
90142C,5.09,1,1,1,5.09,ROSE PINK PENDANT SHELL NECKLACE,0.0,0.0,0.0,0.0,5.09,0.0,0.0,5.09,5.09,2.625438399869121e-05,4801
90142B,5.09,1,1,1,5.09,IVORY PENDANT SHELL NECKLACE,0.0,0.0,0.0,0.0,5.09,0.0,0.0,5.09,5.09,2.625438399869121e-05,4800
84942,5.07,3,3,3,1.6900000000000002,KASHMIR FOLKART HEART DISHES,0.0,0.0,0.0,0.0,5.07,0.0,0.0,1.6900000000000002,1.6900000000000002,2.615122335429557e-05,4802
DCGS0041,5.06,1,1,1,5.06,HAYNES MINI-COOPER PLAYING CARDS,0.0,0.0,0.0,0.0,5.06,0.0,0.0,5.06,5.06,2.6099643032097745e-05,4804
72740B,5.06,1,1,1,5.06,LARGE WHITE CHOCOLATE CANDLE,0.0,0.0,0.0,0.0,5.06,0.0,0.0,5.06,5.06,2.6099643032097745e-05,4803
79151B,5.04,12,3,2,0.42,"SILICON CUBE 25W, BLUE",0.0,0.0,0.0,0.0,5.04,0.0,0.0,0.42,2.52,2.5996482387702106e-05,4806
20877,5.04,12,5,5,0.42000000000000004,MODERN CHRISTMAS BAUBLE CANDLE ,0.0,0.0,0.0,0.0,5.04,0.0,0.0,0.42,1.008,2.5996482387702106e-05,4805
84596j,5.02,2,2,2,2.51,MIXED NUTS LIGHT GREEN BOWL,0.0,0.0,0.0,0.0,5.02,0.0,0.0,2.51,2.51,2.5893321743306457e-05,4807
23649,4.98,2,2,2,2.49,SET 10 CARDS DECK THE HALLS 16960,0.0,0.0,0.0,0.0,4.98,0.0,0.0,2.49,2.49,2.5687000454515176e-05,4808
47593b,4.98,6,1,1,0.83,SCOTTIE DOGS BABY BIB,0.0,0.0,0.0,0.0,4.98,0.0,0.0,0.8300000000000001,4.98,2.5687000454515176e-05,4809
84661b,4.96,1,1,1,4.96,BLACK SQUARE TABLE CLOCK,0.0,0.0,0.0,0.0,4.96,0.0,0.0,4.96,4.96,2.558383981011953e-05,4810
85232C,4.95,1,1,1,4.95,RUSSIAN FOLKART STACKING TINS,0.0,0.0,0.0,0.0,4.95,0.0,0.0,4.95,4.95,2.553225948792171e-05,4811
84971l,4.92,2,1,1,2.46,LARGE HEART FLOWERS HOOK   ,0.0,0.0,0.0,0.0,4.92,0.0,0.0,2.46,4.92,2.5377518521328245e-05,4812
85049d,4.92,2,2,2,2.46,BRIGHT BLUES RIBBONS ,0.0,0.0,0.0,0.0,4.92,0.0,0.0,2.46,2.46,2.5377518521328245e-05,4813
90214U,4.7299999999999995,13,2,2,0.77,"LETTER ""U"" BLING KEY RING",0.0,0.0,0.0,0.0,4.7299999999999995,0.0,0.0,0.3638461538461538,2.3649999999999998,2.4397492399569632e-05,4814
45014,4.65,1,1,1,4.65,FOLDING SHIRT TIDY,0.0,0.0,0.0,0.0,4.65,0.0,0.0,4.65,4.65,2.3984849821987062e-05,4815
81953B,4.64,14,8,6,0.4375,ROUND BLUE CLOCK WITH SUCKER,0.0,0.0,0.0,0.0,4.64,0.0,0.0,0.3314285714285714,0.7733333333333333,2.3933269499789238e-05,4816
37326,4.609999999999999,2,2,2,2.3049999999999997,FAIRY DESIGN MUGS,0.0,0.0,0.0,0.0,4.609999999999999,0.0,0.0,2.3049999999999997,2.3049999999999997,2.377852853319577e-05,4817
72529w,4.3,1,1,1,4.3,WHITE ADVENT CANDLE,0.0,0.0,0.0,0.0,4.3,0.0,0.0,4.3,4.3,2.2179538545063303e-05,4818
79157B,4.25,5,3,3,0.85,UBO-LIGHT TRIOBASE BLUE,0.0,0.0,0.0,0.0,4.25,0.0,0.0,0.85,1.4166666666666667,2.1921636934074194e-05,4821
21409,4.25,1,1,1,4.25,SPOTTY COCKEREL DOORSTOP,0.0,0.0,0.0,0.0,4.25,0.0,0.0,4.25,4.25,2.1921636934074194e-05,4819
72752A,4.25,1,1,1,4.25,"F.FAIRY,CANDLE IN GLASS,LILY/VALLEY",0.0,0.0,0.0,0.0,4.25,0.0,0.0,4.25,4.25,2.1921636934074194e-05,4820
79157V,4.25,5,3,3,0.85,UBO-LIGHT TRIOBASE PURPLE,0.0,0.0,0.0,0.0,4.25,0.0,0.0,0.85,1.4166666666666667,2.1921636934074194e-05,4822
47594a,4.21,1,1,1,4.21,CAROUSEL DESIGN WASHBAG,0.0,0.0,0.0,0.0,4.21,0.0,0.0,4.21,4.21,2.171531564528291e-05,4823
84255A,4.2,2,2,2,2.1,PINK GLASS COCKTAIL LAMP,0.0,0.0,0.0,0.0,4.2,0.0,0.0,2.1,2.1,2.1663735323085088e-05,4824
46776e,4.13,1,1,1,4.13,WOVEN CANDY CUSHION COVER ,0.0,0.0,0.0,0.0,4.13,0.0,0.0,4.13,4.13,2.1302673067700336e-05,4826
46776b,4.13,1,1,1,4.13,WOVEN BERRIES CUSHION COVER ,0.0,0.0,0.0,0.0,4.13,0.0,0.0,4.13,4.13,2.1302673067700336e-05,4825
37432,3.9,6,1,1,0.65,MUG PINK AND PURPLE ARABIC DESIGN,0.0,0.0,0.0,0.0,3.9,0.0,0.0,0.65,3.9,2.011632565715044e-05,4827
72084B,3.9,2,1,1,1.95,CHOCOLATE ICE CREAM CANDLE,0.0,0.0,0.0,0.0,3.9,0.0,0.0,1.95,3.9,2.011632565715044e-05,4828
35995,3.7800000000000002,5,5,5,0.756,SET/6 BLACK GLITTER REINDEER CANDLE,0.0,0.0,0.0,0.0,3.7800000000000002,0.0,0.0,0.756,0.756,1.9497361790776577e-05,4829
90004A,3.75,1,1,1,3.75,JADE GREEN PAIR ENAMEL HAIR SLIDES,0.0,0.0,0.0,0.0,3.75,0.0,0.0,3.75,3.75,1.9342620824183114e-05,4833
40046C,3.75,3,3,3,1.25,PINK BUTTERFLY PAPER LAMPSHADE,0.0,0.0,0.0,0.0,3.75,0.0,0.0,1.25,1.25,1.9342620824183114e-05,4832
37438,3.75,1,1,1,3.75,FUNKY FLOWER COFFEE POT,0.0,0.0,0.0,0.0,3.75,0.0,0.0,3.75,3.75,1.9342620824183114e-05,4831
35974,3.75,1,1,1,3.75,S/6 CHRISTMAS TREE PLACE SETTING,0.0,0.0,0.0,0.0,3.75,0.0,0.0,3.75,3.75,1.9342620824183114e-05,4830
84731,3.69,3,3,3,1.23,3 BIRDS CANVAS SCREEN,0.0,0.0,0.0,0.0,3.69,0.0,0.0,1.23,1.23,1.9033138890996183e-05,4834
35001P,6.98,2,2,2,3.49,HAND OPEN SHAPE PINK,-3.49,1.0,1.0,1.0,3.49,0.5,0.5,3.49,3.49,1.8001532447039752e-05,4835
35818C,3.43,1,1,1,3.43,"ACRYLIC JEWEL ICICLE, CLEAR ",0.0,0.0,0.0,0.0,3.43,0.0,0.0,3.43,3.43,1.769205051385282e-05,4836
21081,3.4,4,4,4,0.85,SET/20 POSIES PAPER NAPKINS,0.0,0.0,0.0,0.0,3.4,0.0,0.0,0.85,0.85,1.7537309547259355e-05,4837
84559d,3.38,2,1,1,1.69,3D SHEET OF SEA WORLD STICKERS,0.0,0.0,0.0,0.0,3.38,0.0,0.0,1.69,3.38,1.7434148902863712e-05,4838
23643,3.33,1,1,1,3.33,SET 10 CARDS CHRISTMAS BAUBLE 16954,0.0,0.0,0.0,0.0,3.33,0.0,0.0,3.33,3.33,1.7176247291874606e-05,4839
20683,3.25,1,1,1,3.25,RAIN GIRL CHILDS UMBRELLA,0.0,0.0,0.0,0.0,3.25,0.0,0.0,3.25,3.25,1.676360471429203e-05,4840
84985b,2.98,1,1,1,2.98,SET OF 72 BLACK PAPER DOILIES ,0.0,0.0,0.0,0.0,2.98,0.0,0.0,2.98,2.98,1.5370936014950847e-05,4841
23609,2.91,1,1,1,2.91,SET 10 CARDS SNOWY ROBIN 17099,0.0,0.0,0.0,0.0,2.91,0.0,0.0,2.91,2.91,1.5009873759566097e-05,4843
23602,2.91,1,1,1,2.91,SET 10 CARDS 3 WISE MEN 17107,0.0,0.0,0.0,0.0,2.91,0.0,0.0,2.91,2.91,1.5009873759566097e-05,4842
23628,2.91,1,1,1,2.91,SET 10 CARDS TRIANGLE ICONS  17220,0.0,0.0,0.0,0.0,2.91,0.0,0.0,2.91,2.91,1.5009873759566097e-05,4844
90183c,2.9,1,1,1,2.9,BLACK DROP EARRINGS W LONG BEADS,0.0,0.0,0.0,0.0,2.9,0.0,0.0,2.9,2.9,1.4958293437368274e-05,4845
DCGS0044,2.57,1,1,1,2.57,HANDZ-OFF CAR FRESHENER,0.0,0.0,0.0,0.0,2.57,0.0,0.0,2.57,2.57,1.3256142804840159e-05,4846
47556,2.55,1,1,1,2.55,SET/2 SPOTTY + ROSE TEA TOWELS ,0.0,0.0,0.0,0.0,2.55,0.0,0.0,2.55,2.55,1.3152982160444517e-05,4851
47554,2.55,1,1,1,2.55,S/3 COLOURS FLOCK TEA TOWELS,0.0,0.0,0.0,0.0,2.55,0.0,0.0,2.55,2.55,1.3152982160444517e-05,4850
85171,2.55,1,1,1,2.55,S/2 HYACINTH BULB CANDLES,0.0,0.0,0.0,0.0,2.55,0.0,0.0,2.55,2.55,1.3152982160444517e-05,4852
21036,2.55,1,1,1,2.55,SET/2 TEA TOWELS MODERN VINTAGE,0.0,0.0,0.0,0.0,2.55,0.0,0.0,2.55,2.55,1.3152982160444517e-05,4848
90091,2.55,3,2,2,0.85,CRYSTAL DRAGONFLY PHONE CHARM,0.0,0.0,0.0,0.0,2.55,0.0,0.0,0.85,1.275,1.3152982160444517e-05,4853
20881,2.55,3,2,2,0.85,MODERN CHRISTMAS TREE CANDLE,0.0,0.0,0.0,0.0,2.55,0.0,0.0,0.85,1.275,1.3152982160444517e-05,4847
35999,2.55,1,1,1,2.55,S/6 SCANDINAVIAN HEART T-LIGHT,0.0,0.0,0.0,0.0,2.55,0.0,0.0,2.55,2.55,1.3152982160444517e-05,4849
17028J,2.52,6,1,1,0.42,INCENSE BAZAAR PEACH,0.0,0.0,0.0,0.0,2.52,0.0,0.0,0.42,2.52,1.2998241193851053e-05,4854
47593a,2.51,1,1,1,2.51,CAROUSEL DESIGN BABY BIB,0.0,0.0,0.0,0.0,2.51,0.0,0.0,2.51,2.51,1.2946660871653229e-05,4856
21008,2.51,1,1,1,2.51,ETCHED GLASS HEART TREE DECORATION,0.0,0.0,0.0,0.0,2.51,0.0,0.0,2.51,2.51,1.2946660871653229e-05,4855
DCGS0062,2.51,1,1,1,2.51,ROAD-RAGE CAR FRESHENER,0.0,0.0,0.0,0.0,2.51,0.0,0.0,2.51,2.51,1.2946660871653229e-05,4857
21290,2.5,2,1,1,1.25,LARGE SPOTTY CHOCOLATE GIFT BAG,0.0,0.0,0.0,0.0,2.5,0.0,0.0,1.25,2.5,1.2895080549455409e-05,4859
90127B,2.5,2,2,2,1.25,BLUE BEADS+HAND PHONE CHARM,0.0,0.0,0.0,0.0,2.5,0.0,0.0,1.25,1.25,1.2895080549455409e-05,4860
21225,2.5,2,2,2,1.25,POCKET MIRROR BUTTERFLY ,0.0,0.0,0.0,0.0,2.5,0.0,0.0,1.25,1.25,1.2895080549455409e-05,4858
23630,5.48,2,2,2,2.74,SET 10 CARDS HANGING BAUBLES 17080,-2.99,1.0,1.0,1.0,2.49,0.5456204379562044,0.5,2.74,2.74,1.2843500227257588e-05,4861
84596l,2.46,1,1,1,2.46,BISCUITS SMALL BOWL LIGHT BLUE,0.0,0.0,0.0,0.0,2.46,0.0,0.0,2.46,2.46,1.2688759260664123e-05,4862
85049c,2.46,1,1,1,2.46,ROMANTIC PINKS RIBBONS ,0.0,0.0,0.0,0.0,2.46,0.0,0.0,2.46,2.46,1.2688759260664123e-05,4863
84510b,2.15,1,1,1,2.15,SET OF 4 FAIRY CAKES COASTERS ,0.0,0.0,0.0,0.0,2.15,0.0,0.0,2.15,2.15,1.1089769272531652e-05,4864
17061,2.08,52,1,1,0.04,ASSORTED SHAPED STENCIL FOR HENNA,0.0,0.0,0.0,0.0,2.08,0.0,0.0,0.04,2.08,1.0728707017146902e-05,4865
85192S,1.9500000000000002,3,2,2,0.65,HANGING SPRING FLOWER HEART SMALL,0.0,0.0,0.0,0.0,1.9500000000000002,0.0,0.0,0.65,0.9750000000000001,1.005816282857522e-05,4866
46138D,1.95,1,1,1,1.95,GREEN CHENILLE SHAGGY C/COVER,0.0,0.0,0.0,0.0,1.95,0.0,0.0,1.95,1.95,1.005816282857522e-05,4868
84814A,1.95,1,1,1,1.95,HEXAGONAL CRYSTAL PERFUME BOTTLE,0.0,0.0,0.0,0.0,1.95,0.0,0.0,1.95,1.95,1.005816282857522e-05,4869
35945,1.95,1,1,1,1.95,GOLD CHRISTMAS STOCKING DECORATION,0.0,0.0,0.0,0.0,1.95,0.0,0.0,1.95,1.95,1.005816282857522e-05,4867
84206C,1.9,10,4,4,0.19,CHAMPAGNE TRAY BLANK CARD,0.0,0.0,0.0,0.0,1.9,0.0,0.0,0.19,0.475,9.80026121758611e-06,4871
84201C,1.9,10,3,3,0.19000000000000003,HAPPY BIRTHDAY CARD TEDDY/CAKE,0.0,0.0,0.0,0.0,1.9,0.0,0.0,0.19,0.6333333333333333,9.80026121758611e-06,4870
84206B,1.71,9,2,2,0.19,CAT W SUNGLASSES BLANK CARD,0.0,0.0,0.0,0.0,1.71,0.0,0.0,0.19,0.855,8.8202350958275e-06,4872
35837,1.7,2,1,1,0.85,SET OF SIX SILVER+RED FLOCK BAUBLES,0.0,0.0,0.0,0.0,1.7,0.0,0.0,0.85,1.7,8.768654773629677e-06,4875
20737,1.7,1,1,1,1.7,RED MINI TAPE MEASURE ,0.0,0.0,0.0,0.0,1.7,0.0,0.0,1.7,1.7,8.768654773629677e-06,4873
30086C,1.7,1,1,1,1.7,ASSORTED FRUIT STRAWS,0.0,0.0,0.0,0.0,1.7,0.0,0.0,1.7,1.7,8.768654773629677e-06,4874
72754D,1.69,1,1,1,1.69,F FAIRY POTPOURRI CUSHIONS SUMMER,0.0,0.0,0.0,0.0,1.69,0.0,0.0,1.69,1.69,8.717074451431856e-06,4876
10109,1.68,4,1,1,0.42,BENDY COLOUR PENCILS,0.0,0.0,0.0,0.0,1.68,0.0,0.0,0.42,1.68,8.665494129234035e-06,4877
85231e,1.66,1,1,1,1.66,STRAWBERRY SCENTED SET/9 T-LIGHTS,0.0,0.0,0.0,0.0,1.66,0.0,0.0,1.66,1.66,8.56233348483839e-06,4878
72796C,1.65,1,1,1,1.65,S/3 ROSE GARDEN SCENT SQU CANDLE,0.0,0.0,0.0,0.0,1.65,0.0,0.0,1.65,1.65,8.51075316264057e-06,4881
23664,1.65,1,1,1,1.65,FLOWER SHOP DESIGN MUG,0.0,0.0,0.0,0.0,1.65,0.0,0.0,1.65,1.65,8.51075316264057e-06,4880
85024A,1.65,1,1,1,1.65,CRYSTAL SMALL JEWELLED PHOTOFRAME,0.0,0.0,0.0,0.0,1.65,0.0,0.0,1.65,1.65,8.51075316264057e-06,4882
21585,1.65,1,1,1,1.65,SWALLOW SMALL TUBE MATCHES,0.0,0.0,0.0,0.0,1.65,0.0,0.0,1.65,1.65,8.51075316264057e-06,4879
35980B,1.52,4,2,2,0.38,RED TOP SCANDINAVIAN HEART ,0.0,0.0,0.0,0.0,1.52,0.0,0.0,0.38,0.76,7.840208974068889e-06,4883
35950,1.25,1,1,1,1.25,FOLKART HEART CHRISTMAS DECORATIONS,0.0,0.0,0.0,0.0,1.25,0.0,0.0,1.25,1.25,6.4475402747277045e-06,4884
84845A,1.25,1,1,1,1.25,HOLLYHOCK SQUARE HANDY TIN,0.0,0.0,0.0,0.0,1.25,0.0,0.0,1.25,1.25,6.4475402747277045e-06,4885
TEST002,1.0,1,1,1,1.0,This is a test product.,0.0,0.0,0.0,0.0,1.0,0.0,0.0,1.0,1.0,5.1580322197821634e-06,4886
20721,0.85,1,1,1,0.85,OWLS CHARLOTTE BAG,0.0,0.0,0.0,0.0,0.85,0.0,0.0,0.85,0.85,4.384327386814839e-06,4887
51014c,0.83,1,1,1,0.83,"FEATHER PEN,COAL BLACK",0.0,0.0,0.0,0.0,0.83,0.0,0.0,0.83,0.83,4.281166742419195e-06,4888
35930,0.38,1,1,1,0.38,PINK HEART CHRISTMAS DECORATION,0.0,0.0,0.0,0.0,0.38,0.0,0.0,0.38,0.38,1.960052243517222e-06,4889
84205C,0.38,2,1,1,0.19,HAPPY BIRTHDAY GINGER CAT CARD,0.0,0.0,0.0,0.0,0.38,0.0,0.0,0.19,0.38,1.960052243517222e-06,4890
20715,424.0,400,1,1,1.06,LITTLE FLOWER SHOPPER BAG,-424.0,400.0,1.0,1.0,0.0,1.0,1.0,1.06,424.0,0.0,4891
22850,123.6,8,2,1,15.95,BREAD BIN DINER STYLE BLACK,-123.6,8.0,2.0,1.0,0.0,1.0,1.0,15.45,123.6,0.0,4898
gift_0001_80,69.56,1,1,1,69.56,Dotcomgiftshop Gift Voucher £80.00,-69.56,1.0,1.0,1.0,0.0,1.0,1.0,69.56,69.56,0.0,4902
23843,168469.6,80995,1,1,2.08,"PAPER CRAFT , LITTLE BIRDIE",-168469.6,80995.0,1.0,1.0,0.0,1.0,1.0,2.08,168469.6,0.0,4899
47569,2.55,1,1,1,2.55,ENGLISH ROSE DESIGN SHOPPING BAG,-2.55,1.0,1.0,1.0,0.0,1.0,1.0,2.55,2.55,0.0,4901
21496,10.5,25,1,1,0.42,WOODLAND CREATURES  WRAP,-10.5,25.0,1.0,1.0,0.0,1.0,1.0,0.42,10.5,0.0,4896
20791,63.75,5,1,1,12.75,BLUE TILED SET OF 3 DRAWERS,-63.75,5.0,1.0,1.0,0.0,1.0,1.0,12.75,63.75,0.0,4892
20822,9.3,2,1,1,4.65,SILVER WINE GOBLET,-9.3,2.0,1.0,1.0,0.0,1.0,1.0,4.65,9.3,0.0,4893
21525,13.5,2,2,2,6.75,BEWARE OF THE CAT DOORMAT,-13.5,2.0,1.0,1.0,0.0,1.0,1.0,6.75,6.75,0.0,4897
20885,2.95,1,1,1,2.95,BOX OF 3 PEBBLE CANDLES,-2.95,1.0,1.0,1.0,0.0,1.0,1.0,2.95,2.95,0.0,4894
21475,14.95,1,1,1,14.95,SWEETHEART CREAM STEEL FOLDIN CHAIR,-14.95,1.0,1.0,1.0,0.0,1.0,1.0,14.95,14.95,0.0,4895
44217M,236.40000000000003,72,3,3,3.616666666666667,MULTICOLOUR FEATHERS CURTAIN,-236.40000000000003,72.0,2.0,2.0,0.0,1.0,1.0,3.2833333333333337,78.80000000000001,0.0,4900
85083,12.749999999999998,5,2,2,2.55,KISS REINDEER SCANDINAVIAN STOCKING,-15.3,6.0,1.0,1.0,-2.5500000000000025,1.2000000000000002,1.2,2.55,6.374999999999999,-1.315298216044453e-05,4903
37451,4.95,1,1,1,4.95,CERAMIC CAKE TEAPOT WITH CHERRY,-8.5,2.0,2.0,2.0,-3.55,1.7171717171717171,2.0,4.95,4.95,-1.831101438022668e-05,4904
85043,4.95,1,1,1,4.95,RED HEART CANDY POP LIGHTS,-14.850000000000001,3.0,3.0,3.0,-9.900000000000002,3.0,3.0,4.95,4.95,-5.106451897584343e-05,4905
35976B,1.25,1,1,1,1.25,WHITE SCANDINAVIAN HEART CHRISTMAS,-15.0,12.0,1.0,1.0,-13.75,12.0,12.0,1.25,1.25,-7.092294302200475e-05,4906
79301,2.95,1,1,1,2.95,FEATHER HEART LIGHTS,-22.95,9.0,4.0,4.0,-20.0,7.779661016949152,9.0,2.95,2.95,-0.00010316064439564327,4907
35603B,21.0,50,2,2,0.42,S/16 BLACK SHINY/MAT BAUBLES,-50.400000000000006,24.0,1.0,1.0,-29.400000000000006,2.4000000000000004,0.48,0.42,10.5,-0.00015164614726159565,4908
PADS,0.017,17,17,17,0.001,PADS TO MATCH ALL CUSHIONS,-36.6,1.0,1.0,1.0,-36.583,2152.9411764705883,0.058823529411764705,0.001,0.001,-0.0001886962926962909,4909
85069,50.85,3,1,1,16.95,CREAM SWEETHEART DOUBLE SHELF,-101.7,6.0,2.0,2.0,-50.85,2.0,2.0,16.95,50.85,-0.00026228593837592304,4910
20879,67.8,57,11,11,1.8027272727272725,TREE OF NOAH FESTIVE SCENTED CANDLE,-201.6,96.0,1.0,1.0,-133.8,2.9734513274336285,1.6842105263157894,1.1894736842105262,6.163636363636363,-0.0006901447110068536,4911
S,136.85,3,3,3,45.61666666666667,SAMPLES,-6192.91,100.0,100.0,34.0,-6056.0599999999995,45.25327000365364,33.333333333333336,45.61666666666667,45.61666666666667,-0.031237352604933967,4912
D,397.89,196,5,5,41.378,Discount,-13882.43,3068.0,172.0,146.0,-13484.54,34.89012038503104,15.653061224489797,2.030051020408163,79.578,-0.06955369178894137,4913
BANK CHARGES,534.241,35,35,33,15.264028571428572,Bank Charges,-36096.87,77.0,67.0,62.0,-35562.629,67.56664127238457,2.2,15.264028571428572,16.18912121212121,-0.18343318620215954,4914
M,340327.63,9748,866,784,386.38220554272516,Manual,-423873.23,5450.0,536.0,495.0,-83545.59999999998,1.2454857984936456,0.5590890439064423,34.91255949938449,434.09136479591837,-0.43093089662103257,4915
AMAZONFEE,34009.13,4,4,3,8502.2825,AMAZON FEE,-294772.71,39.0,39.0,33.0,-260763.58000000002,8.667458120804621,9.75,8502.2825,11336.376666666665,-1.345026947385744,4916
