StockCode,Description,GrossRevenue,NetRevenue,UnitsSold,SalesLines,Orders,ReturnValue,ReturnedUnits,DescriptionQualityFlag,CommercialValidity,ReturnValueRate,ReturnRisk,CommercialPerformanceScore,StrategicClassification
22423,REGENCY CAKESTAND 3 TIER,344069.3,327345.2,27536,4403,4272,-16724.1,1466,Commercial Description,Valid,0.0486,Low,0.9975,Core Commercial Product
DOT,DOTCOM POSTAGE,322657.48,322647.47,1436,1446,1425,-10.01,3,Commercial Description,Valid,0.0,Low,0.909,Core Commercial Product
85123A,WHITE HANGING HEART T-LIGHT HOLDER,262768.47,253378.82,96027,5771,5507,-9389.650000000003,3638,Commercial Description,Valid,0.0357,Low,0.9996,Core Commercial Product
85099B,JUMBO BAG RED WHITE SPOTTY,183136.14,180959.82,98175,4201,4078,-2176.3199999999997,1217,Commercial Description,Valid,0.0119,Low,0.9995,Core Commercial Product
47566,PARTY BUNTING,149109.35,147870.80000000002,28362,2757,2702,-1238.5500000000002,285,Commercial Description,Valid,0.0083,Low,0.9972,Core Commercial Product
84879,ASSORTED COLOUR BIRD ORNAMENT,131817.81,131043.74,81590,2933,2829,-774.07,511,Commercial Description,Valid,0.0059,Low,0.9991,Core Commercial Product
22086,PAPER CHAIN KIT 50'S CHRISTMAS,123002.89000000001,121523.49,36534,2187,2036,-1479.3999999999999,596,Commercial Description,Valid,0.012,Low,0.9979,Core Commercial Product
POST,POSTAGE,127597.42,112341.0,5461,2122,2084,-15256.42,303,Commercial Description,Valid,0.1196,Moderate,0.9705,Monitor Return Risk
79321,CHILLI LIGHTS,85157.56,84521.81,16763,1217,1172,-635.75,145,Commercial Description,Valid,0.0075,Low,0.9927,Core Commercial Product
22197,"POPCORN HOLDER , SMALL",80888.34,80267.77,89860,2535,2421,-620.57,809,Commercial Description,Valid,0.0077,Low,0.9986,Core Commercial Product
22386,JUMBO BAG PINK WITH WHITE SPOTS,77049.38,76182.4,39809,2328,2270,-866.9800000000001,482,Commercial Description,Valid,0.0113,Low,0.9977,Core Commercial Product
84347,ROTATING SILVER ANGELS T-LIGHT HLDR,74380.07,73745.87,32498,835,767,-634.2,18750,Commercial Description,Valid,0.0085,Low,0.9969,Core Commercial Product
20725,LUNCH BAG RED SPOTTY,72001.35,70617.6,40752,3220,3135,-1383.75,931,Commercial Description,Valid,0.0192,Low,0.9977,Core Commercial Product
21137,BLACK RECORD COVER FRAME,69295.72,69213.43000000001,19945,657,642,-82.28999999999999,23,Commercial Description,Valid,0.0012,Low,0.9938,Core Commercial Product
85099F,JUMBO BAG STRAWBERRY,68382.73000000001,67870.49,37072,1903,1861,-512.24,283,Commercial Description,Valid,0.0075,Low,0.9969,Core Commercial Product
48138,DOOR MAT UNION FLAG,67629.75,67270.34,10157,1707,1679,-359.40999999999997,51,Commercial Description,Valid,0.0053,Low,0.9844,Core Commercial Product
20685,RED SPOTTY COIR DOORMAT,67812.32,67171.84,9968,1782,1741,-640.48,92,Commercial Description,Valid,0.0094,Low,0.9839,Core Commercial Product
23084,RABBIT NIGHT LIGHT,66870.03,66661.63,30739,1048,1025,-208.40000000000003,108,Commercial Description,Valid,0.0031,Low,0.9957,Core Commercial Product
22114,HOT WATER BOTTLE TEA AND SYMPATHY,63362.35,62567.15,12420,1695,1600,-795.2,220,Commercial Description,Valid,0.0126,Low,0.9872,Core Commercial Product
82484,WOOD BLACK BOARD ANT WHITE FINISH,62778.72,62453.72,11046,1233,1201,-325.0,49,Commercial Description,Valid,0.0052,Low,0.9854,Core Commercial Product
21931,JUMBO STORAGE BAG SUKI,62257.72,61547.090000000004,29489,2422,2364,-710.6300000000001,390,Commercial Description,Valid,0.0114,Low,0.9952,Core Commercial Product
22502,mailout,61466.470000000016,61030.05,3861,984,952,-436.41999999999996,86,Commercial Description,Valid,0.0071,Low,0.9568,Core Commercial Product
21843,RETRO SPOT CAKE STAND,66348.54999999999,60946.95,6263,1730,1686,-5401.599999999999,600,Commercial Description,Valid,0.0814,Moderate,0.9724,Monitor Return Risk
22910,PAPER CHAIN KIT VINTAGE CHRISTMAS,61671.84,60483.29,19580,1551,1448,-1188.5499999999997,449,Commercial Description,Valid,0.0193,Low,0.9923,Core Commercial Product
21621,VINTAGE UNION JACK BUNTING,60549.54,60005.54,6931,1333,1306,-544.0,64,Commercial Description,Valid,0.009,Low,0.9751,Core Commercial Product
22112,CHOCOLATE HOT WATER BOTTLE,60644.32000000001,59956.840000000004,11532,1825,1734,-687.48,156,Commercial Description,Valid,0.0113,Low,0.9853,Core Commercial Product
85099C,JUMBO  BAG BAROQUE BLACK WHITE,60103.56,59532.68,31153,1942,1894,-570.8800000000001,313,Commercial Description,Valid,0.0095,Low,0.9946,Core Commercial Product
15056N,EDWARDIAN PARASOL NATURAL,58403.79,57563.24,11366,1076,1055,-840.55,155,Commercial Description,Valid,0.0144,Low,0.9847,Core Commercial Product
22411,JUMBO SHOPPER VINTAGE RED PAISLEY,58149.34999999999,57357.83,27669,2273,2215,-791.52,441,Commercial Description,Valid,0.0136,Low,0.9938,Core Commercial Product
22470,HEART OF WICKER LARGE,55772.020000000004,54743.32000000001,18508,2091,1984,-1028.7,396,Commercial Description,Valid,0.0184,Low,0.9913,Core Commercial Product
22189,CREAM HEART CARD HOLDER,54547.38,54378.65,18350,1343,1315,-168.72999999999996,43,Commercial Description,Valid,0.0031,Low,0.991,Core Commercial Product
21212,PACK OF 72 RETRO SPOT CAKE CASES,52948.799999999996,52399.14,96472,3267,3144,-549.6600000000001,1110,Commercial Description,Valid,0.0104,Low,0.9958,Core Commercial Product
20914,SET/5 RED SPOTTY LID GLASS BOWLS,53335.66,52240.310000000005,18952,2187,2116,-1095.35,409,Commercial Description,Valid,0.0205,Low,0.991,Core Commercial Product
22178,VICTORIAN GLASS HANGING T-LIGHT,53105.59,51840.15,40572,1909,1859,-1265.44,1010,Commercial Description,Valid,0.0238,Low,0.9948,Core Commercial Product
21623,VINTAGE UNION JACK MEMOBOARD,52082.92999999999,51583.729999999996,7196,564,545,-499.19999999999993,56,Commercial Description,Valid,0.0096,Low,0.9746,Core Commercial Product
22139,RETRO SPOT TEA SET CERAMIC 11 PC,53085.61,51011.61,10649,2176,2154,-2074.0,474,Commercial Description,Valid,0.0391,Low,0.9828,Core Commercial Product
22111,SCOTTIE DOG HOT WATER BOTTLE,51936.86,51000.21,10163,1818,1704,-936.65,217,Commercial Description,Valid,0.018,Low,0.9818,Core Commercial Product
22469,HEART OF WICKER SMALL,51088.16,50662.06,29013,2303,2180,-426.1000000000001,282,Commercial Description,Valid,0.0083,Low,0.9929,Core Commercial Product
84946,ANTIQUE SILVER TEA GLASS ETCHED,51148.47,50641.69,37919,1880,1815,-506.78000000000003,453,Commercial Description,Valid,0.0099,Low,0.9938,Core Commercial Product
21181,PLEASE ONE PERSON  METAL SIGN,50818.920000000006,50593.020000000004,25028,1900,1835,-225.90000000000003,114,Commercial Description,Valid,0.0044,Low,0.9917,Core Commercial Product
21733,RED HANGING HEART T-LIGHT HOLDER,51441.92,50339.670000000006,17960,1876,1796,-1102.25,423,Commercial Description,Valid,0.0214,Low,0.9893,Core Commercial Product
21929,JUMBO BAG PINK VINTAGE PAISLEY,50300.82,49816.85,25937,1674,1642,-483.97,272,Commercial Description,Valid,0.0096,Low,0.9918,Core Commercial Product
21232,STRAWBERRY CERAMIC TRINKET BOX,50660.479999999996,49557.75,38901,2704,2618,-1102.73,948,Commercial Description,Valid,0.0218,Low,0.9934,Core Commercial Product
22090,PAPER BUNTING RETRO SPOTS,50723.6,49433.450000000004,16798,1745,1716,-1290.15,497,Commercial Description,Valid,0.0254,Low,0.9882,Core Commercial Product
48194,DOORMAT HEARTS,49542.47,49370.3,7835,1383,1360,-172.17,25,Commercial Description,Valid,0.0035,Low,0.9751,Core Commercial Product
22457,NATURAL SLATE HEART CHALKBOARD,48423.25,48098.450000000004,15687,2138,2078,-324.80000000000007,112,Commercial Description,Valid,0.0067,Low,0.9872,Core Commercial Product
21731,RED TOADSTOOL LED NIGHT LIGHT,49508.34,48050.44,29696,1611,1562,-1457.9,990,Commercial Description,Valid,0.0294,Low,0.9918,Core Commercial Product
21754,HOME BUILDING BLOCK WORD,47774.74,47543.090000000004,7796,2150,2086,-231.64999999999998,39,Commercial Description,Valid,0.0048,Low,0.9745,Core Commercial Product
84029E,RED WOOLLY HOTTIE WHITE HEART.,47479.83,47152.130000000005,11757,1267,1159,-327.7,86,Commercial Description,Valid,0.0069,Low,0.9824,Core Commercial Product
21523,FANCY FONT HOME SWEET HOME DOORMAT,47194.58,47147.04,7046,1157,1132,-47.54,6,Commercial Description,Valid,0.001,Low,0.972,Core Commercial Product
48187,DOOR MAT NEW ENGLAND,47026.850000000006,46934.49,7395,1312,1289,-92.36000000000001,12,Commercial Description,Valid,0.002,Low,0.973,Core Commercial Product
15056BL,EDWARDIAN PARASOL BLACK,47828.19,46756.840000000004,9600,899,870,-1071.3500000000001,213,Commercial Description,Valid,0.0224,Low,0.9786,Core Commercial Product
21928,JUMBO BAG SCANDINAVIAN PAISLEY,47023.18,46486.6,24743,1598,1569,-536.5799999999999,295,Commercial Description,Valid,0.0114,Low,0.9898,Core Commercial Product
22355,"CHARLOTTE BAG , SUKI DESIGN",46584.990000000005,46440.6,32635,1817,1779,-144.39,187,Commercial Description,Valid,0.0031,Low,0.9914,Core Commercial Product
22326,"ROUND SNACK BOXES ,SET4, WOODLAND",44943.43000000001,44775.280000000006,15655,1458,1420,-168.15,57,Commercial Description,Valid,0.0037,Low,0.9859,Core Commercial Product
20727,LUNCH BAG  BLACK SKULL.,46283.89,44504.94,27042,2485,2396,-1778.9500000000003,1211,Commercial Description,Valid,0.0384,Low,0.9901,Core Commercial Product
21915,RED  HARMONICA IN BOX,44680.049999999996,43684.05,38088,1085,1046,-996.0,888,Commercial Description,Valid,0.0223,Low,0.9915,Core Commercial Product
22383,LUNCHBAG SUKI  DESIGN,43836.86,43551.06,25403,2505,2431,-285.79999999999995,188,Commercial Description,Valid,0.0065,Low,0.9894,Core Commercial Product
82494L,WOODEN FRAME ANTIQUE WHITE,44667.1,43341.25000000001,15601,2096,2017,-1325.8500000000001,511,Commercial Description,Valid,0.0297,Low,0.9852,Core Commercial Product
23298,SPOTTY BUNTING,43148.18000000001,42665.37,8466,1175,1159,-482.80999999999995,110,Commercial Description,Valid,0.0112,Low,0.9752,Core Commercial Product
22138,BAKING SET 9 PIECE RETROSPOT,45882.009999999995,41809.26,9366,2141,2127,-4072.749999999999,863,Commercial Description,Valid,0.0888,Moderate,0.9767,Monitor Return Risk
48185,DOOR MAT FAIRY CAKE,46050.990000000005,41372.31,6855,1014,993,-4678.68,692,Commercial Description,Valid,0.1016,Moderate,0.9698,Monitor Return Risk
82482,WOODEN PICTURE FRAME WHITE FINISH,42396.03,41327.880000000005,17141,2099,2037,-1068.15,460,Commercial Description,Valid,0.0252,Low,0.9859,Core Commercial Product
20728,LUNCH BAG CARS BLUE,42695.64,41017.64,24838,2162,2111,-1678.0000000000002,1140,Commercial Description,Valid,0.0393,Low,0.9885,Core Commercial Product
23203,mailout,42030.34,40953.94,20485,1260,1249,-1076.4,590,Commercial Description,Valid,0.0256,Low,0.9874,Core Commercial Product
20713,JUMBO BAG OWLS,41332.89,40883.91,21170,1376,1339,-448.97999999999996,252,Commercial Description,Valid,0.0109,Low,0.9876,Core Commercial Product
21175,GIN + TONIC DIET METAL SIGN,44282.23,40496.65,20856,1715,1673,-3785.58,2035,Commercial Description,Valid,0.0855,Moderate,0.9873,Monitor Return Risk
84997D,PINK 3 PIECE MINI DOTS CUTLERY SET,40250.979999999996,40044.73,10746,1136,1097,-206.25,55,Commercial Description,Valid,0.0051,Low,0.9787,Core Commercial Product
22083,PAPER CHAIN KIT RETRO SPOT,41256.41,39855.86,13961,1459,1414,-1400.5500000000002,529,Commercial Description,Valid,0.0339,Low,0.9828,Core Commercial Product
71477,short,46519.130000000005,39345.26,15719,934,886,-7173.869999999999,2577,Commercial Description,Valid,0.1542,High,0.9841,High Return Risk
84078A,SET/4 WHITE RETRO STORAGE CUBES,43921.509999999995,38733.86,1129,351,350,-5187.65,147,Commercial Description,Valid,0.1181,Moderate,0.8863,Monitor Return Risk
22328,"ROUND SNACK BOXES ,SET 4, FRUITS",40407.96,38589.61,14602,1218,1185,-1818.35,701,Commercial Description,Valid,0.045,Low,0.9827,Core Commercial Product
22960,mailout addition,39639.31,38588.27,9289,1305,1249,-1051.04,256,Commercial Description,Valid,0.0265,Low,0.9749,Core Commercial Product
22629,SPACEBOY LUNCH BOX,38691.7,38565.85,21193,1430,1382,-125.85000000000001,71,Commercial Description,Valid,0.0033,Low,0.9866,Core Commercial Product
21485,RED SPOT HEART HOT WATER BOTTLE,38585.35,38392.3,7872,1482,1397,-193.04999999999998,39,Commercial Description,Valid,0.005,Low,0.9713,Core Commercial Product
82486,WOOD S/3 CABINET ANT WHITE FINISH,39004.799999999996,38141.7,4853,1371,1318,-863.1,106,Commercial Description,Valid,0.0221,Low,0.9572,Core Commercial Product
85066,CREAM SWEETHEART MINI CHEST,39173.65,37912.75,3128,1013,988,-1260.9,108,Commercial Description,Valid,0.0322,Low,0.9408,Core Commercial Product
22699,ROSES REGENCY TEACUP AND SAUCER,39061.14,37745.240000000005,13314,1538,1487,-1315.9,498,Commercial Description,Valid,0.0337,Low,0.9807,Core Commercial Product
20712,JUMBO BAG WOODLAND ANIMALS,37988.94,37541.33,17936,1465,1434,-447.61,251,Commercial Description,Valid,0.0118,Low,0.9843,Core Commercial Product
22727,ALARM CLOCK BAKELIKE RED,37857.61,37512.61,9565,1463,1395,-345.0,92,Commercial Description,Valid,0.0091,Low,0.9748,Core Commercial Product
21166,COOK WITH WINE METAL SIGN,38428.21000000001,37459.03,20063,1487,1446,-969.1799999999998,559,Commercial Description,Valid,0.0252,Low,0.985,Core Commercial Product
20726,LUNCH BAG WOODLAND,38883.729999999996,37385.78,22301,2024,1966,-1497.9500000000003,1015,Commercial Description,Valid,0.0385,Low,0.9857,Core Commercial Product
22720,SET OF 3 CAKE TINS PANTRY DESIGN,38108.89,37378.79,7483,1469,1462,-730.1,154,Commercial Description,Valid,0.0192,Low,0.9692,Core Commercial Product
23284,DOORMAT KEEP CALM AND COME IN,38133.64,36532.39,5487,743,739,-1601.25,225,Commercial Description,Valid,0.042,Low,0.9605,Core Commercial Product
21524,SPOTTY  HOME SWEET HOME DOORMAT,36565.22,36508.83,5329,1179,1156,-56.39,7,Commercial Description,Valid,0.0015,Low,0.9595,Core Commercial Product
20724,RED SPOTTY CHARLOTTE BAG,35558.229999999996,35305.4,32443,2126,2075,-252.82999999999998,321,Commercial Description,Valid,0.0071,Low,0.9871,Core Commercial Product
22379,RECYCLING BAG RETROSPOT,35362.76,35233.81,16053,1616,1578,-128.95,67,Commercial Description,Valid,0.0036,Low,0.9821,Core Commercial Product
21755,LOVE BUILDING BLOCK WORD,35356.39,35064.840000000004,5726,1756,1709,-291.55,49,Commercial Description,Valid,0.0082,Low,0.9608,Core Commercial Product
84997B,RED 3 PIECE MINI DOTS CUTLERY SET,34949.56,34566.73,9378,1058,1026,-382.83000000000004,109,Commercial Description,Valid,0.011,Low,0.9731,Core Commercial Product
22384,LUNCHBAG PINK RETROSPOT,34425.810000000005,33990.96,20988,2196,2144,-434.85,285,Commercial Description,Valid,0.0126,Low,0.9844,Core Commercial Product
22382,LUNCHBAG SPACEBOY DESIGN,34317.59,33930.34,20386,2223,2174,-387.25,253,Commercial Description,Valid,0.0113,Low,0.9839,Core Commercial Product
21479,WHITE SKULL HOT WATER BOTTLE,34560.68,33883.5,6857,1040,943,-677.1800000000001,196,Commercial Description,Valid,0.0196,Low,0.966,Core Commercial Product
22666,RECIPE BOX PANTRY YELLOW DESIGN,34421.2,33765.65,10928,1789,1727,-655.5500000000001,237,Commercial Description,Valid,0.019,Low,0.9755,Core Commercial Product
22726,ALARM CLOCK BAKELIKE GREEN,33666.34,33415.09,7935,1368,1298,-251.25,67,Commercial Description,Valid,0.0075,Low,0.9691,Core Commercial Product
22630,DOLLY GIRL LUNCH BOX,33923.45,33322.25,18334,1404,1354,-601.2,338,Commercial Description,Valid,0.0177,Low,0.9825,Core Commercial Product
22188,BLACK HEART CARD HOLDER,33197.05,33177.3,12483,589,570,-19.75,5,Commercial Description,Valid,0.0006,Low,0.9771,Core Commercial Product
22865,HAND WARMER OWL DESIGN,33394.91,33031.86,15471,1355,1228,-363.05000000000007,173,Commercial Description,Valid,0.0109,Low,0.9802,Core Commercial Product
84997C,BLUE 3 PIECE MINI DOTS CUTLERY SET,32942.86,32623.38,8852,986,962,-319.48,92,Commercial Description,Valid,0.0097,Low,0.9713,Core Commercial Product
15036,ASSORTED COLOURS SILK FAN,33041.55,32397.52,44365,1020,1008,-644.03,929,Commercial Description,Valid,0.0195,Low,0.9864,Core Commercial Product
22385,JUMBO BAG SPACEBOY DESIGN,32735.2,32009.76,17220,1289,1262,-725.4399999999999,426,Commercial Description,Valid,0.0222,Low,0.9811,Core Commercial Product
22077,6 RIBBONS RUSTIC CHARM,32142.040000000005,31939.09,17526,1840,1768,-202.95000000000002,123,Commercial Description,Valid,0.0063,Low,0.981,Core Commercial Product
85152,HAND OVER THE CHOCOLATE   SIGN,31976.56,31785.050000000003,16603,1514,1471,-191.51000000000002,101,Commercial Description,Valid,0.006,Low,0.9803,Core Commercial Product
84029G,KNITTED UNION FLAG HOT WATER BOTTLE,31927.129999999997,31707.43,7307,1114,1020,-219.7,60,Commercial Description,Valid,0.0069,Low,0.966,Core Commercial Product
22622,BOX OF VINTAGE ALPHABET BLOCKS,32144.039999999994,31584.69,3240,608,577,-559.3499999999999,61,Commercial Description,Valid,0.0174,Low,0.9386,Core Commercial Product
48184,DOOR MAT ENGLISH ROSE,31551.32,31465.25,4770,876,863,-86.07000000000001,11,Commercial Description,Valid,0.0027,Low,0.9525,Core Commercial Product
85014B,RED/WHITE DOTS RUFFLED UMBRELLA,31088.230000000003,30983.13,6196,929,912,-105.10000000000001,18,Commercial Description,Valid,0.0034,Low,0.9611,Core Commercial Product
22697,GREEN REGENCY TEACUP AND SAUCER,31431.67,30901.27,10077,1467,1414,-530.4000000000002,192,Commercial Description,Valid,0.0169,Low,0.9723,Core Commercial Product
23245,SET OF 3 REGENCY CAKE TINS,31118.550000000003,30697.050000000003,6345,913,910,-421.4999999999999,90,Commercial Description,Valid,0.0135,Low,0.9619,Core Commercial Product
22659,LUNCHBOX I LOVE LONDON,31142.57,30561.02,16838,1169,1097,-581.5500000000001,341,Commercial Description,Valid,0.0187,Low,0.9796,Core Commercial Product
20679,EDWARDIAN PARASOL RED,30649.47,30542.370000000003,6256,747,726,-107.10000000000002,18,Commercial Description,Valid,0.0035,Low,0.9609,Core Commercial Product
22866,HAND WARMER SCOTTY DOG DESIGN,30323.640000000003,30064.140000000003,13723,1224,1095,-259.50000000000006,135,Commercial Description,Valid,0.0086,Low,0.977,Core Commercial Product
22158,3 HEARTS HANGING DECORATION RUSTIC,30197.28,29954.43,9341,786,736,-242.85000000000002,83,Commercial Description,Valid,0.008,Low,0.9699,Core Commercial Product
21217,RED SPOTTY ROUND CAKE TINS,30393.48,29879.13,2952,989,958,-514.3499999999999,53,Commercial Description,Valid,0.0169,Low,0.9343,Core Commercial Product
22501,mailout,30768.589999999997,29581.739999999998,2637,833,811,-1186.8500000000001,134,Commercial Description,Valid,0.0386,Low,0.929,Core Commercial Product
22867,HAND WARMER BIRD DESIGN,29484.320000000007,29312.120000000003,13426,1199,1063,-172.2,82,Commercial Description,Valid,0.0058,Low,0.976,Core Commercial Product
47590B,PINK HAPPY BIRTHDAY BUNTING,29532.93,29239.88,5768,897,884,-293.05000000000007,57,Commercial Description,Valid,0.0099,Low,0.9575,Core Commercial Product
23199,JUMBO BAG APPLES,30450.690000000002,29141.440000000002,14908,1007,999,-1309.25,723,Commercial Description,Valid,0.043,Low,0.9771,Core Commercial Product
22752,SET 7 BABUSHKA NESTING BOXES,30736.75,28958.55,3773,778,719,-1778.2000000000003,226,Commercial Description,Valid,0.0579,Moderate,0.943,Monitor Return Risk
22492,MINI PAINT SET VINTAGE,28999.39,28816.739999999998,45593,761,746,-182.65000000000003,281,Commercial Description,Valid,0.0063,Low,0.9838,Core Commercial Product
48188,DOOR MAT WELCOME PUPPIES,28775.21,28673.96,4889,714,707,-101.25,13,Commercial Description,Valid,0.0035,Low,0.9516,Core Commercial Product
82483,WOOD 2 DRAWER CABINET WHITE FINISH,30014.440000000002,28324.64,5072,1259,1208,-1689.8000000000004,284,Commercial Description,Valid,0.0563,Moderate,0.9528,Monitor Return Risk
23355,HOT WATER BOTTLE KEEP CALM,28718.8,28301.2,5816,804,790,-417.59999999999997,96,Commercial Description,Valid,0.0145,Low,0.957,Core Commercial Product
21977,PACK OF 60 PINK PAISLEY CAKE CASES,28413.629999999997,28296.329999999998,56625,2067,2004,-117.3,219,Commercial Description,Valid,0.0041,Low,0.9834,Core Commercial Product
22467,GUMBALL COAT RACK,28919.800000000003,28254.25,12212,1216,1169,-665.55,294,Commercial Description,Valid,0.023,Low,0.973,Core Commercial Product
84978,HANGING HEART JAR T-LIGHT HOLDER,28629.82,28212.1,21819,1502,1477,-417.72,361,Commercial Description,Valid,0.0146,Low,0.98,Core Commercial Product
20719,WOODLAND CHARLOTTE BAG,28249.92,28143.1,24901,1625,1593,-106.82,135,Commercial Description,Valid,0.0038,Low,0.9803,Core Commercial Product
82583,HOT BATHS METAL SIGN,28324.61,28120.52,13008,1248,1198,-204.09,107,Commercial Description,Valid,0.0072,Low,0.9737,Core Commercial Product
21930,JUMBO STORAGE BAG SKULLS,27888.86,27877.37,13640,1370,1327,-11.49,6,Commercial Description,Valid,0.0004,Low,0.9746,Core Commercial Product
22624,IVORY KITCHEN SCALES,28010.17,27795.97,3232,1275,1241,-214.2,26,Commercial Description,Valid,0.0076,Low,0.9352,Core Commercial Product
22961,JAM MAKING SET PRINTED,28218.24,27773.64,18069,1297,1216,-444.6,344,Commercial Description,Valid,0.0158,Low,0.9777,Core Commercial Product
72741,GRAND CHOCOLATECANDLE,27820.880000000005,27731.58,20113,965,937,-89.3,62,Commercial Description,Valid,0.0032,Low,0.9785,Core Commercial Product
20750,RED/WHITE DOT MINI CASES,27523.119999999995,27378.52,3772,946,918,-144.6,20,Commercial Description,Valid,0.0053,Low,0.9411,Core Commercial Product
84991,60 TEATIME FAIRY CAKE CASES,27321.37,27133.42,54537,2230,2141,-187.94999999999996,350,Commercial Description,Valid,0.0069,Low,0.982,Core Commercial Product
22734,SET OF 6 RIBBONS VINTAGE CHRISTMAS,27039.82,26953.12,9820,799,773,-86.69999999999999,30,Commercial Description,Valid,0.0032,Low,0.9681,Core Commercial Product
71459,HANGING JAM JAR T-LIGHT HOLDER,27090.51,26833.23,33457,1061,1053,-257.28000000000003,327,Commercial Description,Valid,0.0095,Low,0.9808,Core Commercial Product
23201,JUMBO BAG ALPHABET,27850.83,26774.81,13366,925,920,-1076.0199999999998,594,Commercial Description,Valid,0.0386,Low,0.9731,Core Commercial Product
22835,HOT WATER BOTTLE I AM SO POORLY,28455.98,26711.18,5524,1076,1022,-1744.8,408,Commercial Description,Valid,0.0613,Moderate,0.9536,Monitor Return Risk
22507,MEMO BOARD RETROSPOT  DESIGN,26626.559999999998,26508.46,5694,930,913,-118.10000000000001,24,Commercial Description,Valid,0.0044,Low,0.954,Core Commercial Product
48111,DOOR MAT 3 SMILEY CATS,26483.99,26381.59,4301,748,725,-102.4,16,Commercial Description,Valid,0.0039,Low,0.945,Core Commercial Product
20971,PINK BLUE FELT CRAFT TRINKET BOX,28966.21,26226.89,22580,1205,1160,-2739.3199999999997,2571,Commercial Description,Valid,0.0946,Moderate,0.9782,Monitor Return Risk
20711,JUMBO BAG TOYS,26183.0,26112.69,12836,1081,1069,-70.30999999999999,38,Commercial Description,Valid,0.0027,Low,0.9715,Core Commercial Product
82600,NO SINGING METAL SIGN,26168.760000000002,26084.960000000003,12887,1242,1210,-83.8,43,Commercial Description,Valid,0.0032,Low,0.9716,Core Commercial Product
22551,PLASTERS IN TIN SPACEBOY,26420.75,25985.6,15740,1373,1317,-435.15,287,Commercial Description,Valid,0.0165,Low,0.9745,Core Commercial Product
21080,SET/20 RED SPOTTY PAPER NAPKINS,26013.269999999997,25579.6,31801,2209,2134,-433.66999999999996,653,Commercial Description,Valid,0.0167,Low,0.9793,Core Commercial Product
22149,FELTCRAFT 6 FLOWER FRIENDS,26783.86,25539.46,12888,1469,1408,-1244.4,664,Commercial Description,Valid,0.0465,Low,0.9712,Core Commercial Product
22084,PAPER CHAIN KIT EMPIRE,25453.83,25154.38,8870,848,824,-299.45,111,Commercial Description,Valid,0.0118,Low,0.965,Core Commercial Product
22087,PAPER BUNTING WHITE LACE,25507.12,25041.72,8513,898,868,-465.40000000000003,159,Commercial Description,Valid,0.0182,Low,0.9639,Core Commercial Product
84755,COLOUR GLASS T-LIGHT HOLDER HANGING,25386.65,24971.3,40703,1313,1287,-415.35,729,Commercial Description,Valid,0.0164,Low,0.9798,Core Commercial Product
37503,TEA TIME CAKE STAND IN GIFT BOX,25428.33,24912.88,2465,537,536,-515.45,51,Commercial Description,Valid,0.0203,Low,0.9208,Core Commercial Product
21481,FAWN BLUE HOT WATER BOTTLE,26925.18,24859.280000000002,8537,1137,1065,-2065.8999999999996,802,Commercial Description,Valid,0.0767,Moderate,0.9637,Monitor Return Risk
84077,WORLD WAR 2 GLIDERS ASSTD DESIGNS,25197.98,24836.3,109898,1052,1032,-361.68,1704,Commercial Description,Valid,0.0144,Low,0.9802,Core Commercial Product
22728,ALARM CLOCK BAKELIKE PINK,24858.519999999997,24659.77,6361,1033,986,-198.75,53,Commercial Description,Valid,0.008,Low,0.9562,Core Commercial Product
23173,REGENCY TEAPOT ROSES,24879.129999999997,24442.73,2766,434,429,-436.4,52,Commercial Description,Valid,0.0175,Low,0.9257,Core Commercial Product
84836,ZINC METAL HEART DECORATION,24563.17,24435.670000000002,20057,1474,1417,-127.5,102,Commercial Description,Valid,0.0052,Low,0.9753,Core Commercial Product
22722,SET OF 6 SPICE TINS PANTRY DESIGN,24459.96,24318.260000000002,5972,863,850,-141.7,36,Commercial Description,Valid,0.0058,Low,0.9535,Core Commercial Product
21231,SWEETHEART CERAMIC TRINKET BOX,24499.379999999997,24110.45,19672,1613,1555,-388.93000000000006,323,Commercial Description,Valid,0.0159,Low,0.975,Core Commercial Product
21527,RETRO SPOT TRADITIONAL TEAPOT,25493.019999999997,24069.14,3414,981,949,-1423.8800000000003,183,Commercial Description,Valid,0.0559,Moderate,0.9334,Monitor Return Risk
21790,VINTAGE SNAP CARDS,24063.299999999996,23900.63,27904,1965,1900,-162.67,203,Commercial Description,Valid,0.0068,Low,0.9769,Core Commercial Product
22698,PINK REGENCY TEACUP AND SAUCER,24377.57,23813.120000000003,8194,1091,1083,-564.45,203,Commercial Description,Valid,0.0232,Low,0.9612,Core Commercial Product
21955,UNION JACK GUNS & ROSES  DOORMAT,23949.35,23766.07,3933,758,739,-183.28,28,Commercial Description,Valid,0.0077,Low,0.9393,Core Commercial Product
47590A,BLUE HAPPY BIRTHDAY BUNTING,24542.88,23655.08,4826,707,698,-887.8000000000002,188,Commercial Description,Valid,0.0362,Low,0.9459,Core Commercial Product
22605,WOODEN CROQUET GARDEN SET,23731.02,23560.719999999998,1845,666,656,-170.29999999999995,14,Commercial Description,Valid,0.0072,Low,0.9026,Core Commercial Product
22625,RED KITCHEN SCALES,23851.23,23552.03,2719,1016,980,-299.2,37,Commercial Description,Valid,0.0125,Low,0.9238,Core Commercial Product
20972,PINK CREAM FELT CRAFT TRINKET BOX,25080.589999999997,23527.2,20704,1456,1407,-1553.3899999999999,1497,Commercial Description,Valid,0.0619,Moderate,0.9744,Monitor Return Risk
23344,JUMBO BAG 50'S CHRISTMAS,23772.070000000003,23285.11,10285,729,723,-486.96000000000004,262,Commercial Description,Valid,0.0205,Low,0.9652,Core Commercial Product
48173C,DOOR MAT BLACK FLOCK,23295.82,23239.89,4099,518,508,-55.93,7,Commercial Description,Valid,0.0024,Low,0.9402,Core Commercial Product
84406B,CREAM CUPID HEARTS COAT HANGER,23816.65,23127.55,7383,903,857,-689.1,226,Commercial Description,Valid,0.0289,Low,0.9577,Core Commercial Product
22554,PLASTERS IN TIN WOODLAND ANIMALS,23276.56,23033.41,13822,1336,1285,-243.14999999999998,159,Commercial Description,Valid,0.0104,Low,0.9697,Core Commercial Product
21314,SMALL GLASS HEART TRINKET POT,25253.85,22950.75,11647,1164,1133,-2303.1,1231,Commercial Description,Valid,0.0912,Moderate,0.9665,Monitor Return Risk
23243,SET OF TEA COFFEE SUGAR TINS PANTRY,23489.420000000002,22943.87,4800,506,505,-545.5500000000001,117,Commercial Description,Valid,0.0232,Low,0.9442,Core Commercial Product
22113,GREY HEART HOT WATER BOTTLE,23031.27,22909.47,6020,1083,1004,-121.8,32,Commercial Description,Valid,0.0053,Low,0.9515,Core Commercial Product
22607,WOODEN ROUNDERS GARDEN SET,23030.049999999996,22896.5,2544,768,757,-133.55,16,Commercial Description,Valid,0.0058,Low,0.9198,Core Commercial Product
22171,3 HOOK PHOTO SHELF ANTIQUE WHITE,24081.660000000003,22869.56,3181,713,699,-1212.1,154,Commercial Description,Valid,0.0503,Moderate,0.9288,Monitor Return Risk
21791,VINTAGE HEADS AND TAILS CARD GAME,23926.980000000003,22770.73,18532,1381,1326,-1156.25,1077,Commercial Description,Valid,0.0483,Low,0.9723,Core Commercial Product
20749,ASSORTED COLOUR MINI CASES,22703.159999999996,22601.41,3143,803,776,-101.75000000000001,13,Commercial Description,Valid,0.0045,Low,0.928,Core Commercial Product
21258,VICTORIAN SEWING BOX LARGE,24089.84,22585.539999999997,1687,610,573,-1504.3,134,Commercial Description,Valid,0.0624,Moderate,0.8954,Monitor Return Risk
22556,PLASTERS IN TIN CIRCUS PARADE,22651.230000000003,22454.88,13771,1265,1215,-196.35000000000002,119,Commercial Description,Valid,0.0087,Low,0.9684,Core Commercial Product
21936,RED/WHITE SPOT PICNIC BAG,22818.089999999997,22426.34,7823,1086,1070,-391.75,143,Commercial Description,Valid,0.0172,Low,0.9574,Core Commercial Product
22585,PACK OF 6 BIRDY GIFT TAGS,22847.67,22404.76,18288,1183,1097,-442.90999999999997,394,Commercial Description,Valid,0.0194,Low,0.9714,Core Commercial Product
22632,HAND WARMER RED POLKA DOT,22334.469999999998,22260.870000000003,11166,906,793,-73.6,36,Commercial Description,Valid,0.0033,Low,0.9644,Core Commercial Product
22969,HOMEMADE JAM SCENTED CANDLES,22441.850000000002,22256.05,15075,761,717,-185.79999999999998,140,Commercial Description,Valid,0.0083,Low,0.9687,Core Commercial Product
22941,CHRISTMAS LIGHTS 10 REINDEER,22619.82,21992.52,2707,547,509,-627.3,76,Commercial Description,Valid,0.0277,Low,0.9208,Core Commercial Product
85014A,BLACK/BLUE DOTS RUFFLED UMBRELLA,22024.5,21976.9,4660,705,686,-47.6,8,Commercial Description,Valid,0.0022,Low,0.9417,Core Commercial Product
84970S,HANGING HEART ZINC T-LIGHT HOLDER,22057.379999999997,21952.18,26756,1468,1439,-105.19999999999999,125,Commercial Description,Valid,0.0048,Low,0.9731,Core Commercial Product
22499,WOODEN UNION JACK BUNTING,21898.74,21857.09,3595,789,779,-41.650000000000006,7,Commercial Description,Valid,0.0019,Low,0.9325,Core Commercial Product
21210,SET OF 72 RETRO SPOT PAPER  DOILIES,21948.559999999998,21733.61,15243,1197,1172,-214.95,163,Commercial Description,Valid,0.0098,Low,0.9683,Core Commercial Product
21213,PACK OF 72 SKULL CAKE CASES,21661.75,21612.8,40563,1529,1484,-48.949999999999996,89,Commercial Description,Valid,0.0023,Low,0.9746,Core Commercial Product
47566B,TEA TIME PARTY BUNTING,25954.45,21463.95,5831,797,781,-4490.499999999999,1635,Commercial Description,Valid,0.173,High,0.9485,High Return Risk
23202,mailout,21810.43,21367.97,10941,893,886,-442.46000000000004,242,Commercial Description,Valid,0.0203,Low,0.963,Core Commercial Product
22456,NATURAL SLATE CHALKBOARD LARGE,21859.23,21357.73,4457,905,889,-501.5,104,Commercial Description,Valid,0.0229,Low,0.9395,Core Commercial Product
23209,mailout,21418.82,21353.02,13170,1126,1110,-65.8,40,Commercial Description,Valid,0.0031,Low,0.9655,Core Commercial Product
85048,15CM CHRISTMAS GLASS BALL 20 LIGHTS,21779.199999999997,21047.100000000002,2749,598,567,-732.1000000000003,98,Commercial Description,Valid,0.0336,Low,0.9204,Core Commercial Product
22294,HEART FILIGREE DOVE  SMALL,20962.02,20828.27,16923,925,868,-133.75,107,Commercial Description,Valid,0.0064,Low,0.9687,Core Commercial Product
22356,"CHARLOTTE BAG , PINK/WHITE SPOTS",21243.09,20812.35,20226,1651,1615,-430.74,582,Commercial Description,Valid,0.0203,Low,0.9703,Core Commercial Product
21218,RED SPOTTY BISCUIT TIN,21079.56,20791.06,5299,949,924,-288.5,82,Commercial Description,Valid,0.0137,Low,0.9447,Core Commercial Product
48116,DOOR MAT MULTICOLOUR STRIPE,20787.719999999998,20763.57,3459,508,503,-24.15,3,Commercial Description,Valid,0.0012,Low,0.929,Core Commercial Product
23206,LUNCH BAG APPLE DESIGN,20852.579999999998,20755.43,12147,1066,1049,-97.14999999999999,59,Commercial Description,Valid,0.0047,Low,0.9633,Core Commercial Product
22424,ENAMEL BREAD BIN CREAM,21267.71,20697.26,1557,781,767,-570.45,47,Commercial Description,Valid,0.0268,Low,0.888,Core Commercial Product
85150,LADIES & GENTLEMEN METAL SIGN,20650.379999999997,20585.43,8512,1160,1126,-64.95,26,Commercial Description,Valid,0.0031,Low,0.957,Core Commercial Product
21559,STRAWBERRY LUNCHBOX WITH CUTLERY,20612.52,20526.27,8313,1287,1243,-86.24999999999999,34,Commercial Description,Valid,0.0042,Low,0.9563,Core Commercial Product
20723,STRAWBERRY CHARLOTTE BAG,20640.22,20482.44,18441,1431,1402,-157.78,187,Commercial Description,Valid,0.0076,Low,0.9686,Core Commercial Product
37449,CERAMIC CAKE STAND + HANGING CAKES,22672.61,20428.51,2415,567,552,-2244.1000000000004,256,Commercial Description,Valid,0.099,Moderate,0.9126,Monitor Return Risk
22693,GROW A FLYTRAP OR SUNFLOWER IN TIN,20499.08,20409.08,17899,354,352,-90.0,72,Commercial Description,Valid,0.0044,Low,0.9679,Core Commercial Product
21216,"SET 3 RED SPOT TIN TEA,COFFEE,SUGAR",20484.030000000002,20372.28,3940,844,822,-111.75000000000001,23,Commercial Description,Valid,0.0055,Low,0.9335,Core Commercial Product
22568,FELTCRAFT CUSHION OWL,21022.75,20297.59,5683,931,886,-725.1600000000001,212,Commercial Description,Valid,0.0345,Low,0.9451,Core Commercial Product
22570,FELTCRAFT CUSHION RABBIT,21542.29,20077.96,5795,862,818,-1464.33,431,Commercial Description,Valid,0.068,Moderate,0.9459,Monitor Return Risk
22558,CLOTHES PEGS RETROSPOT PACK 24,20136.649999999998,20005.94,14263,1264,1221,-130.71,91,Commercial Description,Valid,0.0065,Low,0.9648,Core Commercial Product
22617,BAKING SET SPACEBOY DESIGN,21138.14,19985.64,4384,1033,1011,-1152.5000000000002,244,Commercial Description,Valid,0.0545,Moderate,0.9365,Monitor Return Risk
22900,SET 2 TEA TOWELS I LOVE LONDON,20459.510000000002,19906.91,6349,798,736,-552.5999999999999,216,Commercial Description,Valid,0.027,Low,0.9486,Core Commercial Product
22381,TOY TIDY PINK RETROSPOT,19960.07,19897.32,9442,1131,1110,-62.75000000000001,30,Commercial Description,Valid,0.0031,Low,0.9572,Core Commercial Product
21622,VINTAGE UNION JACK CUSHION COVER,20080.49,19862.69,3728,657,645,-217.80000000000004,44,Commercial Description,Valid,0.0108,Low,0.9302,Core Commercial Product
21174,POTTERING IN THE SHED METAL SIGN,19838.71,19830.91,9800,1175,1141,-7.8,4,Commercial Description,Valid,0.0004,Low,0.9577,Core Commercial Product
22569,FELTCRAFT CUSHION BUTTERFLY,20872.46,19701.83,5717,841,790,-1170.63,345,Commercial Description,Valid,0.0561,Moderate,0.9442,Monitor Return Risk
22413,METAL SIGN TAKE IT OR LEAVE IT,19937.79,19597.24,7037,911,888,-340.54999999999995,129,Commercial Description,Valid,0.0171,Low,0.9503,Core Commercial Product
84997A,GREEN 3 PIECE MINI DOTS CUTLERY SET,19693.32,19594.62,5262,618,597,-98.7,26,Commercial Description,Valid,0.005,Low,0.9418,Core Commercial Product
48129,DOOR MAT TOPIARY,19752.97,19593.82,3145,558,548,-159.15,23,Commercial Description,Valid,0.0081,Low,0.9227,Core Commercial Product
22952,72 CAKE CASES VINTAGE CHRISTMAS,19775.58,19534.38,33719,1232,1151,-241.2,552,Commercial Description,Valid,0.0122,Low,0.97,Core Commercial Product
22633,HAND WARMER UNION JACK,19521.130000000005,19428.730000000003,9498,1004,868,-92.39999999999999,44,Commercial Description,Valid,0.0047,Low,0.9563,Core Commercial Product
21908,CHOCOLATE THIS WAY METAL SIGN,19479.510000000002,19412.31,9839,1008,978,-67.2,32,Commercial Description,Valid,0.0034,Low,0.9569,Core Commercial Product
71053,WHITE METAL LANTERN,19654.86,19406.34,4976,797,746,-248.52,68,Commercial Description,Valid,0.0126,Low,0.9389,Core Commercial Product
22041,"RECORD FRAME 7"" SINGLE SIZE",19371.460000000003,19267.51,7861,582,560,-103.95,42,Commercial Description,Valid,0.0054,Low,0.952,Core Commercial Product
21108,FAIRY CAKE FLANNEL ASSORTED COLOUR,25859.050000000003,19244.68,13087,638,617,-6614.370000000001,3159,Commercial Description,Valid,0.2558,High,0.9612,High Return Risk
22555,PLASTERS IN TIN STRONGMAN,19240.02,19174.02,11882,1014,975,-66.0,40,Commercial Description,Valid,0.0034,Low,0.9596,Core Commercial Product
22427,ENAMEL FLOWER JUG CREAM,19463.56,19172.06,3238,846,826,-291.5,50,Commercial Description,Valid,0.015,Low,0.9227,Core Commercial Product
22169,FAMILY ALBUM WHITE PICTURE FRAME,19930.8,19164.95,2323,753,738,-765.8499999999999,96,Commercial Description,Valid,0.0384,Low,0.9065,Core Commercial Product
22561,WOODEN SCHOOL COLOURING SET,19740.54,19128.84,11771,950,916,-611.7,410,Commercial Description,Valid,0.031,Low,0.9592,Core Commercial Product
84947,ANTIQUE SILVER TEA GLASS ENGRAVED,19055.54,19009.75,16065,728,693,-45.79,38,Commercial Description,Valid,0.0024,Low,0.9637,Core Commercial Product
21484,CHICK GREY HOT WATER BOTTLE,18949.6,18750.25,4764,924,869,-199.35000000000002,63,Commercial Description,Valid,0.0105,Low,0.9362,Core Commercial Product
21340,CLASSIC METAL BIRDCAGE PLANT HOLDER,19398.11,18728.01,1772,449,439,-670.0999999999999,62,Commercial Description,Valid,0.0345,Low,0.8911,Core Commercial Product
21121,SET/10 RED SPOTTY PARTY CANDLES,18930.579999999998,18718.08,15639,906,883,-212.5,170,Commercial Description,Valid,0.0112,Low,0.9627,Core Commercial Product
84949,SILVER HANGING T-LIGHT HOLDER,19479.36,18664.11,12232,790,759,-815.25,525,Commercial Description,Valid,0.0419,Low,0.959,Core Commercial Product
22837,HOT WATER BOTTLE BABUSHKA,18742.170000000002,18584.52,4008,540,458,-157.65,37,Commercial Description,Valid,0.0084,Low,0.9307,Core Commercial Product
84945,MULTI COLOUR SILVER T-LIGHT HOLDER,18596.55,18454.82,22637,722,688,-141.73,156,Commercial Description,Valid,0.0076,Low,0.9659,Core Commercial Product
21035,SET/2 RED SPOTTY TEA TOWELS,18951.77,18381.120000000003,6079,964,934,-570.65,207,Commercial Description,Valid,0.0301,Low,0.9435,Core Commercial Product
21430,SET/3 RED GINGHAM ROSE STORAGE BOX,18514.2,18283.92,4741,858,837,-230.27999999999997,64,Commercial Description,Valid,0.0124,Low,0.9352,Core Commercial Product
22505,MEMO BOARD COTTAGE DESIGN,18318.08,18224.03,3818,781,756,-94.05000000000001,19,Commercial Description,Valid,0.0051,Low,0.9279,Core Commercial Product
22061,LARGE CAKE STAND  HANGING STRAWBERY,19260.67,18191.82,2185,591,583,-1068.8500000000001,115,Commercial Description,Valid,0.0555,Moderate,0.9016,Monitor Return Risk
22560,TRADITIONAL MODELLING CLAY,18270.55,18079.35,15192,780,746,-191.2,175,Commercial Description,Valid,0.0105,Low,0.9614,Core Commercial Product
21914,BLUE HARMONICA IN BOX,18194.35,18014.35,13308,1016,972,-180.0,144,Commercial Description,Valid,0.0099,Low,0.9594,Core Commercial Product
22847,"BREAD BIN, DINER STYLE, IVORY",18890.089999999997,17942.04,1191,534,520,-948.0500000000002,59,Commercial Description,Valid,0.0502,Moderate,0.8674,Monitor Return Risk
22352,LUNCHBOX WITH CUTLERY RETROSPOT,18067.42,17902.12,7172,1164,1137,-165.3,65,Commercial Description,Valid,0.0091,Low,0.9473,Core Commercial Product
22654,DELUXE SEWING KIT,18135.92,17818.62,2682,654,622,-317.29999999999995,54,Commercial Description,Valid,0.0175,Low,0.9126,Core Commercial Product
22557,PLASTERS IN TIN VINTAGE PAISLEY,17797.96,17665.96,10598,1201,1135,-132.0,80,Commercial Description,Valid,0.0074,Low,0.9552,Core Commercial Product
47591D,PINK FAIRY CAKE CHILD'S APRON,17685.219999999998,17661.82,9513,1177,1146,-23.4,12,Commercial Description,Valid,0.0013,Low,0.9529,Core Commercial Product
20718,RED SPOTTY SHOPPER BAG,17730.0,17658.26,13481,1238,1222,-71.74000000000001,58,Commercial Description,Valid,0.004,Low,0.9589,Core Commercial Product
22297,HEART IVORY TRELLIS SMALL,17926.6,17582.85,13871,1021,975,-343.75,275,Commercial Description,Valid,0.0192,Low,0.9594,Core Commercial Product
21889,WOODEN BOX OF DOMINOES,17612.57,17418.82,13212,1194,1137,-193.75,155,Commercial Description,Valid,0.011,Low,0.9582,Core Commercial Product
84467,ENGLISH ROSE DESIGN QUILTED THROW,17477.660000000003,17397.76,816,90,90,-79.9,2,Commercial Description,Valid,0.0046,Low,0.8447,Core Commercial Product
21156,RED SPOTTY CHILDS APRON,17487.36,17345.01,9391,975,946,-142.35,73,Commercial Description,Valid,0.0081,Low,0.952,Core Commercial Product
21136,PAINTED METAL PEARS ASSORTED,17661.15,17331.78,10606,767,744,-329.36999999999995,225,Commercial Description,Valid,0.0186,Low,0.9544,Core Commercial Product
84970L,SINGLE HEART ZINC T-LIGHT HOLDER,17359.49,17325.29,17561,1111,1084,-34.2,36,Commercial Description,Valid,0.002,Low,0.9613,Core Commercial Product
84992,72 SWEETHEART FAIRY CAKE CASES,17440.21,17264.88,35109,1536,1467,-175.32999999999998,410,Commercial Description,Valid,0.0101,Low,0.9655,Core Commercial Product
22147,FELTCRAFT BUTTERFLY HEARTS,18358.85,17216.05,13129,1226,1146,-1142.8000000000002,904,Commercial Description,Valid,0.0622,Moderate,0.9572,Monitor Return Risk
22366,DOORMAT AIRMAIL,17423.170000000002,17213.2,2561,589,579,-209.97000000000003,29,Commercial Description,Valid,0.0121,Low,0.9093,Core Commercial Product
22652,TRAVEL SEWING KIT,17237.230000000003,17144.83,10146,886,842,-92.40000000000002,56,Commercial Description,Valid,0.0054,Low,0.9529,Core Commercial Product
22776,SWEETHEART CAKESTAND 3 TIER,18074.68,16834.38,1762,763,742,-1240.3,135,Commercial Description,Valid,0.0686,Moderate,0.8873,Monitor Return Risk
23240,SET OF 4 KNICK KNACK TINS DOILEY,17000.17,16793.47,4177,563,553,-206.7,50,Commercial Description,Valid,0.0122,Low,0.9288,Core Commercial Product
21164,HOME SWEET HOME METAL SIGN,16812.300000000003,16747.4,6040,741,726,-64.9,22,Commercial Description,Valid,0.0039,Low,0.9401,Core Commercial Product
22273,FELTCRAFT DOLL MOLLY,20301.52,16729.870000000003,7398,847,819,-3571.65,1467,Commercial Description,Valid,0.1759,High,0.9457,High Return Risk
21535,RETRO SPOT SMALL MILK JUG,16842.1,16603.75,6778,1187,1162,-238.34999999999997,94,Commercial Description,Valid,0.0142,Low,0.9433,Core Commercial Product
35004C,SET OF 3 COLOURED  FLYING DUCKS,17027.23,16591.13,3280,400,388,-436.09999999999997,90,Commercial Description,Valid,0.0256,Low,0.9183,Core Commercial Product
21533,RETRO SPOT LARGE MILK JUG,16814.37,16424.52,3385,1009,989,-389.85,83,Commercial Description,Valid,0.0232,Low,0.9192,Core Commercial Product
72760B,VINTAGE CREAM 3 BASKET CAKE STAND,16569.55,16399.21,1714,510,501,-170.33999999999997,20,Commercial Description,Valid,0.0103,Low,0.8848,Core Commercial Product
22993,SET OF 4 PANTRY JELLY MOULDS,16478.480000000003,16393.48,12649,1099,1082,-85.0,68,Commercial Description,Valid,0.0052,Low,0.9551,Core Commercial Product
84375,SET OF 20 KIDS COOKIE CUTTERS,16463.22,16342.320000000002,7889,843,804,-120.89999999999999,61,Commercial Description,Valid,0.0073,Low,0.9464,Core Commercial Product
22662,LUNCH BAG DOLLY GIRL DESIGN,16368.31,16256.11,10037,1032,1004,-112.20000000000002,68,Commercial Description,Valid,0.0069,Low,0.9511,Core Commercial Product
22296,HEART IVORY TRELLIS LARGE,16260.510000000002,16247.31,9855,876,837,-13.200000000000001,8,Commercial Description,Valid,0.0008,Low,0.9507,Core Commercial Product
22619,SET OF 6 SOLDIER SKITTLES,16212.32,16174.82,4154,748,715,-37.5,10,Commercial Description,Valid,0.0023,Low,0.9272,Core Commercial Product
23301,GARDENERS KNEELING PAD KEEP CALM,16327.349999999999,16158.45,8807,931,924,-168.90000000000003,114,Commercial Description,Valid,0.0103,Low,0.9485,Core Commercial Product
22759,SET OF 3 NOTEBOOKS IN PARCEL,16176.04,16133.14,9523,846,803,-42.900000000000006,26,Commercial Description,Valid,0.0027,Low,0.9495,Core Commercial Product
22367,CHILDS APRON SPACEBOY DESIGN,16060.91,15961.46,8153,1201,1172,-99.45000000000002,51,Commercial Description,Valid,0.0062,Low,0.9464,Core Commercial Product
22193,RED DINER WALL CLOCK,16296.48,15959.88,1931,651,637,-336.59999999999997,41,Commercial Description,Valid,0.0207,Low,0.8903,Core Commercial Product
22487,WHITE WOOD GARDEN PLANT LADDER,16549.4,15913.8,1645,948,937,-635.6000000000001,70,Commercial Description,Valid,0.0384,Low,0.8812,Core Commercial Product
21155,RED SPOTTY PEG BAG,16475.41,15912.720000000001,6726,1014,995,-562.69,263,Commercial Description,Valid,0.0342,Low,0.9414,Core Commercial Product
22690,DOORMAT HOME SWEET HOME BLUE,15922.330000000002,15874.03,2540,452,445,-48.3,6,Commercial Description,Valid,0.003,Low,0.9059,Core Commercial Product
22940,FELTCRAFT CHRISTMAS FAIRY,16009.29,15863.039999999999,3653,646,593,-146.25,45,Commercial Description,Valid,0.0091,Low,0.9211,Core Commercial Product
23313,VINTAGE CHRISTMAS BUNTING,15798.659999999998,15734.31,2990,410,403,-64.35,13,Commercial Description,Valid,0.0041,Low,0.9131,Core Commercial Product
22749,FELTCRAFT PRINCESS CHARLOTTE DOLL,15729.83,15726.08,3855,723,686,-3.75,1,Commercial Description,Valid,0.0002,Low,0.9227,Core Commercial Product
21891,TRADITIONAL WOODEN SKIPPING ROPE,15713.0,15591.18,12249,904,853,-121.82,96,Commercial Description,Valid,0.0078,Low,0.9527,Core Commercial Product
22365,DOORMAT RESPECTABLE HOUSE,15503.93,15481.28,2355,461,449,-22.65,3,Commercial Description,Valid,0.0015,Low,0.9005,Core Commercial Product
84378,SET OF 3 HEART COOKIE CUTTERS,15567.380000000001,15436.32,11761,1302,1257,-131.06,105,Commercial Description,Valid,0.0084,Low,0.9519,Core Commercial Product
22909,SET OF 20 VINTAGE CHRISTMAS NAPKINS,15760.83,15426.609999999999,17684,1187,1100,-334.21999999999997,470,Commercial Description,Valid,0.0212,Low,0.9573,Core Commercial Product
21844,RETRO SPOT MUG,15518.32,15377.12,5430,531,519,-141.20000000000002,48,Commercial Description,Valid,0.0091,Low,0.9339,Core Commercial Product
22173,METAL 4 HOOK HANGER FRENCH CHATEAU,15768.949999999999,15369.230000000001,5137,1046,1011,-399.71999999999997,146,Commercial Description,Valid,0.0253,Low,0.9317,Core Commercial Product
22692,DOORMAT WELCOME TO OUR HOME,16024.84,15359.79,2139,620,617,-665.0500000000001,143,Commercial Description,Valid,0.0415,Low,0.894,Core Commercial Product
22730,ALARM CLOCK BAKELIKE IVORY,15534.04,15312.79,3868,797,760,-221.25,59,Commercial Description,Valid,0.0142,Low,0.9221,Core Commercial Product
84050,PINK HEART SHAPE EGG FRYING PAN,15419.169999999998,15310.62,10514,760,730,-108.55000000000001,67,Commercial Description,Valid,0.007,Low,0.9493,Core Commercial Product
22634,CHILDS BREAKFAST SET SPACEBOY,16223.499999999998,15297.3,1717,570,552,-926.2,96,Commercial Description,Valid,0.0571,Moderate,0.8817,Monitor Return Risk
21165,BEWARE OF THE CAT METAL SIGN,15351.349999999999,15268.76,9445,1015,975,-82.59,51,Commercial Description,Valid,0.0054,Low,0.9468,Core Commercial Product
21975,PACK OF 60 DINOSAUR CAKE CASES,15330.249999999998,15267.789999999999,31481,1346,1307,-62.459999999999994,119,Commercial Description,Valid,0.0041,Low,0.9599,Core Commercial Product
21094,SET/6 RED SPOTTY PAPER PLATES,15723.119999999999,15227.88,20160,1011,989,-495.24,762,Commercial Description,Valid,0.0315,Low,0.9574,Core Commercial Product
22170,PICTURE FRAME WOOD TRIPLE PORTRAIT,15800.66,15218.76,2406,612,604,-581.9000000000001,90,Commercial Description,Valid,0.0368,Low,0.9005,Core Commercial Product
21122,SET/10 PINK SPOTTY PARTY CANDLES,15280.06,15188.81,12601,834,811,-91.25,73,Commercial Description,Valid,0.006,Low,0.9512,Core Commercial Product
82582,AREA PATROLLED METAL SIGN,15426.070000000002,15184.69,7620,836,808,-241.38000000000002,129,Commercial Description,Valid,0.0156,Low,0.9415,Core Commercial Product
22946,WOODEN ADVENT CALENDAR CREAM,15451.32,15061.02,990,300,290,-390.29999999999995,26,Commercial Description,Valid,0.0253,Low,0.8487,Core Commercial Product
35970,ZINC FOLKART SLEIGH BELLS,15177.829999999998,15054.970000000001,8400,725,706,-122.86000000000001,74,Commercial Description,Valid,0.0081,Low,0.9439,Core Commercial Product
22635,CHILDS BREAKFAST SET DOLLY GIRL,16093.989999999998,14980.539999999999,1689,531,510,-1113.45,124,Commercial Description,Valid,0.0692,Moderate,0.8795,Monitor Return Risk
21877,HOME SWEET HOME MUG,16083.970000000001,14907.15,14154,796,779,-1176.8200000000002,1086,Commercial Description,Valid,0.0732,Moderate,0.9527,Monitor Return Risk
22179,SET 10 LIGHTS NIGHT OWL,14953.75,14735.9,2093,598,577,-217.85000000000002,35,Commercial Description,Valid,0.0146,Low,0.8911,Core Commercial Product
17003,BROCADE RING PURSE,14948.749999999998,14732.97,71394,482,463,-215.78,740,Commercial Description,Valid,0.0144,Low,0.9601,Core Commercial Product
21912,VINTAGE SNAKES & LADDERS,14934.740000000002,14649.74,3791,855,833,-285.0,76,Commercial Description,Valid,0.0191,Low,0.9191,Core Commercial Product
22485,SET OF 2 WOODEN MARKET CRATES,14779.84,14614.09,1109,431,427,-165.75,13,Commercial Description,Valid,0.0112,Low,0.855,Core Commercial Product
21770,OPEN CLOSED METAL SIGN,14807.300000000001,14594.900000000001,2991,661,660,-212.40000000000003,48,Commercial Description,Valid,0.0143,Low,0.9097,Core Commercial Product
22606,WOODEN SKITTLES GARDEN SET,14913.839999999998,14483.14,1071,400,395,-430.7,34,Commercial Description,Valid,0.0289,Low,0.8527,Core Commercial Product
21672,WHITE SPOT RED CERAMIC DRAWER KNOB,14479.91,14398.61,11172,843,824,-81.3,62,Commercial Description,Valid,0.0056,Low,0.948,Core Commercial Product
21169,YOU'RE CONFUSING ME METAL SIGN,14397.689999999999,14343.12,8924,821,787,-54.57,33,Commercial Description,Valid,0.0038,Low,0.944,Core Commercial Product
20748,KENSINGTON COFFEE SET,14317.98,14317.98,1604,190,186,0.0,0,Commercial Description,Valid,0.0,Low,0.8751,Core Commercial Product
21259,VICTORIAN SEWING BOX SMALL,14456.980000000001,14301.33,2395,698,673,-155.64999999999998,27,Commercial Description,Valid,0.0108,Low,0.8981,Core Commercial Product
21257,VICTORIAN SEWING BOX MEDIUM,14434.18,14228.880000000001,1587,568,549,-205.29999999999998,27,Commercial Description,Valid,0.0142,Low,0.8743,Core Commercial Product
22627,MINT KITCHEN SCALES,14356.68,14222.47,1634,694,677,-134.21,17,Commercial Description,Valid,0.0093,Low,0.876,Core Commercial Product
22444,GROW YOUR OWN PLANT IN A CAN,14229.899999999998,14086.15,10416,487,469,-143.75,115,Commercial Description,Valid,0.0101,Low,0.9461,Core Commercial Product
84380,SET OF 3 BUTTERFLY COOKIE CUTTERS,14329.029999999999,14062.64,10533,1156,1123,-266.39,231,Commercial Description,Valid,0.0186,Low,0.9461,Core Commercial Product
22295,HEART FILIGREE DOVE LARGE,14108.2,14009.2,8547,748,712,-99.0,60,Commercial Description,Valid,0.007,Low,0.9422,Core Commercial Product
23200,mailout,14188.960000000003,13945.33,7067,605,602,-243.63000000000005,134,Commercial Description,Valid,0.0172,Low,0.9374,Core Commercial Product
85232B,SET/3 RUSSIAN DOLL STACKING TINS,15436.48,13933.73,3082,586,573,-1502.7499999999998,305,Commercial Description,Valid,0.0974,Moderate,0.909,Monitor Return Risk
21098,CHRISTMAS TOILET ROLL,14174.210000000001,13927.82,9007,666,608,-246.39,219,Commercial Description,Valid,0.0174,Low,0.9427,Core Commercial Product
22109,FULL ENGLISH BREAKFAST PLATE,14197.680000000002,13926.42,3431,690,661,-271.26,78,Commercial Description,Valid,0.0191,Low,0.9126,Core Commercial Product
22333,RETRO SPORT PARTY BAG + STICKER SET,15865.82,13914.619999999999,10165,739,719,-1951.1999999999998,1328,Commercial Description,Valid,0.123,Moderate,0.9448,Monitor Return Risk
21668,RED STRIPE CERAMIC DRAWER KNOB,13958.039999999999,13851.62,10391,853,839,-106.41999999999999,87,Commercial Description,Valid,0.0076,Low,0.9449,Core Commercial Product
21669,BLUE STRIPE CERAMIC DRAWER KNOB,13971.07,13823.75,10669,844,819,-147.32,106,Commercial Description,Valid,0.0105,Low,0.9454,Core Commercial Product
21888,BINGO SET,14152.84,13774.09,3581,869,840,-378.75,101,Commercial Description,Valid,0.0268,Low,0.9144,Core Commercial Product
22191,EAU DE NIL DINER WALL CLOCK,16454.05,13750.2,1995,659,644,-2703.8500000000004,350,Commercial Description,Valid,0.1643,High,0.8853,High Return Risk
22621,TRADITIONAL KNITTING NANCY,13847.060000000001,13733.01,8764,914,887,-114.05000000000001,85,Commercial Description,Valid,0.0082,Low,0.9412,Core Commercial Product
23077,DOUGHNUT LIP GLOSS,13695.77,13620.77,10395,347,347,-75.0,60,Commercial Description,Valid,0.0055,Low,0.9443,Core Commercial Product
22667,RECIPE BOX RETRO SPOT DESIGN,14014.100000000002,13620.600000000002,4990,928,887,-393.50000000000006,138,Commercial Description,Valid,0.0281,Low,0.9252,Core Commercial Product
22150,3 STRIPEY MICE FELTCRAFT,14800.449999999999,13535.65,7948,995,947,-1264.8,764,Commercial Description,Valid,0.0855,Moderate,0.9386,Monitor Return Risk
21390,FILIGRIS HEART WITH BUTTERFLY,13590.47,13496.72,10967,611,592,-93.75,75,Commercial Description,Valid,0.0069,Low,0.9449,Core Commercial Product
23343,JUMBO BAG VINTAGE CHRISTMAS,13972.710000000001,13467.03,6078,498,488,-505.68,271,Commercial Description,Valid,0.0362,Low,0.931,Core Commercial Product
21539,RETRO SPOTS BUTTER DISH,13769.439999999999,13435.130000000001,2767,787,764,-334.31,70,Commercial Description,Valid,0.0243,Low,0.9025,Core Commercial Product
22207,FRYING PAN UNION FLAG,13715.91,13391.16,3185,501,486,-324.75,85,Commercial Description,Valid,0.0237,Low,0.9082,Core Commercial Product
C2,CARRIAGE,13676.0,13386.0,273,282,277,-290.0,7,Commercial Description,Valid,0.0212,Low,0.7826,Core Commercial Product
21673,WHITE SPOT BLUE CERAMIC DRAWER KNOB,13497.509999999998,13353.56,10221,792,773,-143.95,103,Commercial Description,Valid,0.0107,Low,0.943,Core Commercial Product
22636,CHILDS BREAKFAST SET CIRCUS PARADE,13761.73,13352.03,1657,532,513,-409.70000000000005,49,Commercial Description,Valid,0.0298,Low,0.8736,Core Commercial Product
22271,FELTCRAFT DOLL ROSIE,14156.300000000003,13317.100000000002,4945,818,796,-839.2,304,Commercial Description,Valid,0.0593,Moderate,0.9237,Monitor Return Risk
22846,BREAD BIN DINER STYLE RED,13750.369999999999,13299.77,855,377,365,-450.59999999999997,28,Commercial Description,Valid,0.0328,Low,0.8355,Core Commercial Product
47556B,TEA TIME TEA TOWELS,13691.02,13288.42,5201,459,455,-402.6,156,Commercial Description,Valid,0.0294,Low,0.9255,Core Commercial Product
23356,LOVE HOT WATER BOTTLE,13334.32,13280.77,2359,488,478,-53.55,9,Commercial Description,Valid,0.004,Low,0.893,Core Commercial Product
23328,SET 6 SCHOOL MILK BOTTLES IN CRATE,13269.49,13239.85,2841,414,410,-29.64,8,Commercial Description,Valid,0.0022,Low,0.9027,Core Commercial Product
22198,"POPCORN HOLDER , LARGE",13580.830000000002,13230.63,7793,756,710,-350.2,216,Commercial Description,Valid,0.0258,Low,0.936,Core Commercial Product
22553,PLASTERS IN TIN SKULLS,13405.510000000002,13207.51,8009,1160,1101,-198.00000000000003,120,Commercial Description,Valid,0.0148,Low,0.937,Core Commercial Product
15044A,PINK PAPER PARASOL,13210.85,13202.800000000001,4964,252,252,-8.05,3,Commercial Description,Valid,0.0006,Low,0.9228,Core Commercial Product
35400,WOODEN BOX ADVENT CALENDAR,13999.099999999999,13192.8,1435,477,471,-806.3000000000001,94,Commercial Description,Valid,0.0576,Moderate,0.864,Monitor Return Risk
21935,SUKI  SHOULDER BAG,13353.810000000001,13157.66,7209,953,926,-196.15,131,Commercial Description,Valid,0.0147,Low,0.934,Core Commercial Product
22804,CANDLEHOLDER PINK HANGING HEART,14414.08,13119.28,5377,715,682,-1294.8000000000002,504,Commercial Description,Valid,0.0898,Moderate,0.9255,Monitor Return Risk
20676,RED SPOTTY BOWL,13279.16,13112.35,10620,1001,980,-166.81,145,Commercial Description,Valid,0.0126,Low,0.9419,Core Commercial Product
21380,WOODEN HAPPY BIRTHDAY GARLAND,14643.48,13041.78,5047,669,657,-1601.7,582,Commercial Description,Valid,0.1094,Moderate,0.9228,Monitor Return Risk
21871,SAVE THE PLANET MUG,13900.510000000002,13007.07,11654,843,806,-893.44,807,Commercial Description,Valid,0.0643,Moderate,0.943,Monitor Return Risk
22584,PACK OF 6 PANNETONE GIFT BOXES,13427.79,13001.94,5271,611,594,-425.8500000000001,197,Commercial Description,Valid,0.0317,Low,0.9244,Core Commercial Product
22646,CERAMIC STRAWBERRY CAKE MONEY BANK,13151.210000000001,12996.21,9253,956,915,-154.99999999999997,109,Commercial Description,Valid,0.0118,Low,0.9385,Core Commercial Product
22236,CAKE STAND 3 TIER MAGIC GARDEN,14109.67,12988.42,1140,474,472,-1121.25,95,Commercial Description,Valid,0.0795,Moderate,0.8502,Monitor Return Risk
23108,SET OF 10 LED DOLLY LIGHTS,13290.52,12972.92,2219,391,390,-317.6,64,Commercial Description,Valid,0.0239,Low,0.8875,Core Commercial Product
84988,SET OF 72 PINK HEART PAPER DOILIES,13059.199999999999,12967.929999999998,8393,1040,1023,-91.27000000000001,64,Commercial Description,Valid,0.007,Low,0.9364,Core Commercial Product
22766,PHOTO FRAME CORNICE,13094.44,12908.59,4436,684,660,-185.85,63,Commercial Description,Valid,0.0142,Low,0.9178,Core Commercial Product
22088,PAPER BUNTING COLOURED LACE,13103.44,12905.390000000001,4407,639,626,-198.04999999999998,75,Commercial Description,Valid,0.0151,Low,0.9176,Core Commercial Product
22144,CHRISTMAS CRAFT LITTLE FRIENDS,12994.69,12895.99,5368,775,712,-98.7,47,Commercial Description,Valid,0.0076,Low,0.9239,Core Commercial Product
22947,WOODEN ADVENT CALENDAR RED,13111.849999999999,12890.58,1026,234,221,-221.27,15,Commercial Description,Valid,0.0169,Low,0.8433,Core Commercial Product
21906,PHARMACIE FIRST AID TIN,13143.55,12873.550000000001,1813,450,433,-270.0,40,Commercial Description,Valid,0.0205,Low,0.8758,Core Commercial Product
21704,BAG 250g SWIRLY MARBLES,13343.35,12831.279999999999,17299,594,575,-512.0699999999999,702,Commercial Description,Valid,0.0384,Low,0.9471,Core Commercial Product
22464,HANGING METAL HEART LANTERN,13129.580000000002,12750.68,7922,835,813,-378.90000000000003,250,Commercial Description,Valid,0.0289,Low,0.9341,Core Commercial Product
22616,PACK OF 12 LONDON TISSUES,12747.23,12725.15,40106,875,829,-22.08,72,Commercial Description,Valid,0.0017,Low,0.9517,Core Commercial Product
23207,LUNCH BAG ALPHABET DESIGN,13325.55,12665.95,7830,769,753,-659.6,448,Commercial Description,Valid,0.0495,Low,0.9333,Core Commercial Product
22580,ADVENT CALENDAR GINGHAM SACK,13277.720000000001,12636.92,2338,518,503,-640.8,124,Commercial Description,Valid,0.0483,Low,0.8891,Core Commercial Product
22943,CHRISTMAS LIGHTS 10 VINTAGE BAUBLES,12783.82,12563.87,2601,409,375,-219.95,45,Commercial Description,Valid,0.0172,Low,0.8956,Core Commercial Product
62018,SOMBRERO,12456.7,12456.7,9570,130,127,0.0,0,Commercial Description,Valid,0.0,Low,0.9374,Core Commercial Product
22082,RIBBON REEL STRIPES DESIGN,12504.77,12453.62,7427,1011,962,-51.15,31,Commercial Description,Valid,0.0041,Low,0.9317,Core Commercial Product
22834,HAND WARMER BABUSHKA DESIGN,12879.75,12397.300000000001,7641,681,605,-482.45000000000005,287,Commercial Description,Valid,0.0375,Low,0.9322,Core Commercial Product
22303,COFFEE MUG APPLES DESIGN,12701.630000000001,12365.18,5439,570,569,-336.45000000000005,139,Commercial Description,Valid,0.0265,Low,0.9229,Core Commercial Product
75049L,LARGE CIRCULAR MIRROR MOBILE,13156.309999999998,12347.56,13969,410,399,-808.75,903,Commercial Description,Valid,0.0615,Moderate,0.9434,Monitor Return Risk
22623,BOX OF VINTAGE JIGSAW BLOCKS,12665.58,12310.53,2353,569,551,-355.05,79,Commercial Description,Valid,0.028,Low,0.8886,Core Commercial Product
22631,CIRCUS PARADE LUNCHBOX,12368.009999999998,12295.859999999999,6327,696,672,-72.14999999999999,37,Commercial Description,Valid,0.0058,Low,0.927,Core Commercial Product
22301,COFFEE MUG CAT + BIRD DESIGN,12399.66,12205.11,5104,697,673,-194.54999999999998,77,Commercial Description,Valid,0.0157,Low,0.92,Core Commercial Product
21671,RED SPOT CERAMIC DRAWER KNOB,12426.880000000001,12189.57,9552,760,748,-237.30999999999997,170,Commercial Description,Valid,0.0191,Low,0.9362,Core Commercial Product
21124,SET/10 BLUE SPOTTY PARTY CANDLES,12242.8,12181.550000000001,10084,651,632,-61.25,49,Commercial Description,Valid,0.005,Low,0.9372,Core Commercial Product
22729,ALARM CLOCK BAKELIKE ORANGE,12253.880000000001,12122.99,3093,669,631,-130.89,35,Commercial Description,Valid,0.0107,Low,0.9012,Core Commercial Product
21670,BLUE SPOT CERAMIC DRAWER KNOB,12183.79,12083.789999999999,8918,794,779,-100.0,72,Commercial Description,Valid,0.0082,Low,0.9348,Core Commercial Product
22192,BLUE DINER WALL CLOCK,12274.76,12005.31,1444,577,563,-269.45,33,Commercial Description,Valid,0.022,Low,0.8601,Core Commercial Product
22791,T-LIGHT GLASS FLUTED ANTIQUE,12211.71,12002.710000000001,9846,472,447,-209.0,190,Commercial Description,Valid,0.0171,Low,0.9361,Core Commercial Product
22750,FELTCRAFT PRINCESS LOLA DOLL,12035.22,11997.72,3214,681,650,-37.5,10,Commercial Description,Valid,0.0031,Low,0.9022,Core Commercial Product
23174,REGENCY SUGAR BOWL GREEN,12342.43,11997.23,3055,341,339,-345.2,88,Commercial Description,Valid,0.028,Low,0.9002,Core Commercial Product
21937,STRAWBERRY   PICNIC BAG,12091.96,11922.86,4114,686,674,-169.1,58,Commercial Description,Valid,0.014,Low,0.912,Core Commercial Product
84212,"ASSORTED FLOWER COLOUR ""LEIS""",11962.14,11915.34,24795,280,278,-46.8,72,Commercial Description,Valid,0.0039,Low,0.9466,Core Commercial Product
21242,RED SPOTTY PLATE,11979.4,11894.9,7120,673,663,-84.50000000000001,50,Commercial Description,Valid,0.0071,Low,0.9286,Core Commercial Product
21154,RED SPOTTY OVEN GLOVE,12100.22,11859.47,8396,957,910,-240.75,223,Commercial Description,Valid,0.0199,Low,0.9323,Core Commercial Product
21326,AGED GLASS SILVER T-LIGHT HOLDER,11886.68,11820.380000000001,18224,686,654,-66.3,102,Commercial Description,Valid,0.0056,Low,0.9443,Core Commercial Product
21428,SET3 BOOK BOX GREEN GINGHAM FLOWER,11975.93,11809.93,2935,487,475,-166.0,42,Commercial Description,Valid,0.0139,Low,0.8982,Core Commercial Product
20969,RED FLORAL FELTCRAFT SHOULDER BAG,12300.100000000002,11808.19,3290,639,615,-491.91,145,Commercial Description,Valid,0.04,Low,0.9019,Core Commercial Product
22243,"HOOK, 5 HANGER ,MAGIC TOADSTOOL RED",11949.41,11807.51,7731,419,403,-141.90000000000003,86,Commercial Description,Valid,0.0119,Low,0.9295,Core Commercial Product
22488,NATURAL SLATE RECTANGLE CHALKBOARD,11874.220000000001,11793.37,6951,839,825,-80.85000000000001,49,Commercial Description,Valid,0.0068,Low,0.9272,Core Commercial Product
84987,SET OF 36 TEATIME PAPER DOILIES,11890.900000000001,11793.199999999999,8150,831,818,-97.7,70,Commercial Description,Valid,0.0082,Low,0.9308,Core Commercial Product
47567B,TEA TIME KITCHEN APRON,11814.990000000002,11738.94,2187,373,358,-76.05000000000001,13,Commercial Description,Valid,0.0064,Low,0.8815,Core Commercial Product
22838,3 TIER CAKE TIN RED AND CREAM,13519.359999999999,11717.61,936,304,294,-1801.7500000000002,137,Commercial Description,Valid,0.1333,Moderate,0.8323,Monitor Return Risk
22637,PIGGY BANK RETROSPOT,11882.33,11695.13,4611,656,630,-187.2,75,Commercial Description,Valid,0.0158,Low,0.9134,Core Commercial Product
22968,ROSE COTTAGE KEEPSAKE BOX,11952.259999999998,11683.81,1194,349,323,-268.44999999999993,28,Commercial Description,Valid,0.0225,Low,0.8474,Core Commercial Product
22740,POLKA DOT PEN,11670.689999999999,11670.689999999999,13628,317,303,0.0,0,Commercial Description,Valid,0.0,Low,0.9394,Core Commercial Product
22508,DOORSTOP RETROSPOT HEART,11750.29,11637.79,2923,728,705,-112.5,30,Commercial Description,Valid,0.0096,Low,0.8966,Core Commercial Product
79323W,WHITE CHERRY LIGHTS,18048.72,11627.62,3004,478,475,-6421.099999999999,1088,Commercial Description,Valid,0.3558,Very High,0.8975,High Return Risk
21429,RED GINGHAM ROSE JEWELLERY BOX,11743.529999999999,11623.23,6568,1068,1020,-120.3,70,Commercial Description,Valid,0.0102,Low,0.9247,Core Commercial Product
21260,FIRST AID TIN,11775.679999999998,11578.43,3577,558,541,-197.25,61,Commercial Description,Valid,0.0168,Low,0.9041,Core Commercial Product
22795,SWEETHEART RECIPE BOOK STAND,11697.31,11578.36,1661,535,505,-118.95,23,Commercial Description,Valid,0.0102,Low,0.865,Core Commercial Product
21787,RAIN PONCHO WITH RED SPOTS,11986.36,11566.359999999999,15184,489,473,-420.0,528,Commercial Description,Valid,0.035,Low,0.9399,Core Commercial Product
23300,GARDENERS KNEELING PAD CUP OF TEA,11785.99,11554.39,6809,773,765,-231.60000000000002,152,Commercial Description,Valid,0.0197,Low,0.9248,Core Commercial Product
22844,VINTAGE CREAM DOG FOOD CONTAINER,11788.72,11552.42,1247,521,507,-236.3,29,Commercial Description,Valid,0.02,Low,0.8483,Core Commercial Product
22988,SOLDIERS EGG CUP,11673.72,11540.94,9684,498,458,-132.78,112,Commercial Description,Valid,0.0114,Low,0.9324,Core Commercial Product
22468,BABUSHKA LIGHTS STRING OF 10,11846.630000000001,11494.33,1777,437,419,-352.3,58,Commercial Description,Valid,0.0297,Low,0.8683,Core Commercial Product
85042,ANTIQUE LILY FAIRY LIGHTS,12234.560000000001,11477.16,2685,361,356,-757.4000000000001,168,Commercial Description,Valid,0.0619,Moderate,0.8911,Monitor Return Risk
37370,RETRO COFFEE MUGS ASSORTED,11549.060000000001,11474.14,7478,563,511,-74.92,61,Commercial Description,Valid,0.0065,Low,0.9265,Core Commercial Product
22663,JUMBO BAG DOLLY GIRL DESIGN,11527.83,11461.53,5791,703,691,-66.3,34,Commercial Description,Valid,0.0058,Low,0.9192,Core Commercial Product
20975,12 PENCILS SMALL TUBE RED SPOTTY,12255.73,11397.380000000001,18668,982,919,-858.3500000000001,1483,Commercial Description,Valid,0.07,Moderate,0.9415,Monitor Return Risk
15056P,EDWARDIAN PARASOL PINK,12479.470000000001,11388.42,2526,358,354,-1091.0500000000002,313,Commercial Description,Valid,0.0874,Moderate,0.8879,Monitor Return Risk
22151,PLACE SETTING WHITE HEART,11692.69,11360.23,27749,756,723,-332.46000000000004,915,Commercial Description,Valid,0.0284,Low,0.9436,Core Commercial Product
23581,JUMBO BAG PAISLEY PARK,11581.830000000002,11357.07,5020,349,342,-224.76000000000002,122,Commercial Description,Valid,0.0194,Low,0.9141,Core Commercial Product
21172,PARTY METAL SIGN,11461.77,11350.92,7738,1005,981,-110.85000000000001,77,Commercial Description,Valid,0.0097,Low,0.9263,Core Commercial Product
22649,STRAWBERRY FAIRY CAKE TEAPOT,11698.12,11345.220000000001,2325,551,533,-352.90000000000003,72,Commercial Description,Valid,0.0302,Low,0.8819,Core Commercial Product
22620,4 TRADITIONAL SPINNING TOPS,11325.050000000001,11294.65,8347,888,846,-30.4,24,Commercial Description,Valid,0.0027,Low,0.9281,Core Commercial Product
22417,PACK OF 60 SPACEBOY CAKE CASES,11250.09,11187.39,21625,1143,1108,-62.7,114,Commercial Description,Valid,0.0056,Low,0.9416,Core Commercial Product
22694,WICKER STAR,11532.0,11184.0,5115,921,866,-348.0,180,Commercial Description,Valid,0.0302,Low,0.9141,Core Commercial Product
21868,POTTING SHED TEA MUG,11383.720000000001,11133.33,9235,943,916,-250.39000000000001,207,Commercial Description,Valid,0.022,Low,0.9294,Core Commercial Product
47599A,PINK PARTY BAGS,11342.279999999999,11094.92,6043,383,374,-247.35999999999999,160,Commercial Description,Valid,0.0218,Low,0.9191,Core Commercial Product
22768,FAMILY PHOTO FRAME CORNICE,11464.16,11088.96,1195,400,381,-375.19999999999993,38,Commercial Description,Valid,0.0327,Low,0.844,Core Commercial Product
21922,UNION STRIPE WITH FRINGE  HAMMOCK,11273.97,11083.32,1449,400,395,-190.64999999999998,27,Commercial Description,Valid,0.0169,Low,0.8547,Core Commercial Product
22812,PACK 3 BOXES CHRISTMAS PANNETONE,11165.679999999998,11074.029999999999,5049,517,473,-91.64999999999999,47,Commercial Description,Valid,0.0082,Low,0.913,Core Commercial Product
72351B,SET/6 PINK  BUTTERFLY T-LIGHTS,11260.54,11038.94,5816,521,506,-221.6,127,Commercial Description,Valid,0.0197,Low,0.9174,Core Commercial Product
22130,PARTY CONE CHRISTMAS DECORATION,11244.119999999997,11003.74,9918,466,434,-240.38000000000002,327,Commercial Description,Valid,0.0214,Low,0.9302,Core Commercial Product
20828,GLITTER BUTTERFLY CLIPS,11062.76,10986.26,4468,641,612,-76.5,30,Commercial Description,Valid,0.0069,Low,0.9087,Core Commercial Product
21907,I'M ON HOLIDAY METAL SIGN,11022.23,10978.130000000001,5242,794,776,-44.10000000000001,21,Commercial Description,Valid,0.004,Low,0.9139,Core Commercial Product
21498,RED SPOTS  WRAP,10999.92,10957.92,27126,815,807,-42.0,100,Commercial Description,Valid,0.0038,Low,0.9413,Core Commercial Product
22174,PHOTO CUBE,10993.4,10914.2,5423,598,562,-79.2,48,Commercial Description,Valid,0.0072,Low,0.9148,Core Commercial Product
21833,CAMOUFLAGE LED TORCH,11208.349999999999,10910.85,6557,471,455,-297.5,190,Commercial Description,Valid,0.0265,Low,0.9205,Core Commercial Product
22655,VINTAGE RED KITCHEN CABINET,13140.0,10819.5,77,69,68,-2320.5,12,Commercial Description,Valid,0.1766,High,0.7275,High Return Risk
22595,CHRISTMAS GINGHAM HEART,10964.099999999999,10756.74,13008,837,798,-207.36,288,Commercial Description,Valid,0.0189,Low,0.9337,Core Commercial Product
22668,PINK BABY BUNTING,10933.51,10755.86,3593,591,585,-177.65,67,Commercial Description,Valid,0.0162,Low,0.9,Core Commercial Product
22466,FAIRY TALE COTTAGE NIGHTLIGHT,10806.52,10729.72,5876,418,400,-76.8,42,Commercial Description,Valid,0.0071,Low,0.9166,Core Commercial Product
22274,FELTCRAFT DOLL EMILY,10926.5,10727.400000000001,3818,688,664,-199.10000000000002,74,Commercial Description,Valid,0.0182,Low,0.9019,Core Commercial Product
21558,SKULL LUNCHBOX WITH CUTLERY,10945.170000000002,10709.67,4244,807,779,-235.50000000000003,110,Commercial Description,Valid,0.0215,Low,0.9057,Core Commercial Product
22950,36 DOILIES VINTAGE CHRISTMAS,11452.64,10678.99,8333,371,367,-773.65,613,Commercial Description,Valid,0.0676,Moderate,0.9253,Monitor Return Risk
22348,TEA BAG PLATE RED SPOTTY,10708.33,10623.33,12566,997,970,-85.0,100,Commercial Description,Valid,0.0079,Low,0.9323,Core Commercial Product
82001S,VINYL RECORD FRAME SILVER,10646.87,10606.34,2956,242,235,-40.53,11,Commercial Description,Valid,0.0038,Low,0.8916,Core Commercial Product
22418,10 COLOUR SPACEBOY PEN,10790.32,10598.22,12730,626,596,-192.10000000000002,226,Commercial Description,Valid,0.0178,Low,0.9323,Core Commercial Product
21890,S/6 WOODEN SKITTLES IN COTTON BAG,10625.75,10589.650000000001,3538,586,555,-36.1,12,Commercial Description,Valid,0.0034,Low,0.8981,Core Commercial Product
21624,VINTAGE UNION JACK DOORSTOP,10712.55,10565.95,1783,415,406,-146.6,28,Commercial Description,Valid,0.0137,Low,0.8636,Core Commercial Product
20754,RETRO RED SPOTTY WASHING UP GLOVES,10604.550000000001,10538.25,5157,888,859,-66.29999999999998,33,Commercial Description,Valid,0.0063,Low,0.9112,Core Commercial Product
21086,SET/6 RED SPOTTY PAPER CUPS,10939.75,10517.11,16887,875,849,-422.64000000000004,792,Commercial Description,Valid,0.0386,Low,0.9358,Core Commercial Product
22064,PINK DOUGHNUT TRINKET POT,10737.11,10515.86,6678,759,732,-221.25,137,Commercial Description,Valid,0.0206,Low,0.9188,Core Commercial Product
21982,PACK OF 12 SUKI TISSUES,10495.890000000001,10485.06,32371,761,723,-10.83,37,Commercial Description,Valid,0.001,Low,0.9398,Core Commercial Product
22349,"DOG BOWL , CHASING BALL DESIGN",10608.04,10475.92,2585,384,379,-132.12,36,Commercial Description,Valid,0.0125,Low,0.8846,Core Commercial Product
22966,GINGERBREAD MAN COOKIE CUTTER,10480.130000000001,10473.88,8486,782,736,-6.25,5,Commercial Description,Valid,0.0006,Low,0.9244,Core Commercial Product
21974,SET OF 36 PAISLEY FLOWER DOILIES,10656.3,10454.849999999999,7059,828,820,-201.45,140,Commercial Description,Valid,0.0189,Low,0.9198,Core Commercial Product
22645,CERAMIC HEART FAIRY CAKE MONEY BANK,10525.49,10399.539999999999,5826,789,758,-125.94999999999999,87,Commercial Description,Valid,0.012,Low,0.9142,Core Commercial Product
22302,COFFEE MUG PEARS  DESIGN,10492.45,10398.1,4926,414,411,-94.34999999999998,37,Commercial Description,Valid,0.009,Low,0.9084,Core Commercial Product
22725,ALARM CLOCK BAKELIKE CHOCOLATE,10593.95,10365.2,2580,592,564,-228.75,61,Commercial Description,Valid,0.0216,Low,0.8839,Core Commercial Product
22748,POPPY'S PLAYHOUSE KITCHEN,10396.69,10352.59,4245,793,746,-44.1,21,Commercial Description,Valid,0.0042,Low,0.9035,Core Commercial Product
22771,CLEAR DRAWER KNOB ACRYLIC EDWARDIAN,10382.19,10344.69,7666,537,516,-37.5,30,Commercial Description,Valid,0.0036,Low,0.9209,Core Commercial Product
23208,LUNCH BAG VINTAGE LEAF DESIGN,10441.91,10332.06,6308,681,672,-109.85,73,Commercial Description,Valid,0.0105,Low,0.9159,Core Commercial Product
21892,TRADITIONAL WOODEN CATCH CUP GAME,10346.57,10279.07,7953,877,830,-67.5,54,Commercial Description,Valid,0.0065,Low,0.9217,Core Commercial Product
21488,RED WHITE SCARF  HOT WATER BOTTLE,10266.230000000001,10266.230000000001,2443,381,361,0.0,0,Commercial Description,Valid,0.0,Low,0.8799,Core Commercial Product
21531,RETRO SPOT SUGAR JAM BOWL,10318.869999999999,10217.92,4134,819,800,-100.94999999999999,41,Commercial Description,Valid,0.0098,Low,0.9021,Core Commercial Product
22120,WELCOME  WOODEN BLOCK LETTERS,10404.220000000001,10216.62,1026,378,374,-187.60000000000002,19,Commercial Description,Valid,0.018,Low,0.83,Core Commercial Product
20682,RED SPOTTY CHILDS UMBRELLA,10388.779999999999,10210.03,3123,630,612,-178.75,57,Commercial Description,Valid,0.0172,Low,0.8904,Core Commercial Product
21033,JUMBO BAG CHARLIE AND LOLA TOYS,10240.04,10208.75,4623,591,581,-31.29,11,Commercial Description,Valid,0.0031,Low,0.9048,Core Commercial Product
84880,WHITE WIRE EGG HOLDER,10275.26,10196.36,1802,389,381,-78.9,13,Commercial Description,Valid,0.0077,Low,0.8618,Core Commercial Product
21756,BATH BUILDING BLOCK WORD,10222.16,10186.460000000001,1655,604,585,-35.7,6,Commercial Description,Valid,0.0035,Low,0.8566,Core Commercial Product
22380,TOY TIDY SPACEBOY,10274.419999999998,10179.92,4985,711,698,-94.5,45,Commercial Description,Valid,0.0092,Low,0.9071,Core Commercial Product
22089,PAPER BUNTING VINTAGE PAISLEY,10329.91,10156.01,3514,567,555,-173.89999999999998,61,Commercial Description,Valid,0.0168,Low,0.8944,Core Commercial Product
22970,LONDON BUS COFFEE MUG,10140.6,10107.0,4334,322,320,-33.6,16,Commercial Description,Valid,0.0033,Low,0.9025,Core Commercial Product
22904,CALENDAR PAPER CUT DESIGN,10955.84,10069.94,3516,486,466,-885.9,322,Commercial Description,Valid,0.0809,Moderate,0.8942,Monitor Return Risk
23170,REGENCY TEA PLATE ROSES,11097.250000000002,10050.95,6857,457,457,-1046.3,718,Commercial Description,Valid,0.0943,Moderate,0.9166,Monitor Return Risk
22840,ROUND CAKE TIN VINTAGE RED,10263.3,10025.800000000001,1348,437,423,-237.49999999999997,30,Commercial Description,Valid,0.0231,Low,0.8438,Core Commercial Product
22131,FOOD CONTAINER SET 3 LOVE HEART,10045.14,10016.039999999999,5304,729,696,-29.099999999999998,16,Commercial Description,Valid,0.0029,Low,0.9087,Core Commercial Product
23582,VINTAGE DOILY JUMBO BAG RED,10206.41,9983.73,4802,265,262,-222.68,121,Commercial Description,Valid,0.0218,Low,0.9049,Core Commercial Product
84792,ENCHANTED BIRD COATHANGER 5 HOOK,10259.05,9979.300000000001,2325,541,527,-279.75,71,Commercial Description,Valid,0.0273,Low,0.8744,Core Commercial Product
22327,ROUND SNACK BOXES SET OF 4 SKULLS,10054.49,9978.19,3095,693,661,-76.30000000000001,26,Commercial Description,Valid,0.0076,Low,0.8885,Core Commercial Product
22549,PICTURE DOMINOES,9968.060000000001,9966.609999999999,6680,746,712,-1.45,1,Commercial Description,Valid,0.0001,Low,0.9151,Core Commercial Product
22745,POPPY'S PLAYHOUSE BEDROOM,9993.66,9966.36,4073,753,706,-27.299999999999997,13,Commercial Description,Valid,0.0027,Low,0.8993,Core Commercial Product
22300,COFFEE MUG DOG + BALL DESIGN,10095.2,9934.550000000001,4191,567,548,-160.65000000000003,63,Commercial Description,Valid,0.0159,Low,0.9003,Core Commercial Product
20677,PINK SPOTTY BOWL,9936.14,9918.83,7888,783,764,-17.310000000000002,14,Commercial Description,Valid,0.0017,Low,0.9186,Core Commercial Product
22180,RETRO SPOT LAMP,10403.21,9910.06,1004,455,444,-493.14999999999986,50,Commercial Description,Valid,0.0474,Low,0.8255,Core Commercial Product
23171,REGENCY TEA PLATE GREEN,10051.989999999998,9905.74,6247,388,386,-146.25,97,Commercial Description,Valid,0.0145,Low,0.9124,Core Commercial Product
23076,ICE CREAM SUNDAE LIP GLOSS,9935.760000000002,9900.76,8076,279,279,-35.0,28,Commercial Description,Valid,0.0035,Low,0.9189,Core Commercial Product
20979,36 PENCILS TUBE RED SPOTTY,10343.06,9879.88,8213,745,736,-463.18,390,Commercial Description,Valid,0.0448,Low,0.9191,Core Commercial Product
22429,ENAMEL MEASURING JUG CREAM,10056.39,9869.39,2325,675,653,-187.0,44,Commercial Description,Valid,0.0186,Low,0.8731,Core Commercial Product
16014,SMALL CHINESE STYLE SCISSOR,9839.400000000001,9839.4,30370,97,93,0.0,0,Commercial Description,Valid,0.0,Low,0.9346,Core Commercial Product
79323P,PINK CHERRY LIGHTS,13787.93,9766.58,2281,354,353,-4021.35,693,Commercial Description,Valid,0.2917,High,0.8716,High Return Risk
79000,MOROCCAN TEA GLASS,9909.519999999997,9736.769999999999,12174,463,456,-172.74999999999997,239,Commercial Description,Valid,0.0174,Low,0.9256,Core Commercial Product
22665,RECIPE BOX BLUE SKETCHBOOK DESIGN,9843.73,9710.83,3022,754,728,-132.90000000000003,46,Commercial Description,Valid,0.0135,Low,0.8861,Core Commercial Product
47570B,TEA TIME TABLE CLOTH,9664.869999999999,9643.57,977,232,227,-21.3,2,Commercial Description,Valid,0.0022,Low,0.823,Core Commercial Product
82552,WASHROOM METAL SIGN,9645.670000000002,9636.92,7036,817,799,-8.75,7,Commercial Description,Valid,0.0009,Low,0.9144,Core Commercial Product
35961,FOLKART ZINC HEART CHRISTMAS DEC,9632.63,9631.78,11521,663,638,-0.85,1,Commercial Description,Valid,0.0001,Low,0.9244,Core Commercial Product
21749,LARGE RED SPOT WINDMILL,10997.82,9615.92,5661,298,296,-1381.8999999999999,744,Commercial Description,Valid,0.1257,Moderate,0.9076,Monitor Return Risk
20970,PINK FLORAL FELTCRAFT SHOULDER BAG,9617.0,9605.75,2543,601,576,-11.25,3,Commercial Description,Valid,0.0012,Low,0.8779,Core Commercial Product
21781,MA CAMPAGNE CUTLERY BOX,10215.419999999998,9599.869999999999,661,394,384,-615.5500000000001,45,Commercial Description,Valid,0.0603,Moderate,0.8023,Monitor Return Risk
84030E,ENGLISH ROSE HOT WATER BOTTLE,9566.010000000002,9510.76,2238,521,490,-55.25,13,Commercial Description,Valid,0.0058,Low,0.8697,Core Commercial Product
21716,BOYS VINTAGE TIN SEASIDE BUCKET,9490.939999999999,9465.44,3734,507,498,-25.5,10,Commercial Description,Valid,0.0027,Low,0.8932,Core Commercial Product
21385,IVORY HANGING DECORATION  HEART,9440.95,9435.85,10918,724,695,-5.1,6,Commercial Description,Valid,0.0005,Low,0.9227,Core Commercial Product
22121,NOEL WOODEN BLOCK LETTERS,9482.73,9435.130000000001,1529,475,447,-47.6,8,Commercial Description,Valid,0.005,Low,0.8477,Core Commercial Product
84692,BOX OF 24 COCKTAIL PARASOLS,9514.94,9428.0,19430,1186,1137,-86.94,207,Commercial Description,Valid,0.0091,Low,0.9301,Core Commercial Product
22195,HEART MEASURING SPOONS LARGE,9440.100000000002,9411.75,5269,853,816,-28.349999999999998,19,Commercial Description,Valid,0.003,Low,0.9048,Core Commercial Product
23175,REGENCY MILK JUG PINK,9587.150000000001,9361.65,3160,344,342,-225.5,80,Commercial Description,Valid,0.0235,Low,0.8857,Core Commercial Product
22219,LOVEBIRD HANGING DECORATION WHITE,9403.86,9309.97,9906,1197,1156,-93.89,123,Commercial Description,Valid,0.01,Low,0.9203,Core Commercial Product
21243,PINK  SPOTTY PLATE,9323.189999999999,9296.15,5657,512,506,-27.04,16,Commercial Description,Valid,0.0029,Low,0.9061,Core Commercial Product
84032A,CHARLIE+LOLA PINK HOT WATER BOTTLE,9406.970000000001,9294.87,3420,695,667,-112.10000000000001,38,Commercial Description,Valid,0.0119,Low,0.8882,Core Commercial Product
22978,PANTRY ROLLING PIN,9564.98,9292.37,2464,250,250,-272.61,75,Commercial Description,Valid,0.0285,Low,0.8743,Core Commercial Product
22072,TEA CUP AND SAUCER RETRO SPOT,9448.51,9261.01,2463,562,537,-187.5,50,Commercial Description,Valid,0.0198,Low,0.8741,Core Commercial Product
21745,GAOLERS KEYS DECORATIVE GARDEN,9321.32,9250.07,2732,500,489,-71.25,19,Commercial Description,Valid,0.0076,Low,0.8792,Core Commercial Product
22767,TRIPLE PHOTO FRAME CORNICE,9667.76,9249.859999999999,1022,327,315,-417.8999999999999,42,Commercial Description,Valid,0.0432,Low,0.8235,Core Commercial Product
22357,KINGS CHOICE BISCUIT TIN,9445.82,9243.57,2092,495,485,-202.25,49,Commercial Description,Valid,0.0214,Low,0.8639,Core Commercial Product
21041,RED SPOTTY OVEN GLOVE DOUBLE,9279.59,9241.24,2724,561,533,-38.35000000000001,13,Commercial Description,Valid,0.0041,Low,0.8787,Core Commercial Product
22741,FUNKY DIVA PEN,9248.69,9205.34,10721,302,295,-43.349999999999994,51,Commercial Description,Valid,0.0047,Low,0.9207,Core Commercial Product
22110,BIRD HOUSE HOT WATER BOTTLE,9206.87,9196.67,2726,549,514,-10.2,4,Commercial Description,Valid,0.0011,Low,0.8785,Core Commercial Product
22141,CHRISTMAS CRAFT TREE TOP ANGEL,9235.810000000001,9185.41,3785,631,578,-50.400000000000006,24,Commercial Description,Valid,0.0055,Low,0.8916,Core Commercial Product
22992,REVOLVER WOODEN RULER,10373.989999999998,9180.59,5233,364,356,-1193.4,716,Commercial Description,Valid,0.115,Moderate,0.9026,Monitor Return Risk
20747,PICCADILLY TEA SET,9224.920000000002,9169.52,683,117,117,-55.4,4,Commercial Description,Valid,0.006,Low,0.8013,Core Commercial Product
21933,PINK VINTAGE PAISLEY PICNIC BAG,9161.4,9103.35,4139,647,632,-58.04999999999999,21,Commercial Description,Valid,0.0063,Low,0.8948,Core Commercial Product
22371,AIRLINE BAG VINTAGE TOKYO 78,9178.51,9097.38,1867,731,703,-81.13,19,Commercial Description,Valid,0.0088,Low,0.8571,Core Commercial Product
22244,"HOOK, 3 HANGER ,MAGIC GARDEN",9220.819999999998,9096.019999999999,4814,459,448,-124.8,64,Commercial Description,Valid,0.0135,Low,0.8992,Core Commercial Product
21658,GLASS  BEURRE DISH,9434.45,9079.06,2257,597,575,-355.38999999999993,91,Commercial Description,Valid,0.0377,Low,0.8671,Core Commercial Product
22839,"CAKE TIN, 3 TIER MINT/IVORY",9329.089999999998,9077.14,595,288,271,-251.94999999999996,17,Commercial Description,Valid,0.027,Low,0.7938,Core Commercial Product
23080,RED METAL BOX TOP SECRET,9117.619999999999,9026.87,1074,268,264,-90.75,11,Commercial Description,Valid,0.01,Low,0.8246,Core Commercial Product
21777,RECIPE BOX WITH METAL HEART,9170.91,9011.91,1138,390,379,-159.0,20,Commercial Description,Valid,0.0173,Low,0.8278,Core Commercial Product
21985,PACK OF 12 HEARTS DESIGN TISSUES,9015.559999999998,8984.24,25648,954,922,-31.319999999999997,108,Commercial Description,Valid,0.0035,Low,0.9287,Core Commercial Product
23319,BOX OF 6 MINI 50'S CRACKERS,9219.53,8974.56,3720,417,409,-244.97,116,Commercial Description,Valid,0.0266,Low,0.8893,Core Commercial Product
21735,TWO DOOR CURIO CABINET,11503.15,8967.55,887,309,302,-2535.6,224,Commercial Description,Valid,0.2204,High,0.8128,High Return Risk
21715,GIRLS VINTAGE TIN SEASIDE BUCKET,9017.8,8948.05,3564,496,489,-69.75,33,Commercial Description,Valid,0.0077,Low,0.8876,Core Commercial Product
22989,SET 2 PANTRY DESIGN TEA TOWELS,8999.27,8921.27,2811,382,376,-78.0,24,Commercial Description,Valid,0.0087,Low,0.878,Core Commercial Product
22942,CHRISTMAS LIGHTS 10 SANTAS,9899.68,8919.630000000001,1271,281,259,-980.0500000000002,125,Commercial Description,Valid,0.099,Moderate,0.8335,Monitor Return Risk
23439,HAND WARMER RED LOVE HEART,8855.51,8855.51,3986,412,397,0.0,0,Commercial Description,Valid,0.0,Low,0.8916,Core Commercial Product
23318,BOX OF 6 MINI VINTAGE CRACKERS,9162.41,8793.7,3809,389,383,-368.71,168,Commercial Description,Valid,0.0402,Low,0.8895,Core Commercial Product
21042,RED SPOTTY APRON,8884.73,8778.93,1500,425,409,-105.80000000000001,18,Commercial Description,Valid,0.0119,Low,0.8424,Core Commercial Product
22895,SET OF 2 TEA TOWELS APPLE AND PEARS,8787.220000000001,8769.52,2886,432,416,-17.700000000000003,6,Commercial Description,Valid,0.002,Low,0.8784,Core Commercial Product
22212,FOUR HOOK  WHITE LOVEBIRDS,8839.88,8755.880000000001,4100,873,843,-83.99999999999999,40,Commercial Description,Valid,0.0095,Low,0.8923,Core Commercial Product
23322,LARGE WHITE HEART OF WICKER,8878.210000000001,8708.36,3069,583,573,-169.84999999999997,63,Commercial Description,Valid,0.0191,Low,0.8804,Core Commercial Product
85049E,SCANDINAVIAN REDS RIBBONS,8733.76,8698.76,6511,886,834,-35.0,28,Commercial Description,Valid,0.004,Low,0.9068,Core Commercial Product
84839,SWEETHEART KEY CABINET,8747.050000000001,8668.45,1523,406,405,-78.6,12,Commercial Description,Valid,0.009,Low,0.8425,Core Commercial Product
22751,FELTCRAFT PRINCESS OLIVIA DOLL,8690.2,8667.7,2325,490,468,-22.5,6,Commercial Description,Valid,0.0026,Low,0.8661,Core Commercial Product
21980,PACK OF 12 RED SPOTTY TISSUES,8712.99,8650.35,31546,701,682,-62.64,216,Commercial Description,Valid,0.0072,Low,0.9278,Core Commercial Product
23534,STOP FOR TEA WALL ART,8608.900000000001,8567.25,1387,263,261,-41.650000000000006,7,Commercial Description,Valid,0.0048,Low,0.8365,Core Commercial Product
21186,WHITE DOVE HONEYCOMB PAPER GARLAND,8532.17,8517.67,5272,379,372,-14.5,10,Commercial Description,Valid,0.0017,Low,0.8997,Core Commercial Product
23078,ICE CREAM PEN LIP GLOSS,8553.34,8493.34,6831,259,259,-60.0,48,Commercial Description,Valid,0.007,Low,0.9069,Core Commercial Product
22354,RETRO SPOT PADDED SEAT CUSHION,8563.31,8492.42,2257,288,284,-70.89,19,Commercial Description,Valid,0.0083,Low,0.8641,Core Commercial Product
23493,VINTAGE DOILY TRAVEL SEWING KIT,8497.98,8486.58,3964,427,418,-11.399999999999999,6,Commercial Description,Valid,0.0013,Low,0.8895,Core Commercial Product
22283,6 EGG HOUSE PAINTED WOOD,8628.95,8485.85,1042,394,389,-143.10000000000002,18,Commercial Description,Valid,0.0166,Low,0.8198,Core Commercial Product
20974,12 PENCILS SMALL TUBE SKULL,8883.54,8485.74,13493,886,829,-397.79999999999995,612,Commercial Description,Valid,0.0448,Low,0.9199,Core Commercial Product
21932,SCANDINAVIAN PAISLEY PICNIC BAG,8539.92,8481.62,3884,663,653,-58.3,34,Commercial Description,Valid,0.0068,Low,0.8885,Core Commercial Product
21135,VICTORIAN  METAL POSTCARD SPRING,8656.809999999998,8474.01,6038,431,414,-182.8,328,Commercial Description,Valid,0.0211,Low,0.9025,Core Commercial Product
21411,GINGHAM HEART  DOORSTOP RED,8493.04,8459.04,2118,644,627,-34.0,8,Commercial Description,Valid,0.004,Low,0.8592,Core Commercial Product
23082,SET 6 PAPER TABLE LANTERN HEARTS,8558.76,8455.6,2328,309,303,-103.16,28,Commercial Description,Valid,0.0121,Low,0.8647,Core Commercial Product
22078,RIBBON REEL LACE DESIGN,8519.26,8439.460000000001,4015,500,485,-79.8,38,Commercial Description,Valid,0.0094,Low,0.8893,Core Commercial Product
23535,BICYCLE SAFTEY WALL ART,8440.240000000002,8434.29,1324,217,216,-5.95,1,Commercial Description,Valid,0.0007,Low,0.8326,Core Commercial Product
48189,DOOR MAT FRIENDSHIP,8487.26,8419.76,1322,281,280,-67.5,10,Commercial Description,Valid,0.008,Low,0.8323,Core Commercial Product
22073,RETRO SPOT STORAGE JAR,8587.130000000001,8415.35,2160,526,506,-171.78,46,Commercial Description,Valid,0.02,Low,0.8596,Core Commercial Product
22079,RIBBON REEL HEARTS DESIGN,8510.14,8409.49,5054,703,689,-100.65,61,Commercial Description,Valid,0.0118,Low,0.8961,Core Commercial Product
21244,BLUE  SPOTTY PLATE,8448.689999999999,8396.3,5159,466,456,-52.39,31,Commercial Description,Valid,0.0062,Low,0.8967,Core Commercial Product
22329,ROUND CONTAINER SET OF 5 RETROSPOT,8448.900000000001,8394.45,5165,623,614,-54.449999999999996,33,Commercial Description,Valid,0.0064,Low,0.8967,Core Commercial Product
21874,GIN AND TONIC MUG,8424.34,8387.88,6467,654,629,-36.46,29,Commercial Description,Valid,0.0043,Low,0.9038,Core Commercial Product
23321,SMALL WHITE HEART OF WICKER,8438.54,8374.19,4716,648,633,-64.35,39,Commercial Description,Valid,0.0076,Low,0.8929,Core Commercial Product
22358,KINGS CHOICE TEA CADDY,8541.25,8370.900000000001,2687,639,618,-170.35000000000002,61,Commercial Description,Valid,0.0199,Low,0.8714,Core Commercial Product
22275,WEEKEND BAG VINTAGE ROSE PAISLEY,8403.18,8360.68,1015,326,319,-42.5,5,Commercial Description,Valid,0.0051,Low,0.816,Core Commercial Product
22215,CAKE STAND WHITE TWO TIER LACE,8869.43,8359.43,1092,393,389,-510.0,62,Commercial Description,Valid,0.0575,Moderate,0.8207,Monitor Return Risk
23256,CHILDRENS CUTLERY SPACEBOY,8667.07,8329.07,2113,380,376,-338.0,88,Commercial Description,Valid,0.039,Low,0.8572,Core Commercial Product
21934,SKULL SHOULDER BAG,8394.720000000001,8294.07,4643,741,727,-100.64999999999999,61,Commercial Description,Valid,0.012,Low,0.8919,Core Commercial Product
85049A,TRADITIONAL CHRISTMAS RIBBONS,8351.15,8287.4,6328,721,673,-63.75,51,Commercial Description,Valid,0.0076,Low,0.902,Core Commercial Product
85064,CREAM SWEETHEART LETTER RACK,8305.21,8285.01,1785,303,287,-20.200000000000003,4,Commercial Description,Valid,0.0024,Low,0.8477,Core Commercial Product
22628,PICNIC BOXES SET OF 3 RETROSPOT,8408.48,8274.83,1748,368,364,-133.65,27,Commercial Description,Valid,0.0159,Low,0.8465,Core Commercial Product
21769,VINTAGE POST OFFICE CABINET,8562.52,8242.72,134,55,53,-319.8,4,Commercial Description,Valid,0.0373,Low,0.7263,Core Commercial Product
82551,LAUNDRY 15C METAL SIGN,8162.4,8154.7,5689,778,759,-7.7,6,Commercial Description,Valid,0.0009,Low,0.8978,Core Commercial Product
22738,RIBBON REEL SNOWY VILLAGE,8347.89,8140.89,4615,534,501,-207.0,140,Commercial Description,Valid,0.0248,Low,0.8906,Core Commercial Product
51008,AFGHAN SLIPPER SOCK PAIR,9179.25,8125.2,2865,95,91,-1054.0500000000002,349,Commercial Description,Valid,0.1148,Moderate,0.8731,Monitor Return Risk
20675,BLUE SPOTTY BOWL,8179.160000000001,8119.35,6564,715,702,-59.81,48,Commercial Description,Valid,0.0073,Low,0.9022,Core Commercial Product
21238,RED SPOTTY CUP,8248.68,8115.49,9568,952,925,-133.18999999999997,157,Commercial Description,Valid,0.0161,Low,0.9104,Core Commercial Product
85067,CREAM SWEETHEART WALL CABINET,8309.689999999999,8107.24,502,194,188,-202.44999999999996,11,Commercial Description,Valid,0.0244,Low,0.7795,Core Commercial Product
22055,MINI CAKE STAND  HANGING STRAWBERY,8179.19,8096.24,4925,767,743,-82.95,51,Commercial Description,Valid,0.0101,Low,0.8923,Core Commercial Product
72807C,SET/3 VANILLA SCENTED CANDLE IN BOX,8663.24,8092.61,2018,380,364,-570.63,147,Commercial Description,Valid,0.0659,Moderate,0.8532,Monitor Return Risk
21116,OWL DOORSTOP,8094.27,8089.32,1385,568,550,-4.95,1,Commercial Description,Valid,0.0006,Low,0.8314,Core Commercial Product
84508A,CAMOFLAGE DESIGN TEDDY,8096.58,8074.68,3811,116,113,-21.900000000000002,10,Commercial Description,Valid,0.0027,Low,0.8834,Core Commercial Product
20829,GLITTER HANGING BUTTERFLY STRING,9875.440000000002,8071.38,4842,515,495,-1804.06,1095,Commercial Description,Valid,0.1827,High,0.8915,High Return Risk
84032B,CHARLIE + LOLA RED HOT WATER BOTTLE,8210.390000000001,8041.490000000001,3424,632,609,-168.9,78,Commercial Description,Valid,0.0206,Low,0.8785,Core Commercial Product
21115,ROSE CARAVAN DOORSTOP,8046.38,8039.63,1257,441,432,-6.75,1,Commercial Description,Valid,0.0008,Low,0.8258,Core Commercial Product
22592,CARDHOLDER HOLLY WREATH METAL,8035.83,8028.33,1999,317,306,-7.5,2,Commercial Description,Valid,0.0009,Low,0.8518,Core Commercial Product
22350,CAT BOWL,7952.01,7946.91,2860,350,336,-5.1,2,Commercial Description,Valid,0.0006,Low,0.8714,Core Commercial Product
22504,CABIN BAG VINTAGE RETROSPOT,8224.63,7902.38,374,126,123,-322.25,12,Commercial Description,Valid,0.0392,Low,0.7647,Core Commercial Product
21870,I CAN ONLY PLEASE ONE PERSON MUG,7999.28,7878.03,6377,680,649,-121.25,97,Commercial Description,Valid,0.0152,Low,0.8998,Core Commercial Product
21976,PACK OF 60 MUSHROOM CAKE CASES,7905.88,7875.63,14745,982,954,-30.249999999999996,55,Commercial Description,Valid,0.0038,Low,0.9157,Core Commercial Product
22353,LUNCHBOX WITH CUTLERY FAIRY CAKES,7917.890000000001,7866.89,3039,508,502,-51.0,20,Commercial Description,Valid,0.0064,Low,0.8732,Core Commercial Product
21875,KINGS CHOICE MUG,7946.069999999999,7864.54,6854,437,424,-81.53,71,Commercial Description,Valid,0.0103,Low,0.901,Core Commercial Product
22813,PACK 3 BOXES BIRD PANNETONE,7865.429999999999,7863.48,4031,400,374,-1.95,1,Commercial Description,Valid,0.0002,Low,0.8844,Core Commercial Product
21110,LARGE CAKE TOWEL PINK SPOTS,7824.08,7785.18,1651,344,333,-38.9,6,Commercial Description,Valid,0.005,Low,0.8402,Core Commercial Product
21588,RETRO SPOT GIANT  TUBE MATCHES,7848.0,7784.25,3390,301,287,-63.75,25,Commercial Description,Valid,0.0081,Low,0.8766,Core Commercial Product
22165,"DIAMANTE HEART SHAPED WALL MIRROR,",7844.219999999999,7754.97,991,289,279,-89.25,9,Commercial Description,Valid,0.0114,Low,0.8103,Core Commercial Product
22809,SET OF 6 T-LIGHTS SANTA,7862.4,7730.400000000001,2632,405,384,-132.0,48,Commercial Description,Valid,0.0168,Low,0.8662,Core Commercial Product
23238,SET OF 4 KNICK KNACK TINS LONDON,7771.609999999999,7706.01,1849,286,282,-65.6,16,Commercial Description,Valid,0.0084,Low,0.8466,Core Commercial Product
20717,STRAWBERRY SHOPPER BAG,7834.73,7697.48,6337,782,762,-137.25,125,Commercial Description,Valid,0.0175,Low,0.8982,Core Commercial Product
22689,DOORMAT MERRY CHRISTMAS RED,8382.619999999999,7691.12,1094,278,275,-691.5,102,Commercial Description,Valid,0.0825,Moderate,0.8164,Monitor Return Risk
21381,MINI WOODEN HAPPY BIRTHDAY GARLAND,8634.7,7684.99,5140,555,538,-949.71,603,Commercial Description,Valid,0.11,Moderate,0.8911,Monitor Return Risk
22669,RED BABY BUNTING,7823.620000000001,7681.37,2434,460,440,-142.25,55,Commercial Description,Valid,0.0182,Low,0.8615,Core Commercial Product
84968C,S/16 VINTAGE PISTACHIO CUTLERY,7731.24,7680.24,644,198,193,-51.0,4,Commercial Description,Valid,0.0066,Low,0.787,Core Commercial Product
22784,Incorrectly entered. should be 2279,7934.57,7675.67,1588,423,402,-258.9,54,Commercial Description,Valid,0.0326,Low,0.8366,Core Commercial Product
22890,NOVELTY BISCUITS CAKE STAND 3 TIER,8143.82,7662.469999999999,832,298,286,-481.34999999999997,51,Commercial Description,Valid,0.0591,Moderate,0.7995,Monitor Return Risk
23007,SPACEBOY BABY GIFT SET,7741.75,7640.049999999999,498,187,187,-101.69999999999999,6,Commercial Description,Valid,0.0131,Low,0.7755,Core Commercial Product
84568,GIRLS ALPHABET IRON ON PATCHES,7817.91,7636.26,37134,317,314,-181.64999999999998,865,Commercial Description,Valid,0.0232,Low,0.92,Core Commercial Product
22796,PHOTO FRAME 3 CLASSIC HANGING,8183.64,7619.79,819,351,342,-563.8499999999999,59,Commercial Description,Valid,0.0689,Moderate,0.7985,Monitor Return Risk
23204,CHARLOTTE BAG APPLES DESIGN,7741.94,7603.6,7976,594,591,-138.34,186,Commercial Description,Valid,0.0179,Low,0.9026,Core Commercial Product
22528,GARDENERS KNEELING PAD,7626.7699999999995,7570.52,5825,572,566,-56.25,45,Commercial Description,Valid,0.0074,Low,0.8939,Core Commercial Product
22798,ANTIQUE GLASS DRESSING TABLE POT,7737.459999999999,7569.31,2486,403,378,-168.15000000000003,57,Commercial Description,Valid,0.0217,Low,0.8615,Core Commercial Product
22224,WHITE LOVEBIRD LANTERN,7634.200000000001,7569.300000000001,2403,421,407,-64.9,22,Commercial Description,Valid,0.0085,Low,0.8593,Core Commercial Product
22242,"HOOK, 5 HANGER , MAGIC TOADSTOOL",7657.4400000000005,7555.14,4812,391,380,-102.3,62,Commercial Description,Valid,0.0134,Low,0.8872,Core Commercial Product
22779,WOODEN OWLS LIGHT GARLAND,7649.64,7539.139999999999,2020,211,200,-110.5,26,Commercial Description,Valid,0.0144,Low,0.8488,Core Commercial Product
22739,"RIBBON REEL, XMAS SOCK/BAUBLE",7678.26,7487.76,4159,644,603,-190.5,130,Commercial Description,Valid,0.0248,Low,0.8827,Core Commercial Product
22945,CHRISTMAS METAL TAGS ASSORTED,7696.689999999999,7485.91,7827,376,345,-210.78,270,Commercial Description,Valid,0.0274,Low,0.9008,Core Commercial Product
22550,HOLIDAY FUN LUDO,7813.459999999999,7483.46,2085,452,436,-330.0,88,Commercial Description,Valid,0.0422,Low,0.8501,Core Commercial Product
22489,PACK OF 12 TRADITIONAL CRAYONS,7607.1,7478.22,18050,816,794,-128.88,348,Commercial Description,Valid,0.0169,Low,0.9145,Core Commercial Product
21361,LOVE LARGE WOOD LETTERS,7660.82,7458.62,580,310,301,-202.2,16,Commercial Description,Valid,0.0264,Low,0.7802,Core Commercial Product
82580,BATHROOM METAL SIGN,7545.160000000001,7415.67,13376,1385,1345,-129.49,295,Commercial Description,Valid,0.0172,Low,0.9105,Core Commercial Product
21746,SMALL RED SPOT  WINDMILL,7477.12,7404.62,5969,508,497,-72.5,58,Commercial Description,Valid,0.0097,Low,0.8931,Core Commercial Product
22282,12 EGG HOUSE PAINTED WOOD,7406.65,7381.15,565,221,218,-25.5,2,Commercial Description,Valid,0.0034,Low,0.7786,Core Commercial Product
21737,SET 3 WICKER LOG BASKETS,7362.659999999998,7362.66,398,165,165,0.0,0,Commercial Description,Valid,0.0,Low,0.7626,Core Commercial Product
21876,POTTERING MUG,7460.089999999999,7347.69,5718,660,638,-112.4,85,Commercial Description,Valid,0.0151,Low,0.8912,Core Commercial Product
72351A,SET/6 TURQUOISE BUTTERFLY T-LIGHTS,7408.59,7341.56,3746,413,404,-67.03,34,Commercial Description,Valid,0.009,Low,0.8771,Core Commercial Product
22493,PAINT YOUR OWN CANVAS SET,7738.89,7340.79,4810,444,423,-398.1,274,Commercial Description,Valid,0.0514,Moderate,0.8855,Monitor Return Risk
22029,SPACE BOY BIRTHDAY CARD,7365.650000000001,7340.45,17799,1121,1103,-25.2,60,Commercial Description,Valid,0.0034,Low,0.913,Core Commercial Product
21114,LAVENDER SCENTED FABRIC HEART,7399.66,7324.66,5733,519,499,-75.0,60,Commercial Description,Valid,0.0101,Low,0.8909,Core Commercial Product
21561,DINOSAUR LUNCHBOX WITH CUTLERY,7326.820000000001,7319.17,2977,532,526,-7.6499999999999995,3,Commercial Description,Valid,0.001,Low,0.8677,Core Commercial Product
23382,BOX OF 6 CHRISTMAS CAKE DECORATIONS,7356.18,7292.43,1875,224,223,-63.75,17,Commercial Description,Valid,0.0087,Low,0.8431,Core Commercial Product
22465,HANGING METAL STAR LANTERN,7499.400000000001,7281.75,4636,508,481,-217.64999999999998,145,Commercial Description,Valid,0.029,Low,0.8835,Core Commercial Product
22626,BLACK KITCHEN SCALES,7379.96,7269.46,861,364,350,-110.5,13,Commercial Description,Valid,0.015,Low,0.7979,Core Commercial Product
21625,VINTAGE UNION JACK APRON,7234.87,7234.87,1007,349,335,0.0,0,Commercial Description,Valid,0.0,Low,0.8062,Core Commercial Product
22414,DOORMAT NEIGHBOURHOOD WITCH,7241.849999999999,7225.650000000001,1191,230,227,-16.2,2,Commercial Description,Valid,0.0022,Low,0.8166,Core Commercial Product
22567,20 DOLLY PEGS RETROSPOT,7277.119999999999,7215.67,5784,538,517,-61.45,49,Commercial Description,Valid,0.0084,Low,0.8903,Core Commercial Product
22588,CARDHOLDER GINGHAM HEART,8025.58,7210.51,2918,511,487,-815.0700000000002,387,Commercial Description,Valid,0.1016,Moderate,0.8658,Monitor Return Risk
22577,WOODEN HEART CHRISTMAS SCANDINAVIAN,7279.889999999999,7196.839999999999,14160,882,835,-83.05,101,Commercial Description,Valid,0.0114,Low,0.9092,Core Commercial Product
21981,PACK OF 12 WOODLAND TISSUES,7200.23,7190.54,26425,585,558,-9.69,31,Commercial Description,Valid,0.0013,Low,0.9144,Core Commercial Product
21463,MIRRORED DISCO BALL,7593.759999999999,7190.46,1370,336,331,-403.30000000000007,74,Commercial Description,Valid,0.0531,Moderate,0.8236,Monitor Return Risk
22907,PACK OF 20 NAPKINS PANTRY DESIGN,7314.689999999999,7147.61,8727,869,836,-167.07999999999996,244,Commercial Description,Valid,0.0228,Low,0.9004,Core Commercial Product
85065,CREAM SWEETHEART TRAYS,7524.4400000000005,7146.64,620,271,271,-377.79999999999995,36,Commercial Description,Valid,0.0502,Moderate,0.7803,Monitor Return Risk
22644,CERAMIC CHERRY CAKE MONEY BANK,7400.99,7146.54,5060,655,630,-254.44999999999996,107,Commercial Description,Valid,0.0344,Low,0.8852,Core Commercial Product
22360,"GLASS JAR, ENGLISH CONFECTIONERY",7630.0,7105.55,2525,482,470,-524.4500000000002,187,Commercial Description,Valid,0.0687,Moderate,0.8582,Monitor Return Risk
21700,BIG DOUGHNUT FRIDGE MAGNETS,7177.8099999999995,7074.96,6421,552,534,-102.85,121,Commercial Description,Valid,0.0143,Low,0.8928,Core Commercial Product
21107,CREAM SLICE FLANNEL PINK SPOT,7042.950000000001,7042.950000000001,2452,330,313,0.0,0,Commercial Description,Valid,0.0,Low,0.8562,Core Commercial Product
23083,SET 6 PAPER TABLE LANTERN STARS,7250.9,7036.7300000000005,1932,252,249,-214.17000000000002,63,Commercial Description,Valid,0.0295,Low,0.8422,Core Commercial Product
22827,GIANT SEVENTEEN DRAWER SIDEBOARD,7605.0,7025.0,49,43,41,-580.0,4,Commercial Description,Valid,0.0763,Moderate,0.6882,Monitor Return Risk
21984,PACK OF 12 PINK PAISLEY TISSUES,7070.67,7022.43,25487,462,441,-48.239999999999995,168,Commercial Description,Valid,0.0068,Low,0.9128,Core Commercial Product
23320,GIANT 50'S CHRISTMAS CRACKER,7053.57,7016.0,2661,340,335,-37.57,13,Commercial Description,Valid,0.0053,Low,0.8598,Core Commercial Product
23543,KEEP CALM WALL ART,7010.76,7010.76,1236,105,103,0.0,0,Commercial Description,Valid,0.0,Low,0.8165,Core Commercial Product
21497,FANCY FONTS BIRTHDAY WRAP,7009.5,7009.5,17575,488,485,0.0,0,Commercial Description,Valid,0.0,Low,0.9098,Core Commercial Product
21992,VINTAGE PAISLEY STATIONERY SET,7014.969999999999,6997.27,3423,682,658,-17.700000000000003,6,Commercial Description,Valid,0.0025,Low,0.8694,Core Commercial Product
22563,HAPPY STENCIL CRAFT,6978.859999999999,6975.11,5985,558,535,-3.75,3,Commercial Description,Valid,0.0005,Low,0.889,Core Commercial Product
21903,MAN FLU METAL SIGN,7001.390000000001,6968.290000000001,3468,427,411,-33.1,16,Commercial Description,Valid,0.0047,Low,0.87,Core Commercial Product
23236,DOILEY STORAGE TIN,7059.969999999999,6964.6,2493,347,344,-95.37,33,Commercial Description,Valid,0.0135,Low,0.8558,Core Commercial Product
23293,SET OF 12 FAIRY CAKE BAKING CASES,6989.54,6962.98,8471,559,557,-26.560000000000002,32,Commercial Description,Valid,0.0038,Low,0.8978,Core Commercial Product
23283,DOORMAT VINTAGE LEAVES DESIGN,7003.38,6945.93,994,236,236,-57.45,7,Commercial Description,Valid,0.0082,Low,0.8023,Core Commercial Product
22498,WOODEN REGATTA BUNTING,6939.6900000000005,6939.6900000000005,1136,385,382,0.0,0,Commercial Description,Valid,0.0,Low,0.8104,Core Commercial Product
22656,VINTAGE BLUE KITCHEN CABINET,9290.0,6921.5,45,54,54,-2368.5,13,Commercial Description,Valid,0.255,High,0.6847,High Return Risk
22187,GREEN CHRISTMAS TREE CARD HOLDER,7113.5,6917.8,2158,404,380,-195.7,50,Commercial Description,Valid,0.0275,Low,0.8461,Core Commercial Product
37450,CERAMIC CAKE BOWL + HANGING CAKES,7105.790000000001,6912.59,2467,433,420,-193.19999999999996,72,Commercial Description,Valid,0.0272,Low,0.8545,Core Commercial Product
20973,12 PENCIL SMALL TUBE WOODLAND,6918.12,6912.27,10047,710,666,-5.85,9,Commercial Description,Valid,0.0008,Low,0.9001,Core Commercial Product
22938,CUPCAKE LACE PAPER SET 6,7006.299999999999,6889.299999999999,3746,290,277,-117.0,60,Commercial Description,Valid,0.0167,Low,0.8721,Core Commercial Product
22781,GUMBALL MAGAZINE RACK,7251.770000000002,6885.02,889,334,322,-366.75,51,Commercial Description,Valid,0.0506,Moderate,0.7952,Monitor Return Risk
85174,S/4 CACTI CANDLES,7491.039999999999,6883.39,1521,388,367,-607.6500000000001,141,Commercial Description,Valid,0.0811,Moderate,0.826,Monitor Return Risk
22378,WALL TIDY RETROSPOT,6909.82,6878.32,3776,563,552,-31.5,15,Commercial Description,Valid,0.0046,Low,0.872,Core Commercial Product
21563,RED HEART SHAPE LOVE BUCKET,6925.89,6873.84,2800,380,371,-52.050000000000004,19,Commercial Description,Valid,0.0075,Low,0.86,Core Commercial Product
22810,SET OF 6 T-LIGHTS SNOWMEN,7041.93,6872.330000000001,2295,364,333,-169.60000000000002,64,Commercial Description,Valid,0.0241,Low,0.8488,Core Commercial Product
22845,VINTAGE CREAM CAT FOOD CONTAINER,6955.2,6867.099999999999,1024,418,404,-88.1,14,Commercial Description,Valid,0.0127,Low,0.8031,Core Commercial Product
22311,OFFICE MUG WARMER BLACK+SILVER,6897.349999999999,6863.85,2145,320,304,-33.50000000000001,10,Commercial Description,Valid,0.0049,Low,0.8445,Core Commercial Product
ADJUST,Adjustment by john on 26/01/2010 16,8897.930000000002,6835.24,36,67,67,-2062.69,31,Operational / Dirty Description,Review Required,0.2318,High,0.6779,Review / Operational
37448,CERAMIC CAKE DESIGN SPOTTED MUG,6931.51,6833.65,4619,578,556,-97.85999999999999,66,Commercial Description,Valid,0.0141,Low,0.8778,Core Commercial Product
22431,WATERING CAN BLUE ELEPHANT,6859.18,6824.08,3403,643,632,-35.099999999999994,18,Commercial Description,Valid,0.0051,Low,0.8664,Core Commercial Product
23215,JINGLE BELL HEART ANTIQUE SILVER,7038.4000000000015,6823.6,3564,214,211,-214.8,120,Commercial Description,Valid,0.0305,Low,0.8687,Core Commercial Product
23254,CHILDRENS CUTLERY DOLLY GIRL,6903.110000000001,6820.110000000001,1703,309,307,-83.0,20,Commercial Description,Valid,0.012,Low,0.8313,Core Commercial Product
22377,BOTTLE BAG RETROSPOT,6931.4800000000005,6814.68,3621,444,440,-116.8,60,Commercial Description,Valid,0.0169,Low,0.8693,Core Commercial Product
22780,LIGHT GARLAND BUTTERFILES PINK,6954.88,6814.63,1848,196,187,-140.25,33,Commercial Description,Valid,0.0202,Low,0.8361,Core Commercial Product
23541,WALL ART CLASSIC PUDDINGS,6823.91,6807.41,872,154,154,-16.5,2,Commercial Description,Valid,0.0024,Low,0.7925,Core Commercial Product
22746,POPPY'S PLAYHOUSE LIVINGROOM,6831.62,6806.42,2966,598,566,-25.2,12,Commercial Description,Valid,0.0037,Low,0.8609,Core Commercial Product
23103,BELL HEART DECORATION,6846.16,6799.96,4072,379,368,-46.2,28,Commercial Description,Valid,0.0067,Low,0.8731,Core Commercial Product
22898,CHILDRENS APRON APPLE DESIGN,6777.929999999999,6776.28,3249,493,474,-1.65,1,Commercial Description,Valid,0.0002,Low,0.8638,Core Commercial Product
37500,TEA TIME TEAPOT IN GIFT BOX,6869.719999999999,6749.75,887,277,272,-119.97,13,Commercial Description,Valid,0.0175,Low,0.7927,Core Commercial Product
23297,SET 40 HEART SHAPE PETIT FOUR CASES,6792.23,6749.33,4303,167,165,-42.9,26,Commercial Description,Valid,0.0063,Low,0.8745,Core Commercial Product
22432,WATERING CAN PINK BUNNY,6784.309999999999,6749.209999999999,3555,536,526,-35.1,18,Commercial Description,Valid,0.0052,Low,0.8672,Core Commercial Product
21768,WALL MOUNTED VINTAGE ORGANISER,6756.089999999998,6728.389999999999,497,173,172,-27.7,2,Commercial Description,Valid,0.0041,Low,0.765,Core Commercial Product
22059,CERAMIC STRWBERRY DESIGN MUG,6798.889999999999,6702.04,5050,507,479,-96.84999999999998,65,Commercial Description,Valid,0.0142,Low,0.8793,Core Commercial Product
23229,VINTAGE DONKEY TAIL GAME,6739.71,6698.82,1869,261,261,-40.89,11,Commercial Description,Valid,0.0061,Low,0.8355,Core Commercial Product
22661,CHARLOTTE BAG DOLLY GIRL DESIGN,6703.35,6690.01,8287,656,637,-13.34,16,Commercial Description,Valid,0.002,Low,0.8928,Core Commercial Product
85014D,PINK/BROWN DOTS RUFFLED UMBRELLA,6664.45,6664.45,1918,92,92,0.0,0,Commercial Description,Valid,0.0,Low,0.8362,Core Commercial Product
21494,ROTATING LEAVES T-LIGHT HOLDER,6663.08,6658.08,3926,530,503,-5.0,4,Commercial Description,Valid,0.0008,Low,0.8705,Core Commercial Product
22430,ENAMEL WATERING CAN CREAM,6831.490000000002,6654.59,1408,383,371,-176.90000000000003,38,Commercial Description,Valid,0.0259,Low,0.8179,Core Commercial Product
23480,MINI LIGHTS WOODLAND MUSHROOMS,6719.14,6651.04,1798,221,217,-68.1,20,Commercial Description,Valid,0.0101,Low,0.8321,Core Commercial Product
22575,METAL MERRY CHRISTMAS WREATH,6816.0,6643.8,3168,363,338,-172.20000000000002,100,Commercial Description,Valid,0.0253,Low,0.8611,Core Commercial Product
21592,RETRO SPOT  CIGAR BOX MATCHES,6671.21,6641.21,5971,502,477,-30.0,24,Commercial Description,Valid,0.0045,Low,0.8835,Core Commercial Product
85068,CREAM SWEETHEART SHELF + HOOKS,6647.24,6609.49,960,205,202,-37.75,5,Commercial Description,Valid,0.0057,Low,0.7952,Core Commercial Product
22221,CAKE STAND LOVEBIRD 2 TIER PINK,6722.709999999999,6603.3099999999995,906,167,165,-119.39999999999999,12,Commercial Description,Valid,0.0178,Low,0.7922,Core Commercial Product
23008,DOLLY GIRL BABY GIFT SET,6719.609999999999,6600.96,433,137,137,-118.65,7,Commercial Description,Valid,0.0177,Low,0.757,Core Commercial Product
23109,LED TEA LIGHTS,6835.0199999999995,6595.98,2386,273,269,-239.04,96,Commercial Description,Valid,0.035,Low,0.8475,Core Commercial Product
22142,CHRISTMAS CRAFT WHITE FAIRY,6618.19,6592.089999999999,4406,548,512,-26.099999999999998,18,Commercial Description,Valid,0.0039,Low,0.8732,Core Commercial Product
22199,FRYING PAN RED POLKADOT,7638.17,6571.42,1861,421,413,-1066.75,283,Commercial Description,Valid,0.1397,Moderate,0.8335,Monitor Return Risk
22833,HALL CABINET WITH 3 DRAWERS,6567.17,6567.169999999999,193,18,15,0.0,0,Commercial Description,Valid,0.0,Low,0.7214,Core Commercial Product
23247,BISCUIT TIN 50'S CHRISTMAS,6681.25,6562.71,2194,314,314,-118.54000000000002,46,Commercial Description,Valid,0.0177,Low,0.8418,Core Commercial Product
22526,WHEELBARROW FOR CHILDREN,6715.16,6562.16,545,219,217,-153.0,12,Commercial Description,Valid,0.0228,Low,0.7659,Core Commercial Product
22080,RIBBON REEL SPOTS DESIGN,6619.130000000001,6551.48,3947,541,526,-67.65,41,Commercial Description,Valid,0.0102,Low,0.8688,Core Commercial Product
21240,BLUE  SPOTTY CUP,6593.219999999999,6548.43,7634,789,776,-44.79,53,Commercial Description,Valid,0.0068,Low,0.8886,Core Commercial Product
35004B,SET OF 3 BLACK FLYING DUCKS,6932.15,6542.3,1500,309,300,-389.8499999999999,99,Commercial Description,Valid,0.0562,Moderate,0.82,Monitor Return Risk
16156S,WRAP PINK FAIRY CAKES,6600.62,6539.3,16761,427,423,-61.32,146,Commercial Description,Valid,0.0093,Low,0.9018,Core Commercial Product
79067,CORONA MEXICAN TRAY,6590.08,6527.38,1661,424,407,-62.7,18,Commercial Description,Valid,0.0095,Low,0.8254,Core Commercial Product
85175,CACTI T-LIGHT CANDLES,6774.779999999999,6525.12,15842,472,460,-249.65999999999994,631,Commercial Description,Valid,0.0369,Low,0.901,Core Commercial Product
21201,TROPICAL  HONEYCOMB PAPER GARLAND,6555.370000000001,6522.22,2755,248,238,-33.15,13,Commercial Description,Valid,0.0051,Low,0.8533,Core Commercial Product
15060B,FAIRY CAKE DESIGN UMBRELLA,6554.83,6512.610000000001,1437,470,458,-42.22,10,Commercial Description,Valid,0.0064,Low,0.8167,Core Commercial Product
21500,PINK SPOTS  WRAP,6510.5,6510.5,16125,497,492,0.0,0,Commercial Description,Valid,0.0,Low,0.9009,Core Commercial Product
85062,PEARL CRYSTAL PUMPKIN T-LIGHT HLDR,6509.55,6495.28,3971,357,347,-14.27,9,Commercial Description,Valid,0.0022,Low,0.8679,Core Commercial Product
47599B,BLUE PARTY BAGS,6820.040000000001,6476.08,3567,298,290,-343.96,206,Commercial Description,Valid,0.0504,Moderate,0.8635,Monitor Return Risk
47502,POLKADOT CUTLERY 24 PCS IN TRAY,6855.749999999998,6467.8,640,88,88,-387.95,37,Commercial Description,Valid,0.0566,Moderate,0.7717,Monitor Return Risk
21239,PINK  SPOTTY CUP,6509.59,6465.5199999999995,7444,778,760,-44.07,52,Commercial Description,Valid,0.0068,Low,0.8867,Core Commercial Product
23311,VINTAGE CHRISTMAS STOCKING,6488.200000000001,6449.95,2390,351,348,-38.25,15,Commercial Description,Valid,0.0059,Low,0.8452,Core Commercial Product
23553,LANDMARK FRAME CAMDEN TOWN,6444.650000000001,6444.65,568,68,68,0.0,0,Commercial Description,Valid,0.0,Low,0.7662,Core Commercial Product
22783,SET 3 WICKER OVAL BASKETS W LIDS,6443.95,6443.95,489,50,46,0.0,0,Commercial Description,Valid,0.0,Low,0.7598,Core Commercial Product
22596,CHRISTMAS STAR WISH LIST CHALKBOARD,6471.2,6437.08,6331,457,450,-34.12,29,Commercial Description,Valid,0.0053,Low,0.8821,Core Commercial Product
23134,LARGE ZINC HEART WALL ORGANISER,6431.110000000001,6431.110000000001,1065,40,40,0.0,0,Commercial Description,Valid,0.0,Low,0.7984,Core Commercial Product
23188,VINTAGE  2 METER FOLDING RULER,6447.77,6424.67,3471,340,336,-23.099999999999998,14,Commercial Description,Valid,0.0036,Low,0.861,Core Commercial Product
22991,GIRAFFE WOODEN RULER,7604.889999999999,6418.99,3887,285,280,-1185.8999999999999,714,Commercial Description,Valid,0.1559,High,0.8658,High Return Risk
11001,ASSTD DESIGN RACING CAR PEN,7504.9,6409.82,4882,274,262,-1095.0800000000002,812,Commercial Description,Valid,0.1459,Moderate,0.873,Monitor Return Risk
23571,TRADITIONAL NAUGHTS & CROSSES,6406.91,6406.91,2841,262,257,0.0,0,Commercial Description,Valid,0.0,Low,0.8529,Core Commercial Product
21989,PACK OF 20 SKULL PAPER NAPKINS,6811.83,6402.389999999999,8571,669,657,-409.44,624,Commercial Description,Valid,0.0601,Moderate,0.889,Monitor Return Risk
22065,CHRISTMAS PUDDING TRINKET POT,6457.960000000001,6401.94,8738,504,473,-56.019999999999996,46,Commercial Description,Valid,0.0087,Low,0.889,Core Commercial Product
22220,CAKE STAND LOVEBIRD 2 TIER WHITE,6895.389999999999,6399.74,746,299,297,-495.65,52,Commercial Description,Valid,0.0719,Moderate,0.7783,Monitor Return Risk
47559B,TEA TIME OVEN GLOVE,6455.54,6388.04,5221,736,708,-67.5,54,Commercial Description,Valid,0.0105,Low,0.8749,Core Commercial Product
22148,EASTER CRAFT 4 CHICKS,6480.29,6378.89,3237,313,307,-101.4,52,Commercial Description,Valid,0.0156,Low,0.8571,Core Commercial Product
22578,WOODEN STAR CHRISTMAS SCANDINAVIAN,6519.139999999999,6376.049999999999,13410,825,772,-143.09,169,Commercial Description,Valid,0.0219,Low,0.8959,Core Commercial Product
84520B,PACK 20 ENGLISH ROSE PAPER NAPKINS,6378.370000000001,6368.17,7452,746,724,-10.2,12,Commercial Description,Valid,0.0016,Low,0.8846,Core Commercial Product
22063,CERAMIC BOWL WITH STRAWBERRY DESIGN,6391.46,6344.66,2315,376,366,-46.800000000000004,16,Commercial Description,Valid,0.0073,Low,0.8406,Core Commercial Product
22460,EMBOSSED GLASS TEALIGHT HOLDER,6356.45,6324.33,4821,393,385,-32.120000000000005,26,Commercial Description,Valid,0.0051,Low,0.8714,Core Commercial Product
22830,UTILTY CABINET WITH HOOKS,6324.049999999999,6324.05,309,24,20,0.0,0,Commercial Description,Valid,0.0,Low,0.7361,Core Commercial Product
23307,SET OF 60 PANTRY DESIGN CAKE CASES,6371.889999999999,6323.49,12049,646,634,-48.4,88,Commercial Description,Valid,0.0076,Low,0.8932,Core Commercial Product
84884A,ANT WHITE WIRE HEART SPIRAL,6312.62,6308.67,1722,316,313,-3.95,1,Commercial Description,Valid,0.0006,Low,0.8238,Core Commercial Product
23169,CLASSIC GLASS SWEET JAR,6662.84,6283.69,1556,351,350,-379.15,93,Commercial Description,Valid,0.0569,Moderate,0.8178,Monitor Return Risk
22979,PANTRY WASHING UP BRUSH,6391.820000000001,6274.2699999999995,4090,388,386,-117.55000000000001,91,Commercial Description,Valid,0.0184,Low,0.8656,Core Commercial Product
22906,12 MESSAGE CARDS WITH ENVELOPES,6362.64,6273.99,3443,486,447,-88.65,61,Commercial Description,Valid,0.0139,Low,0.8582,Core Commercial Product
22185,SLATE TILE NATURAL HANGING,6269.33,6262.7300000000005,3922,476,466,-6.6,4,Commercial Description,Valid,0.0011,Low,0.8637,Core Commercial Product
22855,FINE WICKER HEART,6257.8,6242.8,5007,451,429,-15.0,12,Commercial Description,Valid,0.0024,Low,0.8715,Core Commercial Product
22364,GLASS JAR DIGESTIVE BISCUITS,6531.0999999999985,6224.200000000001,2061,386,376,-306.90000000000003,110,Commercial Description,Valid,0.047,Low,0.8328,Core Commercial Product
84832,ZINC WILLIE WINKIE  CANDLE STICK,6228.98,6218.78,6883,662,635,-10.2,12,Commercial Description,Valid,0.0016,Low,0.8813,Core Commercial Product
22196,SMALL HEART MEASURING SPOONS,6270.199999999999,6213.759999999999,6713,1044,991,-56.44000000000001,69,Commercial Description,Valid,0.009,Low,0.8803,Core Commercial Product
10002,INFLATABLE POLITICAL GLOBE,7093.65,6210.099999999999,8831,395,371,-883.5500000000001,1223,Commercial Description,Valid,0.1246,Moderate,0.8869,Monitor Return Risk
21078,SET/20 STRAWBERRY PAPER NAPKINS,6200.639999999999,6198.94,7227,764,744,-1.7,2,Commercial Description,Valid,0.0003,Low,0.882,Core Commercial Product
84968A,S/16 VINTAGE ROSE CUTLERY,6589.08,6198.78,533,212,208,-390.29999999999995,34,Commercial Description,Valid,0.0592,Moderate,0.7593,Monitor Return Risk
22582,PACK OF 6 SWEETIE GIFT BOXES,6380.710000000001,6197.11,2540,315,299,-183.6,78,Commercial Description,Valid,0.0288,Low,0.8446,Core Commercial Product
85047,WHITE BEADED GARLAND STRING 20LIGHT,6664.33,6195.38,1051,288,282,-468.95,77,Commercial Description,Valid,0.0704,Moderate,0.7938,Monitor Return Risk
23172,REGENCY TEA PLATE PINK,6344.41,6190.11,3861,314,314,-154.3,102,Commercial Description,Valid,0.0243,Low,0.8618,Core Commercial Product
22848,BREAD BIN DINER STYLE PINK,6392.749999999999,6184.4,398,170,164,-208.34999999999997,13,Commercial Description,Valid,0.0326,Low,0.7456,Core Commercial Product
22222,CAKE PLATE LOVEBIRD WHITE,6205.389999999999,6180.64,1498,411,406,-24.75,5,Commercial Description,Valid,0.004,Low,0.8137,Core Commercial Product
22849,"BREAD BIN, DINER STYLE, MINT",6543.129999999999,6172.33,417,180,171,-370.79999999999995,24,Commercial Description,Valid,0.0567,Moderate,0.7473,Monitor Return Risk
22278,OVERNIGHT BAG VINTAGE ROSE PAISLEY,6277.16,6159.84,1063,416,395,-117.32,21,Commercial Description,Valid,0.0187,Low,0.7939,Core Commercial Product
21584,RETRO SPOT SMALL TUBE MATCHES,6187.2,6142.65,3840,382,355,-44.55,27,Commercial Description,Valid,0.0072,Low,0.8607,Core Commercial Product
22435,SET OF 9 HEART SHAPED BALLOONS,6296.49,6141.74,5002,563,542,-154.75,139,Commercial Description,Valid,0.0246,Low,0.8695,Core Commercial Product
21714,CITRONELLA CANDLE GARDEN POT,6188.66,6118.56,4286,539,533,-70.1,70,Commercial Description,Valid,0.0113,Low,0.8645,Core Commercial Product
23192,BUNDLE OF 3 ALPHABET EXERCISE BOOKS,6114.24,6109.29,3516,353,347,-4.949999999999999,3,Commercial Description,Valid,0.0008,Low,0.8566,Core Commercial Product
21499,BLUE SPOTS  WRAP,6186.84,6104.34,15402,469,463,-82.5,225,Commercial Description,Valid,0.0133,Low,0.8938,Core Commercial Product
20751,FUNKY WASHING UP GLOVES ASSORTED,6103.08,6096.780000000001,2875,513,475,-6.300000000000001,3,Commercial Description,Valid,0.001,Low,0.8487,Core Commercial Product
22331,WOODLAND PARTY BAG + STICKER SET,6135.5,6087.65,3732,460,445,-47.849999999999994,29,Commercial Description,Valid,0.0078,Low,0.8587,Core Commercial Product
22772,PINK DRAWER KNOB ACRYLIC EDWARDIAN,6097.61,6078.86,4504,333,317,-18.75,15,Commercial Description,Valid,0.0031,Low,0.8654,Core Commercial Product
21591,COSY HOUR CIGAR BOX MATCHES,6135.58,6068.08,4084,397,368,-67.5,54,Commercial Description,Valid,0.011,Low,0.8622,Core Commercial Product
21586,KINGS CHOICE GIANT TUBE MATCHES,6185.85,6060.900000000001,2657,259,244,-124.95,49,Commercial Description,Valid,0.0202,Low,0.8444,Core Commercial Product
21918,SET 12 KIDS COLOUR  CHALK STICKS,6077.1,6059.04,14730,827,799,-18.060000000000002,43,Commercial Description,Valid,0.003,Low,0.8924,Core Commercial Product
21730,GLASS STAR FROSTED T-LIGHT HOLDER,6228.889999999999,6041.49,1269,350,315,-187.39999999999995,38,Commercial Description,Valid,0.0301,Low,0.8024,Core Commercial Product
85038,6 CHOCOLATE LOVE HEART T-LIGHTS,6040.84,6040.84,2897,408,382,0.0,0,Commercial Description,Valid,0.0,Low,0.8482,Core Commercial Product
22737,RIBBON REEL CHRISTMAS PRESENT,6077.27,6011.2699999999995,3379,531,495,-66.0,40,Commercial Description,Valid,0.0109,Low,0.8534,Core Commercial Product
21407,BROWN CHECK CAT DOORSTOP,6002.09,5993.59,1314,470,456,-8.5,2,Commercial Description,Valid,0.0014,Low,0.8038,Core Commercial Product
22045,SPACE BOY GIFT WRAP,6023.64,5979.54,14642,482,478,-44.1,105,Commercial Description,Valid,0.0073,Low,0.8917,Core Commercial Product
22618,COOKING SET RETROSPOT,7203.25,5977.179999999999,740,296,283,-1226.07,131,Commercial Description,Valid,0.1702,High,0.772,High Return Risk
23312,VINTAGE CHRISTMAS GIFT SACK,5964.15,5960.0,1423,219,215,-4.15,1,Commercial Description,Valid,0.0007,Low,0.8079,Core Commercial Product
22841,ROUND CAKE TIN VINTAGE GREEN,6106.33,5955.28,783,331,321,-151.05,19,Commercial Description,Valid,0.0247,Low,0.7746,Core Commercial Product
23296,SET OF 6 TEA TIME BAKING CASES,5985.55,5951.8,4979,388,384,-33.75,27,Commercial Description,Valid,0.0056,Low,0.8669,Core Commercial Product
21832,CHOCOLATE CALCULATOR,6020.990000000001,5951.69,3431,485,464,-69.3,42,Commercial Description,Valid,0.0115,Low,0.8532,Core Commercial Product
23052,RECYCLED ACAPULCO MAT TURQUOISE,5949.34,5941.09,654,279,279,-8.25,1,Commercial Description,Valid,0.0014,Low,0.7648,Core Commercial Product
22964,3 PIECE SPACEBOY COOKIE CUTTER SET,5957.85,5928.450000000001,2849,438,415,-29.400000000000002,14,Commercial Description,Valid,0.0049,Low,0.846,Core Commercial Product
23526,DOG LICENCE WALL ART,6021.4,5926.2,1012,146,145,-95.2,16,Commercial Description,Valid,0.0158,Low,0.7874,Core Commercial Product
22899,CHILDRENS APRON DOLLY GIRL,5937.889999999999,5923.4400000000005,2840,448,427,-14.450000000000001,7,Commercial Description,Valid,0.0024,Low,0.8455,Core Commercial Product
22491,PACK OF 12 COLOURED PENCILS,6056.82,5922.54,7541,406,393,-134.28,180,Commercial Description,Valid,0.0222,Low,0.8784,Core Commercial Product
23118,PARISIENNE JEWELLERY DRAWER,6102.18,5922.18,813,278,278,-180.0,24,Commercial Description,Valid,0.0295,Low,0.7751,Core Commercial Product
84509A,ENGLISH ROSE PLACEMATS,5958.39,5909.64,1534,413,408,-48.75,13,Commercial Description,Valid,0.0082,Low,0.8109,Core Commercial Product
48197,DOOR MAT BIRD ON THE WIRE,5905.639999999999,5905.64,898,228,228,0.0,0,Commercial Description,Valid,0.0,Low,0.7798,Core Commercial Product
22167,"WALL MIRROR , DIAMANTE OVAL SHAPE",6144.360000000001,5895.61,696,327,320,-248.75,25,Commercial Description,Valid,0.0405,Low,0.7672,Core Commercial Product
22332,SKULLS PARTY BAG + STICKER SET,6551.9,5882.599999999999,4177,395,387,-669.3,458,Commercial Description,Valid,0.1022,Moderate,0.8602,Monitor Return Risk
85178,VICTORIAN SEWING KIT,6212.07,5874.22,5623,338,319,-337.85,301,Commercial Description,Valid,0.0544,Moderate,0.8692,Monitor Return Risk
22441,GROW YOUR OWN BASIL IN ENAMEL MUG,5891.31,5870.31,2717,500,478,-21.000000000000004,10,Commercial Description,Valid,0.0036,Low,0.8423,Core Commercial Product
22660,DOORMAT I LOVE LONDON,5901.540000000001,5853.84,888,201,195,-47.7,6,Commercial Description,Valid,0.0081,Low,0.7787,Core Commercial Product
22241,"GARLAND , WOODEN  "" HAPPY EASTER""",5864.92,5842.61,4351,485,479,-22.31,18,Commercial Description,Valid,0.0038,Low,0.8607,Core Commercial Product
22361,temp,6074.67,5841.820000000001,1852,539,531,-232.85,81,Commercial Description,Valid,0.0383,Low,0.8212,Core Commercial Product
22200,FRYING PAN PINK POLKADOT,5882.610000000001,5838.36,1317,372,365,-44.25,11,Commercial Description,Valid,0.0075,Low,0.801,Core Commercial Product
21452,TOADSTOOL MONEY BOX,5960.76,5836.710000000001,1944,452,428,-124.05,43,Commercial Description,Valid,0.0208,Low,0.8231,Core Commercial Product
22971,QUEENS GUARD COFFEE MUG,5849.29,5811.64,2431,279,277,-37.64999999999999,16,Commercial Description,Valid,0.0064,Low,0.836,Core Commercial Product
85132C,CHARLIE AND LOLA FIGURES TINS,5881.19,5801.79,2069,317,309,-79.40000000000002,12,Commercial Description,Valid,0.0135,Low,0.8262,Core Commercial Product
21313,GLASS HEART T-LIGHT HOLDER,5903.5999999999985,5793.45,6862,444,430,-110.15,158,Commercial Description,Valid,0.0187,Low,0.8743,Core Commercial Product
21577,SAVE THE PLANET COTTON TOTE BAG,5825.62,5789.62,2592,484,469,-36.0,16,Commercial Description,Valid,0.0062,Low,0.8394,Core Commercial Product
22687,DOORMAT CHRISTMAS VILLAGE,5784.670000000001,5784.67,895,155,155,0.0,0,Commercial Description,Valid,0.0,Low,0.7778,Core Commercial Product
79323LP,LIGHT PINK CHERRY LIGHTS,8481.19,5778.39,1433,232,231,-2702.8,458,Commercial Description,Valid,0.3187,Very High,0.8048,High Return Risk
22115,METAL SIGN EMPIRE TEA,5777.77,5774.820000000001,2910,512,501,-2.95,1,Commercial Description,Valid,0.0005,Low,0.8441,Core Commercial Product
22951,72 CAKE CASES DOLLY GIRL DESIGN,5888.4,5772.0,11193,668,640,-116.4,240,Commercial Description,Valid,0.0198,Low,0.8838,Core Commercial Product
21667,GLASS CAKE COVER AND PLATE,6126.249999999998,5732.5,354,180,180,-393.74999999999994,25,Commercial Description,Valid,0.0643,Moderate,0.7338,Monitor Return Risk
23154,SET OF 4 JAM JAR MAGNETS,5842.88,5716.0,2701,243,238,-126.88,61,Commercial Description,Valid,0.0217,Low,0.8399,Core Commercial Product
22119,PEACE WOODEN BLOCK LETTERS,5738.47,5696.77,924,362,344,-41.7,6,Commercial Description,Valid,0.0073,Low,0.7787,Core Commercial Product
22826,LOVE SEAT ANTIQUE WHITE METAL,6210.0,5692.5,58,45,45,-517.5,4,Commercial Description,Valid,0.0833,Moderate,0.672,Monitor Return Risk
82599,FANNY'S REST STOPMETAL SIGN,5677.120000000001,5670.360000000001,2571,541,512,-6.76,4,Commercial Description,Valid,0.0012,Low,0.8379,Core Commercial Product
21703,BAG 125g SWIRLY MARBLES,5741.47,5669.650000000001,14795,594,570,-71.82,171,Commercial Description,Valid,0.0125,Low,0.8871,Core Commercial Product
84968B,S/16 VINTAGE IVORY CUTLERY,5681.41,5668.66,428,140,139,-12.75,1,Commercial Description,Valid,0.0022,Low,0.7417,Core Commercial Product
22854,CREAM SWEETHEART EGG HOLDER,5700.99,5666.34,1173,260,251,-34.65,7,Commercial Description,Valid,0.0061,Low,0.7926,Core Commercial Product
72802C,VANILLA SCENT CANDLE JEWELLED BOX,6242.94,5658.88,2226,295,279,-584.06,506,Commercial Description,Valid,0.0936,Moderate,0.8284,Monitor Return Risk
21900,"KEY FOB , SHED",5622.949999999999,5619.7,8458,870,842,-3.25,5,Commercial Description,Valid,0.0006,Low,0.8772,Core Commercial Product
40016,CHINESE DRAGON PAPER LANTERNS,5599.099999999999,5599.1,15682,254,247,0.0,0,Commercial Description,Valid,0.0,Low,0.8872,Core Commercial Product
22653,BUTTON BOX,5712.74,5587.94,3076,401,385,-124.8,64,Commercial Description,Valid,0.0218,Low,0.8444,Core Commercial Product
23205,CHARLOTTE BAG VINTAGE ALPHABET,5726.379999999999,5586.13,5857,478,475,-140.25,191,Commercial Description,Valid,0.0245,Low,0.8673,Core Commercial Product
84971S,SMALL HEART FLOWERS HOOK,5585.5199999999995,5583.82,6587,478,462,-1.7,2,Commercial Description,Valid,0.0003,Low,0.8708,Core Commercial Product
22534,MAGIC DRAWING SLATE SPACEBOY,5623.9,5565.52,13156,628,591,-58.38,139,Commercial Description,Valid,0.0104,Low,0.8841,Core Commercial Product
23531,WALL ART BIG LOVE,5538.260000000001,5538.26,976,113,112,0.0,0,Commercial Description,Valid,0.0,Low,0.7803,Core Commercial Product
22060,LARGE CAKE STAND HANGING HEARTS,5711.31,5524.61,735,176,172,-186.7,26,Commercial Description,Valid,0.0327,Low,0.7655,Core Commercial Product
23133,LARGE IVORY HEART WALL ORGANISER,5525.4,5517.15,782,156,156,-8.25,1,Commercial Description,Valid,0.0015,Low,0.7686,Core Commercial Product
21528,DAIRY MAID TRADITIONAL TEAPOT,5721.52,5508.12,904,284,280,-213.39999999999995,32,Commercial Description,Valid,0.0373,Low,0.7756,Core Commercial Product
22443,GROW YOUR OWN HERBS SET OF 3,5545.4,5505.650000000001,698,280,269,-39.75,5,Commercial Description,Valid,0.0072,Low,0.7626,Core Commercial Product
85061W,WHITE JEWELLED HEART DECORATION,5516.01,5494.759999999999,6380,491,474,-21.249999999999996,25,Commercial Description,Valid,0.0039,Low,0.8692,Core Commercial Product
22437,SET OF 9 BLACK SKULL BALLOONS,5502.01,5488.41,6562,464,447,-13.6,16,Commercial Description,Valid,0.0025,Low,0.8696,Core Commercial Product
20983,12 PENCILS TALL TUBE RED SPOTTY,5508.18,5481.83,6326,668,646,-26.349999999999998,31,Commercial Description,Valid,0.0048,Low,0.8682,Core Commercial Product
23583,LUNCH BAG PAISLEY PARK,5497.33,5480.83,3385,333,326,-16.5,10,Commercial Description,Valid,0.003,Low,0.8461,Core Commercial Product
22763,KEY CABINET MA CAMPAGNE,5550.47,5480.82,673,146,139,-69.64999999999999,7,Commercial Description,Valid,0.0125,Low,0.7599,Core Commercial Product
21988,PACK OF 6 SKULL PAPER PLATES,5847.83,5479.19,7854,428,417,-368.64,576,Commercial Description,Valid,0.063,Moderate,0.8731,Monitor Return Risk
22602,CHRISTMAS RETROSPOT HEART WOOD,5522.98,5478.78,6496,568,538,-44.199999999999996,52,Commercial Description,Valid,0.008,Low,0.8688,Core Commercial Product
22203,MILK PAN RED RETROSPOT,5533.740000000001,5477.49,1415,413,405,-56.25,15,Commercial Description,Valid,0.0102,Low,0.8003,Core Commercial Product
23177,TREASURE ISLAND BOOK BOX,5521.29,5476.29,2532,275,272,-45.0,20,Commercial Description,Valid,0.0082,Low,0.8336,Core Commercial Product
21587,COSY HOUR GIANT TUBE MATCHES,5482.949999999999,5467.65,2201,290,263,-15.3,6,Commercial Description,Valid,0.0028,Low,0.8249,Core Commercial Product
22483,RED GINGHAM TEDDY BEAR,5511.37,5461.22,1895,364,356,-50.15000000000001,17,Commercial Description,Valid,0.0091,Low,0.8169,Core Commercial Product
20978,36 PENCILS TUBE SKULLS,5479.83,5457.33,4149,577,559,-22.5,18,Commercial Description,Valid,0.0041,Low,0.8537,Core Commercial Product
23126,DOLLCRAFT GIRL AMELIE KIT,5532.040000000001,5452.84,1109,299,297,-79.2,16,Commercial Description,Valid,0.0143,Low,0.7859,Core Commercial Product
23485,BOTANICAL GARDENS WALL CLOCK,5843.92,5436.52,262,96,96,-407.40000000000003,18,Commercial Description,Valid,0.0697,Moderate,0.7156,Monitor Return Risk
16161P,WRAP ENGLISH ROSE,5445.9,5435.4,13223,444,443,-10.5,25,Commercial Description,Valid,0.0019,Low,0.8817,Core Commercial Product
22801,ANTIQUE GLASS PEDESTAL BOWL,5572.25,5433.86,1363,343,320,-138.39,37,Commercial Description,Valid,0.0248,Low,0.797,Core Commercial Product
22156,HEART DECORATION WITH PEARLS,5611.279999999999,5427.0199999999995,6237,633,608,-184.26,218,Commercial Description,Valid,0.0328,Low,0.8658,Core Commercial Product
79029,GLASS HONEYPOT WASP CATCHER,5473.82,5424.469999999999,2944,364,358,-49.34999999999999,27,Commercial Description,Valid,0.009,Low,0.8395,Core Commercial Product
72756,FAIRY CAKE CANDLES,5459.48,5422.23,4012,135,135,-37.25,25,Commercial Description,Valid,0.0068,Low,0.8517,Core Commercial Product
23135,SMALL ZINC HEART WALL ORGANISER,5416.180000000001,5416.18,1541,48,48,0.0,0,Commercial Description,Valid,0.0,Low,0.8038,Core Commercial Product
22335,HEART DECORATION PAINTED ZINC,5707.360000000001,5414.41,8740,546,521,-292.95000000000005,495,Commercial Description,Valid,0.0513,Moderate,0.8739,Monitor Return Risk
84968D,S/16 VINTAGE RED CUTLERY,5419.209999999999,5406.46,474,111,109,-12.75,1,Commercial Description,Valid,0.0024,Low,0.7419,Core Commercial Product
22085,PAPER CHAIN KIT SKULLS,6904.52,5402.77,2545,237,234,-1501.75,585,Commercial Description,Valid,0.2175,High,0.8324,High Return Risk
23158,SET OF 5 LUCKY CAT MAGNETS,5513.83,5389.03,2633,258,258,-124.8,60,Commercial Description,Valid,0.0226,Low,0.8336,Core Commercial Product
22476,EMPIRE UNION JACK TV DINNER TRAY,5416.32,5366.82,1356,287,272,-49.5,10,Commercial Description,Valid,0.0091,Low,0.7956,Core Commercial Product
21363,HOME SMALL WOOD LETTERS,5455.53,5362.88,1010,432,412,-92.65,19,Commercial Description,Valid,0.017,Low,0.7782,Core Commercial Product
37446,MINI CAKE STAND WITH HANGING CAKES,5483.23,5361.53,3800,457,442,-121.7,94,Commercial Description,Valid,0.0222,Low,0.8481,Core Commercial Product
84937,KASHMIR FOLKART TUMBLERS,5394.54,5356.74,2542,130,130,-37.800000000000004,18,Commercial Description,Valid,0.007,Low,0.8315,Core Commercial Product
22571,ROCKING HORSE RED CHRISTMAS,5436.08,5355.0599999999995,6080,549,514,-81.02000000000001,110,Commercial Description,Valid,0.0149,Low,0.8634,Core Commercial Product
22842,BISCUIT TIN VINTAGE RED,5477.33,5343.13,843,261,253,-134.2,20,Commercial Description,Valid,0.0245,Low,0.768,Core Commercial Product
21993,FLORAL FOLK STATIONERY SET,5350.1900000000005,5335.1900000000005,2898,596,578,-15.0,12,Commercial Description,Valid,0.0028,Low,0.8372,Core Commercial Product
22175,PINK OWL SOFT TOY,5358.02,5331.47,1845,380,366,-26.55,9,Commercial Description,Valid,0.005,Low,0.8126,Core Commercial Product
35832,WOOLLY HAT SOCK GLOVE ADVENT STRING,5341.85,5328.300000000001,1737,195,193,-13.55,3,Commercial Description,Valid,0.0025,Low,0.8089,Core Commercial Product
37495,FAIRY CAKE BIRTHDAY CANDLE SET,5807.6,5314.4,1580,369,363,-493.20000000000005,142,Commercial Description,Valid,0.0849,Moderate,0.8032,Monitor Return Risk
21432,SET OF 3 CASES WOODLAND DESIGN,5435.909999999999,5306.56,942,253,251,-129.35,23,Commercial Description,Valid,0.0238,Low,0.7728,Core Commercial Product
22070,SMALL RETRO SPOT MUG IN BOX  RED,5750.24,5275.45,1848,340,332,-474.79,339,Commercial Description,Valid,0.0826,Moderate,0.8123,Monitor Return Risk
21491,SET OF THREE VINTAGE GIFT WRAPS,5367.009999999999,5267.5599999999995,2878,257,255,-99.44999999999999,51,Commercial Description,Valid,0.0185,Low,0.836,Core Commercial Product
22186,RED STAR CARD HOLDER,5570.16,5265.46,2040,370,353,-304.7,118,Commercial Description,Valid,0.0547,Moderate,0.817,Monitor Return Risk
22775,PURPLE DRAWERKNOB ACRYLIC EDWARDIAN,5333.81,5246.31,3745,306,289,-87.5,70,Commercial Description,Valid,0.0164,Low,0.846,Core Commercial Product
22472,TV DINNER TRAY DOLLY GIRL,5256.14,5231.39,1111,263,255,-24.75,5,Commercial Description,Valid,0.0047,Low,0.7826,Core Commercial Product
22896,PEG BAG APPLE DESIGN,5276.17,5230.27,2087,380,371,-45.900000000000006,18,Commercial Description,Valid,0.0087,Low,0.8178,Core Commercial Product
22117,METAL SIGN HER DINNER IS SERVED,5222.490000000001,5219.54,1769,236,232,-2.95,1,Commercial Description,Valid,0.0006,Low,0.8086,Core Commercial Product
85132A,CHARLIE + LOLA BISCUITS TINS,5249.68,5215.93,1359,263,256,-33.75,5,Commercial Description,Valid,0.0064,Low,0.7933,Core Commercial Product
22433,my error - connor,5241.8099999999995,5212.5599999999995,2803,437,427,-29.249999999999996,15,Commercial Description,Valid,0.0056,Low,0.8339,Core Commercial Product
21071,VINTAGE BILLBOARD DRINK ME MUG,5221.450000000001,5207.78,4450,513,478,-13.670000000000002,12,Commercial Description,Valid,0.0026,Low,0.8514,Core Commercial Product
84950,ASSORTED COLOUR T-LIGHT HOLDER,5251.849999999999,5207.35,7919,292,284,-44.49999999999999,58,Commercial Description,Valid,0.0085,Low,0.8682,Core Commercial Product
21718,RED METAL BEACH SPADE,5270.32,5205.32,4044,478,472,-65.0,52,Commercial Description,Valid,0.0123,Low,0.8482,Core Commercial Product
22894,TABLECLOTH RED APPLES DESIGN,5220.279999999999,5203.28,568,200,195,-17.0,2,Commercial Description,Valid,0.0033,Low,0.7463,Core Commercial Product
22030,SWALLOWS GREETING CARD,5253.28,5202.88,12867,704,689,-50.4,120,Commercial Description,Valid,0.0096,Low,0.8766,Core Commercial Product
22998,TRAVEL CARD WALLET KEEP CALM,5262.82,5188.48,12366,549,545,-74.34,177,Commercial Description,Valid,0.0141,Low,0.8759,Core Commercial Product
21872,GLAMOROUS  MUG,5204.74,5163.27,5118,343,335,-41.47,35,Commercial Description,Valid,0.008,Low,0.8552,Core Commercial Product
22412,METAL SIGN NEIGHBOURHOOD WITCH,5163.96,5159.76,2408,413,404,-4.2,2,Commercial Description,Valid,0.0008,Low,0.8251,Core Commercial Product
22374,AIRLINE BAG VINTAGE JET SET RED,5180.47,5157.12,1038,449,437,-23.35,5,Commercial Description,Valid,0.0045,Low,0.7766,Core Commercial Product
22168,"ORGANISER WOOD, ANTIQUE WHITE",5577.93,5153.78,671,359,348,-424.15,50,Commercial Description,Valid,0.076,Moderate,0.7533,Monitor Return Risk
23162,REGENCY TEA STRAINER,5143.69,5143.6900000000005,1412,176,176,0.0,0,Commercial Description,Valid,0.0,Low,0.7938,Core Commercial Product
21495,SKULLS WRAP,5140.3,5129.8,12515,379,377,-10.5,25,Commercial Description,Valid,0.002,Low,0.8752,Core Commercial Product
22610,PENS ASSORTED FUNNY FACE,5146.4400000000005,5115.84,12721,292,288,-30.6,36,Commercial Description,Valid,0.0059,Low,0.8753,Core Commercial Product
23132,SMALL IVORY HEART WALL ORGANISER,5138.6,5115.6,1020,155,155,-23.0,4,Commercial Description,Valid,0.0045,Low,0.775,Core Commercial Product
22218,CAKE STAND LACE WHITE,5365.66,5114.91,1232,280,279,-250.75,65,Commercial Description,Valid,0.0467,Low,0.786,Core Commercial Product
22732,3D VINTAGE CHRISTMAS STICKERS,5112.76,5112.76,3854,358,337,0.0,0,Commercial Description,Valid,0.0,Low,0.8443,Core Commercial Product
21471,STRAWBERRY RAFFIA FOOD COVER,5125.630000000001,5110.63,1414,325,322,-15.0,4,Commercial Description,Valid,0.0029,Low,0.7932,Core Commercial Product
21544,SKULLS  WATER TRANSFER TATTOOS,5117.139999999999,5096.74,6128,524,506,-20.4,24,Commercial Description,Valid,0.004,Low,0.8591,Core Commercial Product
23263,SET OF 3 WOODEN HEART DECORATIONS,5147.19,5088.44,3863,479,450,-58.75,47,Commercial Description,Valid,0.0114,Low,0.8443,Core Commercial Product
22075,6 RIBBONS ELEGANT CHRISTMAS,5105.33,5085.53,3355,382,359,-19.8,12,Commercial Description,Valid,0.0039,Low,0.8377,Core Commercial Product
21578,WOODLAND DESIGN  COTTON TOTE BAG,5088.17,5065.67,2215,397,387,-22.5,10,Commercial Description,Valid,0.0044,Low,0.818,Core Commercial Product
22426,ENAMEL WASH BOWL CREAM,5195.24,5065.54,1347,395,388,-129.7,38,Commercial Description,Valid,0.025,Low,0.7895,Core Commercial Product
23295,SET OF 12 MINI LOAF BAKING CASES,5073.45,5062.66,6134,455,449,-10.79,13,Commercial Description,Valid,0.0021,Low,0.8585,Core Commercial Product
22276,WASH BAG VINTAGE ROSE PAISLEY,5097.53,5054.63,1950,393,380,-42.900000000000006,17,Commercial Description,Valid,0.0084,Low,0.8106,Core Commercial Product
20977,36 PENCILS TUBE WOODLAND,5138.74,5043.74,3847,502,492,-95.0,76,Commercial Description,Valid,0.0185,Low,0.8431,Core Commercial Product
22318,FIVE HEART HANGING DECORATION,5102.01,5043.01,1620,410,396,-59.000000000000014,20,Commercial Description,Valid,0.0116,Low,0.7997,Core Commercial Product
23397,FOOT STOOL HOME SWEET HOME,5097.65,5037.95,489,223,223,-59.699999999999996,6,Commercial Description,Valid,0.0117,Low,0.737,Core Commercial Product
23234,BISCUIT TIN VINTAGE CHRISTMAS,5079.78,5033.54,1722,284,283,-46.24,16,Commercial Description,Valid,0.0091,Low,0.8032,Core Commercial Product
21112,"SWISS ROLL TOWEL, PINK  SPOTS",5531.5,5024.200000000001,2234,199,192,-507.29999999999995,198,Commercial Description,Valid,0.0917,Moderate,0.8175,Monitor Return Risk
22688,DOORMAT PEACE ON EARTH BLUE,5000.6,5000.599999999999,899,102,96,0.0,0,Commercial Description,Valid,0.0,Low,0.7653,Core Commercial Product
84796B,BLUE SAVANNAH PICNIC HAMPER FOR 2,4999.79,4999.79,600,185,183,0.0,0,Commercial Description,Valid,0.0,Low,0.7451,Core Commercial Product
23310,BUBBLEGUM RING ASSORTED,4997.280000000001,4997.28,12050,246,245,0.0,0,Commercial Description,Valid,0.0,Low,0.872,Core Commercial Product
23165,LARGE CERAMIC TOP STORAGE JAR,5141.0599999999995,4986.5599999999995,3114,301,298,-154.5,102,Commercial Description,Valid,0.0301,Low,0.8335,Core Commercial Product
23198,PANTRY MAGNETIC  SHOPPING LIST,5062.6,4969.8,3342,499,489,-92.79999999999998,64,Commercial Description,Valid,0.0183,Low,0.8358,Core Commercial Product
23494,VINTAGE DOILY DELUXE SEWING KIT,5354.01,4967.26,809,217,216,-386.75,65,Commercial Description,Valid,0.0722,Moderate,0.7593,Monitor Return Risk
46000S,POLYESTER FILLER PAD 40x40cm,5054.7,4953.2,3486,403,399,-101.5,70,Commercial Description,Valid,0.0201,Low,0.8376,Core Commercial Product
23314,VINTAGE CHRISTMAS TABLECLOTH,5012.96,4950.46,407,120,119,-62.5,5,Commercial Description,Valid,0.0125,Low,0.7267,Core Commercial Product
21896,POTTING SHED TWINE,4975.61,4946.96,2395,304,296,-28.65,14,Commercial Description,Valid,0.0058,Low,0.8208,Core Commercial Product
21713,CITRONELLA CANDLE FLOWERPOT,5179.06,4946.06,2747,419,410,-233.00000000000006,128,Commercial Description,Valid,0.045,Low,0.8275,Core Commercial Product
22957,SET 3 PAPER VINTAGE CHICK PAPER EGG,5014.65,4942.75,1775,220,218,-71.9,26,Commercial Description,Valid,0.0143,Low,0.8033,Core Commercial Product
22604,SET OF 4 NAPKIN CHARMS CUTLERY,5003.52,4942.320000000001,2035,261,252,-61.2,24,Commercial Description,Valid,0.0122,Low,0.8106,Core Commercial Product
21706,"FOLDING UMBRELLA , RED/WHITE SPOT",5086.96,4938.46,1355,264,259,-148.5,30,Commercial Description,Valid,0.0292,Low,0.7874,Core Commercial Product
47568,ENGLISH ROSE DESIGN PEG BAG,4983.02,4938.05,2384,419,418,-44.97,22,Commercial Description,Valid,0.009,Low,0.8198,Core Commercial Product
23570,TRADITIONAL PICK UP STICKS GAME,4931.870000000001,4931.87,2772,286,276,0.0,0,Commercial Description,Valid,0.0,Low,0.8273,Core Commercial Product
85184C,S/4 VALENTINE DECOUPAGE HEART BOX,4930.06,4930.06,2288,350,345,0.0,0,Commercial Description,Valid,0.0,Low,0.8166,Core Commercial Product
23556,LANDMARK FRAME COVENT GARDEN,4937.01,4924.51,436,54,54,-12.5,1,Commercial Description,Valid,0.0025,Low,0.7292,Core Commercial Product
20963,APPLE BATH SPONGE,4932.62,4920.12,3642,541,510,-12.5,10,Commercial Description,Valid,0.0025,Low,0.8382,Core Commercial Product
22509,SEWING BOX RETROSPOT DESIGN,5207.11,4919.0599999999995,392,195,192,-288.04999999999995,19,Commercial Description,Valid,0.0553,Moderate,0.7239,Monitor Return Risk
21207,SKULL AND CROSSBONES  GARLAND,5627.24,4917.99,3617,290,286,-709.25,489,Commercial Description,Valid,0.126,Moderate,0.8378,Monitor Return Risk
22593,CHRISTMAS GINGHAM STAR,5122.41,4915.05,5757,438,416,-207.36,288,Commercial Description,Valid,0.0405,Low,0.8532,Core Commercial Product
23503,PLAYING CARDS KEEP CALM & CARRY ON,4860.55,4858.05,3643,344,337,-2.5,2,Commercial Description,Valid,0.0005,Low,0.8378,Core Commercial Product
22800,ANTIQUE TALL SWIRLGLASS TRINKET POT,4905.870000000001,4845.87,1206,296,277,-60.0,16,Commercial Description,Valid,0.0122,Low,0.78,Core Commercial Product
23010,CIRCUS PARADE BABY GIFT SET,4879.5999999999985,4828.75,315,113,113,-50.849999999999994,3,Commercial Description,Valid,0.0104,Low,0.7132,Core Commercial Product
22956,36 FOIL HEART CAKE CASES,5110.530000000001,4823.13,2607,290,259,-287.40000000000003,154,Commercial Description,Valid,0.0562,Moderate,0.8235,Monitor Return Risk
21328,BALLOONS  WRITING SET,4816.33,4816.33,2523,673,643,0.0,0,Commercial Description,Valid,0.0,Low,0.8215,Core Commercial Product
23554,LANDMARK FRAME OXFORD STREET,4805.530000000001,4805.53,422,57,57,0.0,0,Commercial Description,Valid,0.0,Low,0.7261,Core Commercial Product
21986,PACK OF 12 PINK SPOT TISSUES,4806.25,4799.29,13528,484,470,-6.959999999999999,24,Commercial Description,Valid,0.0014,Low,0.8709,Core Commercial Product
20961,STRAWBERRY BATH SPONGE,4886.57,4797.82,3672,540,516,-88.75,71,Commercial Description,Valid,0.0182,Low,0.8371,Core Commercial Product
21249,WOODLAND  HEIGHT CHART STICKERS,4841.389999999999,4794.990000000001,1679,270,262,-46.400000000000006,16,Commercial Description,Valid,0.0096,Low,0.7977,Core Commercial Product
22128,PARTY CONES CANDY ASSORTED,4864.59,4794.59,4007,205,199,-70.0,56,Commercial Description,Valid,0.0144,Low,0.8403,Core Commercial Product
23555,LANDMARK FRAME NOTTING HILL,4780.570000000001,4780.57,421,51,50,0.0,0,Commercial Description,Valid,0.0,Low,0.7252,Core Commercial Product
23351,ROLL WRAP 50'S CHRISTMAS,4875.65,4770.77,3535,361,357,-104.88,96,Commercial Description,Valid,0.0215,Low,0.8348,Core Commercial Product
22399,MAGNETS PACK OF 4 CHILDHOOD MEMORY,4794.6,4764.6,4088,286,281,-30.0,24,Commercial Description,Valid,0.0063,Low,0.8406,Core Commercial Product
22434,BALLOON PUMP WITH 10 BALLOONS,4795.889999999999,4760.79,2579,294,283,-35.1,18,Commercial Description,Valid,0.0073,Low,0.8218,Core Commercial Product
20681,PINK SPOTTY CHILDS UMBRELLA,4859.79,4760.04,1429,370,358,-99.75,31,Commercial Description,Valid,0.0205,Low,0.7874,Core Commercial Product
22027,TEA PARTY BIRTHDAY CARD,4846.87,4759.75,11387,865,852,-87.12000000000002,228,Commercial Description,Valid,0.018,Low,0.8668,Core Commercial Product
22304,COFFEE MUG BLUE PAISLEY DESIGN,4801.68,4757.13,2422,182,173,-44.55,18,Commercial Description,Valid,0.0093,Low,0.8176,Core Commercial Product
22672,FRENCH BATHROOM SIGN BLUE METAL,4774.299999999999,4746.25,2869,386,374,-28.05,17,Commercial Description,Valid,0.0059,Low,0.8259,Core Commercial Product
22305,COFFEE MUG PINK PAISLEY DESIGN,4772.73,4744.68,2291,153,150,-28.05,11,Commercial Description,Valid,0.0059,Low,0.8135,Core Commercial Product
23389,SPACEBOY MINI BACKPACK,4751.49,4743.1900000000005,1115,240,238,-8.3,2,Commercial Description,Valid,0.0017,Low,0.7729,Core Commercial Product
85049G,CHOCOLATE BOX RIBBONS,4798.65,4742.4,3890,543,517,-56.25,45,Commercial Description,Valid,0.0117,Low,0.8378,Core Commercial Product
22583,PACK OF 6 HANDBAG GIFT BOXES,5004.0,4731.15,1887,377,355,-272.85,111,Commercial Description,Valid,0.0545,Moderate,0.8029,Monitor Return Risk
22601,CHRISTMAS RETROSPOT ANGEL WOOD,4729.84,4726.44,5422,447,421,-3.4,4,Commercial Description,Valid,0.0007,Low,0.8485,Core Commercial Product
22562,MONSTERS STENCIL CRAFT,4714.8,4714.8,4004,405,393,0.0,0,Commercial Description,Valid,0.0,Low,0.8383,Core Commercial Product
21916,SET 12 RETRO WHITE CHALK STICKS,4803.17,4708.67,11124,747,718,-94.5,225,Commercial Description,Valid,0.0197,Low,0.8653,Core Commercial Product
23569,TRADTIONAL ALPHABET STAMP SET,4717.66,4707.76,954,197,193,-9.9,2,Commercial Description,Valid,0.0021,Low,0.7622,Core Commercial Product
22107,PIZZA PLATE IN BOX,5037.51,4706.8,1276,403,381,-330.71000000000004,95,Commercial Description,Valid,0.0656,Moderate,0.7798,Monitor Return Risk
23286,BLUE VINTAGE SPOT BEAKER,4747.620000000001,4705.97,5048,225,225,-41.65,49,Commercial Description,Valid,0.0088,Low,0.8453,Core Commercial Product
21811,CHRISTMAS HANGING HEART WITH BELL,4723.539999999999,4704.82,6446,418,386,-18.72,48,Commercial Description,Valid,0.004,Low,0.8533,Core Commercial Product
23558,LANDMARK FRAME LONDON BRIDGE,4703.87,4703.87,415,52,52,0.0,0,Commercial Description,Valid,0.0,Low,0.7219,Core Commercial Product
21069,VINTAGE BILLBOARD TEA MUG,5474.43,4703.54,5148,297,284,-770.8900000000001,726,Commercial Description,Valid,0.1408,Moderate,0.8457,Monitor Return Risk
23184,BULL DOG BOTTLE OPENER,4764.5,4700.150000000001,874,270,268,-64.35000000000001,13,Commercial Description,Valid,0.0135,Low,0.7571,Core Commercial Product
23157,SET OF 6 NATIVITY MAGNETS,5143.0599999999995,4699.06,2557,172,166,-444.0,240,Commercial Description,Valid,0.0863,Moderate,0.8188,Monitor Return Risk
22442,GROW YOUR OWN FLOWERS SET OF 3,4836.870000000001,4694.97,875,192,185,-141.89999999999998,18,Commercial Description,Valid,0.0293,Low,0.7569,Core Commercial Product
22474,SPACEBOY TV DINNER TRAY,4830.210000000001,4694.21,984,270,257,-136.0,32,Commercial Description,Valid,0.0282,Low,0.7632,Core Commercial Product
22451,SILK PURSE RUSSIAN DOLL RED,4715.4400000000005,4688.64,1394,273,247,-26.8,8,Commercial Description,Valid,0.0057,Low,0.7831,Core Commercial Product
22736,"RIBBON REEL, MAKING SNOWMEN",4717.4800000000005,4679.53,2618,442,411,-37.95,23,Commercial Description,Valid,0.008,Low,0.8192,Core Commercial Product
22721,SET OF 3 CAKE TINS SKETCHBOOK,4671.8099999999995,4671.81,1020,298,297,0.0,0,Commercial Description,Valid,0.0,Low,0.7653,Core Commercial Product
72807B,SET/3 OCEAN SCENT CANDLE JEWEL BOX,4790.28,4671.28,1090,253,240,-119.0,28,Commercial Description,Valid,0.0248,Low,0.7693,Core Commercial Product
23159,SET OF 5 PANCAKE DAY MAGNETS,4713.52,4661.52,2293,228,227,-52.0,25,Commercial Description,Valid,0.011,Low,0.8108,Core Commercial Product
23241,TREASURE TIN GYMKHANA DESIGN,4669.55,4654.99,2165,371,368,-14.56,7,Commercial Description,Valid,0.0031,Low,0.8073,Core Commercial Product
15044B,BLUE PAPER PARASOL,4655.9400000000005,4652.990000000001,1673,194,191,-2.95,1,Commercial Description,Valid,0.0006,Low,0.7931,Core Commercial Product
21534,DAIRY MAID LARGE MILK JUG,4793.66,4650.11,942,369,364,-143.55,29,Commercial Description,Valid,0.0299,Low,0.7593,Core Commercial Product
82581,TOILET METAL SIGN,4687.85,4649.1900000000005,8463,944,923,-38.660000000000004,71,Commercial Description,Valid,0.0082,Low,0.8577,Core Commercial Product
22743,MAKE YOUR OWN FLOWERPOWER CARD KIT,4660.610000000001,4642.910000000001,1531,372,352,-17.700000000000003,6,Commercial Description,Valid,0.0038,Low,0.7875,Core Commercial Product
21506,"FANCY FONT BIRTHDAY CARD,",4662.0199999999995,4636.82,11194,689,669,-25.2,60,Commercial Description,Valid,0.0054,Low,0.8628,Core Commercial Product
84031A,CHARLIE+LOLA RED HOT WATER BOTTLE,4700.62,4629.07,1151,335,318,-71.55,27,Commercial Description,Valid,0.0152,Low,0.7713,Core Commercial Product
22573,STAR WOODEN CHRISTMAS DECORATION,4627.08,4627.08,5122,433,405,0.0,0,Commercial Description,Valid,0.0,Low,0.8433,Core Commercial Product
10135,COLOURING PENCILS BROWN TUBE,4640.1,4626.35,4271,339,326,-13.75,11,Commercial Description,Valid,0.003,Low,0.8371,Core Commercial Product
21990,MODERN FLORAL STATIONERY SET,4635.78,4620.78,2493,514,498,-15.0,12,Commercial Description,Valid,0.0032,Low,0.8149,Core Commercial Product
21864,UNION JACK FLAG PASSPORT COVER,4681.58,4597.58,1960,429,412,-84.0,40,Commercial Description,Valid,0.0179,Low,0.8006,Core Commercial Product
22594,CHRISTMAS GINGHAM TREE,4597.42,4596.57,5008,431,413,-0.85,1,Commercial Description,Valid,0.0002,Low,0.8419,Core Commercial Product
23176,ABC TREASURE BOOK BOX,4693.08,4591.83,2165,237,236,-101.25,45,Commercial Description,Valid,0.0216,Low,0.8058,Core Commercial Product
22908,PACK OF 20 NAPKINS RED APPLES,4583.749999999999,4577.8,5666,509,491,-5.95,7,Commercial Description,Valid,0.0013,Low,0.8454,Core Commercial Product
23285,PINK VINTAGE SPOT BEAKER,4572.410000000001,4570.71,4807,193,192,-1.7,2,Commercial Description,Valid,0.0004,Low,0.84,Core Commercial Product
22574,HEART WOODEN CHRISTMAS DECORATION,4926.61,4568.53,5382,444,417,-358.08000000000004,480,Commercial Description,Valid,0.0727,Moderate,0.8441,Monitor Return Risk
22747,POPPY'S PLAYHOUSE BATHROOM,4588.0199999999995,4562.82,2081,425,403,-25.2,12,Commercial Description,Valid,0.0055,Low,0.803,Core Commercial Product
22564,ALPHABET STENCIL CRAFT,5287.650000000001,4560.33,4623,360,348,-727.3199999999999,684,Commercial Description,Valid,0.1376,Moderate,0.8381,Monitor Return Risk
21564,PINK  HEART SHAPE LOVE BUCKET,4577.62,4545.97,1967,307,301,-31.650000000000002,11,Commercial Description,Valid,0.0069,Low,0.7997,Core Commercial Product
22691,DOORMAT WELCOME SUNRISE,5206.55,4541.2,759,223,222,-665.35,143,Commercial Description,Valid,0.1278,Moderate,0.7467,Monitor Return Risk
15044D,RED PAPER PARASOL,4565.5599999999995,4539.41,1597,234,231,-26.150000000000002,9,Commercial Description,Valid,0.0057,Low,0.7879,Core Commercial Product
21109,"LARGE CAKE TOWEL, CHOCOLATE SPOTS",4550.95,4537.45,1181,235,225,-13.5,2,Commercial Description,Valid,0.003,Low,0.7709,Core Commercial Product
84270,ASSTD DESIGN BUBBLE GUM RING,4827.87,4534.47,22953,491,486,-293.40000000000003,1740,Commercial Description,Valid,0.0608,Moderate,0.8689,Monitor Return Risk
84997b,RED 3 PIECE MINI DOTS CUTLERY SET,4534.319999999999,4534.32,539,90,85,0.0,0,Commercial Description,Valid,0.0,Low,0.7291,Core Commercial Product
22733,3D STICKERS TRADITIONAL CHRISTMAS,4539.77,4514.7699999999995,3523,363,339,-25.0,20,Commercial Description,Valid,0.0055,Low,0.8277,Core Commercial Product
37447,CERAMIC CAKE DESIGN SPOTTED PLATE,4619.530000000001,4510.37,2930,402,393,-109.15999999999998,76,Commercial Description,Valid,0.0236,Low,0.8207,Core Commercial Product
21064,BOOM BOX SPEAKER BOYS,4557.84,4504.29,904,184,174,-53.550000000000004,9,Commercial Description,Valid,0.0117,Low,0.7542,Core Commercial Product
20966,SANDWICH BATH SPONGE,4500.679999999999,4499.43,3151,457,425,-1.25,1,Commercial Description,Valid,0.0003,Low,0.8228,Core Commercial Product
22449,SILK PURSE RUSSIAN DOLL PINK,4538.74,4498.54,1370,329,312,-40.2,12,Commercial Description,Valid,0.0089,Low,0.778,Core Commercial Product
22926,IVORY GIANT GARDEN THERMOMETER,4632.17,4495.320000000001,758,252,223,-136.85,23,Commercial Description,Valid,0.0295,Low,0.7452,Core Commercial Product
23168,CLASSIC SUGAR DISPENSER,4558.67,4493.0599999999995,3291,360,355,-65.61,54,Commercial Description,Valid,0.0144,Low,0.824,Core Commercial Product
21068,VINTAGE BILLBOARD LOVE/HATE MUG,4585.41,4487.08,4396,406,381,-98.33,89,Commercial Description,Valid,0.0214,Low,0.8351,Core Commercial Product
21967,PACK OF 12 SKULL TISSUES,4478.9,4478.9,15898,510,482,0.0,0,Commercial Description,Valid,0.0,Low,0.8643,Core Commercial Product
22548,HEADS AND TAILS SPORTING FUN,4475.599999999999,4475.6,3579,460,430,0.0,0,Commercial Description,Valid,0.0,Low,0.8274,Core Commercial Product
22760,"TRAY, BREAKFAST IN BED",4596.11,4470.41,360,132,129,-125.7,10,Commercial Description,Valid,0.0273,Low,0.7101,Core Commercial Product
23309,SET OF 60 I LOVE LONDON CAKE CASES,4495.849999999999,4460.65,8275,426,411,-35.2,64,Commercial Description,Valid,0.0078,Low,0.8528,Core Commercial Product
21143,ANTIQUE GLASS HEART DECORATION,4483.879999999999,4444.88,2233,213,190,-39.00000000000001,20,Commercial Description,Valid,0.0087,Low,0.8045,Core Commercial Product
21012,ANTIQUE ALL GLASS CANDLESTICK,4450.7,4440.2,2362,314,301,-10.5,5,Commercial Description,Valid,0.0024,Low,0.8077,Core Commercial Product
84968E,S/16 VINTAGE BLACK CUTLERY,4490.48,4439.48,387,103,102,-51.0,4,Commercial Description,Valid,0.0114,Low,0.7125,Core Commercial Product
23530,WALL ART ONLY ONE PERSON,4436.269999999999,4436.27,1056,87,87,0.0,0,Commercial Description,Valid,0.0,Low,0.7618,Core Commercial Product
22312,OFFICE MUG WARMER POLKADOT,4516.700000000001,4435.05,1312,289,272,-81.65000000000002,27,Commercial Description,Valid,0.0181,Low,0.7738,Core Commercial Product
22299,PIG KEYRING WITH LIGHT & SOUND,4505.879999999999,4429.63,3966,214,207,-76.25,61,Commercial Description,Valid,0.0169,Low,0.8303,Core Commercial Product
23288,GREEN VINTAGE SPOT BEAKER,4444.23,4429.0599999999995,4625,191,190,-15.169999999999998,18,Commercial Description,Valid,0.0034,Low,0.8349,Core Commercial Product
23275,SET OF 3 HANGING OWLS OLLIE BEAK,4521.72,4426.31,3720,338,329,-95.41,77,Commercial Description,Valid,0.0211,Low,0.8273,Core Commercial Product
84969,ASSORTED COLOUR SET 6 TEASPOONS,4445.38,4424.13,998,359,348,-21.25,5,Commercial Description,Valid,0.0048,Low,0.7573,Core Commercial Product
51014A,"FEATHER PEN,HOT PINK",4585.2,4419.45,6700,386,381,-165.75,195,Commercial Description,Valid,0.0361,Low,0.8465,Core Commercial Product
23404,HOME SWEET HOME BLACKBOARD,4561.76,4418.21,1011,184,184,-143.55,29,Commercial Description,Valid,0.0315,Low,0.7578,Core Commercial Product
21913,VINTAGE SEASIDE JIGSAW PUZZLES,4423.200000000001,4408.2,1155,312,301,-15.0,4,Commercial Description,Valid,0.0034,Low,0.7663,Core Commercial Product
22227,"DECORATION, HANGING HEART+MIRROR",4427.11,4405.66,6136,681,649,-21.45,33,Commercial Description,Valid,0.0048,Low,0.8433,Core Commercial Product
23163,REGENCY SUGAR TONGS,4515.220000000001,4400.820000000001,1832,211,211,-114.4,55,Commercial Description,Valid,0.0253,Low,0.7921,Core Commercial Product
72807A,SET/3 ROSE CANDLE IN JEWELLED BOX,4472.37,4400.12,971,246,230,-72.25,17,Commercial Description,Valid,0.0162,Low,0.755,Core Commercial Product
21056,DOCTOR'S BAG SOFT TOY,5077.68,4383.78,558,202,199,-693.9000000000001,82,Commercial Description,Valid,0.1367,Moderate,0.7271,Monitor Return Risk
21810,CHRISTMAS HANGING STAR WITH BELL,4455.81,4382.0599999999995,7009,376,347,-73.75,59,Commercial Description,Valid,0.0166,Low,0.8467,Core Commercial Product
85063,CREAM SWEETHEART MAGAZINE RACK,5426.739999999999,4366.04,308,219,219,-1060.7000000000003,66,Commercial Description,Valid,0.1955,High,0.6999,High Return Risk
20674,GREEN SPOTTY BOWL,4383.55,4364.99,3437,475,466,-18.560000000000002,15,Commercial Description,Valid,0.0042,Low,0.8225,Core Commercial Product
84279P,CHERRY BLOSSOM  DECORATIVE FLASK,4525.55,4361.99,1153,326,320,-163.56,44,Commercial Description,Valid,0.0361,Low,0.7649,Core Commercial Product
21899,"KEY FOB , GARAGE DESIGN",4398.08,4354.53,6783,653,629,-43.55,67,Commercial Description,Valid,0.0099,Low,0.8453,Core Commercial Product
22291,"SPRING DEC , HANGING CHICK CREAM",4412.93,4343.33,3193,271,266,-69.6,48,Commercial Description,Valid,0.0158,Low,0.8194,Core Commercial Product
15039,SANDALWOOD FAN,4360.03,4337.08,5117,315,310,-22.95,27,Commercial Description,Valid,0.0053,Low,0.8364,Core Commercial Product
22611,VINTAGE UNION JACK SHOPPING BAG,4348.799999999999,4329.0,908,203,197,-19.8,4,Commercial Description,Valid,0.0046,Low,0.7502,Core Commercial Product
22497,SET OF 2 TINS VINTAGE BATHROOM,4345.08,4323.83,946,293,282,-21.25,5,Commercial Description,Valid,0.0049,Low,0.7519,Core Commercial Product
22530,MAGIC DRAWING SLATE DOLLY GIRL,4343.16,4323.0,10270,493,470,-20.16,48,Commercial Description,Valid,0.0046,Low,0.8539,Core Commercial Product
23349,ROLL WRAP VINTAGE CHRISTMAS,4342.6,4312.6,3221,345,339,-30.0,24,Commercial Description,Valid,0.0069,Low,0.819,Core Commercial Product
47580,TEA TIME DES TEA COSY,4395.26,4311.11,1693,365,348,-84.14999999999999,33,Commercial Description,Valid,0.0191,Low,0.7857,Core Commercial Product
85053,FRENCH ENAMEL CANDLEHOLDER,4382.219999999999,4297.76,2037,408,398,-84.46,41,Commercial Description,Valid,0.0193,Low,0.7957,Core Commercial Product
21556,CERAMIC STRAWBERRY MONEY BOX,4305.450000000001,4295.25,1626,310,300,-10.2,4,Commercial Description,Valid,0.0024,Low,0.7831,Core Commercial Product
22600,CHRISTMAS RETROSPOT STAR WOOD,4317.5,4293.7,4958,453,432,-23.799999999999997,28,Commercial Description,Valid,0.0055,Low,0.8341,Core Commercial Product
22425,ENAMEL COLLANDER CREAM,4401.8,4289.25,866,318,308,-112.55,25,Commercial Description,Valid,0.0256,Low,0.7464,Core Commercial Product
21878,PACK OF 6 SANDCASTLE FLAGS ASSORTED,4591.539999999999,4286.73,5591,416,406,-304.81,421,Commercial Description,Valid,0.0664,Moderate,0.8379,Monitor Return Risk
22202,MILK PAN PINK RETROSPOT,4400.120000000001,4283.87,1090,290,284,-116.25,31,Commercial Description,Valid,0.0264,Low,0.76,Core Commercial Product
79320,FLAMINGO LIGHTS,4357.38,4280.28,904,163,163,-77.1,16,Commercial Description,Valid,0.0177,Low,0.7484,Core Commercial Product
21537,RETRO SPOTS PUDDING BOWL,4526.59,4279.59,1049,283,271,-247.0,64,Commercial Description,Valid,0.0546,Moderate,0.7571,Monitor Return Risk
21245,GREEN  SPOTTY PLATE,4285.26,4278.5,2577,312,305,-6.76,4,Commercial Description,Valid,0.0016,Low,0.8087,Core Commercial Product
23050,RECYCLED ACAPULCO MAT GREEN,4286.550000000001,4278.3,497,206,206,-8.25,1,Commercial Description,Valid,0.0019,Low,0.7196,Core Commercial Product
20665,RED SPOTTY PURSE,4371.47,4277.070000000001,1366,370,356,-94.40000000000002,32,Commercial Description,Valid,0.0216,Low,0.7718,Core Commercial Product
20982,12 PENCILS TALL TUBE SKULLS,4298.2,4273.55,4915,602,582,-24.650000000000002,29,Commercial Description,Valid,0.0057,Low,0.8326,Core Commercial Product
21153,RED SPOTTY TABLECLOTH,4294.6900000000005,4273.39,393,143,143,-21.3,2,Commercial Description,Valid,0.005,Low,0.7083,Core Commercial Product
23112,PARISIENNE CURIO CABINET,4507.08,4267.2300000000005,546,260,260,-239.85000000000002,33,Commercial Description,Valid,0.0532,Moderate,0.7225,Monitor Return Risk
22723,SET OF 6 HERB TINS SKETCHBOOK,4262.82,4254.92,1164,300,297,-7.9,2,Commercial Description,Valid,0.0019,Low,0.7624,Core Commercial Product
22285,"DECORATION HEN ON NEST, HANGING",4274.530000000001,4254.7300000000005,2719,276,265,-19.8,12,Commercial Description,Valid,0.0046,Low,0.8099,Core Commercial Product
21355,TOAST ITS - I LOVE YOU,4308.08,4248.08,3521,361,346,-60.0,48,Commercial Description,Valid,0.0139,Low,0.8203,Core Commercial Product
22670,FRENCH WC SIGN BLUE METAL,5588.110000000001,4247.55,4490,448,430,-1340.56,1160,Commercial Description,Valid,0.2399,High,0.8291,High Return Risk
20967,GREY FLORAL FELTCRAFT SHOULDER BAG,4320.08,4245.08,1139,328,301,-75.0,20,Commercial Description,Valid,0.0174,Low,0.7605,Core Commercial Product
84598,BOYS ALPHABET IRON ON PATCHES,4360.46,4239.5,20799,224,220,-120.96,576,Commercial Description,Valid,0.0277,Low,0.8602,Core Commercial Product
21609,SET 12 LAVENDER  BOTANICAL T-LIGHTS,4230.55,4230.55,1513,227,220,0.0,0,Commercial Description,Valid,0.0,Low,0.7763,Core Commercial Product
22744,MAKE YOUR OWN MONSOON CARD KIT,4392.75,4229.05,1557,323,304,-163.70000000000002,62,Commercial Description,Valid,0.0373,Low,0.7779,Core Commercial Product
70006,LOVE HEART POCKET WARMER,4229.620000000001,4227.18,4476,311,292,-2.44,2,Commercial Description,Valid,0.0006,Low,0.8284,Core Commercial Product
21470,FLOWER VINE RAFFIA FOOD COVER,4258.67,4224.92,1118,333,323,-33.75,9,Commercial Description,Valid,0.0079,Low,0.7588,Core Commercial Product
23166,MEDIUM CERAMIC TOP STORAGE JAR,81700.91999999998,4221.28,78033,260,257,-77479.64000000001,74494,Commercial Description,Valid,0.9483,Very High,0.8632,High Return Risk
22892,SALT AND PEPPER SHAKERS TOADSTOOLS,4367.0599999999995,4218.37,3556,321,317,-148.69,123,Commercial Description,Valid,0.034,Low,0.8196,Core Commercial Product
23237,SET OF 4 KNICK KNACK TINS LEAVES,4274.389999999999,4205.04,1053,187,187,-69.35,17,Commercial Description,Valid,0.0162,Low,0.7548,Core Commercial Product
21614,SET OF 12 ROSE BOTANICAL T-LIGHTS,4538.17,4202.120000000001,1627,206,203,-336.05,131,Commercial Description,Valid,0.074,Moderate,0.7798,Monitor Return Risk
23089,GLASS BON BON JAR,4215.780000000001,4190.13,2354,235,232,-25.65,15,Commercial Description,Valid,0.0061,Low,0.8002,Core Commercial Product
21707,"FOLDING UMBRELLA , BLACK/BLUE  SPOT",4184.95,4184.95,1005,172,172,0.0,0,Commercial Description,Valid,0.0,Low,0.7512,Core Commercial Product
22454,MEASURING TAPE RUSSIAN DOLL RED,4237.09,4172.1900000000005,1515,197,182,-64.9,22,Commercial Description,Valid,0.0153,Low,0.775,Core Commercial Product
22071,SMALL RETRO SPOT MUG IN BOX  WHITE,4419.75,4171.0,1546,277,266,-248.75,309,Commercial Description,Valid,0.0563,Moderate,0.7763,Monitor Return Risk
23012,GLASS APOTHECARY BOTTLE PERFUME,4197.110000000001,4165.51,1071,253,251,-31.6,8,Commercial Description,Valid,0.0075,Low,0.7551,Core Commercial Product
22807,SET OF 6 T-LIGHTS TOADSTOOLS,4213.47,4162.22,1412,313,297,-51.25000000000001,19,Commercial Description,Valid,0.0122,Low,0.7705,Core Commercial Product
22851,SET 20 NAPKINS FAIRY CAKES DESIGN,4228.01,4161.71,5195,548,527,-66.3,78,Commercial Description,Valid,0.0157,Low,0.8318,Core Commercial Product
23144,ZINC T-LIGHT HOLDER STARS SMALL,4197.83,4161.31,5089,278,277,-36.52,44,Commercial Description,Valid,0.0087,Low,0.8308,Core Commercial Product
84580,MOUSE TOY WITH PINK T-SHIRT,4148.45,4133.45,1082,463,443,-15.0,4,Commercial Description,Valid,0.0036,Low,0.7553,Core Commercial Product
23306,SET OF 36 DOILIES PANTRY DESIGN,4123.379999999999,4113.23,2808,285,283,-10.149999999999999,7,Commercial Description,Valid,0.0025,Low,0.8086,Core Commercial Product
21472,LADYBIRD + BEE RAFFIA FOOD COVER,4111.57,4111.57,1065,294,288,0.0,0,Commercial Description,Valid,0.0,Low,0.754,Core Commercial Product
23167,SMALL CERAMIC TOP STORAGE JAR,4476.010000000001,4110.82,5847,247,240,-365.18999999999994,525,Commercial Description,Valid,0.0816,Moderate,0.8349,Monitor Return Risk
21590,KINGS CHOICE CIGAR BOX MATCHES,4141.28,4108.78,3448,298,289,-32.5,26,Commercial Description,Valid,0.0078,Low,0.8161,Core Commercial Product
21911,GARDEN METAL SIGN,4120.69,4100.89,2566,356,348,-19.8,12,Commercial Description,Valid,0.0048,Low,0.8041,Core Commercial Product
72349B,SET/6 PURPLE BUTTERFLY T-LIGHTS,4117.200000000001,4092.0000000000005,2021,297,288,-25.200000000000003,12,Commercial Description,Valid,0.0061,Low,0.7897,Core Commercial Product
23009,I LOVE LONDON BABY GIFT SET,4082.5199999999986,4082.52,263,103,103,0.0,0,Commercial Description,Valid,0.0,Low,0.6857,Core Commercial Product
16161U,"WRAP,SUKI AND FRIENDS",4105.92,4074.42,10076,323,321,-31.5,75,Commercial Description,Valid,0.0077,Low,0.8471,Core Commercial Product
22314,OFFICE MUG WARMER CHOC+BLUE,4085.88,4070.0800000000004,1162,272,251,-15.8,4,Commercial Description,Valid,0.0039,Low,0.7582,Core Commercial Product
22639,SET OF 4 NAPKIN CHARMS HEARTS,4082.24,4066.94,1673,292,278,-15.3,6,Commercial Description,Valid,0.0037,Low,0.7787,Core Commercial Product
22127,PARTY CONES CARNIVAL ASSORTED,4183.110000000001,4060.8,3492,168,162,-122.31,98,Commercial Description,Valid,0.0292,Low,0.8158,Core Commercial Product
23255,CHILDRENS CUTLERY CIRCUS PARADE,4097.219999999999,4059.87,1014,161,161,-37.35,9,Commercial Description,Valid,0.0091,Low,0.7495,Core Commercial Product
84596B,SMALL DOLLY MIX DESIGN ORANGE BOWL,4105.94,4059.22,6244,740,728,-46.72,48,Commercial Description,Valid,0.0114,Low,0.8354,Core Commercial Product
20981,12 PENCILS TALL TUBE WOODLAND,4118.339999999999,4051.1899999999996,4773,534,520,-67.14999999999999,79,Commercial Description,Valid,0.0163,Low,0.8265,Core Commercial Product
21474,SWEETHEART CREAM STEEL FOLDIN BENCH,4189.499999999998,4049.85,210,100,100,-139.65,7,Commercial Description,Valid,0.0333,Low,0.6753,Core Commercial Product
22731,3D CHRISTMAS STAMPS STICKERS,4090.66,4048.16,3054,289,268,-42.5,34,Commercial Description,Valid,0.0104,Low,0.8099,Core Commercial Product
21349,IVY HEART WREATH,4125.83,4044.83,565,185,176,-81.0,12,Commercial Description,Valid,0.0196,Low,0.7191,Core Commercial Product
21901,"KEY FOB , BACK DOOR",4141.96,4042.51,6274,727,694,-99.44999999999999,153,Commercial Description,Valid,0.024,Low,0.8351,Core Commercial Product
23193,BUFFALO BILL TREASURE BOOK BOX,4079.2799999999993,4034.28,1922,181,181,-45.0,20,Commercial Description,Valid,0.011,Low,0.7853,Core Commercial Product
23340,VINTAGE CHRISTMAS CAKE FRILL,4034.08,4034.08,2500,152,151,0.0,0,Commercial Description,Valid,0.0,Low,0.8004,Core Commercial Product
22445,PENCIL CASE LIFE IS BEAUTIFUL,4025.5700000000006,4025.5700000000006,1312,293,276,0.0,0,Commercial Description,Valid,0.0,Low,0.7631,Core Commercial Product
22777,GLASS CLOCHE LARGE,4075.06,4024.91,481,116,108,-50.15,6,Commercial Description,Valid,0.0123,Low,0.7117,Core Commercial Product
21743,STAR PORTABLE TABLE LIGHT,4197.77,4023.7200000000003,1443,206,188,-174.05000000000004,59,Commercial Description,Valid,0.0415,Low,0.7684,Core Commercial Product
21717,EASTER TIN BUCKET,4044.6900000000005,4021.74,1555,181,180,-22.95,9,Commercial Description,Valid,0.0057,Low,0.7726,Core Commercial Product
22245,"HOOK, 1 HANGER ,MAGIC GARDEN",4046.49,4018.44,4697,435,422,-28.05,33,Commercial Description,Valid,0.0069,Low,0.8245,Core Commercial Product
22053,EMPIRE DESIGN ROSETTE,4020.89,4018.39,4551,89,89,-2.5,2,Commercial Description,Valid,0.0006,Low,0.8234,Core Commercial Product
85206A,CREAM FELT EASTER EGG BASKET,4022.5100000000007,4006.01,2351,329,324,-16.5,10,Commercial Description,Valid,0.0041,Low,0.7955,Core Commercial Product
22284,HEN HOUSE DECORATION,4040.8999999999996,3998.0,2478,311,304,-42.9,26,Commercial Description,Valid,0.0106,Low,0.7989,Core Commercial Product
23129,HEART SHAPED HOLLY WREATH,3999.5,3995.35,950,173,173,-4.15,1,Commercial Description,Valid,0.001,Low,0.7429,Core Commercial Product
23194,GYMKHANNA TREASURE BOOK BOX,4077.37,3994.12,1835,225,222,-83.25,37,Commercial Description,Valid,0.0204,Low,0.7815,Core Commercial Product
85123a,WHITE HANGING HEART T-LIGHT HOLDER,3992.3899999999994,3992.39,597,101,99,0.0,0,Commercial Description,Valid,0.0,Low,0.7197,Core Commercial Product
22788,BROCANTE COAT RACK,4073.41,3989.66,486,97,89,-83.75000000000001,9,Commercial Description,Valid,0.0206,Low,0.7108,Core Commercial Product
23081,GREEN METAL BOX ARMY SUPPLIES,4038.25,3988.75,483,142,142,-49.5,6,Commercial Description,Valid,0.0123,Low,0.7105,Core Commercial Product
22359,temp,4099.42,3984.37,1290,229,222,-115.05000000000003,39,Commercial Description,Valid,0.0281,Low,0.7608,Core Commercial Product
21192,WHITE BELL HONEYCOMB PAPER,4040.5900000000006,3970.99,2235,244,219,-69.6,48,Commercial Description,Valid,0.0172,Low,0.7916,Core Commercial Product
22612,TEA COSY VINTAGE UNION JACK,3984.99,3969.99,1001,113,111,-15.0,4,Commercial Description,Valid,0.0038,Low,0.7453,Core Commercial Product
21055,TOOL BOX SOFT TOY,4032.3099999999995,3969.66,404,233,224,-62.650000000000006,7,Commercial Description,Valid,0.0155,Low,0.7013,Core Commercial Product
22797,CHEST OF DRAWERS GINGHAM HEART,4375.259999999999,3963.5099999999998,250,163,157,-411.7499999999999,25,Commercial Description,Valid,0.0941,Moderate,0.6791,Monitor Return Risk
23130,MISTLETOE HEART WREATH GREEN,3988.9800000000005,3951.63,962,186,186,-37.35,9,Commercial Description,Valid,0.0094,Low,0.7425,Core Commercial Product
23486,ANTIQUE HEART SHELF UNIT,4145.469999999999,3945.82,275,80,80,-199.65000000000003,13,Commercial Description,Valid,0.0482,Low,0.6834,Core Commercial Product
22118,JOY WOODEN BLOCK LETTERS,3953.9000000000005,3944.0,816,288,273,-9.9,2,Commercial Description,Valid,0.0025,Low,0.7338,Core Commercial Product
23557,LANDMARK FRAME BAKER STREET,3930.27,3930.27,350,32,32,0.0,0,Commercial Description,Valid,0.0,Low,0.6944,Core Commercial Product
22272,FELTCRAFT DOLL MARIA,3928.01,3925.0600000000004,1396,320,304,-2.95,1,Commercial Description,Valid,0.0008,Low,0.7636,Core Commercial Product
22536,MAGIC DRAWING SLATE PURDEY,3977.3500000000004,3924.91,10162,393,368,-52.440000000000005,142,Commercial Description,Valid,0.0132,Low,0.8427,Core Commercial Product
21812,GARLAND WITH HEARTS AND BELLS,4076.9700000000003,3918.57,833,218,209,-158.4,32,Commercial Description,Valid,0.0389,Low,0.7341,Core Commercial Product
22057,CERAMIC PLATE STRAWBERRY DESIGN,4035.5699999999997,3913.39,3076,274,272,-122.17999999999999,82,Commercial Description,Valid,0.0303,Low,0.8062,Core Commercial Product
46000M,POLYESTER FILLER PAD 45x45cm,3932.35,3899.8,2537,378,372,-32.55,21,Commercial Description,Valid,0.0083,Low,0.7977,Core Commercial Product
22475,SKULL DESIGN TV DINNER TRAY,3925.63,3895.93,778,269,259,-29.700000000000003,6,Commercial Description,Valid,0.0076,Low,0.7307,Core Commercial Product
22790,"MIRROR, ARCHED GEORGIAN",3884.000000000001,3884.000000000001,200,1,1,0.0,0,Commercial Description,Valid,0.0,Low,0.6692,Core Commercial Product
23552,BICYCLE PUNCTURE REPAIR KIT,3881.9100000000008,3881.91,1863,123,116,0.0,0,Commercial Description,Valid,0.0,Low,0.78,Core Commercial Product
23049,RECYCLED ACAPULCO MAT RED,3896.8399999999997,3872.09,456,188,188,-24.75,3,Commercial Description,Valid,0.0064,Low,0.7052,Core Commercial Product
21447,12 IVORY ROSE PEG PLACE SETTINGS,3868.8900000000003,3867.64,2796,349,339,-1.25,1,Commercial Description,Valid,0.0003,Low,0.8016,Core Commercial Product
22341,LOVE GARLAND PAINTED ZINC,5725.41,3867.21,3481,254,249,-1858.1999999999998,1196,Commercial Description,Valid,0.3246,Very High,0.8101,High Return Risk
22778,GLASS CLOCHE SMALL,4119.49,3864.77,1045,235,216,-254.71999999999994,72,Commercial Description,Valid,0.0618,Moderate,0.746,Monitor Return Risk
21987,PACK OF 6 SKULL PAPER CUPS,3999.11,3861.06,6434,399,389,-138.05,301,Commercial Description,Valid,0.0345,Low,0.8313,Core Commercial Product
22478,BIRDHOUSE GARDEN MARKER,3859.69,3857.19,2778,323,319,-2.5,2,Commercial Description,Valid,0.0006,Low,0.8007,Core Commercial Product
23110,PARISIENNE KEY CABINET,4147.18,3853.93,700,284,283,-293.25,51,Commercial Description,Valid,0.0707,Moderate,0.7243,Monitor Return Risk
21813,GARLAND WITH STARS AND BELLS,3957.7000000000007,3853.75,842,203,188,-103.95000000000002,21,Commercial Description,Valid,0.0263,Low,0.7331,Core Commercial Product
22965,3 TRADITIONAl BISCUIT CUTTERS  SET,3932.75,3852.9500000000003,1888,278,265,-79.8,38,Commercial Description,Valid,0.0203,Low,0.7795,Core Commercial Product
21034,REX CASH+CARRY JUMBO SHOPPER,3875.9999999999995,3849.4,4080,2052,1912,-26.6,28,Commercial Description,Valid,0.0069,Low,0.8157,Core Commercial Product
22959,WRAP CHRISTMAS VILLAGE,3987.42,3840.42,9751,296,293,-147.0,350,Commercial Description,Valid,0.0369,Low,0.8395,Core Commercial Product
22579,WOODEN TREE CHRISTMAS SCANDINAVIAN,3920.8999999999996,3839.2999999999997,7286,597,558,-81.6,96,Commercial Description,Valid,0.0208,Low,0.8332,Core Commercial Product
21067,VINTAGE RED TEATIME MUG,3873.2200000000003,3833.46,4792,281,276,-39.760000000000005,36,Commercial Description,Valid,0.0103,Low,0.8201,Core Commercial Product
22162,HEART GARLAND RUSTIC PADDED,3868.61,3833.21,1258,284,266,-35.400000000000006,12,Commercial Description,Valid,0.0092,Low,0.7553,Core Commercial Product
21846,PINK DIAMANTE PEN IN GIFT BOX,3907.4000000000005,3825.5499999999997,1625,277,267,-81.85000000000001,27,Commercial Description,Valid,0.0209,Low,0.7698,Core Commercial Product
21351,CINAMMON & ORANGE WREATH,3911.1,3819.15,1132,191,183,-91.95,25,Commercial Description,Valid,0.0235,Low,0.7489,Core Commercial Product
23253,16 PIECE CUTLERY SET PANTRY DESIGN,3848.8600000000006,3816.96,258,72,72,-31.9,2,Commercial Description,Valid,0.0083,Low,0.6769,Core Commercial Product
22458,CAST IRON HOOK GARDEN FORK,3815.8500000000004,3815.85,1530,181,175,0.0,0,Commercial Description,Valid,0.0,Low,0.7658,Core Commercial Product
21329,DINOSAURS  WRITING SET,3845.65,3812.65,2119,578,557,-33.0,20,Commercial Description,Valid,0.0086,Low,0.7839,Core Commercial Product
23131,MISTLETOE HEART WREATH CREAM,3835.9799999999996,3811.08,942,121,120,-24.9,6,Commercial Description,Valid,0.0065,Low,0.7372,Core Commercial Product
22765,NEWSPAPER STAND,3825.25,3810.2999999999997,338,60,55,-14.95,1,Commercial Description,Valid,0.0039,Low,0.6892,Core Commercial Product
21100,CHARLIE AND LOLA CHARLOTTE BAG,3812.58,3805.98,2546,282,276,-6.6,4,Commercial Description,Valid,0.0017,Low,0.795,Core Commercial Product
22962,Mailout,3872.05,3799.93,4630,403,377,-72.11999999999999,85,Commercial Description,Valid,0.0186,Low,0.8177,Core Commercial Product
22494,EMERGENCY FIRST AID TIN,3855.98,3792.23,2859,498,481,-63.75,51,Commercial Description,Valid,0.0165,Low,0.7997,Core Commercial Product
21627,ELEPHANT CARNIVAL POUFFE,3870.7799999999993,3792.08,200,122,118,-78.7,6,Commercial Description,Valid,0.0203,Low,0.6658,Core Commercial Product
22843,BISCUIT TIN VINTAGE GREEN,3899.0099999999998,3791.81,601,199,193,-107.2,16,Commercial Description,Valid,0.0275,Low,0.714,Core Commercial Product
22589,CARDHOLDER GINGHAM STAR,3835.32,3789.42,1385,255,239,-45.9,18,Commercial Description,Valid,0.012,Low,0.7586,Core Commercial Product
22544,MINI JIGSAW SPACEBOY,3825.2999999999997,3787.08,9541,358,343,-38.22,91,Commercial Description,Valid,0.01,Low,0.8368,Core Commercial Product
22980,PANTRY SCRUBBING BRUSH,3910.0099999999998,3785.96,2363,300,297,-124.05,81,Commercial Description,Valid,0.0317,Low,0.789,Core Commercial Product
21486,PINK HEART DOTS HOT WATER BOTTLE,3786.55,3782.8,1152,311,296,-3.75,1,Commercial Description,Valid,0.001,Low,0.7484,Core Commercial Product
23032,DRAWER KNOB CRACKLE GLAZE IVORY,3853.6800000000003,3777.78,2328,215,211,-75.9,46,Commercial Description,Valid,0.0197,Low,0.7878,Core Commercial Product
22774,RED DRAWER KNOB ACRYLIC EDWARDIAN,3811.2799999999997,3776.47,2945,198,188,-34.81,28,Commercial Description,Valid,0.0091,Low,0.8002,Core Commercial Product
22125,UNION JACK HOT WATER BOTTLE,4089.0899999999997,3774.2400000000002,653,195,189,-314.85,63,Commercial Description,Valid,0.077,Moderate,0.7169,Monitor Return Risk
21648,ASSORTED TUTTI FRUTTI SMALL PURSE,4044.2100000000005,3769.81,2987,251,240,-274.4,256,Commercial Description,Valid,0.0679,Moderate,0.8003,Monitor Return Risk
85049C,ROMANTIC PINKS RIBBONS,3793.7999999999997,3762.55,3018,522,505,-31.25,25,Commercial Description,Valid,0.0082,Low,0.8005,Core Commercial Product
23542,70'S ALPHABET WALL ART,3800.1600000000003,3751.46,506,92,92,-48.7,6,Commercial Description,Valid,0.0128,Low,0.7055,Core Commercial Product
71038,WHITE HANGING BEADS CANDLE HOLDER,3821.9500000000007,3751.1,723,157,154,-70.85,13,Commercial Description,Valid,0.0185,Low,0.7216,Core Commercial Product
22292,"SPRING DEC , HANGING CHICK  YELLOW",3783.9700000000003,3749.1699999999996,2785,232,223,-34.8,24,Commercial Description,Valid,0.0092,Low,0.7967,Core Commercial Product
23299,FOOD COVER WITH BEADS SET 2,3772.88,3742.88,1012,148,148,-30.0,8,Commercial Description,Valid,0.008,Low,0.7391,Core Commercial Product
85040B,SET/4 BLUE FLOWER CANDLES IN BOWL,3840.2999999999997,3742.6499999999996,2465,269,262,-97.64999999999999,65,Commercial Description,Valid,0.0254,Low,0.7904,Core Commercial Product
84016,FLAG OF ST GEORGE CAR FLAG,3791.6699999999996,3741.3700000000003,1004,78,72,-50.3,60,Commercial Description,Valid,0.0133,Low,0.7381,Core Commercial Product
84356,POMPOM CURTAIN,3777.9900000000002,3736.29,751,137,136,-41.7,6,Commercial Description,Valid,0.011,Low,0.7234,Core Commercial Product
85114B,IVORY ENCHANTED FOREST PLACEMAT,3731.3900000000003,3728.09,2066,232,224,-3.3,2,Commercial Description,Valid,0.0009,Low,0.7794,Core Commercial Product
21795,SET OF 3 BLUE STRIPE BASKET,3734.94,3722.1900000000005,441,82,82,-12.75,1,Commercial Description,Valid,0.0034,Low,0.6981,Core Commercial Product
72802A,ROSE SCENT CANDLE IN JEWELLED BOX,3904.6499999999996,3719.56,941,202,195,-185.09,45,Commercial Description,Valid,0.0474,Low,0.7337,Core Commercial Product
35924,HANGING FAIRY CAKE DECORATION,4062.0200000000004,3714.34,2168,206,199,-347.68000000000006,205,Commercial Description,Valid,0.0856,Moderate,0.7816,Monitor Return Risk
84558A,3D DOG PICTURE PLAYING CARDS,3787.4300000000003,3713.6800000000003,1311,215,200,-73.75,25,Commercial Description,Valid,0.0195,Low,0.7529,Core Commercial Product
22782,SET 3 WICKER STORAGE BASKETS,3712.2999999999997,3712.2999999999997,254,84,84,0.0,0,Commercial Description,Valid,0.0,Low,0.6722,Core Commercial Product
72802B,OCEAN SCENT CANDLE IN JEWELLED BOX,4390.6900000000005,3711.45,1589,233,224,-679.24,458,Commercial Description,Valid,0.1547,High,0.7639,High Return Risk
21845,DAIRY MAID STRIPE MUG,3811.51,3700.4700000000003,2539,171,169,-111.03999999999999,64,Commercial Description,Valid,0.0291,Low,0.7908,Core Commercial Product
23127,DOLLCRAFT GIRL NICOLE,3759.0,3694.65,736,199,197,-64.35000000000001,13,Commercial Description,Valid,0.0171,Low,0.7209,Core Commercial Product
23092,LARGE ANTIQUE WHITE PHOTO FRAME,3757.780000000001,3680.03,523,144,144,-77.75,10,Commercial Description,Valid,0.0207,Low,0.7046,Core Commercial Product
23182,TOILET SIGN OCCUPIED OR VACANT,3688.21,3676.59,3741,443,439,-11.62,14,Commercial Description,Valid,0.0032,Low,0.8065,Core Commercial Product
20692,FLORAL ELEPHANT SOFT TOY,3682.76,3674.26,908,145,143,-8.5,2,Commercial Description,Valid,0.0023,Low,0.7311,Core Commercial Product
22398,MAGNETS PACK OF 4 SWALLOWS,3791.26,3671.2599999999998,4319,455,436,-120.0,96,Commercial Description,Valid,0.0317,Low,0.8116,Core Commercial Product
21246,RED SPOTTY BIG BOWL,3695.5299999999997,3655.9300000000003,751,216,215,-39.60000000000001,8,Commercial Description,Valid,0.0107,Low,0.7216,Core Commercial Product
22823,CHEST NATURAL WOOD 20 DRAWERS,3655.0,3655.0,32,20,20,0.0,0,Commercial Description,Valid,0.0,Low,0.6109,Core Commercial Product
23013,GLASS APOTHECARY BOTTLE TONIC,3674.1600000000003,3650.46,924,227,226,-23.7,6,Commercial Description,Valid,0.0065,Low,0.7312,Core Commercial Product
21866,UNION JACK FLAG LUGGAGE TAG,3681.14,3649.89,2209,474,456,-31.25,25,Commercial Description,Valid,0.0085,Low,0.781,Core Commercial Product
23497,CLASSIC CHROME BICYCLE BELL,3656.0199999999995,3638.62,2558,201,196,-17.4,12,Commercial Description,Valid,0.0048,Low,0.7901,Core Commercial Product
22166,"WALL MIRROR , RECT DIAMANTE, PINK/",3697.5399999999995,3633.94,453,171,165,-63.6,8,Commercial Description,Valid,0.0172,Low,0.6971,Core Commercial Product
85232D,SET/3 DECOUPAGE STACKING TINS,3696.87,3632.52,710,238,233,-64.35,13,Commercial Description,Valid,0.0174,Low,0.7175,Core Commercial Product
20785,FUSCHIA RETRO BAR STOOL,3672.35,3632.4,102,41,40,-39.95,1,Commercial Description,Valid,0.0109,Low,0.6389,Core Commercial Product
23191,BUNDLE OF 3 RETRO NOTE BOOKS,3628.8900000000003,3623.94,2201,289,283,-4.949999999999999,3,Commercial Description,Valid,0.0014,Low,0.7801,Core Commercial Product
22603,CHRISTMAS RETROSPOT TREE WOOD,3633.8599999999997,3622.81,4223,417,390,-11.049999999999999,13,Commercial Description,Valid,0.003,Low,0.8096,Core Commercial Product
84968F,S/16 VINTAGE SKY BLUE CUTLERY,3622.76,3622.7599999999998,301,136,132,0.0,0,Commercial Description,Valid,0.0,Low,0.6774,Core Commercial Product
21509,COWBOYS AND INDIANS BIRTHDAY CARD,3631.99,3621.91,8805,637,630,-10.08,24,Commercial Description,Valid,0.0028,Low,0.8304,Core Commercial Product
23091,ZINC HERB GARDEN CONTAINER,3656.32,3612.57,580,216,215,-43.75,7,Commercial Description,Valid,0.012,Low,0.7069,Core Commercial Product
21191,LARGE WHITE HONEYCOMB PAPER BELL,3610.5200000000004,3610.52,1544,215,201,0.0,0,Commercial Description,Valid,0.0,Low,0.7598,Core Commercial Product
23294,SET OF 6 SNACK LOAF BAKING CASES,3607.8099999999995,3597.02,4392,362,358,-10.79,13,Commercial Description,Valid,0.003,Low,0.8101,Core Commercial Product
22704,WRAP RED APPLES,3617.26,3596.26,8803,302,297,-21.0,50,Commercial Description,Valid,0.0058,Low,0.8298,Core Commercial Product
22902,dotcom email,3643.0799999999995,3592.6800000000003,1779,216,203,-50.400000000000006,24,Commercial Description,Valid,0.0138,Low,0.7674,Core Commercial Product
21054,NURSE'S BAG SOFT TOY,3609.599999999999,3591.7,390,190,185,-17.9,2,Commercial Description,Valid,0.005,Low,0.6885,Core Commercial Product
22531,MAGIC DRAWING SLATE CIRCUS PARADE,3586.9400000000005,3586.94,8302,430,406,0.0,0,Commercial Description,Valid,0.0,Low,0.828,Core Commercial Product
85040A,S/4 PINK FLOWER CANDLES IN BOWL,3646.61,3574.0099999999998,2067,433,417,-72.60000000000001,44,Commercial Description,Valid,0.0199,Low,0.7752,Core Commercial Product
22176,BLUE OWL SOFT TOY,3592.9000000000005,3566.3500000000004,1199,275,264,-26.55,9,Commercial Description,Valid,0.0074,Low,0.7447,Core Commercial Product
20886,BOX OF 9 PEBBLE CANDLES,3577.8,3566.1,1787,323,311,-11.7,6,Commercial Description,Valid,0.0033,Low,0.767,Core Commercial Product
84352,SILVER CHRISTMAS TREE BAUBLE STAND,3684.1299999999997,3565.48,216,140,133,-118.65,7,Commercial Description,Valid,0.0322,Low,0.6617,Core Commercial Product
23111,PARISIENNE SEWING BOX,3839.2400000000002,3556.04,312,155,154,-283.2,24,Commercial Description,Valid,0.0738,Moderate,0.6771,Monitor Return Risk
21179,NO JUNK MAIL METAL SIGN,3559.2300000000005,3554.5499999999997,4312,523,508,-4.68,12,Commercial Description,Valid,0.0013,Low,0.8082,Core Commercial Product
21784,SHOE SHINE BOX,3617.8799999999997,3548.23,298,195,189,-69.65,7,Commercial Description,Valid,0.0193,Low,0.6749,Core Commercial Product
22334,DINOSAUR PARTY BAG + STICKER SET,3578.7599999999998,3547.41,2246,274,268,-31.349999999999998,19,Commercial Description,Valid,0.0088,Low,0.7791,Core Commercial Product
82494l,WOODEN FRAME ANTIQUE WHITE,3545.55,3545.55,424,88,86,0.0,0,Commercial Description,Valid,0.0,Low,0.691,Core Commercial Product
23332,IVORY WICKER HEART LARGE,3542.71,3539.41,2059,297,288,-3.3,2,Commercial Description,Valid,0.0009,Low,0.7737,Core Commercial Product
22076,6 RIBBONS EMPIRE,3535.83,3535.83,2376,390,376,0.0,0,Commercial Description,Valid,0.0,Low,0.782,Core Commercial Product
20784,RED RETRO BAR STOOL,3570.87,3530.92,101,42,42,-39.95,1,Commercial Description,Valid,0.0112,Low,0.6355,Core Commercial Product
22591,CARDHOLDER GINGHAM CHRISTMAS TREE,3864.3500000000004,3522.15,1351,226,223,-342.20000000000005,132,Commercial Description,Valid,0.0886,Moderate,0.7494,Monitor Return Risk
22452,MEASURING TAPE RUSSIAN DOLL PINK,3558.3,3519.9500000000003,1347,266,259,-38.35000000000001,13,Commercial Description,Valid,0.0108,Low,0.749,Core Commercial Product
21466,RED FLOWER CROCHET FOOD COVER,3517.29,3517.29,937,280,275,0.0,0,Commercial Description,Valid,0.0,Low,0.7275,Core Commercial Product
22822,CREAM WALL PLANTER HEART SHAPED,3522.8700000000003,3510.9700000000003,606,194,185,-11.9,2,Commercial Description,Valid,0.0034,Low,0.7059,Core Commercial Product
22095,LADS ONLY TISSUE BOX,3628.17,3508.29,3368,319,291,-119.88,107,Commercial Description,Valid,0.033,Low,0.7968,Core Commercial Product
21794,CLASSIC FRENCH STYLE BASKET NATURAL,3585.9799999999996,3506.63,716,187,184,-79.35000000000001,13,Commercial Description,Valid,0.0221,Low,0.714,Core Commercial Product
23189,SET OF 12 FORK CANDLES,3507.5099999999998,3504.62,1249,143,142,-2.89,1,Commercial Description,Valid,0.0008,Low,0.7444,Core Commercial Product
23353,6 GIFT TAGS VINTAGE CHRISTMAS,3510.05,3490.13,4007,333,329,-19.92,24,Commercial Description,Valid,0.0057,Low,0.804,Core Commercial Product
22862,LOVE HEART NAPKIN BOX,3500.5099999999998,3483.51,781,241,224,-17.0,4,Commercial Description,Valid,0.0049,Low,0.7181,Core Commercial Product
21507,"ELEPHANT, BIRTHDAY CARD,",3490.36,3480.28,8310,591,586,-10.08,24,Commercial Description,Valid,0.0029,Low,0.8251,Core Commercial Product
18097C,WHITE TALL PORCELAIN T-LIGHT HOLDER,4049.8300000000004,3478.0299999999997,1811,221,213,-571.8000000000001,292,Commercial Description,Valid,0.1412,Moderate,0.7653,Monitor Return Risk
22939,APRON APPLE DELIGHT,3545.5,3476.2,705,189,185,-69.30000000000001,14,Commercial Description,Valid,0.0195,Low,0.7126,Core Commercial Product
21327,SKULLS WRITING SET,3468.6900000000005,3468.69,1962,517,495,0.0,0,Commercial Description,Valid,0.0,Low,0.7691,Core Commercial Product
23085,ANTIQUE SILVER BAUBLE LAMP,3583.23,3454.48,376,89,83,-128.75,13,Commercial Description,Valid,0.0359,Low,0.6834,Core Commercial Product
20786,BLACK RETRO BAR STOOL,3533.9,3454.0,99,38,37,-79.9,2,Commercial Description,Valid,0.0226,Low,0.6326,Core Commercial Product
21469,POLKA DOT RAFFIA FOOD COVER,3512.01,3444.51,1173,216,213,-67.5,50,Commercial Description,Valid,0.0192,Low,0.7399,Core Commercial Product
22309,TEA COSY RED  STRIPE,3509.68,3443.38,1341,277,268,-66.3,26,Commercial Description,Valid,0.0189,Low,0.7467,Core Commercial Product
47505,MINATURE COLOURED GARDENING SET,3527.42,3440.37,737,191,189,-87.05000000000001,19,Commercial Description,Valid,0.0247,Low,0.714,Core Commercial Product
21679,SKULLS  STICKERS,4088.7500000000005,3436.0699999999997,4931,382,375,-652.6800000000001,900,Commercial Description,Valid,0.1596,High,0.8091,High Return Risk
23388,WOODLAND MINI BACKPACK,3432.09,3432.09,821,154,154,0.0,0,Commercial Description,Valid,0.0,Low,0.719,Core Commercial Product
22428,ENAMEL FIRE BUCKET CREAM,3533.6299999999997,3429.38,479,216,204,-104.25000000000001,15,Commercial Description,Valid,0.0295,Low,0.6936,Core Commercial Product
21364,PEACE SMALL WOOD LETTERS,3441.47,3427.9700000000003,473,173,170,-13.5,2,Commercial Description,Valid,0.0039,Low,0.6927,Core Commercial Product
23426,METAL SIGN DROP YOUR PANTS,3444.43,3427.09,1275,209,207,-17.34,6,Commercial Description,Valid,0.005,Low,0.7437,Core Commercial Product
22320,BIRDS MOBILE VINTAGE DESIGN,3562.87,3426.02,601,191,190,-136.85,23,Commercial Description,Valid,0.0384,Low,0.7029,Core Commercial Product
37340,MULTICOLOUR SPRING FLOWER MUG,3927.08,3425.86,13674,216,209,-501.2200000000001,4996,Commercial Description,Valid,0.1276,Moderate,0.8321,Monitor Return Risk
21902,"KEY FOB , FRONT  DOOR",3461.6899999999996,3424.64,5440,504,480,-37.05,57,Commercial Description,Valid,0.0107,Low,0.8119,Core Commercial Product
22459,CAST IRON HOOK GARDEN TROWEL,3420.1799999999994,3420.18,1386,185,176,0.0,0,Commercial Description,Valid,0.0,Low,0.7473,Core Commercial Product
23536,VILLAGE SHOW WALL ART,3442.130000000001,3418.33,626,86,86,-23.8,4,Commercial Description,Valid,0.0069,Low,0.7044,Core Commercial Product
22172,METAL SHELF WITH RAIL,3451.8199999999997,3417.82,378,191,190,-34.0,4,Commercial Description,Valid,0.0098,Low,0.6819,Core Commercial Product
23232,WRAP VINTAGE PETALS  DESIGN,3436.92,3415.5,8526,242,241,-21.42,51,Commercial Description,Valid,0.0062,Low,0.8233,Core Commercial Product
23350,ROLL WRAP VINTAGE SPOT,3445.0800000000004,3415.08,2712,313,307,-30.0,24,Commercial Description,Valid,0.0087,Low,0.7848,Core Commercial Product
23065,LARGE DECO JEWELLERY STAND,3427.44,3414.94,273,101,101,-12.5,1,Commercial Description,Valid,0.0036,Low,0.666,Core Commercial Product
22183,CAKE STAND VICTORIAN FILIGREE MED,3465.2200000000003,3409.02,613,226,215,-56.2,9,Commercial Description,Valid,0.0162,Low,0.703,Core Commercial Product
22440,BALLOON WATER BOMB PACK OF 35,3425.87,3407.39,8586,310,296,-18.48,44,Commercial Description,Valid,0.0054,Low,0.823,Core Commercial Product
21039,RED SPOTTY SHOPPING BAG,3445.67,3404.87,1319,237,232,-40.8,16,Commercial Description,Valid,0.0118,Low,0.7437,Core Commercial Product
22477,WATERING CAN GARDEN MARKER,3385.53,3384.2799999999997,2433,284,277,-1.25,1,Commercial Description,Valid,0.0004,Low,0.7788,Core Commercial Product
23014,GLASS APOTHECARY BOTTLE ELIXIR,3419.58,3384.03,856,214,212,-35.55,9,Commercial Description,Valid,0.0104,Low,0.7188,Core Commercial Product
23354,6 GIFT TAGS 50'S CHRISTMAS,3429.4,3379.6,3740,333,325,-49.8,60,Commercial Description,Valid,0.0145,Low,0.7971,Core Commercial Product
23156,SET OF 5 MINI GROCERY MAGNETS,3423.29,3373.37,1665,209,207,-49.92,24,Commercial Description,Valid,0.0146,Low,0.7567,Core Commercial Product
21123,SET/10 IVORY SPOTTY PARTY CANDLES,3430.5599999999995,3370.56,2781,261,254,-60.0,48,Commercial Description,Valid,0.0175,Low,0.7849,Core Commercial Product
22764,"RUSTIC WOODEN CABINET, GLASS DOORS",3462.4899999999993,3368.6899999999996,183,29,29,-93.8,4,Commercial Description,Valid,0.0271,Low,0.6498,Core Commercial Product
21211,SET OF 72 SKULL PAPER  DOILIES,3385.94,3368.54,2419,242,238,-17.4,12,Commercial Description,Valid,0.0051,Low,0.7777,Core Commercial Product
22419,LIPSTICK PEN RED,3370.7700000000004,3366.63,7058,539,513,-4.140000000000001,10,Commercial Description,Valid,0.0012,Low,0.8169,Core Commercial Product
22972,CHILDREN'S SPACEBOY MUG,3421.76,3365.66,1992,273,251,-56.1,34,Commercial Description,Valid,0.0164,Low,0.7657,Core Commercial Product
22223,CAKE PLATE LOVEBIRD PINK,3369.83,3364.88,727,179,176,-4.95,1,Commercial Description,Valid,0.0015,Low,0.7095,Core Commercial Product
84797A,PINK HAWAIIAN PICNIC HAMPER FOR 4,3361.2500000000005,3361.25,481,45,45,0.0,0,Commercial Description,Valid,0.0,Low,0.6906,Core Commercial Product
84813,SET OF 4 DIAMOND NAPKIN RINGS,3364.4999999999995,3360.55,426,102,100,-3.95,1,Commercial Description,Valid,0.0012,Low,0.6845,Core Commercial Product
84031B,CHARLIE LOLA BLUE HOT WATER BOTTLE,3423.99,3359.79,867,290,273,-64.2,26,Commercial Description,Valid,0.0188,Low,0.7179,Core Commercial Product
22794,SWEETHEART WIRE MAGAZINE RACK,3399.2400000000002,3359.4900000000002,402,221,213,-39.75,5,Commercial Description,Valid,0.0117,Low,0.6815,Core Commercial Product
37501,TEA TIME TEA SET IN GIFT BOX,3457.8100000000004,3353.56,487,191,188,-104.25,15,Commercial Description,Valid,0.0301,Low,0.6906,Core Commercial Product
22792,FLUTED ANTIQUE CANDLE HOLDER,3349.8999999999996,3339.7,3596,279,264,-10.2,12,Commercial Description,Valid,0.003,Low,0.7942,Core Commercial Product
21917,SET 12 KIDS  WHITE CHALK STICKS,3345.7300000000005,3336.91,8052,486,473,-8.82,21,Commercial Description,Valid,0.0026,Low,0.819,Core Commercial Product
22136,LOVE HEART SOCK HANGER,3340.67,3336.12,1995,280,269,-4.55,3,Commercial Description,Valid,0.0014,Low,0.7647,Core Commercial Product
23210,WHITE ROCKING HORSE HAND PAINTED,3551.53,3331.77,2849,206,196,-219.76,200,Commercial Description,Valid,0.0619,Moderate,0.7842,Monitor Return Risk
22944,CHRISTMAS METAL POSTCARD WITH BELLS,3631.62,3319.16,4901,171,162,-312.46000000000004,302,Commercial Description,Valid,0.086,Moderate,0.8041,Monitor Return Risk
22154,ANGEL DECORATION 3 BUTTONS,3396.6299999999997,3310.95,7881,361,331,-85.68000000000002,204,Commercial Description,Valid,0.0252,Low,0.8178,Core Commercial Product
22572,ROCKING HORSE GREEN CHRISTMAS,3311.4700000000003,3308.92,3668,396,364,-2.55,3,Commercial Description,Valid,0.0008,Low,0.7939,Core Commercial Product
20702,PINK PADDED MOBILE,3351.95,3305.2,795,257,252,-46.75,11,Commercial Description,Valid,0.0139,Low,0.7123,Core Commercial Product
44230,SQUARE MIRROR CURTAIN,3381.6199999999994,3303.71,347,58,58,-77.91,10,Commercial Description,Valid,0.023,Low,0.6739,Core Commercial Product
84828,JUNGLE POPSICLES ICE LOLLY HOLDERS,3346.55,3301.55,2516,364,355,-45.0,36,Commercial Description,Valid,0.0134,Low,0.7775,Core Commercial Product
22773,GREEN DRAWER KNOB ACRYLIC EDWARDIAN,3306.2799999999997,3291.28,2483,243,228,-15.0,12,Commercial Description,Valid,0.0045,Low,0.7767,Core Commercial Product
22122,SET OF 2 FANCY FONT TEA TOWELS,3290.0800000000004,3290.0800000000004,1095,198,193,0.0,0,Commercial Description,Valid,0.0,Low,0.7302,Core Commercial Product
84849B,FAIRY SOAP SOAP HOLDER,3309.9900000000002,3288.02,1972,303,295,-21.970000000000002,13,Commercial Description,Valid,0.0066,Low,0.7629,Core Commercial Product
37410,BLACK AND WHITE PAISLEY FLOWER MUG,3288.6500000000005,3281.15,25707,37,37,-7.5,6,Commercial Description,Valid,0.0023,Low,0.8327,Core Commercial Product
21111,"SWISS ROLL TOWEL, CHOCOLATE  SPOTS",3299.3500000000004,3278.7000000000003,1408,227,216,-20.650000000000002,7,Commercial Description,Valid,0.0063,Low,0.7432,Core Commercial Product
84472,PINK AND LILAC QUILTED THROW,3402.3199999999997,3276.42,87,35,35,-125.9,3,Commercial Description,Valid,0.037,Low,0.6224,Core Commercial Product
84510A,SET OF 4 ENGLISH ROSE COASTERS,3299.21,3272.96,2431,486,477,-26.25,21,Commercial Description,Valid,0.008,Low,0.7746,Core Commercial Product
23308,SET OF 60 VINTAGE LEAF CAKE CASES,3272.6099999999997,3272.6099999999997,6139,389,382,0.0,0,Commercial Description,Valid,0.0,Low,0.8096,Core Commercial Product
18098C,PORCELAIN BUTTERFLY OIL BURNER,3340.3600000000006,3269.5600000000004,1252,260,242,-70.80000000000001,24,Commercial Description,Valid,0.0212,Low,0.7364,Core Commercial Product
21352,EUCALYPTUS & PINECONE  WREATH,3340.71,3266.46,917,176,163,-74.25,11,Commercial Description,Valid,0.0222,Low,0.7179,Core Commercial Product
20992,JAZZ HEARTS PURSE NOTEBOOK,3262.7,3262.7,6196,459,433,0.0,0,Commercial Description,Valid,0.0,Low,0.8096,Core Commercial Product
22047,EMPIRE GIFT WRAP,3351.0,3262.0,8250,264,264,-89.0,250,Commercial Description,Valid,0.0266,Low,0.8167,Core Commercial Product
21467,CHERRY CROCHET FOOD COVER,3278.75,3260.0,1029,265,259,-18.75,5,Commercial Description,Valid,0.0057,Low,0.7247,Core Commercial Product
84975,HEART SHAPED MIRROR,3274.8500000000004,3259.6400000000003,1995,223,219,-15.209999999999999,9,Commercial Description,Valid,0.0046,Low,0.7619,Core Commercial Product
15058B,PINK WHITE SPOTS GARDEN PARASOL,3327.67,3258.52,438,162,162,-69.15,9,Commercial Description,Valid,0.0208,Low,0.6824,Core Commercial Product
84997d,PINK 3 PIECE MINI DOTS CUTLERY SET,3258.3099999999995,3258.31,390,86,82,0.0,0,Commercial Description,Valid,0.0,Low,0.6768,Core Commercial Product
22863,SOAP DISH BROCANTE,3293.4700000000003,3255.1200000000003,1149,183,172,-38.35000000000001,13,Commercial Description,Valid,0.0116,Low,0.7305,Core Commercial Product
22310,KNITTED MUG COSY IVORY COLOUR,3270.96,3249.71,1801,243,225,-21.25,13,Commercial Description,Valid,0.0065,Low,0.756,Core Commercial Product
21557,SET OF 6 FUNKY BEAKERS,3251.0400000000004,3248.09,953,314,303,-2.95,1,Commercial Description,Valid,0.0009,Low,0.7186,Core Commercial Product
23053,RECYCLED ACAPULCO MAT PINK,3254.32,3246.07,364,165,165,-8.25,1,Commercial Description,Valid,0.0025,Low,0.6734,Core Commercial Product
23239,SET OF 4 KNICK KNACK TINS POPPIES,3353.84,3238.04,842,190,187,-115.79999999999998,28,Commercial Description,Valid,0.0345,Low,0.7122,Core Commercial Product
23395,BELLE JARDINIERE CUSHION COVER,3257.08,3230.83,748,217,216,-26.25,7,Commercial Description,Valid,0.0081,Low,0.7065,Core Commercial Product
85220,SMALL FAIRY CAKE FRIDGE MAGNETS,6875.0,3229.3500000000004,12236,8,8,-3645.65,2513,Commercial Description,Valid,0.5303,Very High,0.8225,High Return Risk
22769,CHALKBOARD KITCHEN ORGANISER,3795.6799999999994,3219.93,179,57,54,-575.7499999999999,25,Commercial Description,Valid,0.1517,High,0.6433,High Return Risk
21949,SET OF 6 STRAWBERRY CHOPSTICKS,3224.2799999999997,3216.78,2636,282,270,-7.5,6,Commercial Description,Valid,0.0023,Low,0.7766,Core Commercial Product
22963,JAM JAR WITH BLUE LID,3303.81,3212.95,3954,364,334,-90.85999999999999,115,Commercial Description,Valid,0.0275,Low,0.7931,Core Commercial Product
22473,TV DINNER TRAY VINTAGE PAISLEY,3210.17,3210.17,833,221,211,0.0,0,Commercial Description,Valid,0.0,Low,0.7107,Core Commercial Product
84837,WHITE SWEETHEARTS CABINET 4 DRAWERS,3210.04,3210.04,251,147,146,0.0,0,Commercial Description,Valid,0.0,Low,0.6548,Core Commercial Product
21829,DINOSAUR KEYRINGS ASSORTED,3270.2000000000003,3209.5099999999998,15137,428,417,-60.69,289,Commercial Description,Valid,0.0186,Low,0.8248,Core Commercial Product
23051,RECYCLED ACAPULCO MAT BLUE,3223.49,3206.99,365,164,164,-16.5,2,Commercial Description,Valid,0.0051,Low,0.6722,Core Commercial Product
22967,SET 3 SONG BIRD PAPER EGGS ASSORTED,3271.4100000000008,3206.51,1171,142,142,-64.9,22,Commercial Description,Valid,0.0198,Low,0.7299,Core Commercial Product
21732,RED HANGING METAL STAR TLIGHT HLDR,3214.5699999999997,3204.04,925,62,60,-10.530000000000001,3,Commercial Description,Valid,0.0033,Low,0.7155,Core Commercial Product
21333,CLASSIC WHITE FRAME,3262.9000000000005,3203.88,1080,239,233,-59.02000000000001,18,Commercial Description,Valid,0.0181,Low,0.7249,Core Commercial Product
84596F,SMALL MARSHMALLOWS PINK BOWL,3208.97,3202.25,4726,614,601,-6.72,16,Commercial Description,Valid,0.0021,Low,0.7975,Core Commercial Product
79164,BLACK WINE GLASS,3235.61,3199.01,3677,105,102,-36.599999999999994,24,Commercial Description,Valid,0.0113,Low,0.7891,Core Commercial Product
22891,TEA FOR ONE POLKADOT,3353.9399999999996,3196.69,686,270,254,-157.25,37,Commercial Description,Valid,0.0469,Low,0.7003,Core Commercial Product
22194,BLACK DINER WALL CLOCK,3246.1000000000004,3195.1,377,171,168,-51.0,6,Commercial Description,Valid,0.0157,Low,0.6727,Core Commercial Product
22281,EASTER TREE YELLOW BIRDS,3285.8600000000006,3190.6600000000003,511,153,153,-95.2,16,Commercial Description,Valid,0.029,Low,0.6865,Core Commercial Product
23035,DRAWER KNOB CERAMIC IVORY,3199.99,3186.94,2191,195,194,-13.049999999999999,9,Commercial Description,Valid,0.0041,Low,0.7638,Core Commercial Product
23230,WRAP ALPHABET DESIGN,3217.92,3186.42,7976,238,238,-31.5,75,Commercial Description,Valid,0.0098,Low,0.8125,Core Commercial Product
22762,CUPBOARD 3 DRAWER MA CAMPAGNE,3468.1,3184.95,216,146,140,-283.15,21,Commercial Description,Valid,0.0816,Moderate,0.6473,Monitor Return Risk
21519,GIN & TONIC DIET GREETING CARD,3195.3500000000004,3180.23,7458,565,557,-15.120000000000001,36,Commercial Description,Valid,0.0047,Low,0.8105,Core Commercial Product
21705,BAG 500g SWIRLY MARBLES,3210.6600000000003,3169.16,2563,241,231,-41.5,26,Commercial Description,Valid,0.0129,Low,0.7732,Core Commercial Product
23342,MINT DINER WALL CLOCK,3176.41,3167.91,373,164,164,-8.5,1,Commercial Description,Valid,0.0027,Low,0.6711,Core Commercial Product
22816,CARD MOTORBIKE SANTA,3180.75,3160.59,7350,468,438,-20.16,48,Commercial Description,Valid,0.0063,Low,0.8097,Core Commercial Product
21786,RAIN HAT WITH RED SPOTS,3186.87,3157.47,7785,482,454,-29.4,70,Commercial Description,Valid,0.0092,Low,0.8106,Core Commercial Product
22702,BLACK AND WHITE CAT BOWL,3160.5199999999995,3156.5699999999997,1591,99,96,-3.95,2,Commercial Description,Valid,0.0012,Low,0.7451,Core Commercial Product
21628,TRIANGULAR POUFFE VINTAGE,3215.1800000000003,3155.38,166,91,90,-59.8,4,Commercial Description,Valid,0.0186,Low,0.637,Core Commercial Product
21820,GLITTER HEART GARLAND WITH BELLS,3267.75,3155.25,828,197,184,-112.5,30,Commercial Description,Valid,0.0344,Low,0.7076,Core Commercial Product
22700,BLACK AND WHITE DOG BOWL,3181.959999999999,3150.66,1392,106,103,-31.300000000000004,22,Commercial Description,Valid,0.0098,Low,0.7367,Core Commercial Product
22805,BLUE DRAWER KNOB ACRYLIC EDWARDIAN,3165.2299999999996,3148.98,2316,244,233,-16.25,13,Commercial Description,Valid,0.0051,Low,0.7654,Core Commercial Product
82578,KITCHEN METAL SIGN,3154.8900000000003,3147.7400000000002,5635,726,707,-7.15,13,Commercial Description,Valid,0.0023,Low,0.801,Core Commercial Product
85227,SET/6 3D KIT CARDS FOR KIDS,3169.0199999999995,3143.52,3520,474,445,-25.5,30,Commercial Description,Valid,0.008,Low,0.7847,Core Commercial Product
84912B,GREEN ROSE WASHBAG,3141.3999999999996,3141.4,1145,271,261,0.0,0,Commercial Description,Valid,0.0,Low,0.7254,Core Commercial Product
23323,WHITE WICKER STAR,3146.78,3140.48,1469,305,297,-6.300000000000001,3,Commercial Description,Valid,0.002,Low,0.7393,Core Commercial Product
21272,SALLE DE BAIN HOOK,3153.6499999999996,3137.4,2376,362,346,-16.25,13,Commercial Description,Valid,0.0052,Low,0.7666,Core Commercial Product
21473,SWEETHEART CREAM STEEL TABLE RECT,3212.159999999999,3132.36,157,93,93,-79.8,4,Commercial Description,Valid,0.0248,Low,0.6342,Core Commercial Product
23393,HOME SWEET HOME CUSHION COVER,3207.91,3129.16,801,237,235,-78.75,21,Commercial Description,Valid,0.0245,Low,0.7048,Core Commercial Product
20956,PORCELAIN T-LIGHT HOLDERS ASSORTED,3160.25,3122.75,2381,263,243,-37.5,30,Commercial Description,Valid,0.0119,Low,0.7664,Core Commercial Product
22406,MONEY BOX KINGS CHOICE DESIGN,3175.6099999999997,3119.9500000000003,2507,227,221,-55.66,50,Commercial Description,Valid,0.0175,Low,0.7694,Core Commercial Product
22347,PIZZA SLICE DISH,3119.18,3119.18,2716,118,118,0.0,0,Commercial Description,Valid,0.0,Low,0.773,Core Commercial Product
22372,AIRLINE BAG VINTAGE WORLD CHAMPION,3149.75,3115.8,616,309,297,-33.95,7,Commercial Description,Valid,0.0108,Low,0.6914,Core Commercial Product
22757,LARGE RED BABUSHKA NOTEBOOK,3116.58,3115.33,2718,329,311,-1.25,1,Commercial Description,Valid,0.0004,Low,0.7728,Core Commercial Product
21408,SPOTTY PINK DUCK DOORSTOP,3134.29,3113.04,715,249,243,-21.25,5,Commercial Description,Valid,0.0068,Low,0.6983,Core Commercial Product
47504K,ENGLISH ROSE GARDEN SECATEURS,3135.75,3106.77,2671,330,320,-28.98,22,Commercial Description,Valid,0.0092,Low,0.7718,Core Commercial Product
23346,SPACEBOY BEAKER,3112.34,3104.84,2628,187,185,-7.5,6,Commercial Description,Valid,0.0024,Low,0.771,Core Commercial Product
22754,SMALL RED BABUSHKA NOTEBOOK,3111.09,3100.89,3980,518,495,-10.2,12,Commercial Description,Valid,0.0033,Low,0.788,Core Commercial Product
22927,GREEN GIANT GARDEN THERMOMETER,3221.9100000000003,3091.01,502,189,172,-130.9,22,Commercial Description,Valid,0.0406,Low,0.6816,Core Commercial Product
22129,PARTY CONES CANDY TREE DECORATION,3100.22,3084.92,3252,177,175,-15.3,18,Commercial Description,Valid,0.0049,Low,0.7795,Core Commercial Product
22461,SAVOY ART DECO CLOCK,3722.5299999999997,3084.08,416,185,179,-638.4499999999999,63,Commercial Description,Valid,0.1715,High,0.6722,High Return Risk
22208,WOOD STAMP SET THANK YOU,3103.55,3072.14,2396,454,436,-31.41,25,Commercial Description,Valid,0.0101,Low,0.7654,Core Commercial Product
21206,STRAWBERRY HONEYCOMB  GARLAND,3089.3500000000004,3071.2,2168,246,242,-18.15,11,Commercial Description,Valid,0.0059,Low,0.759,Core Commercial Product
22037,ROBOT BIRTHDAY CARD,3076.08,3071.04,7144,650,637,-5.04,12,Commercial Description,Valid,0.0016,Low,0.8054,Core Commercial Product
22375,AIRLINE BAG VINTAGE JET SET BROWN,3079.58,3068.98,609,302,289,-10.6,2,Commercial Description,Valid,0.0034,Low,0.6892,Core Commercial Product
21830,ASSORTED CREEPY CRAWLIES,3320.46,3062.7,7975,285,267,-257.76000000000005,696,Commercial Description,Valid,0.0776,Moderate,0.8078,Monitor Return Risk
22925,BLUE GIANT GARDEN THERMOMETER,3102.51,3054.9100000000003,505,209,199,-47.6,8,Commercial Description,Valid,0.0153,Low,0.6808,Core Commercial Product
21354,TOAST ITS - BEST MUM,3048.3200000000006,3048.32,2532,226,217,0.0,0,Commercial Description,Valid,0.0,Low,0.7678,Core Commercial Product
22067,CHOC TRUFFLE GOLD TRINKET POT,3075.5400000000004,3043.34,1887,270,264,-32.199999999999996,20,Commercial Description,Valid,0.0105,Low,0.751,Core Commercial Product
22755,SMALL PURPLE BABUSHKA NOTEBOOK,3048.19,3037.99,3825,526,502,-10.2,12,Commercial Description,Valid,0.0033,Low,0.7848,Core Commercial Product
22576,SWALLOW WOODEN CHRISTMAS DECORATION,3041.8399999999997,3036.74,3360,365,332,-5.1,6,Commercial Description,Valid,0.0017,Low,0.7789,Core Commercial Product
23329,DECORATIVE WICKER HEART LARGE,3038.19,3033.24,1767,251,234,-4.949999999999999,3,Commercial Description,Valid,0.0016,Low,0.7465,Core Commercial Product
15058A,BLUE WHITE SPOTS GARDEN PARASOL,3153.7300000000005,3032.98,476,157,156,-120.75000000000001,17,Commercial Description,Valid,0.0383,Low,0.6773,Core Commercial Product
15044C,PURPLE PAPER PARASOL,3042.03,3028.0800000000004,970,238,235,-13.950000000000001,5,Commercial Description,Valid,0.0046,Low,0.7115,Core Commercial Product
23461,SWEETHEART BIRD HOUSE,3041.21,3024.61,847,101,95,-16.6,4,Commercial Description,Valid,0.0055,Low,0.7041,Core Commercial Product
22712,CARD DOLLY GIRL,3037.29,3021.75,7375,528,513,-15.54,37,Commercial Description,Valid,0.0051,Low,0.8044,Core Commercial Product
23390,DOLLY GIRL MINI BACKPACK,3025.59,3021.44,747,167,164,-4.15,1,Commercial Description,Valid,0.0014,Low,0.6979,Core Commercial Product
22277,COSMETIC BAG VINTAGE ROSE PAISLEY,3024.1399999999994,3019.94,1441,258,252,-4.2,2,Commercial Description,Valid,0.0014,Low,0.734,Core Commercial Product
20985,HEART CALCULATOR,3070.5099999999998,3016.08,2386,311,297,-54.43,44,Commercial Description,Valid,0.0177,Low,0.7628,Core Commercial Product
22402,MAGNETS PACK OF 4 VINTAGE COLLAGE,3032.7999999999997,3015.3,3445,260,253,-17.5,14,Commercial Description,Valid,0.0058,Low,0.779,Core Commercial Product
84279B,CHERRY BLOSSOM DECORATIVE FLASK,3076.92,3013.17,808,228,228,-63.75,17,Commercial Description,Valid,0.0207,Low,0.7008,Core Commercial Product
21765,HANGING METAL BIRD BATH,3076.3900000000003,3009.64,371,151,148,-66.75,9,Commercial Description,Valid,0.0217,Low,0.6647,Core Commercial Product
23231,WRAP DOILEY DESIGN,3008.34,3008.34,7277,260,260,0.0,0,Commercial Description,Valid,0.0,Low,0.8033,Core Commercial Product
84912A,PINK ROSE WASHBAG,3007.6899999999996,3007.69,1097,237,233,0.0,0,Commercial Description,Valid,0.0,Low,0.7182,Core Commercial Product
22132,RED LOVE HEART SHAPE CUP,3008.11,2997.91,3357,397,389,-10.2,12,Commercial Description,Valid,0.0034,Low,0.7769,Core Commercial Product
35001W,HAND OPEN SHAPE DECO.WHITE,3064.71,2997.9,969,204,198,-66.81,21,Commercial Description,Valid,0.0218,Low,0.7098,Core Commercial Product
22905,CALENDAR IN SEASON DESIGN,2995.53,2995.53,1089,199,194,0.0,0,Commercial Description,Valid,0.0,Low,0.7172,Core Commercial Product
21477,STRING OF 20 ROSE LIGHTS,3248.9399999999996,2991.69,273,56,56,-257.25,23,Commercial Description,Valid,0.0792,Moderate,0.6495,Monitor Return Risk
84944,SET OF 6 KASHMIR FOLKART BAUBLES,3234.63,2990.18,1154,215,206,-244.45,93,Commercial Description,Valid,0.0756,Moderate,0.7203,Monitor Return Risk
22519,CHILDS GARDEN BRUSH PINK,3019.2299999999996,2989.83,1443,276,267,-29.400000000000002,14,Commercial Description,Valid,0.0097,Low,0.7325,Core Commercial Product
84997c,BLUE 3 PIECE MINI DOTS CUTLERY SET,2984.2799999999997,2984.2799999999997,356,80,75,0.0,0,Commercial Description,Valid,0.0,Low,0.6617,Core Commercial Product
22664,TOY TIDY DOLLY GIRL DESIGN,3006.7799999999997,2981.58,1445,276,269,-25.2,12,Commercial Description,Valid,0.0084,Low,0.7325,Core Commercial Product
22811,SET OF 6 T-LIGHTS CACTI,2978.66,2975.71,1040,150,141,-2.95,1,Commercial Description,Valid,0.001,Low,0.7135,Core Commercial Product
85049D,BRIGHT BLUES RIBBONS,2975.46,2975.46,2372,417,405,0.0,0,Commercial Description,Valid,0.0,Low,0.7603,Core Commercial Product
23242,TREASURE TIN BUFFALO BILL,3024.6300000000006,2968.4700000000003,1470,220,217,-56.16,27,Commercial Description,Valid,0.0186,Low,0.733,Core Commercial Product
22674,FRENCH TOILET SIGN BLUE METAL,2978.84,2961.34,2394,307,300,-17.5,14,Commercial Description,Valid,0.0059,Low,0.7608,Core Commercial Product
21688,SILVER PLATE CANDLE BOWL SMALL,2975.46,2957.76,955,151,144,-17.700000000000003,6,Commercial Description,Valid,0.0059,Low,0.7074,Core Commercial Product
22955,36 FOIL STAR CAKE CASES,2952.4700000000003,2952.4700000000003,1479,202,186,0.0,0,Commercial Description,Valid,0.0,Low,0.733,Core Commercial Product
21948,SET OF 6 CAKE CHOPSTICKS,2950.1899999999996,2950.19,2308,278,267,0.0,0,Commercial Description,Valid,0.0,Low,0.7578,Core Commercial Product
22974,CHILDRENS DOLLY GIRL MUG,2977.79,2944.79,1738,241,218,-32.99999999999999,20,Commercial Description,Valid,0.0111,Low,0.7421,Core Commercial Product
22518,CHILDS GARDEN BRUSH BLUE,2939.75,2939.75,1412,279,271,0.0,0,Commercial Description,Valid,0.0,Low,0.7297,Core Commercial Product
21626,VINTAGE UNION JACK PENNANT,3053.1000000000004,2936.1,1511,222,216,-117.0,60,Commercial Description,Valid,0.0383,Low,0.7335,Core Commercial Product
22581,WOOD STOCKING CHRISTMAS SCANDISPOT,2937.5199999999995,2935.8199999999997,3642,410,381,-1.7,2,Commercial Description,Valid,0.0006,Low,0.7786,Core Commercial Product
79072,TEATIME CAKE TIN WITH HANDLE,3083.2000000000003,2933.95,284,117,117,-149.25,15,Commercial Description,Valid,0.0484,Low,0.6489,Core Commercial Product
20752,RETRO BLUE SPOTTY WASHING UP GLOVES,2939.6800000000003,2933.38,1526,375,363,-6.300000000000001,3,Commercial Description,Valid,0.0021,Low,0.7337,Core Commercial Product
22325,MOBILE VINTAGE HEARTS,3168.6799999999994,2931.08,702,244,240,-237.60000000000002,48,Commercial Description,Valid,0.075,Moderate,0.6909,Monitor Return Risk
22480,RED TEA TOWEL CLASSIC DESIGN,2925.58,2925.58,2416,281,264,0.0,0,Commercial Description,Valid,0.0,Low,0.76,Core Commercial Product
22803,IVORY EMBROIDERED QUILT,2925.4899999999993,2925.4900000000002,78,45,36,0.0,0,Commercial Description,Valid,0.0,Low,0.6051,Core Commercial Product
21214,SET OF 72 IVORY PAPER DOILIES,2920.8200000000006,2919.37,2006,206,203,-1.45,1,Commercial Description,Valid,0.0005,Low,0.7487,Core Commercial Product
22696,WICKER WREATH LARGE,2918.8199999999997,2918.8199999999997,1476,312,289,0.0,0,Commercial Description,Valid,0.0,Low,0.7312,Core Commercial Product
23211,RED ROCKING HORSE HAND PAINTED,2930.57,2900.57,2329,163,161,-30.0,24,Commercial Description,Valid,0.0102,Low,0.7569,Core Commercial Product
22503,CABIN BAG VINTAGE PAISLEY,3447.2,2900.5,149,63,60,-546.6999999999999,22,Commercial Description,Valid,0.1586,High,0.6245,High Return Risk
21709,FOLDING UMBRELLA  CHOC/WHITE  SPOT,2886.6200000000003,2886.62,698,119,117,0.0,0,Commercial Description,Valid,0.0,Low,0.6896,Core Commercial Product
21821,GLITTER STAR GARLAND WITH BELLS,2935.0600000000004,2886.31,723,167,155,-48.75,13,Commercial Description,Valid,0.0166,Low,0.691,Core Commercial Product
22450,SILK PURSE RUSSIAN DOLL BLUE,2925.7199999999993,2885.52,870,204,185,-40.2,12,Commercial Description,Valid,0.0137,Low,0.7003,Core Commercial Product
85184D,S/4 BLUE ROUND DECOUPAGE BOXES,4546.78,2881.8599999999997,8311,70,70,-1664.9199999999998,3940,Commercial Description,Valid,0.3662,Very High,0.8021,High Return Risk
23290,SPACEBOY CHILDRENS BOWL,2890.3500000000004,2877.8500000000004,2430,216,216,-12.5,10,Commercial Description,Valid,0.0043,Low,0.7588,Core Commercial Product
23345,DOLLY GIRL BEAKER,2886.25,2877.5,2451,178,176,-8.75,7,Commercial Description,Valid,0.003,Low,0.7592,Core Commercial Product
21465,PINK FLOWER CROCHET FOOD COVER,2883.1400000000003,2875.6400000000003,795,190,188,-7.5,2,Commercial Description,Valid,0.0026,Low,0.6951,Core Commercial Product
22177,5 HOOK BLACKBOARD ORGANISER,3101.46,2874.46,325,136,136,-227.0,25,Commercial Description,Valid,0.0732,Moderate,0.6538,Monitor Return Risk
22897,OVEN MITT APPLE DESIGN,2921.01,2860.11,1972,312,305,-60.9,42,Commercial Description,Valid,0.0208,Low,0.7461,Core Commercial Product
22983,"CARD, BILLBOARD FONT",2928.4399999999996,2859.68,6892,572,554,-68.76,181,Commercial Description,Valid,0.0235,Low,0.797,Core Commercial Product
22671,FRENCH LAUNDRY SIGN BLUE METAL,2859.25,2852.85,1716,255,249,-6.3999999999999995,4,Commercial Description,Valid,0.0022,Low,0.7382,Core Commercial Product
23504,PLAYING CARDS JUBILEE UNION JACK,2848.89,2848.8900000000003,1927,217,208,0.0,0,Commercial Description,Valid,0.0,Low,0.7446,Core Commercial Product
21682,LARGE MEDINA STAMPED METAL BOWL,2866.59,2846.79,579,159,156,-19.8,4,Commercial Description,Valid,0.0069,Low,0.6788,Core Commercial Product
22914,BLUE COAT RACK PARIS FASHION,2871.3999999999996,2846.65,598,188,174,-24.75,5,Commercial Description,Valid,0.0086,Low,0.6802,Core Commercial Product
22184,CAKE STAND VICTORIAN FILIGREE LARGE,2988.71,2845.4100000000003,401,167,159,-143.3,19,Commercial Description,Valid,0.0479,Low,0.662,Core Commercial Product
22949,36 DOILIES DOLLY GIRL,2871.4800000000005,2845.38,2016,185,180,-26.099999999999998,18,Commercial Description,Valid,0.0091,Low,0.7464,Core Commercial Product
22930,BAKING MOULD HEART MILK CHOCOLATE,3046.4500000000003,2844.85,1199,198,190,-201.6,96,Commercial Description,Valid,0.0662,Moderate,0.7172,Monitor Return Risk
85199S,SMALL HANGING IVORY/RED WOOD BIRD,2849.99,2839.91,6143,510,487,-10.08,24,Commercial Description,Valid,0.0035,Low,0.7923,Core Commercial Product
23427,STOOL HOME SWEET HOME,2860.58,2837.68,237,118,117,-22.9,2,Commercial Description,Valid,0.008,Low,0.6377,Core Commercial Product
21683,MEDIUM MEDINA STAMPED METAL BOWL,2837.13,2834.1800000000003,962,159,154,-2.95,1,Commercial Description,Valid,0.001,Low,0.7032,Core Commercial Product
22293,"SPRING DEC , HANGING CHICK  GREEN",2866.16,2831.3599999999997,2036,233,226,-34.8,24,Commercial Description,Valid,0.0121,Low,0.7463,Core Commercial Product
47480,HANGING PHOTO CLIP ROPE LADDER,2854.83,2830.08,1735,154,152,-24.75,15,Commercial Description,Valid,0.0087,Low,0.7374,Core Commercial Product
21508,VINTAGE KID DOLLY CARD,2834.08,2829.04,6778,548,542,-5.04,12,Commercial Description,Valid,0.0018,Low,0.7946,Core Commercial Product
22818,CARD CHRISTMAS VILLAGE,2884.26,2823.78,6634,432,409,-60.48,144,Commercial Description,Valid,0.021,Low,0.7941,Core Commercial Product
23196,RETRO LEAVES MAGNETIC NOTEPAD,2842.24,2823.39,1872,308,302,-18.849999999999998,13,Commercial Description,Valid,0.0066,Low,0.7417,Core Commercial Product
22315,200 RED + WHITE BENDY STRAWS,2820.7700000000004,2814.52,2192,402,390,-6.25,5,Commercial Description,Valid,0.0022,Low,0.7497,Core Commercial Product
84519A,TOMATO CHARLIE+LOLA COASTER SET,2812.06,2812.0600000000004,1207,205,203,0.0,0,Commercial Description,Valid,0.0,Low,0.7163,Core Commercial Product
22651,GENTLEMAN SHIRT REPAIR KIT,2806.44,2806.44,3249,289,270,0.0,0,Commercial Description,Valid,0.0,Low,0.7688,Core Commercial Product
22145,CHRISTMAS CRAFT HEART STOCKING,2815.66,2803.06,1336,210,203,-12.600000000000001,6,Commercial Description,Valid,0.0045,Low,0.7211,Core Commercial Product
84909A,PINK PAISLEY QUILT,2797.55,2797.55,209,33,33,0.0,0,Commercial Description,Valid,0.0,Low,0.6313,Core Commercial Product
22482,BLUE TEA TOWEL CLASSIC DESIGN,2796.9300000000003,2796.93,2365,229,215,0.0,0,Commercial Description,Valid,0.0,Low,0.7536,Core Commercial Product
22161,HEART DECORATION RUSTIC HANGING,2824.3500000000004,2795.4700000000003,6837,521,491,-28.880000000000003,88,Commercial Description,Valid,0.0102,Low,0.7936,Core Commercial Product
21360,JOY LARGE WOOD LETTERS,2810.3100000000004,2790.41,443,105,103,-19.9,2,Commercial Description,Valid,0.0071,Low,0.6646,Core Commercial Product
22155,STAR DECORATION RUSTIC,2810.7,2788.44,6226,376,344,-22.26,53,Commercial Description,Valid,0.0079,Low,0.7907,Core Commercial Product
85015,SET OF 12  VINTAGE POSTCARD SET,2787.8899999999994,2787.89,2923,261,254,0.0,0,Commercial Description,Valid,0.0,Low,0.7641,Core Commercial Product
23212,HEART WREATH DECORATION WITH BELL,2860.8900000000003,2785.89,2296,194,189,-75.0,60,Commercial Description,Valid,0.0262,Low,0.7511,Core Commercial Product
22525,CHILDRENS GARDEN GLOVES PINK,2803.66,2784.91,1971,347,335,-18.75,15,Commercial Description,Valid,0.0067,Low,0.7423,Core Commercial Product
21796,SET OF 3 RED STRIPE BASKETS,2782.19,2782.19,324,68,68,0.0,0,Commercial Description,Valid,0.0,Low,0.6496,Core Commercial Product
22597,CHRISTMAS MUSICAL ZINC HEART,2808.99,2780.09,4653,305,293,-28.9,34,Commercial Description,Valid,0.0103,Low,0.7806,Core Commercial Product
22710,WRAP I LOVE LONDON,2831.78,2779.28,7209,179,178,-52.5,125,Commercial Description,Valid,0.0185,Low,0.794,Core Commercial Product
85132B,CHARLIE AND LOLA TABLE TINS,2795.8999999999996,2776.0,922,129,126,-19.9,2,Commercial Description,Valid,0.0071,Low,0.6981,Core Commercial Product
22217,T-LIGHT HOLDER HANGING LACE,2839.8500000000004,2769.85,2390,222,218,-70.0,56,Commercial Description,Valid,0.0246,Low,0.7531,Core Commercial Product
21744,SNOWFLAKE PORTABLE TABLE LIGHT,2782.75,2765.05,923,231,219,-17.700000000000003,6,Commercial Description,Valid,0.0064,Low,0.6979,Core Commercial Product
22416,36 DOILIES SPACEBOY DESIGN,2767.79,2759.09,1972,179,177,-8.7,6,Commercial Description,Valid,0.0031,Low,0.7415,Core Commercial Product
23190,BUNDLE OF 3 SCHOOL EXERCISE BOOKS,2761.9000000000005,2758.6,1702,205,204,-3.3,2,Commercial Description,Valid,0.0012,Low,0.7332,Core Commercial Product
21693,SMALL HAMMERED SILVER CANDLEPOT,2757.7999999999984,2757.8,905,127,121,0.0,0,Commercial Description,Valid,0.0,Low,0.6967,Core Commercial Product
22650,CERAMIC PIRATE CHEST MONEY BANK,2802.37,2748.72,1839,302,290,-53.65,37,Commercial Description,Valid,0.0191,Low,0.7375,Core Commercial Product
21728,METAL MEDINA LANTERN,2773.11,2747.61,298,44,44,-25.5,2,Commercial Description,Valid,0.0092,Low,0.6441,Core Commercial Product
84795C,OCEAN STRIPE HAMMOCK,2752.5900000000006,2744.6400000000003,325,138,137,-7.95,1,Commercial Description,Valid,0.0029,Low,0.6484,Core Commercial Product
23341,PINK DINER WALL CLOCK,2741.3500000000004,2741.35,307,121,121,0.0,0,Commercial Description,Valid,0.0,Low,0.6452,Core Commercial Product
22675,FRENCH KITCHEN SIGN BLUE METAL,2775.0299999999997,2740.03,2235,280,274,-35.0,28,Commercial Description,Valid,0.0126,Low,0.7477,Core Commercial Product
23100,SILVER BELLS TABLE DECORATION,2739.38,2738.13,2166,264,258,-1.25,1,Commercial Description,Valid,0.0005,Low,0.7455,Core Commercial Product
22081,RIBBON REEL FLORA + FAUNA,2805.51,2737.86,1573,317,305,-67.65,41,Commercial Description,Valid,0.0241,Low,0.7276,Core Commercial Product
23396,BUTTERFLY CUSHION COVER,2750.5299999999997,2735.5299999999997,654,202,197,-15.0,4,Commercial Description,Valid,0.0055,Low,0.6791,Core Commercial Product
21324,HANGING MEDINA LANTERN SMALL,2875.2200000000003,2735.1200000000003,1023,187,181,-140.1,54,Commercial Description,Valid,0.0487,Low,0.7029,Core Commercial Product
23147,SINGLE ANTIQUE ROSE HOOK IVORY,2752.2000000000003,2730.45,1868,271,267,-21.75,15,Commercial Description,Valid,0.0079,Low,0.7375,Core Commercial Product
15058C,ICE CREAM DESIGN GARDEN PARASOL,2753.7200000000003,2729.92,470,125,125,-23.8,4,Commercial Description,Valid,0.0086,Low,0.6638,Core Commercial Product
23266,SET OF 3 WOODEN STOCKING DECORATION,2743.8199999999997,2728.82,2053,338,320,-15.0,12,Commercial Description,Valid,0.0055,Low,0.7419,Core Commercial Product
85035C,ROSE 3 WICK MORRIS BOX CANDLE,2740.54,2727.79,1365,211,199,-12.75,3,Commercial Description,Valid,0.0047,Low,0.7187,Core Commercial Product
72800E,4 IVORY DINNER CANDLES SILVER FLOCK,2734.87,2725.39,1436,305,287,-9.48,12,Commercial Description,Valid,0.0035,Low,0.7213,Core Commercial Product
22376,AIRLINE BAG VINTAGE JET SET WHITE,2721.2200000000003,2721.22,543,262,248,0.0,0,Commercial Description,Valid,0.0,Low,0.6693,Core Commercial Product
22101,MIRROR MOSAIC VOTIVE HOLDER,2847.28,2718.82,1934,123,118,-128.46,325,Commercial Description,Valid,0.0451,Low,0.7382,Core Commercial Product
22524,CHILDRENS GARDEN GLOVES BLUE,2736.2,2718.7,1940,311,303,-17.5,14,Commercial Description,Valid,0.0064,Low,0.7382,Core Commercial Product
22066,LOVE HEART TRINKET POT,2729.16,2718.5099999999998,3435,285,278,-10.65,11,Commercial Description,Valid,0.0039,Low,0.7661,Core Commercial Product
21188,3D HEARTS  HONEYCOMB PAPER GARLAND,2806.8000000000006,2717.1500000000005,918,137,130,-89.64999999999999,35,Commercial Description,Valid,0.0319,Low,0.6948,Core Commercial Product
21818,GLITTER CHRISTMAS HEART,2714.35,2714.35,4390,320,286,0.0,0,Commercial Description,Valid,0.0,Low,0.7754,Core Commercial Product
23164,REGENCY CAKE SLICE,2718.6500000000005,2713.7000000000003,578,93,93,-4.95,1,Commercial Description,Valid,0.0018,Low,0.6715,Core Commercial Product
21224,SET/4 SKULL BADGES,2739.45,2711.95,2205,327,315,-27.5,22,Commercial Description,Valid,0.01,Low,0.7444,Core Commercial Product
22495,SET OF 2 ROUND TINS CAMEMBERT,2729.5400000000004,2711.84,954,244,238,-17.700000000000003,6,Commercial Description,Valid,0.0065,Low,0.6961,Core Commercial Product
23489,"GARLAND, VINTAGE BELLS",2709.2299999999996,2709.23,913,165,159,0.0,0,Commercial Description,Valid,0.0,Low,0.6939,Core Commercial Product
22436,12 COLOURED PARTY BALLOONS,2724.75,2707.2,4273,304,293,-17.55,27,Commercial Description,Valid,0.0064,Low,0.7739,Core Commercial Product
21424,WOODLAND STORAGE BOX LARGE,2861.6400000000003,2706.79,955,153,152,-154.85,59,Commercial Description,Valid,0.0541,Moderate,0.6959,Monitor Return Risk
22479,DAISY GARDEN MARKER,2699.96,2699.96,1944,218,214,0.0,0,Commercial Description,Valid,0.0,Low,0.737,Core Commercial Product
51014C,"FEATHER PEN,COAL BLACK",2836.4199999999996,2691.52,4366,280,272,-144.89999999999998,230,Commercial Description,Valid,0.0511,Moderate,0.7741,Monitor Return Risk
23264,SET OF 3 WOODEN SLEIGH DECORATIONS,2690.8100000000004,2689.56,1963,315,300,-1.25,1,Commercial Description,Valid,0.0005,Low,0.7371,Core Commercial Product
21788,KIDS RAIN MAC BLUE,2745.49,2683.64,3399,220,212,-61.849999999999994,73,Commercial Description,Valid,0.0225,Low,0.764,Core Commercial Product
22152,PLACE SETTING WHITE STAR,2687.5199999999995,2682.9,6331,259,246,-4.62,11,Commercial Description,Valid,0.0017,Low,0.7858,Core Commercial Product
23333,IVORY WICKER HEART MEDIUM,2695.45,2680.45,2089,244,234,-15.0,12,Commercial Description,Valid,0.0056,Low,0.7401,Core Commercial Product
23292,SPACE BOY CHILDRENS CUP,2703.33,2677.08,2181,229,228,-26.25,21,Commercial Description,Valid,0.0097,Low,0.7424,Core Commercial Product
90057,DIAMANTE RING ASSORTED IN BOX.,2675.88,2675.88,1804,38,38,0.0,0,Commercial Description,Valid,0.0,Low,0.7321,Core Commercial Product
22028,PENNY FARTHING BIRTHDAY CARD,2683.65,2673.57,6384,520,512,-10.08,24,Commercial Description,Valid,0.0038,Low,0.7859,Core Commercial Product
85183B,CHARLIE & LOLA WASTEPAPER BIN FLORA,2799.2599999999998,2668.0099999999998,1775,178,174,-131.25,35,Commercial Description,Valid,0.0469,Low,0.7307,Core Commercial Product
22500,SET OF 2 TINS JARDIN DE PROVENCE,2686.9100000000003,2667.11,588,204,199,-19.8,4,Commercial Description,Valid,0.0074,Low,0.6703,Core Commercial Product
22471,TV DINNER TRAY AIR HOSTESS,2678.31,2666.46,643,190,178,-11.85,3,Commercial Description,Valid,0.0044,Low,0.6741,Core Commercial Product
21742,LARGE ROUND WICKER PLATTER,2665.9500000000007,2665.9500000000003,439,197,193,0.0,0,Commercial Description,Valid,0.0,Low,0.6573,Core Commercial Product
85049B,LUSH GREENS RIBBONS,2660.8,2660.8,2132,346,342,0.0,0,Commercial Description,Valid,0.0,Low,0.7401,Core Commercial Product
22190,LOCAL CAFE MUG,2660.3099999999995,2658.21,1428,260,243,-2.1,1,Commercial Description,Valid,0.0008,Low,0.7174,Core Commercial Product
22937,BAKING MOULD CHOCOLATE CUPCAKES,2690.74,2657.59,1022,172,162,-33.15,13,Commercial Description,Valid,0.0123,Low,0.6984,Core Commercial Product
84754,S/15 SILVER GLASS BAUBLES IN BAG,2808.45,2653.31,2211,242,221,-155.14,146,Commercial Description,Valid,0.0552,Moderate,0.7418,Monitor Return Risk
21422,PORCELAIN ROSE SMALL,2655.72,2652.32,3203,155,150,-3.4,4,Commercial Description,Valid,0.0013,Low,0.7601,Core Commercial Product
23407,SET OF 2 TRAYS HOME SWEET HOME,2709.4300000000003,2649.73,265,138,137,-59.699999999999996,6,Commercial Description,Valid,0.022,Low,0.633,Core Commercial Product
22713,CARD I LOVE LONDON,2655.6499999999996,2647.25,6173,381,370,-8.4,20,Commercial Description,Valid,0.0032,Low,0.7828,Core Commercial Product
21923,RED/CREAM STRIPE FRINGE HAMMOCK,2662.64,2646.7400000000002,337,124,124,-15.9,2,Commercial Description,Valid,0.006,Low,0.6444,Core Commercial Product
22735,RIBBON REEL SOCKS AND MITTENS,2646.1000000000004,2646.1,1484,254,231,0.0,0,Commercial Description,Valid,0.0,Low,0.719,Core Commercial Product
72799E,IVORY PILLAR CANDLE SILVER FLOCK,2678.57,2643.17,1258,189,179,-35.400000000000006,12,Commercial Description,Valid,0.0132,Low,0.7094,Core Commercial Product
85034B,3 WHITE CHOC MORRIS BOXED CANDLES,2640.6400000000003,2640.64,1191,156,152,0.0,0,Commercial Description,Valid,0.0,Low,0.7065,Core Commercial Product
22758,LARGE PURPLE BABUSHKA NOTEBOOK,2655.93,2633.43,2459,336,319,-22.5,18,Commercial Description,Valid,0.0085,Low,0.7474,Core Commercial Product
85049F,BABY BOOM RIBBONS,2662.75,2631.5,2133,327,317,-31.25,25,Commercial Description,Valid,0.0117,Low,0.7386,Core Commercial Product
21897,POTTING SHED CANDLE CITRONELLA,2641.36,2626.61,866,112,110,-14.750000000000002,5,Commercial Description,Valid,0.0056,Low,0.6872,Core Commercial Product
22094,RED POLKA DOT TISSUE BOX,2695.32,2621.6,3592,357,347,-73.72,92,Commercial Description,Valid,0.0274,Low,0.7636,Core Commercial Product
21204,DAISIES  HONEYCOMB GARLAND,2686.3499999999995,2615.1,1609,210,207,-71.25,49,Commercial Description,Valid,0.0265,Low,0.7225,Core Commercial Product
21808,"CHRISTMAS GARLAND STARS,TREES",2764.2799999999997,2609.28,1014,154,149,-155.0,46,Commercial Description,Valid,0.0561,Moderate,0.6958,Monitor Return Risk
22313,OFFICE MUG WARMER PINK,3255.2200000000003,2607.82,1022,145,139,-647.4,252,Commercial Description,Valid,0.1989,High,0.6965,High Return Risk
22231,JIGSAW TREE WITH BIRDHOUSE,2753.08,2602.93,2163,324,315,-150.14999999999998,107,Commercial Description,Valid,0.0545,Moderate,0.7385,Monitor Return Risk
84849D,HOT BATHS SOAP HOLDER,2641.93,2601.37,1572,269,265,-40.56,24,Commercial Description,Valid,0.0154,Low,0.7206,Core Commercial Product
22046,TEA PARTY  WRAPPING PAPER,2613.5,2599.22,6375,210,210,-14.28,34,Commercial Description,Valid,0.0055,Low,0.7824,Core Commercial Product
21171,BATHROOM METAL SIGN,2599.03,2599.0299999999997,1858,265,262,0.0,0,Commercial Description,Valid,0.0,Low,0.7305,Core Commercial Product
37502,TEA TIME MUG IN GIFT BOX,2599.79,2596.84,868,177,175,-2.95,1,Commercial Description,Valid,0.0011,Low,0.6862,Core Commercial Product
23054,RECYCLED ACAPULCO MAT LAVENDER,2604.9300000000003,2596.68,295,131,131,-8.25,1,Commercial Description,Valid,0.0032,Low,0.6355,Core Commercial Product
47585A,PINK FAIRY CAKE CUSHION COVER,2612.88,2594.13,1084,150,150,-18.75,13,Commercial Description,Valid,0.0072,Low,0.699,Core Commercial Product
22439,6 ROCKET BALLOONS,2641.8900000000003,2593.14,3956,383,368,-48.75,75,Commercial Description,Valid,0.0185,Low,0.766,Core Commercial Product
22415,WHITE TISSUE REAM,2591.7,2591.7000000000003,326,211,205,0.0,0,Commercial Description,Valid,0.0,Low,0.6404,Core Commercial Product
85035B,CHOCOLATE 3 WICK MORRIS BOX CANDLE,2586.01,2586.01,996,138,132,0.0,0,Commercial Description,Valid,0.0,Low,0.6931,Core Commercial Product
21215,IVORY PAPER CUP CAKE CASES,2603.45,2585.81,4497,300,292,-17.64,42,Commercial Description,Valid,0.0068,Low,0.7698,Core Commercial Product
47503J,SET/3 FLORAL GARDEN TOOLS IN BAG,2727.0999999999995,2576.0499999999997,346,79,77,-151.05,19,Commercial Description,Valid,0.0554,Moderate,0.6424,Monitor Return Risk
20960,WATERMELON BATH SPONGE,2570.92,2570.92,1908,224,219,0.0,0,Commercial Description,Valid,0.0,Low,0.7304,Core Commercial Product
82597,BOMBS AWAY METAL SIGN,2569.66,2563.77,1210,223,221,-5.890000000000001,3,Commercial Description,Valid,0.0023,Low,0.7046,Core Commercial Product
22146,EASTER CRAFT IVY WREATH WITH CHICK,2633.1299999999997,2555.43,1413,116,114,-77.7,46,Commercial Description,Valid,0.0295,Low,0.7128,Core Commercial Product
90062,CARNIVAL BRACELET,2629.67,2553.17,207,118,113,-76.5,6,Commercial Description,Valid,0.0291,Low,0.6192,Core Commercial Product
21589,SWALLOW GIANT TUBE MATCHES,2583.4500000000003,2552.8500000000004,1119,92,91,-30.6,12,Commercial Description,Valid,0.0118,Low,0.6995,Core Commercial Product
85034C,3 ROSE MORRIS BOXED CANDLES,2638.12,2552.37,1321,214,203,-85.75,23,Commercial Description,Valid,0.0325,Low,0.7086,Core Commercial Product
82567,"AIRLINE LOUNGE,METAL SIGN",2553.6299999999997,2551.53,1228,499,491,-2.1,1,Commercial Description,Valid,0.0008,Low,0.7048,Core Commercial Product
21653,GLASS ETCHED T-LIGHT HOLDER LARGE,2565.67,2550.9700000000003,1246,120,115,-14.7,7,Commercial Description,Valid,0.0057,Low,0.705,Core Commercial Product
20668,DISCO BALL CHRISTMAS DECORATION,2550.6499999999996,2550.29,21748,395,372,-0.36,3,Commercial Description,Valid,0.0001,Low,0.8001,Core Commercial Product
22270,HAPPY EASTER HANGING DECORATION,2638.67,2541.89,685,165,160,-96.78,26,Commercial Description,Valid,0.0367,Low,0.6725,Core Commercial Product
21898,POTTING SHED ROSE CANDLE,2538.8100000000004,2538.8100000000004,827,120,116,0.0,0,Commercial Description,Valid,0.0,Low,0.6814,Core Commercial Product
20787,BLUE RETRO BAR STOOL,2535.1,2535.1,69,38,35,0.0,0,Commercial Description,Valid,0.0,Low,0.5844,Core Commercial Product
84012,MAGIC SHEEP WOOL GROWING FROM PAPER,2633.5299999999997,2531.53,1839,182,180,-102.0,120,Commercial Description,Valid,0.0387,Low,0.7268,Core Commercial Product
23681,LUNCH BAG RED VINTAGE DOILY,2525.04,2525.04,1576,133,132,0.0,0,Commercial Description,Valid,0.0,Low,0.7177,Core Commercial Product
21288,STRIPEY CHOCOLATE NESTING BOXES,2586.99,2522.84,990,230,227,-64.15,25,Commercial Description,Valid,0.0248,Low,0.6905,Core Commercial Product
21680,WOODLAND  STICKERS,2543.95,2518.45,2927,278,270,-25.5,30,Commercial Description,Valid,0.01,Low,0.7516,Core Commercial Product
22742,MAKE YOUR OWN PLAYTIME CARD KIT,2516.63,2510.7300000000005,1013,189,181,-5.9,2,Commercial Description,Valid,0.0023,Low,0.6917,Core Commercial Product
21431,GREEN GINGHAM FLOWER JEWELLERY BOX,2511.3599999999997,2508.06,1483,283,282,-3.3,2,Commercial Description,Valid,0.0013,Low,0.7138,Core Commercial Product
23424,GINGHAM RECIPE BOOK BOX,2509.62,2504.67,462,136,136,-4.95,1,Commercial Description,Valid,0.002,Low,0.653,Core Commercial Product
21616,4 PEAR BOTANICAL DINNER CANDLES,2499.83,2499.83,1163,199,191,0.0,0,Commercial Description,Valid,0.0,Low,0.6998,Core Commercial Product
21323,HANGING MEDINA LANTERN LARGE,2506.8900000000003,2494.14,740,83,83,-12.75,3,Commercial Description,Valid,0.0051,Low,0.6748,Core Commercial Product
23316,RED REFECTORY CLOCK,2501.64,2491.69,250,111,111,-9.95,1,Commercial Description,Valid,0.004,Low,0.6242,Core Commercial Product
85054,FRENCH ENAMEL POT W LID,2506.83,2486.63,919,217,211,-20.2,8,Commercial Description,Valid,0.0081,Low,0.6852,Core Commercial Product
21262,WHITE GOOSE FEATHER CHRISTMAS TREE,2574.2200000000007,2485.7700000000004,637,148,137,-88.45,11,Commercial Description,Valid,0.0344,Low,0.6664,Core Commercial Product
23146,TRIPLE HOOK ANTIQUE IVORY ROSE,2645.26,2481.16,798,253,249,-164.1,50,Commercial Description,Valid,0.062,Moderate,0.6778,Monitor Return Risk
23367,SET 12 COLOUR PENCILS SPACEBOY,2491.2,2480.8,3278,286,283,-10.4,16,Commercial Description,Valid,0.0042,Low,0.7541,Core Commercial Product
21809,CHRISTMAS HANGING TREE WITH BELL,2479.25,2479.25,3045,223,210,0.0,0,Commercial Description,Valid,0.0,Low,0.7514,Core Commercial Product
22676,"FRENCH BLUE METAL DOOR SIGN, 1",2488.77,2475.02,1845,323,315,-13.75,11,Commercial Description,Valid,0.0055,Low,0.7251,Core Commercial Product
84509B,FAIRY CAKE PLACEMATS,2486.54,2471.54,657,203,197,-15.0,4,Commercial Description,Valid,0.006,Low,0.6674,Core Commercial Product
85041,SET/4 PINK ORCHID CANDLES IN BOWL,2489.87,2466.77,1853,99,96,-23.1,14,Commercial Description,Valid,0.0093,Low,0.7253,Core Commercial Product
22911,PAPER CHAIN KIT LONDON,2504.5,2463.2000000000003,870,178,168,-41.300000000000004,14,Commercial Description,Valid,0.0165,Low,0.6815,Core Commercial Product
22540,MINI JIGSAW CIRCUS PARADE,2464.0899999999992,2462.83,6286,200,191,-1.26,3,Commercial Description,Valid,0.0005,Low,0.7763,Core Commercial Product
22829,BROCANTE SHELF WITH HOOKS,2548.1699999999996,2460.27,249,127,122,-87.9,10,Commercial Description,Valid,0.0345,Low,0.6224,Core Commercial Product
84509F,NEW ENGLAND PLACEMATS,2456.1,2456.1,2781,48,48,0.0,0,Commercial Description,Valid,0.0,Low,0.7467,Core Commercial Product
21203,BUTTERFLIES  HONEYCOMB GARLAND,2527.0,2455.75,1539,151,148,-71.25,49,Commercial Description,Valid,0.0282,Low,0.7137,Core Commercial Product
21106,CREAM SLICE FLANNEL CHOCOLATE SPOT,2455.09,2455.09,801,175,169,0.0,0,Commercial Description,Valid,0.0,Low,0.6766,Core Commercial Product
85206B,PINK FELT EASTER EGG BASKET,2477.3,2454.2,1538,189,188,-23.099999999999998,14,Commercial Description,Valid,0.0093,Low,0.7134,Core Commercial Product
22021,BLUE FELT EASTER EGG BASKET,2469.9100000000008,2450.11,1437,241,235,-19.8,12,Commercial Description,Valid,0.008,Low,0.7092,Core Commercial Product
22789,T-LIGHT HOLDER SWEETHEART HANGING,2451.36,2449.41,1252,204,197,-1.95,1,Commercial Description,Valid,0.0008,Low,0.7013,Core Commercial Product
21439,BASKET OF TOADSTOOLS,2880.09,2447.61,2288,250,241,-432.48,408,Commercial Description,Valid,0.1502,High,0.735,High Return Risk
21792,CLASSIC FRENCH STYLE BASKET GREEN,2531.45,2446.5,495,149,148,-84.95,13,Commercial Description,Valid,0.0336,Low,0.6534,Core Commercial Product
22852,ENAMEL DOG BOWL CREAM,2467.11,2445.86,565,162,162,-21.25,5,Commercial Description,Valid,0.0086,Low,0.6588,Core Commercial Product
23352,ROLL WRAP 50'S RED CHRISTMAS,2459.2,2444.2,1800,214,213,-15.0,12,Commercial Description,Valid,0.0061,Low,0.7215,Core Commercial Product
22153,ANGEL DECORATION STARS ON DRESS,2512.57,2442.85,5793,311,288,-69.72000000000001,166,Commercial Description,Valid,0.0277,Low,0.772,Core Commercial Product
84795B,SUNSET CHECK HAMMOCK,2442.69,2442.69,306,98,96,0.0,0,Commercial Description,Valid,0.0,Low,0.6305,Core Commercial Product
22828,REGENCY MIRROR WITH SHUTTERS,2730.0,2440.0,18,13,12,-290.0,2,Commercial Description,Valid,0.1062,Moderate,0.5507,Monitor Return Risk
22091,EMPIRE TISSUE BOX,2508.42,2439.67,3191,335,328,-68.75,55,Commercial Description,Valid,0.0274,Low,0.7504,Core Commercial Product
21823,PAINTED METAL HEART WITH HOLLY BELL,2474.1399999999994,2439.3399999999997,2482,237,216,-34.8,24,Commercial Description,Valid,0.0141,Low,0.7393,Core Commercial Product
84840,SWEETHEART CARRY-ALL BASKET,2481.7599999999998,2439.26,285,151,146,-42.5,5,Commercial Description,Valid,0.0171,Low,0.6265,Core Commercial Product
21330,WOODLAND ANIMAL  WRITING SET,2454.0700000000006,2439.22,1452,207,205,-14.85,9,Commercial Description,Valid,0.0061,Low,0.7085,Core Commercial Product
22342,HOME GARLAND PAINTED ZINC,2531.33,2435.03,1820,239,236,-96.3,70,Commercial Description,Valid,0.038,Low,0.7213,Core Commercial Product
21462,"NURSERY A,B,C PAINTED LETTERS",2465.909999999999,2425.41,419,181,177,-40.5,6,Commercial Description,Valid,0.0164,Low,0.6438,Core Commercial Product
22566,"FELTCRAFT HAIRBAND S/2, PINK/PURPLE",2422.15,2422.1499999999996,2890,314,297,0.0,0,Commercial Description,Valid,0.0,Low,0.746,Core Commercial Product
22306,SILVER MUG BONE CHINA TREE OF LIFE,2450.37,2421.67,1692,175,168,-28.699999999999996,17,Commercial Description,Valid,0.0117,Low,0.7166,Core Commercial Product
22613,PACK OF 20 SPACEBOY NAPKINS,2429.0699999999997,2420.57,3061,284,274,-8.5,10,Commercial Description,Valid,0.0035,Low,0.7479,Core Commercial Product
22448,PIN CUSHION RUSSIAN DOLL RED,2440.1299999999997,2420.03,757,125,122,-20.1,6,Commercial Description,Valid,0.0082,Low,0.6714,Core Commercial Product
85116,BLACK CANDELABRA T-LIGHT HOLDER,2480.8999999999996,2417.9,2040,199,183,-63.00000000000001,30,Commercial Description,Valid,0.0254,Low,0.7265,Core Commercial Product
22537,MAGIC DRAWING SLATE DINOSAUR,2437.32,2417.16,5897,370,352,-20.16,48,Commercial Description,Valid,0.0083,Low,0.7709,Core Commercial Product
21642,ASSORTED TUTTI FRUTTI PEN,2584.37,2412.0299999999997,4420,281,267,-172.33999999999995,266,Commercial Description,Valid,0.0667,Moderate,0.7614,Monitor Return Risk
21973,SET OF 36 MUSHROOM PAPER DOILIES,2428.7299999999996,2409.88,1676,215,214,-18.849999999999998,13,Commercial Description,Valid,0.0078,Low,0.7153,Core Commercial Product
21274,EMBOSSED HEART 3 DRAWER SHELF,2420.69,2407.94,175,109,108,-12.75,1,Commercial Description,Valid,0.0053,Low,0.6064,Core Commercial Product
21924,BLUE/CREAM STRIPE FRINGE HAMMOCK,2486.659999999999,2407.16,315,130,129,-79.5,10,Commercial Description,Valid,0.032,Low,0.6298,Core Commercial Product
23406,HOME SWEET HOME KEY HOLDER,2422.6600000000003,2403.9100000000003,456,115,115,-18.75,3,Commercial Description,Valid,0.0077,Low,0.6466,Core Commercial Product
22986,GINGHAM ROSE WRAP,2410.9,2400.4,5845,207,205,-10.5,25,Commercial Description,Valid,0.0044,Low,0.7698,Core Commercial Product
21187,WHITE BELL HONEYCOMB PAPER GARLAND,2399.42,2399.42,1440,159,145,0.0,0,Commercial Description,Valid,0.0,Low,0.7057,Core Commercial Product
23400,SHELF WITH 4 HOOKS HOME SWEET HOME,2409.34,2396.84,461,111,110,-12.5,2,Commercial Description,Valid,0.0052,Low,0.6467,Core Commercial Product
85036A,GARDENIA 1 WICK MORRIS BOXED CANDLE,2401.96,2396.46,622,176,168,-5.5,2,Commercial Description,Valid,0.0023,Low,0.6598,Core Commercial Product
22321,BIRD DECORATION RED SPOT,2393.22,2392.37,2584,315,306,-0.85,1,Commercial Description,Valid,0.0004,Low,0.7392,Core Commercial Product
21741,COSY SLIPPER SHOES LARGE GREEN,2394.0700000000006,2391.5200000000004,733,198,191,-2.55,1,Commercial Description,Valid,0.0011,Low,0.6679,Core Commercial Product
10133,COLOURING PENCILS BROWN TUBE,2402.9700000000003,2390.27,3871,300,292,-12.7,20,Commercial Description,Valid,0.0053,Low,0.7555,Core Commercial Product
23265,SET OF 3 WOODEN TREE DECORATIONS,2404.79,2386.04,1769,307,295,-18.75,15,Commercial Description,Valid,0.0078,Low,0.7167,Core Commercial Product
22973,CHILDRENS CIRCUS PARADE MUG,2423.5299999999997,2384.33,1422,173,161,-39.199999999999996,24,Commercial Description,Valid,0.0162,Low,0.7039,Core Commercial Product
21789,KIDS RAIN MAC PINK,2461.6400000000003,2383.44,2947,229,223,-78.19999999999999,92,Commercial Description,Valid,0.0318,Low,0.7444,Core Commercial Product
22421,LIPSTICK PEN FUSCHIA,2397.37,2378.77,4814,433,412,-18.599999999999998,45,Commercial Description,Valid,0.0078,Low,0.7621,Core Commercial Product
85059,FRENCH ENAMEL WATER BASIN,2403.6400000000003,2373.64,702,218,215,-30.0,10,Commercial Description,Valid,0.0125,Low,0.665,Core Commercial Product
47570,ENGLISH ROSE TABLE CLOTH,2373.0100000000007,2373.01,220,82,81,0.0,0,Commercial Description,Valid,0.0,Low,0.6124,Core Commercial Product
23498,CLASSIC BICYCLE CLIPS,2372.68,2372.68,1640,102,99,0.0,0,Commercial Description,Valid,0.0,Low,0.7118,Core Commercial Product
23437,50'S CHRISTMAS GIFT BAG LARGE,2373.63,2371.13,1939,132,132,-2.5,2,Commercial Description,Valid,0.0011,Low,0.721,Core Commercial Product
85034A,3 GARDENIA MORRIS BOXED CANDLES,2407.32,2369.57,856,153,142,-37.75,11,Commercial Description,Valid,0.0157,Low,0.6742,Core Commercial Product
35001G,HAND OPEN SHAPE GOLD,2406.1,2368.81,758,111,107,-37.29,11,Commercial Description,Valid,0.0155,Low,0.6683,Core Commercial Product
22453,MEASURING TAPE RUSSIAN DOLL BLUE,2390.27,2366.67,866,154,148,-23.6,8,Commercial Description,Valid,0.0099,Low,0.6744,Core Commercial Product
22642,SET OF 4 NAPKIN CHARMS STARS,2366.32,2366.32,996,150,143,0.0,0,Commercial Description,Valid,0.0,Low,0.682,Core Commercial Product
23028,DRAWER KNOB CRACKLE GLAZE BLUE,2377.13,2365.58,1369,142,141,-11.55,7,Commercial Description,Valid,0.0049,Low,0.7005,Core Commercial Product
22990,COTTON APRON PANTRY DESIGN,2917.430000000001,2363.73,633,177,175,-553.7,126,Commercial Description,Valid,0.1898,High,0.6581,High Return Risk
22246,"GARLAND, MAGIC GARDEN 1.8M",2387.13,2363.73,1111,196,189,-23.4,12,Commercial Description,Valid,0.0098,Low,0.6887,Core Commercial Product
21468,BUTTERFLY CROCHET FOOD COVER,2368.8900000000003,2361.39,671,149,144,-7.5,2,Commercial Description,Valid,0.0032,Low,0.6611,Core Commercial Product
21126,SET OF 6 GIRLS CELEBRATION CANDLES,2367.98,2350.48,2339,294,287,-17.5,14,Commercial Description,Valid,0.0074,Low,0.7304,Core Commercial Product
23436,GIFT BAG LARGE VINTAGE CHRISTMAS,2367.3900000000003,2348.64,1979,116,116,-18.75,15,Commercial Description,Valid,0.0079,Low,0.7207,Core Commercial Product
21824,PAINTED METAL STAR WITH HOLLY BELLS,2379.09,2344.29,2800,227,213,-34.8,24,Commercial Description,Valid,0.0146,Low,0.7399,Core Commercial Product
85114A,BLACK ENCHANTED FOREST PLACEMAT,2341.8399999999997,2341.84,1410,107,103,0.0,0,Commercial Description,Valid,0.0,Low,0.701,Core Commercial Product
23412,HEART MIRROR ANTIQUE WHITE,2354.7999999999997,2339.8,358,81,80,-15.0,2,Commercial Description,Valid,0.0064,Low,0.632,Core Commercial Product
23401,RUSTIC MIRROR WITH LACE HEART,2354.8700000000003,2336.12,459,86,86,-18.75,3,Commercial Description,Valid,0.008,Low,0.6431,Core Commercial Product
85114C,RED ENCHANTED FOREST PLACEMAT,2335.7800000000007,2335.78,1221,177,164,0.0,0,Commercial Description,Valid,0.0,Low,0.6933,Core Commercial Product
21437,24 HANGING EASTER EGGS FLORAL TUB,2350.92,2332.17,677,118,113,-18.75,5,Commercial Description,Valid,0.008,Low,0.6606,Core Commercial Product
21615,4 LAVENDER BOTANICAL DINNER CANDLES,2331.17,2331.17,1174,174,170,0.0,0,Commercial Description,Valid,0.0,Low,0.6906,Core Commercial Product
21873,IF YOU CAN'T STAND THE HEAT MUG,2430.87,2330.7999999999997,2065,207,203,-100.07000000000001,91,Commercial Description,Valid,0.0412,Low,0.7219,Core Commercial Product
84536A,ENGLISH ROSE NOTEBOOK A7 SIZE,2346.22,2330.2599999999998,5190,642,615,-15.959999999999999,38,Commercial Description,Valid,0.0068,Low,0.7617,Core Commercial Product
85199L,LARGE HANGING IVORY & RED WOOD BIRD,2344.15,2326.6,3545,286,277,-17.55,27,Commercial Description,Valid,0.0075,Low,0.748,Core Commercial Product
21947,SET OF 6 HEART CHOPSTICKS,2326.59,2326.59,1691,309,298,0.0,0,Commercial Description,Valid,0.0,Low,0.7107,Core Commercial Product
22609,PENS ASSORTED SPACEBALL,2424.5,2325.86,7093,209,205,-98.64000000000001,144,Commercial Description,Valid,0.0407,Low,0.7706,Core Commercial Product
84459B,YELLOW METAL CHICKEN HEART,2358.57,2322.81,1480,225,217,-35.76,24,Commercial Description,Valid,0.0152,Low,0.7028,Core Commercial Product
21708,FOLDING UMBRELLA  CREAM/MULTI  SPOT,2341.4300000000003,2321.63,612,133,131,-19.8,4,Commercial Description,Valid,0.0085,Low,0.6547,Core Commercial Product
22785,CUSHION COVER PINK UNION FLAG,2318.59,2318.59,427,131,123,0.0,0,Commercial Description,Valid,0.0,Low,0.6382,Core Commercial Product
85106,CUT GLASS HEXAGON T-LIGHT HOLDER,2318.439999999999,2318.44,1202,65,62,0.0,0,Commercial Description,Valid,0.0,Low,0.6908,Core Commercial Product
85176,SEWING SUSAN 21 NEEDLE SET,2331.3799999999997,2318.2,2776,320,310,-13.179999999999998,16,Commercial Description,Valid,0.0057,Low,0.7372,Core Commercial Product
16237,SLEEPING CAT ERASERS,2337.0299999999997,2317.92,10935,606,583,-19.11,91,Commercial Description,Valid,0.0082,Low,0.7787,Core Commercial Product
22362,GLASS JAR PEACOCK BATH SALTS,2460.6800000000003,2316.13,764,275,272,-144.54999999999998,49,Commercial Description,Valid,0.0587,Moderate,0.6653,Monitor Return Risk
21747,SMALL SKULL WINDMILL,2452.35,2315.37,2049,157,156,-136.98000000000002,126,Commercial Description,Valid,0.0559,Moderate,0.7199,Monitor Return Risk
21540,DAIRY MAID CERAMIC BUTTER DISH,2394.95,2313.45,1323,98,98,-81.5,20,Commercial Description,Valid,0.034,Low,0.6951,Core Commercial Product
22539,MINI JIGSAW DOLLY GIRL,2313.24,2312.82,5744,262,248,-0.42,1,Commercial Description,Valid,0.0002,Low,0.763,Core Commercial Product
22409,MONEY BOX BISCUITS DESIGN,2325.48,2307.98,1712,176,171,-17.5,14,Commercial Description,Valid,0.0075,Low,0.7095,Core Commercial Product
85107,CUT GLASS T-LIGHT HOLDER OCTAGON,2305.39,2305.39,1215,75,72,0.0,0,Commercial Description,Valid,0.0,Low,0.6904,Core Commercial Product
23371,SET 36 COLOUR PENCILS SPACEBOY,2304.78,2304.78,1705,186,185,0.0,0,Commercial Description,Valid,0.0,Low,0.7092,Core Commercial Product
22831,WHITE BROCANTE SOAP DISH,2304.000000000001,2304.0,780,143,138,0.0,0,Commercial Description,Valid,0.0,Low,0.6651,Core Commercial Product
21804,WHITE CHRISTMAS GARLAND STARS TREES,2308.8500000000004,2301.35,612,155,143,-7.5,2,Commercial Description,Valid,0.0032,Low,0.653,Core Commercial Product
22251,BIRDHOUSE DECORATION MAGIC GARDEN,2335.15,2300.15,1884,308,302,-35.0,28,Commercial Description,Valid,0.015,Low,0.7148,Core Commercial Product
17091J,VANILLA INCENSE IN TIN,2297.9900000000002,2297.99,4086,189,178,0.0,0,Commercial Description,Valid,0.0,Low,0.7513,Core Commercial Product
21826,EIGHT PIECE DINOSAUR SET,2373.2400000000002,2296.99,1825,270,250,-76.25,61,Commercial Description,Valid,0.0321,Low,0.7126,Core Commercial Product
22133,PINK LOVE HEART SHAPE CUP,2304.11,2293.91,2508,339,328,-10.2,12,Commercial Description,Valid,0.0044,Low,0.7306,Core Commercial Product
21819,GLITTER CHRISTMAS STAR,2289.5999999999995,2289.6,3896,263,249,0.0,0,Commercial Description,Valid,0.0,Low,0.7492,Core Commercial Product
84913A,SOFT PINK ROSE TOWEL,2287.26,2287.26,629,275,267,0.0,0,Commercial Description,Valid,0.0,Low,0.6531,Core Commercial Product
23360,SET 8 CANDLES VINTAGE DOILEY,2286.3999999999996,2286.4,1182,116,114,0.0,0,Commercial Description,Valid,0.0,Low,0.6874,Core Commercial Product
85172,HYACINTH BULB T-LIGHT CANDLES,2348.4800000000005,2284.2200000000003,4447,168,160,-64.26,153,Commercial Description,Valid,0.0274,Low,0.7531,Core Commercial Product
22933,BAKING MOULD EASTER EGG MILK CHOC,2621.3199999999997,2283.5200000000004,952,126,124,-337.80000000000007,156,Commercial Description,Valid,0.1289,Moderate,0.6735,Monitor Return Risk
22948,METAL DECORATION NAUGHTY CHILDREN,2292.77,2282.5699999999997,2243,199,183,-10.2,12,Commercial Description,Valid,0.0044,Low,0.723,Core Commercial Product
21464,DISCO BALL ROTATOR BATTERY OPERATED,2371.75,2282.5,559,231,227,-89.25,21,Commercial Description,Valid,0.0376,Low,0.647,Core Commercial Product
22336,DOVE DECORATION PAINTED ZINC,2296.2699999999995,2281.32,4734,235,217,-14.95,23,Commercial Description,Valid,0.0065,Low,0.7543,Core Commercial Product
23330,DECORATIVE WICKER HEART MEDIUM,2286.9700000000003,2279.47,1794,224,217,-7.5,6,Commercial Description,Valid,0.0033,Low,0.71,Core Commercial Product
21482,MUSHROOM BLUE HOT WATER BOTTLE,2296.76,2279.06,740,189,188,-17.700000000000003,6,Commercial Description,Valid,0.0077,Low,0.6605,Core Commercial Product
85035A,GARDENIA 3 WICK MORRIS BOXED CANDLE,2412.81,2278.87,659,198,186,-133.94,34,Commercial Description,Valid,0.0555,Moderate,0.6544,Monitor Return Risk
22024,RAINY LADIES BIRTHDAY CARD,2284.75,2269.63,5454,452,444,-15.120000000000001,36,Commercial Description,Valid,0.0066,Low,0.759,Core Commercial Product
23197,SKETCHBOOK MAGNETIC SHOPPING LIST,2303.5,2267.25,1478,257,256,-36.24999999999999,25,Commercial Description,Valid,0.0157,Low,0.6985,Core Commercial Product
21651,HANGING GLASS ETCHED TEALIGHT,2266.4800000000005,2266.48,1399,134,127,0.0,0,Commercial Description,Valid,0.0,Low,0.6949,Core Commercial Product
15056n,EDWARDIAN PARASOL NATURAL,2259.4400000000005,2259.44,180,121,116,0.0,0,Commercial Description,Valid,0.0,Low,0.598,Core Commercial Product
21638,ASSORTED TUTTI FRUTTI NOTEBOOK,2275.61,2258.81,1039,152,144,-16.8,8,Commercial Description,Valid,0.0074,Low,0.6779,Core Commercial Product
23029,DRAWER KNOB CRACKLE GLAZE GREEN,2303.92,2257.7200000000003,1352,165,165,-46.2,28,Commercial Description,Valid,0.0201,Low,0.6927,Core Commercial Product
85183A,CHARLIE & LOLA WASTEPAPER BIN BLUE,2275.75,2257.0,1512,147,145,-18.75,9,Commercial Description,Valid,0.0082,Low,0.699,Core Commercial Product
84818,DANISH ROSE PHOTO FRAME,2384.7999999999997,2252.75,1789,225,224,-132.04999999999998,107,Commercial Description,Valid,0.0554,Moderate,0.7086,Monitor Return Risk
20658,RED SPOTTY LUGGAGE TAG,2296.4300000000003,2251.43,1613,372,357,-45.0,36,Commercial Description,Valid,0.0196,Low,0.7024,Core Commercial Product
21686,MEDINA STAMPED METAL STOOL,2500.0899999999997,2250.44,66,38,37,-249.64999999999998,7,Commercial Description,Valid,0.0999,Moderate,0.5666,Monitor Return Risk
22716,CARD CIRCUS PARADE,2254.7,2249.66,5318,460,448,-5.04,12,Commercial Description,Valid,0.0022,Low,0.7569,Core Commercial Product
84469,ROSE DES PADDED FLOOR CUSHION,2249.4099999999994,2249.41,664,46,46,0.0,0,Commercial Description,Valid,0.0,Low,0.6535,Core Commercial Product
21125,SET 6 FOOTBALL CELEBRATION CANDLES,2260.14,2241.39,2161,262,250,-18.75,15,Commercial Description,Valid,0.0083,Low,0.7181,Core Commercial Product
21398,RED  SPOTTY COFFEE  MUG,2242.41,2238.21,2299,131,128,-4.2,2,Commercial Description,Valid,0.0019,Low,0.7217,Core Commercial Product
23326,HANGING MINI COLOURED BOTTLES,2237.08,2237.08,3442,76,76,0.0,0,Commercial Description,Valid,0.0,Low,0.7403,Core Commercial Product
23093,SMALL PARISIENNE HEART PHOTO FRAME,2239.2400000000002,2231.77,939,144,144,-7.470000000000001,3,Commercial Description,Valid,0.0033,Low,0.6698,Core Commercial Product
23048,SET OF 10 LANTERNS FAIRY LIGHT STAR,2368.37,2231.42,577,107,104,-136.95000000000002,33,Commercial Description,Valid,0.0578,Moderate,0.6457,Monitor Return Risk
21710,FOLDING UMBRELLA  PINK/WHITE  SPOT,2265.2499999999995,2230.6,730,118,112,-34.65,7,Commercial Description,Valid,0.0153,Low,0.6572,Core Commercial Product
23128,FELTCRAFT BOY JEAN-PAUL KIT,2258.66,2224.01,448,141,141,-34.65,7,Commercial Description,Valid,0.0153,Low,0.6348,Core Commercial Product
22069,BROWN  PIRATE TREASURE CHEST,2221.78,2221.78,984,278,267,0.0,0,Commercial Description,Valid,0.0,Low,0.6724,Core Commercial Product
21696,SMALL SILVER TRELLIS CANDLEPOT,2310.1499999999996,2221.65,768,116,111,-88.50000000000001,30,Commercial Description,Valid,0.0383,Low,0.6597,Core Commercial Product
22514,CHILDS GARDEN SPADE BLUE,2223.92,2219.7200000000003,1092,246,242,-4.2,2,Commercial Description,Valid,0.0019,Low,0.679,Core Commercial Product
23501,KEY RING BASEBALL BOOT UNION JACK,2217.87,2217.87,1821,114,112,0.0,0,Commercial Description,Valid,0.0,Low,0.7079,Core Commercial Product
23438,RED SPOT GIFT BAG LARGE,2209.92,2209.92,1809,109,109,0.0,0,Commercial Description,Valid,0.0,Low,0.7073,Core Commercial Product
85045,GREEN CHRISTMAS TREE STRING 20LIGHT,2264.09,2209.59,476,93,89,-54.5,12,Commercial Description,Valid,0.0241,Low,0.6365,Core Commercial Product
21681,GIANT MEDINA STAMPED METAL BOWL,2234.8099999999995,2204.96,233,84,83,-29.849999999999998,3,Commercial Description,Valid,0.0134,Low,0.6039,Core Commercial Product
22074,6 RIBBONS SHIMMERING PINKS,2224.59,2204.79,2161,296,288,-19.8,12,Commercial Description,Valid,0.0089,Low,0.7163,Core Commercial Product
23064,CINDERELLA CHANDELIER,3717.5600000000004,2203.51,221,34,34,-1514.0500000000002,71,Commercial Description,Valid,0.4073,Very High,0.6018,High Return Risk
22286,"DECORATION , WOBBLY RABBIT , METAL",2200.75,2200.75,1937,196,196,0.0,0,Commercial Description,Valid,0.0,Low,0.7103,Core Commercial Product
17084R,ASSORTED INCENSE PACK,2198.8499999999995,2198.85,12065,67,66,0.0,0,Commercial Description,Valid,0.0,Low,0.773,Core Commercial Product
20770,ABSTRACT CIRCLE JOURNAL,2215.81,2195.71,1055,211,203,-20.1,10,Commercial Description,Valid,0.0091,Low,0.6754,Core Commercial Product
21617,4 LILY  BOTANICAL DINNER CANDLES,2195.0099999999998,2195.01,850,175,169,0.0,0,Commercial Description,Valid,0.0,Low,0.663,Core Commercial Product
21774,DECORATIVE CATS BATHROOM BOTTLE,2196.26,2195.0099999999998,1744,382,369,-1.25,1,Commercial Description,Valid,0.0006,Low,0.7038,Core Commercial Product
21195,PINK  HONEYCOMB PAPER BALL,2194.2000000000003,2194.2000000000003,1017,158,152,0.0,0,Commercial Description,Valid,0.0,Low,0.6729,Core Commercial Product
23403,LETTER HOLDER HOME SWEET HOME,2204.1100000000006,2192.86,625,138,137,-11.25,3,Commercial Description,Valid,0.0051,Low,0.6471,Core Commercial Product
22824,3 TIER SWEETHEART GARDEN SHELF,2225.8499999999995,2189.9,63,51,49,-35.95,1,Commercial Description,Valid,0.0162,Low,0.5619,Core Commercial Product
21476,STEEL SWEETHEART ROUND TABLE CREAM,2219.5099999999993,2189.61,142,87,87,-29.9,2,Commercial Description,Valid,0.0135,Low,0.5856,Core Commercial Product
22711,WRAP CIRCUS PARADE,2210.34,2189.34,5377,183,183,-21.0,50,Commercial Description,Valid,0.0095,Low,0.7536,Core Commercial Product
22853,ENAMEL CAT BOWL CREAM,2208.8199999999997,2189.32,646,148,147,-19.5,6,Commercial Description,Valid,0.0088,Low,0.648,Core Commercial Product
21620,S/4 ROSE    BOTANICAL  CANDLE,2210.4800000000005,2187.98,1088,232,226,-22.5,6,Commercial Description,Valid,0.0102,Low,0.6762,Core Commercial Product
85039B,S/4 IVORY MINI ROSE CANDLE IN BOWL,2200.05,2180.25,1666,275,267,-19.8,12,Commercial Description,Valid,0.009,Low,0.7002,Core Commercial Product
20931,BLUE POT PLANT CANDLE,2260.9300000000003,2173.38,676,169,166,-87.55000000000001,27,Commercial Description,Valid,0.0387,Low,0.6501,Core Commercial Product
22182,CAKE STAND VICTORIAN FILIGREE SMALL,2190.13,2170.33,569,181,175,-19.8,4,Commercial Description,Valid,0.009,Low,0.6419,Core Commercial Product
84691,PACK 20 DOLLY PEGS,2225.5,2169.4,2747,242,241,-56.10000000000001,82,Commercial Description,Valid,0.0252,Low,0.7275,Core Commercial Product
21611,SET OF 12 LILY BOTANICAL T-LIGHTS,2182.1900000000005,2164.4900000000002,750,154,151,-17.700000000000003,6,Commercial Description,Valid,0.0081,Low,0.6553,Core Commercial Product
22913,RED COAT RACK PARIS FASHION,2179.39,2159.59,462,133,124,-19.8,4,Commercial Description,Valid,0.0091,Low,0.6323,Core Commercial Product
21421,PORCELAIN ROSE LARGE,2163.23,2155.73,1807,115,109,-7.5,6,Commercial Description,Valid,0.0035,Low,0.7042,Core Commercial Product
21905,MORE BUTTER METAL SIGN,2157.87,2153.67,1623,268,265,-4.2,2,Commercial Description,Valid,0.0019,Low,0.6978,Core Commercial Product
22802,FAUX FUR CHOCOLATE THROW,2153.099999999999,2153.1,120,67,62,0.0,0,Commercial Description,Valid,0.0,Low,0.5789,Core Commercial Product
22931,BAKING MOULD HEART WHITE CHOCOLATE,2152.75,2152.75,900,135,129,0.0,0,Commercial Description,Valid,0.0,Low,0.6634,Core Commercial Product
22708,WRAP DOLLY GIRL,2161.5,2151.0,5375,162,160,-10.5,25,Commercial Description,Valid,0.0049,Low,0.7518,Core Commercial Product
22515,CHILDS GARDEN SPADE PINK,2159.18,2150.78,1056,221,214,-8.4,4,Commercial Description,Valid,0.0039,Low,0.6728,Core Commercial Product
23370,SET 36 COLOUR PENCILS DOILEY,2151.6000000000004,2150.35,1550,154,152,-1.25,1,Commercial Description,Valid,0.0006,Low,0.6946,Core Commercial Product
22695,WICKER WREATH SMALL,2145.87,2145.87,1500,244,225,0.0,0,Commercial Description,Valid,0.0,Low,0.6925,Core Commercial Product
23445,ICE CREAM BUBBLES,2161.2399999999993,2144.64,2668,103,102,-16.599999999999998,20,Commercial Description,Valid,0.0077,Low,0.7248,Core Commercial Product
22677,"FRENCH BLUE METAL DOOR SIGN, 2",2158.09,2144.34,1589,291,287,-13.75,11,Commercial Description,Valid,0.0064,Low,0.6955,Core Commercial Product
21643,ASSORTED TUTTI FRUTTI MIRROR,2161.81,2144.31,1536,214,208,-17.5,14,Commercial Description,Valid,0.0081,Low,0.6934,Core Commercial Product
20764,ABSTRACT CIRCLES SKETCHBOOK,2153.51,2138.51,690,200,194,-15.0,4,Commercial Description,Valid,0.007,Low,0.6493,Core Commercial Product
23252,VINTAGE RED ENAMEL TRIM JUG,2261.61,2137.86,603,145,145,-123.75,33,Commercial Description,Valid,0.0547,Moderate,0.6422,Monitor Return Risk
22338,STAR DECORATION PAINTED ZINC,2197.35,2136.98,6150,283,269,-60.36999999999999,95,Commercial Description,Valid,0.0275,Low,0.7545,Core Commercial Product
22714,CARD BIRTHDAY COWBOY,2174.73,2133.69,5315,368,363,-41.04,108,Commercial Description,Valid,0.0189,Low,0.7502,Core Commercial Product
23161,REGENCY CAKE FORK,2145.3,2130.3,1715,99,99,-15.0,12,Commercial Description,Valid,0.007,Low,0.6991,Core Commercial Product
85216,ASSORTED CAKES FRIDGE MAGNETS,2162.0200000000004,2130.17,2861,195,193,-31.85,49,Commercial Description,Valid,0.0147,Low,0.7271,Core Commercial Product
23066,SMALL DECO JEWELLERY STAND,2137.8100000000004,2129.56,259,87,87,-8.25,1,Commercial Description,Valid,0.0039,Low,0.6033,Core Commercial Product
23302,KNEELING MAT HOUSEWORK  DESIGN,2181.42,2127.18,1536,238,235,-54.24,36,Commercial Description,Valid,0.0249,Low,0.6924,Core Commercial Product
23005,TRAVEL CARD WALLET I LOVE LONDON,2126.55,2126.13,4733,247,244,-0.42,1,Commercial Description,Valid,0.0002,Low,0.7451,Core Commercial Product
23213,STAR WREATH DECORATION WITH BELL,2138.42,2123.42,1682,156,153,-15.0,12,Commercial Description,Valid,0.007,Low,0.6973,Core Commercial Product
23031,DRAWER KNOB CRACKLE GLAZE PINK,2152.3,2119.3,1278,164,164,-33.0,20,Commercial Description,Valid,0.0153,Low,0.6817,Core Commercial Product
23020,GLASS  SONGBIRD STORAGE JAR,2191.8399999999997,2118.19,180,83,83,-73.65,6,Commercial Description,Valid,0.0336,Low,0.5894,Core Commercial Product
22163,HEART STRING MEMO HOLDER HANGING,2291.9100000000003,2112.86,1287,214,203,-179.05,79,Commercial Description,Valid,0.0781,Moderate,0.6818,Monitor Return Risk
85099b,JUMBO BAG RED RETROSPOT,2111.64,2111.64,419,25,25,0.0,0,Commercial Description,Valid,0.0,Low,0.6241,Core Commercial Product
23046,PAPER LANTERN 9 POINT DELUXE STAR,2111.4900000000002,2111.4900000000002,349,36,36,0.0,0,Commercial Description,Valid,0.0,Low,0.6162,Core Commercial Product
21359,RELAX LARGE WOOD LETTERS,2150.48,2110.68,209,82,79,-39.800000000000004,4,Commercial Description,Valid,0.0185,Low,0.5933,Core Commercial Product
72799F,IVORY PILLAR CANDLE GOLD FLOCK,2110.11,2110.11,1134,113,104,0.0,0,Commercial Description,Valid,0.0,Low,0.6738,Core Commercial Product
21291,SMALL SPOTTY CHOCOLATE GIFT BAG,2161.1099999999997,2104.16,2506,165,158,-56.949999999999996,67,Commercial Description,Valid,0.0264,Low,0.7191,Core Commercial Product
23079,TOADSTOOL BEDSIDE LIGHT,2225.4499999999994,2100.15,251,114,113,-125.3,14,Commercial Description,Valid,0.0563,Moderate,0.6002,Monitor Return Risk
84854,GIRLY PINK TOOL SET,2104.22,2099.9700000000003,386,117,115,-4.25,1,Commercial Description,Valid,0.002,Low,0.6199,Core Commercial Product
22023,EMPIRE BIRTHDAY CARD,2101.1800000000003,2096.14,5028,439,431,-5.04,12,Commercial Description,Valid,0.0024,Low,0.7458,Core Commercial Product
22935,BAKING MOULD ROSE MILK CHOCOLATE,2294.07,2096.07,771,69,66,-198.0,72,Commercial Description,Valid,0.0863,Moderate,0.6522,Monitor Return Risk
23233,WRAP POPPIES  DESIGN,2105.5,2095.0,5175,160,159,-10.5,25,Commercial Description,Valid,0.005,Low,0.7467,Core Commercial Product
21865,PINK UNION JACK  PASSPORT COVER,2102.46,2089.86,902,308,299,-12.6,6,Commercial Description,Valid,0.006,Low,0.6594,Core Commercial Product
22996,TRAVEL CARD WALLET VINTAGE TICKET,2094.93,2084.0099999999998,4801,419,412,-10.92,26,Commercial Description,Valid,0.0052,Low,0.7436,Core Commercial Product
85049H,URBAN BLACK RIBBONS,2079.6899999999996,2079.69,2075,342,334,0.0,0,Commercial Description,Valid,0.0,Low,0.7067,Core Commercial Product
40018F,CHERRY DESIGN PAPERLANTERNS,2100.3299999999995,2076.93,1092,124,122,-23.4,12,Commercial Description,Valid,0.0111,Low,0.6708,Core Commercial Product
21619,4 VANILLA BOTANICAL CANDLES,2076.64,2076.64,1132,215,213,0.0,0,Commercial Description,Valid,0.0,Low,0.6722,Core Commercial Product
21655,HANGING RIDGE GLASS T-LIGHT HOLDER,2277.5,2075.58,1396,97,97,-201.92,128,Commercial Description,Valid,0.0887,Moderate,0.6838,Monitor Return Risk
21070,VINTAGE BILLBOARD MUG,2108.5000000000005,2075.18,2050,238,231,-33.32,30,Commercial Description,Valid,0.0158,Low,0.7056,Core Commercial Product
21803,CHRISTMAS TREE STAR DECORATION,2074.5599999999995,2074.56,4780,343,324,0.0,0,Commercial Description,Valid,0.0,Low,0.7426,Core Commercial Product
84796A,PINK HAWAIIAN PICNIC HAMPER FOR 2,2072.95,2072.9500000000003,284,112,112,0.0,0,Commercial Description,Valid,0.0,Low,0.6038,Core Commercial Product
21356,TOAST ITS - FAIRY FLOWER,2070.55,2069.3,1623,367,350,-1.25,1,Commercial Description,Valid,0.0006,Low,0.6923,Core Commercial Product
21802,CHRISTMAS TREE HEART DECORATION,2067.58,2067.16,4731,344,324,-0.42,1,Commercial Description,Valid,0.0002,Low,0.7418,Core Commercial Product
37476,CONDIMENT TRAY 4 BOWLS AND 4 SPOONS,2066.64,2066.64,212,85,80,0.0,0,Commercial Description,Valid,0.0,Low,0.5914,Core Commercial Product
84670,JAPANESE CROCHETED ANIMAL,2128.7200000000003,2065.72,5196,198,190,-63.0,150,Commercial Description,Valid,0.0296,Low,0.7452,Core Commercial Product
51014L,"FEATHER PEN,LIGHT PINK",2232.5499999999997,2064.67,3457,232,230,-167.88,204,Commercial Description,Valid,0.0752,Moderate,0.7301,Monitor Return Risk
23227,FILIGREE HEART BUTTERFLY WHITE,2070.06,2062.56,1642,119,119,-7.5,6,Commercial Description,Valid,0.0036,Low,0.6923,Core Commercial Product
22279,POCKET BAG BLUE PAISLEY RED SPOT,2108.37,2062.12,1443,220,216,-46.25,37,Commercial Description,Valid,0.0219,Low,0.6846,Core Commercial Product
21058,PARTY INVITES WOODLAND,2070.8499999999995,2060.65,2413,283,276,-10.2,12,Commercial Description,Valid,0.0049,Low,0.714,Core Commercial Product
84509G,FAIRY CAKE PLACEMATS,2060.45,2060.45,806,161,159,0.0,0,Commercial Description,Valid,0.0,Low,0.6514,Core Commercial Product
21077,SET/20 WOODLAND PAPER NAPKINS,2058.1,2058.1,2790,197,194,0.0,0,Commercial Description,Valid,0.0,Low,0.7211,Core Commercial Product
23152,IVORY SWEETHEART WIRE LETTER RACK,2080.6499999999996,2054.4,554,164,163,-26.25,7,Commercial Description,Valid,0.0126,Low,0.633,Core Commercial Product
21640,ASSORTED TUTTI FRUTTI  FOB NOTEBOOK,2053.5699999999997,2053.5699999999997,2228,217,205,0.0,0,Commercial Description,Valid,0.0,Low,0.7085,Core Commercial Product
22308,TEA COSY BLUE STRIPE,2115.41,2049.11,683,220,216,-66.3,26,Commercial Description,Valid,0.0313,Low,0.643,Core Commercial Product
84990,60 GOLD AND SILVER FAIRY CAKE CASES,2062.1899999999996,2048.99,4248,213,207,-13.2,24,Commercial Description,Valid,0.0064,Low,0.7372,Core Commercial Product
23291,DOLLY GIRL CHILDRENS CUP,2059.0299999999997,2046.53,1634,199,198,-12.5,10,Commercial Description,Valid,0.0061,Low,0.6908,Core Commercial Product
22859,EASTER TIN BUNNY BOUQUET,2105.67,2042.97,1260,178,171,-62.7,38,Commercial Description,Valid,0.0298,Low,0.676,Core Commercial Product
22928,YELLOW GIANT GARDEN THERMOMETER,2077.02,2041.3200000000002,301,125,122,-35.7,6,Commercial Description,Valid,0.0172,Low,0.6045,Core Commercial Product
79323GR,GREEN CHERRY LIGHTS,3209.36,2040.8600000000001,532,123,123,-1168.5000000000002,194,Commercial Description,Valid,0.3641,Very High,0.6303,High Return Risk
84763,ZINC FINISH 15CM PLANTER POTS,2039.79,2039.79,1638,178,172,0.0,0,Commercial Description,Valid,0.0,Low,0.6905,Core Commercial Product
23500,KEY RING BASEBALL BOOT ASSORTED,2038.3300000000002,2038.33,1626,102,98,0.0,0,Commercial Description,Valid,0.0,Low,0.6899,Core Commercial Product
85016,SET OF 6 VINTAGE NOTELETS KIT,2056.16,2038.31,1688,174,171,-17.85,7,Commercial Description,Valid,0.0087,Low,0.6918,Core Commercial Product
20686,DOLLY MIXTURE CHILDREN'S UMBRELLA,2059.4400000000005,2034.44,602,199,194,-25.0,8,Commercial Description,Valid,0.0121,Low,0.6353,Core Commercial Product
22201,FRYING PAN BLUE POLKADOT,2042.8700000000001,2034.3700000000001,510,171,170,-8.5,2,Commercial Description,Valid,0.0042,Low,0.6282,Core Commercial Product
22400,MAGNETS PACK OF 4 HOME SWEET HOME,2064.56,2034.1699999999998,2462,240,236,-30.39,25,Commercial Description,Valid,0.0147,Low,0.713,Core Commercial Product
23251,VINTAGE RED ENAMEL TRIM MUG,2105.75,2033.25,1712,125,125,-72.5,58,Commercial Description,Valid,0.0344,Low,0.692,Core Commercial Product
22261,FELT EGG COSY WHITE RABBIT,2035.1599999999999,2031.76,2112,260,244,-3.4,4,Commercial Description,Valid,0.0017,Low,0.7033,Core Commercial Product
21657,MILK BOTTLE WITH GLASS STOPPER,2065.2099999999996,2030.46,270,127,122,-34.75,5,Commercial Description,Valid,0.0168,Low,0.5981,Core Commercial Product
21200,MULTICOLOUR HONEYCOMB PAPER GARLAND,2070.11,2029.51,1424,129,127,-40.6,28,Commercial Description,Valid,0.0196,Low,0.681,Core Commercial Product
21504,SKULLS GREETING CARD,2030.2199999999998,2025.18,4973,337,332,-5.04,12,Commercial Description,Valid,0.0025,Low,0.74,Core Commercial Product
21397,BLUE  SPOTTY EGG CUP,2039.4599999999996,2024.4599999999998,2171,185,182,-15.0,12,Commercial Description,Valid,0.0074,Low,0.7045,Core Commercial Product
22719,"GUMBALL COATHOOK., BLACK & WHITE",2056.1,2022.48,1516,265,253,-33.62,31,Commercial Description,Valid,0.0164,Low,0.6843,Core Commercial Product
23490,T-LIGHT HOLDER HANGING LOVE BIRD,2032.77,2021.52,542,102,102,-11.25,3,Commercial Description,Valid,0.0055,Low,0.629,Core Commercial Product
22799,SWEETHEART WIRE FRUIT BOWL,2029.3400000000001,2020.84,254,110,109,-8.5,1,Commercial Description,Valid,0.0042,Low,0.5949,Core Commercial Product
22405,MONEY BOX POCKET MONEY DESIGN,2033.3999999999996,2017.34,1672,230,219,-16.06,13,Commercial Description,Valid,0.0079,Low,0.6896,Core Commercial Product
47591C,BLUE FAIRY CAKE CHILD'S APRON,2012.43,2012.43,1051,164,164,0.0,0,Commercial Description,Valid,0.0,Low,0.6629,Core Commercial Product
23529,DOLLY GIRL WALL ART,2011.9900000000002,2011.9900000000002,637,37,37,0.0,0,Commercial Description,Valid,0.0,Low,0.6359,Core Commercial Product
22832,SWEETHEART WIRE WALL TIDY,2097.65,2011.65,191,93,90,-86.0,8,Commercial Description,Valid,0.041,Low,0.5836,Core Commercial Product
22520,CHILDS GARDEN TROWEL BLUE,2011.28,2009.58,2294,383,375,-1.7,2,Commercial Description,Valid,0.0008,Low,0.7067,Core Commercial Product
35953,FOLKART STAR CHRISTMAS DECORATIONS,2068.47,2008.47,3917,163,156,-60.0,48,Commercial Description,Valid,0.029,Low,0.731,Core Commercial Product
21612,SET 12 WILDFLOWER BOTANICAL T-LIGHT,2025.7700000000002,2008.0700000000002,698,116,115,-17.700000000000003,6,Commercial Description,Valid,0.0087,Low,0.6404,Core Commercial Product
21630,FLOOR CUSHION ELEPHANT CARNIVAL,2037.6000000000001,2001.8,167,103,99,-35.8,4,Commercial Description,Valid,0.0176,Low,0.5782,Core Commercial Product
23268,SET OF 2 CERAMIC CHRISTMAS REINDEER,2018.14,2000.74,1447,96,96,-17.4,12,Commercial Description,Valid,0.0086,Low,0.6804,Core Commercial Product
23274,STAR T-LIGHT HOLDER WILLIE WINKIE,2005.0,2000.05,1180,123,122,-4.949999999999999,3,Commercial Description,Valid,0.0025,Low,0.6688,Core Commercial Product
20846,ZINC HEART LATTICE T-LIGHT HOLDER,1999.4799999999998,1999.48,1470,177,169,0.0,0,Commercial Description,Valid,0.0,Low,0.6808,Core Commercial Product
23289,DOLLY GIRL CHILDRENS BOWL,2013.7,1998.7,1622,196,195,-15.0,12,Commercial Description,Valid,0.0074,Low,0.6863,Core Commercial Product
23315,IVORY REFECTORY CLOCK,2094.2400000000002,1996.4399999999998,213,87,87,-97.8,12,Commercial Description,Valid,0.0467,Low,0.586,Core Commercial Product
22068,BLACK PIRATE TREASURE CHEST,2015.8600000000001,1992.76,1124,290,279,-23.1,14,Commercial Description,Valid,0.0115,Low,0.6653,Core Commercial Product
22521,CHILDS GARDEN TROWEL PINK,1992.1000000000001,1990.3999999999999,2291,383,374,-1.7,2,Commercial Description,Valid,0.0009,Low,0.7052,Core Commercial Product
21389,IVORY HANGING DECORATION  BIRD,2011.4099999999999,1985.9099999999999,2301,276,267,-25.5,30,Commercial Description,Valid,0.0127,Low,0.7054,Core Commercial Product
22559,SEASIDE FRISBEE,1990.63,1985.63,1585,210,206,-5.0,4,Commercial Description,Valid,0.0025,Low,0.6843,Core Commercial Product
21695,SMALL SILVER FLOWER CANDLE POT,1987.58,1984.63,642,105,103,-2.95,1,Commercial Description,Valid,0.0015,Low,0.6342,Core Commercial Product
84872A,TEATIME FUNKY FLOWER BACKPACK FOR 2,1983.54,1983.54,177,108,108,0.0,0,Commercial Description,Valid,0.0,Low,0.5791,Core Commercial Product
23357,HOT WATER BOTTLE SEX BOMB,1982.0500000000002,1982.05,450,103,102,0.0,0,Commercial Description,Valid,0.0,Low,0.6187,Core Commercial Product
22496,SET OF 2 ROUND TINS DUTCH CHEESE,1999.04,1981.3400000000001,732,198,196,-17.700000000000003,6,Commercial Description,Valid,0.0089,Low,0.6409,Core Commercial Product
21348,PINK SPOTS CHOCOLATE NESTING BOXES,2030.8400000000001,1976.5900000000001,842,141,140,-54.25000000000001,31,Commercial Description,Valid,0.0267,Low,0.6476,Core Commercial Product
20871,OPULENT VELVET SET/3 CANDLES,1978.0499999999997,1973.85,1273,132,130,-4.2,2,Commercial Description,Valid,0.0021,Low,0.6713,Core Commercial Product
35971,ROSE FOLKART HEART DECORATIONS,1994.02,1972.77,1997,233,219,-21.25,17,Commercial Description,Valid,0.0107,Low,0.6963,Core Commercial Product
22599,CHRISTMAS MUSICAL ZINC STAR,1991.2900000000002,1970.8899999999999,3135,195,190,-20.4,24,Commercial Description,Valid,0.0102,Low,0.7193,Core Commercial Product
84676,BATH DUCK WATERING CAN,2102.4599999999996,1969.91,848,121,121,-132.55,49,Commercial Description,Valid,0.063,Moderate,0.6474,Monitor Return Risk
21629,SQUARE FLOOR CUSHION VINTAGE PINK,1977.27,1969.32,179,108,106,-7.95,1,Commercial Description,Valid,0.004,Low,0.5785,Core Commercial Product
23145,ZINC T-LIGHT HOLDER STAR LARGE,1979.4800000000005,1969.03,2084,172,171,-10.45,11,Commercial Description,Valid,0.0053,Low,0.6981,Core Commercial Product
85231B,CINAMMON SET OF 9 T-LIGHTS,1977.3799999999997,1968.03,2153,410,385,-9.35,11,Commercial Description,Valid,0.0047,Low,0.6996,Core Commercial Product
23068,ALUMINIUM STAMPED HEART,1966.9300000000003,1966.93,809,138,136,0.0,0,Commercial Description,Valid,0.0,Low,0.6445,Core Commercial Product
22098,BOUDOIR SQUARE TISSUE BOX,1998.37,1963.26,2894,337,316,-35.11,79,Commercial Description,Valid,0.0176,Low,0.7157,Core Commercial Product
22262,FELT EGG COSY CHICKEN,1975.31,1960.86,2045,330,309,-14.45,17,Commercial Description,Valid,0.0073,Low,0.6966,Core Commercial Product
79160,HEART SHAPE WIRELESS DOORBELL,2004.57,1960.47,959,233,222,-44.1,21,Commercial Description,Valid,0.022,Low,0.6528,Core Commercial Product
22343,PARTY PIZZA DISH RED WHITE SPOT,1995.9399999999996,1960.24,3309,192,190,-35.7,42,Commercial Description,Valid,0.0179,Low,0.7201,Core Commercial Product
22614,PACK OF 12 SPACEBOY TISSUES,2002.2599999999998,1959.9899999999998,5878,389,374,-42.269999999999996,133,Commercial Description,Valid,0.0211,Low,0.7406,Core Commercial Product
22211,WOOD STAMP SET FLOWERS,2028.95,1957.7,1535,302,293,-71.25,49,Commercial Description,Valid,0.0351,Low,0.68,Core Commercial Product
21991,BOHEMIAN COLLAGE STATIONERY SET,1966.0700000000002,1951.07,1118,302,290,-15.0,12,Commercial Description,Valid,0.0076,Low,0.6619,Core Commercial Product
22438,BALLOON ART MAKE YOUR OWN FLOWERS,1950.27,1950.27,1478,184,170,0.0,0,Commercial Description,Valid,0.0,Low,0.6777,Core Commercial Product
23374,RED SPOT PAPER GIFT BAG,1962.83,1949.7099999999998,2456,134,134,-13.12,16,Commercial Description,Valid,0.0067,Low,0.7066,Core Commercial Product
22753,SMALL YELLOW BABUSHKA NOTEBOOK,1950.55,1940.35,2365,426,407,-10.2,12,Commercial Description,Valid,0.0052,Low,0.704,Core Commercial Product
84581,DOG TOY WITH PINK CROCHET SKIRT,1940.15,1940.15,511,243,236,0.0,0,Commercial Description,Valid,0.0,Low,0.6217,Core Commercial Product
22565,FELTCRAFT HAIRBANDS PINK + WHITE,1936.96,1936.11,2125,292,279,-0.85,1,Commercial Description,Valid,0.0004,Low,0.6974,Core Commercial Product
21538,DAIRY MAID  PUDDING BOWL,1943.26,1935.76,1313,57,55,-7.5,2,Commercial Description,Valid,0.0039,Low,0.6701,Core Commercial Product
22210,WOOD STAMP SET BEST WISHES,1949.6899999999998,1924.94,1615,304,290,-24.75,15,Commercial Description,Valid,0.0127,Low,0.6817,Core Commercial Product
22204,MILK PAN BLUE RETROSPOT,1974.29,1921.79,537,175,174,-52.5,14,Commercial Description,Valid,0.0266,Low,0.6226,Core Commercial Product
21692,SILVER LATTICE VANILLA CANDLE POT,1936.6200000000001,1921.62,510,127,114,-15.0,4,Commercial Description,Valid,0.0077,Low,0.6209,Core Commercial Product
20716,PARTY FOOD SHOPPER BAG,1933.81,1920.06,1538,257,250,-13.75,11,Commercial Description,Valid,0.0071,Low,0.6788,Core Commercial Product
85217,ASSORTED ICE CREAM FRIDGE MAGNETS,1981.85,1919.45,2869,172,171,-62.4,96,Commercial Description,Valid,0.0315,Low,0.7131,Core Commercial Product
84459A,PINK METAL CHICKEN HEART,2061.85,1918.81,1269,213,206,-143.04,96,Commercial Description,Valid,0.0694,Moderate,0.6676,Monitor Return Risk
22513,DOORSTOP FOOTBALL DESIGN,1917.32,1917.32,590,175,172,0.0,0,Commercial Description,Valid,0.0,Low,0.6265,Core Commercial Product
22985,"WRAP, BILLBOARD FONTS DESIGN",1916.24,1916.24,4772,138,136,0.0,0,Commercial Description,Valid,0.0,Low,0.7313,Core Commercial Product
85185B,PINK HORSE SOCK PUPPET,1917.2600000000007,1914.3100000000002,613,201,187,-2.95,1,Commercial Description,Valid,0.0015,Low,0.6282,Core Commercial Product
23235,STORAGE TIN VINTAGE LEAF,1950.6599999999996,1910.2,736,112,112,-40.46,14,Commercial Description,Valid,0.0207,Low,0.637,Core Commercial Product
22363,temp,2309.3,1908.9,782,191,187,-400.40000000000003,152,Commercial Description,Valid,0.1734,High,0.6399,High Return Risk
22932,BAKING MOULD TOFFEE CUP CHOCOLATE,2169.9300000000003,1907.13,963,77,74,-262.8,120,Commercial Description,Valid,0.1211,Moderate,0.6503,Monitor Return Risk
21773,DECORATIVE ROSE BATHROOM BOTTLE,1936.9899999999998,1905.74,1663,320,311,-31.25,25,Commercial Description,Valid,0.0161,Low,0.6821,Core Commercial Product
85162B,BLACK RETRODISC LAMPSHADE,1905.15,1905.15,977,14,14,0.0,0,Commercial Description,Valid,0.0,Low,0.6511,Core Commercial Product
79341,WILLOW BRANCH LIGHTS.,4423.69,1904.09,725,106,104,-2519.6,448,Commercial Description,Valid,0.5696,Very High,0.6353,High Return Risk
21983,PACK OF 12 BLUE PAISLEY TISSUES,1924.72,1903.84,6272,340,327,-20.879999999999995,72,Commercial Description,Valid,0.0108,Low,0.7393,Core Commercial Product
21043,APRON MODERN VINTAGE COTTON,1921.0299999999997,1903.18,677,144,144,-17.85,3,Commercial Description,Valid,0.0093,Low,0.6318,Core Commercial Product
20984,12 PENCILS TALL TUBE POSY,1947.7599999999998,1902.9999999999998,5875,260,251,-44.760000000000005,216,Commercial Description,Valid,0.023,Low,0.7371,Core Commercial Product
23094,LE GRAND TRAY CHIC SET,1924.92,1899.92,152,81,81,-25.0,2,Commercial Description,Valid,0.013,Low,0.5685,Core Commercial Product
22587,"FELTCRAFT HAIRBAND, S/2, RED/BLUE",1899.6799999999998,1899.6799999999998,2177,329,309,0.0,0,Commercial Description,Valid,0.0,Low,0.6959,Core Commercial Product
84519B,CARROT CHARLIE+LOLA COASTER SET,1901.27,1898.3200000000002,869,217,215,-2.95,1,Commercial Description,Valid,0.0016,Low,0.6437,Core Commercial Product
20684,STRAWBERRY DREAM CHILDS UMBRELLA,1933.62,1897.12,584,190,184,-36.5,12,Commercial Description,Valid,0.0189,Low,0.6239,Core Commercial Product
21647,ASSORTED TUTTI FRUTTI LARGE PURSE,1903.4800000000002,1895.0800000000002,850,154,148,-8.4,4,Commercial Description,Valid,0.0044,Low,0.6424,Core Commercial Product
21287,SCENTED VELVET LOUNGE CANDLE,1893.75,1893.75,4134,96,93,0.0,0,Commercial Description,Valid,0.0,Low,0.725,Core Commercial Product
22522,CHILDS GARDEN FORK BLUE,1905.81,1893.06,2239,343,338,-12.75,15,Commercial Description,Valid,0.0067,Low,0.6972,Core Commercial Product
21445,12 PINK ROSE PEG PLACE SETTINGS,1907.2300000000002,1892.23,1535,154,152,-15.0,12,Commercial Description,Valid,0.0079,Low,0.6756,Core Commercial Product
16016,LARGE CHINESE STYLE SCISSOR,1891.1,1891.1,2338,110,106,0.0,0,Commercial Description,Valid,0.0,Low,0.6993,Core Commercial Product
40001,WHITE BAMBOO RIBS LAMPSHADE,1920.8799999999999,1890.8,2492,138,133,-30.080000000000005,47,Commercial Description,Valid,0.0157,Low,0.7032,Core Commercial Product
21581,SKULLS  DESIGN  COTTON TOTE BAG,1935.17,1890.17,1188,216,205,-45.0,20,Commercial Description,Valid,0.0233,Low,0.6609,Core Commercial Product
46775D,SUNSET COLOUR CHUNKY KNITTED THROW,1949.21,1889.9099999999999,154,103,102,-59.3,4,Commercial Description,Valid,0.0304,Low,0.5672,Core Commercial Product
23491,VINTAGE JINGLE BELLS HEART,1897.76,1889.51,228,80,79,-8.25,1,Commercial Description,Valid,0.0043,Low,0.5807,Core Commercial Product
23358,HOT STUFF HOT WATER BOTTLE,2008.3799999999999,1882.44,594,91,91,-125.94,38,Commercial Description,Valid,0.0627,Moderate,0.6235,Monitor Return Risk
22678,"FRENCH BLUE METAL DOOR SIGN, 3",1895.59,1881.84,1410,264,257,-13.75,11,Commercial Description,Valid,0.0073,Low,0.6696,Core Commercial Product
22307,GOLD MUG BONE CHINA TREE OF LIFE,1930.48,1880.68,1266,133,126,-49.800000000000004,41,Commercial Description,Valid,0.0258,Low,0.6638,Core Commercial Product
21677,HEARTS  STICKERS,1909.21,1878.61,2176,291,282,-30.599999999999998,36,Commercial Description,Valid,0.016,Low,0.6939,Core Commercial Product
23394,POSTE FRANCE CUSHION COVER,1877.6499999999999,1877.65,435,152,150,0.0,0,Commercial Description,Valid,0.0,Low,0.6092,Core Commercial Product
21894,POTTING SHED SEED ENVELOPES,1877.47,1877.47,1345,258,248,0.0,0,Commercial Description,Valid,0.0,Low,0.6662,Core Commercial Product
23434,3 RAFFIA RIBBONS 50'S CHRISTMAS,1884.17,1876.27,2095,201,200,-7.9,10,Commercial Description,Valid,0.0042,Low,0.6915,Core Commercial Product
84856S,SMALL TAHITI BEACH BAG,1877.2099999999996,1873.3999999999999,467,36,36,-3.81,1,Commercial Description,Valid,0.002,Low,0.612,Core Commercial Product
85103,SILVER T-LIGHT SETTING,2153.4300000000003,1873.33,317,93,93,-280.1,46,Commercial Description,Valid,0.1301,Moderate,0.5941,Monitor Return Risk
21613,S/12 VANILLA  BOTANICAL T-LIGHTS,1873.2500000000002,1873.2500000000002,636,150,146,0.0,0,Commercial Description,Valid,0.0,Low,0.6251,Core Commercial Product
21085,SET/6 WOODLAND PAPER CUPS,1872.68,1872.68,13731,70,68,0.0,0,Commercial Description,Valid,0.0,Low,0.7521,Core Commercial Product
21547,CERAMIC BIRDHOUSE CRESTED TIT SMALL,1877.9800000000002,1872.0800000000002,728,126,121,-5.9,2,Commercial Description,Valid,0.0031,Low,0.632,Core Commercial Product
22523,CHILDS GARDEN FORK PINK,1884.8,1872.05,2185,365,357,-12.75,15,Commercial Description,Valid,0.0068,Low,0.693,Core Commercial Product
21091,SET/6 WOODLAND PAPER PLATES,1868.7,1868.7,13700,49,48,0.0,0,Commercial Description,Valid,0.0,Low,0.7516,Core Commercial Product
21241,GREEN SPOTTY CUP,1869.07,1868.22,2213,263,262,-0.85,1,Commercial Description,Valid,0.0005,Low,0.6935,Core Commercial Product
21687,SILVER PLATE CANDLE BOWL LARGE,1871.23,1867.48,477,109,104,-3.75,1,Commercial Description,Valid,0.002,Low,0.612,Core Commercial Product
23359,SET OF 12 T-LIGHTS VINTAGE DOILEY,1866.4599999999998,1866.4599999999998,990,79,79,0.0,0,Commercial Description,Valid,0.0,Low,0.6472,Core Commercial Product
23090,VINTAGE GLASS T-LIGHT HOLDER,1870.0300000000002,1862.5600000000002,2237,154,151,-7.47,9,Commercial Description,Valid,0.004,Low,0.6939,Core Commercial Product
22858,EASTER TIN KEEPSAKE,1877.3400000000001,1860.84,1135,143,142,-16.5,10,Commercial Description,Valid,0.0088,Low,0.6553,Core Commercial Product
79302M,"ART LIGHTS,FUNK MONKEY",1860.6000000000001,1857.65,654,117,110,-2.95,1,Commercial Description,Valid,0.0016,Low,0.6254,Core Commercial Product
20703,BLUE PADDED SOFT MOBILE,1993.47,1857.47,471,186,185,-136.0,32,Commercial Description,Valid,0.0682,Moderate,0.6105,Monitor Return Risk
21394,RED SPOTTY BEAKER,1864.6299999999999,1856.05,4005,157,157,-8.58,22,Commercial Description,Valid,0.0046,Low,0.72,Core Commercial Product
21841,BABY MOUSE RED GINGHAM DRESS,1857.4700000000003,1844.72,437,139,137,-12.75,3,Commercial Description,Valid,0.0069,Low,0.607,Core Commercial Product
21761,WOOD AND GLASS MEDICINE CABINET,1874.65,1844.7,67,29,27,-29.95,1,Commercial Description,Valid,0.016,Low,0.5392,Core Commercial Product
21618,4 WILDFLOWER BOTANICAL CANDLES,1842.6100000000001,1842.61,702,150,141,0.0,0,Commercial Description,Valid,0.0,Low,0.6286,Core Commercial Product
85162C,WHITE RETRODISC LAMPSHADE,1841.6999999999998,1841.7,904,48,48,0.0,0,Commercial Description,Valid,0.0,Low,0.641,Core Commercial Product
23525,BUFFALO BILL WALL ART,1863.8200000000002,1841.3200000000002,582,54,54,-22.5,6,Commercial Description,Valid,0.0121,Low,0.6191,Core Commercial Product
23378,PACK OF 12 50'S CHRISTMAS TISSUES,1840.08,1840.08,3997,183,176,0.0,0,Commercial Description,Valid,0.0,Low,0.7191,Core Commercial Product
16169E,WRAP 50'S  CHRISTMAS,1892.46,1839.96,4563,153,152,-52.5,125,Commercial Description,Valid,0.0277,Low,0.7231,Core Commercial Product
22317,FIVE CATS HANGING DECORATION,1839.46,1839.4600000000003,589,169,167,0.0,0,Commercial Description,Valid,0.0,Low,0.6192,Core Commercial Product
84006,MAGIC TREE -PAPER FLOWERS,1842.75,1838.5,1962,226,214,-4.25,5,Commercial Description,Valid,0.0023,Low,0.6847,Core Commercial Product
22686,"FRENCH BLUE METAL DOOR SIGN, No",1864.9099999999999,1834.91,1410,234,230,-30.0,24,Commercial Description,Valid,0.0161,Low,0.6656,Core Commercial Product
21659,GLASS CAKE STAND,1891.7,1831.8999999999999,120,72,72,-59.8,4,Commercial Description,Valid,0.0316,Low,0.5552,Core Commercial Product
70007,HI TEC ALPINE HAND WARMER,1848.62,1828.82,1365,227,206,-19.8,12,Commercial Description,Valid,0.0107,Low,0.6638,Core Commercial Product
85173,SET/6 FROG PRINCE T-LIGHT CANDLES,1841.25,1828.5,1021,155,151,-12.75,5,Commercial Description,Valid,0.0069,Low,0.6471,Core Commercial Product
22324,BLUE POLKADOT KIDS BAG,1841.5099999999998,1825.9099999999999,681,159,153,-15.6,8,Commercial Description,Valid,0.0085,Low,0.6256,Core Commercial Product
21391,FRENCH EMROIDR LAVENDER SCENT HEART,1828.73,1822.43,1421,184,178,-6.300000000000001,3,Commercial Description,Valid,0.0034,Low,0.6655,Core Commercial Product
23075,DOUBLE CERAMIC PARLOUR HOOK,1960.3000000000002,1819.2,472,86,86,-141.10000000000002,34,Commercial Description,Valid,0.072,Moderate,0.6084,Monitor Return Risk
22535,MAGIC DRAWING SLATE BUNNIES,1865.86,1815.46,4461,309,302,-50.400000000000006,120,Commercial Description,Valid,0.027,Low,0.7213,Core Commercial Product
22533,MAGIC DRAWING SLATE BAKE A CAKE,1844.7600000000002,1814.52,4670,250,235,-30.240000000000002,72,Commercial Description,Valid,0.0164,Low,0.7224,Core Commercial Product
84327A,PINK JUMPER LARRY THE LAMB,1820.27,1813.51,959,125,125,-6.76,4,Commercial Description,Valid,0.0037,Low,0.642,Core Commercial Product
85164B,BLACK BAROQUE CUCKOO CLOCK,1825.18,1812.4299999999998,140,68,68,-12.75,1,Commercial Description,Valid,0.007,Low,0.5586,Core Commercial Product
84797B,BLUE SAVANNAH PICNIC HAMPER FOR 4,1845.2000000000003,1811.3000000000002,323,37,37,-33.9,2,Commercial Description,Valid,0.0184,Low,0.5905,Core Commercial Product
22680,"FRENCH BLUE METAL DOOR SIGN, 5",1847.95,1810.45,1378,243,238,-37.5,30,Commercial Description,Valid,0.0203,Low,0.6628,Core Commercial Product
23228,FILIGREE HEART BIRD WHITE,1960.0000000000002,1810.24,1492,127,126,-149.76,144,Commercial Description,Valid,0.0764,Moderate,0.6675,Monitor Return Risk
21384,IVORY HANGING DECORATION  BUTTERFLY,1810.19,1810.1899999999998,1917,155,153,0.0,0,Commercial Description,Valid,0.0,Low,0.6816,Core Commercial Product
22586,FELTCRAFT HAIRBAND PINK AND BLUE,1848.94,1808.1399999999999,2122,314,298,-40.800000000000004,48,Commercial Description,Valid,0.0221,Low,0.6869,Core Commercial Product
23148,MINIATURE ANTIQUE ROSE HOOK IVORY,1816.3100000000002,1805.5200000000002,2139,261,254,-10.79,13,Commercial Description,Valid,0.0059,Low,0.6871,Core Commercial Product
47566b,TEA TIME PARTY BUNTING,1803.6099999999997,1803.61,217,116,113,0.0,0,Commercial Description,Valid,0.0,Low,0.5723,Core Commercial Product
21096,SET/6 FRUIT SALAD  PAPER PLATES,2711.71,1800.6699999999998,15919,144,144,-911.04,7008,Commercial Description,Valid,0.336,Very High,0.7487,High Return Risk
21161,KEEP OUT BOYS DOOR HANGER,1843.2200000000003,1795.56,2383,223,212,-47.66,86,Commercial Description,Valid,0.0259,Low,0.6934,Core Commercial Product
72816,SET/3 CHRISTMAS DECOUPAGE CANDLES,1823.8400000000001,1793.84,1454,154,139,-30.0,24,Commercial Description,Valid,0.0164,Low,0.6653,Core Commercial Product
21158,MOODY GIRL DOOR HANGER,1827.85,1789.6799999999998,2606,331,313,-38.17,97,Commercial Description,Valid,0.0209,Low,0.6984,Core Commercial Product
22422,TOOTHPASTE TUBE PEN,1803.9900000000002,1788.39,2785,376,355,-15.6,24,Commercial Description,Valid,0.0086,Low,0.7011,Core Commercial Product
22975,SPACEBOY CHILDRENS EGG CUP,1788.5099999999998,1787.26,1322,211,194,-1.25,1,Commercial Description,Valid,0.0007,Low,0.6592,Core Commercial Product
47591B,SCOTTIES DES CHILD'S APRON,1787.2499999999998,1787.25,1109,297,284,0.0,0,Commercial Description,Valid,0.0,Low,0.6492,Core Commercial Product
23160,REGENCY TEA SPOON,1794.4800000000002,1786.98,1450,78,78,-7.5,6,Commercial Description,Valid,0.0042,Low,0.6645,Core Commercial Product
37343,SPOTS DESIGN MUG W PINK INSIDE,1782.2,1782.2,1123,109,106,0.0,0,Commercial Description,Valid,0.0,Low,0.6496,Core Commercial Product
84748,FOLK FELT HANGING MULTICOL GARLAND,1781.1200000000001,1781.1200000000001,1170,95,94,0.0,0,Commercial Description,Valid,0.0,Low,0.652,Core Commercial Product
23317,BLUE REFECTORY CLOCK,1777.46,1777.46,173,82,82,0.0,0,Commercial Description,Valid,0.0,Low,0.5631,Core Commercial Product
23155,KNICKERBOCKERGLORY MAGNET ASSORTED,1904.7700000000002,1775.0600000000002,2221,150,150,-129.71000000000004,169,Commercial Description,Valid,0.0681,Moderate,0.6877,Monitor Return Risk
21294,ETCHED GLASS COASTER,1773.75,1773.75,2342,146,142,0.0,0,Commercial Description,Valid,0.0,Low,0.6907,Core Commercial Product
21357,TOAST ITS - DINOSAUR,1832.76,1772.76,1392,224,216,-60.0,48,Commercial Description,Valid,0.0327,Low,0.6608,Core Commercial Product
22546,MINI JIGSAW FIDO,1765.9,1765.48,4381,185,182,-0.42,1,Commercial Description,Valid,0.0002,Low,0.7173,Core Commercial Product
21529,RETRO SPOT CERAMIC TOASTRACK,1790.44,1762.8400000000001,503,159,159,-27.599999999999998,8,Commercial Description,Valid,0.0154,Low,0.6079,Core Commercial Product
21000,ROSE DU SUD COSMETICS BAG,1762.6699999999996,1762.67,695,100,95,0.0,0,Commercial Description,Valid,0.0,Low,0.6226,Core Commercial Product
85127,SMALL SQUARE CUT GLASS CANDLESTICK,1785.4600000000005,1760.71,289,90,84,-24.75,5,Commercial Description,Valid,0.0139,Low,0.5817,Core Commercial Product
10125,MINI FUNKY DESIGN TAPES,1755.65,1755.65,2148,178,167,0.0,0,Commercial Description,Valid,0.0,Low,0.6847,Core Commercial Product
84507B,STRIPES DESIGN MONKEY DOLL,1764.03,1752.98,1349,121,120,-11.05,7,Commercial Description,Valid,0.0063,Low,0.6582,Core Commercial Product
21662,VINTAGE GLASS COFFEE CADDY,1776.6100000000006,1752.8100000000002,273,117,113,-23.8,4,Commercial Description,Valid,0.0134,Low,0.5789,Core Commercial Product
21189,WHITE HONEYCOMB PAPER GARLAND,1752.6399999999999,1752.64,813,130,123,0.0,0,Commercial Description,Valid,0.0,Low,0.6296,Core Commercial Product
22446,PIN CUSHION RUSSIAN DOLL PINK,1772.0300000000002,1751.93,624,193,188,-20.1,6,Commercial Description,Valid,0.0113,Low,0.6163,Core Commercial Product
20729,RED SPOTTY CANDY BAG,1778.1200000000001,1750.62,5262,126,126,-27.5,22,Commercial Description,Valid,0.0155,Low,0.7224,Core Commercial Product
21780,MA CAMPAGNE 4 DRAWER WALL SHELF,1745.85,1745.8500000000001,203,33,33,0.0,0,Commercial Description,Valid,0.0,Low,0.5663,Core Commercial Product
23399,HOME SWEET HOME HANGING HEART,1745.5500000000002,1745.55,1914,234,225,0.0,0,Commercial Description,Valid,0.0,Low,0.6778,Core Commercial Product
21163,DO NOT TOUCH MY STUFF DOOR HANGER,1788.3,1742.29,2817,274,257,-46.01,85,Commercial Description,Valid,0.0257,Low,0.6989,Core Commercial Product
22209,WOOD STAMP SET HAPPY BIRTHDAY,1777.1000000000001,1740.74,1428,264,260,-36.36,28,Commercial Description,Valid,0.0205,Low,0.6605,Core Commercial Product
23101,SILVER STARS TABLE DECORATION,1739.63,1739.63,2031,214,213,0.0,0,Commercial Description,Valid,0.0,Low,0.6804,Core Commercial Product
23096,PETIT TRAY CHIC,1736.6899999999998,1736.69,1033,146,146,0.0,0,Commercial Description,Valid,0.0,Low,0.642,Core Commercial Product
21548,CERAMIC BIRDHOUSE FINCH BLUE ROOF,1776.1200000000003,1731.8700000000001,682,113,112,-44.25,15,Commercial Description,Valid,0.0249,Low,0.6199,Core Commercial Product
85232A,SET/3 POLKA DOT STACKING TINS,1889.88,1731.48,375,156,155,-158.4,32,Commercial Description,Valid,0.0838,Moderate,0.5924,Monitor Return Risk
84843,WHITE SOAP RACK WITH 2 BOTTLES,1742.9600000000003,1731.06,282,114,112,-11.9,2,Commercial Description,Valid,0.0068,Low,0.5786,Core Commercial Product
23372,SET 36 COLOUR PENCILS DOLLY GIRL,1750.29,1730.29,1389,152,148,-20.0,16,Commercial Description,Valid,0.0114,Low,0.658,Core Commercial Product
20767,BLUE PAISLEY JOURNAL,1746.7099999999998,1728.8600000000001,814,183,181,-17.85,7,Commercial Description,Valid,0.0102,Low,0.628,Core Commercial Product
22770,MIRROR CORNICE,1829.52,1724.87,114,79,77,-104.65,7,Commercial Description,Valid,0.0572,Moderate,0.5465,Monitor Return Risk
23122,PARTY CHARMS 50 PIECES,1726.0900000000001,1723.6000000000001,2251,138,135,-2.4899999999999998,3,Commercial Description,Valid,0.0014,Low,0.6854,Core Commercial Product
22026,BANQUET BIRTHDAY  CARD,1728.4,1723.3600000000001,4054,370,367,-5.04,12,Commercial Description,Valid,0.0029,Low,0.7119,Core Commercial Product
21637,ASSORTED SANSKRIT MINI NOTEBOOK,1741.7200000000003,1719.22,1358,95,95,-22.5,18,Commercial Description,Valid,0.0129,Low,0.6563,Core Commercial Product
21205,MULTICOLOUR 3D BALLS GARLAND,1772.3899999999999,1718.84,677,157,148,-53.550000000000004,21,Commercial Description,Valid,0.0302,Low,0.6182,Core Commercial Product
22035,VINTAGE CARAVAN GREETING CARD,1737.9799999999998,1717.4,4097,372,368,-20.580000000000002,49,Commercial Description,Valid,0.0118,Low,0.712,Core Commercial Product
22254,FELT TOADSTOOL LARGE,1807.21,1717.21,1410,158,155,-90.0,72,Commercial Description,Valid,0.0498,Low,0.6579,Core Commercial Product
23244,ROUND STORAGE TIN VINTAGE LEAF,1733.9799999999996,1717.03,936,117,117,-16.95,9,Commercial Description,Valid,0.0098,Low,0.6336,Core Commercial Product
21090,SET/6 COLLAGE PAPER PLATES,1730.79,1716.75,3109,284,282,-14.04,36,Commercial Description,Valid,0.0081,Low,0.7003,Core Commercial Product
21895,POTTING SHED SOW 'N' GROW SET,1731.35,1714.35,557,91,88,-17.0,4,Commercial Description,Valid,0.0098,Low,0.6081,Core Commercial Product
21652,GLASS ETCHED T-LIGHT HOLDER MEDIUM,1747.9400000000005,1706.99,896,84,83,-40.949999999999996,21,Commercial Description,Valid,0.0234,Low,0.6313,Core Commercial Product
22516,CHILDS GARDEN RAKE BLUE,1711.12,1704.82,842,170,164,-6.300000000000001,3,Commercial Description,Valid,0.0037,Low,0.6281,Core Commercial Product
84535B,FAIRY CAKES NOTEBOOK A6 SIZE,1766.5300000000002,1704.78,2711,345,331,-61.75,95,Commercial Description,Valid,0.035,Low,0.6939,Core Commercial Product
20990,SPRING FLOWER CHOPSTICKS SET/5,1706.1399999999999,1704.19,895,109,106,-1.95,1,Commercial Description,Valid,0.0011,Low,0.6308,Core Commercial Product
21251,DINOSAUR HEIGHT CHART STICKER SET,1701.6600000000003,1701.66,598,134,132,0.0,0,Commercial Description,Valid,0.0,Low,0.6108,Core Commercial Product
23181,BULL DOG BOTTLE TOP WALL CLOCK,1733.5700000000002,1700.57,201,86,86,-33.0,4,Commercial Description,Valid,0.019,Low,0.5627,Core Commercial Product
20996,JAZZ HEARTS ADDRESS BOOK,1705.2800000000002,1699.4,6337,343,336,-5.88,14,Commercial Description,Valid,0.0034,Low,0.7246,Core Commercial Product
72817,SET/2 CHRISTMAS DECOUPAGE CANDLES,1729.1,1699.1,1590,234,219,-30.0,24,Commercial Description,Valid,0.0174,Low,0.6636,Core Commercial Product
22934,BAKING MOULD EASTER EGG WHITE CHOC,1707.4700000000003,1698.6200000000001,589,79,79,-8.850000000000001,3,Commercial Description,Valid,0.0052,Low,0.6096,Core Commercial Product
85060,WOOD FAN WITH FLOWER DESIGN,1745.6200000000001,1698.12,1448,95,94,-47.5,38,Commercial Description,Valid,0.0272,Low,0.6582,Core Commercial Product
84795A,PASTEL STRIPE HAMMOCK,1696.0200000000002,1696.02,208,74,73,0.0,0,Commercial Description,Valid,0.0,Low,0.5631,Core Commercial Product
23214,JINGLE BELL HEART ANTIQUE GOLD,1695.04,1695.04,789,104,103,0.0,0,Commercial Description,Valid,0.0,Low,0.6236,Core Commercial Product
85014C,BLUE/BROWN DOTS RUFFLED UMBRELLA,2270.73,1694.73,547,76,76,-576.0,192,Commercial Description,Valid,0.2537,High,0.6054,High Return Risk
23073,GEORGIAN TRINKET BOX,1706.5,1694.0,143,62,62,-12.5,1,Commercial Description,Valid,0.0073,Low,0.5507,Core Commercial Product
22706,WRAP COWBOYS,1714.24,1693.24,4272,129,127,-21.0,50,Commercial Description,Valid,0.0123,Low,0.7107,Core Commercial Product
21576,LETS GO SHOPPING COTTON TOTE BAG,1711.5,1691.25,742,213,208,-20.25,9,Commercial Description,Valid,0.0118,Low,0.6202,Core Commercial Product
22679,"FRENCH BLUE METAL DOOR SIGN, 4",1699.44,1686.94,1265,241,238,-12.5,10,Commercial Description,Valid,0.0074,Low,0.6494,Core Commercial Product
37342,SPOTTY COFFEE CUP & SAUCER,1731.4,1685.72,1629,137,136,-45.68,56,Commercial Description,Valid,0.0264,Low,0.6638,Core Commercial Product
82615,PINK MARSHMALLOW SCARF KNITTING KIT,1695.77,1684.77,618,95,94,-11.0,4,Commercial Description,Valid,0.0065,Low,0.6105,Core Commercial Product
21446,12 RED ROSE PEG PLACE SETTINGS,1683.61,1683.61,1266,247,233,0.0,0,Commercial Description,Valid,0.0,Low,0.6491,Core Commercial Product
85039A,SET/4 RED MINI ROSE CANDLE IN BOWL,1687.9299999999998,1682.98,1464,260,253,-4.949999999999999,3,Commercial Description,Valid,0.0029,Low,0.6571,Core Commercial Product
18098c,PORCELAIN BUTTERFLY OIL BURNER,1682.0099999999998,1682.01,332,142,135,0.0,0,Commercial Description,Valid,0.0,Low,0.5825,Core Commercial Product
17129F,DEEP BLUE GLASS GEMS IN BAG,1691.22,1679.56,1584,153,149,-11.66,8,Commercial Description,Valid,0.0069,Low,0.6613,Core Commercial Product
21927,BLUE/CREAM STRIPE CUSHION COVER,1758.24,1676.99,1284,207,205,-81.25,65,Commercial Description,Valid,0.0462,Low,0.6495,Core Commercial Product
21157,RED SPOTTY WASHBAG,1688.4499999999998,1675.85,713,187,178,-12.6,6,Commercial Description,Valid,0.0075,Low,0.6167,Core Commercial Product
46776F,WOVEN ROSE GARDEN CUSHION COVER,1675.73,1675.73,487,157,157,0.0,0,Commercial Description,Valid,0.0,Low,0.5993,Core Commercial Product
23368,SET 12 COLOUR PENCILS DOLLY GIRL,1679.5500000000002,1675.65,2379,238,234,-3.9,6,Commercial Description,Valid,0.0023,Low,0.684,Core Commercial Product
85131A,BEADED PEARL HEART WHITE ON STICK,1686.8799999999999,1674.36,2082,208,203,-12.52,14,Commercial Description,Valid,0.0074,Low,0.6759,Core Commercial Product
35809A,ENAMEL PINK TEA CONTAINER,1670.99,1670.99,1138,180,178,0.0,0,Commercial Description,Valid,0.0,Low,0.6418,Core Commercial Product
85049a,TRADITIONAL CHRISTMAS RIBBONS,1669.64,1669.64,499,53,51,0.0,0,Commercial Description,Valid,0.0,Low,0.5998,Core Commercial Product
21382,SET/4 SPRING FLOWER DECORATION,1674.5100000000002,1668.51,1241,156,154,-6.0,8,Commercial Description,Valid,0.0036,Low,0.6464,Core Commercial Product
23366,SET 12 COLOURING PENCILS DOILY,1667.95,1667.95,2249,198,195,0.0,0,Commercial Description,Valid,0.0,Low,0.68,Core Commercial Product
84913B,MINT GREEN ROSE TOWEL,1672.3700000000001,1667.72,442,211,201,-4.65,1,Commercial Description,Valid,0.0028,Low,0.5939,Core Commercial Product
21694,SMALL REGAL  SILVER CANDLEPOT,1663.96,1663.9600000000003,580,73,70,0.0,0,Commercial Description,Valid,0.0,Low,0.6056,Core Commercial Product
22323,PINK POLKADOT KIDS BAG,1683.3100000000002,1659.91,635,123,122,-23.4,12,Commercial Description,Valid,0.0139,Low,0.6093,Core Commercial Product
22319,HAIRCLIPS FORTIES FABRIC ASSORTED,1705.84,1655.79,2999,183,182,-50.05,77,Commercial Description,Valid,0.0293,Low,0.6944,Core Commercial Product
22410,MONEY BOX HOUSEKEEPING DESIGN,1667.4599999999998,1652.46,1363,199,199,-15.0,12,Commercial Description,Valid,0.009,Low,0.6508,Core Commercial Product
23505,PLAYING CARDS I LOVE LONDON,1651.29,1651.29,1200,117,115,0.0,0,Commercial Description,Valid,0.0,Low,0.644,Core Commercial Product
21448,12 DAISY PEGS IN WOOD BOX,1648.48,1648.48,959,219,212,0.0,0,Commercial Description,Valid,0.0,Low,0.6299,Core Commercial Product
22025,RING OF ROSES BIRTHDAY CARD,1650.93,1645.89,3987,293,290,-5.04,12,Commercial Description,Valid,0.0031,Low,0.7051,Core Commercial Product
23273,HEART T-LIGHT HOLDER WILLIE WINKIE,1649.0500000000002,1642.45,969,117,116,-6.6,4,Commercial Description,Valid,0.004,Low,0.6304,Core Commercial Product
37441,ASSORTED WHITE EMBOSSED CHINA MUGS,1639.7999999999997,1637.7,700,58,58,-2.1,1,Commercial Description,Valid,0.0013,Low,0.6138,Core Commercial Product
23270,SET OF 2 CERAMIC PAINTED HEARTS,1646.3199999999997,1637.62,1174,131,128,-8.7,6,Commercial Description,Valid,0.0053,Low,0.642,Core Commercial Product
21633,SUNFLOWER DECORATIVE PARASOL,1663.11,1637.61,175,74,74,-25.5,2,Commercial Description,Valid,0.0153,Low,0.5533,Core Commercial Product
22922,FRIDGE MAGNETS US DINER ASSORTED,1819.8,1636.5,2109,122,119,-183.29999999999998,234,Commercial Description,Valid,0.1007,Moderate,0.6742,Monitor Return Risk
21545,CERAMIC BIRDHOUSE BUTTERFLY SMALL,1640.1200000000001,1634.22,697,87,86,-5.9,2,Commercial Description,Valid,0.0036,Low,0.613,Core Commercial Product
23391,I LOVE LONDON MINI BACKPACK,1628.17,1628.17,389,88,87,0.0,0,Commercial Description,Valid,0.0,Low,0.586,Core Commercial Product
21793,CLASSIC FRENCH STYLE BASKET BROWN,1627.36,1627.3600000000001,353,104,103,0.0,0,Commercial Description,Valid,0.0,Low,0.5814,Core Commercial Product
21656,RIDGED GLASS POSY VASE,1627.98,1625.08,989,144,142,-2.9,2,Commercial Description,Valid,0.0018,Low,0.6304,Core Commercial Product
84619,BLUE GINGHAM ROSE QUILT,1622.96,1622.96,72,31,31,0.0,0,Commercial Description,Valid,0.0,Low,0.5249,Core Commercial Product
21284,RETRO SPOT CANDLE  SMALL,1692.36,1621.44,1560,146,143,-70.92,60,Commercial Description,Valid,0.0419,Low,0.6569,Core Commercial Product
21541,DINOSAURS WATER TRANSFER TATTOOS,1636.24,1620.09,1907,207,205,-16.15,19,Commercial Description,Valid,0.0099,Low,0.6682,Core Commercial Product
21162,TOXIC AREA  DOOR HANGER,1660.6899999999998,1615.9299999999998,2404,291,287,-44.76,84,Commercial Description,Valid,0.027,Low,0.6814,Core Commercial Product
23217,LAUREL HEART ANTIQUE SILVER,1613.82,1613.82,1309,99,97,0.0,0,Commercial Description,Valid,0.0,Low,0.6461,Core Commercial Product
23280,FOLDING BUTTERFLY MIRROR HOT PINK,1614.1599999999999,1612.5000000000002,2023,159,158,-1.66,2,Commercial Description,Valid,0.001,Low,0.6709,Core Commercial Product
21837,CROSS STITCH ALPHABET CUSHION COVER,1622.64,1610.74,244,96,96,-11.9,2,Commercial Description,Valid,0.0073,Low,0.5632,Core Commercial Product
23483,HANGING  BUTTERFLY T-LIGHT HOLDER,1636.3600000000001,1610.12,1328,78,77,-26.240000000000002,22,Commercial Description,Valid,0.016,Low,0.6467,Core Commercial Product
22705,WRAP GREEN PEARS,1620.3600000000001,1609.86,3858,157,152,-10.5,25,Commercial Description,Valid,0.0065,Low,0.7013,Core Commercial Product
35471D,SET OF 3 BIRD LIGHT PINK FEATHER,1611.92,1609.4199999999998,2251,365,350,-2.5,2,Commercial Description,Valid,0.0016,Low,0.6765,Core Commercial Product
21286,RETRO SPOT CANDLE  LARGE,1638.1899999999998,1607.59,1009,104,102,-30.6,12,Commercial Description,Valid,0.0187,Low,0.6302,Core Commercial Product
21801,CHRISTMAS TREE DECORATION WITH BELL,1618.71,1603.59,3753,279,261,-15.12,36,Commercial Description,Valid,0.0093,Low,0.6998,Core Commercial Product
35810A,ENAMEL PINK COFFEE CONTAINER,1604.74,1602.64,1205,174,173,-2.1,1,Commercial Description,Valid,0.0013,Low,0.641,Core Commercial Product
48195,DOOR MAT GREEN PAISLEY,1627.9900000000005,1600.99,269,91,91,-27.0,4,Commercial Description,Valid,0.0166,Low,0.5666,Core Commercial Product
21675,BUTTERFLIES STICKERS,1610.6399999999999,1600.4399999999998,1817,277,269,-10.2,12,Commercial Description,Valid,0.0063,Low,0.664,Core Commercial Product
22260,FELT EGG COSY BLUE RABBIT,1613.9599999999998,1600.36,1571,255,243,-13.6,16,Commercial Description,Valid,0.0084,Low,0.6552,Core Commercial Product
21593,SWALLOW CIGAR BOX MATCHES,1629.31,1599.31,1391,98,96,-30.0,24,Commercial Description,Valid,0.0184,Low,0.6479,Core Commercial Product
22517,CHILDS GARDEN RAKE PINK,1597.8300000000002,1597.8300000000002,808,154,152,0.0,0,Commercial Description,Valid,0.0,Low,0.6173,Core Commercial Product
20802,SMALL GLASS SUNDAE DISH CLEAR,1630.0500000000006,1595.13,1067,123,120,-34.92,48,Commercial Description,Valid,0.0214,Low,0.6329,Core Commercial Product
22786,PILLOWCUSHION COVER PINK UNION JACK,1594.98,1594.98,254,99,93,0.0,0,Commercial Description,Valid,0.0,Low,0.5636,Core Commercial Product
21645,ASSORTED TUTTI FRUTTI ROUND BOX,1642.6499999999999,1593.15,969,140,138,-49.5,30,Commercial Description,Valid,0.0301,Low,0.6265,Core Commercial Product
90167,BEADED LOVE HEART JEWELLERY SET,1809.67,1592.11,2207,118,116,-217.56,300,Commercial Description,Valid,0.1202,Moderate,0.6735,Monitor Return Risk
35241,ENAMEL BLUE RIM BISCUIT BIN,1651.4899999999998,1592.09,312,140,137,-59.400000000000006,12,Commercial Description,Valid,0.036,Low,0.5722,Core Commercial Product
21867,PINK UNION JACK  LUGGAGE TAG,1591.6299999999999,1591.6299999999999,1166,311,288,0.0,0,Commercial Description,Valid,0.0,Low,0.6375,Core Commercial Product
35160,BUDDHA INCENSE HOLDER ASSORTED,1590.64,1590.64,2180,58,58,0.0,0,Commercial Description,Valid,0.0,Low,0.6724,Core Commercial Product
21283,NATURAL BARK CANDLE SMALL,1629.1999999999998,1590.2,512,85,84,-39.0,12,Commercial Description,Valid,0.0239,Low,0.5951,Core Commercial Product
20735,BLACK MINI TAPE MEASURE,1589.03,1589.03,1545,216,204,0.0,0,Commercial Description,Valid,0.0,Low,0.6531,Core Commercial Product
20902,VINTAGE KEEPSAKE BOX PARIS DAYS,1588.7999999999997,1588.8,212,122,117,0.0,0,Commercial Description,Valid,0.0,Low,0.5551,Core Commercial Product
23348,CHILDRENS TOY COOKING UTENSIL SET,1633.81,1586.55,746,185,183,-47.260000000000005,23,Commercial Description,Valid,0.0289,Low,0.6123,Core Commercial Product
22123,PING MICROWAVE APRON,1729.0,1586.2,660,172,168,-142.8,24,Commercial Description,Valid,0.0826,Moderate,0.6059,Monitor Return Risk
22673,FRENCH GARDEN SIGN BLUE METAL,1703.77,1585.76,1347,203,198,-118.01,109,Commercial Description,Valid,0.0693,Moderate,0.6442,Monitor Return Risk
20986,BLUE CALCULATOR RULER,1584.84,1584.84,1246,215,204,0.0,0,Commercial Description,Valid,0.0,Low,0.64,Core Commercial Product
22099,CARAVAN SQUARE TISSUE BOX,1614.2299999999998,1584.23,2144,309,294,-30.0,24,Commercial Description,Valid,0.0186,Low,0.6703,Core Commercial Product
15056bl,EDWARDIAN PARASOL BLACK,1583.5200000000004,1583.52,126,93,87,0.0,0,Commercial Description,Valid,0.0,Low,0.5375,Core Commercial Product
23369,SET 36 COLOUR PENCILS LOVE LONDON,1581.0600000000002,1581.06,1105,129,126,0.0,0,Commercial Description,Valid,0.0,Low,0.633,Core Commercial Product
22912,YELLOW COAT RACK PARIS FASHION,1606.9800000000002,1577.28,338,121,110,-29.700000000000003,6,Commercial Description,Valid,0.0185,Low,0.5749,Core Commercial Product
85222,ASSORTED COLOUR SILK COSMETIC PURSE,1579.68,1576.93,1406,56,54,-2.75,2,Commercial Description,Valid,0.0017,Low,0.6458,Core Commercial Product
21631,HIPPY CHIC DECORATIVE PARASOL,1571.75,1571.75,221,54,54,0.0,0,Commercial Description,Valid,0.0,Low,0.5557,Core Commercial Product
21711,FOLDING UMBRELLA  WHITE/RED  SPOT,1570.78,1570.78,384,73,71,0.0,0,Commercial Description,Valid,0.0,Low,0.58,Core Commercial Product
15059A,ENGLISH ROSE EDWARDIAN PARASOL,1567.0,1567.0,509,5,5,0.0,0,Commercial Description,Valid,0.0,Low,0.5928,Core Commercial Product
85180A,RED HEARTS LIGHT CHAIN,1636.4200000000003,1566.67,629,103,102,-69.75,15,Commercial Description,Valid,0.0426,Low,0.6018,Core Commercial Product
84536B,FAIRY CAKES NOTEBOOK A7 SIZE,1583.9099999999999,1562.07,3541,419,403,-21.84,52,Commercial Description,Valid,0.0138,Low,0.6935,Core Commercial Product
22976,CIRCUS PARADE CHILDRENS EGG CUP,1576.57,1560.32,1210,164,151,-16.25,13,Commercial Description,Valid,0.0103,Low,0.6373,Core Commercial Product
23287,RED VINTAGE SPOT BEAKER,1603.3899999999999,1560.04,1879,202,200,-43.349999999999994,51,Commercial Description,Valid,0.027,Low,0.6624,Core Commercial Product
21550,CERAMIC BIRDHOUSE CRESTED TIT LARGE,1565.5100000000004,1559.5600000000002,295,69,66,-5.95,1,Commercial Description,Valid,0.0038,Low,0.5669,Core Commercial Product
21383,PACK OF 12 STICKY BUNNIES,1599.5300000000002,1559.23,2218,336,328,-40.3,62,Commercial Description,Valid,0.0252,Low,0.6707,Core Commercial Product
21972,SET OF 36 DINOSAUR PAPER DOILIES,1560.8199999999997,1557.9199999999998,1055,173,173,-2.9,2,Commercial Description,Valid,0.0019,Low,0.6285,Core Commercial Product
72803A,ROSE SCENT CANDLE JEWELLED DRAWER,1574.75,1557.75,729,105,103,-17.0,4,Commercial Description,Valid,0.0108,Low,0.6084,Core Commercial Product
22103,MIRROR MOSAIC T-LIGHT HOLDER ROUND,1760.6400000000003,1557.33,1746,75,75,-203.31,483,Commercial Description,Valid,0.1155,Moderate,0.6571,Monitor Return Risk
20766,GARDEN PATH SKETCHBOOK,1571.0900000000001,1556.09,523,163,156,-15.0,4,Commercial Description,Valid,0.0095,Low,0.5926,Core Commercial Product
21925,UNION STRIPE CUSHION COVER,1577.33,1554.83,1213,175,172,-22.5,18,Commercial Description,Valid,0.0143,Low,0.6364,Core Commercial Product
21092,SET/6 STRAWBERRY PAPER PLATES,1571.5,1551.1,12846,31,31,-20.4,24,Commercial Description,Valid,0.013,Low,0.7263,Core Commercial Product
22337,ANGEL DECORATION PAINTED ZINC,1550.96,1550.96,2509,156,146,0.0,0,Commercial Description,Valid,0.0,Low,0.6775,Core Commercial Product
75131,METAL TUBE CHIME ON BAMBOO,1549.77,1549.77,1220,72,69,0.0,0,Commercial Description,Valid,0.0,Low,0.6364,Core Commercial Product
22681,"FRENCH BLUE METAL DOOR SIGN, 6",1563.28,1548.47,1169,204,197,-14.81,12,Commercial Description,Valid,0.0095,Low,0.6336,Core Commercial Product
21289,LARGE STRIPES CHOCOLATE GIFT BAG,1573.06,1548.06,1432,106,104,-25.0,20,Commercial Description,Valid,0.0159,Low,0.6446,Core Commercial Product
21002,ROSE DU SUD DRAWSTRING BAG,1547.5400000000002,1547.54,429,190,184,0.0,0,Commercial Description,Valid,0.0,Low,0.5827,Core Commercial Product
21579,LOLITA  DESIGN  COTTON TOTE BAG,1583.9099999999999,1545.6599999999999,1038,146,141,-38.25,17,Commercial Description,Valid,0.0241,Low,0.626,Core Commercial Product
21851,LILAC DIAMANTE PEN IN GIFT BOX,1544.62,1544.62,644,158,149,0.0,0,Commercial Description,Valid,0.0,Low,0.6005,Core Commercial Product
20772,GARDEN PATH JOURNAL,1863.95,1543.7,974,169,164,-320.25000000000006,151,Commercial Description,Valid,0.1718,High,0.6217,High Return Risk
21610,SET 12 PEAR BOTANICAL T-LIGHTS,1543.6699999999998,1543.67,542,101,100,0.0,0,Commercial Description,Valid,0.0,Low,0.5921,Core Commercial Product
22608,PENS ASSORTED FUNKY JEWELED,1575.4700000000003,1543.54,5736,173,172,-31.93,43,Commercial Description,Valid,0.0203,Low,0.7074,Core Commercial Product
20768,GREEN FERN JOURNAL,1541.8400000000001,1541.8400000000001,770,151,149,0.0,0,Commercial Description,Valid,0.0,Low,0.6095,Core Commercial Product
21542,WOODLAND WATER TRANSFER TATTOOS,1600.75,1541.25,1877,200,199,-59.5,70,Commercial Description,Valid,0.0372,Low,0.6596,Core Commercial Product
23226,FILIGREE HEART DAISY WHITE,1596.67,1536.67,1247,100,99,-60.0,48,Commercial Description,Valid,0.0376,Low,0.6357,Core Commercial Product
22288,"DECORATION , HANGING METAL RABBIT",1536.03,1536.03,1314,129,119,0.0,0,Commercial Description,Valid,0.0,Low,0.6385,Core Commercial Product
84789,ENCHANTED BIRD PLANT CAGE,1566.0099999999998,1536.01,446,132,131,-30.0,8,Commercial Description,Valid,0.0192,Low,0.5834,Core Commercial Product
85170A,SET/6 IVORY BIRD T-LIGHT CANDLES,1587.1599999999999,1535.64,849,91,89,-51.519999999999996,32,Commercial Description,Valid,0.0325,Low,0.6133,Core Commercial Product
23524,HORSE & PONY WALL ART,1557.63,1535.13,481,64,64,-22.5,6,Commercial Description,Valid,0.0144,Low,0.5866,Core Commercial Product
21332,MOROCCAN BEATEN METAL MIRROR,1644.17,1534.42,270,56,56,-109.75,21,Commercial Description,Valid,0.0668,Moderate,0.5594,Monitor Return Risk
22915,ASSORTED BOTTLE TOP  MAGNETS,1570.7599999999998,1532.96,3461,211,199,-37.8,90,Commercial Description,Valid,0.0241,Low,0.6886,Core Commercial Product
85194L,HANGING SPRING FLOWER EGG LARGE,1560.6299999999999,1532.58,1818,152,152,-28.05,33,Commercial Description,Valid,0.018,Low,0.6565,Core Commercial Product
85177,BASKET OF FLOWERS SEWING KIT,1533.2799999999997,1532.4299999999998,1837,149,144,-0.85,1,Commercial Description,Valid,0.0006,Low,0.6569,Core Commercial Product
84795D,SEASIDE STRIPE HAMMOCK,1538.7900000000002,1531.8400000000001,189,92,92,-6.95,1,Commercial Description,Valid,0.0045,Low,0.5454,Core Commercial Product
85036B,CHOCOLATE 1 WICK MORRIS BOX CANDLE,1555.6599999999999,1530.1599999999999,604,91,90,-25.5,6,Commercial Description,Valid,0.0164,Low,0.5954,Core Commercial Product
85221,ASSORTED COLOUR SILK COIN PURSE,1685.46,1529.54,3558,54,53,-155.92000000000002,131,Commercial Description,Valid,0.0925,Moderate,0.6893,Monitor Return Risk
22322,BIRD DECORATION GREEN  SPOT,1536.5099999999998,1523.76,1622,279,275,-12.75,15,Commercial Description,Valid,0.0083,Low,0.6491,Core Commercial Product
72008,FROSTED BOX 9 WHITE T-LIGHT CANDLES,1531.4,1520.9,3819,225,220,-10.5,25,Commercial Description,Valid,0.0069,Low,0.6918,Core Commercial Product
21785,RAIN PONCHO,1517.9899999999998,1517.9899999999998,2008,106,102,0.0,0,Commercial Description,Valid,0.0,Low,0.6609,Core Commercial Product
21275,ZINC TOP  2 DOOR WOODEN SHELF,1731.4299999999998,1516.23,250,70,66,-215.2,16,Commercial Description,Valid,0.1243,Moderate,0.5546,Monitor Return Risk
84659A,WHITE TRAVEL ALARM CLOCK,1522.2199999999998,1514.57,609,237,228,-7.6499999999999995,3,Commercial Description,Valid,0.005,Low,0.5952,Core Commercial Product
22982,PANTRY PASTRY BRUSH,1543.77,1513.77,1154,214,214,-30.0,24,Commercial Description,Valid,0.0194,Low,0.6294,Core Commercial Product
22682,"FRENCH BLUE METAL DOOR SIGN, 7",1526.88,1513.13,1168,194,190,-13.75,11,Commercial Description,Valid,0.009,Low,0.6298,Core Commercial Product
21146,ANTIQUE GLASS RIDGED HANGING BALL,1513.6699999999998,1509.77,789,61,61,-3.9,2,Commercial Description,Valid,0.0026,Low,0.6076,Core Commercial Product
21399,BLUE  SPOTTY  COFFEE MUG,1554.64,1509.25,2380,125,123,-45.39,112,Commercial Description,Valid,0.0292,Low,0.6699,Core Commercial Product
23528,SPACEBOY WALL ART,1504.49,1504.49,479,50,50,0.0,0,Commercial Description,Valid,0.0,Low,0.5841,Core Commercial Product
84856L,LARGE TAHITI BEACH BAG,1504.15,1504.15,239,83,82,0.0,0,Commercial Description,Valid,0.0,Low,0.552,Core Commercial Product
84526,GIANT BLACK SUNGLASSES,1503.64,1503.6399999999999,538,36,36,0.0,0,Commercial Description,Valid,0.0,Low,0.5884,Core Commercial Product
22137,BATHROOM SET LOVE HEART DESIGN,1511.2300000000002,1502.38,607,46,45,-8.850000000000001,3,Commercial Description,Valid,0.0059,Low,0.5939,Core Commercial Product
85125,SMALL ROUND CUT GLASS CANDLESTICK,1520.19,1500.39,313,67,65,-19.8,4,Commercial Description,Valid,0.013,Low,0.5637,Core Commercial Product
23271,CHRISTMAS TABLE CANDLE SILVER SPIKE,1496.8899999999999,1496.8899999999999,1731,106,104,0.0,0,Commercial Description,Valid,0.0,Low,0.6511,Core Commercial Product
22815,CARD PSYCHEDELIC APPLES,1496.2799999999997,1496.28,3496,346,340,0.0,0,Commercial Description,Valid,0.0,Low,0.6863,Core Commercial Product
22340,NOEL GARLAND PAINTED ZINC,1514.4099999999999,1495.36,1800,187,186,-19.049999999999997,13,Commercial Description,Valid,0.0126,Low,0.653,Core Commercial Product
21807,WHITE CHRISTMAS STAR DECORATION,1495.5700000000002,1494.73,3395,193,176,-0.84,2,Commercial Description,Valid,0.0006,Low,0.6845,Core Commercial Product
22683,"FRENCH BLUE METAL DOOR SIGN, 8",1509.18,1494.18,1135,206,200,-15.0,12,Commercial Description,Valid,0.0099,Low,0.6264,Core Commercial Product
85167B,BLACK GRAND BAROQUE PHOTO FRAME,1493.53,1493.53,727,67,61,0.0,0,Commercial Description,Valid,0.0,Low,0.6018,Core Commercial Product
21739,COSY SLIPPER SHOES SMALL GREEN,1496.1000000000001,1493.15,509,183,178,-2.95,1,Commercial Description,Valid,0.002,Low,0.5853,Core Commercial Product
23334,IVORY WICKER HEART SMALL,1491.75,1491.75,2271,136,130,0.0,0,Commercial Description,Valid,0.0,Low,0.6652,Core Commercial Product
21760,FRENCH STYLE WALL DRESSER,1740.0,1490.0,15,18,17,-250.0,2,Commercial Description,Valid,0.1437,Moderate,0.4796,Monitor Return Risk
21280,VINTAGE KITCHEN PRINT VEGETABLES,1800.4399999999996,1488.44,3333,72,72,-312.0,1248,Commercial Description,Valid,0.1733,High,0.6829,High Return Risk
21426,WOODLAND STORAGE BOX SMALL,1649.17,1487.77,1029,112,109,-161.39999999999998,104,Commercial Description,Valid,0.0979,Moderate,0.6201,Monitor Return Risk
16033,MINI HIGHLIGHTER PENS,1544.52,1486.92,15121,57,57,-57.6,480,Commercial Description,Valid,0.0373,Low,0.7221,Core Commercial Product
21051,RIBBONS PURSE,1498.78,1486.18,758,137,132,-12.6,6,Commercial Description,Valid,0.0084,Low,0.6034,Core Commercial Product
20734,SILVER MINI TAPE MEASURE,1485.6799999999998,1484.83,1598,128,124,-0.85,1,Commercial Description,Valid,0.0006,Low,0.6448,Core Commercial Product
85055,FRENCH ENAMEL UTENSIL HOLDER,1484.31,1484.31,369,114,107,0.0,0,Commercial Description,Valid,0.0,Low,0.5697,Core Commercial Product
21276,TWO EMBOSSED HEART MINI DRAWERS,1558.94,1482.74,677,33,33,-76.2,16,Commercial Description,Valid,0.0489,Low,0.5971,Core Commercial Product
23559,WOODLAND BUNNIES LOLLY MAKERS,1482.4100000000003,1482.41,649,124,124,0.0,0,Commercial Description,Valid,0.0,Low,0.5945,Core Commercial Product
21849,SILVER DIAMANTE PEN IN GIFT BOX,1602.0800000000002,1482.08,658,144,135,-120.0,96,Commercial Description,Valid,0.0749,Moderate,0.5952,Monitor Return Risk
84997a,GREEN 3 PIECE MINI DOTS CUTLERY SET,1481.7799999999997,1481.78,178,81,81,0.0,0,Commercial Description,Valid,0.0,Low,0.5388,Core Commercial Product
79030G,"TUMBLER, NEW ENGLAND",1478.97,1478.97,1754,125,123,0.0,0,Commercial Description,Valid,0.0,Low,0.6492,Core Commercial Product
84510B,SET OF 4 FAIRY CAKES COASTERS,1481.0500000000002,1478.55,1171,158,153,-2.5,2,Commercial Description,Valid,0.0017,Low,0.6263,Core Commercial Product
21009,ETCHED GLASS STAR TREE DECORATION,1494.9899999999998,1476.24,1047,111,108,-18.75,15,Commercial Description,Valid,0.0125,Low,0.6195,Core Commercial Product
21661,VINTAGE GLASS TEA CADDY,1511.3100000000002,1476.1100000000001,239,108,106,-35.2,6,Commercial Description,Valid,0.0233,Low,0.5485,Core Commercial Product
21199,PINK  HEART CONFETTI IN TUBE,1495.6999999999998,1475.54,1305,151,150,-20.16,48,Commercial Description,Valid,0.0135,Low,0.6317,Core Commercial Product
23267,SET OF 4 SANTA PLACE SETTINGS,1531.95,1471.95,1202,112,109,-60.0,48,Commercial Description,Valid,0.0392,Low,0.6275,Core Commercial Product
21282,NATURAL BARK CANDLE LARGE,1522.28,1471.28,356,72,72,-51.0,12,Commercial Description,Valid,0.0335,Low,0.5665,Core Commercial Product
22052,VINTAGE CARAVAN GIFT WRAP,1492.0,1471.0,3600,135,132,-21.0,50,Commercial Description,Valid,0.0141,Low,0.6846,Core Commercial Product
21066,VINTAGE RED MUG,1499.69,1469.69,2286,135,132,-30.0,24,Commercial Description,Valid,0.02,Low,0.6628,Core Commercial Product
85198,ASSORTED FARMYARD ANIMALS IN BUCKET,1469.5000000000002,1469.5,3859,55,53,0.0,0,Commercial Description,Valid,0.0,Low,0.6868,Core Commercial Product
84637,KITCHEN FLOWER POTS WALL PLAQUE,1467.21,1467.21,586,115,114,0.0,0,Commercial Description,Valid,0.0,Low,0.5882,Core Commercial Product
22390,PAPERWEIGHT CHILDHOOD MEMORIES,1463.8200000000004,1463.82,819,85,84,0.0,0,Commercial Description,Valid,0.0,Low,0.6046,Core Commercial Product
22106,MIRROR MOSAIC HURRICANE LAMP,1620.34,1463.59,515,85,81,-156.75,121,Commercial Description,Valid,0.0967,Moderate,0.5826,Monitor Return Risk
23365,SET 12 COLOUR PENCILS LOVE LONDON,1463.08,1463.08,1857,173,169,0.0,0,Commercial Description,Valid,0.0,Low,0.6513,Core Commercial Product
21410,COUNTRY COTTAGE  DOORSTOP GREEN,1466.75,1462.5,313,154,153,-4.25,1,Commercial Description,Valid,0.0029,Low,0.5592,Core Commercial Product
47591d,PINK FAIRY CAKE CHILDRENS APRON,1461.6,1461.6,290,74,72,0.0,0,Commercial Description,Valid,0.0,Low,0.5552,Core Commercial Product
35637A,IVORY STRING CURTAIN WITH POLE,1464.5800000000004,1458.6299999999999,552,55,54,-5.95,1,Commercial Description,Valid,0.0041,Low,0.5846,Core Commercial Product
35965,FOLKART HEART NAPKIN RINGS,1470.2600000000002,1451.3,643,196,188,-18.96,24,Commercial Description,Valid,0.0129,Low,0.5914,Core Commercial Product
22316,200 BENDY SKULL STRAWS,1450.3200000000002,1449.07,1271,123,120,-1.25,1,Commercial Description,Valid,0.0009,Low,0.6287,Core Commercial Product
21317,GLASS SPHERE CANDLE STAND MEDIUM,1464.4200000000003,1448.57,358,80,77,-15.850000000000001,3,Commercial Description,Valid,0.0108,Low,0.5651,Core Commercial Product
21869,POTTING SHED COFFEE MUG,1469.5800000000002,1448.3300000000002,1264,119,118,-21.25,17,Commercial Description,Valid,0.0145,Low,0.628,Core Commercial Product
84596G,SMALL CHOCOLATES PINK BOWL,1447.83,1447.83,2231,359,350,0.0,0,Commercial Description,Valid,0.0,Low,0.6599,Core Commercial Product
20761,BLUE PAISLEY SKETCHBOOK,1460.2,1445.2,466,153,147,-15.0,4,Commercial Description,Valid,0.0103,Low,0.5766,Core Commercial Product
85135C,RED DRAGONFLY HELICOPTER,1459.8300000000002,1443.93,179,128,116,-15.9,2,Commercial Description,Valid,0.0109,Low,0.5359,Core Commercial Product
22817,CARD SUKI BIRTHDAY,1442.4899999999998,1442.49,3407,359,355,0.0,0,Commercial Description,Valid,0.0,Low,0.6794,Core Commercial Product
84313C,ORANGE TV TRAY TABLE,1442.39,1442.3899999999999,548,76,76,0.0,0,Commercial Description,Valid,0.0,Low,0.583,Core Commercial Product
23034,DRAWER KNOB CERAMIC BLACK,1448.67,1439.97,979,91,89,-8.7,6,Commercial Description,Valid,0.006,Low,0.6121,Core Commercial Product
21099,SET/6 STRAWBERRY PAPER CUPS,1516.6399999999999,1438.64,13290,38,37,-78.0,120,Commercial Description,Valid,0.0514,Moderate,0.7157,Monitor Return Risk
21292,SMALL STRIPES CHOCOLATE GIFT BAG,1450.9099999999996,1437.31,2477,94,92,-13.6,16,Commercial Description,Valid,0.0094,Low,0.6654,Core Commercial Product
21082,SET/20 FRUIT SALAD PAPER NAPKINS,1960.4500000000003,1436.51,7183,170,168,-523.94,3074,Commercial Description,Valid,0.2673,High,0.7038,High Return Risk
22396,MAGNETS PACK OF 4 RETRO PHOTO,1448.35,1433.35,1910,191,186,-15.0,12,Commercial Description,Valid,0.0104,Low,0.6502,Core Commercial Product
21065,BOOM BOX SPEAKER GIRLS,1473.1799999999996,1433.27,610,126,120,-39.910000000000004,7,Commercial Description,Valid,0.0271,Low,0.5875,Core Commercial Product
22819,"BIRTHDAY CARD, RETRO SPOT",1431.6,1431.6,3379,333,331,0.0,0,Commercial Description,Valid,0.0,Low,0.6779,Core Commercial Product
23086,ZINC  STAR T-LIGHT HOLDER,1451.43,1431.43,1225,48,48,-20.0,16,Commercial Description,Valid,0.0138,Low,0.6249,Core Commercial Product
22249,DECORATION WHITE CHICK MAGIC GARDEN,1434.6599999999999,1431.26,1636,249,244,-3.4,4,Commercial Description,Valid,0.0024,Low,0.6409,Core Commercial Product
22287,"DECORATION , WOBBLY CHICKEN, METAL",1435.7500000000002,1431.07,1340,122,122,-4.68,12,Commercial Description,Valid,0.0033,Low,0.6288,Core Commercial Product
21644,ASSORTED TUTTI FRUTTI HEART BOX,1463.97,1428.97,1089,151,144,-35.0,28,Commercial Description,Valid,0.0239,Low,0.6176,Core Commercial Product
21159,MOODY BOY  DOOR HANGER,1462.77,1428.1599999999999,2117,256,254,-34.61,77,Commercial Description,Valid,0.0237,Low,0.6545,Core Commercial Product
22228,BUNNY WOODEN PAINTED WITH BIRD,1456.6,1426.85,1727,285,282,-29.749999999999996,35,Commercial Description,Valid,0.0204,Low,0.6434,Core Commercial Product
23392,SPACEBOY ROCKET LOLLY MAKERS,1475.03,1425.1100000000001,662,115,114,-49.92,24,Commercial Description,Valid,0.0338,Low,0.5904,Core Commercial Product
35004G,SET OF 3 GOLD FLYING DUCKS,1444.91,1422.32,363,83,81,-22.589999999999996,8,Commercial Description,Valid,0.0156,Low,0.5631,Core Commercial Product
21358,TOAST ITS - HAPPY BIRTHDAY,1421.2199999999998,1419.97,1146,227,223,-1.25,1,Commercial Description,Valid,0.0009,Low,0.6197,Core Commercial Product
21828,EIGHT PIECE SNAKE  SET,1414.18,1414.18,1113,189,180,0.0,0,Commercial Description,Valid,0.0,Low,0.618,Core Commercial Product
85136C,RED SHARK HELICOPTER,1533.2700000000002,1413.5,189,133,126,-119.77,15,Commercial Description,Valid,0.0781,Moderate,0.535,Monitor Return Risk
22545,MINI JIGSAW BUNNIES,1433.9499999999998,1413.37,3480,192,186,-20.580000000000002,49,Commercial Description,Valid,0.0144,Low,0.6778,Core Commercial Product
20780,BLACK EAR MUFF HEADPHONES,1417.25,1411.76,247,106,99,-5.49,1,Commercial Description,Valid,0.0039,Low,0.5441,Core Commercial Product
22917,HERB MARKER ROSEMARY,1418.42,1410.6200000000001,2034,267,253,-7.800000000000001,12,Commercial Description,Valid,0.0055,Low,0.6513,Core Commercial Product
85159B,"WHITE TEA,COFFEE,SUGAR JARS",1503.5,1410.61,659,102,102,-92.89000000000001,39,Commercial Description,Valid,0.0618,Moderate,0.5889,Monitor Return Risk
85036C,ROSE 1 WICK MORRIS BOXED CANDLE,1641.77,1409.52,881,139,133,-232.25,193,Commercial Description,Valid,0.1415,Moderate,0.6033,Monitor Return Risk
85169A,IVORY LOVE BIRD CANDLE,1423.33,1408.33,1281,161,152,-15.0,12,Commercial Description,Valid,0.0105,Low,0.6251,Core Commercial Product
20801,LARGE PINK GLASS SUNDAE DISH,1432.1200000000003,1408.12,1094,119,114,-24.0,32,Commercial Description,Valid,0.0168,Low,0.6162,Core Commercial Product
21198,WHITE HEART CONFETTI IN TUBE,1472.2999999999997,1407.59,1282,122,121,-64.71000000000001,75,Commercial Description,Valid,0.044,Low,0.6249,Core Commercial Product
23104,IVORY PANTRY HANGING LAMP,1405.42,1405.42,118,46,46,0.0,0,Commercial Description,Valid,0.0,Low,0.5187,Core Commercial Product
22093,MOTORING TISSUE BOX,1457.38,1404.22,2367,285,277,-53.16,48,Commercial Description,Valid,0.0365,Low,0.6593,Core Commercial Product
85032D,YULETIDE IMAGES GIFT WRAP SET,1411.48,1403.68,1190,149,136,-7.800000000000001,12,Commercial Description,Valid,0.0055,Low,0.6203,Core Commercial Product
21822,GLITTER CHRISTMAS TREE WITH BELLS,1420.06,1403.67,1048,153,145,-16.39,9,Commercial Description,Valid,0.0115,Low,0.6126,Core Commercial Product
23527,ANIMALS AND NATURE WALL ART,1428.5600000000002,1402.31,420,50,50,-26.25,7,Commercial Description,Valid,0.0184,Low,0.567,Core Commercial Product
21910,WAY OUT METAL SIGN,1399.83,1399.83,1067,114,113,0.0,0,Commercial Description,Valid,0.0,Low,0.6134,Core Commercial Product
85017B,ENVELOPE 50 BLOSSOM IMAGES,1407.3899999999999,1397.1899999999998,2251,331,321,-10.2,12,Commercial Description,Valid,0.0072,Low,0.6557,Core Commercial Product
85135B,BLUE DRAGONFLY HELICOPTER,1413.0000000000005,1397.1000000000001,174,142,123,-15.9,2,Commercial Description,Valid,0.0113,Low,0.5301,Core Commercial Product
21011,GLITTER SNOW PEAR TREE DECORATION,1399.9,1395.55,1858,131,120,-4.35,3,Commercial Description,Valid,0.0031,Low,0.6451,Core Commercial Product
85087,CANDY SPOT CUSHION COVER,1401.1100000000001,1395.21,421,150,149,-5.9,2,Commercial Description,Valid,0.0042,Low,0.5666,Core Commercial Product
22977,DOLLY GIRL CHILDRENS EGG CUP,1396.41,1395.16,1060,154,141,-1.25,1,Commercial Description,Valid,0.0009,Low,0.6124,Core Commercial Product
22756,LARGE YELLOW BABUSHKA NOTEBOOK,1409.7199999999998,1394.72,1215,226,218,-15.0,12,Commercial Description,Valid,0.0106,Low,0.6204,Core Commercial Product
23040,PAPER LANTERN 9 POINT SNOW STAR,1394.03,1394.03,253,43,41,0.0,0,Commercial Description,Valid,0.0,Low,0.5431,Core Commercial Product
90200D,PINK SWEETHEART BRACELET,1406.22,1393.47,335,156,151,-12.75,3,Commercial Description,Valid,0.0091,Low,0.5563,Core Commercial Product
22685,"FRENCH BLUE METAL DOOR SIGN, 0",1405.87,1393.37,1087,169,166,-12.5,10,Commercial Description,Valid,0.0089,Low,0.6134,Core Commercial Product
22920,HERB MARKER BASIL,2234.21,1393.16,3521,271,254,-841.0500000000001,1527,Commercial Description,Valid,0.3764,Very High,0.6754,High Return Risk
22157,ANGEL DECORATION WITH LACE PADDED,1474.35,1392.75,1725,133,127,-81.6,96,Commercial Description,Valid,0.0553,Moderate,0.6394,Monitor Return Risk
23470,CARD HOLDER LOVE BIRD LARGE,1460.5,1389.8,232,92,92,-70.7,12,Commercial Description,Valid,0.0484,Low,0.5388,Core Commercial Product
23250,VINTAGE RED TRIM ENAMEL BOWL,1531.03,1389.23,1179,118,118,-141.8,121,Commercial Description,Valid,0.0926,Moderate,0.6177,Monitor Return Risk
21190,PINK HEARTS PAPER GARLAND,1500.3900000000003,1388.74,918,122,115,-111.65,77,Commercial Description,Valid,0.0744,Moderate,0.6024,Monitor Return Risk
22916,HERB MARKER THYME,1396.0900000000001,1388.29,2003,269,250,-7.800000000000001,12,Commercial Description,Valid,0.0056,Low,0.6471,Core Commercial Product
21532,DAIRY MAID SUGAR JAM BOWL,1419.7099999999996,1386.11,1387,102,100,-33.6,16,Commercial Description,Valid,0.0237,Low,0.6259,Core Commercial Product
46776B,WOVEN BERRIES CUSHION COVER,1386.0699999999997,1386.07,432,156,153,0.0,0,Commercial Description,Valid,0.0,Low,0.5664,Core Commercial Product
47503K,ASSORTED FLORAL SECATEURS,1389.4400000000003,1384.69,3177,48,47,-4.75,3,Commercial Description,Valid,0.0034,Low,0.6701,Core Commercial Product
21684,SMALL MEDINA STAMPED METAL BOWL,1395.7400000000002,1384.69,1735,112,107,-11.049999999999999,13,Commercial Description,Valid,0.0079,Low,0.6388,Core Commercial Product
22250,DECORATION  BUTTERFLY  MAGIC GARDEN,1387.9399999999998,1384.54,1524,265,258,-3.4,4,Commercial Description,Valid,0.0024,Low,0.631,Core Commercial Product
22984,"CARD, GINGHAM ROSE",1381.6600000000003,1381.66,3374,217,214,0.0,0,Commercial Description,Valid,0.0,Low,0.6717,Core Commercial Product
84396,6 HOOK JEWELLERY STAND BLACK DRESS,1380.52,1380.52,552,52,51,0.0,0,Commercial Description,Valid,0.0,Low,0.5762,Core Commercial Product
47503A,ASS FLORAL PRINT MULTI SCREWDRIVER,1405.5100000000002,1380.43,2853,206,201,-25.08,36,Commercial Description,Valid,0.0178,Low,0.6654,Core Commercial Product
23119,PACK OF 6 LARGE FRUIT STRAWS,1401.6999999999998,1379.3799999999999,2282,153,153,-22.32,36,Commercial Description,Valid,0.0159,Low,0.653,Core Commercial Product
84562A,PINK/WHITE RIBBED MELAMINE JUG,1386.21,1378.26,170,84,81,-7.95,1,Commercial Description,Valid,0.0057,Low,0.5261,Core Commercial Product
21395,BLUE SPOTTY BEAKER,1401.5999999999997,1378.1999999999998,2968,120,120,-23.400000000000002,20,Commercial Description,Valid,0.0167,Low,0.6669,Core Commercial Product
21738,COSY SLIPPER SHOES SMALL  RED,1390.5100000000002,1375.7600000000002,442,150,135,-14.75,5,Commercial Description,Valid,0.0106,Low,0.5662,Core Commercial Product
23376,PACK OF 12 VINTAGE CHRISTMAS TISSUE,1384.9099999999999,1375.55,3039,160,156,-9.36,24,Commercial Description,Valid,0.0068,Low,0.6672,Core Commercial Product
22393,PAPERWEIGHT VINTAGE COLLAGE,1484.67,1373.67,839,127,123,-110.99999999999999,52,Commercial Description,Valid,0.0748,Moderate,0.5957,Monitor Return Risk
84685,BEACH HUT KEY CABINET,1385.1600000000003,1372.66,438,134,130,-12.5,4,Commercial Description,Valid,0.009,Low,0.5653,Core Commercial Product
84819,DANISH ROSE ROUND SEWING BOX,1389.51,1372.51,913,99,97,-17.0,4,Commercial Description,Valid,0.0122,Low,0.6,Core Commercial Product
35957,SMALLFOLKART BAUBLE CHRISTMAS DEC,1387.7399999999998,1367.82,3775,165,152,-19.919999999999998,100,Commercial Description,Valid,0.0144,Low,0.6753,Core Commercial Product
20762,GREEN FERN SKETCHBOOK,1381.53,1366.53,466,143,137,-15.0,4,Commercial Description,Valid,0.0109,Low,0.5676,Core Commercial Product
35599D,PINK AND WHITE CHRISTMAS TREE 120CM,1384.21,1366.51,409,107,104,-17.700000000000003,6,Commercial Description,Valid,0.0128,Low,0.5613,Core Commercial Product
23546,WRAP PAISLEY PARK,1365.0,1365.0,3250,120,120,0.0,0,Commercial Description,Valid,0.0,Low,0.6688,Core Commercial Product
21281,VINTAGE KITCHEN PRINT SEAFOOD,1747.2800000000002,1363.28,3689,74,70,-384.0,1536,Commercial Description,Valid,0.2198,High,0.6739,High Return Risk
35649,VINTAGE BEAD COSMETIC BAG,1362.9000000000003,1362.8999999999999,1826,55,54,0.0,0,Commercial Description,Valid,0.0,Low,0.6394,Core Commercial Product
21634,ASSORTED MINI MADRAS NOTEBOOK,1512.7599999999998,1361.51,1773,77,75,-151.25,121,Commercial Description,Valid,0.1,Moderate,0.6373,Monitor Return Risk
84965B,BLUE KASHMIRI COFFEE TABLE,1359.95,1359.95,27,6,6,0.0,0,Commercial Description,Valid,0.0,Low,0.4754,Core Commercial Product
35598D,PINK/WHITE CHRISTMAS TREE 60CM,1359.17,1358.52,1764,113,104,-0.65,1,Commercial Description,Valid,0.0005,Low,0.6368,Core Commercial Product
84616,SILVER ROCCOCO CHANDELIER,1472.6200000000001,1352.82,72,30,30,-119.8,4,Commercial Description,Valid,0.0814,Moderate,0.4976,Monitor Return Risk
23000,TRAVEL CARD WALLET TRANSPORT,1368.28,1351.9,3169,283,282,-16.38,39,Commercial Description,Valid,0.012,Low,0.6669,Core Commercial Product
17129D,CLEAR COLOUR GLASS GEMS IN BAG,1351.18,1351.18,1125,44,44,0.0,0,Commercial Description,Valid,0.0,Low,0.6108,Core Commercial Product
35962,12 ASS ZINC CHRISTMAS DECORATIONS,1351.7799999999997,1349.68,581,99,95,-2.1,1,Commercial Description,Valid,0.0016,Low,0.5759,Core Commercial Product
22918,HERB MARKER PARSLEY,1356.8700000000001,1349.07,1968,268,250,-7.800000000000001,12,Commercial Description,Valid,0.0057,Low,0.6421,Core Commercial Product
21059,PARTY INVITES DINOSAURS,1368.96,1348.56,1620,226,224,-20.4,24,Commercial Description,Valid,0.0149,Low,0.631,Core Commercial Product
85071B,RED CHARLIE+LOLA PERSONAL DOORSIGN,1352.96,1347.06,2436,169,166,-5.9,2,Commercial Description,Valid,0.0044,Low,0.6545,Core Commercial Product
22481,BLACK TEA TOWEL CLASSIC DESIGN,1346.06,1346.06,1301,228,220,0.0,0,Commercial Description,Valid,0.0,Low,0.6182,Core Commercial Product
21945,STRAWBERRIES  DESIGN FLANNEL,1345.52,1344.6699999999998,1891,254,241,-0.85,1,Commercial Description,Valid,0.0006,Low,0.6399,Core Commercial Product
20704,MR ROBOT SOFT TOY,1371.42,1343.6200000000001,361,81,81,-27.8,4,Commercial Description,Valid,0.0203,Low,0.5541,Core Commercial Product
22050,PINK PAISLEY ROSE GIFT WRAP,1364.5,1343.5,3325,120,119,-21.0,50,Commercial Description,Valid,0.0154,Low,0.6673,Core Commercial Product
47593B,SCOTTIES DESIGN BABY BIB,1342.6399999999999,1342.6399999999999,2366,369,356,0.0,0,Commercial Description,Valid,0.0,Low,0.6518,Core Commercial Product
21775,DECORATIVE FLORE BATHROOM BOTTLE,1346.37,1341.37,882,285,279,-5.0,4,Commercial Description,Valid,0.0037,Low,0.5953,Core Commercial Product
23414,ZINC BOX SIGN HOME,1378.75,1338.95,141,65,65,-39.8,4,Commercial Description,Valid,0.0289,Low,0.5163,Core Commercial Product
23469,CARD HOLDER LOVE BIRD SMALL,1355.2400000000002,1338.6399999999999,332,74,74,-16.6,4,Commercial Description,Valid,0.0122,Low,0.5496,Core Commercial Product
23249,VINTAGE RED ENAMEL TRIM PLATE,1426.1000000000004,1338.39,842,88,88,-87.71000000000001,55,Commercial Description,Valid,0.0615,Moderate,0.5925,Monitor Return Risk
85032A,ROMANTIC IMAGES GIFT WRAP SET,1336.1100000000001,1336.11,1447,162,161,0.0,0,Commercial Description,Valid,0.0,Low,0.6234,Core Commercial Product
22684,"FRENCH BLUE METAL DOOR SIGN, 9",1351.21,1334.96,1017,177,170,-16.25,13,Commercial Description,Valid,0.012,Low,0.603,Core Commercial Product
21580,RABBIT  DESIGN  COTTON TOTE BAG,1347.63,1334.1299999999999,550,176,173,-13.5,6,Commercial Description,Valid,0.01,Low,0.5712,Core Commercial Product
20993,JAZZ HEARTS MEMO PAD,1334.1100000000001,1334.1100000000001,10967,33,33,0.0,0,Commercial Description,Valid,0.0,Low,0.701,Core Commercial Product
21278,VINTAGE KITCHEN PRINT PUDDINGS,1654.4499999999998,1334.05,2758,125,124,-320.4,1208,Commercial Description,Valid,0.1937,High,0.6587,High Return Risk
21209,MULTICOLOUR HONEYCOMB FAN,1369.69,1331.6599999999999,1477,145,144,-38.03,37,Commercial Description,Valid,0.0278,Low,0.6238,Core Commercial Product
23538,WALL ART VINTAGE HEART,1329.54,1329.54,331,32,32,0.0,0,Commercial Description,Valid,0.0,Low,0.5484,Core Commercial Product
20933,YELLOW POT PLANT CANDLE,1329.4900000000005,1329.4900000000002,505,55,54,0.0,0,Commercial Description,Valid,0.0,Low,0.5673,Core Commercial Product
22269,EGG CUP NATURAL CHICKEN,1360.2099999999998,1328.96,1522,217,214,-31.25,25,Commercial Description,Valid,0.023,Low,0.6249,Core Commercial Product
23061,VINTAGE EMBOSSED HEART,1332.6800000000003,1328.93,1015,118,118,-3.75,3,Commercial Description,Valid,0.0028,Low,0.6016,Core Commercial Product
22051,BLUE SCANDINAVIAN PAISLEY WRAP,1328.0,1328.0,3200,118,117,0.0,0,Commercial Description,Valid,0.0,Low,0.664,Core Commercial Product
16235,RECYCLED PENCIL WITH RABBIT ERASER,1354.5,1326.57,5906,328,315,-27.93,133,Commercial Description,Valid,0.0206,Low,0.6857,Core Commercial Product
22339,CHRISTMAS TREE PAINTED ZINC,1406.85,1325.57,3551,163,152,-81.27999999999999,130,Commercial Description,Valid,0.0578,Moderate,0.668,Monitor Return Risk
21530,DAIRY MAID CERAMIC TOASTRACK,1379.2800000000002,1322.24,963,180,173,-57.04,64,Commercial Description,Valid,0.0414,Low,0.5977,Core Commercial Product
22893,MINI CAKE STAND T-LIGHT HOLDER,1330.5,1321.68,2774,193,188,-8.82,21,Commercial Description,Valid,0.0066,Low,0.6577,Core Commercial Product
21285,RETRO SPOT CANDLE  MEDIUM,1383.6700000000003,1317.67,1012,104,102,-66.0,48,Commercial Description,Valid,0.0477,Low,0.6004,Core Commercial Product
20760,GARDEN PATH POCKET BOOK,1317.06,1317.06,5554,87,84,0.0,0,Commercial Description,Valid,0.0,Low,0.683,Core Commercial Product
21219,SET/4 BADGES BALLOON GIRL,1328.3200000000002,1315.82,1028,184,177,-12.5,10,Commercial Description,Valid,0.0094,Low,0.6015,Core Commercial Product
84569D,PACK 6 HEART/ICE-CREAM PATCHES,1316.31,1315.06,1044,188,181,-1.25,1,Commercial Description,Valid,0.0009,Low,0.6022,Core Commercial Product
23221,REINDEER HEART DECORATION SILVER,1363.0400000000002,1314.9,1536,153,148,-48.14,58,Commercial Description,Valid,0.0353,Low,0.6242,Core Commercial Product
23373,VINTAGE CHRISTMAS PAPER GIFT BAG,1313.3899999999999,1313.3899999999999,1608,100,100,0.0,0,Commercial Description,Valid,0.0,Low,0.6265,Core Commercial Product
21842,PINK HEART CANDY BUTTON CALCULATOR,1308.7400000000002,1308.74,551,48,48,0.0,0,Commercial Description,Valid,0.0,Low,0.5688,Core Commercial Product
72800B,S/4 PURPLE DINNER CANDLE BLK FLOCK,1312.48,1307.38,999,97,92,-5.1,2,Commercial Description,Valid,0.0039,Low,0.5986,Core Commercial Product
23405,HOME SWEET HOME 2 DRAWER CABINET,1311.4799999999998,1306.53,252,72,71,-4.95,1,Commercial Description,Valid,0.0038,Low,0.5332,Core Commercial Product
15034,PAPER POCKET TRAVELING FAN,1422.45,1306.39,10182,268,261,-116.06000000000002,1448,Commercial Description,Valid,0.0816,Moderate,0.697,Monitor Return Risk
85200,BUNNY EGG BOX,1319.09,1304.09,1045,110,109,-15.0,12,Commercial Description,Valid,0.0114,Low,0.6013,Core Commercial Product
22543,MINI JIGSAW BAKE A CAKE,1303.77,1303.77,3298,123,118,0.0,0,Commercial Description,Valid,0.0,Low,0.6629,Core Commercial Product
85098B,BLUE FLYING SINGING CANARY,1456.94,1302.79,366,123,122,-154.15,49,Commercial Description,Valid,0.1058,Moderate,0.5502,Monitor Return Risk
20738,GREEN MINI TAPE MEASURE,1301.7199999999998,1301.72,1610,76,76,0.0,0,Commercial Description,Valid,0.0,Low,0.6255,Core Commercial Product
85025C,PINK HEART SHAPE PHOTO FRAME,1302.5300000000002,1299.23,728,136,129,-3.3,2,Commercial Description,Valid,0.0025,Low,0.5813,Core Commercial Product
85170D,SET/6 PINK BIRD T-LIGHT CANDLES,1311.0900000000001,1298.8899999999999,727,159,155,-12.200000000000001,7,Commercial Description,Valid,0.0093,Low,0.581,Core Commercial Product
21880,RED AND WHITE SPOT TAPE,1314.2400000000002,1298.64,2519,337,331,-15.600000000000001,24,Commercial Description,Valid,0.0119,Low,0.6509,Core Commercial Product
82613D,METAL SIGN CUPCAKE SINGLE HOOK,1306.96,1298.56,1196,279,272,-8.4,20,Commercial Description,Valid,0.0064,Low,0.6085,Core Commercial Product
35648,VINTAGE BEAD PINK PURSE,1318.15,1297.4,1055,153,147,-20.75,25,Commercial Description,Valid,0.0157,Low,0.6008,Core Commercial Product
72818,CHRISTMAS DECOUPAGE CANDLE,1323.0,1297.08,2439,145,132,-25.92,36,Commercial Description,Valid,0.0196,Low,0.6488,Core Commercial Product
16225,RATTLE SNAKE EGGS,1295.1799999999998,1295.18,1527,171,165,0.0,0,Commercial Description,Valid,0.0,Low,0.6216,Core Commercial Product
17091A,LAVENDER INCENSE IN TIN,1294.6399999999999,1294.6399999999999,2092,122,119,0.0,0,Commercial Description,Valid,0.0,Low,0.6391,Core Commercial Product
21926,RED/CREAM STRIPE CUSHION COVER,1325.27,1292.77,1009,150,150,-32.5,26,Commercial Description,Valid,0.0245,Low,0.5972,Core Commercial Product
46776A,WOVEN BUBBLE GUM CUSHION COVER,1291.6499999999999,1291.65,408,122,121,0.0,0,Commercial Description,Valid,0.0,Low,0.5531,Core Commercial Product
84609,TALL ROCOCO CANDLE HOLDER,1306.22,1289.22,144,41,40,-17.0,2,Commercial Description,Valid,0.013,Low,0.5117,Core Commercial Product
22097,SWALLOW SQUARE TISSUE BOX,1304.2599999999998,1289.11,2081,258,245,-15.15,19,Commercial Description,Valid,0.0116,Low,0.6382,Core Commercial Product
22267,EASTER DECORATION EGG BUNNY,1291.4700000000003,1287.72,1472,122,118,-3.75,3,Commercial Description,Valid,0.0029,Low,0.6188,Core Commercial Product
22701,PINK DOG BOWL,1329.43,1286.43,677,166,163,-43.0,16,Commercial Description,Valid,0.0323,Low,0.576,Core Commercial Product
85231G,ORANGE SCENTED SET/9 T-LIGHTS,1304.06,1285.36,1496,273,257,-18.7,22,Commercial Description,Valid,0.0143,Low,0.6194,Core Commercial Product
21063,PARTY INVITES JAZZ HEARTS,1286.87,1283.47,1492,242,239,-3.4,4,Commercial Description,Valid,0.0026,Low,0.6192,Core Commercial Product
46775E,CANDY POP CHUNKY KNITTED THROW,1282.9,1282.9,101,53,53,0.0,0,Commercial Description,Valid,0.0,Low,0.499,Core Commercial Product
22181,SNOWSTORM PHOTO FRAME FRIDGE MAGNET,1317.6499999999999,1281.95,1567,151,143,-35.699999999999996,42,Commercial Description,Valid,0.0271,Low,0.6217,Core Commercial Product
22214,CANDLE PLATE LACE WHITE,1279.79,1279.79,549,92,92,0.0,0,Commercial Description,Valid,0.0,Low,0.5652,Core Commercial Product
84658,WHITE STITCHED CUSHION COVER,1276.1100000000004,1276.1100000000001,225,68,64,0.0,0,Commercial Description,Valid,0.0,Low,0.5254,Core Commercial Product
20777,CHRYSANTHEMUM NOTEBOOK,1280.9699999999998,1276.02,3669,178,172,-4.949999999999999,3,Commercial Description,Valid,0.0039,Low,0.6645,Core Commercial Product
21759,METAL WALL SHELF UNIT WITH HOOKS,1274.47,1274.47,30,15,15,0.0,0,Commercial Description,Valid,0.0,Low,0.4686,Core Commercial Product
21689,SILVER VANILLA  FLOWER CANDLE POT,1271.87,1271.87,343,64,61,0.0,0,Commercial Description,Valid,0.0,Low,0.5439,Core Commercial Product
22919,HERB MARKER MINT,1279.34,1271.54,1829,265,249,-7.800000000000001,12,Commercial Description,Valid,0.0061,Low,0.63,Core Commercial Product
20765,CHRYSANTHEMUM SKETCHBOOK,1287.56,1268.81,448,154,148,-18.75,5,Commercial Description,Valid,0.0146,Low,0.556,Core Commercial Product
21248,DOOR HANGER  MUM + DADS ROOM,1299.55,1266.3899999999999,1043,163,162,-33.160000000000004,76,Commercial Description,Valid,0.0255,Low,0.5974,Core Commercial Product
22929,SCHOOL DESK AND CHAIR,1459.75,1264.75,23,19,19,-195.0,3,Commercial Description,Valid,0.1336,Moderate,0.4626,Monitor Return Risk
20733,GOLD MINI TAPE MEASURE,1477.7,1261.7,1957,307,295,-216.0,300,Commercial Description,Valid,0.1462,Moderate,0.6328,Monitor Return Risk
77101A,UNION FLAG WINDSOCK,1260.97,1260.97,1086,92,90,0.0,0,Commercial Description,Valid,0.0,Low,0.5995,Core Commercial Product
21253,SET OF PICTURE FRAME  STICKERS,1260.6000000000001,1260.6000000000001,341,126,122,0.0,0,Commercial Description,Valid,0.0,Low,0.5428,Core Commercial Product
48173c,DOOR MAT BLACK FLOCK,1259.3900000000003,1259.39,78,39,37,0.0,0,Commercial Description,Valid,0.0,Low,0.4902,Core Commercial Product
22923,FRIDGE MAGNETS LES ENFANTS ASSORTED,1392.2099999999998,1258.21,1662,105,98,-134.0,176,Commercial Description,Valid,0.0962,Moderate,0.6233,Monitor Return Risk
23462,ROCOCO WALL MIRROR WHITE,1607.0400000000002,1256.94,80,59,59,-350.09999999999997,18,Commercial Description,Valid,0.2179,High,0.4907,High Return Risk
85163B,BLACK BAROQUE WALL CLOCK,1268.6599999999999,1255.9099999999999,115,67,67,-12.75,1,Commercial Description,Valid,0.01,Low,0.5014,Core Commercial Product
79163,BLACK CHAMPAGNE GLASS,1260.6299999999999,1253.82,1845,75,72,-6.8100000000000005,11,Commercial Description,Valid,0.0054,Low,0.6291,Core Commercial Product
85136A,YELLOW SHARK HELICOPTER,1261.1100000000004,1253.16,155,120,108,-7.95,1,Commercial Description,Valid,0.0063,Low,0.5103,Core Commercial Product
22280,POCKET BAG PINK PAISELY BROWN SPOT,1252.49,1252.49,880,163,158,0.0,0,Commercial Description,Valid,0.0,Low,0.586,Core Commercial Product
22268,EASTER DECORATION SITTING BUNNY,1271.29,1251.98,2554,254,245,-19.31,53,Commercial Description,Valid,0.0152,Low,0.6474,Core Commercial Product
22999,TRAVEL CARD WALLET RETRO PETALS,1252.5900000000001,1251.33,2894,227,224,-1.26,3,Commercial Description,Valid,0.001,Low,0.6528,Core Commercial Product
20866,BLUE ROSE FABRIC MIRROR,1377.69,1250.49,1284,197,193,-127.2,120,Commercial Description,Valid,0.0923,Moderate,0.6077,Monitor Return Risk
21549,CERAMIC BIRDHOUSE RED ROOF SMALL,1270.3900000000003,1249.74,547,57,56,-20.65,7,Commercial Description,Valid,0.0163,Low,0.562,Core Commercial Product
22232,3 PIECE JIGSAW TOADSTOOLS,1318.9900000000002,1247.77,1109,166,166,-71.22,74,Commercial Description,Valid,0.054,Moderate,0.599,Monitor Return Risk
22921,HERB MARKER CHIVES,1253.29,1245.49,1801,235,221,-7.800000000000001,12,Commercial Description,Valid,0.0062,Low,0.6265,Core Commercial Product
21088,SET/6 FRUIT SALAD PAPER CUPS,1816.7299999999998,1244.21,16615,139,138,-572.52,7140,Commercial Description,Valid,0.3151,Very High,0.6977,High Return Risk
21883,STARS GIFT TAPE,1243.75,1243.5600000000002,2413,233,227,-0.19,1,Commercial Description,Valid,0.0002,Low,0.6429,Core Commercial Product
21277,FRENCH STYLE EMBOSSED HEART CABINET,1331.3399999999997,1243.54,55,53,52,-87.8,4,Commercial Description,Valid,0.0659,Moderate,0.4796,Monitor Return Risk
23511,EMBROIDERED RIBBON REEL EMILY,1252.0100000000004,1241.6100000000001,571,100,99,-10.4,5,Commercial Description,Valid,0.0083,Low,0.5635,Core Commercial Product
40003,WHITE BAMBOO RIBS LAMPSHADE,1258.27,1241.17,1151,70,69,-17.099999999999998,18,Commercial Description,Valid,0.0136,Low,0.6004,Core Commercial Product
22062,CERAMIC BOWL WITH LOVE HEART DESIGN,1248.15,1240.22,761,138,132,-7.930000000000001,7,Commercial Description,Valid,0.0064,Low,0.5775,Core Commercial Product
21145,ANTIQUE GLASS PLACE SETTING,1256.21,1239.96,869,54,54,-16.25,13,Commercial Description,Valid,0.0129,Low,0.5837,Core Commercial Product
20707,CRAZY DAISY HEART DECORATION,1247.4399999999998,1238.69,1615,205,202,-8.75,7,Commercial Description,Valid,0.007,Low,0.6189,Core Commercial Product
23067,HANGING ENGRAVED METAL HEART,1236.6600000000003,1236.66,294,82,78,0.0,0,Commercial Description,Valid,0.0,Low,0.5325,Core Commercial Product
84665,SQUARE CHERRY BLOSSOM CABINET,1388.5000000000002,1233.8,230,54,53,-154.7,26,Commercial Description,Valid,0.1114,Moderate,0.5219,Monitor Return Risk
20825,GOLD WINE GLASS,1255.08,1232.58,361,11,11,-22.5,6,Commercial Description,Valid,0.0179,Low,0.5423,Core Commercial Product
22216,T-LIGHT HOLDER WHITE LACE,1232.4299999999998,1229.8799999999999,1406,123,117,-2.55,3,Commercial Description,Valid,0.0021,Low,0.6102,Core Commercial Product
22924,FRIDGE MAGNETS LA VIE EN ROSE,1407.48,1228.4299999999998,1563,109,101,-179.04999999999998,229,Commercial Description,Valid,0.1272,Moderate,0.6166,Monitor Return Risk
23539,WALL ART LOVES' SECRET,1227.95,1227.95,247,42,41,0.0,0,Commercial Description,Valid,0.0,Low,0.5238,Core Commercial Product
20893,HANGING BAUBLE T-LIGHT HOLDER SMALL,1535.39,1225.3400000000001,667,87,82,-310.05000000000007,147,Commercial Description,Valid,0.2019,High,0.5695,High Return Risk
84559A,3D SHEET OF DOG STICKERS,1224.96,1224.96,1356,239,230,0.0,0,Commercial Description,Valid,0.0,Low,0.6079,Core Commercial Product
85141,JARDIN ETCHED GLASS FRUITBOWL,1286.4399999999998,1224.39,182,80,78,-62.05,11,Commercial Description,Valid,0.0482,Low,0.5129,Core Commercial Product
84625A,PINK NEW BAROQUECANDLESTICK CANDLE,1287.4900000000002,1222.69,861,94,86,-64.8,54,Commercial Description,Valid,0.0503,Moderate,0.5817,Monitor Return Risk
22258,FELT FARM ANIMAL RABBIT,1291.05,1222.3,1342,136,134,-68.75,55,Commercial Description,Valid,0.0533,Moderate,0.6066,Monitor Return Risk
79066K,RETRO MOD TRAY,1240.12,1221.4199999999998,1422,252,243,-18.700000000000003,22,Commercial Description,Valid,0.0151,Low,0.61,Core Commercial Product
22290,STANDING METAL RABBIT WITH EGG,1223.02,1220.92,670,82,81,-2.1,1,Commercial Description,Valid,0.0017,Low,0.5688,Core Commercial Product
85130A,BEADED PEARL HEART WHITE LARGE,1220.84,1220.8400000000001,712,93,88,0.0,0,Commercial Description,Valid,0.0,Low,0.5716,Core Commercial Product
72819,CUPID DESIGN SCENTED CANDLES,1217.28,1217.28,709,99,92,0.0,0,Commercial Description,Valid,0.0,Low,0.5714,Core Commercial Product
23598,PAPER BUNTING VINTAGE PARTY,1215.5300000000002,1215.53,427,47,47,0.0,0,Commercial Description,Valid,0.0,Low,0.5478,Core Commercial Product
21438,TUB 24 HANGING EASTER EGGS SPOTTY,1229.8200000000002,1214.8200000000002,373,39,38,-15.0,4,Commercial Description,Valid,0.0122,Low,0.5417,Core Commercial Product
21261,GREEN GOOSE FEATHER CHRISTMAS TREE,1214.7,1214.7,292,84,77,0.0,0,Commercial Description,Valid,0.0,Low,0.5299,Core Commercial Product
23138,SINGLE WIRE HOOK IVORY HEART,1231.5100000000002,1214.11,879,85,83,-17.4,12,Commercial Description,Valid,0.0141,Low,0.5815,Core Commercial Product
72232,FENG SHUI PILLAR CANDLE,1211.8199999999997,1211.82,6378,125,119,0.0,0,Commercial Description,Valid,0.0,Low,0.6768,Core Commercial Product
22265,EASTER DECORATION NATURAL CHICK,1211.66,1211.66,1847,179,168,0.0,0,Commercial Description,Valid,0.0,Low,0.6243,Core Commercial Product
22808,SET OF 6 T-LIGHTS EASTER CHICKS,1264.53,1211.43,427,86,84,-53.1,18,Commercial Description,Valid,0.042,Low,0.547,Core Commercial Product
21279,VINTAGE KITCHEN PRINT FRUITS,1637.01,1211.16,3530,111,108,-425.84999999999997,1639,Commercial Description,Valid,0.2601,High,0.6559,High Return Risk
22761,CHEST 7 DRAWER MA CAMPAGNE,1320.48,1207.73,54,40,36,-112.75,5,Commercial Description,Valid,0.0854,Moderate,0.4752,Monitor Return Risk
85162A,SILVER RETRODISC LAMPSHADE,1234.2699999999998,1203.96,607,25,25,-30.31,4,Commercial Description,Valid,0.0246,Low,0.5624,Core Commercial Product
21366,MIRRORED WALL ART PHOTO FRAMES,1203.5700000000002,1203.57,247,82,77,0.0,0,Commercial Description,Valid,0.0,Low,0.5212,Core Commercial Product
22403,MAGNETS PACK OF 4 VINTAGE LABELS,1217.16,1202.16,1730,218,214,-15.0,12,Commercial Description,Valid,0.0123,Low,0.6195,Core Commercial Product
23142,IVORY WIRE KITCHEN ORGANISER,1220.8200000000002,1201.2700000000002,121,42,42,-19.55,2,Commercial Description,Valid,0.016,Low,0.4973,Core Commercial Product
21396,RED SPOTTY EGG CUP,1205.25,1199.0,948,82,81,-6.25,5,Commercial Description,Valid,0.0052,Low,0.584,Core Commercial Product
85129D,BEADED CRYSTAL HEART PINK SMALL,1199.83,1198.58,796,173,170,-1.25,1,Commercial Description,Valid,0.001,Low,0.5752,Core Commercial Product
84313B,BLUE TV TRAY TABLE,1198.0000000000002,1198.0,229,86,84,0.0,0,Commercial Description,Valid,0.0,Low,0.5179,Core Commercial Product
21130,COLOURFUL STANDING GNOME,1200.93,1197.48,721,51,51,-3.45,1,Commercial Description,Valid,0.0029,Low,0.5699,Core Commercial Product
20731,POSY CANDY BAG,1254.17,1195.87,4143,80,79,-58.3,55,Commercial Description,Valid,0.0465,Low,0.661,Core Commercial Product
20771,CHRYSANTHEMUM  JOURNAL,1209.33,1194.03,609,143,141,-15.3,6,Commercial Description,Valid,0.0127,Low,0.5614,Core Commercial Product
22256,FELT FARM ANIMAL CHICKEN,1206.33,1191.33,937,125,120,-15.0,12,Commercial Description,Valid,0.0124,Low,0.5824,Core Commercial Product
20798,CLEAR MILKSHAKE GLASS,1337.5500000000002,1190.7,565,106,100,-146.85,80,Commercial Description,Valid,0.1098,Moderate,0.5577,Monitor Return Risk
47503E,ASS FLORAL PRINT SCISSORS,1186.9,1186.9,6842,27,27,0.0,0,Commercial Description,Valid,0.0,Low,0.676,Core Commercial Product
23444,Next Day Carriage,1200.0,1185.0,79,81,81,-15.0,1,Commercial Description,Valid,0.0125,Low,0.4829,Core Commercial Product
84815,SET OF 3 DANISH ROSE PLANTERS,1183.8200000000002,1183.8200000000002,926,53,53,0.0,0,Commercial Description,Valid,0.0,Low,0.5816,Core Commercial Product
22615,PACK OF 12 CIRCUS PARADE TISSUES,1188.4899999999998,1183.81,3863,195,189,-4.68,12,Commercial Description,Valid,0.0039,Low,0.6575,Core Commercial Product
21425,SKULLS STORAGE BOX LARGE,1274.93,1183.48,505,103,103,-91.45000000000002,31,Commercial Description,Valid,0.0717,Moderate,0.5524,Monitor Return Risk
22903,CALENDAR FAMILY FAVORITES,2062.8200000000006,1182.8200000000002,747,86,84,-880.0,320,Commercial Description,Valid,0.4266,Very High,0.5707,High Return Risk
21806,WHITE CHRISTMAS HEART DECORATION,1179.4299999999998,1179.4299999999998,2707,134,130,0.0,0,Commercial Description,Valid,0.0,Low,0.6421,Core Commercial Product
84674,FLYING PIG WATERING CAN,1199.5400000000002,1178.89,467,112,109,-20.650000000000002,7,Commercial Description,Valid,0.0172,Low,0.5484,Core Commercial Product
22252,BIRDCAGE DECORATION MAGIC GARDEN,1190.56,1174.31,968,119,115,-16.25,13,Commercial Description,Valid,0.0136,Low,0.5833,Core Commercial Product
84687,BEACH HUT SHELF W 3 DRAWERS,1208.0600000000002,1170.41,314,78,78,-37.65,7,Commercial Description,Valid,0.0312,Low,0.5298,Core Commercial Product
84823,DANISH ROSE FOLDING CHAIR,1210.0000000000002,1170.0500000000002,120,32,32,-39.95,1,Commercial Description,Valid,0.033,Low,0.4945,Core Commercial Product
23026,DRAWER KNOB VINTAGE GLASS STAR,1198.96,1169.8400000000001,556,66,64,-29.12,14,Commercial Description,Valid,0.0243,Low,0.5552,Core Commercial Product
85124C,GREEN JUICY FRUIT PHOTO FRAME,1185.0499999999997,1169.75,449,130,124,-15.3,6,Commercial Description,Valid,0.0129,Low,0.5462,Core Commercial Product
22814,CARD PARTY GAMES,1168.84,1168.84,2771,300,295,0.0,0,Commercial Description,Valid,0.0,Low,0.6424,Core Commercial Product
22048,BIRTHDAY BANQUET GIFT WRAP,1176.8,1166.3,2840,104,103,-10.5,25,Commercial Description,Valid,0.0089,Low,0.6435,Core Commercial Product
23418,LAVENDER TOILETTE BOTTLE,1165.9999999999998,1166.0,557,79,79,0.0,0,Commercial Description,Valid,0.0,Low,0.5548,Core Commercial Product
23515,EMBROIDERED RIBBON REEL DAISY,1164.98,1164.98,579,72,71,0.0,0,Commercial Description,Valid,0.0,Low,0.5564,Core Commercial Product
84910A,PINK PAISLEY CUSHION COVER,1242.29,1164.94,434,56,55,-77.35000000000001,13,Commercial Description,Valid,0.0623,Moderate,0.5438,Monitor Return Risk
21815,STAR  T-LIGHT HOLDER,1167.37,1164.47,736,108,96,-2.9,2,Commercial Description,Valid,0.0025,Low,0.5681,Core Commercial Product
22264,FELT FARM ANIMAL WHITE BUNNY,1164.08,1164.08,2027,172,168,0.0,0,Commercial Description,Valid,0.0,Low,0.6244,Core Commercial Product
21650,ASSORTED TUTTI FRUTTI BRACELET,1171.02,1163.86,3212,214,199,-7.16,28,Commercial Description,Valid,0.0061,Low,0.6475,Core Commercial Product
84678,CLASSICAL ROSE SMALL VASE,1188.6399999999999,1163.19,620,93,86,-25.450000000000003,11,Commercial Description,Valid,0.0214,Low,0.559,Core Commercial Product
23508,MINI PLAYING CARDS DOLLY GIRL,1163.45,1162.6100000000001,2627,129,121,-0.84,2,Commercial Description,Valid,0.0007,Low,0.6389,Core Commercial Product
37475,SET/4 COLOURFUL MIXING BOWLS,1160.56,1160.56,116,72,72,0.0,0,Commercial Description,Valid,0.0,Low,0.4916,Core Commercial Product
85159A,"BLACK TEA,COFFEE,SUGAR JARS",1261.6800000000003,1160.23,494,91,90,-101.44999999999999,43,Commercial Description,Valid,0.0804,Moderate,0.5488,Monitor Return Risk
84688,BEACH HUT DESIGN BLACKBOARD,1313.52,1158.47,422,92,91,-155.05,53,Commercial Description,Valid,0.118,Moderate,0.5413,Monitor Return Risk
22253,6 CROCHET STRAWBERRIES,1158.2799999999997,1158.28,964,90,87,0.0,0,Commercial Description,Valid,0.0,Low,0.5808,Core Commercial Product
23431,NATURAL HANGING QUILTED HEARTS,1171.23,1157.95,1449,77,75,-13.280000000000001,16,Commercial Description,Valid,0.0113,Low,0.6047,Core Commercial Product
72598,SET/12 TAPER CANDLES,1175.15,1156.45,1270,170,159,-18.7,22,Commercial Description,Valid,0.0159,Low,0.5969,Core Commercial Product
21490,SET OF THREE 50'S GIFT WRAPS,1210.6,1156.0,637,64,63,-54.599999999999994,28,Commercial Description,Valid,0.0451,Low,0.559,Core Commercial Product
23507,MINI PLAYING CARDS BUFFALO BILL,1155.67,1155.67,2882,127,119,0.0,0,Commercial Description,Valid,0.0,Low,0.6422,Core Commercial Product
21312,LARGE CHUNKY GLASS ROMAN BOWL,1179.1700000000003,1153.8200000000002,299,31,31,-25.35,13,Commercial Description,Valid,0.0215,Low,0.5245,Core Commercial Product
20867,PINK ROSE FABRIC MIRROR,1153.1999999999998,1153.2,1140,161,154,0.0,0,Commercial Description,Valid,0.0,Low,0.5903,Core Commercial Product
23269,SET OF 2 CERAMIC CHRISTMAS TREES,1152.9800000000005,1152.98,779,96,95,0.0,0,Commercial Description,Valid,0.0,Low,0.569,Core Commercial Product
21413,PERIWINKLE T-LIGHT HOLDER,1152.4699999999998,1152.47,3171,57,52,0.0,0,Commercial Description,Valid,0.0,Low,0.6452,Core Commercial Product
23566,EGG CUP MILKMAID HEIDI,1156.93,1151.93,881,84,84,-5.0,4,Commercial Description,Valid,0.0043,Low,0.5747,Core Commercial Product
23523,TREASURE AHOY WALL ART,1173.81,1151.31,360,42,42,-22.5,6,Commercial Description,Valid,0.0192,Low,0.5329,Core Commercial Product
21649,ASSORTED TUTTI FRUTTI PHOTO FRAME,1162.8900000000003,1151.0900000000001,421,32,32,-11.8,4,Commercial Description,Valid,0.0101,Low,0.5394,Core Commercial Product
22718,CARD CAT AND TREE,1163.2199999999998,1148.1,2655,271,267,-15.120000000000001,36,Commercial Description,Valid,0.013,Low,0.6372,Core Commercial Product
23402,HOME SWEEET HOME 3 PEG HANGER,1147.28,1147.28,296,68,68,0.0,0,Commercial Description,Valid,0.0,Low,0.523,Core Commercial Product
21316,SMALL CHUNKY GLASS ROMAN  BOWL,1152.02,1146.1200000000001,694,52,51,-5.9,2,Commercial Description,Valid,0.0051,Low,0.5622,Core Commercial Product
20669,RED HEART LUGGAGE TAG,1145.7,1145.7,818,229,216,0.0,0,Commercial Description,Valid,0.0,Low,0.5702,Core Commercial Product
20622,VIPPASSPORT COVER,1144.43,1144.43,586,132,128,0.0,0,Commercial Description,Valid,0.0,Low,0.5536,Core Commercial Product
84830,LARGE ENGLISH ARBORETUM,1195.15,1144.3,113,11,11,-50.85,3,Commercial Description,Valid,0.0425,Low,0.4879,Core Commercial Product
22040,BOTANICAL ROSE GIFT WRAP,1144.3,1144.3,2815,94,94,0.0,0,Commercial Description,Valid,0.0,Low,0.6394,Core Commercial Product
21555,CERAMIC STRAWBERRY TRINKET TRAY,1146.67,1144.1200000000001,431,137,136,-2.55,1,Commercial Description,Valid,0.0022,Low,0.5397,Core Commercial Product
21942,SKULLS DESIGN FLANNEL,1164.4999999999998,1144.1,1689,235,223,-20.4,24,Commercial Description,Valid,0.0175,Low,0.6108,Core Commercial Product
21752,GLASS CAKE STAND MIRRORED BASE,1244.8100000000002,1140.1599999999999,77,46,46,-104.65,7,Commercial Description,Valid,0.0841,Moderate,0.476,Monitor Return Risk
21817,GLITTER CHRISTMAS TREE,1139.2399999999998,1139.24,1760,144,132,0.0,0,Commercial Description,Valid,0.0,Low,0.6127,Core Commercial Product
84360,TABLE LAMP WHITE SHADE WOOD BASE,1136.1900000000003,1136.19,217,43,40,0.0,0,Commercial Description,Valid,0.0,Low,0.5085,Core Commercial Product
22715,CARD WEDDING DAY,1135.6299999999999,1135.63,2719,220,218,0.0,0,Commercial Description,Valid,0.0,Low,0.6368,Core Commercial Product
84750B,BLACK SMALL GLASS CAKE STAND,1142.0199999999998,1133.83,609,84,84,-8.19,5,Commercial Description,Valid,0.0072,Low,0.5543,Core Commercial Product
23057,GEMSTONE CHANDELIER T-LIGHT HOLDER,1768.67,1132.52,773,52,52,-636.15,433,Commercial Description,Valid,0.3597,Very High,0.5662,High Return Risk
22598,CHRISTMAS MUSICAL ZINC TREE,1136.1,1131.0,1795,149,145,-5.1,6,Commercial Description,Valid,0.0045,Low,0.6132,Core Commercial Product
23506,MINI PLAYING CARDS SPACEBOY,1129.12,1129.1200000000001,2723,151,146,0.0,0,Commercial Description,Valid,0.0,Low,0.6364,Core Commercial Product
21040,MODERN VINTAGE COTTON SHOPPING BAG,1128.4,1128.4,895,74,71,0.0,0,Commercial Description,Valid,0.0,Low,0.5728,Core Commercial Product
37482B,CUBIC MUG BLUE POLKA DOT,1127.91,1127.9099999999999,1251,10,10,0.0,0,Commercial Description,Valid,0.0,Low,0.5922,Core Commercial Product
20700,GREEN CAT FLORAL CUSHION COVER,1135.2199999999998,1127.72,421,107,106,-7.5,2,Commercial Description,Valid,0.0066,Low,0.5368,Core Commercial Product
20832,RED FLOCK LOVE HEART PHOTO FRAME,1134.35,1127.55,1690,168,163,-6.799999999999999,8,Commercial Description,Valid,0.006,Low,0.6093,Core Commercial Product
22532,MAGIC DRAWING SLATE LEAP FROG,1125.47,1125.47,2919,186,175,0.0,0,Commercial Description,Valid,0.0,Low,0.6389,Core Commercial Product
85224,ASSORTED COLOUR SILK GLASSES CASE,1120.96,1120.96,2004,67,64,0.0,0,Commercial Description,Valid,0.0,Low,0.6184,Core Commercial Product
23510,MINI PLAYING CARDS GYMKHANA,1118.7999999999997,1118.8,2521,125,120,0.0,0,Commercial Description,Valid,0.0,Low,0.6317,Core Commercial Product
21944,KITTENS DESIGN FLANNEL,1119.29,1117.59,1797,211,205,-1.7,2,Commercial Description,Valid,0.0015,Low,0.6121,Core Commercial Product
17096,ASSORTED LAQUERED INCENSE HOLDERS,1117.5200000000002,1117.52,6241,79,78,0.0,0,Commercial Description,Valid,0.0,Low,0.665,Core Commercial Product
22116,METAL SIGN HIS DINNER IS SERVED,1145.2,1117.3,835,204,200,-27.900000000000002,18,Commercial Description,Valid,0.0244,Low,0.5681,Core Commercial Product
22255,FELT TOADSTOOL  SMALL,1155.0800000000004,1116.83,1216,155,147,-38.25,45,Commercial Description,Valid,0.0331,Low,0.5899,Core Commercial Product
84750A,PINK SMALL GLASS CAKE STAND,1189.2299999999998,1113.93,544,116,116,-75.3,40,Commercial Description,Valid,0.0633,Moderate,0.5468,Monitor Return Risk
47504H,ENGLISH ROSE SPIRIT LEVEL,1118.92,1113.92,1031,144,141,-5.0,4,Commercial Description,Valid,0.0045,Low,0.5798,Core Commercial Product
23411,TRELLIS COAT RACK,1118.61,1113.66,227,58,57,-4.95,1,Commercial Description,Valid,0.0044,Low,0.5079,Core Commercial Product
20615,BLUE SPOTTY PASSPORT COVER,1111.4699999999998,1111.47,647,207,197,0.0,0,Commercial Description,Valid,0.0,Low,0.5546,Core Commercial Product
85131D,BEADED CRYSTAL HEART PINK\ON STICK,1111.4099999999999,1111.41,1465,276,267,0.0,0,Commercial Description,Valid,0.0,Low,0.5994,Core Commercial Product
84967B,BLUE KASHMIRI OCCASIONAL TABLE,1249.45,1109.5,24,15,15,-139.95,3,Commercial Description,Valid,0.112,Moderate,0.4461,Monitor Return Risk
21758,VINTAGE SHELLS PRINT,1107.92,1107.92,138,83,80,0.0,0,Commercial Description,Valid,0.0,Low,0.4905,Core Commercial Product
79323S,SILVER CHERRY LIGHTS,2084.32,1107.52,334,80,80,-976.8,158,Commercial Description,Valid,0.4686,Very High,0.5247,High Return Risk
84358,FLOOR LAMP SHADE WOOD BASE,1107.4300000000003,1107.43,122,30,29,0.0,0,Commercial Description,Valid,0.0,Low,0.4867,Core Commercial Product
23225,CHERUB HEART DECORATION SILVER,1176.17,1106.45,1355,92,92,-69.72,84,Commercial Description,Valid,0.0593,Moderate,0.5941,Monitor Return Risk
17021,NAMASTE SWAGAT INCENSE,1128.8400000000001,1105.44,4322,89,80,-23.400000000000002,78,Commercial Description,Valid,0.0207,Low,0.6517,Core Commercial Product
84596E,SMALL LICORICE DES PINK BOWL,1145.3500000000001,1105.35,1132,212,205,-40.0,32,Commercial Description,Valid,0.0349,Low,0.5837,Core Commercial Product
20755,BLUE PAISLEY POCKET BOOK,1104.95,1104.95,5161,127,122,0.0,0,Commercial Description,Valid,0.0,Low,0.6573,Core Commercial Product
21666,RIDGED GLASS T-LIGHT HOLDER,1106.81,1104.8600000000001,1761,89,87,-1.9500000000000002,3,Commercial Description,Valid,0.0018,Low,0.6087,Core Commercial Product
37479B,CUBIC MUG FLOCK BLUE ON BROWN,1103.5000000000002,1103.5,1256,39,37,0.0,0,Commercial Description,Valid,0.0,Low,0.5892,Core Commercial Product
85212,MINI PAINTED GARDEN DECORATION,1103.2,1103.1999999999998,2835,122,121,0.0,0,Commercial Description,Valid,0.0,Low,0.6346,Core Commercial Product
23513,EMBROIDERED RIBBON REEL SUSIE,1114.2600000000004,1101.78,566,71,71,-12.48,6,Commercial Description,Valid,0.0112,Low,0.5469,Core Commercial Product
84638,SMALL KITCHEN FLOWER POTS PLAQUE,1101.55,1101.55,400,70,70,0.0,0,Commercial Description,Valid,0.0,Low,0.5311,Core Commercial Product
23375,50'S CHRISTMAS PAPER GIFT BAG,1100.6900000000003,1099.87,1342,104,104,-0.82,1,Commercial Description,Valid,0.0007,Low,0.5921,Core Commercial Product
21010,ETCHED GLASS BIRD TREE DECORATION,1114.76,1099.76,850,88,86,-15.0,12,Commercial Description,Valid,0.0135,Low,0.5664,Core Commercial Product
21131,GOLD STANDING GNOME,1098.8600000000001,1098.86,276,50,49,0.0,0,Commercial Description,Valid,0.0,Low,0.5138,Core Commercial Product
84559B,3D SHEET OF CAT STICKERS,1102.02,1098.62,1234,207,197,-3.4,4,Commercial Description,Valid,0.0031,Low,0.5876,Core Commercial Product
22233,JIGSAW RABBIT AND BIRDHOUSE,1215.06,1094.02,952,179,173,-121.04000000000002,74,Commercial Description,Valid,0.0996,Moderate,0.5715,Monitor Return Risk
84509C,DOTTY PLACEMATS,1093.5800000000002,1093.58,278,97,96,0.0,0,Commercial Description,Valid,0.0,Low,0.5137,Core Commercial Product
84989A,75 GREEN FAIRY CAKE CASES,1093.4199999999998,1091.35,2120,160,157,-2.07,4,Commercial Description,Valid,0.0019,Low,0.6174,Core Commercial Product
85093,CANDY SPOT EGG WARMER HARE,1093.72,1089.97,1362,155,153,-3.75,3,Commercial Description,Valid,0.0034,Low,0.5923,Core Commercial Product
22709,WRAP WEDDING DAY,1099.58,1089.08,2799,78,78,-10.5,25,Commercial Description,Valid,0.0095,Low,0.6326,Core Commercial Product
21632,VINTAGE PINK DECORATIVE PARASOL,1101.7099999999998,1088.96,133,57,56,-12.75,1,Commercial Description,Valid,0.0116,Low,0.4862,Core Commercial Product
23432,PRETTY HANGING QUILTED HEARTS,1088.3600000000001,1088.3600000000001,1276,74,74,0.0,0,Commercial Description,Valid,0.0,Low,0.5886,Core Commercial Product
20932,PINK POT PLANT CANDLE,1143.97,1088.22,333,87,87,-55.75,17,Commercial Description,Valid,0.0487,Low,0.5216,Core Commercial Product
22230,JIGSAW TREE WITH WATERING CAN,1134.6399999999999,1086.26,1657,205,201,-48.379999999999995,57,Commercial Description,Valid,0.0426,Low,0.6029,Core Commercial Product
84707A,SILVER JEWELLED MIRROR TRINKET TRAY,1085.68,1085.68,129,65,64,0.0,0,Commercial Description,Valid,0.0,Low,0.485,Core Commercial Product
84631,FRUIT TREE AND BIRDS WALL PLAQUE,1106.16,1082.31,288,55,55,-23.85,3,Commercial Description,Valid,0.0216,Low,0.5136,Core Commercial Product
85118,HEART T-LIGHT HOLDER,1179.4199999999998,1080.75,2124,97,94,-98.67,207,Commercial Description,Valid,0.0837,Moderate,0.6163,Monitor Return Risk
23041,PAPER LANTERN 9 POINT SNOW STAR,1178.48,1078.88,272,55,55,-99.6,24,Commercial Description,Valid,0.0845,Moderate,0.5109,Monitor Return Risk
85078,SCANDINAVIAN 3 HEARTS NAPKIN RING,1079.44,1078.79,2284,170,166,-0.65,1,Commercial Description,Valid,0.0006,Low,0.6201,Core Commercial Product
20934,SET/3 POT PLANT CANDLES,1185.0700000000002,1077.57,197,86,85,-107.50000000000001,20,Commercial Description,Valid,0.0907,Moderate,0.4979,Monitor Return Risk
85099f,JUMBO BAG STRAWBERRY,1077.08,1077.08,213,27,25,0.0,0,Commercial Description,Valid,0.0,Low,0.5006,Core Commercial Product
21763,VINTAGE WOODEN BAR STOOL,1157.8999999999999,1076.05,43,24,23,-81.85,3,Commercial Description,Valid,0.0707,Moderate,0.4538,Monitor Return Risk
23102,SILVER HEARTS TABLE DECORATION,1075.03,1075.03,1274,159,157,0.0,0,Commercial Description,Valid,0.0,Low,0.587,Core Commercial Product
21839,MUMMY MOUSE RED GINGHAM RIBBON,1085.5900000000004,1074.69,201,86,86,-10.9,2,Commercial Description,Valid,0.01,Low,0.4982,Core Commercial Product
85008,SET OF 3 CONEY ISLAND OVAL BOXES,1083.7400000000002,1073.84,273,108,104,-9.9,2,Commercial Description,Valid,0.0091,Low,0.5103,Core Commercial Product
22511,DOORSTOP RUSSIAN DOLL RETROSPOT,1076.6599999999999,1072.91,405,117,114,-3.75,1,Commercial Description,Valid,0.0035,Low,0.5283,Core Commercial Product
84923,PINK BUTTERFLY HANDBAG W BOBBLES,1072.37,1072.37,247,158,150,0.0,0,Commercial Description,Valid,0.0,Low,0.5053,Core Commercial Product
23087,ZINC  HEART T-LIGHT HOLDER,1090.6600000000003,1071.91,868,70,70,-18.75,15,Commercial Description,Valid,0.0172,Low,0.564,Core Commercial Product
23433,HANGING QUILTED PATCHWORK APPLES,1108.5800000000002,1069.5700000000002,1258,92,92,-39.010000000000005,47,Commercial Description,Valid,0.0352,Low,0.5854,Core Commercial Product
35646,VINTAGE BEAD PINK EVENING BAG,1068.91,1068.91,647,108,104,0.0,0,Commercial Description,Valid,0.0,Low,0.5489,Core Commercial Product
84791,GINGHAM HEART DECORATION,1086.13,1068.43,334,110,110,-17.700000000000003,6,Commercial Description,Valid,0.0163,Low,0.5194,Core Commercial Product
21061,PARTY INVITES FOOTBALL,1077.1599999999999,1066.96,1432,169,164,-10.2,12,Commercial Description,Valid,0.0095,Low,0.5921,Core Commercial Product
22105,MIRROR MOSAIC GOBLET CANDLE HOLDER,1298.91,1066.66,693,59,57,-232.25,241,Commercial Description,Valid,0.1788,High,0.5523,High Return Risk
22389,PAPERWEIGHT SAVE THE PLANET,1276.1200000000001,1066.1200000000001,659,95,93,-210.0,100,Commercial Description,Valid,0.1646,High,0.5495,High Return Risk
23113,Damaged,5868.5,1065.4400000000003,1154,64,64,-4803.0599999999995,946,Operational / Dirty Description,Review Required,0.8184,Very High,0.58,Review / Operational
20839,FRENCH PAISLEY CUSHION COVER,1063.77,1063.77,642,122,119,0.0,0,Commercial Description,Valid,0.0,Low,0.5475,Core Commercial Product
21779,MA CAMPAGNE MINI WOODEN CHEST,1097.8000000000002,1062.75,301,27,27,-35.05,10,Commercial Description,Valid,0.0319,Low,0.5132,Core Commercial Product
20840,FRENCH FLORAL CUSHION COVER,1428.41,1062.56,886,99,97,-365.85,219,Commercial Description,Valid,0.2561,High,0.5637,High Return Risk
22821,GIFT BAG PSYCHEDELIC APPLES,1072.8,1062.4,1699,192,188,-10.4,16,Commercial Description,Valid,0.0097,Low,0.6012,Core Commercial Product
23331,DECORATIVE WICKER HEART SMALL,1062.28,1062.28,1596,114,109,0.0,0,Commercial Description,Valid,0.0,Low,0.5974,Core Commercial Product
22997,TRAVEL CARD WALLET UNION JACK,1094.93,1062.17,2545,231,230,-32.760000000000005,78,Commercial Description,Valid,0.0299,Low,0.6244,Core Commercial Product
72815,3 WICK CHRISTMAS BRIAR CANDLE,1091.83,1061.83,283,77,75,-30.0,8,Commercial Description,Valid,0.0275,Low,0.5094,Core Commercial Product
21725,SWEETIES  STICKERS,1062.42,1060.72,1157,182,174,-1.7,2,Commercial Description,Valid,0.0016,Low,0.5791,Core Commercial Product
37327,ASSTD MULTICOLOUR CIRCLES MUG,1061.8299999999997,1060.27,1745,98,94,-1.56,4,Commercial Description,Valid,0.0015,Low,0.602,Core Commercial Product
72800F,4 IVORY DINNER CANDLES GOLD FLOCK,1060.1899999999998,1060.19,822,70,68,0.0,0,Commercial Description,Valid,0.0,Low,0.5592,Core Commercial Product
23033,DRAWER KNOB CERAMIC RED,1058.9,1058.8999999999999,714,74,74,0.0,0,Commercial Description,Valid,0.0,Low,0.5519,Core Commercial Product
21827,EIGHT PIECE CREEPY CRAWLIE SET,1075.1399999999999,1058.89,840,147,136,-16.25,13,Commercial Description,Valid,0.0151,Low,0.5598,Core Commercial Product
23516,EMBROIDERED RIBBON REEL SOPHIE,1058.6,1058.6,296,44,42,0.0,0,Commercial Description,Valid,0.0,Low,0.511,Core Commercial Product
21690,SILVER  CANDLEPOT JARDIN,1058.34,1058.34,276,99,87,0.0,0,Commercial Description,Valid,0.0,Low,0.5079,Core Commercial Product
85163A,WHITE BAROQUE WALL CLOCK,1058.17,1058.17,103,57,57,0.0,0,Commercial Description,Valid,0.0,Low,0.4728,Core Commercial Product
85179B,WHITE BITTY LIGHT CHAIN,1056.6000000000001,1056.6,246,47,47,0.0,0,Commercial Description,Valid,0.0,Low,0.5019,Core Commercial Product
20782,CAMOUFLAGE EAR MUFF HEADPHONES,1094.46,1056.03,169,92,89,-38.43,7,Commercial Description,Valid,0.0351,Low,0.4885,Core Commercial Product
35651,VINTAGE BEAD PINK SCARF,1073.7500000000002,1053.95,460,66,64,-19.8,12,Commercial Description,Valid,0.0184,Low,0.5308,Core Commercial Product
21269,ANTIQUE CREAM CUTLERY SHELF,1053.8200000000002,1053.82,115,69,68,0.0,0,Commercial Description,Valid,0.0,Low,0.4764,Core Commercial Product
84908B,BLUE 5 PATCH FLOWER CUSHION COVER,1052.2900000000002,1052.29,435,36,36,0.0,0,Commercial Description,Valid,0.0,Low,0.5281,Core Commercial Product
22134,LADLE LOVE HEART RED,1057.15,1052.11,2373,307,299,-5.04,12,Commercial Description,Valid,0.0048,Low,0.6178,Core Commercial Product
20671,BLUE TEATIME PRINT BOWL,1051.22,1051.22,796,147,145,0.0,0,Commercial Description,Valid,0.0,Low,0.5559,Core Commercial Product
22806,SET OF 6 T-LIGHTS WEDDING CAKE,1184.42,1050.22,442,62,59,-134.20000000000002,52,Commercial Description,Valid,0.1133,Moderate,0.5284,Monitor Return Risk
84965A,PINK KASHMIRI COFFEE TABLE,1050.0,1050.0,20,4,4,0.0,0,Commercial Description,Valid,0.0,Low,0.4334,Core Commercial Product
79191C,RETRO PLASTIC ELEPHANT TRAY,1295.46,1049.81,1621,185,182,-245.65,289,Commercial Description,Valid,0.1896,High,0.5956,High Return Risk
22953,BIRTHDAY PARTY CORDON BARRIER TAPE,1049.8,1049.8,841,129,119,0.0,0,Commercial Description,Valid,0.0,Low,0.558,Core Commercial Product
21825,PAINTED METAL TREE WITH HOLLY BELLS,1053.19,1048.84,733,83,78,-4.35,3,Commercial Description,Valid,0.0041,Low,0.5512,Core Commercial Product
22857,ASSORTED EASTER GIFT TAGS,1048.28,1048.28,1230,67,67,0.0,0,Commercial Description,Valid,0.0,Low,0.5798,Core Commercial Product
72800D,S/4 BLUE DINNER CANDLE SILVER FLOCK,1050.8099999999997,1048.26,643,90,89,-2.55,1,Commercial Description,Valid,0.0024,Low,0.544,Core Commercial Product
84030e,ENGLISH ROSE HOT WATER BOTTLE,1047.16,1047.16,128,51,46,0.0,0,Commercial Description,Valid,0.0,Low,0.4781,Core Commercial Product
23327,HANGING CLEAR MINI BOTTLE,1051.1399999999999,1046.4199999999998,1734,44,43,-4.720000000000001,8,Commercial Description,Valid,0.0045,Low,0.5988,Core Commercial Product
23419,HOME SWEET HOME BOTTLE,1043.72,1041.64,473,87,87,-2.08,1,Commercial Description,Valid,0.002,Low,0.5302,Core Commercial Product
21721,CANDY SHOP  STICKER SHEET,1041.87,1040.17,1139,156,145,-1.7,2,Commercial Description,Valid,0.0016,Low,0.5746,Core Commercial Product
21814,HEART T-LIGHT HOLDER,1039.81,1039.81,685,105,96,0.0,0,Commercial Description,Valid,0.0,Low,0.5472,Core Commercial Product
85144,JARDIN ETCHED GLASS BUTTER DISH,1054.1,1039.6,288,76,73,-14.5,2,Commercial Description,Valid,0.0138,Low,0.5065,Core Commercial Product
23056,FLOWERS CHANDELIER T-LIGHT HOLDER,2898.12,1039.0500000000002,963,48,47,-1859.07,579,Commercial Description,Valid,0.6415,Very High,0.5639,High Return Risk
21664,RIDGED GLASS STORAGE JAR CREAM LID,1064.8200000000002,1038.57,267,77,72,-26.25,7,Commercial Description,Valid,0.0247,Low,0.5031,Core Commercial Product
84908A,PINK 5 PATCH FLOWER CUSHION COVER,1045.1600000000003,1038.21,432,38,38,-6.95,1,Commercial Description,Valid,0.0066,Low,0.5253,Core Commercial Product
22995,TRAVEL CARD WALLET SUKI,1058.6400000000003,1038.06,2381,271,269,-20.580000000000002,49,Commercial Description,Valid,0.0194,Low,0.6157,Core Commercial Product
21014,SWISS CHALET TREE DECORATION,1038.6599999999999,1037.94,1973,207,191,-0.72,1,Commercial Description,Valid,0.0007,Low,0.6048,Core Commercial Product
82616C,MIDNIGHT GLAMOUR SCARF KNITTING KIT,1040.04,1036.29,638,148,143,-3.75,3,Commercial Description,Valid,0.0036,Low,0.5421,Core Commercial Product
22266,EASTER DECORATION HANGING BUNNY,1040.1100000000001,1035.56,2542,172,163,-4.55,7,Commercial Description,Valid,0.0044,Low,0.6194,Core Commercial Product
20652,BLUE SPOTTY LUGGAGE TAG,1034.81,1034.81,1520,180,176,0.0,0,Commercial Description,Valid,0.0,Low,0.5895,Core Commercial Product
23347,I LOVE LONDON BEAKER,1077.3,1034.8,860,101,100,-42.5,34,Commercial Description,Valid,0.0395,Low,0.5568,Core Commercial Product
22856,ASSORTED EASTER DECORATIONS  BELLS,1059.8500000000001,1033.6000000000001,877,35,35,-26.25,21,Commercial Description,Valid,0.0248,Low,0.5577,Core Commercial Product
23088,ZINC HEART FLOWER T-LIGHT HOLDER,1033.2800000000002,1033.28,795,79,79,0.0,0,Commercial Description,Valid,0.0,Low,0.5526,Core Commercial Product
21904,HOUSE WRECKING METAL SIGN,1212.02,1032.32,762,153,149,-179.70000000000002,97,Commercial Description,Valid,0.1483,Moderate,0.5509,Monitor Return Risk
85180B,PINK HEARTS LIGHT CHAIN,1031.4799999999998,1031.48,365,70,67,0.0,0,Commercial Description,Valid,0.0,Low,0.5165,Core Commercial Product
21202,DOLLY HONEYCOMB GARLAND,1105.13,1030.58,855,70,69,-74.55,51,Commercial Description,Valid,0.0675,Moderate,0.5559,Monitor Return Risk
20783,HEART EAR MUFF HEADPHONES,1051.4,1030.28,165,61,61,-21.119999999999997,4,Commercial Description,Valid,0.0201,Low,0.4831,Core Commercial Product
22860,EASTER TIN CHICKS PINK DAISY,1064.15,1029.5,614,115,113,-34.65,21,Commercial Description,Valid,0.0326,Low,0.5394,Core Commercial Product
84405A,S/3 PINK COL METAL BASKET W HANDLE,1042.16,1029.41,129,52,52,-12.75,1,Commercial Description,Valid,0.0122,Low,0.4755,Core Commercial Product
46775A,BUBBLE GUM CHUNKY KNITTED THROW,1044.23,1027.28,83,34,34,-16.95,1,Commercial Description,Valid,0.0162,Low,0.4621,Core Commercial Product
22049,WRAP CHRISTMAS SCREEN PRINT,1047.25,1026.25,3575,120,116,-21.0,50,Commercial Description,Valid,0.0201,Low,0.6321,Core Commercial Product
22717,CARD DOG AND BALL,1031.05,1026.01,2432,221,216,-5.04,12,Commercial Description,Valid,0.0049,Low,0.615,Core Commercial Product
23545,WRAP RED DOILEY,1025.6,1025.6,2480,85,84,0.0,0,Commercial Description,Valid,0.0,Low,0.616,Core Commercial Product
85104,SILVER GLASS T-LIGHT SET,1048.09,1024.49,359,63,59,-23.6,8,Commercial Description,Valid,0.0225,Low,0.5145,Core Commercial Product
84985A,SET OF 72 GREEN PAPER DOILIES,1029.73,1022.4799999999999,652,162,155,-7.25,5,Commercial Description,Valid,0.007,Low,0.541,Core Commercial Product
35599B,BLACK CHRISTMAS TREE 120CM,1022.0900000000001,1022.09,276,55,51,0.0,0,Commercial Description,Valid,0.0,Low,0.502,Core Commercial Product
22247,BUNNY DECORATION MAGIC GARDEN,1022.79,1022.04,1184,188,183,-0.75,1,Commercial Description,Valid,0.0007,Low,0.5735,Core Commercial Product
35653,VINTAGE BEAD NOTEBOOK,1020.92,1020.9200000000001,320,120,115,0.0,0,Commercial Description,Valid,0.0,Low,0.5084,Core Commercial Product
84709B,PINK OVAL JEWELLED MIRROR,1026.38,1020.4300000000001,178,92,89,-5.95,1,Commercial Description,Valid,0.0058,Low,0.4847,Core Commercial Product
84596L,BISCUITS SMALL BOWL LIGHT BLUE,1020.22,1020.22,1540,260,256,0.0,0,Commercial Description,Valid,0.0,Low,0.5879,Core Commercial Product
23452,HEART MINI PORTRAIT FRAME,1021.7600000000001,1019.81,518,88,88,-1.95,1,Commercial Description,Valid,0.0019,Low,0.5301,Core Commercial Product
35923,CANDY HEART HANGING DECORATION,1023.77,1019.63,1545,117,116,-4.14,4,Commercial Description,Valid,0.004,Low,0.5878,Core Commercial Product
22420,LIPSTICK PEN BABY PINK,1019.8500000000003,1019.43,2117,246,235,-0.42,1,Commercial Description,Valid,0.0004,Low,0.6049,Core Commercial Product
20619,TROPICAL PASSPORT COVER,1018.63,1018.63,579,197,196,0.0,0,Commercial Description,Valid,0.0,Low,0.5343,Core Commercial Product
85031C,CURIOUS IMAGES SCRAP BOOK SET,1017.48,1017.48,481,109,108,0.0,0,Commercial Description,Valid,0.0,Low,0.5265,Core Commercial Product
85124A,PINK JUICY FRUIT PHOTO FRAME,1037.1299999999999,1016.73,377,100,100,-20.400000000000002,8,Commercial Description,Valid,0.0197,Low,0.5151,Core Commercial Product
22643,SET OF 4 NAPKIN CHARMS LEAVES,1016.4400000000002,1016.44,468,99,98,0.0,0,Commercial Description,Valid,0.0,Low,0.5247,Core Commercial Product
23107,WHITE WIRE PLANT POT HOLDER,1009.5100000000001,1009.51,359,73,73,0.0,0,Commercial Description,Valid,0.0,Low,0.5126,Core Commercial Product
84905,PINK BUTTERFLY C/COVER,1007.9100000000001,1007.91,269,107,107,0.0,0,Commercial Description,Valid,0.0,Low,0.4987,Core Commercial Product
21836,GINGHAM OVEN GLOVE RED HEART,1022.88,1007.88,252,107,103,-15.0,4,Commercial Description,Valid,0.0147,Low,0.4959,Core Commercial Product
85170C,SET/6 EAU DE NIL BIRD T-LIGHTS,1009.8499999999999,1007.75,549,110,108,-2.1,1,Commercial Description,Valid,0.0021,Low,0.5309,Core Commercial Product
23544,WALL ART MID CENTURY MODERN,1015.78,1007.53,164,21,21,-8.25,1,Commercial Description,Valid,0.0081,Low,0.4796,Core Commercial Product
84625C,BLUE NEW BAROQUE CANDLESTICK CANDLE,1130.37,1006.37,804,88,80,-124.00000000000001,94,Commercial Description,Valid,0.1097,Moderate,0.5492,Monitor Return Risk
47310M,"SMALL POP BOX,FUNKY MONKEY",1006.1899999999999,1006.19,747,174,172,0.0,0,Commercial Description,Valid,0.0,Low,0.5458,Core Commercial Product
21392,RED SPOTTY PUDDING BOWL,1484.4300000000003,1005.99,7548,54,51,-478.44,3650,Commercial Description,Valid,0.3223,Very High,0.6526,High Return Risk
23153,ZINC SWEETHEART WIRE LETTER RACK,1020.69,1005.69,263,91,91,-15.0,4,Commercial Description,Valid,0.0147,Low,0.497,Core Commercial Product
21084,SET/6 COLLAGE PAPER CUPS,1008.81,1004.25,2929,228,224,-4.5600000000000005,24,Commercial Description,Valid,0.0045,Low,0.621,Core Commercial Product
72750B,"F.FAIRY S/3 CANDLE/GLASS,LAVENDER",1047.2,1004.1,496,43,43,-43.1,18,Commercial Description,Valid,0.0412,Low,0.526,Core Commercial Product
21250,SET OF SKULL WALL STICKERS,1003.4499999999999,1003.45,404,61,60,0.0,0,Commercial Description,Valid,0.0,Low,0.5162,Core Commercial Product
85126,LARGE ROUND CUTGLASS CANDLESTICK,1069.16,1001.66,156,43,41,-67.5,10,Commercial Description,Valid,0.0631,Moderate,0.4772,Monitor Return Risk
23281,FOLDING BUTTERFLY MIRROR RED,1000.82,1000.82,1280,104,101,0.0,0,Commercial Description,Valid,0.0,Low,0.5746,Core Commercial Product
23121,PACK OF 6 COCKTAIL PARASOL STRAWS,1000.44,1000.44,2501,116,111,0.0,0,Commercial Description,Valid,0.0,Low,0.6127,Core Commercial Product
23533,WALL ART GARDEN HAVEN,998.6400000000002,998.64,215,36,36,0.0,0,Commercial Description,Valid,0.0,Low,0.4878,Core Commercial Product
72586,"S/6 HALLOWEEN GHOST T LIGHTS, 5CM H",1013.5,998.38,2307,189,185,-15.12,36,Commercial Description,Valid,0.0149,Low,0.6072,Core Commercial Product
20730,STRAWBERRY CANDY BAG,1011.7,997.95,2218,106,106,-13.75,11,Commercial Description,Valid,0.0136,Low,0.6048,Core Commercial Product
20617,FIRST CLASS PASSPORT COVER,997.2,997.2,499,107,106,0.0,0,Commercial Description,Valid,0.0,Low,0.5253,Core Commercial Product
23517,EMBROIDERED RIBBON REEL REBECCA,996.3799999999998,996.38,334,63,63,0.0,0,Commercial Description,Valid,0.0,Low,0.507,Core Commercial Product
22529,MAGIC DRAWING SLATE GO TO THE FAIR,995.6099999999999,995.61,2468,161,155,0.0,0,Commercial Description,Valid,0.0,Low,0.6112,Core Commercial Product
84660C,PINK STITCHED WALL CLOCK,995.5999999999998,995.6,726,88,87,0.0,0,Commercial Description,Valid,0.0,Low,0.5419,Core Commercial Product
35958,FOLKART ZINC STAR CHRISTMAS DEC,994.83,994.8299999999999,1143,90,85,0.0,0,Commercial Description,Valid,0.0,Low,0.5669,Core Commercial Product
82613B,"METAL SIGN,CUPCAKE SINGLE HOOK",1004.3899999999999,994.74,904,234,226,-9.65,21,Commercial Description,Valid,0.0096,Low,0.5529,Core Commercial Product
20705,MRS ROBOT SOFT TOY,996.19,994.24,273,54,54,-1.95,1,Commercial Description,Valid,0.002,Low,0.4964,Core Commercial Product
21127,COLOURFUL FISHING GNOME,998.0300000000002,992.08,297,52,50,-5.95,1,Commercial Description,Valid,0.006,Low,0.5002,Core Commercial Product
72484,ROSES IN WHITE HEART CANDLE,991.38,991.38,1818,68,66,0.0,0,Commercial Description,Valid,0.0,Low,0.5929,Core Commercial Product
85049e,SCANDINAVIAN REDS RIBBONS,990.6900000000002,990.69,297,64,61,0.0,0,Commercial Description,Valid,0.0,Low,0.4999,Core Commercial Product
20773,BLUE PAISLEY NOTEBOOK,992.0299999999999,990.38,3356,130,121,-1.65,1,Commercial Description,Valid,0.0017,Low,0.6229,Core Commercial Product
84964B,BLUE PAINTED KASHMIRI TABLE,990.0,990.0,17,4,4,0.0,0,Commercial Description,Valid,0.0,Low,0.4206,Core Commercial Product
21427,SKULLS STORAGE BOX SMALL,1023.0200000000001,989.42,517,135,127,-33.6,16,Commercial Description,Valid,0.0328,Low,0.5252,Core Commercial Product
22108,PING! MICROWAVE PLATE,1002.2599999999999,987.26,320,134,129,-15.0,4,Commercial Description,Valid,0.015,Low,0.503,Core Commercial Product
78124,MAGAZINE RACK GEBRA ASSORTED,986.11,986.11,736,32,31,0.0,0,Commercial Description,Valid,0.0,Low,0.5414,Core Commercial Product
85071A,BLUE CHARLIE+LOLA PERSONAL DOORSIGN,1433.3899999999999,984.99,1913,152,149,-448.4,152,Commercial Description,Valid,0.3128,Very High,0.5947,High Return Risk
84686,BEACH HUT MIRROR,1027.79,984.39,389,82,82,-43.4,20,Commercial Description,Valid,0.0422,Low,0.5116,Core Commercial Product
20878,SET/9 CHRISTMAS T-LIGHTS SCENTED,982.51,982.51,761,97,87,0.0,0,Commercial Description,Valid,0.0,Low,0.543,Core Commercial Product
85025B,EAU DE NILE HEART SHAPE PHOTO FRAME,988.7599999999999,982.1600000000001,571,102,98,-6.6,4,Commercial Description,Valid,0.0067,Low,0.5285,Core Commercial Product
84918,CREAM C/COVER W YELLOW/GREEN FLOWER,995.1199999999998,981.22,208,67,67,-13.9,2,Commercial Description,Valid,0.014,Low,0.4835,Core Commercial Product
21417,COCKLE SHELL DISH,1030.2099999999998,977.71,504,122,120,-52.50000000000001,25,Commercial Description,Valid,0.051,Moderate,0.523,Monitor Return Risk
82616B,FRAPPUCINO SCARF KNITTING KIT,991.42,977.22,611,135,128,-14.2,10,Commercial Description,Valid,0.0143,Low,0.5313,Core Commercial Product
23512,EMBROIDERED RIBBON REEL ROSIE,975.24,975.24,500,57,57,0.0,0,Commercial Description,Valid,0.0,Low,0.5225,Core Commercial Product
22104,MIRROR MOSAIC CANDLE PLATE,974.7199999999998,974.7199999999999,1191,101,99,0.0,0,Commercial Description,Valid,0.0,Low,0.567,Core Commercial Product
21850,BLUE  DIAMANTE PEN IN GIFT BOX,1127.2,974.1999999999999,459,114,107,-153.0,36,Commercial Description,Valid,0.1357,Moderate,0.5181,Monitor Return Risk
20774,GREEN FERN NOTEBOOK,975.6799999999996,974.03,3492,131,125,-1.65,1,Commercial Description,Valid,0.0017,Low,0.623,Core Commercial Product
84873a,FUNKY FLOWER PICNIC BAG FOR 4,973.3599999999999,973.36,88,59,59,0.0,0,Commercial Description,Valid,0.0,Low,0.455,Core Commercial Product
79323G,GOLD  CHERRY LIGHTS,2007.8799999999999,970.4300000000001,314,89,89,-1037.45,175,Commercial Description,Valid,0.5167,Very High,0.5002,High Return Risk
21562,HAWAIIAN GRASS SKIRT,970.2800000000001,970.2800000000001,678,74,73,0.0,0,Commercial Description,Valid,0.0,Low,0.5356,Core Commercial Product
23380,PACK OF 12 VINTAGE DOILY TISSUES,983.5,969.4599999999999,2344,125,123,-14.04,36,Commercial Description,Valid,0.0143,Low,0.6042,Core Commercial Product
20998,ROSE DU SUD OVEN GLOVE,969.2300000000001,969.23,332,133,128,0.0,0,Commercial Description,Valid,0.0,Low,0.5029,Core Commercial Product
85130D,BEADED CRYSTAL HEART PINK LARGE,967.0999999999999,967.1,793,111,107,0.0,0,Commercial Description,Valid,0.0,Low,0.5427,Core Commercial Product
23514,EMBROIDERED RIBBON REEL SALLY,977.39,964.9100000000001,478,75,75,-12.48,6,Commercial Description,Valid,0.0128,Low,0.5191,Core Commercial Product
22512,DOORSTOP RACING CAR DESIGN,963.79,963.7900000000001,385,74,73,0.0,0,Commercial Description,Valid,0.0,Low,0.5088,Core Commercial Product
20758,ABSTRACT CIRCLES POCKET BOOK,964.47,963.62,5438,102,98,-0.85,1,Commercial Description,Valid,0.0009,Low,0.6377,Core Commercial Product
23518,EMBROIDERED RIBBON REEL RACHEL,980.4099999999999,963.0699999999999,361,45,45,-17.34,6,Commercial Description,Valid,0.0177,Low,0.5061,Core Commercial Product
17012C,ORIGAMI LAVENDER INCENSE/CANDL SET,962.9500000000002,962.9499999999999,861,118,114,0.0,0,Commercial Description,Valid,0.0,Low,0.5462,Core Commercial Product
21060,PARTY INVITES BALLOON GIRL,962.7499999999999,962.75,1288,152,151,0.0,0,Commercial Description,Valid,0.0,Low,0.5695,Core Commercial Product
21208,PASTEL COLOUR HONEYCOMB FAN,980.2699999999999,962.63,1079,129,126,-17.64,42,Commercial Description,Valid,0.018,Low,0.5591,Core Commercial Product
21691,SILVER VANILLA FLOWER CANDLE POT,960.99,960.99,249,80,73,0.0,0,Commercial Description,Valid,0.0,Low,0.4877,Core Commercial Product
72814,SET/3 CHRISTMAS BRIAR CANDLES,967.9200000000001,960.4200000000001,266,61,59,-7.5,2,Commercial Description,Valid,0.0077,Low,0.4908,Core Commercial Product
21641,ASSORTED TUTTI FRUTTI KEYRING BALL,959.5899999999998,959.5899999999999,1674,117,112,0.0,0,Commercial Description,Valid,0.0,Low,0.5838,Core Commercial Product
85197,SET OF 12 MINI BUNNIES IN A BUCKET,959.4600000000004,959.46,1669,80,78,0.0,0,Commercial Description,Valid,0.0,Low,0.5834,Core Commercial Product
72753B,S/3 FLWR FAIRY LAVENDER CANDLES,957.7299999999998,957.73,445,15,15,0.0,0,Commercial Description,Valid,0.0,Low,0.5144,Core Commercial Product
21805,WHITE CHRISTMAS TREE DECORATION,957.63,957.63,2221,106,104,0.0,0,Commercial Description,Valid,0.0,Low,0.599,Core Commercial Product
23460,SWEETHEART WALL TIDY,1007.08,957.3299999999999,108,47,47,-49.75,5,Commercial Description,Valid,0.0494,Low,0.4586,Core Commercial Product
84466,TOP SECRET PEN SET,1348.36,956.51,1256,84,84,-391.85,397,Commercial Description,Valid,0.2906,High,0.5666,High Return Risk
85124B,BLUE JUICY FRUIT PHOTO FRAME,971.62,956.32,366,106,103,-15.3,6,Commercial Description,Valid,0.0157,Low,0.5051,Core Commercial Product
21636,MADRAS NOTEBOOK MEDIUM,985.74,955.14,1014,103,100,-30.6,12,Commercial Description,Valid,0.031,Low,0.5538,Core Commercial Product
21726,MULTI HEARTS  STICKERS,956.41,954.7099999999999,1105,166,157,-1.7,2,Commercial Description,Valid,0.0018,Low,0.5591,Core Commercial Product
85018D,YULETIDE IMAGES S/6 PAPER BOXES,992.8499999999999,954.6,796,86,82,-38.25,21,Commercial Description,Valid,0.0385,Low,0.5405,Core Commercial Product
71279,PINK GLASS CANDLEHOLDER,995.7200000000001,954.4200000000001,300,92,88,-41.30000000000001,14,Commercial Description,Valid,0.0415,Low,0.4948,Core Commercial Product
85032B,BLOSSOM IMAGES GIFT WRAP SET,953.34,953.34,982,152,152,0.0,0,Commercial Description,Valid,0.0,Low,0.5513,Core Commercial Product
84907,PINK/YELLOW PATCH CUSHION COVER,999.17,953.2700000000001,391,43,43,-45.900000000000006,6,Commercial Description,Valid,0.0459,Low,0.5069,Core Commercial Product
20892,SET/3 TALL GLASS CANDLE HOLDER PINK,1159.08,952.93,105,51,48,-206.15,21,Commercial Description,Valid,0.1779,High,0.4566,High Return Risk
85019B,BLOSSOM  IMAGES NOTEBOOK SET,982.47,952.47,718,49,49,-30.0,24,Commercial Description,Valid,0.0305,Low,0.5347,Core Commercial Product
85032C,CURIOUS IMAGES GIFT WRAP SET,959.1899999999999,951.39,892,164,162,-7.800000000000001,12,Commercial Description,Valid,0.0081,Low,0.5453,Core Commercial Product
84341B,SMALL PINK MAGIC CHRISTMAS TREE,950.0699999999999,950.0699999999999,1786,135,123,0.0,0,Commercial Description,Valid,0.0,Low,0.5852,Core Commercial Product
47589,CONGRATULATIONS BUNTING,1008.7300000000001,948.7800000000001,183,86,85,-59.95,11,Commercial Description,Valid,0.0594,Moderate,0.4746,Monitor Return Risk
23540,WALL ART THE MAGIC FOREST,947.06,947.0600000000001,150,14,14,0.0,0,Commercial Description,Valid,0.0,Low,0.4679,Core Commercial Product
20778,GARDEN PATH NOTEBOOK,950.9599999999996,946.01,3615,98,95,-4.949999999999999,3,Commercial Description,Valid,0.0052,Low,0.6202,Core Commercial Product
22994,TRAVEL CARD WALLET RETROSPOT,956.94,944.34,2194,225,224,-12.6,30,Commercial Description,Valid,0.0132,Low,0.5961,Core Commercial Product
85031A,ROMANTIC IMAGES SCRAP BOOK SET,943.44,943.44,477,103,103,0.0,0,Commercial Description,Valid,0.0,Low,0.515,Core Commercial Product
84816,DANISH ROSE BEDSIDE CABINET,1278.3500000000004,937.7500000000001,33,29,29,-340.6,9,Commercial Description,Valid,0.2664,High,0.4266,High Return Risk
85189,HANGING BUTTERFLY  EGG,967.9499999999999,937.35,1176,76,75,-30.599999999999998,36,Commercial Description,Valid,0.0316,Low,0.5609,Core Commercial Product
20830,SILVER PHOTO FRAME,964.61,937.29,407,88,87,-27.32,11,Commercial Description,Valid,0.0283,Low,0.5069,Core Commercial Product
23183,MOTHER'S KITCHEN SPOON REST,967.17,937.17,226,88,87,-30.0,8,Commercial Description,Valid,0.031,Low,0.4808,Core Commercial Product
84963A,PINK PAINTED KASHMIRI CHAIR,935.1499999999999,935.1500000000001,27,11,10,0.0,0,Commercial Description,Valid,0.0,Low,0.4217,Core Commercial Product
82001s,VINYL RECORD FRAME SILVER,932.9799999999999,932.98,125,29,29,0.0,0,Commercial Description,Valid,0.0,Low,0.4608,Core Commercial Product
21299,EDWARDIAN TOILET ROLL UNIT,966.3500000000001,932.95,166,39,39,-33.4,4,Commercial Description,Valid,0.0346,Low,0.4691,Core Commercial Product
85160A,WHITE BIRD GARDEN DESIGN MUG,1493.75,932.1500000000001,8816,35,35,-561.6,4320,Commercial Description,Valid,0.376,Very High,0.6457,High Return Risk
47504E,ENGLISH ROSE SCISSORS,931.86,931.86,4387,50,50,0.0,0,Commercial Description,Valid,0.0,Low,0.6255,Core Commercial Product
35954,SMALL FOLKART STAR CHRISTMAS DEC,931.55,931.55,2325,125,115,0.0,0,Commercial Description,Valid,0.0,Low,0.5977,Core Commercial Product
20775,DAISY NOTEBOOK,931.5499999999998,931.55,3606,119,116,0.0,0,Commercial Description,Valid,0.0,Low,0.6184,Core Commercial Product
21720,CAKE SHOP  STICKER SHEET,940.86,930.66,1081,115,113,-10.2,12,Commercial Description,Valid,0.0108,Low,0.5545,Core Commercial Product
84664,CHERRY BLOSSOM BATHROOM CABINET,955.35,930.6,193,55,55,-24.75,5,Commercial Description,Valid,0.0259,Low,0.4737,Core Commercial Product
23179,CLOCK MAGNET MUM'S KITCHEN,930.4799999999999,930.48,324,53,53,0.0,0,Commercial Description,Valid,0.0,Low,0.4954,Core Commercial Product
84800L,LARGE WHITE/PINK ROSE ART FLOWER,970.7900000000002,930.23,650,41,41,-40.56,24,Commercial Description,Valid,0.0418,Low,0.5265,Core Commercial Product
22096,PINK PAISLEY SQUARE TISSUE BOX,946.3799999999999,929.04,1671,191,182,-17.34,18,Commercial Description,Valid,0.0183,Low,0.5787,Core Commercial Product
18007,ESSENTIAL BALM 3.5g TIN IN ENVELOPE,1048.5800000000002,928.58,11423,80,74,-120.0,2400,Commercial Description,Valid,0.1144,Moderate,0.649,Monitor Return Risk
85111,SILVER GLITTER FLOWER VOTIVE HOLDER,969.1500000000001,927.39,2919,81,79,-41.76,144,Commercial Description,Valid,0.0431,Low,0.6089,Core Commercial Product
20903,VINTAGE KEEPSAKE BOX TRAVELOGUE,932.4999999999999,926.15,189,89,88,-6.35,1,Commercial Description,Valid,0.0068,Low,0.4725,Core Commercial Product
72800C,S/4 PINK DINNER CANDLE SILVER FLOCK,924.84,924.84,660,80,78,0.0,0,Commercial Description,Valid,0.0,Low,0.527,Core Commercial Product
21724,PANDA AND BUNNIES STICKER SHEET,926.47,924.77,1038,189,180,-1.7,2,Commercial Description,Valid,0.0018,Low,0.5507,Core Commercial Product
22703,PINK CAT BOWL,923.9099999999999,923.91,514,166,165,0.0,0,Commercial Description,Valid,0.0,Low,0.5155,Core Commercial Product
23178,JAM CLOCK MAGNET,936.89,922.44,327,71,71,-14.45,5,Commercial Description,Valid,0.0154,Low,0.4952,Core Commercial Product
85130B,BEADED CRYSTAL HEART GREEN LARGE,921.69,921.69,912,84,83,0.0,0,Commercial Description,Valid,0.0,Low,0.5426,Core Commercial Product
21702,SET 5 MINI GATEAUX  FRIDGE MAGNETS,918.6800000000001,918.6800000000001,2636,9,9,0.0,0,Commercial Description,Valid,0.0,Low,0.6034,Core Commercial Product
84929,ASSTD FRUIT+FLOWERS FRIDGE MAGNETS,1007.52,918.23,3096,99,99,-89.28999999999999,163,Commercial Description,Valid,0.0886,Moderate,0.61,Monitor Return Risk
22143,CHRISTMAS CRAFT HEART DECORATIONS,942.88,917.6800000000001,446,78,77,-25.2,12,Commercial Description,Valid,0.0267,Low,0.5085,Core Commercial Product
20831,GOLD PHOTO FRAME,927.9599999999999,915.36,474,81,80,-12.6,6,Commercial Description,Valid,0.0136,Low,0.511,Core Commercial Product
21129,SILVER FISHING GNOME,949.4400000000002,914.69,124,63,62,-34.75,5,Commercial Description,Valid,0.0366,Low,0.4576,Core Commercial Product
21007,ETCHED GLASS DROPLET DECORATION,914.6700000000001,914.67,1927,50,50,0.0,0,Commercial Description,Valid,0.0,Low,0.5849,Core Commercial Product
85214,TUB 24 PINK FLOWER PEGS,914.28,914.28,531,180,173,0.0,0,Commercial Description,Valid,0.0,Low,0.5153,Core Commercial Product
46776C,WOVEN FROST CUSHION COVER,913.52,913.52,260,99,96,0.0,0,Commercial Description,Valid,0.0,Low,0.4827,Core Commercial Product
21676,FLOWERS  STICKERS,909.8699999999999,909.87,1212,162,159,0.0,0,Commercial Description,Valid,0.0,Low,0.5585,Core Commercial Product
22102,MIRROR MOSAIC T-LIGHT HOLDER,1191.69,909.24,1842,61,61,-282.45,721,Commercial Description,Valid,0.237,High,0.5821,High Return Risk
21303,FILIGREE WALL MIRROR  ANTIQUE WHITE,985.54,909.09,96,37,37,-76.45,11,Commercial Description,Valid,0.0776,Moderate,0.4476,Monitor Return Risk
37482P,CUBIC MUG PINK POLKA DOT,908.8600000000001,908.86,668,86,84,0.0,0,Commercial Description,Valid,0.0,Low,0.5254,Core Commercial Product
21331,MOROCCAN BEATEN METAL DISH LARGE,946.6800000000001,908.43,110,32,32,-38.25,3,Commercial Description,Valid,0.0404,Low,0.4523,Core Commercial Product
85226A,WHITE/BLUE PULL BACK RACING CAR,933.0699999999999,908.32,1714,160,152,-24.750000000000004,45,Commercial Description,Valid,0.0265,Low,0.5772,Core Commercial Product
21264,WHITE GOOSE FEATHER TREE 60CM,923.76,908.16,392,71,70,-15.6,8,Commercial Description,Valid,0.0169,Low,0.5007,Core Commercial Product
72349b,SET/6 PURPLE BUTTERFLY T-LIGHTS,907.35,907.35,218,121,112,0.0,0,Commercial Description,Valid,0.0,Low,0.4746,Core Commercial Product
22707,WRAP MONSTER FUN,905.94,905.94,2157,83,83,0.0,0,Commercial Description,Valid,0.0,Low,0.5893,Core Commercial Product
21335,LIBRARY LAMP,989.6199999999999,904.8199999999999,42,35,35,-84.8,4,Commercial Description,Valid,0.0857,Moderate,0.4259,Monitor Return Risk
37330,SPOTS MUG,927.46,904.3599999999999,517,32,32,-23.099999999999998,12,Commercial Description,Valid,0.0249,Low,0.5129,Core Commercial Product
22164,STRING OF STARS CARD HOLDER,906.8300000000002,903.8800000000001,322,54,52,-2.95,1,Commercial Description,Valid,0.0033,Low,0.491,Core Commercial Product
23338,EGG FRYING PAN RED,915.4000000000002,902.9200000000001,431,110,110,-12.48,6,Commercial Description,Valid,0.0136,Low,0.5043,Core Commercial Product
35598B,BLACK CHRISTMAS TREE 60CM,902.92,902.92,958,61,57,0.0,0,Commercial Description,Valid,0.0,Low,0.5421,Core Commercial Product
85019A,ROMANTIC IMAGES NOTEBOOK SET,932.04,902.04,651,51,50,-30.0,24,Commercial Description,Valid,0.0322,Low,0.5224,Core Commercial Product
85121C,RETRO LAUNDRY TUB PISTACHIO,918.9100000000001,901.91,98,55,55,-17.0,2,Commercial Description,Valid,0.0185,Low,0.4468,Core Commercial Product
90175A,WHITE GLASS CHUNKY CHARM BRACELET,973.3999999999999,901.8,108,65,64,-71.6,8,Commercial Description,Valid,0.0736,Moderate,0.4499,Monitor Return Risk
20757,RED DAISY POCKET BOOK,901.75,901.75,5360,84,79,0.0,0,Commercial Description,Valid,0.0,Low,0.6269,Core Commercial Product
84086C,PINK/PURPLE RETRO RADIO,901.5899999999999,901.59,301,92,88,0.0,0,Commercial Description,Valid,0.0,Low,0.4868,Core Commercial Product
23532,WALL ART WORK REST AND PLAY,901.5800000000002,901.58,210,31,31,0.0,0,Commercial Description,Valid,0.0,Low,0.4713,Core Commercial Product
82607A,GLASS BONBON JAR PARFUME AUX FLEURE,923.72,901.22,663,168,168,-22.5,18,Commercial Description,Valid,0.0244,Low,0.523,Core Commercial Product
46000P,POLYESTER FILLER PAD 65CMx65CM,913.75,901.0,215,55,54,-12.75,3,Commercial Description,Valid,0.014,Low,0.4721,Core Commercial Product
84660B,BLACK STITCHED WALL CLOCK,899.48,899.48,745,61,61,0.0,0,Commercial Description,Valid,0.0,Low,0.5285,Core Commercial Product
37492B,BLUE YELLOW FLOWER PIGGY BANK,946.72,899.02,489,50,50,-47.699999999999996,18,Commercial Description,Valid,0.0504,Moderate,0.5088,Monitor Return Risk
21220,SET/4 BADGES DOGS,898.72,898.72,663,163,159,0.0,0,Commercial Description,Valid,0.0,Low,0.5225,Core Commercial Product
20913,SET/5 BLUE SPOTTY LID GLASS BOWLS,898.7200000000001,898.7199999999999,314,46,46,0.0,0,Commercial Description,Valid,0.0,Low,0.4879,Core Commercial Product
21444,BLUE CHALET BIRDFEEDER,902.03,898.2800000000001,291,38,38,-3.75,1,Commercial Description,Valid,0.0042,Low,0.484,Core Commercial Product
90147,CHUNKY SILVER NECKLACE PASTEL FLOWE,937.45,897.65,93,61,60,-39.8,4,Commercial Description,Valid,0.0425,Low,0.4434,Core Commercial Product
84919,L BLUE C/COVER W PINK/YELLOW FLOWER,1619.8399999999997,896.44,291,50,50,-723.4000000000001,172,Commercial Description,Valid,0.4466,Very High,0.4837,High Return Risk
23502,PLAYING CARDS VINTAGE DOILEY,896.4100000000001,896.41,714,95,94,0.0,0,Commercial Description,Valid,0.0,Low,0.5252,Core Commercial Product
17109B,FLOWER FAIRY INCENSE LAVENDER,896.3399999999999,896.3399999999999,4542,19,19,0.0,0,Commercial Description,Valid,0.0,Low,0.6194,Core Commercial Product
21062,PARTY INVITES SPACEMAN,896.27,896.27,1077,139,136,0.0,0,Commercial Description,Valid,0.0,Low,0.5474,Core Commercial Product
85031B,BLOSSOM IMAGES SCRAP BOOK SET,896.0900000000001,896.09,496,86,86,0.0,0,Commercial Description,Valid,0.0,Low,0.5082,Core Commercial Product
84760L,LARGE HANGING GLASS+ZINC LANTERN,896.0,896.0,560,2,2,0.0,0,Commercial Description,Valid,0.0,Low,0.513,Core Commercial Product
84600,NEW BAROQUE JEWELLERY BOX,918.2700000000001,895.4200000000001,108,55,55,-22.85,3,Commercial Description,Valid,0.0249,Low,0.4475,Core Commercial Product
20759,CHRYSANTHEMUM POCKET BOOK,895.3800000000002,895.38,5782,67,65,0.0,0,Commercial Description,Valid,0.0,Low,0.6266,Core Commercial Product
23472,NINE DRAWER OFFICE TIDY,894.4200000000001,894.42,58,33,33,0.0,0,Commercial Description,Valid,0.0,Low,0.4306,Core Commercial Product
84666,SQUARE CHERRY BLOSSOM CABINET,892.7,892.7,226,34,34,0.0,0,Commercial Description,Valid,0.0,Low,0.4721,Core Commercial Product
21147,JINGLE BELLS TREE DECORATION,896.8599999999999,892.66,488,132,123,-4.2,2,Commercial Description,Valid,0.0047,Low,0.5067,Core Commercial Product
23072,MARIE ANTOINETTE TRINKET BOX SILVER,1273.76,889.76,334,33,33,-384.0,72,Commercial Description,Valid,0.3015,Very High,0.4895,High Return Risk
22647,CERAMIC LOVE HEART MONEY BANK,922.99,888.1899999999999,1059,88,87,-34.8,24,Commercial Description,Valid,0.0377,Low,0.5451,Core Commercial Product
22248,DECORATION  PINK CHICK MAGIC GARDEN,903.16,885.31,1014,183,176,-17.85,21,Commercial Description,Valid,0.0198,Low,0.5422,Core Commercial Product
17012B,ORIGAMI JASMINE INCENSE/CANDLE SET,885.02,885.02,728,133,128,0.0,0,Commercial Description,Valid,0.0,Low,0.5245,Core Commercial Product
20991,JAZZ HEARTS MAGNETIC MEMO PAD,884.5600000000001,884.5600000000002,7084,33,33,0.0,0,Commercial Description,Valid,0.0,Low,0.6316,Core Commercial Product
21480,PINK STRIPE HOT WATER BOTTLE,899.52,881.82,285,60,59,-17.700000000000003,6,Commercial Description,Valid,0.0197,Low,0.4807,Core Commercial Product
90200C,BLUE SWEETHEART BRACELET,895.8399999999998,878.84,211,107,102,-17.0,4,Commercial Description,Valid,0.019,Low,0.4681,Core Commercial Product
72799A,BLACK PILLAR CANDLE SILVER FLOCK,877.8000000000001,877.8000000000001,612,21,21,0.0,0,Commercial Description,Valid,0.0,Low,0.5156,Core Commercial Product
84925F,PSYCHEDELIC WALL THERMOMETER,875.6600000000001,875.66,715,38,37,0.0,0,Commercial Description,Valid,0.0,Low,0.523,Core Commercial Product
21270,ANTIQUE CREAM CUTLERY CUPBOARD,874.43,874.43,76,52,51,0.0,0,Commercial Description,Valid,0.0,Low,0.4356,Core Commercial Product
21338,MARAKESH LANTERN SMALL,873.2500000000001,873.25,199,16,15,0.0,0,Commercial Description,Valid,0.0,Low,0.4655,Core Commercial Product
85165,CANDY PINK FRENCH BOUDOIR CLOCK,872.7600000000001,872.76,90,60,60,0.0,0,Commercial Description,Valid,0.0,Low,0.4397,Core Commercial Product
23479,WIRE EGG BASKET,872.3800000000002,872.38,113,44,44,0.0,0,Commercial Description,Valid,0.0,Low,0.4472,Core Commercial Product
23099,FRENCH CARRIAGE LANTERN,925.3499999999998,872.1500000000001,137,63,62,-53.2,8,Commercial Description,Valid,0.0575,Moderate,0.4531,Monitor Return Risk
85194S,HANGING SPRING FLOWER EGG SMALL,889.4599999999998,871.0699999999999,1760,136,134,-18.39,29,Commercial Description,Valid,0.0207,Low,0.5723,Core Commercial Product
84974,S/2 ZINC HEART DESIGN PLANTERS,879.5500000000001,869.5999999999999,89,59,58,-9.95,1,Commercial Description,Valid,0.0113,Low,0.439,Core Commercial Product
22547,MINI JIGSAW DINOSAUR,869.95,869.11,2032,199,190,-0.84,2,Commercial Description,Valid,0.001,Low,0.58,Core Commercial Product
21414,SCALLOP SHELL SOAP DISH,870.8900000000002,868.79,1637,41,39,-2.1,1,Commercial Description,Valid,0.0024,Low,0.568,Core Commercial Product
21128,GOLD FISHING GNOME,868.2500000000001,868.25,129,59,57,0.0,0,Commercial Description,Valid,0.0,Low,0.4505,Core Commercial Product
21293,MIRRORED DOVE WALL DECORATION,872.34,868.14,343,87,86,-4.2,2,Commercial Description,Valid,0.0048,Low,0.488,Core Commercial Product
85166B,BLACK METAL BAROQUE PHOTO FRAME,864.1,864.1,510,39,39,0.0,0,Commercial Description,Valid,0.0,Low,0.5059,Core Commercial Product
84820,DANISH ROSE TRINKET TRAYS,899.3700000000001,863.67,323,56,56,-35.7,6,Commercial Description,Valid,0.0397,Low,0.4848,Core Commercial Product
21393,BLUE  SPOTTY PUDDING BOWL,1191.7099999999998,860.9300000000001,5253,51,47,-330.78000000000003,2499,Commercial Description,Valid,0.2776,High,0.6204,High Return Risk
21320,GLASS CHALICE GREEN  LARGE,913.3400000000001,860.84,398,67,66,-52.5,22,Commercial Description,Valid,0.0575,Moderate,0.4938,Monitor Return Risk
23002,TRAVEL CARD WALLET SKULLS,914.3699999999999,860.61,2119,202,200,-53.760000000000005,128,Commercial Description,Valid,0.0588,Moderate,0.5812,Monitor Return Risk
21318,GLASS CHALICE BLUE SMALL,900.4200000000001,860.36,972,107,106,-40.06,32,Commercial Description,Valid,0.0445,Low,0.5365,Core Commercial Product
37424,WHITE WITH BLACK CATS MUG,1134.68,860.12,5249,111,111,-274.56,2112,Commercial Description,Valid,0.242,High,0.6198,High Return Risk
23413,VINTAGE COFFEE GRINDER BOX,909.3099999999998,859.51,173,59,59,-49.8,12,Commercial Description,Valid,0.0548,Moderate,0.4589,Monitor Return Risk
23220,REINDEER HEART DECORATION GOLD,869.1500000000001,859.19,993,105,104,-9.96,12,Commercial Description,Valid,0.0115,Low,0.5373,Core Commercial Product
23423,PANTRY 3 HOOK ROLLING PIN HANGER,876.9000000000001,858.15,219,69,69,-18.75,5,Commercial Description,Valid,0.0214,Low,0.4668,Core Commercial Product
20941,FROG CANDLE,898.79,857.4399999999999,999,134,131,-41.35,47,Commercial Description,Valid,0.046,Low,0.5374,Core Commercial Product
17033,"BROCADE PURSE,SMALL ARCH BUTTON",867.8400000000001,857.4,3280,73,73,-10.44,36,Commercial Description,Valid,0.012,Low,0.6019,Core Commercial Product
21376,LARGE  TALL CAMPHOR WOOD TOADSTOOL,855.3599999999999,855.36,184,47,46,0.0,0,Commercial Description,Valid,0.0,Low,0.4605,Core Commercial Product
84578,ELEPHANT TOY WITH BLUE T-SHIRT,854.91,854.91,222,115,113,0.0,0,Commercial Description,Valid,0.0,Low,0.4668,Core Commercial Product
20803,SMALL PINK GLASS SUNDAE DISH,891.26,852.8,1154,90,88,-38.46,74,Commercial Description,Valid,0.0432,Low,0.546,Core Commercial Product
85071C,"CHARLIE+LOLA""EXTREMELY BUSY"" SIGN",852.5299999999997,852.53,1291,143,141,0.0,0,Commercial Description,Valid,0.0,Low,0.5522,Core Commercial Product
22820,GIFT BAG BIRTHDAY,852.9300000000001,851.63,1365,113,111,-1.3,2,Commercial Description,Valid,0.0015,Low,0.5549,Core Commercial Product
22510,DOORSTOP RUSSIAN DOLL GINGHAM,851.57,851.57,324,92,90,0.0,0,Commercial Description,Valid,0.0,Low,0.4829,Core Commercial Product
20756,GREEN FERN POCKET BOOK,851.56,851.5600000000001,5728,66,66,0.0,0,Commercial Description,Valid,0.0,Low,0.6207,Core Commercial Product
84660A,WHITE STITCHED WALL CLOCK,855.26,850.72,860,56,56,-4.54,2,Commercial Description,Valid,0.0053,Low,0.528,Core Commercial Product
21478,SILVER SKULL HOT WATER BOTTLE,854.23,850.48,204,100,99,-3.75,1,Commercial Description,Valid,0.0044,Low,0.4623,Core Commercial Product
84817,DANISH ROSE DECORATIVE PLATE,937.4399999999998,849.6,1059,87,86,-87.84,43,Commercial Description,Valid,0.0937,Moderate,0.5399,Monitor Return Risk
21458,2 PICTURE BOOK EGGS EASTER BUNNY,849.24,849.24,768,88,88,0.0,0,Commercial Description,Valid,0.0,Low,0.5224,Core Commercial Product
90161C,ANT COPPER LIME BOUDICCA BRACELET,849.0000000000002,849.0,170,101,100,0.0,0,Commercial Description,Valid,0.0,Low,0.456,Core Commercial Product
47563A,RETRO LONGBOARD IRONING BOARD COVER,852.1899999999999,847.19,346,155,152,-5.0,4,Commercial Description,Valid,0.0059,Low,0.485,Core Commercial Product
47367B,PAIR PADDED HANGERS PINK CHECK,849.1700000000001,845.4200000000001,246,100,96,-3.75,1,Commercial Description,Valid,0.0044,Low,0.4686,Core Commercial Product
85208,SET/12 FUNKY FELT FLOWER PEG IN BAG,845.34,845.34,424,91,88,0.0,0,Commercial Description,Valid,0.0,Low,0.4938,Core Commercial Product
21375,LARGE CAMPHOR WOOD FIELD MUSHROOM,845.0899999999999,845.0899999999999,137,64,61,0.0,0,Commercial Description,Valid,0.0,Low,0.4486,Core Commercial Product
84509a,ENGLISH ROSE PLACEMATS,844.7399999999999,844.74,113,75,75,0.0,0,Commercial Description,Valid,0.0,Low,0.4424,Core Commercial Product
85121B,RETRO LAUNDRY TUB PINK,936.74,843.24,86,57,57,-93.5,11,Commercial Description,Valid,0.0998,Moderate,0.4338,Monitor Return Risk
21719,LOVELY BONBON STICKER SHEET,841.96,841.9599999999999,938,152,142,0.0,0,Commercial Description,Valid,0.0,Low,0.5308,Core Commercial Product
23564,EGG CUP MILKMAID INGRID,841.31,841.31,644,76,76,0.0,0,Commercial Description,Valid,0.0,Low,0.5119,Core Commercial Product
23551,PACK OF 12 PAISLEY PARK TISSUES,839.8399999999999,839.8399999999999,1840,138,136,0.0,0,Commercial Description,Valid,0.0,Low,0.5702,Core Commercial Product
21255,"FRENCH BOTTLE , LAVENDER",860.0799999999999,838.63,476,101,101,-21.45,13,Commercial Description,Valid,0.0249,Low,0.4984,Core Commercial Product
85231L,LAVENDER SCENTED SET/9 T-LIGHTS,838.3500000000001,838.3499999999999,1039,121,119,0.0,0,Commercial Description,Valid,0.0,Low,0.537,Core Commercial Product
20936,FORKED CACTUS CANDLE,867.0,838.3000000000001,340,82,79,-28.700000000000003,10,Commercial Description,Valid,0.0331,Low,0.4829,Core Commercial Product
17039,INLAID WOOD INCENSE HOLDER,837.88,837.88,3707,44,44,0.0,0,Commercial Description,Valid,0.0,Low,0.6037,Core Commercial Product
84762B,PINK PICNIC BARBECUE BUCKET,837.77,837.77,113,49,49,0.0,0,Commercial Description,Valid,0.0,Low,0.4412,Core Commercial Product
40018E,TEA TIME PAPER LANTERNS,837.02,837.02,384,84,84,0.0,0,Commercial Description,Valid,0.0,Low,0.4877,Core Commercial Product
17107D,"FLOWER FAIRY,5 SUMMER B'DRAW LINERS",841.4999999999999,836.4,330,92,87,-5.1,2,Commercial Description,Valid,0.0061,Low,0.4812,Core Commercial Product
16046,TEATIME PEN CASE & PENS,1224.3499999999997,835.31,10057,66,62,-389.03999999999996,4632,Commercial Description,Valid,0.3178,Very High,0.6316,High Return Risk
20776,ABSTRACT CIRCLES NOTEBOOK,832.6599999999999,832.66,3258,87,86,0.0,0,Commercial Description,Valid,0.0,Low,0.5978,Core Commercial Product
21185,HOME SWEET HOME  BLACKBOARD,876.29,831.84,132,49,49,-44.45,7,Commercial Description,Valid,0.0507,Moderate,0.4452,Monitor Return Risk
85213,MINI  ZINC GARDEN DECORATIONS,830.6600000000001,829.81,1379,85,84,-0.85,1,Commercial Description,Valid,0.001,Low,0.5517,Core Commercial Product
84951A,S/4 PISTACHIO LOVEBIRD COASTERS,848.76,829.8,622,136,136,-18.96,24,Commercial Description,Valid,0.0223,Low,0.5086,Core Commercial Product
21635,MADRAS NOTEBOOK LARGE,873.99,828.99,403,48,45,-45.0,12,Commercial Description,Valid,0.0515,Moderate,0.4889,Monitor Return Risk
21654,RIDGED GLASS FINGER BOWL,828.9099999999999,828.91,1189,85,83,0.0,0,Commercial Description,Valid,0.0,Low,0.5434,Core Commercial Product
85161,ACRYLIC GEOMETRIC LAMP,863.8500000000001,825.95,51,37,36,-37.9,2,Commercial Description,Valid,0.0439,Low,0.418,Core Commercial Product
23004,TRAVEL CARD WALLET PANTRY,903.1599999999999,825.88,2002,228,225,-77.28,184,Commercial Description,Valid,0.0856,Moderate,0.5723,Monitor Return Risk
20699,MOUSEY LONG LEGS SOFT TOY,825.81,825.81,300,95,89,0.0,0,Commercial Description,Valid,0.0,Low,0.4747,Core Commercial Product
21551,CERAMIC BIRDHOUSE BUTTERFLY LARGE,824.95,824.95,169,25,25,0.0,0,Commercial Description,Valid,0.0,Low,0.4521,Core Commercial Product
21374,MIRRORED WALL ART SKULLS,824.6700000000001,824.67,474,72,71,0.0,0,Commercial Description,Valid,0.0,Low,0.4958,Core Commercial Product
85196,EASTER BUNNIES ON A STICK,831.0400000000001,824.44,1564,74,74,-6.6000000000000005,12,Commercial Description,Valid,0.0079,Low,0.558,Core Commercial Product
84920,PINK FLOWER FABRIC PONY,824.1300000000001,824.13,206,92,90,0.0,0,Commercial Description,Valid,0.0,Low,0.4583,Core Commercial Product
90200E,GREEN SWEETHEART BRACELET,890.95,822.95,213,99,96,-68.0,16,Commercial Description,Valid,0.0763,Moderate,0.4596,Monitor Return Risk
20894,HANGING BAUBLE T-LIGHT HOLDER LARGE,839.1,822.2,271,85,82,-16.9,6,Commercial Description,Valid,0.0201,Low,0.4692,Core Commercial Product
82613C,"METAL SIGN,CUPCAKE SINGLE HOOK",832.56,821.66,775,194,189,-10.9,22,Commercial Description,Valid,0.0131,Low,0.5182,Core Commercial Product
21552,CERAMIC BIRDHOUSE BLACK ROSE  LARGE,837.6000000000003,819.75,165,41,40,-17.85,3,Commercial Description,Valid,0.0213,Low,0.4501,Core Commercial Product
22135,LADLE LOVE HEART PINK,829.4300000000001,819.35,1661,331,319,-10.08,24,Commercial Description,Valid,0.0122,Low,0.5606,Core Commercial Product
20897,VINTAGE NOTEBOOK PARIS DAYS,872.3100000000001,819.21,358,82,79,-53.10000000000001,18,Commercial Description,Valid,0.0609,Moderate,0.482,Monitor Return Risk
22344,PARTY PIZZA DISH PINK+WHITE SPOT,819.1800000000001,819.18,1593,135,133,0.0,0,Commercial Description,Valid,0.0,Low,0.558,Core Commercial Product
20769,DAISY JOURNAL,819.0099999999999,819.01,442,82,79,0.0,0,Commercial Description,Valid,0.0,Low,0.4913,Core Commercial Product
17012A,ORIGAMI VANILLA INCENSE/CANDLE SET,818.71,818.7099999999999,731,101,97,0.0,0,Commercial Description,Valid,0.0,Low,0.5144,Core Commercial Product
85187,S/12 MINI RABBIT EASTER,818.13,818.13,480,113,109,0.0,0,Commercial Description,Valid,0.0,Low,0.4949,Core Commercial Product
84826,ASSTD DESIGN 3D PAPER STICKERS,920.08,818.08,1794,57,54,-102.0,120,Commercial Description,Valid,0.1109,Moderate,0.5642,Monitor Return Risk
22289,"DECORATION , HANGING METAL CHICKEN",817.48,817.48,764,78,76,0.0,0,Commercial Description,Valid,0.0,Low,0.5166,Core Commercial Product
84849A,HELLO SAILOR BLUE SOAP HOLDER,855.5400000000001,816.6700000000001,483,109,106,-38.87,23,Commercial Description,Valid,0.0454,Low,0.4949,Core Commercial Product
37333,"RETRO ""TEA FOR ONE""",815.0000000000002,815.0,147,65,63,0.0,0,Commercial Description,Valid,0.0,Low,0.4458,Core Commercial Product
84970s,HANGING HEART ZINC T-LIGHT HOLDER,813.86,813.86,387,103,98,0.0,0,Commercial Description,Valid,0.0,Low,0.4841,Core Commercial Product
23017,APOTHECARY MEASURING JAR,826.28,813.78,67,23,23,-12.5,1,Commercial Description,Valid,0.0151,Low,0.422,Core Commercial Product
23186,FRENCH STYLE STORAGE JAR CAFE,819.4599999999999,810.2199999999999,1982,73,72,-9.24,12,Commercial Description,Valid,0.0113,Low,0.5689,Core Commercial Product
21222,SET/4 BADGES BEETLES,809.6700000000001,809.67,623,136,133,0.0,0,Commercial Description,Valid,0.0,Low,0.5051,Core Commercial Product
84922,PINK BUTTERFLY WASHBAG,808.22,808.22,342,22,22,0.0,0,Commercial Description,Valid,0.0,Low,0.4782,Core Commercial Product
84767,ZINC POLICE BOX LANTERN,806.22,806.22,195,8,8,0.0,0,Commercial Description,Valid,0.0,Low,0.4539,Core Commercial Product
47574A,ENGLISH ROSE SCENTED HANGING FLOWER,805.48,803.98,576,133,131,-1.5,2,Commercial Description,Valid,0.0019,Low,0.5009,Core Commercial Product
16011,ANIMAL STICKERS,808.98,803.9399999999999,3858,115,113,-5.04,24,Commercial Description,Valid,0.0062,Low,0.6002,Core Commercial Product
84951B,S/4 BLACK LOVEBIRD COASTERS,802.7299999999999,802.73,565,121,120,0.0,0,Commercial Description,Valid,0.0,Low,0.5,Core Commercial Product
85188A,GREEN METAL SWINGING BUNNY,824.97,802.02,944,107,107,-22.95,27,Commercial Description,Valid,0.0278,Low,0.5251,Core Commercial Product
22229,BUNNY WOODEN PAINTED WITH FLOWER,845.2999999999998,801.0999999999999,1007,196,192,-44.2,52,Commercial Description,Valid,0.0523,Moderate,0.5288,Monitor Return Risk
84534B,FAIRY CAKE NOTEBOOK A5 SIZE,824.5799999999999,800.78,870,205,194,-23.799999999999997,28,Commercial Description,Valid,0.0289,Low,0.5209,Core Commercial Product
85017A,ENVELOPE 50 ROMANTIC IMAGES,799.8,799.8,1166,185,179,0.0,0,Commercial Description,Valid,0.0,Low,0.5378,Core Commercial Product
84632,DECORATIVE HANGING SHELVING UNIT,859.2500000000001,799.3000000000001,15,12,12,-59.95,1,Commercial Description,Valid,0.0698,Moderate,0.3896,Monitor Return Risk
72801G,S/4 BURGUNDY WINE DINNER CANDLES,798.62,798.62,1325,69,67,0.0,0,Commercial Description,Valid,0.0,Low,0.5446,Core Commercial Product
21454,PAINTED PINK RABBIT,807.5999999999999,797.4,937,198,195,-10.2,12,Commercial Description,Valid,0.0126,Low,0.5237,Core Commercial Product
20997,ROSE DU SUD CUSHION COVER,796.74,796.74,170,83,83,0.0,0,Commercial Description,Valid,0.0,Low,0.4479,Core Commercial Product
21723,ALPHABET HEARTS STICKER SHEET,796.21,796.2099999999999,895,143,136,0.0,0,Commercial Description,Valid,0.0,Low,0.5213,Core Commercial Product
21015,DARK BIRD HOUSE TREE DECORATION,797.3299999999999,796.17,1720,195,187,-1.16,4,Commercial Description,Valid,0.0015,Low,0.559,Core Commercial Product
20901,VINTAGE KEEPSAKE BOX PINK FLOWER,806.5799999999999,793.88,91,68,68,-12.7,2,Commercial Description,Valid,0.0157,Low,0.4272,Core Commercial Product
72529W,WHITE ADVENT CANDLE,918.75,793.69,464,53,52,-125.06,74,Commercial Description,Valid,0.1361,Moderate,0.4898,Monitor Return Risk
23521,CAT AND BIRD WALL ART,793.3699999999999,793.37,413,44,44,0.0,0,Commercial Description,Valid,0.0,Low,0.4839,Core Commercial Product
35915C,PEACH KNITTED HEN,793.32,793.32,662,84,84,0.0,0,Commercial Description,Valid,0.0,Low,0.5058,Core Commercial Product
22447,PIN CUSHION RUSSIAN DOLL BLUE,813.16,793.0600000000001,252,85,83,-20.1,6,Commercial Description,Valid,0.0247,Low,0.4615,Core Commercial Product
23519,EMBROIDERED RIBBON REEL CLAIRE,792.31,792.31,224,24,24,0.0,0,Commercial Description,Valid,0.0,Low,0.4566,Core Commercial Product
45008C,DECORATIVE NET CANOPY CREAM,792.0699999999999,792.0699999999999,83,36,36,0.0,0,Commercial Description,Valid,0.0,Low,0.4248,Core Commercial Product
84712B,PINK JEWELLED PHOTO FRAME,791.0100000000001,791.01,101,62,61,0.0,0,Commercial Description,Valid,0.0,Low,0.4298,Core Commercial Product
23568,EGG CUP HENRIETTA HEN CREAM,787.52,786.27,630,49,49,-1.25,1,Commercial Description,Valid,0.0016,Low,0.5024,Core Commercial Product
22058,CERAMIC LOVE HEARTS DESIGN MUG,795.72,783.8,520,117,110,-11.92,8,Commercial Description,Valid,0.015,Low,0.4939,Core Commercial Product
72799C,PINK PILLAR CANDLE SILVER FLOCK,783.0999999999999,783.1,471,48,48,0.0,0,Commercial Description,Valid,0.0,Low,0.4893,Core Commercial Product
21455,PAINTED YELLOW WOODEN DAISY,797.27,782.8199999999999,901,173,169,-14.450000000000001,17,Commercial Description,Valid,0.0181,Low,0.52,Core Commercial Product
20910,VINTAGE PHOTO ALBUM PARIS DAYS,781.8199999999999,781.8199999999999,108,50,49,0.0,0,Commercial Description,Valid,0.0,Low,0.4311,Core Commercial Product
84847,FLORAL BATHROOM SET,1149.73,781.45,2330,53,53,-368.28,1116,Commercial Description,Valid,0.3203,Very High,0.5742,High Return Risk
23106,ZINC HEARTS PLANT POT HOLDER,815.59,780.9100000000001,291,54,54,-34.68,12,Commercial Description,Valid,0.0425,Low,0.4663,Core Commercial Product
84247E,PACK/12 XMAS FUN CARD,1072.9000000000003,779.4000000000001,379,112,109,-293.50000000000006,106,Commercial Description,Valid,0.2736,High,0.4791,High Return Risk
37494A,FAIRY CAKE CERAMIC BUTTER DISH,793.4399999999999,778.69,237,55,55,-14.750000000000002,5,Commercial Description,Valid,0.0186,Low,0.4572,Core Commercial Product
37461,FUNKY MONKEY MUG,779.89,778.64,743,106,102,-1.25,1,Commercial Description,Valid,0.0016,Low,0.5098,Core Commercial Product
20989,URBAN CHIC CHOPSTICKS SET/5,782.18,778.28,407,61,61,-3.9,2,Commercial Description,Valid,0.005,Low,0.4813,Core Commercial Product
85044,RED REINDEER STRING OF 20 LIGHTS,801.4,778.05,149,49,48,-23.35,5,Commercial Description,Valid,0.0291,Low,0.4411,Core Commercial Product
23409,PHOTO FRAME LINEN AND LACE LARGE,801.6800000000001,775.43,215,45,45,-26.25,7,Commercial Description,Valid,0.0327,Low,0.453,Core Commercial Product
21456,2 PICTURE BOOK EGGS EASTER CHICKS,776.05,774.8,738,67,66,-1.25,1,Commercial Description,Valid,0.0016,Low,0.5089,Core Commercial Product
22408,MONEY BOX CONFECTIONERY DESIGN,813.67,774.26,662,99,97,-39.41,37,Commercial Description,Valid,0.0484,Low,0.5033,Core Commercial Product
20661,BLUE SPOTTY PURSE,983.0099999999999,772.71,899,129,127,-210.3,354,Commercial Description,Valid,0.2139,High,0.5183,High Return Risk
23071,MARIE ANTOIENETT TRINKET BOX GOLD,1205.1,771.1,315,25,24,-434.0,76,Commercial Description,Valid,0.3601,Very High,0.4691,High Return Risk
35095B,RED VICTORIAN FABRIC OVAL BOX,770.8399999999999,770.84,1957,181,177,0.0,0,Commercial Description,Valid,0.0,Low,0.5626,Core Commercial Product
85145,JARDIN ETCHED GLASS LARGE BELL JAR,809.0499999999998,770.8,91,32,32,-38.25,3,Commercial Description,Valid,0.0473,Low,0.4237,Core Commercial Product
22640,SET OF 4 NAPKIN CHARMS 3 KEYS,770.4899999999999,770.49,359,93,90,0.0,0,Commercial Description,Valid,0.0,Low,0.4749,Core Commercial Product
23115,Damaged,770.32,770.32,152,46,46,0.0,0,Operational / Dirty Description,Review Required,0.0,Low,0.4405,Review / Operational
22825,DECORATIVE PLANT POT WITH FRIEZE,822.87,769.62,103,44,42,-53.25,7,Commercial Description,Valid,0.0647,Moderate,0.4274,Monitor Return Risk
90200B,BLACK SWEETHEART BRACELET,783.9499999999999,766.95,185,87,86,-17.0,4,Commercial Description,Valid,0.0217,Low,0.4468,Core Commercial Product
84029C,BROWN FURRY HOT WATER BOTTLE,766.19,766.19,204,49,49,0.0,0,Commercial Description,Valid,0.0,Low,0.4494,Core Commercial Product
23335,EGG FRYING PAN IVORY,790.7800000000001,765.82,377,99,98,-24.96,12,Commercial Description,Valid,0.0316,Low,0.4765,Core Commercial Product
84952C,MIRROR LOVE BIRD T-LIGHT HOLDER,765.13,765.13,413,51,44,0.0,0,Commercial Description,Valid,0.0,Low,0.4799,Core Commercial Product
16244B,MAXWELL 2 TONE BLUE 60 PAGE PHOTO A,765.02,765.02,345,31,30,0.0,0,Commercial Description,Valid,0.0,Low,0.4721,Core Commercial Product
84782A,PINK 3 TIER GLASS PLATE STAND,840.45,763.95,119,34,34,-76.5,6,Commercial Description,Valid,0.091,Moderate,0.4319,Monitor Return Risk
47594B,SCOTTIES DESIGN WASHBAG,808.39,763.54,408,135,135,-44.85000000000001,23,Commercial Description,Valid,0.0555,Moderate,0.4791,Monitor Return Risk
23550,WRAP ALPHABET POSTER,763.1,763.1,1855,64,64,0.0,0,Commercial Description,Valid,0.0,Low,0.5587,Core Commercial Product
72750A,"F.FAIRY S/3 CANDLE/GLASS,LILY/VALLY",766.8499999999999,762.95,383,18,18,-3.9,2,Commercial Description,Valid,0.0051,Low,0.4762,Core Commercial Product
22124,SET OF 2 TEA TOWELS PING MICROWAVE,761.97,761.97,302,134,132,0.0,0,Commercial Description,Valid,0.0,Low,0.465,Core Commercial Product
20833,SHAKER THROW  QUILTED,811.8,761.85,52,7,7,-49.95,1,Commercial Description,Valid,0.0615,Moderate,0.4081,Monitor Return Risk
84762C,GREEN PICNIC BARBECUE BUCKET,761.25,761.25,105,44,44,0.0,0,Commercial Description,Valid,0.0,Low,0.4265,Core Commercial Product
35811A,ENAMEL PINK SUGAR CONTAINER,762.97,758.77,434,87,87,-4.2,2,Commercial Description,Valid,0.0055,Low,0.4815,Core Commercial Product
23282,FOLDING BUTTERFLY MIRROR IVORY,757.86,757.86,812,137,135,0.0,0,Commercial Description,Valid,0.0,Low,0.5105,Core Commercial Product
85131B,BEADED CRYSTAL HEART GREEN ON STICK,757.0899999999999,757.09,979,225,216,0.0,0,Commercial Description,Valid,0.0,Low,0.5204,Core Commercial Product
22638,SET OF 4 NAPKIN CHARMS CROWNS,758.18,755.63,414,81,77,-2.55,1,Commercial Description,Valid,0.0034,Low,0.4784,Core Commercial Product
23123,COCKTAIL SWORDS 50 PIECES,759.5700000000002,754.59,935,97,97,-4.98,6,Commercial Description,Valid,0.0066,Low,0.5169,Core Commercial Product
90200A,PURPLE SWEETHEART BRACELET,770.9100000000001,753.91,182,106,101,-17.0,4,Commercial Description,Valid,0.0221,Low,0.4441,Core Commercial Product
72755C,FLOWER FAIRY OIL BURNER SET ROSE,767.0,753.25,592,17,17,-13.75,11,Commercial Description,Valid,0.0179,Low,0.4944,Core Commercial Product
16259,PIECE OF CAMO STATIONERY SET,766.0899999999999,751.99,5473,60,60,-14.100000000000001,134,Commercial Description,Valid,0.0184,Low,0.6042,Core Commercial Product
23124,18PC WOODEN CUTLERY SET DISPOSABLE,751.3800000000001,751.38,567,43,43,0.0,0,Commercial Description,Valid,0.0,Low,0.4922,Core Commercial Product
85110,BLACK SILVER FLOWER T-LIGHT HOLDER,1138.04,750.6800000000001,11520,27,27,-387.36,5040,Commercial Description,Valid,0.3404,Very High,0.621,High Return Risk
84653,GREEN ROSE QUILT,750.4800000000001,750.48,14,15,15,0.0,0,Commercial Description,Valid,0.0,Low,0.3808,Core Commercial Product
21554,CERAMIC BIRDHOUSE RED ROOF LARGE,767.7500000000001,749.9,167,26,26,-17.85,3,Commercial Description,Valid,0.0232,Low,0.4398,Core Commercial Product
90209B,GREEN ENAMEL+GLASS HAIR COMB,749.6500000000002,749.65,389,104,98,0.0,0,Commercial Description,Valid,0.0,Low,0.4747,Core Commercial Product
90161B,ANT COPPER TURQ BOUDICCA BRACELET,749.4300000000002,749.43,150,78,76,0.0,0,Commercial Description,Valid,0.0,Low,0.4366,Core Commercial Product
21001,ROSE DU SUD WASHBAG,749.0100000000001,749.01,148,95,90,0.0,0,Commercial Description,Valid,0.0,Low,0.436,Core Commercial Product
23324,RUSTIC STRAWBERRY JAMPOT LARGE,816.0400000000001,748.5300000000001,399,46,46,-67.50999999999999,35,Commercial Description,Valid,0.0827,Moderate,0.4754,Monitor Return Risk
84761,IVORY HANGING BIRD PLANTER,768.8499999999999,748.4499999999999,276,63,63,-20.4,8,Commercial Description,Valid,0.0265,Low,0.4585,Core Commercial Product
23025,DRAWER KNOB VINTAGE GLASS BALL,760.8000000000001,748.32,350,55,55,-12.48,6,Commercial Description,Valid,0.0164,Low,0.4695,Core Commercial Product
35647,VINTAGE BEAD PINK SHADE,748.24,748.24,563,75,74,0.0,0,Commercial Description,Valid,0.0,Low,0.4904,Core Commercial Product
90209C,PINK ENAMEL+GLASS HAIR COMB,760.7900000000001,748.19,402,74,72,-12.600000000000001,6,Commercial Description,Valid,0.0166,Low,0.4752,Core Commercial Product
17165B,ASS COL LARGE SAND GECKO P'WEIGHT,751.6800000000001,747.48,810,66,62,-4.2,4,Commercial Description,Valid,0.0056,Low,0.5079,Core Commercial Product
84620,BLUE GINGHAM ROSE CUSHION COVER,746.61,746.61,121,51,51,0.0,0,Commercial Description,Valid,0.0,Low,0.4289,Core Commercial Product
23022,SMALL BONNE JAM JAR  T-LIGHT HOLDER,808.16,745.76,422,26,24,-62.400000000000006,30,Commercial Description,Valid,0.0772,Moderate,0.4771,Monitor Return Risk
21194,PINK  HONEYCOMB PAPER FAN,751.4999999999999,745.0,578,100,98,-6.5,10,Commercial Description,Valid,0.0086,Low,0.4908,Core Commercial Product
72800A,S/4 BLACK DINNER CANDLE SILVER FLOC,743.2599999999998,743.26,674,48,48,0.0,0,Commercial Description,Valid,0.0,Low,0.4982,Core Commercial Product
84663A,GRASS HOPPER WOODEN WALL CLOCK,758.21,743.15,375,73,71,-15.059999999999999,6,Commercial Description,Valid,0.0199,Low,0.4715,Core Commercial Product
21377,SMALL CAMPHOR WOOD FIELD  MUSHROOM,760.8299999999999,741.63,527,102,99,-19.200000000000003,24,Commercial Description,Valid,0.0252,Low,0.4866,Core Commercial Product
47581B,FAIRY CAKE WICKER PICNIC BASKET,753.77,741.02,46,39,39,-12.75,1,Commercial Description,Valid,0.0169,Low,0.4009,Core Commercial Product
23223,CHRISTMAS TREE HANGING SILVER,750.1899999999999,740.23,801,90,89,-9.96,12,Commercial Description,Valid,0.0133,Low,0.5063,Core Commercial Product
21503,TOYBOX  WRAP,740.4200000000001,740.0,1801,67,67,-0.42,1,Commercial Description,Valid,0.0006,Low,0.5522,Core Commercial Product
85130C,BEADED CRYSTAL HEART BLUE  LARGE,737.8900000000001,737.89,659,69,68,0.0,0,Commercial Description,Valid,0.0,Low,0.4963,Core Commercial Product
84625D,WHITE NEWBAROQUE CANDLESTICK CANDLE,793.34,735.49,650,57,56,-57.85000000000001,31,Commercial Description,Valid,0.0729,Moderate,0.4952,Monitor Return Risk
84715,SET OF 6 ICE CREAM SKITTLES,734.89,734.8900000000001,241,49,49,0.0,0,Commercial Description,Valid,0.0,Low,0.4502,Core Commercial Product
21415,CLAM SHELL SMALL,734.57,734.57,351,84,82,0.0,0,Commercial Description,Valid,0.0,Low,0.4674,Core Commercial Product
79030D,"TUMBLER, BAROQUE",734.26,733.87,1016,66,64,-0.39,1,Commercial Description,Valid,0.0005,Low,0.5186,Core Commercial Product
84708B,PINK JEWELLED PHOTO FRAME,732.79,732.7900000000001,142,55,54,0.0,0,Commercial Description,Valid,0.0,Low,0.4318,Core Commercial Product
85230F,JASMINE VOTIVE CANDLE,732.6600000000001,732.66,2970,65,64,0.0,0,Commercial Description,Valid,0.0,Low,0.5783,Core Commercial Product
23435,3 RAFFIA RIBBONS VINTAGE CHRISTMAS,732.4200000000002,732.4200000000001,824,99,99,0.0,0,Commercial Description,Valid,0.0,Low,0.5066,Core Commercial Product
84821,DANISH ROSE DELUXE COASTER,742.4999999999998,732.3,1318,76,75,-10.2,12,Commercial Description,Valid,0.0137,Low,0.533,Core Commercial Product
21365,MIRRORED WALL ART STARS,731.5300000000001,731.5300000000001,476,81,77,0.0,0,Commercial Description,Valid,0.0,Low,0.4805,Core Commercial Product
ADJUST2,Adjustment by Peter on Jun 25 2010,731.0500000000001,731.0500000000001,3,3,3,0.0,0,Operational / Dirty Description,Review Required,0.0,Low,0.3606,Review / Operational
23006,TRAVEL CARD WALLET FLOWER MEADOW,762.75,729.99,1758,178,178,-32.760000000000005,78,Commercial Description,Valid,0.0429,Low,0.549,Core Commercial Product
22100,SKULLS SQUARE TISSUE BOX,729.55,729.55,1016,138,127,0.0,0,Commercial Description,Valid,0.0,Low,0.5176,Core Commercial Product
21378,SMALL TALL CAMPHOR WOOD TOADSTOOL,728.97,728.97,560,88,88,0.0,0,Commercial Description,Valid,0.0,Low,0.4868,Core Commercial Product
35095A,BLUE VICTORIAN FABRIC OVAL BOX,728.9200000000001,728.9200000000001,1813,169,166,0.0,0,Commercial Description,Valid,0.0,Low,0.5507,Core Commercial Product
79342B,BROWN FLOWER LIGHTS,824.9499999999999,728.9,119,40,40,-96.05,15,Commercial Description,Valid,0.1164,Moderate,0.425,Monitor Return Risk
21221,SET/4 BADGES CUTE CREATURES,728.4400000000002,728.4399999999999,547,111,107,0.0,0,Commercial Description,Valid,0.0,Low,0.4852,Core Commercial Product
47503F,ASS FLORAL PRINT TORCH,729.9499999999999,728.3,2567,15,15,-1.65,1,Commercial Description,Valid,0.0023,Low,0.5704,Core Commercial Product
20657,TROPICAL LUGGAGE TAG,727.7200000000001,727.72,1878,122,121,0.0,0,Commercial Description,Valid,0.0,Low,0.5524,Core Commercial Product
23522,DOG AND BALL WALL ART,727.4399999999999,727.4399999999999,354,32,32,0.0,0,Commercial Description,Valid,0.0,Low,0.4656,Core Commercial Product
22936,BAKING MOULD ROSE WHITE CHOCOLATE,925.2199999999999,727.22,288,55,51,-198.0,72,Commercial Description,Valid,0.214,High,0.4554,High Return Risk
85006,SET 4 NURSERY DES ROUND BOXES,1289.31,724.91,3049,48,48,-564.4,1480,Commercial Description,Valid,0.4378,Very High,0.577,High Return Risk
23454,SET OF 3 MINI HANGING PORTRAITS,733.2,724.9,174,56,53,-8.3,2,Commercial Description,Valid,0.0113,Low,0.4362,Core Commercial Product
23562,SET OF 6 RIBBONS PERFECTLY PRETTY,724.5899999999999,724.59,251,43,43,0.0,0,Commercial Description,Valid,0.0,Low,0.4491,Core Commercial Product
21026,SPACE OWL,724.25,724.25,553,129,124,0.0,0,Commercial Description,Valid,0.0,Low,0.4848,Core Commercial Product
23114,Damaged,737.9499999999999,723.1,149,48,48,-14.850000000000001,3,Operational / Dirty Description,Review Required,0.0201,Low,0.4308,Review / Operational
85135A,YELLOW DRAGONFLY HELICOPTER,754.5900000000003,722.79,94,71,71,-31.8,4,Commercial Description,Valid,0.0421,Low,0.4151,Core Commercial Product
20701,PINK CAT FLORAL CUSHION COVER,721.4899999999999,721.49,353,52,52,0.0,0,Commercial Description,Valid,0.0,Low,0.4644,Core Commercial Product
84569A,PACK 3 IRON ON DOG PATCHES,722.4399999999999,721.19,576,120,115,-1.25,1,Commercial Description,Valid,0.0017,Low,0.486,Core Commercial Product
84595E,LARGE TORTILLA DESIGN RED BOWL,723.5699999999998,720.28,367,45,45,-3.29,1,Commercial Description,Valid,0.0045,Low,0.4663,Core Commercial Product
21379,CAMPHOR WOOD PORTOBELLO MUSHROOM,719.2299999999998,719.23,650,128,125,0.0,0,Commercial Description,Valid,0.0,Low,0.4914,Core Commercial Product
20854,BLUE PATCH PURSE PINK HEART,742.78,718.03,459,118,111,-24.75,15,Commercial Description,Valid,0.0333,Low,0.4759,Core Commercial Product
35951,FOLKART BAUBLE CHRISTMAS DECORATION,717.99,717.99,1352,50,49,0.0,0,Commercial Description,Valid,0.0,Low,0.5312,Core Commercial Product
23140,TRIPLE WIRE HOOK IVORY HEART,766.0999999999999,716.3,182,53,53,-49.8,12,Commercial Description,Valid,0.065,Moderate,0.4364,Monitor Return Risk
21457,2 PICTURE BOOK EGGS EASTER DUCKS,716.0,716.0,685,65,65,0.0,0,Commercial Description,Valid,0.0,Low,0.4941,Core Commercial Product
85088,CANDY SPOT HAND BAG,723.85,715.45,347,81,80,-8.4,4,Commercial Description,Valid,0.0116,Low,0.4628,Core Commercial Product
84976,RECTANGULAR SHAPED MIRROR,726.12,715.0600000000001,675,60,59,-11.06,14,Commercial Description,Valid,0.0152,Low,0.4928,Core Commercial Product
22641,SET OF 4 NAPKIN CHARMS INSTRUMENT,715.06,715.06,303,73,71,0.0,0,Commercial Description,Valid,0.0,Low,0.4559,Core Commercial Product
21300,ANTIQUE EDWARDIAN DRESSER,841.7,714.2,53,16,16,-127.5,10,Commercial Description,Valid,0.1515,High,0.3994,High Return Risk
84033,FLAG OF ST GEORGE,735.38,713.93,392,53,51,-21.45,13,Commercial Description,Valid,0.0292,Low,0.4676,Core Commercial Product
20850,ZINC HEART LATTICE PLANTER BOWL,713.7999999999998,713.8000000000001,820,24,24,0.0,0,Commercial Description,Valid,0.0,Low,0.502,Core Commercial Product
35915B,BLUE KNITTED HEN,713.73,713.73,563,68,67,0.0,0,Commercial Description,Valid,0.0,Low,0.4834,Core Commercial Product
21076,SET/20 COLLAGE PAPER NAPKIN,714.5500000000001,713.6999999999999,843,96,94,-0.85,1,Commercial Description,Valid,0.0012,Low,0.5032,Core Commercial Product
21133,PAINTED BIRD ASSORTED CHRISTMAS,712.9100000000001,712.9100000000001,410,46,46,0.0,0,Commercial Description,Valid,0.0,Low,0.4689,Core Commercial Product
21344,MOROCCAN BEATEN METAL DISH,749.82,712.07,166,28,28,-37.75,5,Commercial Description,Valid,0.0503,Moderate,0.4311,Monitor Return Risk
16015,MEDIUM CHINESE STYLE SCISSOR,711.88,711.88,1573,70,69,0.0,0,Commercial Description,Valid,0.0,Low,0.5382,Core Commercial Product
23325,RUSTIC STRAWBERRY JAMPOT SMALL,740.94,711.24,462,38,38,-29.700000000000003,18,Commercial Description,Valid,0.0401,Low,0.4742,Core Commercial Product
23070,EDWARDIAN HEART PHOTO FRAME,709.5399999999998,709.5400000000001,160,44,44,0.0,0,Commercial Description,Valid,0.0,Low,0.4297,Core Commercial Product
22345,PARTY PIZZA DISH BLUE+WHITE SPOT,724.12,708.8199999999999,1480,134,129,-15.3,18,Commercial Description,Valid,0.0211,Low,0.5345,Core Commercial Product
10134,COLOURING PENCILS BROWN TUBE,721.13,708.63,625,57,55,-12.5,10,Commercial Description,Valid,0.0173,Low,0.4872,Core Commercial Product
21442,GREEN BIRDHOUSE DECORATION,706.6299999999999,706.63,974,137,136,0.0,0,Commercial Description,Valid,0.0,Low,0.5097,Core Commercial Product
23487,SWEET HEART CAKE CARRIER,795.58,706.03,80,50,50,-89.55000000000001,9,Commercial Description,Valid,0.1126,Moderate,0.4082,Monitor Return Risk
21443,OLIVE CHALET BIRDFEEDER,727.93,705.4300000000001,257,29,29,-22.5,6,Commercial Description,Valid,0.0309,Low,0.4465,Core Commercial Product
23055,IVORY CHANDELIER T-LIGHT HOLDER,1395.18,704.46,657,46,44,-690.72,432,Commercial Description,Valid,0.4951,Very High,0.489,High Return Risk
84869,CANDY BUTTON PHOTO ALBUM,703.54,703.54,302,27,27,0.0,0,Commercial Description,Valid,0.0,Low,0.4535,Core Commercial Product
22486,PLASMATRONIC LAMP,881.8999999999999,703.4,106,48,47,-178.5,14,Commercial Description,Valid,0.2024,High,0.4155,High Return Risk
84563A,PINK & WHITE BREAKFAST TRAY,703.0,703.0,142,66,64,0.0,0,Commercial Description,Valid,0.0,Low,0.425,Core Commercial Product
90161D,ANT COPPER PINK BOUDICCA BRACELET,702.7900000000001,702.79,141,77,75,0.0,0,Commercial Description,Valid,0.0,Low,0.4246,Core Commercial Product
84872a,TEATIME FUNKY FLOWER BACKPACK FOR 2,702.5899999999998,702.5899999999999,64,50,45,0.0,0,Commercial Description,Valid,0.0,Low,0.4013,Core Commercial Product
20763,DAISY SKETCHBOOK,714.23,699.23,269,77,75,-15.0,4,Commercial Description,Valid,0.021,Low,0.4473,Core Commercial Product
84917,WHITE HAND TOWEL WITH BUTTERFLY,698.66,698.66,232,59,56,0.0,0,Commercial Description,Valid,0.0,Low,0.4411,Core Commercial Product
23222,CHRISTMAS TREE HANGING GOLD,718.53,698.61,799,79,77,-19.92,24,Commercial Description,Valid,0.0277,Low,0.4979,Core Commercial Product
21740,COSY SLIPPER SHOES LARGE RED,698.0100000000001,698.0100000000001,201,69,68,0.0,0,Commercial Description,Valid,0.0,Low,0.4355,Core Commercial Product
84584,PINK GINGHAM CAT WITH SCARF,696.7499999999998,696.75,282,77,77,0.0,0,Commercial Description,Valid,0.0,Low,0.4489,Core Commercial Product
22981,PANTRY APPLE CORER,704.1300000000001,695.43,471,110,107,-8.7,6,Commercial Description,Valid,0.0124,Low,0.4726,Core Commercial Product
21319,GLASS CHALICE GREEN  SMALL,750.33,693.38,510,72,71,-56.95,39,Commercial Description,Valid,0.0759,Moderate,0.4764,Monitor Return Risk
84689,S/2 BEACH HUT TREASURE CHESTS,742.9,693.35,312,45,45,-49.550000000000004,17,Commercial Description,Valid,0.0667,Moderate,0.4532,Monitor Return Risk
72755D,FLOWER FAIRY OIL BURNER SET SUMMER,693.25,693.25,533,15,15,0.0,0,Commercial Description,Valid,0.0,Low,0.4776,Core Commercial Product
17012F,ORIGAMI SANDLEWOOD INCENSE/CAND SET,693.1999999999999,693.1999999999999,591,113,108,0.0,0,Commercial Description,Valid,0.0,Low,0.4822,Core Commercial Product
35964,FOLKART CLIP ON STARS,693.0799999999999,693.08,1189,136,132,0.0,0,Commercial Description,Valid,0.0,Low,0.5194,Core Commercial Product
84971L,LARGE HEART FLOWERS HOOK,723.51,692.26,585,64,63,-31.25,25,Commercial Description,Valid,0.0432,Low,0.4813,Core Commercial Product
84952B,BLACK LOVE BIRD T-LIGHT HOLDER,701.7399999999999,690.49,427,49,45,-11.25,3,Commercial Description,Valid,0.016,Low,0.4672,Core Commercial Product
72753A,S/3 FLWR FAIRY LILLY CANDLES,690.2399999999999,690.24,315,15,15,0.0,0,Commercial Description,Valid,0.0,Low,0.4532,Core Commercial Product
21308,LOUVRE VANITY MIRROR,705.9,690.0,132,8,8,-15.9,2,Commercial Description,Valid,0.0225,Low,0.4201,Core Commercial Product
20862,PINK PATCH PENCIL CASE BLUE HEART,691.1400000000001,689.0400000000001,325,40,40,-2.1,1,Commercial Description,Valid,0.003,Low,0.4547,Core Commercial Product
85096,HILDA CANDY SPOT RABBIT,692.1600000000001,688.41,166,72,69,-3.75,1,Commercial Description,Valid,0.0054,Low,0.427,Core Commercial Product
23458,DOLLY CABINET 3 DRAWERS,762.45,687.6999999999999,51,34,34,-74.75,5,Commercial Description,Valid,0.098,Moderate,0.3931,Monitor Return Risk
72131,COLUMBIAN CANDLE RECTANGLE,717.6300000000001,686.43,761,62,57,-31.2,16,Commercial Description,Valid,0.0435,Low,0.4937,Core Commercial Product
85231E,STRAWBERRY SCENTED SET/9 T-LIGHTS,695.2299999999999,685.03,835,110,109,-10.2,12,Commercial Description,Valid,0.0147,Low,0.4977,Core Commercial Product
90160C,TURQ+RED BOUDICCA LARGE BRACELET,684.2200000000003,684.22,98,46,45,0.0,0,Commercial Description,Valid,0.0,Low,0.4095,Core Commercial Product
90082D,DIAMANTE BOW BROOCH BLACK COLOUR,696.1,683.4,108,55,53,-12.7,2,Commercial Description,Valid,0.0182,Low,0.4127,Core Commercial Product
85186A,EASTER BUNNY GARLAND OF FLOWERS,688.42,683.38,1476,164,160,-5.04,12,Commercial Description,Valid,0.0073,Low,0.5298,Core Commercial Product
62094B,TURQ ICE CREAM BUM BAG,683.0500000000002,683.05,306,69,68,0.0,0,Commercial Description,Valid,0.0,Low,0.4504,Core Commercial Product
22033,BOTANICAL ROSE GREETING CARD,681.9300000000001,681.93,1603,130,130,0.0,0,Commercial Description,Valid,0.0,Low,0.5343,Core Commercial Product
84865,NEW BAROQUE BLACK PHOTO ALBUM,681.9000000000001,681.9,81,54,50,0.0,0,Commercial Description,Valid,0.0,Low,0.4043,Core Commercial Product
85084,HOLLY TOP CHRISTMAS STOCKING,681.3999999999999,681.4,682,91,88,0.0,0,Commercial Description,Valid,0.0,Low,0.487,Core Commercial Product
84931B,BLUE SCOTTIE DOG W FLOWER PATTERN,688.73,681.08,274,84,84,-7.649999999999999,3,Commercial Description,Valid,0.0111,Low,0.4449,Core Commercial Product
21674,RIDGED GLASS PENDANT LAMPSHADE,680.8499999999999,680.8499999999999,43,11,11,0.0,0,Commercial Description,Valid,0.0,Low,0.3875,Core Commercial Product
21386,IVORY HANGING DECORATION  EGG,680.78,680.78,1148,110,105,0.0,0,Commercial Description,Valid,0.0,Low,0.5147,Core Commercial Product
21847,GREEN  DIAMANTE PEN IN GIFT BOX,679.5799999999999,679.58,348,73,71,0.0,0,Commercial Description,Valid,0.0,Low,0.4559,Core Commercial Product
23187,FRENCH STYLE STORAGE JAR BONBONS,695.0600000000001,678.5699999999999,2338,80,79,-16.49,37,Commercial Description,Valid,0.0237,Low,0.5546,Core Commercial Product
84916,HAND TOWEL PALE BLUE W FLOWERS,676.91,676.91,267,64,59,0.0,0,Commercial Description,Valid,0.0,Low,0.4429,Core Commercial Product
20898,VINTAGE NOTEBOOK TRAVELOGUE,693.9200000000002,676.22,327,58,56,-17.700000000000003,6,Commercial Description,Valid,0.0255,Low,0.4529,Core Commercial Product
17165D,ASS COL LARGE SAND FROG P'WEIGHT,682.32,676.02,716,100,96,-6.300000000000001,6,Commercial Description,Valid,0.0092,Low,0.4883,Core Commercial Product
75013B,"STRING OF 8 BUTTERFLIES,PINK",677.87,675.17,395,86,80,-2.7,1,Commercial Description,Valid,0.004,Low,0.4607,Core Commercial Product
21750,LARGE SKULL WINDMILL,676.4800000000001,674.38,312,64,63,-2.1,1,Commercial Description,Valid,0.0031,Low,0.4494,Core Commercial Product
21879,HEARTS GIFT TAPE,672.71,672.71,1576,157,152,0.0,0,Commercial Description,Valid,0.0,Low,0.5317,Core Commercial Product
21884,CAKES AND BOWS GIFT  TAPE,672.56,672.5600000000001,1454,166,161,0.0,0,Commercial Description,Valid,0.0,Low,0.5272,Core Commercial Product
21263,GREEN GOOSE FEATHER TREE 60CM,676.02,672.12,302,61,57,-3.9,2,Commercial Description,Valid,0.0058,Low,0.4477,Core Commercial Product
20856,DENIM PATCH PURSE PINK BUTTERFLY,688.9399999999998,670.79,417,130,126,-18.15,11,Commercial Description,Valid,0.0263,Low,0.4621,Core Commercial Product
46776E,WOVEN CANDY CUSHION COVER,670.52,670.52,207,79,77,0.0,0,Commercial Description,Valid,0.0,Low,0.4313,Core Commercial Product
37492D,PURPLE GREEN FLOWER PIGGY BANK,682.99,669.79,361,28,28,-13.2,8,Commercial Description,Valid,0.0193,Low,0.456,Core Commercial Product
84684,BEACH HUT PHOTO FRAME,720.6999999999999,669.6999999999999,609,44,44,-51.0,52,Commercial Description,Valid,0.0708,Moderate,0.4791,Monitor Return Risk
72023F,RED ORGANIC CANDLE IN GLASS,669.62,669.62,640,53,51,0.0,0,Commercial Description,Valid,0.0,Low,0.4809,Core Commercial Product
85205B,PINK FELT EASTER RABBIT GARLAND,669.3799999999999,669.38,241,62,61,0.0,0,Commercial Description,Valid,0.0,Low,0.4367,Core Commercial Product
85203,HANGING WOOD AND FELT BUTTERFLY,669.27,669.27,1467,233,224,0.0,0,Commercial Description,Valid,0.0,Low,0.5263,Core Commercial Product
16169K,WRAP FOLK ART,669.25,669.25,2100,62,61,0.0,0,Commercial Description,Valid,0.0,Low,0.5463,Core Commercial Product
22036,DINOSAUR BIRTHDAY CARD,695.1100000000001,667.8100000000001,1649,138,138,-27.3,65,Commercial Description,Valid,0.0393,Low,0.5328,Core Commercial Product
21441,BLUE BIRDHOUSE DECORATION,667.3199999999999,667.3199999999999,941,136,133,0.0,0,Commercial Description,Valid,0.0,Low,0.4997,Core Commercial Product
82613A,"METAL SIGN,CUPCAKE SINGLE HOOK",667.47,664.97,492,122,122,-2.5,2,Commercial Description,Valid,0.0037,Low,0.4689,Core Commercial Product
21247,SET OF RED SALAD SERVERS,664.73,664.73,422,83,83,0.0,0,Commercial Description,Valid,0.0,Low,0.4616,Core Commercial Product
22034,ROBIN CHRISTMAS CARD,674.75,664.67,1620,102,100,-10.08,24,Commercial Description,Valid,0.0149,Low,0.5311,Core Commercial Product
17012D,ORIGAMI ROSE INCENSE/CANDLE SET,663.74,663.74,522,118,116,0.0,0,Commercial Description,Valid,0.0,Low,0.4709,Core Commercial Product
23024,LARGE BONNE JAM JAR  T-LIGHT HOLDER,667.85,662.8700000000001,255,12,12,-4.98,2,Commercial Description,Valid,0.0075,Low,0.4383,Core Commercial Product
21265,PINK GOOSE FEATHER TREE 60CM,717.4099999999999,662.41,323,39,37,-55.0,20,Commercial Description,Valid,0.0767,Moderate,0.4489,Monitor Return Risk
23547,WRAP FLOWER SHOP,661.5,661.5,1575,62,62,0.0,0,Commercial Description,Valid,0.0,Low,0.5291,Core Commercial Product
23597,PAPER BUNTING PAISLEY PARK,679.07,661.37,249,32,32,-17.700000000000003,6,Commercial Description,Valid,0.0261,Low,0.4362,Core Commercial Product
90184C,BLACK CHUNKY BEAD BRACELET W STRAP,661.23,661.23,73,50,49,0.0,0,Commercial Description,Valid,0.0,Low,0.3966,Core Commercial Product
23482,PEARLISED IVORY HEART LARGE,661.02,661.02,418,39,39,0.0,0,Commercial Description,Valid,0.0,Low,0.4597,Core Commercial Product
37474,SET/4 2 TONE EGG SHAPE MIXING BOWLS,661.0000000000002,661.0,64,50,46,0.0,0,Commercial Description,Valid,0.0,Low,0.3933,Core Commercial Product
84993A,75 GREEN PETIT FOUR CASES,660.79,660.79,1498,181,177,0.0,0,Commercial Description,Valid,0.0,Low,0.5256,Core Commercial Product
84824,DANISH ROSE UMBRELLA STAND,676.45,660.5,38,34,34,-15.95,1,Commercial Description,Valid,0.0236,Low,0.3799,Core Commercial Product
23428,IVORY RETRO KITCHEN WALL CLOCK,675.9100000000001,659.61,77,34,34,-16.3,2,Commercial Description,Valid,0.0241,Low,0.3976,Core Commercial Product
17109C,FLOWER FAIRY INCENSE ROSE,661.2300000000001,659.54,3124,18,18,-1.69,1,Commercial Description,Valid,0.0026,Low,0.5643,Core Commercial Product
21298,EDWARDIAN 2 DRAWER WALL CABINET,755.8,656.1,52,22,22,-99.7,6,Commercial Description,Valid,0.1319,Moderate,0.3875,Monitor Return Risk
71403,"PINK/WHITE ""KEEP CLEAN"" BULLET BIN",661.95,656.0500000000001,178,72,70,-5.9,2,Commercial Description,Valid,0.0089,Low,0.4233,Core Commercial Product
22056,CERAMIC PLATE LOVE HEART DESIGN,656.87,655.38,607,36,36,-1.49,1,Commercial Description,Valid,0.0023,Low,0.4757,Core Commercial Product
85168B,BLACK BAROQUE CARRIAGE CLOCK,652.1699999999998,652.17,72,52,52,0.0,0,Commercial Description,Valid,0.0,Low,0.3949,Core Commercial Product
21307,SET/4 BUTTERFLY MIRROR MAGNETS,654.27,652.17,751,76,74,-2.1,1,Commercial Description,Valid,0.0032,Low,0.4865,Core Commercial Product
23120,PACK OF 6 SMALL FRUIT STRAWS,682.3900000000001,652.15,1685,107,102,-30.240000000000002,72,Commercial Description,Valid,0.0443,Low,0.5311,Core Commercial Product
20618,QUEEN OF THE SKIES PASSPORT COVER,650.6400000000001,650.64,298,139,138,0.0,0,Commercial Description,Valid,0.0,Low,0.4428,Core Commercial Product
20714,POSY SHOPPER BAG,649.8199999999998,649.8199999999999,1580,30,30,0.0,0,Commercial Description,Valid,0.0,Low,0.5272,Core Commercial Product
21197,MULTICOLOUR  CONFETTI IN TUBE,683.26,648.61,466,49,46,-34.65,21,Commercial Description,Valid,0.0507,Moderate,0.4633,Monitor Return Risk
85215,ASSORTED CHEESE FRIDGE MAGNETS,648.4400000000002,648.44,838,73,69,0.0,0,Commercial Description,Valid,0.0,Low,0.4906,Core Commercial Product
21003,ROSE DU SUD CUSHION COVER,647.75,647.75,109,64,64,0.0,0,Commercial Description,Valid,0.0,Low,0.4061,Core Commercial Product
17084N,FAIRY DREAMS INCENSE,647.6600000000001,647.66,2798,191,187,0.0,0,Commercial Description,Valid,0.0,Low,0.5584,Core Commercial Product
17164B,ASS COL SMALL SAND GECKO P'WEIGHT,647.4,646.56,1622,86,84,-0.84,2,Commercial Description,Valid,0.0013,Low,0.528,Core Commercial Product
21134,VICTORIAN METAL POSTCARD CHRISTMAS,646.4399999999999,646.4399999999999,377,53,50,0.0,0,Commercial Description,Valid,0.0,Low,0.4531,Core Commercial Product
46776D,WOVEN SUNSET CUSHION COVER,658.0699999999999,646.14,153,77,77,-11.93,1,Commercial Description,Valid,0.0181,Low,0.4166,Core Commercial Product
22042,CHRISTMAS CARD SINGING ANGEL,655.52,645.44,1805,141,131,-10.08,24,Commercial Description,Valid,0.0154,Low,0.5339,Core Commercial Product
23042,PAPER LANTERN 7 POINT SNOW STAR,711.51,645.01,103,29,29,-66.5,10,Commercial Description,Valid,0.0935,Moderate,0.4033,Monitor Return Risk
47597,NEW ENGLAND TEATOWELS,644.8799999999999,644.88,322,127,125,0.0,0,Commercial Description,Valid,0.0,Low,0.4451,Core Commercial Product
90184B,AMETHYST CHUNKY BEAD BRACELET W STR,670.23,643.38,74,50,49,-26.849999999999998,3,Commercial Description,Valid,0.0401,Low,0.3936,Core Commercial Product
17181,CIRCLE OF FRIENDS CANDLE HOLDER,642.6599999999999,642.66,353,69,67,0.0,0,Commercial Description,Valid,0.0,Low,0.4491,Core Commercial Product
85185D,FROG SOCK PUPPET,642.0100000000002,642.0100000000001,197,72,70,0.0,0,Commercial Description,Valid,0.0,Low,0.4238,Core Commercial Product
21350,GINGHAM HEART WREATH,647.7500000000001,641.85,225,48,46,-5.9,2,Commercial Description,Valid,0.0091,Low,0.4289,Core Commercial Product
85160B,BLACK BIRD GARDEN DESIGN MUG,1032.6999999999998,641.29,6155,42,41,-391.40999999999997,2981,Commercial Description,Valid,0.379,Very High,0.5851,High Return Risk
16169M,WRAP DAISY CARPET,640.95,640.95,2060,60,59,0.0,0,Commercial Description,Valid,0.0,Low,0.5398,Core Commercial Product
85188B,PINK METAL SWINGING BUNNY,660.88,640.4799999999999,748,78,76,-20.4,24,Commercial Description,Valid,0.0309,Low,0.4835,Core Commercial Product
16047,POP ART PEN CASE & PENS,1054.6999999999998,639.98,10612,34,34,-414.72,5184,Commercial Description,Valid,0.3932,Very High,0.5974,High Return Risk
85186C,BUNNY EGG GARLAND,658.19,639.71,1400,158,154,-18.48,44,Commercial Description,Valid,0.0281,Low,0.5174,Core Commercial Product
84986B,SET OF 36 SILVER PAPER DOILIES,639.0600000000001,639.06,432,78,77,0.0,0,Commercial Description,Valid,0.0,Low,0.4574,Core Commercial Product
35004P,SET OF 3 PINK FLYING DUCKS,638.97,638.97,120,46,46,0.0,0,Commercial Description,Valid,0.0,Low,0.4072,Core Commercial Product
21665,TRIANGULAR RIDGED GLASS POSY HOLDER,638.8,638.8,879,79,76,0.0,0,Commercial Description,Valid,0.0,Low,0.4905,Core Commercial Product
21816,CHRISTMAS TREE T-LIGHT HOLDER,640.24,638.79,424,53,51,-1.45,1,Commercial Description,Valid,0.0023,Low,0.4559,Core Commercial Product
47594A,CAROUSEL DESIGN WASHBAG,684.46,637.66,346,119,116,-46.800000000000004,24,Commercial Description,Valid,0.0684,Moderate,0.4467,Monitor Return Risk
23224,CHERUB HEART DECORATION GOLD,649.02,637.4,738,73,73,-11.620000000000001,14,Commercial Description,Valid,0.0179,Low,0.4816,Core Commercial Product
47592A,CAROUSEL DES CHILD'S OVERALL,637.3699999999999,637.37,331,102,102,0.0,0,Commercial Description,Valid,0.0,Low,0.4447,Core Commercial Product
16169N,WRAP BLUE RUSSIAN FOLKART,636.75,636.75,2050,58,57,0.0,0,Commercial Description,Valid,0.0,Low,0.5382,Core Commercial Product
23492,VINTAGE JINGLE BELLS WREATH,635.38,635.38,76,28,28,0.0,0,Commercial Description,Valid,0.0,Low,0.3922,Core Commercial Product
20819,SILVER TEDDY BEAR,635.24,635.24,229,66,65,0.0,0,Commercial Description,Valid,0.0,Low,0.4276,Core Commercial Product
22391,PAPERWEIGHT HOME SWEET HOME,635.1899999999999,635.19,323,66,66,0.0,0,Commercial Description,Valid,0.0,Low,0.4427,Core Commercial Product
84247G,"DECOUPAGE,GREETING CARD,",633.76,633.76,1487,111,107,0.0,0,Commercial Description,Valid,0.0,Low,0.5197,Core Commercial Product
20696,FLORAL SOFT CAR TOY,633.1800000000001,633.18,153,62,60,0.0,0,Commercial Description,Valid,0.0,Low,0.4133,Core Commercial Product
22054,MINI CAKE STAND HANGING HEARTS,655.01,631.91,361,83,79,-23.099999999999994,14,Commercial Description,Valid,0.0353,Low,0.4477,Core Commercial Product
23216,LAUREL HEART ANTIQUE GOLD,630.73,630.73,525,45,44,0.0,0,Commercial Description,Valid,0.0,Low,0.4642,Core Commercial Product
84964A,PINK PAINTED KASHMIRI TABLE,630.0,630.0,11,5,5,0.0,0,Commercial Description,Valid,0.0,Low,0.3531,Core Commercial Product
84520D,PACK OF 20 FAIRY CAKE PAPER NAPKINS,639.4700000000001,629.27,699,98,98,-10.2,12,Commercial Description,Valid,0.016,Low,0.4774,Core Commercial Product
23019,SMALL APOTHECARY MEASURING JAR,629.05,629.05,81,28,28,0.0,0,Commercial Description,Valid,0.0,Low,0.3932,Core Commercial Product
15056p,EDWARDIAN PARASOL PINK,628.72,628.72,50,41,38,0.0,0,Commercial Description,Valid,0.0,Low,0.3802,Core Commercial Product
85230E,STRAWBRY SCENTED VOTIVE CANDLE,628.41,628.41,2445,68,68,0.0,0,Commercial Description,Valid,0.0,Low,0.5471,Core Commercial Product
23027,DRAWER KNOB VINTAGE GLASS HEXAGON,627.95,627.95,295,30,30,0.0,0,Commercial Description,Valid,0.0,Low,0.4369,Core Commercial Product
23456,MEDIUM PARLOUR PICTURE FRAME,634.1,625.8000000000001,158,37,37,-8.3,2,Commercial Description,Valid,0.0131,Low,0.4129,Core Commercial Product
22092,BLUE PAISLEY TISSUE BOX,625.41,625.41,959,144,140,0.0,0,Commercial Description,Valid,0.0,Low,0.4924,Core Commercial Product
21004,ROSE DU SUD CHILDS APRON,625.0699999999999,625.07,137,73,72,0.0,0,Commercial Description,Valid,0.0,Low,0.4082,Core Commercial Product
22043,CHRISTMAS CARD SCREEN PRINT,629.8800000000001,624.84,2222,134,128,-5.04,12,Commercial Description,Valid,0.008,Low,0.5405,Core Commercial Product
82616A,BUBBLE GUM SCARF KNITTING KIT,624.21,624.21,316,52,52,0.0,0,Commercial Description,Valid,0.0,Low,0.4397,Core Commercial Product
71101E,STANDING FAIRY POLE SUPPORT,626.13,623.58,777,49,48,-2.55,3,Commercial Description,Valid,0.0041,Low,0.4814,Core Commercial Product
22346,PARTY PIZZA DISH GREEN+WHITE SPOT,622.81,622.81,1312,105,103,0.0,0,Commercial Description,Valid,0.0,Low,0.5102,Core Commercial Product
85114c,RED ENCHANTED FOREST PLACEMAT,622.7199999999999,622.72,188,43,42,0.0,0,Commercial Description,Valid,0.0,Low,0.418,Core Commercial Product
85218,S/5 MINI ICE CREAM FRIDGE MAGNETS,625.1999999999999,620.85,1992,4,4,-4.35,3,Commercial Description,Valid,0.007,Low,0.5335,Core Commercial Product
84596J,MIXED NUTS LIGHT GREEN BOWL,628.01,620.51,813,144,141,-7.5,6,Commercial Description,Valid,0.0119,Low,0.4829,Core Commercial Product
16156N,"WRAP, FRIENDSHIP ON GREEN",619.5,619.5,1475,58,58,0.0,0,Commercial Description,Valid,0.0,Low,0.5164,Core Commercial Product
84507C,BLUE CIRCLES DESIGN MONKEY DOLL,639.7399999999999,619.3399999999999,435,77,74,-20.4,10,Commercial Description,Valid,0.0319,Low,0.4535,Core Commercial Product
21764,VINTAGE WOODEN PLATE RACK,659.1500000000002,619.2,17,13,13,-39.95,1,Commercial Description,Valid,0.0606,Moderate,0.3565,Monitor Return Risk
20655,QUEEN OF SKIES LUGGAGE TAG,618.5,618.5,420,197,189,0.0,0,Commercial Description,Valid,0.0,Low,0.4512,Core Commercial Product
90199C,5 STRAND GLASS NECKLACE CRYSTAL,623.3900000000001,617.04,105,37,32,-6.35,1,Commercial Description,Valid,0.0102,Low,0.3978,Core Commercial Product
23471,SIX DRAWER OFFICE TIDY,616.7900000000001,616.79,65,27,27,0.0,0,Commercial Description,Valid,0.0,Low,0.3848,Core Commercial Product
23180,MUM'S KITCHEN CLOCK,621.09,616.14,122,50,50,-4.95,1,Commercial Description,Valid,0.008,Low,0.4031,Core Commercial Product
23453,OVAL  MINI PORTRAIT FRAME,615.98,615.98,316,49,47,0.0,0,Commercial Description,Valid,0.0,Low,0.438,Core Commercial Product
72772,SET/4 SCENTED CANDLES IN RAMEKINS,615.84,615.84,457,10,10,0.0,0,Commercial Description,Valid,0.0,Low,0.4547,Core Commercial Product
23408,PHOTO FRAME LINEN AND LACE SMALL,644.8000000000001,615.6800000000001,310,62,62,-29.12,14,Commercial Description,Valid,0.0452,Low,0.4364,Core Commercial Product
18094C,WHITE/BLUE RECT CERAMIC OIL BURNER,616.91,615.66,446,102,100,-1.25,1,Commercial Description,Valid,0.002,Low,0.4536,Core Commercial Product
90198A,VINTAGE ROSE BEAD BRACELET RASPBERR,613.67,613.67,145,85,84,0.0,0,Commercial Description,Valid,0.0,Low,0.4078,Core Commercial Product
84859A,SILVER DISCO HANDBAG,613.53,613.53,293,60,58,0.0,0,Commercial Description,Valid,0.0,Low,0.4335,Core Commercial Product
16012,FOOD/DRINK SPUNGE STICKERS,613.05,613.05,2925,85,83,0.0,0,Commercial Description,Valid,0.0,Low,0.5527,Core Commercial Product
37351,ORANGE FLOWER MUG,612.5099999999999,612.5099999999999,5404,12,12,0.0,0,Commercial Description,Valid,0.0,Low,0.5748,Core Commercial Product
23018,LARGE APOTHECARY MEASURING JAR,612.1600000000001,612.1600000000001,51,21,21,0.0,0,Commercial Description,Valid,0.0,Low,0.3772,Core Commercial Product
22538,MINI JIGSAW GO TO THE FAIR,612.1300000000002,612.13,1445,87,86,0.0,0,Commercial Description,Valid,0.0,Low,0.5133,Core Commercial Product
79315W,FLYING SAUCER TABLE LIGHT IN WHITE,611.51,611.51,199,14,14,0.0,0,Commercial Description,Valid,0.0,Low,0.417,Core Commercial Product
35972,DAISY FOLKART HEART DECORATION,611.38,611.38,440,92,91,0.0,0,Commercial Description,Valid,0.0,Low,0.4517,Core Commercial Product
84051,ASS COLOUR GLOWING TIARAS,611.3800000000001,611.38,750,62,60,0.0,0,Commercial Description,Valid,0.0,Low,0.4767,Core Commercial Product
84858C,PINK RIVIERA HANDBAG,611.0699999999999,611.0699999999999,347,32,32,0.0,0,Commercial Description,Valid,0.0,Low,0.4408,Core Commercial Product
gift_0001_30,Dotcomgiftshop Gift Voucher £30.00,610.09,610.09,24,29,29,0.0,0,Commercial Description,Valid,0.0,Low,0.3602,Core Commercial Product
85028L,FRENCH CHATEAU LARGE FRUIT BOWL,654.01,608.11,271,33,33,-45.9,26,Commercial Description,Valid,0.0702,Moderate,0.4285,Monitor Return Risk
62096A,PINK/YELLOW FLOWERS HANDBAG,607.79,607.79,395,94,90,0.0,0,Commercial Description,Valid,0.0,Low,0.446,Core Commercial Product
20694,FLORAL PINK MONSTER,622.33,607.33,166,57,56,-15.0,4,Commercial Description,Valid,0.0241,Low,0.4098,Core Commercial Product
84932C,SMALL ORIENTAL BLUE FOLDING STOOL,615.4000000000001,606.9,282,36,36,-8.5,1,Commercial Description,Valid,0.0138,Low,0.4299,Core Commercial Product
21416,CLAM SHELL LARGE,606.8100000000001,606.8100000000002,752,25,23,0.0,0,Commercial Description,Valid,0.0,Low,0.476,Core Commercial Product
85169D,PINK LOVE BIRD CANDLE,606.49,605.24,522,90,89,-1.25,1,Commercial Description,Valid,0.0021,Low,0.4581,Core Commercial Product
79190B,RETRO PLASTIC POLKA TRAY,611.93,605.21,1503,140,138,-6.72,16,Commercial Description,Valid,0.011,Low,0.514,Core Commercial Product
23425,STORAGE TIN HOME SWEET HOME,621.4399999999999,604.01,275,59,59,-17.43,7,Commercial Description,Valid,0.028,Low,0.4286,Core Commercial Product
85017C,ENVELOPE 50 CURIOUS IMAGES,723.92,602.9599999999999,1092,126,123,-120.96,288,Commercial Description,Valid,0.1671,High,0.4958,High Return Risk
82011C,BATHROOM SCALES FOOTPRINTS IN SAND,602.68,602.68,133,74,72,0.0,0,Commercial Description,Valid,0.0,Low,0.4019,Core Commercial Product
84932A,SMALL GREEN PEONY FOLDING STOOL,602.6,602.6,262,27,27,0.0,0,Commercial Description,Valid,0.0,Low,0.4259,Core Commercial Product
85028S,FRENCH CHATEAU SMALL FRUITBOWL,656.8199999999998,601.92,430,39,38,-54.9,38,Commercial Description,Valid,0.0836,Moderate,0.4486,Monitor Return Risk
82095,HEART BUTTONS JEWELLERY BOX,600.9100000000001,600.91,100,49,49,0.0,0,Commercial Description,Valid,0.0,Low,0.3922,Core Commercial Product
23520,EMBROIDERED RIBBON REEL RUBY,600.55,600.55,167,32,32,0.0,0,Commercial Description,Valid,0.0,Low,0.4086,Core Commercial Product
17109D,FLOWER FAIRY INCENSE BOUQUET,601.69,600.0,1259,43,41,-1.69,1,Commercial Description,Valid,0.0028,Low,0.5029,Core Commercial Product
20863,BLUE PATCH PENCIL CASE PINK HEART,601.53,599.4300000000001,293,54,54,-2.1,1,Commercial Description,Valid,0.0035,Low,0.4302,Core Commercial Product
85146,JARDIN ETCHED GLASS SMALL BELL JAR,599.38,599.38,118,32,30,0.0,0,Commercial Description,Valid,0.0,Low,0.3977,Core Commercial Product
84707B,PINK JEWELLED MIRROR TRINKET TRAY,636.94,597.14,81,54,52,-39.8,4,Commercial Description,Valid,0.0625,Moderate,0.3862,Monitor Return Risk
84846A,SCENTED CANDLE IN DIGITALIS TIN,596.9699999999999,596.97,263,58,55,0.0,0,Commercial Description,Valid,0.0,Low,0.4251,Core Commercial Product
84563B,BLUE & WHITE BREAKFAST TRAY,595.9900000000002,595.99,129,61,60,0.0,0,Commercial Description,Valid,0.0,Low,0.3999,Core Commercial Product
82605,OLD DOC.RUSSEL METAL SIGN,595.07,595.07,268,128,127,0.0,0,Commercial Description,Valid,0.0,Low,0.4254,Core Commercial Product
21440,12 MINI TOADSTOOL PEGS,597.56,595.06,472,99,98,-2.5,2,Commercial Description,Valid,0.0042,Low,0.4515,Core Commercial Product
22263,FELT EGG COSY LADYBIRD,627.38,595.04,836,108,106,-32.34,49,Commercial Description,Valid,0.0515,Moderate,0.4783,Monitor Return Risk
84766,SILVER ROCOCO CANDLE STICK,637.9999999999999,594.8,200,32,32,-43.199999999999996,16,Commercial Description,Valid,0.0677,Moderate,0.4135,Monitor Return Risk
85117,NIGHTINGALE COATHOOK WHITE,594.3199999999999,594.3199999999999,347,63,63,0.0,0,Commercial Description,Valid,0.0,Low,0.4373,Core Commercial Product
72122,COFFEE SCENT PILLAR CANDLE,594.2800000000001,594.28,587,125,120,0.0,0,Commercial Description,Valid,0.0,Low,0.4606,Core Commercial Product
84924A,WAKE UP COCKEREL CALENDAR SIGN,593.5,593.5,139,65,62,0.0,0,Commercial Description,Valid,0.0,Low,0.4014,Core Commercial Product
16236,KITTY PENCIL ERASERS,599.31,593.43,2666,272,261,-5.88,28,Commercial Description,Valid,0.0098,Low,0.5434,Core Commercial Product
20849,ZINC HEART LATTICE DOUBLE PLANTER,593.03,593.03,674,28,27,0.0,0,Commercial Description,Valid,0.0,Low,0.4668,Core Commercial Product
85092,CANDY SPOT TEA COSY,622.5699999999999,592.57,391,26,26,-30.0,24,Commercial Description,Valid,0.0482,Low,0.4419,Core Commercial Product
20695,FLORAL BLUE MONSTER,608.8299999999999,591.83,143,65,64,-17.0,4,Commercial Description,Valid,0.0279,Low,0.4019,Core Commercial Product
85113,POLKA DOT PISTACHIO PAIL,591.6600000000001,591.6600000000001,285,52,51,0.0,0,Commercial Description,Valid,0.0,Low,0.4267,Core Commercial Product
21304,ARCHED GREY MIRROR,591.58,591.58,86,19,19,0.0,0,Commercial Description,Valid,0.0,Low,0.3855,Core Commercial Product
84963B,BLUE PAINTED KASHMIRI CHAIR,591.5,591.5,18,6,6,0.0,0,Commercial Description,Valid,0.0,Low,0.3503,Core Commercial Product
20689,RETRO SISTERS EXPRESSO CUPS,614.1000000000001,590.7,429,44,44,-23.4,12,Commercial Description,Valid,0.0381,Low,0.4455,Core Commercial Product
21322,GLASS SPHERE CANDLE STAND LARGE,590.4499999999999,590.45,301,16,16,0.0,0,Commercial Description,Valid,0.0,Low,0.4289,Core Commercial Product
21167,WHITE SAGE INCENSE,600.1700000000001,589.67,2495,119,115,-10.5,50,Commercial Description,Valid,0.0175,Low,0.5391,Core Commercial Product
23377,PACK OF 12 DOLLY GIRL TISSUES,592.4499999999999,589.3299999999999,1351,135,134,-3.12,8,Commercial Description,Valid,0.0053,Low,0.5035,Core Commercial Product
37444C,PINK BREAKFAST CUP AND SAUCER,688.49,588.65,1657,62,59,-99.84,768,Commercial Description,Valid,0.145,Moderate,0.5152,Monitor Return Risk
21256,"FRENCH BOTTLE, BRASSERIE DES ARTIST",588.6400000000001,588.64,326,67,67,0.0,0,Commercial Description,Valid,0.0,Low,0.4327,Core Commercial Product
21173,LOO ROLL  METAL SIGN,607.96,588.16,340,81,80,-19.8,12,Commercial Description,Valid,0.0326,Low,0.4343,Core Commercial Product
21893,POTTING SHED SEED TIN,587.8,587.8,172,23,23,0.0,0,Commercial Description,Valid,0.0,Low,0.4062,Core Commercial Product
90010B,BLACK/WHITE GLASS/SILVER BRACELET,596.74,587.79,65,38,36,-8.95,1,Commercial Description,Valid,0.015,Low,0.377,Core Commercial Product
84569B,PACK 3 FIRE ENGINE/CAR PATCHES,588.43,587.18,458,83,79,-1.25,1,Commercial Description,Valid,0.0021,Low,0.4472,Core Commercial Product
21223,SET/4 BADGES WOODLAND ANIMAL,587.0799999999999,587.08,492,45,44,0.0,0,Commercial Description,Valid,0.0,Low,0.4506,Core Commercial Product
84925D,LA PALMIERA WALL THERMOMETER,679.9999999999999,587.0,453,33,32,-93.0,372,Commercial Description,Valid,0.1368,Moderate,0.4467,Monitor Return Risk
23499,SET 12 VINTAGE DOILY CHALK,586.23,586.23,1312,113,110,0.0,0,Commercial Description,Valid,0.0,Low,0.5007,Core Commercial Product
84934,ASSTD DESIGN POP ART SLIM PEN,586.5,585.65,687,17,17,-0.85,1,Commercial Description,Valid,0.0014,Low,0.4657,Core Commercial Product
90195A,PURPLE GEMSTONE BRACELET,629.9500000000002,585.2,75,49,47,-44.75,5,Commercial Description,Valid,0.071,Moderate,0.3795,Monitor Return Risk
85019C,CURIOUS  IMAGES NOTEBOOK SET,663.94,582.94,426,29,28,-81.0,36,Commercial Description,Valid,0.122,Moderate,0.443,Monitor Return Risk
85230B,CINNAMON SCENTED VOTIVE CANDLE,581.9200000000002,581.92,2192,72,69,0.0,0,Commercial Description,Valid,0.0,Low,0.5292,Core Commercial Product
21016,LIGHT BIRD HOUSE TREE DECORATION,582.8500000000001,581.17,834,91,86,-1.68,4,Commercial Description,Valid,0.0029,Low,0.4743,Core Commercial Product
23537,I LOVE LONDON WALL ART,581.13,581.13,111,34,34,0.0,0,Commercial Description,Valid,0.0,Low,0.3906,Core Commercial Product
23565,EGG CUP MILKMAID HELGA,586.3100000000001,580.06,410,65,65,-6.25,5,Commercial Description,Valid,0.0107,Low,0.4406,Core Commercial Product
16238,PARTY TIME PENCIL ERASERS,579.6800000000001,579.68,2523,246,236,0.0,0,Commercial Description,Valid,0.0,Low,0.5373,Core Commercial Product
84682,CLASSICAL ROSE DISH,596.94,579.24,295,56,54,-17.700000000000003,6,Commercial Description,Valid,0.0297,Low,0.4253,Core Commercial Product
47469,ASSORTED SHAPES PHOTO CLIP SILVER,594.2799999999999,578.68,1220,37,30,-15.6,24,Commercial Description,Valid,0.0263,Low,0.4959,Core Commercial Product
21419,CONCH SHELL,577.69,577.6899999999999,1259,20,20,0.0,0,Commercial Description,Valid,0.0,Low,0.4972,Core Commercial Product
47421,ASSORTED COLOUR LIZARD SUCTION HOOK,582.78,576.0600000000001,1487,83,75,-6.72,16,Commercial Description,Valid,0.0115,Low,0.5065,Core Commercial Product
21553,CERAMIC BIRDHOUSE FINCH BLUE  LARGE,581.27,575.32,90,43,43,-5.95,1,Commercial Description,Valid,0.0102,Low,0.3828,Core Commercial Product
23125,6PC WOOD PLATE SET DISPOSABLE,574.8800000000001,574.88,459,38,38,0.0,0,Commercial Description,Valid,0.0,Low,0.4451,Core Commercial Product
84932D,SMALL ORIENTAL RED FOLDING STOOL,574.71,574.71,239,24,24,0.0,0,Commercial Description,Valid,0.0,Low,0.4151,Core Commercial Product
17013D,ORIGAMI ROSE INCENSE IN TUBE,575.76,574.19,1069,35,34,-1.57,1,Commercial Description,Valid,0.0027,Low,0.4871,Core Commercial Product
85169B,BLACK LOVE BIRD CANDLE,571.6799999999998,571.68,481,100,93,0.0,0,Commercial Description,Valid,0.0,Low,0.4472,Core Commercial Product
22044,CHRISTMAS CARD STACK OF PRESENTS,575.4799999999998,570.02,2000,97,92,-5.46,13,Commercial Description,Valid,0.0095,Low,0.5223,Core Commercial Product
23455,SMALL PARLOUR PICTURE FRAME,569.4300000000001,569.4300000000001,207,36,35,0.0,0,Commercial Description,Valid,0.0,Low,0.409,Core Commercial Product
85086A,CANDY SPOT HEART DECORATION,568.7299999999999,568.73,587,156,155,0.0,0,Commercial Description,Valid,0.0,Low,0.4551,Core Commercial Product
84569C,PACK 4 FLOWER/BUTTERFLY PATCHES,584.93,568.68,415,93,93,-16.25,13,Commercial Description,Valid,0.0278,Low,0.4392,Core Commercial Product
23219,LAUREL STAR ANTIQUE SILVER,568.5999999999999,568.6,430,64,61,0.0,0,Commercial Description,Valid,0.0,Low,0.4411,Core Commercial Product
47559b,TEA TIME OVEN GLOVE,568.5799999999999,568.58,171,46,44,0.0,0,Commercial Description,Valid,0.0,Low,0.4023,Core Commercial Product
84806B,WHITE CANDYSTUFT ARTIFICIAL FLOWER,568.02,568.02,450,32,32,0.0,0,Commercial Description,Valid,0.0,Low,0.4432,Core Commercial Product
84876D,BLUE HEART COMPACT MIRROR,615.52,568.02,335,39,38,-47.5,14,Commercial Description,Valid,0.0772,Moderate,0.4298,Monitor Return Risk
85014b,RED/WHITE DOTS RUFFLED UMBRELLA,567.7400000000001,567.74,45,39,35,0.0,0,Commercial Description,Valid,0.0,Low,0.3637,Core Commercial Product
85202,HANGING WOOD AND FELT HEART,577.6500000000001,567.57,1217,222,209,-10.08,24,Commercial Description,Valid,0.0175,Low,0.4935,Core Commercial Product
16169C,WRAP BLUE REINDEER,567.0,567.0,1350,44,44,0.0,0,Commercial Description,Valid,0.0,Low,0.4985,Core Commercial Product
85071D,CHARLIE+LOLA MY ROOM DOOR SIGN,564.16,564.16,890,115,112,0.0,0,Commercial Description,Valid,0.0,Low,0.4745,Core Commercial Product
20781,GOLD EAR MUFF HEADPHONES,596.4000000000002,563.46,106,66,64,-32.94,6,Commercial Description,Valid,0.0552,Moderate,0.3858,Monitor Return Risk
84773,RED ROSE AND LACE C/COVER,569.3500000000001,563.45,193,55,52,-5.9,2,Commercial Description,Valid,0.0104,Low,0.4052,Core Commercial Product
21881,CUTE CATS TAPE,563.4000000000001,563.4,1345,120,118,0.0,0,Commercial Description,Valid,0.0,Low,0.4976,Core Commercial Product
47583A,SET OF 3 WICKER BASKET ROSE,612.8199999999999,562.9200000000001,71,9,9,-49.9,2,Commercial Description,Valid,0.0814,Moderate,0.3739,Monitor Return Risk
23381,PACK OF 12 VINTAGE LEAF TISSUES,562.8800000000001,562.88,1496,81,80,0.0,0,Commercial Description,Valid,0.0,Low,0.5039,Core Commercial Product
23272,TREE T-LIGHT HOLDER WILLIE WINKIE,562.22,562.22,364,44,44,0.0,0,Commercial Description,Valid,0.0,Low,0.4321,Core Commercial Product
90143,SILVER BRACELET W PASTEL FLOWER,614.7,562.2,81,45,43,-52.5,7,Commercial Description,Valid,0.0854,Moderate,0.3776,Monitor Return Risk
37345,ASSTD HEARTS DESIGN MUGS,561.05,561.05,321,10,10,0.0,0,Commercial Description,Valid,0.0,Low,0.4256,Core Commercial Product
16049,TEATIME GEL PENS ASST,560.48,560.48,3169,35,35,0.0,0,Commercial Description,Valid,0.0,Low,0.5431,Core Commercial Product
85020,ROUND PINK HEART MIRROR,558.6900000000002,558.69,251,61,58,0.0,0,Commercial Description,Valid,0.0,Low,0.414,Core Commercial Product
84306,S/3 PINK SQUARE PLANTERS ROSES,557.4799999999999,557.4799999999999,48,34,34,0.0,0,Commercial Description,Valid,0.0,Low,0.3632,Core Commercial Product
20935,ROUND CACTUS CANDLE,574.4800000000002,556.78,300,49,48,-17.700000000000003,6,Commercial Description,Valid,0.0308,Low,0.4218,Core Commercial Product
23069,EDWARDIAN PHOTO FRAME,556.21,556.21,88,32,32,0.0,0,Commercial Description,Valid,0.0,Low,0.3786,Core Commercial Product
35922,EASTER BUNNY WREATH,575.99,556.19,97,38,38,-19.8,4,Commercial Description,Valid,0.0344,Low,0.3809,Core Commercial Product
23451,SQUARE MINI PORTRAIT FRAME,556.1700000000001,556.17,277,53,52,0.0,0,Commercial Description,Valid,0.0,Low,0.4181,Core Commercial Product
21371,MIRRORED WALL ART POPPIES,556.01,556.01,404,64,64,0.0,0,Commercial Description,Valid,0.0,Low,0.435,Core Commercial Product
20838,FRENCH LATTICE CUSHION COVER,565.8,555.6,446,64,64,-10.2,12,Commercial Description,Valid,0.018,Low,0.4399,Core Commercial Product
23016,GLASS TWIST BON BON JAR,575.25,555.3,74,25,25,-19.950000000000003,3,Commercial Description,Valid,0.0347,Low,0.3732,Core Commercial Product
85169C,EAU DE NIL LOVE BIRD CANDLE,569.33,554.33,506,73,72,-15.0,12,Commercial Description,Valid,0.0263,Low,0.4453,Core Commercial Product
85129A,"WHITE PEARL BEADED HEART, SMALL",569.16,554.16,444,85,80,-15.0,12,Commercial Description,Valid,0.0264,Low,0.4392,Core Commercial Product
90120D,WHITE MURANO TWIST BRACELET,554.13,554.13,134,41,41,0.0,0,Commercial Description,Valid,0.0,Low,0.3907,Core Commercial Product
84859C,PINK DISCO HANDBAG,552.72,552.72,304,41,40,0.0,0,Commercial Description,Valid,0.0,Low,0.4212,Core Commercial Product
23473,WOODLAND SMALL RED FELT HEART,552.0200000000001,552.02,678,51,51,0.0,0,Commercial Description,Valid,0.0,Low,0.4581,Core Commercial Product
84805B,BLUE CLIMBING HYDRANGA ART FLOWER,551.4000000000001,551.4000000000001,340,10,10,0.0,0,Commercial Description,Valid,0.0,Low,0.4265,Core Commercial Product
84509c,DOTTY PLACEMATS,550.98,550.98,73,48,44,0.0,0,Commercial Description,Valid,0.0,Low,0.3719,Core Commercial Product
20794,BLUE  TILE HOOK,596.0799999999999,550.18,213,54,52,-45.9,18,Commercial Description,Valid,0.077,Moderate,0.4055,Monitor Return Risk
23457,LARGE PARLOUR PICTURE FRAME,549.88,549.88,112,31,31,0.0,0,Commercial Description,Valid,0.0,Low,0.3843,Core Commercial Product
47021G,SET/6 BEAD COASTERS GAUZE BAG GOLD,549.52,549.52,716,75,72,0.0,0,Commercial Description,Valid,0.0,Low,0.46,Core Commercial Product
37423,WHITE WITH BLACK CATS PLATE,843.88,548.68,6168,73,73,-295.2,2952,Commercial Description,Valid,0.3498,Very High,0.5638,High Return Risk
84683,CLASSICAL ROSE CANDLESTAND,549.36,548.11,562,54,49,-1.25,1,Commercial Description,Valid,0.0023,Low,0.4479,Core Commercial Product
84675,FROG KING WATERING CAN,571.71,548.11,206,66,66,-23.6,8,Commercial Description,Valid,0.0413,Low,0.4035,Core Commercial Product
23549,WRAP BIRD GARDEN,548.1,548.1,1305,52,52,0.0,0,Commercial Description,Valid,0.0,Low,0.4923,Core Commercial Product
20888,SET 3 JARDIN DE FEMME SCENT CANDLES,547.74,547.74,367,20,20,0.0,0,Commercial Description,Valid,0.0,Low,0.429,Core Commercial Product
23484,HEART TRELLISTRIPLE T-LIGHT HOLDER,547.35,547.35,185,36,35,0.0,0,Commercial Description,Valid,0.0,Low,0.3999,Core Commercial Product
90175D,TIGRIS EYE CHUNKY CHARM BRACELET,545.72,545.72,60,42,41,0.0,0,Commercial Description,Valid,0.0,Low,0.3661,Core Commercial Product
85129C,BEADED CRYSTAL HEART BLUE SMALL,545.24,545.24,417,71,67,0.0,0,Commercial Description,Valid,0.0,Low,0.4336,Core Commercial Product
21339,MARAKESH LANTERN LARGE,544.5,544.5,30,15,14,0.0,0,Commercial Description,Valid,0.0,Low,0.3497,Core Commercial Product
21311,SET/4 BIRD MIRROR MAGNETS,552.27,544.4399999999999,707,102,98,-7.83,27,Commercial Description,Valid,0.0142,Low,0.4581,Core Commercial Product
85119,WATERING CAN SINGLE HOOK PISTACHIO,570.84,543.8000000000001,414,46,44,-27.04,16,Commercial Description,Valid,0.0474,Low,0.4329,Core Commercial Product
23043,PAPER LANTERN 9 POINT HOLLY STAR 40,543.5100000000001,543.51,81,23,23,0.0,0,Commercial Description,Valid,0.0,Low,0.3732,Core Commercial Product
35969,FOLKART CROWN TABLE DECORATIONS,542.4699999999999,542.47,523,78,78,0.0,0,Commercial Description,Valid,0.0,Low,0.4436,Core Commercial Product
84596K,JELLY BABIES YELLOW SMALL BOWL,543.41,542.16,428,95,95,-1.25,1,Commercial Description,Valid,0.0023,Low,0.4344,Core Commercial Product
21373,MIRRORED WALL ART SNOWFLAKES,548.89,539.89,636,62,62,-9.0,12,Commercial Description,Valid,0.0164,Low,0.4517,Core Commercial Product
20943,SET/6 GINGERBREAD STAR T-LIGHTS,540.21,538.96,381,74,74,-1.25,1,Commercial Description,Valid,0.0023,Low,0.429,Core Commercial Product
16048,TEATIME ROUND PENCIL SHARPENER,537.06,537.06,3461,106,105,0.0,0,Commercial Description,Valid,0.0,Low,0.5418,Core Commercial Product
84592,CROCHET ROSE PURSE WITH SUEDE BACK,536.4000000000001,536.4000000000001,173,47,47,0.0,0,Commercial Description,Valid,0.0,Low,0.3959,Core Commercial Product
84414B,FUSCHIA/GREEN STRIPE WOOLLY BLANKET,536.24,536.24,78,10,10,0.0,0,Commercial Description,Valid,0.0,Low,0.3711,Core Commercial Product
21017,RED BIRD HOUSE TREE DECORATION,535.8899999999999,535.89,659,89,89,0.0,0,Commercial Description,Valid,0.0,Low,0.4531,Core Commercial Product
84661B,BLACK SQUARE TABLE CLOCK,535.2800000000001,535.28,244,52,51,0.0,0,Commercial Description,Valid,0.0,Low,0.4075,Core Commercial Product
23074,EMBOSSED HEART TRINKET BOX,547.27,534.79,246,49,49,-12.48,6,Commercial Description,Valid,0.0228,Low,0.4075,Core Commercial Product
20659,ECONOMY LUGGAGE TAG,534.7599999999999,534.76,370,142,139,0.0,0,Commercial Description,Valid,0.0,Low,0.4267,Core Commercial Product
23398,HANGING HEART BONHEUR,535.3500000000001,534.5,606,76,70,-0.85,1,Commercial Description,Valid,0.0016,Low,0.4485,Core Commercial Product
22394,PAPERWEIGHT KINGS CHOICE,549.35,534.05,347,57,56,-15.3,6,Commercial Description,Valid,0.0279,Low,0.4236,Core Commercial Product
20653,CHERRY BLOSSOM LUGGAGE TAG,533.7900000000001,533.79,2006,84,82,0.0,0,Commercial Description,Valid,0.0,Low,0.514,Core Commercial Product
21943,CAKES AND RABBITS DESIGN FLANNEL,532.48,532.48,593,151,149,0.0,0,Commercial Description,Valid,0.0,Low,0.4472,Core Commercial Product
84984B,RED PEONY DES C/COVER,541.3000000000001,532.0,322,18,18,-9.3,2,Commercial Description,Valid,0.0172,Low,0.4195,Core Commercial Product
71270,PHOTO CLIP LINE,531.65,531.65,375,85,81,0.0,0,Commercial Description,Valid,0.0,Low,0.4265,Core Commercial Product
72801C,S/4 ROSE PINK DINNER CANDLES,546.36,531.36,720,59,58,-15.0,12,Commercial Description,Valid,0.0275,Low,0.4562,Core Commercial Product
71143,SILVER BOOK MARK WITH BEADS,532.02,531.17,356,106,102,-0.85,1,Commercial Description,Valid,0.0016,Low,0.4239,Core Commercial Product
72267,PREMIUM CHURCH CANDLE,530.16,530.16,265,47,46,0.0,0,Commercial Description,Valid,0.0,Low,0.4099,Core Commercial Product
84827,ASS DES PHONE SPONGE CRAFT STICKER,530.09,530.09,1089,34,29,0.0,0,Commercial Description,Valid,0.0,Low,0.4786,Core Commercial Product
21403,BLUE EGG  SPOON,529.02,529.02,2326,159,157,0.0,0,Commercial Description,Valid,0.0,Low,0.5212,Core Commercial Product
23060,HEART BEADED TRELLIS DECORATION,528.1700000000001,528.1700000000001,249,44,42,0.0,0,Commercial Description,Valid,0.0,Low,0.4064,Core Commercial Product
85039C,S/4 BLACK MINI ROSE CANDLE IN BOWL,531.21,527.91,545,122,116,-3.3,2,Commercial Description,Valid,0.0062,Low,0.4419,Core Commercial Product
21160,KEEP OUT GIRLS DOOR HANGER,557.49,527.23,794,63,63,-30.259999999999998,74,Commercial Description,Valid,0.0543,Moderate,0.4601,Monitor Return Risk
90203,SILVER CHARM NECKLACE 70CM,534.27,526.77,71,37,37,-7.5,1,Commercial Description,Valid,0.014,Low,0.3657,Core Commercial Product
21418,STARFISH SOAP DISH,533.84,526.1899999999999,194,68,67,-7.649999999999999,3,Commercial Description,Valid,0.0143,Low,0.3968,Core Commercial Product
85023B,EAU DE NILE JEWELLED PHOTOFRAME,682.3499999999998,526.05,293,41,41,-156.3,74,Commercial Description,Valid,0.2291,High,0.4133,High Return Risk
84875B,GREEN SQUARE COMPACT MIRROR,526.0100000000001,526.01,377,42,41,0.0,0,Commercial Description,Valid,0.0,Low,0.4253,Core Commercial Product
16168M,FUNKY MONKEY GIFT BAG MEDIUM,525.01,525.01,1713,105,102,0.0,0,Commercial Description,Valid,0.0,Low,0.503,Core Commercial Product
16169P,WRAP GREEN RUSSIAN FOLKART,533.75,523.25,1750,51,51,-10.5,25,Commercial Description,Valid,0.0197,Low,0.5042,Core Commercial Product
72728,ROSE SCENT CANDLES IN GLASS,523.1499999999999,523.15,643,57,56,0.0,0,Commercial Description,Valid,0.0,Low,0.4485,Core Commercial Product
22861,EASTER TIN CHICKS IN GARDEN,522.93,522.93,305,50,50,0.0,0,Commercial Description,Valid,0.0,Low,0.4146,Core Commercial Product
85226C,BLUE PULL BACK RACING CAR,522.3100000000001,522.3100000000001,989,87,86,0.0,0,Commercial Description,Valid,0.0,Low,0.4705,Core Commercial Product
90160D,PINK BOUDICCA LARGE BRACELET,529.22,522.27,76,26,26,-6.95,1,Commercial Description,Valid,0.0131,Low,0.3665,Core Commercial Product
85090,CANDY SPOT APRON,559.2799999999999,522.08,106,58,57,-37.2,8,Commercial Description,Valid,0.0665,Moderate,0.3759,Monitor Return Risk
46118,FUNKY MONKEY CUSHION COVER,522.05,522.05,374,74,72,0.0,0,Commercial Description,Valid,0.0,Low,0.4237,Core Commercial Product
85179A,GREEN BITTY LIGHT CHAIN,534.34,520.39,221,74,71,-13.95,3,Commercial Description,Valid,0.0261,Low,0.4003,Core Commercial Product
23336,EGG FRYING PAN PINK,519.25,519.25,225,86,85,0.0,0,Commercial Description,Valid,0.0,Low,0.4008,Core Commercial Product
90114,SUMMER DAISIES BAG CHARM,519.2,519.1999999999999,207,113,111,0.0,0,Commercial Description,Valid,0.0,Low,0.3972,Core Commercial Product
20868,SILVER FABRIC MIRROR,518.0699999999998,518.07,882,71,71,0.0,0,Commercial Description,Valid,0.0,Low,0.4635,Core Commercial Product
84657,GREEN ROSE CUSHION COVER,517.48,517.48,246,21,21,0.0,0,Commercial Description,Valid,0.0,Low,0.4033,Core Commercial Product
84970l,SINGLE HEART ZINC T-LIGHT HOLDER,516.96,516.96,247,71,65,0.0,0,Commercial Description,Valid,0.0,Low,0.4035,Core Commercial Product
84706D,CHERRY BLOSSOM TABLE CLOCK,518.0899999999999,516.14,221,19,18,-1.95,1,Commercial Description,Valid,0.0038,Low,0.3995,Core Commercial Product
20823,GOLD WINE GOBLET,533.7099999999999,515.11,253,21,21,-18.6,4,Commercial Description,Valid,0.0349,Low,0.4047,Core Commercial Product
84931A,PINK SCOTTIE DOG W FLOWER PATTERN,513.6899999999999,513.69,204,82,82,0.0,0,Commercial Description,Valid,0.0,Low,0.3958,Core Commercial Product
72807c,SET/3 VANILLA SCENTED CANDLE IN BOX,511.9800000000001,511.98,60,44,44,0.0,0,Commercial Description,Valid,0.0,Low,0.3593,Core Commercial Product
23136,IVORY WIRE SWEETHEART LETTER TRAY,511.89000000000004,511.89,135,49,49,0.0,0,Commercial Description,Valid,0.0,Low,0.3821,Core Commercial Product
23139,SINGLE WIRE HOOK PINK HEART,528.7,511.29999999999995,414,29,28,-17.4,12,Commercial Description,Valid,0.0329,Low,0.4263,Core Commercial Product
84989B,75 BLACK FAIRY CAKE CASES,510.15,510.15,1009,59,59,0.0,0,Commercial Description,Valid,0.0,Low,0.4696,Core Commercial Product
20804,GLASS CHICKEN BUTTER DISH,579.3100000000001,509.71000000000004,325,65,65,-69.6,48,Commercial Description,Valid,0.1201,Moderate,0.4156,Monitor Return Risk
79337,BLUE FLOCK GLASS CANDLEHOLDER,511.93,509.65,1200,25,24,-2.28,6,Commercial Description,Valid,0.0045,Low,0.4802,Core Commercial Product
35810B,ENAMEL BLUE RIM COFFEE CONTAINER,519.8100000000001,509.02,326,73,72,-10.790000000000001,13,Commercial Description,Valid,0.0208,Low,0.4157,Core Commercial Product
23660,HENRIETTA HEN MUG,534.66,508.26,306,46,46,-26.4,16,Commercial Description,Valid,0.0494,Low,0.412,Core Commercial Product
84915,HAND TOWEL PINK FLOWER AND DAISY,507.8299999999999,507.83,241,41,37,0.0,0,Commercial Description,Valid,0.0,Low,0.4011,Core Commercial Product
35967,FOLK ART METAL STAR T-LIGHT HOLDER,507.5899999999999,507.21,966,118,113,-0.38,1,Commercial Description,Valid,0.0007,Low,0.4663,Core Commercial Product
21734,SMALL MARAKESH LANTERN ON STICK,529.49,506.99,97,35,34,-22.5,6,Commercial Description,Valid,0.0425,Low,0.3699,Core Commercial Product
84615,PINK ROUND BUTTERFLY MIRROR,748.48,506.79999999999995,240,23,23,-241.68,38,Commercial Description,Valid,0.3229,Very High,0.4005,High Return Risk
84842,HELLO SAILOR BATHROOM SET,744.1500000000001,506.55,1505,37,37,-237.6,720,Commercial Description,Valid,0.3193,Very High,0.4919,High Return Risk
21882,SKULLS TAPE,505.65000000000003,505.65000000000003,1060,125,119,0.0,0,Commercial Description,Valid,0.0,Low,0.4718,Core Commercial Product
20654,FIRST CLASS LUGGAGE TAG,505.41,505.41,398,121,120,0.0,0,Commercial Description,Valid,0.0,Low,0.4231,Core Commercial Product
20753,RETRO PINK SPOT WASHING UP GLOVES,509.0,504.8,218,59,59,-4.2,2,Commercial Description,Valid,0.0083,Low,0.3965,Core Commercial Product
22541,MINI JIGSAW LEAP FROG,504.76999999999987,504.77,1246,68,66,0.0,0,Commercial Description,Valid,0.0,Low,0.4804,Core Commercial Product
37352,BIRD IN TREE MUG,504.55,504.55,4643,11,11,0.0,0,Commercial Description,Valid,0.0,Low,0.5447,Core Commercial Product
90010E,AMBER GLASS/SILVER BRACELET,539.0099999999999,503.21,60,37,36,-35.8,4,Commercial Description,Valid,0.0664,Moderate,0.3569,Monitor Return Risk
20845,ZINC HEART LATTICE 2 WALL PLANTER,502.27,502.27,76,26,26,0.0,0,Commercial Description,Valid,0.0,Low,0.3624,Core Commercial Product
21117,BLOND DOLL DOORSTOP,502.08000000000004,502.08000000000004,328,26,26,0.0,0,Commercial Description,Valid,0.0,Low,0.4143,Core Commercial Product
90014A,SILVER/MOP ORBIT NECKLACE,502.01,502.01,55,41,41,0.0,0,Commercial Description,Valid,0.0,Low,0.3545,Core Commercial Product
84877B,GREEN ROUND COMPACT MIRROR,504.42999999999995,501.93,291,45,45,-2.5,2,Commercial Description,Valid,0.005,Low,0.4074,Core Commercial Product
84218,BOX/12 CHICK & EGG IN BASKET,503.51,501.56,261,100,98,-1.95,1,Commercial Description,Valid,0.0039,Low,0.4027,Core Commercial Product
23021,GLASS BONNE JAM JAR,500.82000000000005,500.82000000000005,120,27,27,0.0,0,Commercial Description,Valid,0.0,Low,0.3758,Core Commercial Product
23560,SET OF 6 RIBBONS COUNTRY STYLE,499.18,499.18,172,26,26,0.0,0,Commercial Description,Valid,0.0,Low,0.3869,Core Commercial Product
84804B,BLUE DELPHINIUM ARTIFICIAL FLOWER,501.97000000000014,499.02000000000004,355,22,21,-2.95,1,Commercial Description,Valid,0.0059,Low,0.4165,Core Commercial Product
16219,HOUSE SHAPE PENCIL SHARPENER,501.25,498.37,3358,130,129,-2.88,48,Commercial Description,Valid,0.0057,Low,0.5312,Core Commercial Product
84247L,FAWN AND MUSHROOM GREETING CARD,503.2499999999999,498.21,1149,114,113,-5.04,12,Commercial Description,Valid,0.01,Low,0.4744,Core Commercial Product
35600D,PINK AND WHITE CHRISTMAS TREE 180CM,497.70000000000005,497.70000000000005,141,14,14,0.0,0,Commercial Description,Valid,0.0,Low,0.38,Core Commercial Product
85230A,OPIUM SCENTED VOTIVE CANDLE,497.03999999999996,497.03999999999996,1992,48,48,0.0,0,Commercial Description,Valid,0.0,Low,0.505,Core Commercial Product
23117,Damaged,501.22999999999996,496.28,93,47,47,-4.95,1,Operational / Dirty Description,Review Required,0.0099,Low,0.3659,Review / Operational
20864,DENIM PATCH PENCIL CASE BUTTERFLY,498.14,496.04,252,33,32,-2.1,1,Commercial Description,Valid,0.0042,Low,0.4,Core Commercial Product
84809A,WHITE CHRYSANTHEMUMS ART FLOWER,500.04,495.84,288,25,23,-4.2,2,Commercial Description,Valid,0.0084,Low,0.4054,Core Commercial Product
90058B,CRYSTAL STUD EARRINGS ASSORTED COL,509.08000000000004,495.4,1082,30,30,-13.68,36,Commercial Description,Valid,0.0269,Low,0.4703,Core Commercial Product
85142,JARDIN ETCHED GLASS GINGER JAR,502.58000000000004,494.63,57,36,36,-7.95,1,Commercial Description,Valid,0.0158,Low,0.3533,Core Commercial Product
22031,BOTANICAL LAVENDER BIRTHDAY CARD,499.03000000000003,493.99,1137,144,143,-5.04,12,Commercial Description,Valid,0.0101,Low,0.4726,Core Commercial Product
84799,SPRIG LAVENDER ARTIFICIAL FLOWER,528.78,493.62,678,34,34,-35.16,60,Commercial Description,Valid,0.0665,Moderate,0.4448,Monitor Return Risk
21132,SILVER STANDING GNOME,493.60999999999996,493.61,97,48,47,0.0,0,Commercial Description,Valid,0.0,Low,0.3662,Core Commercial Product
16239,BALLERINA HEART DECORATION.,492.16999999999996,492.17,347,22,22,0.0,0,Commercial Description,Valid,0.0,Low,0.414,Core Commercial Product
51020B,STRIPY DESIGN SHOWER CAP,491.87000000000006,491.28999999999996,1087,66,64,-0.58,2,Commercial Description,Valid,0.0012,Low,0.4697,Core Commercial Product
90160B,RED BOUDICCA LARGE BRACELET,490.91999999999996,490.92,71,29,29,0.0,0,Commercial Description,Valid,0.0,Low,0.3575,Core Commercial Product
23466,TUSCAN VILLA DOVECOTE,498.03,489.78,55,28,28,-8.25,1,Commercial Description,Valid,0.0166,Low,0.3517,Core Commercial Product
84876B,GREEN HEART COMPACT MIRROR,488.31,488.31,344,43,42,0.0,0,Commercial Description,Valid,0.0,Low,0.413,Core Commercial Product
72132,COLUMBIAN CUBE CANDLE,485.54999999999995,485.55,561,30,28,0.0,0,Commercial Description,Valid,0.0,Low,0.4346,Core Commercial Product
21459,YELLOW EASTER EGG HUNT START POST,520.55,485.45,263,49,49,-35.1,18,Commercial Description,Valid,0.0674,Moderate,0.4002,Monitor Return Risk
20793,BLUE TILED TRAY,518.5,484.75,281,25,25,-33.75,5,Commercial Description,Valid,0.0651,Moderate,0.4027,Monitor Return Risk
84875D,BLUE SQUARE COMPACT MIRROR,483.75,483.75,371,40,40,0.0,0,Commercial Description,Valid,0.0,Low,0.4159,Core Commercial Product
23218,LAUREL STAR ANTIQUE GOLD,483.03,483.03,379,40,40,0.0,0,Commercial Description,Valid,0.0,Low,0.4169,Core Commercial Product
22407,MONEY BOX FIRST ADE DESIGN,521.1199999999999,482.96,438,76,76,-38.16,36,Commercial Description,Valid,0.0732,Moderate,0.4232,Monitor Return Risk
84798B,PURPLE FOXGLOVE ARTIIFCIAL FLOWER,492.9000000000001,482.70000000000005,326,13,13,-10.2,4,Commercial Description,Valid,0.0207,Low,0.4099,Core Commercial Product
23691,KEEP CALM BIRTHDAY WRAP,481.5,481.5,1175,38,38,0.0,0,Commercial Description,Valid,0.0,Low,0.4729,Core Commercial Product
22038,BOTANICAL LAVENDER GIFT WRAP,481.0,481.0,1150,45,45,0.0,0,Commercial Description,Valid,0.0,Low,0.4714,Core Commercial Product
85027L,FRENCH CHATEAU LARGE PLATTER,546.4499999999999,480.15,191,45,44,-66.3,34,Commercial Description,Valid,0.1213,Moderate,0.3869,Monitor Return Risk
85170B,SET/6 BLACK BIRD T-LIGHT CANDLES,496.91,480.11,293,66,62,-16.8,8,Commercial Description,Valid,0.0338,Low,0.4037,Core Commercial Product
16244A,MAXWELL 2 TONE PINK 60 PAGE PHOTO A,479.4100000000001,479.40999999999997,186,29,29,0.0,0,Commercial Description,Valid,0.0,Low,0.3859,Core Commercial Product
22259,FELT FARM ANIMAL HEN,482.95,479.2,590,75,73,-3.75,3,Commercial Description,Valid,0.0078,Low,0.4354,Core Commercial Product
85091,CANDY SPOT BREAD BASKETS,548.81,479.11,343,21,21,-69.69999999999999,17,Commercial Description,Valid,0.127,Moderate,0.4111,Monitor Return Risk
72127,COLUMBIAN CANDLE ROUND,479.69,478.44,393,74,68,-1.25,1,Commercial Description,Valid,0.0026,Low,0.417,Core Commercial Product
23422,PANTRY HOOK BALLOON WHISK,477.88999999999993,477.89,213,47,47,0.0,0,Commercial Description,Valid,0.0,Low,0.3896,Core Commercial Product
72750C,"F.FAIRY S/3 CANDLE/GLASS, ROSE",476.4,476.4,232,17,17,0.0,0,Commercial Description,Valid,0.0,Low,0.3928,Core Commercial Product
23561,SET OF 6 RIBBONS PARTY,476.0,476.0,170,16,16,0.0,0,Commercial Description,Valid,0.0,Low,0.3817,Core Commercial Product
90192,JADE DROP EARRINGS W FILIGREE,484.31,474.41,97,58,55,-9.9,2,Commercial Description,Valid,0.0204,Low,0.3631,Core Commercial Product
21518,BANK ACCOUNT  GREETING  CARD,474.32000000000005,474.32,1119,111,110,0.0,0,Commercial Description,Valid,0.0,Low,0.4683,Core Commercial Product
37492C,GREEN BLUE FLOWER PIGGY BANK,477.3,472.65,242,28,27,-4.65,1,Commercial Description,Valid,0.0097,Low,0.3939,Core Commercial Product
40046A,RED DAISY PAPER LAMPSHADE,472.07,472.07,355,63,63,0.0,0,Commercial Description,Valid,0.0,Low,0.4114,Core Commercial Product
84926E,FLOWERS TILE COASTER,471.56999999999994,471.57,1081,52,52,0.0,0,Commercial Description,Valid,0.0,Low,0.4659,Core Commercial Product
84901,BLACK FACE LAMB WITH PANTS,471.13,471.13,123,75,75,0.0,0,Commercial Description,Valid,0.0,Low,0.371,Core Commercial Product
gift_0001_20,Dotcomgiftshop Gift Voucher £20.00,471.06,471.06,28,29,29,0.0,0,Commercial Description,Valid,0.0,Low,0.3326,Core Commercial Product
90120C,GREEN MURANO TWIST BRACELET,470.79999999999995,470.8,111,60,58,0.0,0,Commercial Description,Valid,0.0,Low,0.367,Core Commercial Product
84884a,ANT WHITE WIRE HEART SPIRAL,470.18,470.18,56,39,35,0.0,0,Commercial Description,Valid,0.0,Low,0.3484,Core Commercial Product
35471A,SET OF 3 BIRD L.BLUE FEATHER,499.30999999999995,468.06,421,89,87,-31.25,25,Commercial Description,Valid,0.0626,Moderate,0.4182,Monitor Return Risk
72799B,PURPLE PILLAR CANDLE BLACK FLOCK,467.71000000000004,467.71000000000004,322,17,17,0.0,0,Commercial Description,Valid,0.0,Low,0.4059,Core Commercial Product
84952A,CLEAR LOVE BIRD T-LIGHT HOLDER,467.65,467.65,167,41,39,0.0,0,Commercial Description,Valid,0.0,Low,0.3793,Core Commercial Product
85014a,BLACK/BLUE DOTS RUFFLED UMBRELLA,466.99999999999994,467.0,37,31,28,0.0,0,Commercial Description,Valid,0.0,Low,0.3374,Core Commercial Product
35911A,MULTICOLOUR RABBIT EGG WARMER,466.6899999999999,466.69,388,98,97,0.0,0,Commercial Description,Valid,0.0,Low,0.414,Core Commercial Product
85136B,BLUE SHARK HELICOPTER,473.7699999999999,465.82,59,51,51,-7.95,1,Commercial Description,Valid,0.0168,Low,0.3488,Core Commercial Product
23379,PACK OF 12 RED APPLE TISSUES,465.3599999999999,465.36,1220,77,76,0.0,0,Commercial Description,Valid,0.0,Low,0.4717,Core Commercial Product
51020A,SUMMER FUN DESIGN SHOWER CAP,464.56,463.97999999999996,1304,53,52,-0.58,2,Commercial Description,Valid,0.0012,Low,0.4747,Core Commercial Product
84972L,GIANT PINK HEART MEMO HOLDER,462.1500000000001,462.15000000000003,117,49,49,0.0,0,Commercial Description,Valid,0.0,Low,0.3677,Core Commercial Product
20616,CHERRY BLOSSOM PASSPORT COVER,461.88,461.88,287,124,121,0.0,0,Commercial Description,Valid,0.0,Low,0.399,Core Commercial Product
90145,SILVER HOOP EARRINGS WITH FLOWER,461.81000000000006,461.81,76,46,45,0.0,0,Commercial Description,Valid,0.0,Low,0.3542,Core Commercial Product
85204,HANGING WOOD AND FELT FLOWER,461.7399999999999,461.62,2354,160,156,-0.12,1,Commercial Description,Valid,0.0003,Low,0.5078,Core Commercial Product
72801D,S/4 SKY BLUE DINNER CANDLES,461.16999999999996,461.17,565,62,61,0.0,0,Commercial Description,Valid,0.0,Low,0.4298,Core Commercial Product
85211,S/4 GROOVY CAT MAGNETS,467.40000000000003,460.87,306,85,82,-6.529999999999999,5,Commercial Description,Valid,0.014,Low,0.4018,Core Commercial Product
85030,FRENCH CHATEAU OVAL PLATTER,531.4499999999999,460.8,211,33,33,-70.64999999999999,27,Commercial Description,Valid,0.1329,Moderate,0.3857,Monitor Return Risk
21536,DAIRY MAID  SMALL  MILK JUG,474.7400000000002,460.04,221,71,69,-14.7,7,Commercial Description,Valid,0.031,Low,0.3877,Core Commercial Product
84782C,GREEN 3 TIER GLASS PLATE STAND,509.9,459.8,74,24,24,-50.1,6,Commercial Description,Valid,0.0983,Moderate,0.3526,Monitor Return Risk
16207B,PINK HEART RED HANDBAG,457.6499999999998,457.65000000000003,265,49,49,0.0,0,Commercial Description,Valid,0.0,Low,0.3947,Core Commercial Product
84508B,STRIPES DESIGN TEDDY,471.61,456.31,176,81,77,-15.3,6,Commercial Description,Valid,0.0324,Low,0.3794,Core Commercial Product
90120B,BLUE MURANO TWIST BRACELET,455.68000000000006,455.68,108,43,42,0.0,0,Commercial Description,Valid,0.0,Low,0.3631,Core Commercial Product
16218,CARTOON  PENCIL SHARPENERS,454.52000000000004,454.52,4632,101,98,0.0,0,Commercial Description,Valid,0.0,Low,0.5348,Core Commercial Product
21757,LIGHTHOUSE PRINTED METAL SIGN,454.2999999999999,454.3,80,45,44,0.0,0,Commercial Description,Valid,0.0,Low,0.3545,Core Commercial Product
84984A,GREEN PEONY DES C/COVER,462.12,452.82,266,18,18,-9.3,2,Commercial Description,Valid,0.0201,Low,0.3942,Core Commercial Product
84948,SILVER HANGING T-LIGHT HOLDER DOME,459.21,452.61,273,40,39,-6.6,4,Commercial Description,Valid,0.0144,Low,0.3952,Core Commercial Product
72225C,LAVENDER SCENT CAKE CANDLE,466.37999999999994,452.46,1926,42,42,-13.919999999999998,48,Commercial Description,Valid,0.0298,Low,0.4948,Core Commercial Product
20621,ECONOMY PASSPORT COVER,451.67,451.67,207,35,35,0.0,0,Commercial Description,Valid,0.0,Low,0.3836,Core Commercial Product
23548,WRAP MAGIC FOREST,451.5,451.5,1075,43,43,0.0,0,Commercial Description,Valid,0.0,Low,0.4615,Core Commercial Product
23509,MINI PLAYING CARDS FUN FAIR,451.46,451.46000000000004,1062,66,65,0.0,0,Commercial Description,Valid,0.0,Low,0.4606,Core Commercial Product
82081,PINK HEARTS PHOTO ALBUM,451.3499999999999,451.35,174,24,24,0.0,0,Commercial Description,Valid,0.0,Low,0.3777,Core Commercial Product
84601A,NEW BAROQUE IVORY CUSHION COVER,638.3399999999999,450.84000000000003,260,18,18,-187.5,150,Commercial Description,Valid,0.2937,High,0.3924,High Return Risk
72128,COLUMBIAN CANDLE ROUND,450.74,450.73999999999995,724,93,88,0.0,0,Commercial Description,Valid,0.0,Low,0.4393,Core Commercial Product
35004S,SET OF 3 SILVER FLYING DUCKS,505.4,448.88,145,33,33,-56.52,10,Commercial Description,Valid,0.1118,Moderate,0.3715,Monitor Return Risk
84597C,RETRO PINK BALL ASHTRAY,452.23,447.23,365,48,47,-5.0,4,Commercial Description,Valid,0.0111,Low,0.4079,Core Commercial Product
17164D,ASS COL SMALL SAND FROG P'WEIGHT,447.0,447.0,1150,33,30,0.0,0,Commercial Description,Valid,0.0,Low,0.4645,Core Commercial Product
21663,VINTAGE GLASS SUGAR CADDY,488.16,446.51000000000005,76,41,41,-41.650000000000006,7,Commercial Description,Valid,0.0853,Moderate,0.351,Monitor Return Risk
90198B,VINTAGE ROSE BEAD BRACELET BLACK,446.15,446.15,105,50,49,0.0,0,Commercial Description,Valid,0.0,Low,0.3601,Core Commercial Product
90013B,BLACK VINTAGE EARRINGS,445.88,445.88,108,82,79,0.0,0,Commercial Description,Valid,0.0,Low,0.3608,Core Commercial Product
84857C,PINK MONTE CARLO HANDBAG,445.03000000000003,443.08,197,20,20,-1.95,1,Commercial Description,Valid,0.0044,Low,0.3803,Core Commercial Product
90195B,BLACK GEMSTONE BRACELET,478.59,442.78999999999996,54,29,27,-35.8,4,Commercial Description,Valid,0.0748,Moderate,0.3424,Monitor Return Risk
62096B,PURPLE/TURQ FLOWERS HANDBAG,441.99,441.99,257,86,85,0.0,0,Commercial Description,Valid,0.0,Low,0.3906,Core Commercial Product
16243B,BROWN COZY SQUARE PHOTO ALBUM,441.77000000000004,441.77,212,8,8,0.0,0,Commercial Description,Valid,0.0,Low,0.3825,Core Commercial Product
90154,LAZER CUT NECKLACE W PASTEL BEADS,439.65,439.65,59,7,7,0.0,0,Commercial Description,Valid,0.0,Low,0.344,Core Commercial Product
16161M,WRAP  PINK FLOCK,449.5,439.0,1075,43,42,-10.5,25,Commercial Description,Valid,0.0234,Low,0.4593,Core Commercial Product
79030A,"TUMBLER, ENGLISH ROSE",438.25000000000006,438.25,171,37,37,0.0,0,Commercial Description,Valid,0.0,Low,0.375,Core Commercial Product
47422,ASSORTED MONKEY SUCTION CUP HOOK,458.7600000000001,438.18,1178,75,69,-20.580000000000002,49,Commercial Description,Valid,0.0449,Low,0.4646,Core Commercial Product
21027,NINJA RABBIT PINK,437.37,437.37,357,86,81,0.0,0,Commercial Description,Valid,0.0,Low,0.405,Core Commercial Product
23023,RIDGED BONNE JAM JAR T-LIGHT HOLDER,437.81999999999994,434.52,274,26,26,-3.3,2,Commercial Description,Valid,0.0075,Low,0.3925,Core Commercial Product
79071B,ENGLISH ROSE METAL WASTE BIN,433.7,433.70000000000005,142,68,68,0.0,0,Commercial Description,Valid,0.0,Low,0.3685,Core Commercial Product
84859B,BLUE DISCO HANDBAG,433.46,433.46,282,18,18,0.0,0,Commercial Description,Valid,0.0,Low,0.3932,Core Commercial Product
37464,ROBOT MUG IN DISPLAY BOX,432.42999999999995,432.43,317,88,85,0.0,0,Commercial Description,Valid,0.0,Low,0.399,Core Commercial Product
84858B,BLUE RIVIERA HANDBAG,431.0,431.0,326,12,12,0.0,0,Commercial Description,Valid,0.0,Low,0.4005,Core Commercial Product
23058,CHRISTMAS HANGING SNOWFLAKE,430.86,430.86,490,48,48,0.0,0,Commercial Description,Valid,0.0,Low,0.4188,Core Commercial Product
21678,PAISLEY PATTERN  STICKERS,430.61,430.60999999999996,580,83,80,0.0,0,Commercial Description,Valid,0.0,Low,0.4257,Core Commercial Product
84510F,SET OF 4 NEW ENGLAND COASTERS,432.74999999999994,430.25,1099,41,41,-2.5,2,Commercial Description,Valid,0.0058,Low,0.4595,Core Commercial Product
84968e,S/16 VINTAGE BLACK CUTLERY,429.6199999999999,429.62,17,14,13,0.0,0,Commercial Description,Valid,0.0,Low,0.316,Core Commercial Product
16045,POPART WOODEN PENCILS ASST,429.44,429.44,9312,77,76,0.0,0,Commercial Description,Valid,0.0,Low,0.5493,Core Commercial Product
22395,PAPERWEIGHT VINTAGE PAISLEY,428.94,428.94,237,56,53,0.0,0,Commercial Description,Valid,0.0,Low,0.3848,Core Commercial Product
84966B,BLUE KASHMIRI BOXED MIRROR,428.0,428.0,33,5,5,0.0,0,Commercial Description,Valid,0.0,Low,0.3284,Core Commercial Product
21520,BOOZE & WOMEN GREETING CARD,428.45,427.61,995,114,109,-0.84,2,Commercial Description,Valid,0.002,Low,0.4522,Core Commercial Product
84801A,PINK HYDRANGEA ART FLOWER,427.44,427.44000000000005,272,17,17,0.0,0,Commercial Description,Valid,0.0,Low,0.3902,Core Commercial Product
21028,NINJA RABBIT BLACK,426.40999999999997,426.41,324,93,92,0.0,0,Commercial Description,Valid,0.0,Low,0.3986,Core Commercial Product
85230G,ORANGE VOTIVE CANDLE,439.67999999999995,425.76,1728,49,47,-13.919999999999998,48,Commercial Description,Valid,0.0317,Low,0.484,Core Commercial Product
90184A,AMBER CHUNKY BEAD BRACELET W STRAP,425.56999999999994,425.57,47,26,25,0.0,0,Commercial Description,Valid,0.0,Low,0.3351,Core Commercial Product
20662,FIRST CLASS HOLIDAY PURSE,476.35,425.35,730,52,50,-51.00000000000001,300,Commercial Description,Valid,0.1071,Moderate,0.4355,Monitor Return Risk
72789,BASKET/8 SCENTED LOVE TOKEN CANDLES,461.53,424.03,122,51,50,-37.5,10,Commercial Description,Valid,0.0813,Moderate,0.3618,Monitor Return Risk
16207A,PINK STRAWBERRY HANDBAG,423.53,423.53000000000003,143,80,80,0.0,0,Commercial Description,Valid,0.0,Low,0.3665,Core Commercial Product
16008,SMALL FOLDING SCISSOR(POINTED EDGE),423.46,423.46,3143,87,86,0.0,0,Commercial Description,Valid,0.0,Low,0.5144,Core Commercial Product
23044,PAPER LANTERN 9 POINT HOLLY STAR S,423.29,423.29,101,26,25,0.0,0,Commercial Description,Valid,0.0,Low,0.3547,Core Commercial Product
84762A,WHITE PICNIC BARBECUE BUCKET,517.4300000000001,422.98,59,36,36,-94.45,11,Commercial Description,Valid,0.1825,High,0.3405,High Return Risk
21729,SMALL MARAKESH METAL  LANTERN,422.90000000000003,422.9,124,33,32,0.0,0,Commercial Description,Valid,0.0,Low,0.3615,Core Commercial Product
90201B,BLACK ENAMEL FLOWER RING,460.23,421.88000000000005,156,59,57,-38.35000000000001,13,Commercial Description,Valid,0.0833,Moderate,0.3682,Monitor Return Risk
47579,TEA TIME BREAKFAST BASKET,422.97,420.87,186,60,58,-2.1,1,Commercial Description,Valid,0.005,Low,0.3744,Core Commercial Product
46126A,ELVIS WALLHANGING / CURTAIN,419.99,419.99,317,49,49,0.0,0,Commercial Description,Valid,0.0,Low,0.396,Core Commercial Product
84967C,GREEN KASHMIRI OCCASIONAL TABLE,419.84999999999997,419.85,9,6,6,0.0,0,Commercial Description,Valid,0.0,Low,0.3047,Core Commercial Product
22032,BOTANICAL LILY GREETING CARD,418.12000000000006,418.12,980,111,111,0.0,0,Commercial Description,Valid,0.0,Low,0.4494,Core Commercial Product
20851,ZINC HEART LATTICE TRAY OVAL,429.56999999999994,417.67,335,32,31,-11.9,2,Commercial Description,Valid,0.0277,Low,0.3985,Core Commercial Product
84532B,FAIRY CAKES RECTANGLUAR BOXES,417.5799999999999,417.58,54,33,33,0.0,0,Commercial Description,Valid,0.0,Low,0.3374,Core Commercial Product
35240,ENAMEL BLUE RIM OVAL TRAY SET/2,416.0100000000001,416.01,49,42,42,0.0,0,Commercial Description,Valid,0.0,Low,0.3342,Core Commercial Product
90013A,MIDNIGHT BLUE VINTAGE EARRINGS,445.70000000000005,415.7,118,81,79,-30.0,8,Commercial Description,Valid,0.0673,Moderate,0.3587,Monitor Return Risk
21336,GOLD WASHBAG,530.51,415.24,1824,47,46,-115.27,865,Commercial Description,Valid,0.2173,High,0.4848,High Return Risk
23045,PAPER LANTERN 5 POINT STAR MOON 30,497.9800000000001,414.98,118,26,26,-83.0,20,Commercial Description,Valid,0.1667,High,0.3585,High Return Risk
21025,SPACE FROG,414.89,414.89,313,84,81,0.0,0,Commercial Description,Valid,0.0,Low,0.3939,Core Commercial Product
84529C,YELLOW KNITTED KIDS RUCKSACK,414.73999999999995,414.74,78,38,38,0.0,0,Commercial Description,Valid,0.0,Low,0.3457,Core Commercial Product
37444A,YELLOW BREAKFAST CUP AND SAUCER,587.0599999999998,414.07,2714,53,49,-172.98999999999998,1309,Commercial Description,Valid,0.2947,High,0.506,High Return Risk
84007,MAGIC GARDEN MOUNT FUJI,413.1200000000001,413.12,157,41,41,0.0,0,Commercial Description,Valid,0.0,Low,0.3666,Core Commercial Product
85112,S/3 TEAR DROP CUT GLASS DECORATION,412.77,412.77,465,36,36,0.0,0,Commercial Description,Valid,0.0,Low,0.4117,Core Commercial Product
84711A,SILVER OVAL SHAPE TRINKET BOX,410.84999999999997,410.84999999999997,44,26,25,0.0,0,Commercial Description,Valid,0.0,Low,0.3305,Core Commercial Product
21341,KASBAH LANTERN WITH GLASS,410.64,410.64,72,31,31,0.0,0,Commercial Description,Valid,0.0,Low,0.3425,Core Commercial Product
90149,SILVER FLOWR PINK SHELL NECKLACE,410.26000000000005,410.26000000000005,62,9,9,0.0,0,Commercial Description,Valid,0.0,Low,0.339,Core Commercial Product
84422,PINK/BLUE DISC/MIRROR STRING,429.60999999999996,410.03999999999996,783,42,41,-19.57,49,Commercial Description,Valid,0.0456,Low,0.4358,Core Commercial Product
16169F,WRAP BLIZZARD,409.5,409.5,975,35,35,0.0,0,Commercial Description,Valid,0.0,Low,0.4469,Core Commercial Product
21698,MOCK LOBSTER FRIDGE MAGNET,408.96999999999997,408.96999999999997,536,121,115,0.0,0,Commercial Description,Valid,0.0,Low,0.4168,Core Commercial Product
84595B,LARGE TRIFLE DESIGN L BLUE BOWL,408.9,408.9,230,18,18,0.0,0,Commercial Description,Valid,0.0,Low,0.379,Core Commercial Product
21252,SET OF MEADOW  FLOWER STICKERS,408.65999999999997,408.66,168,24,24,0.0,0,Commercial Description,Valid,0.0,Low,0.3676,Core Commercial Product
72780,BLACK SILOUETTE CANDLE PLATE,418.17999999999995,407.98,514,46,46,-10.2,12,Commercial Description,Valid,0.0244,Low,0.4152,Core Commercial Product
90206C,CRYSTAL DIAMANTE STAR BROOCH,407.70000000000005,407.7,81,58,57,0.0,0,Commercial Description,Valid,0.0,Low,0.3451,Core Commercial Product
90082B,DIAMANTE BOW BROOCH RED COLOUR,406.40000000000003,406.4,64,29,27,0.0,0,Commercial Description,Valid,0.0,Low,0.3386,Core Commercial Product
84984D,ORIENTAL RED C/COVER,404.9099999999999,404.90999999999997,159,21,21,0.0,0,Commercial Description,Valid,0.0,Low,0.3653,Core Commercial Product
72801E,S/4 FESTIVE GREEN DINNER CANDLES,404.75,404.75,769,26,26,0.0,0,Commercial Description,Valid,0.0,Low,0.4338,Core Commercial Product
84510C,SET OF 4 POLKADOTS COASTERS,404.09999999999997,404.1,275,102,101,0.0,0,Commercial Description,Valid,0.0,Low,0.3857,Core Commercial Product
23415,HOME SWEET HOME HOOK,412.18,403.93,328,48,48,-8.25,5,Commercial Description,Valid,0.02,Low,0.3944,Core Commercial Product
82076,BEECH WOOD PHOTO FRAME,403.64000000000004,403.64,290,20,20,0.0,0,Commercial Description,Valid,0.0,Low,0.3874,Core Commercial Product
90124B,BLUE MURANO TWIST NECKLACE,401.34999999999985,401.35,40,31,30,0.0,0,Commercial Description,Valid,0.0,Low,0.326,Core Commercial Product
84932B,SMALL PINK PEONY FOLDING STOOL,401.29999999999995,401.3,189,19,19,0.0,0,Commercial Description,Valid,0.0,Low,0.3706,Core Commercial Product
45016,DECORATIVE NET CANOPY LEOPARD,423.73,401.23,101,29,28,-22.5,6,Commercial Description,Valid,0.0531,Moderate,0.3498,Monitor Return Risk
84984C,ORIENTAL BLUE C/COVER,401.16,401.16,232,17,17,0.0,0,Commercial Description,Valid,0.0,Low,0.3775,Core Commercial Product
23339,EGG FRYING PAN BLUE,400.84,400.84000000000003,173,76,76,0.0,0,Commercial Description,Valid,0.0,Low,0.3672,Core Commercial Product
23576,SNACK TRAY RED VINTAGE DOILY,400.04,400.03999999999996,198,38,37,0.0,0,Commercial Description,Valid,0.0,Low,0.3713,Core Commercial Product
23429,RED RETRO KITCHEN WALL CLOCK,400.01000000000005,400.01,47,23,23,0.0,0,Commercial Description,Valid,0.0,Low,0.329,Core Commercial Product
90120A,PINK MURANO TWIST BRACELET,399.92,399.92,94,43,42,0.0,0,Commercial Description,Valid,0.0,Low,0.3465,Core Commercial Product
72803B,OCEAN SCENT CANDLE JEWELLED DRAWER,407.88,399.38,92,47,44,-8.5,2,Commercial Description,Valid,0.0208,Low,0.3458,Core Commercial Product
90010A,MIDNIGHT BLUE GLASS/SILVER BRACELET,452.7999999999999,399.09999999999997,50,33,32,-53.7,6,Commercial Description,Valid,0.1186,Moderate,0.3302,Monitor Return Risk
16156L,"WRAP, CAROUSEL",399.0,399.0,950,36,36,0.0,0,Commercial Description,Valid,0.0,Low,0.4421,Core Commercial Product
84497,BUTTONS AND STRIPES NOTEBOOK,398.38,398.38,100,46,41,0.0,0,Commercial Description,Valid,0.0,Low,0.3481,Core Commercial Product
20889,JARDIN DE FEMME SCENTED CANDLE,398.0400000000001,398.04,657,14,14,0.0,0,Commercial Description,Valid,0.0,Low,0.4233,Core Commercial Product
90180A,BLACK+WHITE NECKLACE W TASSEL,406.59000000000003,396.64,45,31,30,-9.95,1,Commercial Description,Valid,0.0245,Low,0.3273,Core Commercial Product
90158,ST TROPEZ NECKLACE,396.50000000000006,396.5,79,65,63,0.0,0,Commercial Description,Valid,0.0,Low,0.3416,Core Commercial Product
84804A,CREAM DELPHINIUM ARTIFICIAL FLOWER,396.3800000000001,396.38000000000005,218,19,19,0.0,0,Commercial Description,Valid,0.0,Low,0.3736,Core Commercial Product
84673B,BLUE FLY SWAT,396.43,395.78,507,138,134,-0.65,1,Commercial Description,Valid,0.0016,Low,0.4115,Core Commercial Product
84726,LILLIES CANVAS PICTURE,394.85,394.85,233,6,6,0.0,0,Commercial Description,Valid,0.0,Low,0.3759,Core Commercial Product
20857,BLUE ROSE PATCH PURSE PINK BUTTERFL,420.74999999999994,394.34999999999997,255,82,77,-26.4,16,Commercial Description,Valid,0.0627,Moderate,0.3797,Monitor Return Risk
90201D,GREEN ENAMEL FLOWER RING,394.3299999999999,394.33000000000004,134,58,57,0.0,0,Commercial Description,Valid,0.0,Low,0.3566,Core Commercial Product
84873A,FUNKY FLOWER PICNIC BAG FOR 4,394.15000000000003,394.15,32,20,20,0.0,0,Commercial Description,Valid,0.0,Low,0.319,Core Commercial Product
84877D,BLUE ROUND COMPACT MIRROR,393.96000000000004,393.96,166,49,46,0.0,0,Commercial Description,Valid,0.0,Low,0.363,Core Commercial Product
21736,GOLD SCROLL GLASS T-LIGHT HOLDER,393.69,392.52000000000004,193,34,33,-1.17,3,Commercial Description,Valid,0.003,Low,0.3683,Core Commercial Product
84802B,PURPLE ANEMONE ARTIFICIAL FLOWER,389.79,389.79,411,18,18,0.0,0,Commercial Description,Valid,0.0,Low,0.4005,Core Commercial Product
22869,"NUMBER TILE COTTAGE GARDEN, 1",393.63,389.72999999999996,167,59,58,-3.9,2,Commercial Description,Valid,0.0099,Low,0.363,Core Commercial Product
16044,POP-ART FLUORESCENT PENS,389.22,389.22,6193,6,6,0.0,0,Commercial Description,Valid,0.0,Low,0.5302,Core Commercial Product
23337,EGG FRYING PAN MINT,388.74999999999994,388.75,180,69,69,0.0,0,Commercial Description,Valid,0.0,Low,0.3659,Core Commercial Product
23150,IVORY SWEETHEART SOAP DISH,390.74999999999994,388.26,148,50,50,-2.49,1,Commercial Description,Valid,0.0064,Low,0.3592,Core Commercial Product
23039,T-LIGHT HOLDER SILVER HEART HANDLE,399.71,388.01,199,30,29,-11.7,6,Commercial Description,Valid,0.0293,Low,0.3684,Core Commercial Product
85007,SET OF 3 VINTAGE TEA TIME BOXES,399.61999999999995,385.67,143,24,23,-13.95,3,Commercial Description,Valid,0.0349,Low,0.3578,Core Commercial Product
90082A,DIAMANTE BOW BROOCH GREEN COLOUR,385.46,385.46,60,33,32,0.0,0,Commercial Description,Valid,0.0,Low,0.3325,Core Commercial Product
84081,WHITE CERAMIC PARTY SET (5PCS),389.29999999999995,385.05,100,23,23,-4.25,1,Commercial Description,Valid,0.0109,Low,0.3455,Core Commercial Product
16202B,PASTEL BLUE PHOTO ALBUM,528.5600000000001,384.08,1039,29,29,-144.48000000000002,472,Commercial Description,Valid,0.2733,High,0.4451,High Return Risk
84429A,MEDIUM PINK BUDDHA HEAD,383.6,383.6,111,43,42,0.0,0,Commercial Description,Valid,0.0,Low,0.3489,Core Commercial Product
16162L,THE KING GIFT BAG,570.4299999999998,383.23,8101,34,34,-187.2,3744,Commercial Description,Valid,0.3282,Very High,0.536,High Return Risk
79051A,SMOKEY GREY COLOUR D.O.F. GLASS,382.93999999999994,382.94,942,60,55,0.0,0,Commercial Description,Valid,0.0,Low,0.4384,Core Commercial Product
23116,Damaged,382.44000000000005,382.44,76,23,23,0.0,0,Operational / Dirty Description,Review Required,0.0,Low,0.3373,Review / Operational
90035B,"PEARL & SHELL 42""NECKL. PINK",380.89,380.89,43,7,7,0.0,0,Commercial Description,Valid,0.0,Low,0.323,Core Commercial Product
90002D,FLOWER BURST SILVER RING CRYSTAL,388.24,380.74,110,40,36,-7.5,2,Commercial Description,Valid,0.0193,Low,0.3479,Core Commercial Product
16258A,SWIRLY CIRCULAR RUBBERS IN BAG,379.28999999999996,378.87,1068,107,102,-0.42,1,Commercial Description,Valid,0.0011,Low,0.4459,Core Commercial Product
85097B,BLUE ROCKING SINGING CANARY,417.16999999999996,378.57,106,47,46,-38.6,12,Commercial Description,Valid,0.0925,Moderate,0.3463,Monitor Return Risk
84292,ROSE PINK METAL FOLDING CHAIR,385.97999999999996,378.03000000000003,44,18,18,-7.95,1,Commercial Description,Valid,0.0206,Low,0.323,Core Commercial Product
84533B,FAIRY CAKES ROUND NESTING BOXES,377.92999999999995,377.93,59,25,25,0.0,0,Commercial Description,Valid,0.0,Low,0.3304,Core Commercial Product
84760S,SMALL HANGING GLASS+ZINC LANTERN,377.60999999999996,377.60999999999996,234,40,38,0.0,0,Commercial Description,Valid,0.0,Low,0.3726,Core Commercial Product
90208,PAIR OF ENAMEL FLOWER CLUSTER SLIDE,391.9100000000001,376.61,161,71,69,-15.3,6,Commercial Description,Valid,0.039,Low,0.3591,Core Commercial Product
20976,12 PENCILS SMALL TUBE POSY,376.3399999999999,376.34000000000003,549,79,79,0.0,0,Commercial Description,Valid,0.0,Low,0.4105,Core Commercial Product
79191B,RETRO PLASTIC POLKA TRAY,403.28000000000003,376.08,485,77,75,-27.2,32,Commercial Description,Valid,0.0674,Moderate,0.4056,Monitor Return Risk
47562,ENGLISH ROSE IRONING BOARD COVER,390.0,375.8,104,46,45,-14.2,4,Commercial Description,Valid,0.0364,Low,0.3447,Core Commercial Product
23459,DOLLY CABINET 2 DRAWERS,412.5,375.0,33,21,21,-37.5,3,Commercial Description,Valid,0.0909,Moderate,0.3161,Monitor Return Risk
85033G,SET/6 GOLD REINDEER T-LIGHT CANDLES,376.05,374.09999999999997,236,37,36,-1.9500000000000002,3,Commercial Description,Valid,0.0052,Low,0.3721,Core Commercial Product
90134,OLD ROSE COMBO BEAD NECKLACE,373.87999999999994,373.88,127,97,96,0.0,0,Commercial Description,Valid,0.0,Low,0.351,Core Commercial Product
22870,"NUMBER TILE COTTAGE GARDEN, 2",372.17999999999995,372.18,156,48,46,0.0,0,Commercial Description,Valid,0.0,Low,0.3572,Core Commercial Product
84741C,CITRUS GARLAND FELT FLOWERS,372.14,372.14,185,55,54,0.0,0,Commercial Description,Valid,0.0,Low,0.3633,Core Commercial Product
84798A,PINK FOXGLOVE ARTIIFCIAL FLOWER,432.45000000000005,371.25000000000006,195,13,12,-61.2,24,Commercial Description,Valid,0.1415,Moderate,0.3644,Monitor Return Risk
20906,VINTAGE NOTEBOOK BEAUTY GIRL,371.19000000000005,371.19,102,51,49,0.0,0,Commercial Description,Valid,0.0,Low,0.3433,Core Commercial Product
90201A,PURPLE ENAMEL FLOWER RING,382.84000000000003,371.04,130,55,55,-11.8,4,Commercial Description,Valid,0.0308,Low,0.3511,Core Commercial Product
84926D,LA PALMIERA TILE COASTER,370.34999999999997,370.34999999999997,777,50,47,0.0,0,Commercial Description,Valid,0.0,Low,0.4262,Core Commercial Product
79336,LIGHT PINK FLOCK GLASS CANDLEHOLDER,369.78,369.78000000000003,840,25,25,0.0,0,Commercial Description,Valid,0.0,Low,0.4297,Core Commercial Product
85026B,EAU DE NILE JEWELLED T-LIGHT HOLDER,376.05,367.55,310,32,31,-8.5,10,Commercial Description,Valid,0.0226,Low,0.3828,Core Commercial Product
84898F,YELLOW FLOWERS FELT HANDBAG KIT,367.45000000000005,367.45,172,59,54,0.0,0,Commercial Description,Valid,0.0,Low,0.3596,Core Commercial Product
47503G,ASS FLORAL PRINT TAPE MEASURE,367.35999999999996,367.36,284,37,36,0.0,0,Commercial Description,Valid,0.0,Low,0.3784,Core Commercial Product
23575,SNACK TRAY PAISLEY PARK,367.35,367.34999999999997,179,34,32,0.0,0,Commercial Description,Valid,0.0,Low,0.361,Core Commercial Product
90013C,GREEN VINTAGE EARRINGS,370.51,366.76,92,61,57,-3.75,1,Commercial Description,Valid,0.0101,Low,0.3386,Core Commercial Product
35915A,CREAM KNITTED HEN,365.76,365.76,288,2,2,0.0,0,Commercial Description,Valid,0.0,Low,0.3787,Core Commercial Product
90019A,SILVER M.O.P ORBIT BRACELET,365.6099999999999,365.61,70,52,51,0.0,0,Commercial Description,Valid,0.0,Low,0.3314,Core Commercial Product
47504G,ENGLISH ROSE TAPE MEASURE,366.81,365.56,266,61,61,-1.25,1,Commercial Description,Valid,0.0034,Low,0.3751,Core Commercial Product
90161A,ANT COPPER RED BOUDICCA BRACELET,365.23,365.23,73,46,43,0.0,0,Commercial Description,Valid,0.0,Low,0.3322,Core Commercial Product
35968,FOLK ART METAL HEART T-LIGHT HOLDER,372.4600000000001,362.96000000000004,785,85,82,-9.5,25,Commercial Description,Valid,0.0255,Low,0.4253,Core Commercial Product
90164B,WHITE  ROSEBUD PEARL BRACELET,362.94,362.94,67,36,36,0.0,0,Commercial Description,Valid,0.0,Low,0.33,Core Commercial Product
85094,CANDY SPOT EGG WARMER RABBIT,363.5,362.25,761,110,109,-1.25,1,Commercial Description,Valid,0.0034,Low,0.4237,Core Commercial Product
21038,SET/4 MODERN VINTAGE COTTON NAPKINS,367.28000000000003,361.38000000000005,170,57,55,-5.9,2,Commercial Description,Valid,0.0161,Low,0.3577,Core Commercial Product
46000R,POLYESTER FILLER PAD 45x30cm,361.04999999999995,361.05,249,67,64,0.0,0,Commercial Description,Valid,0.0,Low,0.3711,Core Commercial Product
23661,MILK MAIDS MUG,393.59,360.59,219,38,37,-33.0,20,Commercial Description,Valid,0.0838,Moderate,0.3664,Monitor Return Risk
21946,PARTY TIME DESIGN FLANNEL,358.96999999999997,358.96999999999997,625,67,67,0.0,0,Commercial Description,Valid,0.0,Low,0.4129,Core Commercial Product
84402D,PINK DRESS JEWELLERY STAND,358.93,358.93,373,14,14,0.0,0,Commercial Description,Valid,0.0,Low,0.3897,Core Commercial Product
90036E,"FLOWER GLASS GARLD NECKL36""AMETHYST",358.87,358.87,45,29,29,0.0,0,Commercial Description,Valid,0.0,Low,0.3191,Core Commercial Product
23579,SNACK TRAY I LOVE LONDON,358.75,358.75,169,38,38,0.0,0,Commercial Description,Valid,0.0,Low,0.3566,Core Commercial Product
79190A,RETRO PLASTIC 70'S TRAY,372.66999999999996,358.0,808,125,122,-14.67,34,Commercial Description,Valid,0.0394,Low,0.4251,Core Commercial Product
84711B,PINK OVAL SHAPE TRINKET BOX,357.71,357.71,39,30,30,0.0,0,Commercial Description,Valid,0.0,Low,0.315,Core Commercial Product
84680,CLASSICAL ROSE URN,372.3,356.40000000000003,94,21,21,-15.9,2,Commercial Description,Valid,0.0427,Low,0.337,Core Commercial Product
35912B,WHITE/PINK CHICK DECORATION,355.58,355.58000000000004,288,30,30,0.0,0,Commercial Description,Valid,0.0,Low,0.3764,Core Commercial Product
72487,ROSES WHITE ROUND CANDLE,355.05,355.05,827,16,16,0.0,0,Commercial Description,Valid,0.0,Low,0.4258,Core Commercial Product
20865,PATCHWORK PENCIL CASE BUTTERFLY,500.49,355.02,251,36,36,-145.47,82,Commercial Description,Valid,0.2907,High,0.3702,High Return Risk
16216,LETTER SHAPE PENCIL SHARPENER,371.63999999999993,354.04,4158,92,90,-17.6,110,Commercial Description,Valid,0.0474,Low,0.5101,Core Commercial Product
20950,SET/6  ANGEL T-LIGHTS WHITE/GOLD,353.39,353.39,687,87,85,0.0,0,Commercial Description,Valid,0.0,Low,0.4166,Core Commercial Product
84870C,GREEN GEISHA GIRL,352.86,352.86,99,44,41,0.0,0,Commercial Description,Valid,0.0,Low,0.3379,Core Commercial Product
78033,FLAG OF ST GEORGE CHAIR,370.59999999999997,352.75,76,22,22,-17.85,3,Commercial Description,Valid,0.0482,Low,0.3307,Core Commercial Product
82011B,BATHROOM SCALES RUBBER DUCKS,352.55,352.55,94,50,49,0.0,0,Commercial Description,Valid,0.0,Low,0.3359,Core Commercial Product
84800M,MEDIUM WHITE/PINK ROSE ART FLOWER,357.2200000000001,352.15000000000003,250,29,29,-5.07,3,Commercial Description,Valid,0.0142,Low,0.3691,Core Commercial Product
84809B,PINK CHRYSANTHEMUMS ART FLOWER,351.6,351.6,296,9,9,0.0,0,Commercial Description,Valid,0.0,Low,0.3768,Core Commercial Product
23420,PANTRY HOOK TEA STRAINER,351.36999999999995,351.37,164,32,32,0.0,0,Commercial Description,Valid,0.0,Low,0.3534,Core Commercial Product
90175C,BLUE GLASS CHUNKY CHARM BRACELET,350.84999999999985,350.85,39,22,20,0.0,0,Commercial Description,Valid,0.0,Low,0.3133,Core Commercial Product
35833P,4 PINK FLOCK CHRISTMAS BALLS,350.14,350.14,188,69,66,0.0,0,Commercial Description,Valid,0.0,Low,0.3583,Core Commercial Product
84881,BLUE WIRE SPIRAL CANDLE HOLDER,355.63999999999993,349.28999999999996,54,28,26,-6.35,1,Commercial Description,Valid,0.0179,Low,0.3216,Core Commercial Product
23421,PANTRY HOOK SPATULA,349.2,349.2,160,33,33,0.0,0,Commercial Description,Valid,0.0,Low,0.3524,Core Commercial Product
84535A,ENGLISH ROSE NOTEBOOK A6 SIZE,346.93,346.93,607,70,69,0.0,0,Commercial Description,Valid,0.0,Low,0.4086,Core Commercial Product
90178A,AMBER CHUNKY GLASS+BEAD NECKLACE,346.3099999999999,346.31,29,23,21,0.0,0,Commercial Description,Valid,0.0,Low,0.3069,Core Commercial Product
35914,PINK CHICK EGG WARMER + EGG CUP,344.99999999999994,345.0,245,62,59,0.0,0,Commercial Description,Valid,0.0,Low,0.3668,Core Commercial Product
84801B,WHITE HYDRANGEA ART FLOWER,345.0,345.0,214,19,19,0.0,0,Commercial Description,Valid,0.0,Low,0.3619,Core Commercial Product
20666,ECONOMY HOLIDAY PURSE,412.45,344.45000000000005,911,49,49,-68.0,400,Commercial Description,Valid,0.1649,High,0.4284,High Return Risk
85109,PINK BOUDOIR T-LIGHT HOLDER,475.43000000000006,344.39000000000004,4211,23,23,-131.04000000000002,1872,Commercial Description,Valid,0.2756,High,0.5082,High Return Risk
90014B,GOLD M PEARL  ORBIT NECKLACE,344.32999999999987,344.33,35,30,29,0.0,0,Commercial Description,Valid,0.0,Low,0.31,Core Commercial Product
35004c,SET OF 3 COLOURED  FLYING DUCKS,343.72,343.72,27,25,25,0.0,0,Commercial Description,Valid,0.0,Low,0.3046,Core Commercial Product
21306,SET/4 DAISY MIRROR MAGNETS,350.36,343.03999999999996,684,73,70,-7.32,19,Commercial Description,Valid,0.0209,Low,0.4138,Core Commercial Product
85129B,BEADED CRYSTAL HEART GREEN SMALL,342.6199999999999,342.62,254,61,57,0.0,0,Commercial Description,Valid,0.0,Low,0.3681,Core Commercial Product
90191,SILVER LARIAT 40CM,342.59999999999997,342.6,40,22,22,0.0,0,Commercial Description,Valid,0.0,Low,0.3122,Core Commercial Product
22039,BOTANICAL LILY GIFT WRAP,353.0,342.5,850,31,31,-10.5,25,Commercial Description,Valid,0.0297,Low,0.424,Core Commercial Product
72130,COLUMBIAN CANDLE ROUND,341.68,341.68,814,64,57,0.0,0,Commercial Description,Valid,0.0,Low,0.4216,Core Commercial Product
84870B,BLUE GEISHA GIRL,345.1099999999999,341.36,96,44,41,-3.75,1,Commercial Description,Valid,0.0109,Low,0.3337,Core Commercial Product
21722,SWEET PUDDING STICKER SHEET,343.7799999999999,341.22999999999996,363,86,81,-2.55,3,Commercial Description,Valid,0.0074,Low,0.3841,Core Commercial Product
72811,SMALL ZINC/GLASS CANDLEHOLDER,340.4500000000001,340.45,445,22,22,0.0,0,Commercial Description,Valid,0.0,Low,0.3931,Core Commercial Product
17011F,ORIGAMI SANDLEWOOD INCENSE+FLOWER,340.4100000000001,340.40999999999997,386,22,21,0.0,0,Commercial Description,Valid,0.0,Low,0.3862,Core Commercial Product
75149N,STRING CRYSTALS NATURAL,340.0,340.0,272,28,28,0.0,0,Commercial Description,Valid,0.0,Low,0.3697,Core Commercial Product
79303B,BLUE STAR BLOCK TABLE LAMP,339.57,339.57,109,11,11,0.0,0,Commercial Description,Valid,0.0,Low,0.3377,Core Commercial Product
84925A,WAKE UP COCKEREL WALL THERMOMETER,339.29,339.29,179,20,20,0.0,0,Commercial Description,Valid,0.0,Low,0.354,Core Commercial Product
84249D,FAIRY CAKE GREETINGS CARD,347.3,337.22,823,69,69,-10.08,24,Commercial Description,Valid,0.029,Low,0.4212,Core Commercial Product
84576,BLUE CAT BISCUIT BARREL PINK HEART,337.04,337.04,96,34,34,0.0,0,Commercial Description,Valid,0.0,Low,0.3326,Core Commercial Product
37467,PIG MUG IN TWO COLOUR DESIGNS,336.93,336.93,275,70,67,0.0,0,Commercial Description,Valid,0.0,Low,0.3699,Core Commercial Product
90129B,TURQUOISE GLASS TASSLE BAG CHARM,336.59000000000003,336.59000000000003,150,64,62,0.0,0,Commercial Description,Valid,0.0,Low,0.3477,Core Commercial Product
20847,ZINC HEART LATTICE CHARGER LARGE,341.97,334.35,81,29,28,-7.62,1,Commercial Description,Valid,0.0223,Low,0.3285,Core Commercial Product
17109A,FLOWER FAIRY INCENSE LILY,333.61,333.61,709,15,15,0.0,0,Commercial Description,Valid,0.0,Low,0.413,Core Commercial Product
23047,PAPER LANTERN 5 POINT SEQUIN STAR,333.5,333.5,58,26,25,0.0,0,Commercial Description,Valid,0.0,Low,0.3195,Core Commercial Product
90201C,RED ENAMEL FLOWER RING,350.93999999999994,333.24,119,47,47,-17.700000000000003,6,Commercial Description,Valid,0.0504,Moderate,0.3398,Monitor Return Risk
90173,PAIR BUTTERFLY HAIR CLIPS,336.88,333.13,89,59,54,-3.75,1,Commercial Description,Valid,0.0111,Low,0.33,Core Commercial Product
21402,RED  EGG  SPOON,333.41999999999996,333.0,1698,154,153,-0.42,1,Commercial Description,Valid,0.0013,Low,0.4612,Core Commercial Product
20688,BEAUTY SPEED EXPRESSO CUPS,332.9,332.9,464,13,13,0.0,0,Commercial Description,Valid,0.0,Low,0.3928,Core Commercial Product
90000D,COPPER/OLIVE GREEN FLOWER NECKLACE,332.86,332.86,54,36,34,0.0,0,Commercial Description,Valid,0.0,Low,0.3173,Core Commercial Product
47583B,SET OF 3 WICKER BASKET TEA AND CAKE,332.6,332.6,27,7,7,0.0,0,Commercial Description,Valid,0.0,Low,0.3013,Core Commercial Product
21420,OYSTER TRINKET BOX,332.15999999999997,332.16,120,32,31,0.0,0,Commercial Description,Valid,0.0,Low,0.3393,Core Commercial Product
90070,RUBY GLASS CLUSTER BRACELET,385.1500000000001,331.6,63,37,37,-53.550000000000004,9,Commercial Description,Valid,0.139,Moderate,0.3205,Monitor Return Risk
90148,LONG SILVER NECKLACE PASTEL FLOWER,343.98,331.23,27,19,19,-12.75,1,Commercial Description,Valid,0.0371,Low,0.3009,Core Commercial Product
35637C,PINK STRING CURTAIN WITH POLE,331.13999999999993,331.14,100,19,19,0.0,0,Commercial Description,Valid,0.0,Low,0.3323,Core Commercial Product
85024B,EAU DE NILE JEWELLED PHOTOFRAME,330.9,330.90000000000003,218,22,21,0.0,0,Commercial Description,Valid,0.0,Low,0.3582,Core Commercial Product
22257,FELT FARM ANIMAL SHEEP,345.47999999999996,330.48,419,60,58,-15.0,12,Commercial Description,Valid,0.0434,Low,0.3867,Core Commercial Product
35921,EASTER BUNNY HANGING GARLAND,330.32,329.07,183,51,50,-1.25,1,Commercial Description,Valid,0.0038,Low,0.3521,Core Commercial Product
72739B,WHITE CHOCOLATE SCENT CANDLE,328.39000000000004,328.39,394,32,32,0.0,0,Commercial Description,Valid,0.0,Low,0.3841,Core Commercial Product
84902,PINK KNITTED COW STUFFED TOY,326.33000000000004,326.33,84,55,55,0.0,0,Commercial Description,Valid,0.0,Low,0.3273,Core Commercial Product
85131C,BEADED CRYSTAL HEART BLUE ON STICK,326.09999999999997,326.1,446,74,72,0.0,0,Commercial Description,Valid,0.0,Low,0.3897,Core Commercial Product
22878,"NUMBER TILE COTTAGE GARDEN, No",330.26,326.06,128,47,46,-4.2,2,Commercial Description,Valid,0.0127,Low,0.3397,Core Commercial Product
84706A,ENGLISH ROSE TABLE CLOCK,325.87999999999994,325.88,137,9,9,0.0,0,Commercial Description,Valid,0.0,Low,0.3417,Core Commercial Product
20799,PINK MILKSHAKE GLASS,355.33,325.87,200,31,31,-29.46,8,Commercial Description,Valid,0.0829,Moderate,0.3538,Monitor Return Risk
23037,CANDLE HOLDER SILVER MADELINE,325.1600000000001,325.16,196,20,20,0.0,0,Commercial Description,Valid,0.0,Low,0.3529,Core Commercial Product
23478,WOODLAND LARGE PINK FELT HEART,324.40000000000003,324.40000000000003,285,13,13,0.0,0,Commercial Description,Valid,0.0,Low,0.3678,Core Commercial Product
84509E,CAROUSEL PLACEMATS,323.36,323.36,161,32,32,0.0,0,Commercial Description,Valid,0.0,Low,0.346,Core Commercial Product
90197B,BLACK GLASS BRACELET W HEART CHARMS,322.52000000000004,322.52,64,51,51,0.0,0,Commercial Description,Valid,0.0,Low,0.3189,Core Commercial Product
90018A,SILVER M.O.P ORBIT DROP EARRINGS,325.4699999999999,321.22,77,59,57,-4.25,1,Commercial Description,Valid,0.0131,Low,0.3234,Core Commercial Product
21401,BLUE PUDDING SPOON,319.07,319.07,1444,125,121,0.0,0,Commercial Description,Valid,0.0,Low,0.449,Core Commercial Product
84795b,SUNSET CHECK HAMMOCK,317.72,317.71999999999997,19,17,17,0.0,0,Commercial Description,Valid,0.0,Low,0.292,Core Commercial Product
85089,CANDY SPOT BUNNY,317.53999999999996,317.54,99,31,30,0.0,0,Commercial Description,Valid,0.0,Low,0.3296,Core Commercial Product
84933C,LARGE BLUE ORIENTAL FOLDING STOOL,317.0,317.0,136,7,7,0.0,0,Commercial Description,Valid,0.0,Low,0.3401,Core Commercial Product
17091B,JASMINE TEA INCENSE IN TIN,316.98,316.98,276,52,51,0.0,0,Commercial Description,Valid,0.0,Low,0.3658,Core Commercial Product
85033S,SET/6 SILVER REINDEER T-LIGHTS,317.3499999999999,316.7,258,54,53,-0.65,1,Commercial Description,Valid,0.002,Low,0.3625,Core Commercial Product
85167A,WHITE GRAND BAROQUE PHOTO FRAME,396.8,315.8,176,17,17,-81.0,27,Commercial Description,Valid,0.2041,High,0.3483,High Return Risk
21309,LOUVRE CHALKBOARD,325.59999999999997,315.65,49,8,8,-9.95,1,Commercial Description,Valid,0.0306,Low,0.3107,Core Commercial Product
17012E,ORIGAMI OPIUM INCENSE/CANDLE SET,314.36,314.35999999999996,270,35,30,0.0,0,Commercial Description,Valid,0.0,Low,0.3638,Core Commercial Product
84933A,LARGE GREEN PEONY FOLDING STOOL,314.34999999999997,314.34999999999997,131,7,7,0.0,0,Commercial Description,Valid,0.0,Low,0.338,Core Commercial Product
90175B,PINK GLASS CHUNKY CHARM BRACELET,332.18999999999994,314.29,37,29,28,-17.9,2,Commercial Description,Valid,0.0539,Moderate,0.3038,Monitor Return Risk
84673A,PINK FLY SWAT,314.84000000000003,314.19,500,102,100,-0.65,1,Commercial Description,Valid,0.0021,Low,0.3923,Core Commercial Product
90160A,PURPLE BOUDICCA LARGE BRACELET,362.51,313.86,52,26,26,-48.65,7,Commercial Description,Valid,0.1342,Moderate,0.3119,Monitor Return Risk
84522,PINK PARTY SUNGLASSES,313.81,313.81,187,28,27,0.0,0,Commercial Description,Valid,0.0,Low,0.3494,Core Commercial Product
46000U,POLYESTER FILLER PAD 30CMx30CM,313.75,313.75,251,55,55,0.0,0,Commercial Description,Valid,0.0,Low,0.3599,Core Commercial Product
35638B,PINK/BLUE STRING CURTAIN,313.28999999999996,313.28999999999996,118,11,11,0.0,0,Commercial Description,Valid,0.0,Low,0.3343,Core Commercial Product
23695,DOILY THANK YOU CARD,313.24000000000007,313.24,741,57,57,0.0,0,Commercial Description,Valid,0.0,Low,0.41,Core Commercial Product
84802A,WHITE ANEMONE ARTIFICIAL FLOWER,312.65,312.65000000000003,185,28,27,0.0,0,Commercial Description,Valid,0.0,Low,0.3486,Core Commercial Product
84838,ANT WHITE HIGH RISE BIRD BOX,312.5,312.5,50,5,5,0.0,0,Commercial Description,Valid,0.0,Low,0.3098,Core Commercial Product
90016B,GOLD/M.O.P PENDANT ORBIT NECKLACE,312.14,312.14,37,30,30,0.0,0,Commercial Description,Valid,0.0,Low,0.3026,Core Commercial Product
84906,PINK B'FLY C/COVER W BOBBLES,313.41999999999996,311.47,67,26,25,-1.95,1,Commercial Description,Valid,0.0062,Low,0.3171,Core Commercial Product
22872,"NUMBER TILE COTTAGE GARDEN, 4",311.2999999999999,311.3,136,39,39,0.0,0,Commercial Description,Valid,0.0,Low,0.3377,Core Commercial Product
62095B,TURQOISE ICE CREAM SUNHAT,310.8299999999999,310.83,292,24,23,0.0,0,Commercial Description,Valid,0.0,Low,0.3656,Core Commercial Product
84623,PINK GINGHAM ROSE FLOOR CUSHION,310.44,310.44,56,16,16,0.0,0,Commercial Description,Valid,0.0,Low,0.3125,Core Commercial Product
90036D,"FLOWER GLASS GARLAND NECKL.36""BLACK",310.24,310.24,39,17,16,0.0,0,Commercial Description,Valid,0.0,Low,0.3029,Core Commercial Product
84933B,LARGE PINK PEONY FOLDING STOOL,309.15000000000003,309.15,136,7,7,0.0,0,Commercial Description,Valid,0.0,Low,0.3372,Core Commercial Product
84661A,WHITE SQUARE TABLE CLOCK,308.99,308.99,222,43,43,0.0,0,Commercial Description,Valid,0.0,Low,0.3538,Core Commercial Product
77081,FLOWER WINDMILL,308.38,307.13,242,37,37,-1.25,1,Commercial Description,Valid,0.0041,Low,0.3566,Core Commercial Product
21196,ROUND WHITE CONFETTI IN TUBE,306.89,306.89,178,23,22,0.0,0,Commercial Description,Valid,0.0,Low,0.3457,Core Commercial Product
84671B,CROCHET BEAR WITH BLUE STRIPES,306.77,306.77,109,34,33,0.0,0,Commercial Description,Valid,0.0,Low,0.3295,Core Commercial Product
47593A,CAROUSEL DESIGN BABY BIB,306.67,306.67,303,101,99,0.0,0,Commercial Description,Valid,0.0,Low,0.3665,Core Commercial Product
23495,SET OF 3 PANTRY WOODEN SPOONS,306.66,306.66,225,41,41,0.0,0,Commercial Description,Valid,0.0,Low,0.3535,Core Commercial Product
90209A,PURPLE ENAMEL+GLASS HAIR COMB,325.5,306.6,173,12,12,-18.9,9,Commercial Description,Valid,0.0581,Moderate,0.3442,Monitor Return Risk
44235,ASS COL CIRCLE MOBILE,305.93999999999994,305.94,821,25,22,0.0,0,Commercial Description,Valid,0.0,Low,0.4126,Core Commercial Product
16254,TRANSPARENT ACRYLIC TAPE DISPENSER,305.66,305.66,941,45,44,0.0,0,Commercial Description,Valid,0.0,Low,0.4191,Core Commercial Product
84926A,WAKE UP COCKEREL TILE COASTER,305.5899999999999,305.59,673,54,51,0.0,0,Commercial Description,Valid,0.0,Low,0.4023,Core Commercial Product
22889,"NUMBER TILE VINTAGE FONT, No",331.3299999999999,304.03000000000003,197,42,40,-27.3,13,Commercial Description,Valid,0.0824,Moderate,0.3477,Monitor Return Risk
20800,LARGE GLASS SUNDAE DISH CLEAR,303.96000000000004,303.96,1005,6,6,0.0,0,Commercial Description,Valid,0.0,Low,0.4228,Core Commercial Product
84219,BOX/12 MOTHER & CHICK IN BASKET/BOW,303.86,303.86,137,31,31,0.0,0,Commercial Description,Valid,0.0,Low,0.3358,Core Commercial Product
90129A,PINK GLASS TASSLE BAG CHARM,303.67999999999995,303.68,156,76,73,0.0,0,Commercial Description,Valid,0.0,Low,0.3396,Core Commercial Product
23430,BLUE RETRO KITCHEN WALL CLOCK,301.88000000000005,301.88,36,18,18,0.0,0,Commercial Description,Valid,0.0,Low,0.2992,Core Commercial Product
35645,VINTAGE BEAD PINK JEWEL BOX,301.81,301.81,61,37,37,0.0,0,Commercial Description,Valid,0.0,Low,0.3122,Core Commercial Product
79190D,RETRO PLASTIC DAISY TRAY,303.3,301.2,657,115,113,-2.1,5,Commercial Description,Valid,0.0069,Low,0.4,Core Commercial Product
90035C,"PEARL & SHELL 42""NECKL. IVORY",301.0,301.0,28,6,6,0.0,0,Commercial Description,Valid,0.0,Low,0.2939,Core Commercial Product
23440,PAINT YOUR OWN EGGS IN CRATE,299.36,299.36,164,5,5,0.0,0,Commercial Description,Valid,0.0,Low,0.3402,Core Commercial Product
90124A,PINK MURANO TWIST NECKLACE,299.2799999999999,299.28,30,20,20,0.0,0,Commercial Description,Valid,0.0,Low,0.2951,Core Commercial Product
47471,RAINBOW PEGS PHOTO CLIP STRING,298.50999999999993,298.51,431,66,63,0.0,0,Commercial Description,Valid,0.0,Low,0.3807,Core Commercial Product
90030B,RED KUKUI COCONUT SEED NECKLACE,298.02000000000004,298.02,140,37,36,0.0,0,Commercial Description,Valid,0.0,Low,0.3354,Core Commercial Product
35981C,WHITE SNOW SCANDINAVIAN STOCKING,297.62,297.62,589,74,69,0.0,0,Commercial Description,Valid,0.0,Low,0.3943,Core Commercial Product
17001,HEAVENS SCENT FRAGRANCE OILS ASSTD,299.34999999999997,297.61,1211,26,26,-1.7399999999999998,6,Commercial Description,Valid,0.0058,Low,0.4329,Core Commercial Product
90115,SUMMER BUTTERFLIES BAG CHARM,296.5299999999999,296.53,115,64,61,0.0,0,Commercial Description,Valid,0.0,Low,0.3288,Core Commercial Product
35920,FOUR RABBIT EASTER DECORATIONS,296.34000000000003,296.34,1070,26,26,0.0,0,Commercial Description,Valid,0.0,Low,0.4252,Core Commercial Product
DCGSSGIRL,update,295.63000000000005,295.63,92,25,25,0.0,0,Commercial Description,Valid,0.0,Low,0.3207,Core Commercial Product
20869,GOLD FABRIC MIRROR,295.11999999999995,295.12,529,54,53,0.0,0,Commercial Description,Valid,0.0,Low,0.3888,Core Commercial Product
21697,SET 5 MINI DOUGHNUT FRIDGE MAGNET,295.08000000000004,295.08000000000004,372,8,8,0.0,0,Commercial Description,Valid,0.0,Low,0.3729,Core Commercial Product
20795,LARGE BLUE PROVENCAL CERAMIC BALL,308.70000000000005,294.0,135,32,32,-14.7,7,Commercial Description,Valid,0.0476,Low,0.3329,Core Commercial Product
21367,MIRRORED WALL ART GENTS,293.70000000000005,293.7,215,64,60,0.0,0,Commercial Description,Valid,0.0,Low,0.3484,Core Commercial Product
90185D,CRYSTAL DIAMANTE EXPANDABLE RING,306.08,293.33,72,40,38,-12.75,3,Commercial Description,Valid,0.0417,Low,0.3138,Core Commercial Product
90196A,PURPLE GEMSTONE NECKLACE 45CM,306.0,293.25,24,15,13,-12.75,1,Commercial Description,Valid,0.0417,Low,0.289,Core Commercial Product
22954,HEN PARTY CORDON BARRIER TAPE,293.89,292.64,238,51,51,-1.25,1,Commercial Description,Valid,0.0043,Low,0.3518,Core Commercial Product
84508C,BLUE CIRCLES DESIGN TEDDY,295.08000000000004,292.53,108,47,45,-2.55,1,Commercial Description,Valid,0.0086,Low,0.3249,Core Commercial Product
72801F,S/4 FESTIVE RED DINNER CANDLES,292.5,292.5,234,26,26,0.0,0,Commercial Description,Valid,0.0,Low,0.351,Core Commercial Product
20670,VIP HOLIDAY PURSE,378.85,292.45000000000005,694,52,52,-86.4,312,Commercial Description,Valid,0.2281,High,0.4005,High Return Risk
21030,SPACE CADET RED,292.15000000000003,292.15,240,53,51,0.0,0,Commercial Description,Valid,0.0,Low,0.3516,Core Commercial Product
DCGS0076,SUNJAR LED NIGHT NIGHT LIGHT,292.09,292.09,18,15,14,0.0,0,Commercial Description,Valid,0.0,Low,0.2827,Core Commercial Product
37422,WHITE WITH BLACK CATS BOWL,292.08,292.08,434,77,77,0.0,0,Commercial Description,Valid,0.0,Low,0.3785,Core Commercial Product
85147,JARDIN ETCHED GLASS CANDLEHLDR LONG,301.95,292.05,61,21,18,-9.9,2,Commercial Description,Valid,0.0328,Low,0.3089,Core Commercial Product
84529A,PINK KNITTED KIDS RUCKSACK,290.78,290.78,50,22,22,0.0,0,Commercial Description,Valid,0.0,Low,0.3033,Core Commercial Product
20826,SILVER APERITIF GLASS,290.7200000000001,290.72,355,16,16,0.0,0,Commercial Description,Valid,0.0,Low,0.3689,Core Commercial Product
23567,EGG CUP HENRIETTA HEN PINK,291.58,290.33,211,39,38,-1.25,1,Commercial Description,Valid,0.0043,Low,0.3458,Core Commercial Product
21388,IVORY HANGING DECORATION  CHICKEN,290.16999999999996,290.16999999999996,311,30,30,0.0,0,Commercial Description,Valid,0.0,Low,0.3621,Core Commercial Product
21144,PINK POODLE HANGING DECORATION,294.19000000000005,289.63,545,64,62,-4.5600000000000005,12,Commercial Description,Valid,0.0155,Low,0.3874,Core Commercial Product
84800S,SMALL WHITE/PINK ROSE ART FLOWER,292.03999999999996,289.53999999999996,388,20,20,-2.5,2,Commercial Description,Valid,0.0086,Low,0.3723,Core Commercial Product
84882,GREEN WIRE STANDING CANDLE HOLDER,289.43,289.43,66,36,36,0.0,0,Commercial Description,Valid,0.0,Low,0.3098,Core Commercial Product
22871,"NUMBER TILE COTTAGE GARDEN, 3",289.38999999999993,289.39,127,30,30,0.0,0,Commercial Description,Valid,0.0,Low,0.3286,Core Commercial Product
72812,LARGE ZINC/GLASS CANDLEHOLDER,288.46,288.46,105,31,31,0.0,0,Commercial Description,Valid,0.0,Low,0.3221,Core Commercial Product
20987,GEISHA GIRL CHOPSTICKS SET/5,288.3500000000001,288.35,131,24,24,0.0,0,Commercial Description,Valid,0.0,Low,0.3292,Core Commercial Product
37444B,BLUE BREAKFAST CUP AND SAUCER,415.49999999999994,287.58,2012,34,33,-127.92,984,Commercial Description,Valid,0.3079,Very High,0.4575,High Return Risk
16212,FUNKY GIRLZ ASST MAGNETIC MEMO PAD,287.01,287.01,366,45,41,0.0,0,Commercial Description,Valid,0.0,Low,0.3693,Core Commercial Product
47578A,ENGLISH ROSE SMALL SCENTED FLOWER,286.67999999999995,286.68,315,75,69,0.0,0,Commercial Description,Valid,0.0,Low,0.3619,Core Commercial Product
84192,ASSORTED COLOUR METAL CAT,286.1,286.1,238,41,39,0.0,0,Commercial Description,Valid,0.0,Low,0.349,Core Commercial Product
90098,NECKLACE+BRACELET PINK BUTTERFLY,301.28000000000003,285.97999999999996,137,56,56,-15.3,6,Commercial Description,Valid,0.0508,Moderate,0.3301,Monitor Return Risk
90014C,SILVER/BLACK ORBIT NECKLACE,284.6799999999999,284.67999999999995,29,21,21,0.0,0,Commercial Description,Valid,0.0,Low,0.2895,Core Commercial Product
37413,ICON MUG REVOLUTIONARY,284.48999999999995,284.49,703,84,82,0.0,0,Commercial Description,Valid,0.0,Low,0.3985,Core Commercial Product
84770,ROUND GEORGIAN SILVER MIRROR,419.2500000000001,283.55000000000007,135,25,25,-135.70000000000002,46,Commercial Description,Valid,0.3237,Very High,0.329,High Return Risk
82093,HEART SHAPE BUTTON FRAME,283.49,283.49,139,29,29,0.0,0,Commercial Description,Valid,0.0,Low,0.3302,Core Commercial Product
23410,CURIO CABINET LINEN AND LACE,290.1000000000001,281.95,36,19,19,-8.15,1,Commercial Description,Valid,0.0281,Low,0.2932,Core Commercial Product
85049g,CHOCOLATE BOX RIBBONS,281.44000000000005,281.44,115,52,52,0.0,0,Commercial Description,Valid,0.0,Low,0.324,Core Commercial Product
21095,SET/6 POSIES PAPER PLATES,281.37,281.37,303,45,43,0.0,0,Commercial Description,Valid,0.0,Low,0.3588,Core Commercial Product
84977,WIRE FLOWER T-LIGHT HOLDER,281.33,281.33,223,51,50,0.0,0,Commercial Description,Valid,0.0,Low,0.3456,Core Commercial Product
23481,PEARLISED IVORY HEART SMALL,281.17,281.17,228,32,29,0.0,0,Commercial Description,Valid,0.0,Low,0.3462,Core Commercial Product
90163A,PINK ROSEBUD & PEARL NECKLACE,280.71,280.71,37,24,24,0.0,0,Commercial Description,Valid,0.0,Low,0.2931,Core Commercial Product
23015,CORDIAL GLASS JUG,338.38,280.63,40,22,21,-57.75,7,Commercial Description,Valid,0.1707,High,0.2946,High Return Risk
20663,QUEEN OF THE SKIES HOLIDAY PURSE,374.42999999999995,280.58,1076,49,47,-93.85,503,Commercial Description,Valid,0.2506,High,0.42,High Return Risk
84457,SET/3 RABBITS FLOWER SKIPPPING ROPE,278.72999999999996,278.72999999999996,291,65,64,0.0,0,Commercial Description,Valid,0.0,Low,0.3558,Core Commercial Product
84966C,GREEN KASHMIRI BOXED MIRROR,276.0,276.0,23,4,4,0.0,0,Commercial Description,Valid,0.0,Low,0.2831,Core Commercial Product
21372,MIRRORED WALL ART TABLE LAMP,275.87,275.87,158,53,50,0.0,0,Commercial Description,Valid,0.0,Low,0.3325,Core Commercial Product
35979,SIX STRING SCANDINAVIAN HEART DECS,311.0300000000001,275.63000000000005,94,31,30,-35.400000000000006,12,Commercial Description,Valid,0.1138,Moderate,0.3153,Monitor Return Risk
23137,ZINC WIRE SWEETHEART LETTER TRAY,275.62,275.62,83,23,23,0.0,0,Commercial Description,Valid,0.0,Low,0.3128,Core Commercial Product
47586A,PINK FAIRY CAKE CUSHION COVER,275.53000000000003,275.53,202,30,29,0.0,0,Commercial Description,Valid,0.0,Low,0.3404,Core Commercial Product
21412,VINTAGE GOLD TINSEL REEL,279.0,275.21999999999997,275,78,71,-3.7800000000000002,9,Commercial Description,Valid,0.0135,Low,0.3528,Core Commercial Product
21193,WHITE HONEYCOMB PAPER FAN,274.37,274.37,111,25,24,0.0,0,Commercial Description,Valid,0.0,Low,0.3207,Core Commercial Product
75178,ASSTD COL BUTTERFLY/CRYSTAL W/CHIME,273.93,273.93,497,25,25,0.0,0,Commercial Description,Valid,0.0,Low,0.3799,Core Commercial Product
90122A,PINK CRYSTAL+GLASS BRACELET,273.89,273.89,55,31,31,0.0,0,Commercial Description,Valid,0.0,Low,0.3016,Core Commercial Product
84927F,PSYCHEDELIC TILE HOOK,277.53000000000003,273.48,336,67,64,-4.05,6,Commercial Description,Valid,0.0146,Low,0.3621,Core Commercial Product
16052,TEATIME PUSH DOWN RUBBER,283.0,272.92,850,39,38,-10.08,24,Commercial Description,Valid,0.0356,Low,0.4049,Core Commercial Product
23141,TRIPLE WIRE HOOK PINK HEART,272.91,272.91,79,25,25,0.0,0,Commercial Description,Valid,0.0,Low,0.3102,Core Commercial Product
84924D,LA PALMIERA METAL SIGN CALENDAR,272.61,272.61,764,17,17,0.0,0,Commercial Description,Valid,0.0,Low,0.3996,Core Commercial Product
22875,"NUMBER TILE COTTAGE GARDEN, 7",272.55999999999995,272.56,124,31,30,0.0,0,Commercial Description,Valid,0.0,Low,0.3236,Core Commercial Product
35096A,BLUE VICTORIAN FABRIC HEART BOX,272.45,272.45,765,51,51,0.0,0,Commercial Description,Valid,0.0,Low,0.3995,Core Commercial Product
20980,36 PENCILS TUBE POSY,283.55999999999995,272.31,234,63,61,-11.25,9,Commercial Description,Valid,0.0397,Low,0.3445,Core Commercial Product
84499,BLACK FLOWER CANDLE PLATE,272.17,272.16999999999996,326,44,44,0.0,0,Commercial Description,Valid,0.0,Low,0.3598,Core Commercial Product
22874,"NUMBER TILE COTTAGE GARDEN, 6",272.0199999999999,272.02,126,29,28,0.0,0,Commercial Description,Valid,0.0,Low,0.3234,Core Commercial Product
90032,IVORY SHELL HEART NECKLACE,271.88,271.88,48,24,24,0.0,0,Commercial Description,Valid,0.0,Low,0.2962,Core Commercial Product
23474,WOODLAND SMALL BLUE FELT HEART,270.96000000000004,270.96000000000004,312,38,37,0.0,0,Commercial Description,Valid,0.0,Low,0.3565,Core Commercial Product
84926F,PSYCHEDELIC TILE COASTER,277.9,270.94,484,43,43,-6.959999999999999,24,Commercial Description,Valid,0.025,Low,0.3772,Core Commercial Product
22868,"NUMBER TILE COTTAGE GARDEN, 0",270.37999999999994,270.38,124,27,27,0.0,0,Commercial Description,Valid,0.0,Low,0.3226,Core Commercial Product
90129E,PURPLE GLASS TASSLE BAG CHARM,269.78,269.78000000000003,133,61,59,0.0,0,Commercial Description,Valid,0.0,Low,0.3242,Core Commercial Product
90122C,TURQUOISE CRYSTAL+GLASS BRACELET,269.1,269.1,54,30,30,0.0,0,Commercial Description,Valid,0.0,Low,0.2991,Core Commercial Product
84625B,BLCK NEW BAROQUE CANDLESTICK CANDLE,279.0,268.8,180,19,19,-10.2,12,Commercial Description,Valid,0.0366,Low,0.3343,Core Commercial Product
72753D,S/3 FLWR FAIRY SUMMER CANDLES,302.4,268.8,144,12,12,-33.6,16,Commercial Description,Valid,0.1111,Moderate,0.3269,Monitor Return Risk
20818,GOLD TEDDY BEAR,268.5,268.5,87,31,31,0.0,0,Commercial Description,Valid,0.0,Low,0.3105,Core Commercial Product
18096C,WHITE ROUND PORCELAIN TLIGHT HOLDER,298.70000000000005,268.09999999999997,117,24,24,-30.6,12,Commercial Description,Valid,0.1024,Moderate,0.3199,Monitor Return Risk
21321,GLASS CHALICE BLUE  LARGE,301.8,267.6,122,24,24,-34.2,15,Commercial Description,Valid,0.1133,Moderate,0.3213,Monitor Return Risk
47481,50CM METAL STRING WITH  7 CLIPS,267.53,267.53,327,45,44,0.0,0,Commercial Description,Valid,0.0,Low,0.3583,Core Commercial Product
85195,HANGING HEART BASKET,269.44,267.34000000000003,146,21,21,-2.1,1,Commercial Description,Valid,0.0078,Low,0.3266,Core Commercial Product
22873,"NUMBER TILE COTTAGE GARDEN, 5",266.71,266.71,121,32,31,0.0,0,Commercial Description,Valid,0.0,Low,0.3207,Core Commercial Product
79303D,LILAC FLOWER BLOCK TABLE LAMP,272.44999999999993,266.55,78,22,22,-5.9,2,Commercial Description,Valid,0.0217,Low,0.307,Core Commercial Product
90096,NECKLACE+BRACELET SET BLUE BLOSSOM,266.44000000000005,266.44,113,56,51,0.0,0,Commercial Description,Valid,0.0,Low,0.3178,Core Commercial Product
22877,"NUMBER TILE COTTAGE GARDEN, 9",271.64,265.79,128,31,30,-5.85,3,Commercial Description,Valid,0.0215,Low,0.3216,Core Commercial Product
23476,WOODLAND LARGE RED FELT HEART,264.72,264.72,205,22,22,0.0,0,Commercial Description,Valid,0.0,Low,0.3366,Core Commercial Product
21370,MIRRORED WALL ART FOXY,264.66999999999996,264.67,56,23,22,0.0,0,Commercial Description,Valid,0.0,Low,0.2982,Core Commercial Product
44234,ASSORTED CIRCULAR MOBILE,264.76,264.34,1220,64,57,-0.42,2,Commercial Description,Valid,0.0016,Low,0.4224,Core Commercial Product
90040B,MURANO STYLE GLASS BRACELET BLACK,263.59000000000003,263.59,73,39,37,0.0,0,Commercial Description,Valid,0.0,Low,0.3041,Core Commercial Product
90157,RIVIERA NECKLACE,263.28,263.28000000000003,53,24,24,0.0,0,Commercial Description,Valid,0.0,Low,0.2964,Core Commercial Product
72793,BLACK BOX MIRROR LANTERN,268.75,262.8,55,13,13,-5.95,1,Commercial Description,Valid,0.0221,Low,0.2974,Core Commercial Product
84613C,BLUE NEW BAROQUE FLOCK CANDLESTICK,262.71,262.71,63,15,14,0.0,0,Commercial Description,Valid,0.0,Low,0.3003,Core Commercial Product
22876,"NUMBER TILE COTTAGE GARDEN, 8",262.59,262.59,121,26,23,0.0,0,Commercial Description,Valid,0.0,Low,0.3192,Core Commercial Product
21268,VINTAGE BLUE TINSEL REEL,262.49999999999994,262.5,399,57,53,0.0,0,Commercial Description,Valid,0.0,Low,0.3648,Core Commercial Product
84806A,PINK CANDYSTUFT ARTIFICIAL FLOWER,261.91,261.90999999999997,319,20,20,0.0,0,Commercial Description,Valid,0.0,Low,0.3546,Core Commercial Product
90028,NEW BAROQUE LARGE NECKLACE BLK/WHIT,261.77000000000004,261.77,31,26,24,0.0,0,Commercial Description,Valid,0.0,Low,0.2833,Core Commercial Product
17038,PORCELAIN BUDAH INCENSE HOLDER,261.51,261.51,2659,57,56,0.0,0,Commercial Description,Valid,0.0,Low,0.4648,Core Commercial Product
90146,FINE SILVER NECKLACE W PASTEL FLOWE,276.49,261.49,41,21,20,-15.0,2,Commercial Description,Valid,0.0543,Moderate,0.2886,Monitor Return Risk
85095,THREE CANVAS LUGGAGE TAGS,261.04,261.04,175,50,49,0.0,0,Commercial Description,Valid,0.0,Low,0.33,Core Commercial Product
72799D,BLUE PILLAR CANDLE SILVER FLOCK,260.67,260.67,78,20,19,0.0,0,Commercial Description,Valid,0.0,Low,0.3048,Core Commercial Product
90073,VINTAGE ENAMEL & CRYSTAL EARRINGS,260.52,260.52,52,36,34,0.0,0,Commercial Description,Valid,0.0,Low,0.2943,Core Commercial Product
79328,BLUE FLOCK GLASS CANDLEHOLDER,260.76,259.24,594,19,19,-1.52,4,Commercial Description,Valid,0.0058,Low,0.3817,Core Commercial Product
47591A,CAROUSEL DES CHILD'S APRON,269.54,257.99,163,72,72,-11.55,7,Commercial Description,Valid,0.0429,Low,0.3265,Core Commercial Product
90035A,"PEARL & SHELL 42""NECKL. GREEN",257.55,257.55,24,17,17,0.0,0,Commercial Description,Valid,0.0,Low,0.2771,Core Commercial Product
84520b,PACK 20 ENGLISH ROSE PAPER NAPKINS,257.4,257.4,110,10,10,0.0,0,Commercial Description,Valid,0.0,Low,0.314,Core Commercial Product
22882,NUMBER TILE VINTAGE FONT 3,259.28999999999996,257.34,127,52,51,-1.95,1,Commercial Description,Valid,0.0075,Low,0.3186,Core Commercial Product
85179C,PINK BITTY LIGHT CHAIN,257.15,257.15,116,40,40,0.0,0,Commercial Description,Valid,0.0,Low,0.3158,Core Commercial Product
84371,BIG PINK POODLE,257.1,257.1,30,7,7,0.0,0,Commercial Description,Valid,0.0,Low,0.281,Core Commercial Product
84660c,PINK STITCHED WALL CLOCK,256.84000000000003,256.84,34,31,28,0.0,0,Commercial Description,Valid,0.0,Low,0.2836,Core Commercial Product
84597B,RETRO BROWN BALL ASHTRAY,259.37,255.62,205,31,31,-3.75,3,Commercial Description,Valid,0.0145,Low,0.3334,Core Commercial Product
90081C,LILY BROOCH OLIVE COLOUR,255.55999999999997,255.56,51,37,36,0.0,0,Commercial Description,Valid,0.0,Low,0.2923,Core Commercial Product
84482,BUTTONS DESIGN JEWELLERY BOX,293.02,255.52,75,37,36,-37.5,10,Commercial Description,Valid,0.128,Moderate,0.3018,Monitor Return Risk
72801d,S/4 SKY BLUE DINNER CANDLES,254.98000000000008,254.98,103,61,61,0.0,0,Commercial Description,Valid,0.0,Low,0.3107,Core Commercial Product
90196B,BLACK GEMSTONE NECKLACE 45CM,254.73,254.73,20,15,14,0.0,0,Commercial Description,Valid,0.0,Low,0.2723,Core Commercial Product
85232b,SET/3 RUSSIAN DOLL STACKING TINS,254.46999999999994,254.47,25,22,22,0.0,0,Commercial Description,Valid,0.0,Low,0.2765,Core Commercial Product
gift_0001_50,Dotcomgiftshop Gift Voucher £50.00,253.59000000000003,253.59,6,8,8,0.0,0,Commercial Description,Valid,0.0,Low,0.2563,Core Commercial Product
21493,VINTAGE DESIGN GIFT TAGS,252.44999999999996,252.45,272,35,34,0.0,0,Commercial Description,Valid,0.0,Low,0.344,Core Commercial Product
79338,DARK PINK FLOCK GLASS CANDLEHOLDER,252.29000000000002,252.29,553,14,14,0.0,0,Commercial Description,Valid,0.0,Low,0.3762,Core Commercial Product
DCGSSBOY,update,251.35000000000002,251.35,77,23,23,0.0,0,Commercial Description,Valid,0.0,Low,0.3018,Core Commercial Product
21032,SPACE CADET WHITE,254.65999999999997,250.91,205,52,51,-3.75,3,Commercial Description,Valid,0.0147,Low,0.3321,Core Commercial Product
47503H,ASS FLORAL PRINT SPIRIT LEVEL,252.28,250.32999999999998,162,70,65,-1.95,1,Commercial Description,Valid,0.0077,Low,0.324,Core Commercial Product
90181B,AMETHYST GLASS/SHELL/PEARL NECKLACE,249.95,249.95000000000002,27,26,24,0.0,0,Commercial Description,Valid,0.0,Low,0.2769,Core Commercial Product
84627,CANDY STRIPE ROSE C/COVER,297.49999999999994,249.9,50,23,22,-47.6,8,Commercial Description,Valid,0.16,High,0.2901,High Return Risk
84993B,75 BLACK PETIT FOUR CASES,249.12000000000003,249.12,564,90,88,0.0,0,Commercial Description,Valid,0.0,Low,0.3763,Core Commercial Product
90129C,GREEN GLASS TASSLE BAG CHARM,248.35999999999999,248.36,110,52,51,0.0,0,Commercial Description,Valid,0.0,Low,0.3114,Core Commercial Product
84030c,KNITTED RAINBOW HOT WATER BOTTLE,248.00000000000003,248.0,32,13,13,0.0,0,Commercial Description,Valid,0.0,Low,0.28,Core Commercial Product
72739C,DARK CHOCOLATE SCENTCANDLE,279.08,247.82999999999998,326,28,28,-31.25,25,Commercial Description,Valid,0.112,Moderate,0.3518,Monitor Return Risk
90081A,LILY BROOCH AMETHYST COLOUR,247.75,247.75,50,26,25,0.0,0,Commercial Description,Valid,0.0,Low,0.2894,Core Commercial Product
23465,TUSCAN VILLA FEEDING STATION,247.63,247.63,29,16,16,0.0,0,Commercial Description,Valid,0.0,Low,0.2775,Core Commercial Product
84621,BLUE GINGHAM ROSE FLOOR CUSHION,247.26,247.26,29,17,17,0.0,0,Commercial Description,Valid,0.0,Low,0.2773,Core Commercial Product
90036C,"FLOWER GLASS GARLAND NECKL.36""BLUE",246.82999999999998,246.83,31,15,15,0.0,0,Commercial Description,Valid,0.0,Low,0.2786,Core Commercial Product
46307,ROSES BLUE BASE CUSHION COVER,246.03000000000003,246.03,51,35,35,0.0,0,Commercial Description,Valid,0.0,Low,0.2896,Core Commercial Product
35818P,"ACRYLIC JEWEL ICICLE, PINK",245.50999999999996,245.51,560,26,25,0.0,0,Commercial Description,Valid,0.0,Low,0.3748,Core Commercial Product
90119,METALIC LEAVES BAG CHARMS,243.07000000000002,243.07,97,42,42,0.0,0,Commercial Description,Valid,0.0,Low,0.3057,Core Commercial Product
82011A,"BATHROOM SCALES, TROPICAL BEACH",246.58,242.83,59,35,35,-3.75,1,Commercial Description,Valid,0.0152,Low,0.2931,Core Commercial Product
10123C,HEARTS WRAPPING TAPE,255.06,242.52,651,68,67,-12.540000000000001,150,Commercial Description,Valid,0.0492,Low,0.3814,Core Commercial Product
23475,WOODLAND SMALL PINK FELT HEART,242.18,242.18,286,31,31,0.0,0,Commercial Description,Valid,0.0,Low,0.3436,Core Commercial Product
90210B,CLEAR ACRYLIC FACETED BANGLE,240.90000000000003,240.90000000000003,105,27,24,0.0,0,Commercial Description,Valid,0.0,Low,0.308,Core Commercial Product
23143,ZINC WIRE KITCHEN ORGANISER,239.97,239.97,30,16,16,0.0,0,Commercial Description,Valid,0.0,Low,0.2769,Core Commercial Product
82553,POP'S GREASY SPOON METAL SIGN,237.73000000000002,237.73000000000002,114,45,45,0.0,0,Commercial Description,Valid,0.0,Low,0.3108,Core Commercial Product
21369,MIRRORED WALL ART SPLODGES,236.73000000000002,236.73,135,24,22,0.0,0,Commercial Description,Valid,0.0,Low,0.3157,Core Commercial Product
20940,SET/6 GARDEN GNOME T-LIGHT CANDLES,342.75,236.55,118,26,26,-106.2,36,Commercial Description,Valid,0.3098,Very High,0.3118,High Return Risk
90133,TEAL/FUSCHIA COL BEAD NECKLACE,236.45999999999995,236.46,47,36,36,0.0,0,Commercial Description,Valid,0.0,Low,0.2859,Core Commercial Product
20891,LARGE GLASS ROSE SCENTED CANDLE,236.33,236.33,684,4,4,0.0,0,Commercial Description,Valid,0.0,Low,0.3833,Core Commercial Product
47587A,PINK FAIRY CAKE COASTER,1099.88,235.88,2706,31,31,-864.0,1200,Commercial Description,Valid,0.7855,Very High,0.459,High Return Risk
90210D,PURPLE ACRYLIC FACETED BANGLE,235.73000000000002,235.73000000000002,142,24,24,0.0,0,Commercial Description,Valid,0.0,Low,0.317,Core Commercial Product
90199B,5 STRAND GLASS NECKLACE AMETHYST,234.98000000000002,234.98,37,33,32,0.0,0,Commercial Description,Valid,0.0,Low,0.2799,Core Commercial Product
23580,SNACK TRAY HAPPY FOREST,234.92,234.92,116,25,25,0.0,0,Commercial Description,Valid,0.0,Low,0.3104,Core Commercial Product
22880,"NUMBER TILE VINTAGE FONT, 1",234.48,234.48,112,38,37,0.0,0,Commercial Description,Valid,0.0,Low,0.3088,Core Commercial Product
84796a,PINK HAWAIIAN PICNIC HAMPER FOR 2,234.27999999999997,234.28,28,20,20,0.0,0,Commercial Description,Valid,0.0,Low,0.2739,Core Commercial Product
21460,GREEN EASTER EGG HUNT START POST,249.64999999999998,234.04999999999998,113,29,29,-15.6,8,Commercial Description,Valid,0.0625,Moderate,0.309,Monitor Return Risk
20736,PINK MINI TAPE MEASURE,233.49999999999997,233.5,290,21,21,0.0,0,Commercial Description,Valid,0.0,Low,0.3421,Core Commercial Product
84629,WHITE 3 FRAME BIRDS AND TREE,237.79999999999998,232.85,24,16,16,-4.95,1,Commercial Description,Valid,0.0208,Low,0.2707,Core Commercial Product
20855,PINK PATCH PURSE BLUE HEART,234.29999999999998,232.65,142,50,50,-1.65,1,Commercial Description,Valid,0.007,Low,0.3159,Core Commercial Product
84797b,BLUE SAVANNAH PICNIC HAMPER FOR 4,232.62000000000003,232.62,21,19,19,0.0,0,Commercial Description,Valid,0.0,Low,0.2678,Core Commercial Product
23036,T-LIGHT HOLDER SILVER PETIT FOUR,232.42000000000002,232.42000000000002,184,16,16,0.0,0,Commercial Description,Valid,0.0,Low,0.3243,Core Commercial Product
16256B,FLOWER PENCIL/RUBBER+5 MINI PENCILS,232.35000000000002,232.35,524,37,36,0.0,0,Commercial Description,Valid,0.0,Low,0.369,Core Commercial Product
35991,SET/6 BLACK SNOWFLAKE T-LIGHTS,232.07999999999998,232.08,402,58,56,0.0,0,Commercial Description,Valid,0.0,Low,0.3567,Core Commercial Product
23447,PINK BUNNY EASTER EGG BASKET,231.9,231.9,158,4,4,0.0,0,Commercial Description,Valid,0.0,Low,0.3184,Core Commercial Product
21226,POCKET MIRROR WOODLAND,231.8,231.8,214,40,38,0.0,0,Commercial Description,Valid,0.0,Low,0.3286,Core Commercial Product
90170,DAISY HAIR BAND,251.26999999999998,231.47,151,75,74,-19.8,12,Commercial Description,Valid,0.0788,Moderate,0.3171,Monitor Return Risk
16202C,BEIGE PHOTO ALBUM,230.59,230.59,97,14,14,0.0,0,Commercial Description,Valid,0.0,Low,0.302,Core Commercial Product
90116,FRUIT SALAD BAG CHARM,230.54,230.54,108,67,65,0.0,0,Commercial Description,Valid,0.0,Low,0.3055,Core Commercial Product
90164A,PINK ROSEBUD PEARL BRACELET,230.39,230.39,40,26,26,0.0,0,Commercial Description,Valid,0.0,Low,0.2793,Core Commercial Product
37483,ENGLISH ROSE MUG IN GIFT BOX,232.89,230.34,143,15,13,-2.55,1,Commercial Description,Valid,0.0109,Low,0.3148,Core Commercial Product
23446,BLUE BUNNY EASTER EGG BASKET,230.25,230.25,157,3,3,0.0,0,Commercial Description,Valid,0.0,Low,0.3173,Core Commercial Product
22884,NUMBER TILE VINTAGE FONT 5,229.89000000000001,229.89,113,41,39,0.0,0,Commercial Description,Valid,0.0,Low,0.3069,Core Commercial Product
37508,NEW ENGLAND CERAMIC CAKE SERVER,229.57000000000002,229.57,89,48,48,0.0,0,Commercial Description,Valid,0.0,Low,0.299,Core Commercial Product
90122B,JADE CRYSTAL+GLASS BRACELET,228.99,228.99,46,26,26,0.0,0,Commercial Description,Valid,0.0,Low,0.282,Core Commercial Product
17084P,DRAGONS BLOOD INCENSE,228.43,228.43,1016,72,70,0.0,0,Commercial Description,Valid,0.0,Low,0.4005,Core Commercial Product
35809B,ENAMEL BLUE RIM TEA CONTAINER,227.54,227.54,104,37,37,0.0,0,Commercial Description,Valid,0.0,Low,0.3033,Core Commercial Product
71028B,SILVER BLUE EGG T-LIGHT HOLDER,227.48,227.48,494,14,14,0.0,0,Commercial Description,Valid,0.0,Low,0.3646,Core Commercial Product
35833G,4 GOLD FLOCK CHRISTMAS BALLS,227.38,227.38,136,38,36,0.0,0,Commercial Description,Valid,0.0,Low,0.3118,Core Commercial Product
84705C,PINK FLOCK PHOTO FRAME,227.33,227.33,162,9,9,0.0,0,Commercial Description,Valid,0.0,Low,0.317,Core Commercial Product
72750D,F.FAIRY S/3 CANDLE/GLASS,226.5,226.5,110,12,12,0.0,0,Commercial Description,Valid,0.0,Low,0.3048,Core Commercial Product
23003,TRAVEL CARD WALLET VINTAGE ROSE,226.2,226.2,542,55,54,0.0,0,Commercial Description,Valid,0.0,Low,0.3674,Core Commercial Product
90155,RESIN NECKLACE W PASTEL BEADS,226.16,226.16,30,21,21,0.0,0,Commercial Description,Valid,0.0,Low,0.2719,Core Commercial Product
84966A,PINK KASHMIRI BOXED MIRROR,225.95,225.95,13,6,6,0.0,0,Commercial Description,Valid,0.0,Low,0.2573,Core Commercial Product
84461,12 PINK HEN+CHICKS IN BASKET,253.79000000000002,225.74,99,43,43,-28.05,11,Commercial Description,Valid,0.1105,Moderate,0.3004,Monitor Return Risk
35597B,BLACKCHRISTMAS TREE 30CM,225.35,225.35,79,8,7,0.0,0,Commercial Description,Valid,0.0,Low,0.2946,Core Commercial Product
90019C,SILVER BLACK ORBIT BRACELET,224.4,224.4,42,37,35,0.0,0,Commercial Description,Valid,0.0,Low,0.2783,Core Commercial Product
23149,ANTIQUE IVORY WIRE BOWL SMALL,251.45000000000002,224.06,99,23,23,-27.39,11,Commercial Description,Valid,0.1089,Moderate,0.3,Monitor Return Risk
90125D,PURPLE BERTIE GLASS BEAD BAG CHARM,223.73999999999998,223.74,136,36,36,0.0,0,Commercial Description,Valid,0.0,Low,0.3105,Core Commercial Product
85039a,SET/4 RED MINI ROSE CANDLE IN BOWL,222.52999999999994,222.53,67,47,44,0.0,0,Commercial Description,Valid,0.0,Low,0.2896,Core Commercial Product
21639,ASSORTED TUTTI FRUTTI KEYRING,228.65,221.85,259,18,18,-6.8,8,Commercial Description,Valid,0.0297,Low,0.333,Core Commercial Product
17011C,ORIGAMI LAVENDER INCENSE+FLOWER,221.4,221.4,335,3,3,0.0,0,Commercial Description,Valid,0.0,Low,0.3453,Core Commercial Product
90005A,JADE GREEN ENAMEL HAIR COMB,221.08999999999997,221.09,108,62,60,0.0,0,Commercial Description,Valid,0.0,Low,0.3024,Core Commercial Product
16258B,DAISY ERASERS IN BAG,221.06,221.06,1016,17,16,0.0,0,Commercial Description,Valid,0.0,Low,0.3982,Core Commercial Product
17013B,ORIGAMI JASMINE INCENSE IN TUBE,221.03,221.03,256,4,4,0.0,0,Commercial Description,Valid,0.0,Low,0.3322,Core Commercial Product
72807b,SET/3 OCEAN SCENT CANDLE JEWEL BOX,220.94,220.94000000000003,26,19,19,0.0,0,Commercial Description,Valid,0.0,Low,0.2673,Core Commercial Product
82585,SWEET VALENCIA CANDLE+CUP,235.9,220.9,164,53,51,-15.0,12,Commercial Description,Valid,0.0636,Moderate,0.315,Monitor Return Risk
84725,FREESTYLE CANVAS ART PICTURE,220.75,220.75,135,31,30,0.0,0,Commercial Description,Valid,0.0,Low,0.3089,Core Commercial Product
17090A,LAVENDER INCENSE 40 CONES IN TIN,220.75,220.75,215,28,26,0.0,0,Commercial Description,Valid,0.0,Low,0.3245,Core Commercial Product
62086A,PINK RETRO BIG FLOWER BAG,220.35,220.35,113,24,24,0.0,0,Commercial Description,Valid,0.0,Low,0.3033,Core Commercial Product
90124C,GREEN MURANO TWIST NECKLACE,220.20999999999998,220.20999999999998,22,16,16,0.0,0,Commercial Description,Valid,0.0,Low,0.2633,Core Commercial Product
90211B,JET BLACK LAS VEGAS NECKLACE 45CM,231.99,220.09,39,29,27,-11.9,2,Commercial Description,Valid,0.0513,Moderate,0.2744,Monitor Return Risk
72225D,VANILLA SCENT CAKE CANDLE,219.46,219.45999999999998,962,13,13,0.0,0,Commercial Description,Valid,0.0,Low,0.3933,Core Commercial Product
90056,CHUNKY CRACKED GLAZE NECKLACE IVORY,218.99000000000004,218.99,20,15,14,0.0,0,Commercial Description,Valid,0.0,Low,0.2612,Core Commercial Product
85168A,WHITE BAROQUE CARRIAGE CLOCK,218.89999999999995,218.89999999999998,22,16,16,0.0,0,Commercial Description,Valid,0.0,Low,0.2628,Core Commercial Product
22881,"NUMBER TILE VINTAGE FONT, 2",218.82,218.82,112,36,36,0.0,0,Commercial Description,Valid,0.0,Low,0.3021,Core Commercial Product
20821,GOLDIE LOOKING MIRROR,286.42,217.12,42,31,31,-69.30000000000001,14,Commercial Description,Valid,0.242,High,0.2756,High Return Risk
72781,BLACK SILOUETTE CANDLE PLATE,229.5,216.9,121,18,18,-12.6,6,Commercial Description,Valid,0.0549,Moderate,0.3048,Monitor Return Risk
35817P,"ACRYLIC JEWEL SNOWFLAKE,PINK",216.70000000000002,216.7,420,12,12,0.0,0,Commercial Description,Valid,0.0,Low,0.3526,Core Commercial Product
35793,S/3 PUPPIES CHRISTMAS DECORATIONS,216.33,216.33,108,17,16,0.0,0,Commercial Description,Valid,0.0,Low,0.3001,Core Commercial Product
84807,RED POPPY ARTIFICIAL FLOWER,215.93,215.93,233,9,9,0.0,0,Commercial Description,Valid,0.0,Low,0.326,Core Commercial Product
90036A,FLOWER GARLAND NECKLACE RED,215.75999999999996,215.76000000000002,27,20,20,0.0,0,Commercial Description,Valid,0.0,Low,0.2658,Core Commercial Product
22883,NUMBER TILE VINTAGE FONT 4,217.26,215.31,110,36,35,-1.95,1,Commercial Description,Valid,0.009,Low,0.3006,Core Commercial Product
47343A,FUSCHIA FLOWER PURSE WITH BEADS,215.20000000000002,215.2,206,27,24,0.0,0,Commercial Description,Valid,0.0,Low,0.3207,Core Commercial Product
21543,BUTTERFLY WATER TRANSFER TATTOOS,215.0,215.0,284,26,26,0.0,0,Commercial Description,Valid,0.0,Low,0.3337,Core Commercial Product
48179,DOOR MAT SWEET HOME,214.47,214.47,34,12,12,0.0,0,Commercial Description,Valid,0.0,Low,0.2703,Core Commercial Product
90123A,PINK HEART OF GLASS BRACELET,214.07,214.07,36,19,19,0.0,0,Commercial Description,Valid,0.0,Low,0.2709,Core Commercial Product
84744,S/6 SEW ON CROCHET FLOWERS,213.78,213.78,168,39,31,0.0,0,Commercial Description,Valid,0.0,Low,0.3134,Core Commercial Product
84805A,CREAM CLIMBING HYDRANGA ART FLOWER,212.85,212.85,147,9,9,0.0,0,Commercial Description,Valid,0.0,Low,0.3094,Core Commercial Product
22885,NUMBER TILE VINTAGE FONT 6,214.46999999999997,212.51999999999998,113,37,36,-1.95,1,Commercial Description,Valid,0.0091,Low,0.3007,Core Commercial Product
84313A,PINK TV TRAY TABLE,212.42000000000002,212.42,38,20,20,0.0,0,Commercial Description,Valid,0.0,Low,0.2713,Core Commercial Product
84247C,PACK/12 BLUE REINDEER CARD,212.39999999999998,212.40000000000003,72,26,25,0.0,0,Commercial Description,Valid,0.0,Low,0.287,Core Commercial Product
21368,MIRRORED WALL ART LADIES,212.04,212.04,201,47,47,0.0,0,Commercial Description,Valid,0.0,Low,0.3188,Core Commercial Product
37492A,YELLOW RED FLOWER PIGGY BANK,216.07,211.42,108,13,13,-4.65,1,Commercial Description,Valid,0.0215,Low,0.2983,Core Commercial Product
90214A,"LETTER ""A"" BLING KEY RING",218.74999999999997,211.25,219,108,105,-7.5,6,Commercial Description,Valid,0.0343,Low,0.3219,Core Commercial Product
90087,CRYSTAL SEA HORSE PHONE CHARM,252.87999999999997,210.38,313,58,56,-42.5,50,Commercial Description,Valid,0.1681,High,0.337,High Return Risk
51012C,"FEATHER DUSTER, COAL BLACK",213.75,210.0,171,32,31,-3.75,3,Commercial Description,Valid,0.0175,Low,0.313,Core Commercial Product
16201A,PASTEL PINK PHOTO ALBUM,213.36999999999998,209.47,101,11,11,-3.9,2,Commercial Description,Valid,0.0183,Low,0.2957,Core Commercial Product
20827,GOLD APERITIF GLASS,209.36,209.36,173,10,10,0.0,0,Commercial Description,Valid,0.0,Low,0.3132,Core Commercial Product
90036F,"FLOWER GLASS GARLD NECKL36""TURQUOIS",208.31,208.31,26,17,15,0.0,0,Commercial Description,Valid,0.0,Low,0.2628,Core Commercial Product
47574B,ENGLISH ROSE SCENTED HANGING HEART,208.25,208.25,49,29,28,0.0,0,Commercial Description,Valid,0.0,Low,0.2761,Core Commercial Product
21400,RED PUDDING SPOON,213.06999999999996,208.03,1078,92,92,-5.04,12,Commercial Description,Valid,0.0237,Low,0.3967,Core Commercial Product
90185B,AMETHYST DIAMANTE EXPANDABLE RING,288.67999999999995,207.93,68,41,40,-80.75,19,Commercial Description,Valid,0.2797,High,0.2843,High Return Risk
90016A,SILVER/M.O.P PENDANT ORBIT NECKLACE,207.86,207.86,29,16,16,0.0,0,Commercial Description,Valid,0.0,Low,0.2644,Core Commercial Product
37485,ENGLISH ROSE TEA SET IN GIFT BOX,207.69000000000003,207.69,49,18,17,0.0,0,Commercial Description,Valid,0.0,Low,0.2756,Core Commercial Product
90210A,GREY ACRYLIC FACETED BANGLE,207.34000000000006,207.34,88,21,21,0.0,0,Commercial Description,Valid,0.0,Low,0.2906,Core Commercial Product
90186A,AMETHYST HOOP EARRING FLORAL LEAF,206.68,206.68,70,35,33,0.0,0,Commercial Description,Valid,0.0,Low,0.2843,Core Commercial Product
84247N,PACK/12 BLUE FOLKART CARDS,303.38,206.03000000000003,115,60,58,-97.35000000000001,33,Commercial Description,Valid,0.3209,Very High,0.299,High Return Risk
90058A,CRYSTAL STUD EARRINGS CLEAR DISPLAY,218.88000000000005,205.2,576,14,14,-13.68,36,Commercial Description,Valid,0.0625,Moderate,0.3628,Monitor Return Risk
84927E,FLOWERS TILE HOOK,224.31,204.75,494,33,32,-19.56,194,Commercial Description,Valid,0.0872,Moderate,0.3564,Monitor Return Risk
20836,FRENCH PAISLEY CUSHION COVER,250.00000000000003,204.64000000000001,224,24,24,-45.36000000000001,24,Commercial Description,Valid,0.1814,High,0.3206,High Return Risk
17014D,ORIGAMI ROSE INCENSE CONES,204.36,204.36,479,10,9,0.0,0,Commercial Description,Valid,0.0,Low,0.3548,Core Commercial Product
84247K,"FOLK ART GREETING CARD,pack/12",236.43,203.98000000000002,76,31,30,-32.45,11,Commercial Description,Valid,0.1372,Moderate,0.2857,Monitor Return Risk
35824B,"HANGING FLOWERS+MIRROR,BLUE",203.24,203.24,528,7,7,0.0,0,Commercial Description,Valid,0.0,Low,0.3586,Core Commercial Product
21018,BIRD BOX CHRISTMAS TREE DECORATION,203.07,203.07,235,51,44,0.0,0,Commercial Description,Valid,0.0,Low,0.3218,Core Commercial Product
20890,SMALL GLASS ROSE SCENTED CANDLE,202.62,202.62,605,5,5,0.0,0,Commercial Description,Valid,0.0,Low,0.3642,Core Commercial Product
TEST001,This is a test product.,225.0,202.5,50,15,15,-22.5,5,Commercial Description,Valid,0.1,Moderate,0.2745,Monitor Return Risk
90085,CRYSTAL STILETTO PHONE CHARM,278.8499999999999,202.35,313,34,32,-76.5,90,Commercial Description,Valid,0.2743,High,0.3341,High Return Risk
48103,DOOR MAT KISS MY.......,201.73000000000002,201.73,35,11,11,0.0,0,Commercial Description,Valid,0.0,Low,0.2662,Core Commercial Product
72754A,FLOWER FAIRY POTPOURRI CUSHION LILY,201.24,201.24,292,6,6,0.0,0,Commercial Description,Valid,0.0,Low,0.3305,Core Commercial Product
20672,PINK TEATIME PRINT BOWL,200.99999999999997,201.0,138,39,39,0.0,0,Commercial Description,Valid,0.0,Low,0.303,Core Commercial Product
90003D,CRYSTAL PAIR HEART HAIR SLIDES,226.17000000000002,199.92,60,35,35,-26.25,7,Commercial Description,Valid,0.1161,Moderate,0.2789,Monitor Return Risk
90144,SILVER DROP EARRINGS WITH FLOWER,199.45,199.45,53,33,33,0.0,0,Commercial Description,Valid,0.0,Low,0.2757,Core Commercial Product
84706F,RED PEONY TABLE CLOCK,208.29999999999998,199.35,34,20,19,-8.95,1,Commercial Description,Valid,0.043,Low,0.2652,Core Commercial Product
90000A,RASPBERRY ANT COPPER FLOWER NECKLAC,198.98,198.98000000000002,33,21,21,0.0,0,Commercial Description,Valid,0.0,Low,0.2645,Core Commercial Product
84797a,PINK HAWAIIAN PICNIC HAMPER FOR 4,198.84,198.84,18,17,17,0.0,0,Commercial Description,Valid,0.0,Low,0.2524,Core Commercial Product
84690,S/2 BEACH HUT STOOLS,214.64999999999998,198.75,27,17,17,-15.9,2,Commercial Description,Valid,0.0741,Moderate,0.2599,Monitor Return Risk
84855,BLOKEY SILVER TOOL SET,196.7,196.70000000000002,36,20,19,0.0,0,Commercial Description,Valid,0.0,Low,0.2654,Core Commercial Product
90040A,MURANO STYLE GLASS BRACELET RED,207.05000000000004,196.55,53,36,36,-10.5,3,Commercial Description,Valid,0.0507,Moderate,0.2749,Monitor Return Risk
47504F,ENGLISH ROSE TORCH,196.45999999999998,196.46,527,15,15,0.0,0,Commercial Description,Valid,0.0,Low,0.3564,Core Commercial Product
90090,PINK CRYSTAL HEART PHONE CHARM,227.71999999999997,196.27,263,29,25,-31.45,37,Commercial Description,Valid,0.1381,Moderate,0.3245,Monitor Return Risk
90024B,NEW BAROQUE B'FLY NECKLACE RED,212.24,195.24,25,23,23,-17.0,2,Commercial Description,Valid,0.0801,Moderate,0.2579,Monitor Return Risk
85070,ANT WHITE SWEETHEART TABLE W 3 DRAW,320.0,195.0,3,6,6,-125.0,1,Commercial Description,Valid,0.3906,Very High,0.2318,High Return Risk
84985B,SET OF 72 BLACK PAPER DOILIES,194.95999999999998,194.95999999999998,128,25,25,0.0,0,Commercial Description,Valid,0.0,Low,0.2988,Core Commercial Product
23697,A PRETTY THANK YOU CARD,194.57999999999998,194.58,456,36,35,0.0,0,Commercial Description,Valid,0.0,Low,0.3493,Core Commercial Product
90129F,RED GLASS TASSLE BAG CHARM,194.51000000000002,194.51000000000002,87,45,41,0.0,0,Commercial Description,Valid,0.0,Low,0.2863,Core Commercial Product
90130B,TURQ STONE/CRYSTAL EARRINGS,194.01000000000005,194.01,66,51,49,0.0,0,Commercial Description,Valid,0.0,Low,0.2792,Core Commercial Product
72051S,BAG OF SILVER STONES,193.41000000000003,193.41,305,60,57,0.0,0,Commercial Description,Valid,0.0,Low,0.3303,Core Commercial Product
21582,KINGS CHOICE SMALL TUBE MATCHES,193.05,193.04999999999998,117,18,17,0.0,0,Commercial Description,Valid,0.0,Low,0.2955,Core Commercial Product
16202A,PASTEL PINK PHOTO ALBUM,290.45000000000005,192.65,662,25,25,-97.80000000000001,324,Commercial Description,Valid,0.3367,Very High,0.3657,High Return Risk
20814,SILVER FINCH DECORATION,208.89000000000001,192.64000000000001,189,16,15,-16.25,13,Commercial Description,Valid,0.0778,Moderate,0.3107,Monitor Return Risk
35819B,"ACRYLIC HANGING JEWEL,BLUE",192.29999999999995,192.3,385,38,35,0.0,0,Commercial Description,Valid,0.0,Low,0.3406,Core Commercial Product
84899F,YELLOW PURPLE DAISY FELT PURSE KIT,192.16999999999996,192.17,121,55,55,0.0,0,Commercial Description,Valid,0.0,Low,0.2962,Core Commercial Product
90178B,PURPLE CHUNKY GLASS+BEAD NECKLACE,191.40999999999997,191.40999999999997,16,11,11,0.0,0,Commercial Description,Valid,0.0,Low,0.2485,Core Commercial Product
47570b,TEA TIME TABLE CLOTH,190.63,190.63,9,9,8,0.0,0,Commercial Description,Valid,0.0,Low,0.2403,Core Commercial Product
37506,NEW ENGLAND MILK JUG W GIFT BOX,190.39999999999998,190.4,32,27,27,0.0,0,Commercial Description,Valid,0.0,Low,0.261,Core Commercial Product
90094,NECKLACE+BRACELET SET FRUIT SALAD,190.17,190.17,75,41,39,0.0,0,Commercial Description,Valid,0.0,Low,0.2808,Core Commercial Product
84255B,ORANGE COCKTAIL GLASS LAMP,190.16,190.16,65,20,20,0.0,0,Commercial Description,Valid,0.0,Low,0.2774,Core Commercial Product
90210C,RED   ACRYLIC FACETED BANGLE,189.52,189.52,119,16,15,0.0,0,Commercial Description,Valid,0.0,Low,0.2948,Core Commercial Product
85128,PLANTPOT SINGLE HOOK PISTACHIO,188.95000000000002,188.95000000000002,167,5,5,0.0,0,Commercial Description,Valid,0.0,Low,0.3049,Core Commercial Product
79403,FROSTED WHITE BASE,200.67999999999992,188.77999999999997,217,39,38,-11.9,14,Commercial Description,Valid,0.0593,Moderate,0.314,Monitor Return Risk
90159,COTE D'AZURE NECKLACE,188.57999999999998,188.58,38,20,20,0.0,0,Commercial Description,Valid,0.0,Low,0.2633,Core Commercial Product
84510a,SET OF 4 ENGLISH ROSE COASTERS,188.21,188.20999999999998,76,59,58,0.0,0,Commercial Description,Valid,0.0,Low,0.2804,Core Commercial Product
20837,FRENCH FLORAL CUSHION COVER,188.07000000000005,188.07000000000002,165,18,18,0.0,0,Commercial Description,Valid,0.0,Low,0.3038,Core Commercial Product
90086,CRYSTAL FROG PHONE CHARM,186.95999999999998,186.95999999999998,219,49,46,0.0,0,Commercial Description,Valid,0.0,Low,0.314,Core Commercial Product
85114b,IVORY ENCHANTED FOREST PLACEMAT,186.75999999999996,186.76,56,19,19,0.0,0,Commercial Description,Valid,0.0,Low,0.2728,Core Commercial Product
90029,NEW BAROQUE SMALL NECKLACE BLACK,195.14,186.64,23,13,13,-8.5,1,Commercial Description,Valid,0.0436,Low,0.2528,Core Commercial Product
84893,ANT WHITE IRON BASKET,186.35000000000002,186.35000000000002,33,16,16,0.0,0,Commercial Description,Valid,0.0,Low,0.2602,Core Commercial Product
79144B,PAINTED LIGHTBULB STAR+ MOON,186.06999999999996,186.07,358,96,91,0.0,0,Commercial Description,Valid,0.0,Low,0.3352,Core Commercial Product
84877A,PINK ROUND COMPACT MIRROR,185.66,185.66,74,19,19,0.0,0,Commercial Description,Valid,0.0,Low,0.2787,Core Commercial Product
85114a,BLACK ENCHANTED FOREST PLACEMAT,185.64000000000001,185.64,56,17,17,0.0,0,Commercial Description,Valid,0.0,Low,0.2721,Core Commercial Product
20968,GREEN FLORAL FELTCRAFT SHOULDER BAG,185.11,185.11,43,22,21,0.0,0,Commercial Description,Valid,0.0,Low,0.2651,Core Commercial Product
35911B,PINK/FLOWER RABBIT EGG WARMER,184.76,184.76,159,25,25,0.0,0,Commercial Description,Valid,0.0,Low,0.3017,Core Commercial Product
23416,CHAMBRE HOOK,184.68,184.68,132,25,25,0.0,0,Commercial Description,Valid,0.0,Low,0.2955,Core Commercial Product
35838A,S/6 MULTICOLOUR ORNAMENETAL CANDLE,184.4,184.4,180,22,22,0.0,0,Commercial Description,Valid,0.0,Low,0.3061,Core Commercial Product
90211A,DIAMOND LAS VEGAS NECKLACE 45CM,184.39,184.39000000000001,31,23,21,0.0,0,Commercial Description,Valid,0.0,Low,0.2577,Core Commercial Product
79144C,PAINTED LIGHTBULB RAINBOW DESIGN,184.34,184.34,311,100,97,0.0,0,Commercial Description,Valid,0.0,Low,0.3271,Core Commercial Product
84803A,PINK ALLIUM  ARTIFICIAL FLOWER,189.27999999999997,184.21,112,20,20,-5.07,3,Commercial Description,Valid,0.0268,Low,0.2899,Core Commercial Product
84029D,LEOPARD PRINT HOT WATER BOTTLE,183.98000000000002,183.98000000000002,51,18,18,0.0,0,Commercial Description,Valid,0.0,Low,0.2683,Core Commercial Product
90185A,AMBER DIAMANTE EXPANDABLE RING,237.53,182.28,56,31,30,-55.25,13,Commercial Description,Valid,0.2326,High,0.2709,High Return Risk
20796,SMALL BLUE PROVENCAL CERAMIC BALL,182.16,182.16,99,22,22,0.0,0,Commercial Description,Valid,0.0,Low,0.2851,Core Commercial Product
84926C,FAIRY CAKES TILE COASTER,189.60000000000002,182.1,138,35,35,-7.5,6,Commercial Description,Valid,0.0396,Low,0.2963,Core Commercial Product
20957,PORCELAIN HANGING BELL SMALL,184.60999999999996,181.71,126,18,17,-2.9,2,Commercial Description,Valid,0.0157,Low,0.2932,Core Commercial Product
37379B,BLUE CHERRY BLOSSOM CUP & SAUCER,181.5,181.5,1122,5,5,0.0,0,Commercial Description,Valid,0.0,Low,0.3895,Core Commercial Product
84531A,PINK KNITTED EGG COSY,181.05999999999997,181.06,197,52,47,0.0,0,Commercial Description,Valid,0.0,Low,0.3072,Core Commercial Product
22330,72 ROUND PINK DOILIES,197.9,180.5,128,25,25,-17.4,12,Commercial Description,Valid,0.0879,Moderate,0.2932,Monitor Return Risk
90214S,"LETTER ""S"" BLING KEY RING",187.63999999999996,180.14,190,92,87,-7.5,6,Commercial Description,Valid,0.04,Low,0.3061,Core Commercial Product
35818B,"ACRYLIC JEWEL ICICLE, BLUE",180.04999999999998,180.05,408,13,13,0.0,0,Commercial Description,Valid,0.0,Low,0.3383,Core Commercial Product
90180B,PURPLE AMETHYST NECKLACE W TASSEL,179.87999999999994,179.88,18,14,14,0.0,0,Commercial Description,Valid,0.0,Low,0.2453,Core Commercial Product
47347B,BLUE FLOWER T-LIGHT HOLDER,179.88,179.88,240,12,12,0.0,0,Commercial Description,Valid,0.0,Low,0.314,Core Commercial Product
84962,SET/3 COLOUR PAINTED KASHMIRI STOOL,179.85000000000002,179.85000000000002,3,3,3,0.0,0,Commercial Description,Valid,0.0,Low,0.2255,Core Commercial Product
84661C,PINK SQUARE TABLE CLOCK,179.74999999999997,179.75,150,25,25,0.0,0,Commercial Description,Valid,0.0,Low,0.2978,Core Commercial Product
17011A,ORIGAMI VANILLA INCENSE+FLOWER,179.56,179.56,261,13,13,0.0,0,Commercial Description,Valid,0.0,Low,0.3173,Core Commercial Product
21031,SPACE CADET BLACK,180.45999999999998,179.21,146,42,40,-1.25,1,Commercial Description,Valid,0.0069,Low,0.2966,Core Commercial Product
84464,S/60 PINK FLUFFY CHICKS IN BOX,179.1,179.1,82,12,12,0.0,0,Commercial Description,Valid,0.0,Low,0.2788,Core Commercial Product
90151,SILVER/NATURAL SHELL NECKLACE,178.67000000000002,178.67000000000002,21,11,9,0.0,0,Commercial Description,Valid,0.0,Low,0.2474,Core Commercial Product
90063A,WHITE VINT ART DECO CRYSTAL NECKLAC,178.48000000000002,178.48,21,13,13,0.0,0,Commercial Description,Valid,0.0,Low,0.2473,Core Commercial Product
90013D,PURPLE VINTAGE EARRINGS,178.10999999999999,178.11,46,18,18,0.0,0,Commercial Description,Valid,0.0,Low,0.2631,Core Commercial Product
90000B,MIDNIGHT BLUE COPPER FLOWER NECKLAC,183.66,177.71,30,24,23,-5.95,1,Commercial Description,Valid,0.0324,Low,0.2539,Core Commercial Product
85132a,CHARLIE + LOLA BISCUITS TINS,177.58999999999997,177.59,12,12,10,0.0,0,Commercial Description,Valid,0.0,Low,0.2384,Core Commercial Product
90072,RUBY DROP CHANDELIER EARRINGS,176.31000000000003,176.31,44,30,30,0.0,0,Commercial Description,Valid,0.0,Low,0.2617,Core Commercial Product
84968a,S/16 VINTAGE ROSE CUTLERY,176.31,176.31,7,5,4,0.0,0,Commercial Description,Valid,0.0,Low,0.2315,Core Commercial Product
82607C,GLASS BONBON JAR. SUPERFINES,175.60999999999996,175.60999999999999,115,44,44,0.0,0,Commercial Description,Valid,0.0,Low,0.2878,Core Commercial Product
84564,6 SEGMENT COLOURED SNACK BOWL,175.47999999999996,175.48000000000002,21,13,13,0.0,0,Commercial Description,Valid,0.0,Low,0.2463,Core Commercial Product
84927D,LA PALMIERA TILE HOOK,215.49999999999997,174.64,954,33,32,-40.86000000000001,435,Commercial Description,Valid,0.1896,High,0.3766,High Return Risk
22886,"NUMBER TILE VINTAGE FONT, 7",174.15999999999997,174.16,98,29,29,0.0,0,Commercial Description,Valid,0.0,Low,0.2816,Core Commercial Product
90019B,GOLD M.O.P ORBIT BRACELET,174.13000000000002,174.13,33,29,28,0.0,0,Commercial Description,Valid,0.0,Low,0.255,Core Commercial Product
17014A,ORIGAMI VANILLA INCENSE CONES,173.49,173.49,277,21,20,0.0,0,Commercial Description,Valid,0.0,Low,0.3182,Core Commercial Product
90065A,WHITE VINTAGE CRYSTAL BRACELET,180.46,173.24,26,18,18,-7.22,1,Commercial Description,Valid,0.04,Low,0.2497,Core Commercial Product
90018B,GOLD M.O.P ORBIT DROP EARRINGS,173.10000000000002,173.1,41,33,31,0.0,0,Commercial Description,Valid,0.0,Low,0.2588,Core Commercial Product
90003C,MIDNIGHT BLUE PAIR HEART HAIR SLIDE,199.15999999999994,172.91,53,40,38,-26.25,7,Commercial Description,Valid,0.1318,Moderate,0.2654,Monitor Return Risk
84452,METAL RABBIT LADDER EASTER,186.15999999999997,172.56,198,49,48,-13.6,16,Commercial Description,Valid,0.0731,Moderate,0.3039,Monitor Return Risk
75011,BLUE DAISY MOBILE,172.50999999999996,172.51,181,15,15,0.0,0,Commercial Description,Valid,0.0,Low,0.3013,Core Commercial Product
90123D,WHITE HEART OF GLASS BRACELET,172.38999999999996,172.39,29,14,14,0.0,0,Commercial Description,Valid,0.0,Low,0.2512,Core Commercial Product
90060F,FIRE POLISHED GLASS NECKL GREEN,172.07999999999998,172.08,29,19,18,0.0,0,Commercial Description,Valid,0.0,Low,0.2511,Core Commercial Product
84531B,BLUE KNITTED EGG COSY,171.81,171.81,198,46,44,0.0,0,Commercial Description,Valid,0.0,Low,0.3033,Core Commercial Product
90186B,CRYSTAL HOOP EARRING FLORAL LEAF,171.22000000000003,171.22000000000003,58,32,31,0.0,0,Commercial Description,Valid,0.0,Low,0.2668,Core Commercial Product
85185C,COW  SOCK PUPPET,171.1,171.10000000000002,58,31,29,0.0,0,Commercial Description,Valid,0.0,Low,0.2666,Core Commercial Product
35916C,PINK FELT HANGING HEART W FLOWER,170.87,170.87,159,45,43,0.0,0,Commercial Description,Valid,0.0,Low,0.2956,Core Commercial Product
84706B,FAIRY CAKES TABLE CLOCK,188.72999999999996,170.82999999999998,20,12,12,-17.9,2,Commercial Description,Valid,0.0948,Moderate,0.2433,Monitor Return Risk
84706C,PINK FLOCK TABLE CLOCK,170.8,170.8,84,5,5,0.0,0,Commercial Description,Valid,0.0,Low,0.276,Core Commercial Product
90190C,SILVER/AMETHYST DROP EARRINGS LEAF,170.70000000000005,170.70000000000002,58,39,36,0.0,0,Commercial Description,Valid,0.0,Low,0.2661,Core Commercial Product
90063B,BLACK VINT ART DEC CRYSTAL NECKLACE,170.17,170.17000000000002,20,14,14,0.0,0,Commercial Description,Valid,0.0,Low,0.2429,Core Commercial Product
85040a,S/4 PINK FLOWER CANDLES IN BOWL,169.75,169.75,51,34,34,0.0,0,Commercial Description,Valid,0.0,Low,0.2624,Core Commercial Product
90166,PINK & WHITE ROSEBUD RING,173.18,168.93,41,33,32,-4.25,1,Commercial Description,Valid,0.0245,Low,0.2568,Core Commercial Product
85205A,IVORY FELT EASTER RABBIT GARLAND,168.3,168.29999999999998,66,24,22,0.0,0,Commercial Description,Valid,0.0,Low,0.2687,Core Commercial Product
21087,SET/6 POSIES PAPER CUPS,168.07999999999998,168.08,260,35,34,0.0,0,Commercial Description,Valid,0.0,Low,0.3127,Core Commercial Product
37491C,GREEN/BLUE CERAMIC CANDLE HOLDER,167.52,167.52,58,11,11,0.0,0,Commercial Description,Valid,0.0,Low,0.2652,Core Commercial Product
72351a,SET/6 TURQUOISE BUTTERFLY T-LIGHTS,167.51999999999995,167.52,40,30,28,0.0,0,Commercial Description,Valid,0.0,Low,0.2558,Core Commercial Product
90039D,FIRE POLISHED GLASS BRACELET GREEN,166.47,166.47,44,25,24,0.0,0,Commercial Description,Valid,0.0,Low,0.258,Core Commercial Product
84231,EASTER BUNNY WITH BASKET ON BACK,166.21000000000004,166.21,230,51,50,0.0,0,Commercial Description,Valid,0.0,Low,0.3071,Core Commercial Product
gift_0001_40,Dotcomgiftshop Gift Voucher £40.00,166.08999999999997,166.09,5,7,7,0.0,0,Commercial Description,Valid,0.0,Low,0.2242,Core Commercial Product
90185C,BLACK DIAMANTE EXPANDABLE RING,288.95,165.70000000000002,68,43,40,-123.25,29,Commercial Description,Valid,0.4265,Very High,0.2685,High Return Risk
37479P,CUBIC MUG FLOCK PINK ON BROWN,165.18,165.18,172,39,37,0.0,0,Commercial Description,Valid,0.0,Low,0.2964,Core Commercial Product
23694,PAISLEY PARK CARD,165.08,165.08,376,41,41,0.0,0,Commercial Description,Valid,0.0,Low,0.3287,Core Commercial Product
90214C,"LETTER ""C"" BLING KEY RING",172.27999999999997,164.78,176,75,70,-7.5,6,Commercial Description,Valid,0.0435,Low,0.2971,Core Commercial Product
85024C,PINK SMALL JEWELLED PHOTOFRAME,165.00000000000003,163.35,100,47,43,-1.65,1,Commercial Description,Valid,0.01,Low,0.2782,Core Commercial Product
90129D,AMBER GLASS TASSLE BAG CHARM,163.23,163.23000000000002,68,35,34,0.0,0,Commercial Description,Valid,0.0,Low,0.2678,Core Commercial Product
90162B,ANT SILVER LIME GREEN BOUDICCA RING,165.2,162.25000000000003,56,22,21,-2.95,1,Commercial Description,Valid,0.0179,Low,0.2631,Core Commercial Product
71496A,A4 WALL TIDY BLUE OFFICE,161.76999999999998,161.77,260,20,17,0.0,0,Commercial Description,Valid,0.0,Low,0.3109,Core Commercial Product
21461,BLUE EASTER EGG HUNT START POST,171.03999999999994,161.29,82,26,26,-9.75,5,Commercial Description,Valid,0.057,Moderate,0.2728,Monitor Return Risk
90042A,FRESHWATER PEARL BRACELET GOLD,160.79,160.79,63,34,34,0.0,0,Commercial Description,Valid,0.0,Low,0.2654,Core Commercial Product
90123C,GREEN HEART OF GLASS BRACELET,160.75,160.75,27,12,12,0.0,0,Commercial Description,Valid,0.0,Low,0.2459,Core Commercial Product
21353,SILVER SLEIGHBELL  WREATH,160.45000000000002,160.45,19,11,11,0.0,0,Commercial Description,Valid,0.0,Low,0.2391,Core Commercial Product
22887,NUMBER TILE VINTAGE FONT 8,160.36,160.35999999999999,92,28,28,0.0,0,Commercial Description,Valid,0.0,Low,0.2744,Core Commercial Product
84599,CANDY STRIPE ROSE FLOOR CUSHION,160.14999999999998,160.15,15,7,7,0.0,0,Commercial Description,Valid,0.0,Low,0.2356,Core Commercial Product
90214K,"LETTER ""K"" BLING KEY RING",161.35,160.1,157,87,84,-1.25,1,Commercial Description,Valid,0.0077,Low,0.2915,Core Commercial Product
23305,SET 4 PICNIC CUTLERY BLUEBERRY,159.9,159.9,82,9,9,0.0,0,Commercial Description,Valid,0.0,Low,0.2718,Core Commercial Product
81952V,ROUND PURPLE CLOCK W/SUCKER,159.86999999999998,159.87,464,47,46,0.0,0,Commercial Description,Valid,0.0,Low,0.3364,Core Commercial Product
90214J,"LETTER ""J"" BLING KEY RING",166.51999999999998,159.02,162,92,89,-7.5,6,Commercial Description,Valid,0.045,Low,0.292,Core Commercial Product
90125A,PINK BERTIE GLASS BEAD BAG CHARM,183.97,158.77,149,19,19,-25.200000000000003,12,Commercial Description,Valid,0.137,Moderate,0.2898,Monitor Return Risk
22864,Found,158.76,158.76,378,4,4,0.0,0,Commercial Description,Valid,0.0,Low,0.3269,Core Commercial Product
90214L,"LETTER ""L"" BLING KEY RING",168.61,158.60999999999999,179,72,70,-10.0,8,Commercial Description,Valid,0.0593,Moderate,0.2955,Monitor Return Risk
90204,PAIR OF ENAMEL BUTTERFLY HAIRCLIP,171.80999999999997,158.41,51,39,38,-13.4,4,Commercial Description,Valid,0.078,Moderate,0.2584,Monitor Return Risk
48175,DOOR MAT CAMOUFLAGE,158.04,158.04,39,2,2,0.0,0,Commercial Description,Valid,0.0,Low,0.2516,Core Commercial Product
37379A,PINK CHERRY BLOSSOM CUP & SAUCER,159.2,157.95,41,19,19,-1.25,1,Commercial Description,Valid,0.0079,Low,0.2527,Core Commercial Product
20693,FLORAL DINOSAUR GREEN,161.89,157.64000000000001,33,21,21,-4.25,1,Commercial Description,Valid,0.0263,Low,0.2484,Core Commercial Product
21489,BLUE WHITE SCARF HOT WATER BOTTLE,157.60000000000002,157.60000000000002,28,18,18,0.0,0,Commercial Description,Valid,0.0,Low,0.2446,Core Commercial Product
23417,BATHROOM HOOK,157.5,157.5,146,28,27,0.0,0,Commercial Description,Valid,0.0,Low,0.288,Core Commercial Product
84228,HEN HOUSE W CHICK STANDING,157.75,157.33,356,50,48,-0.42,1,Commercial Description,Valid,0.0027,Low,0.323,Core Commercial Product
90030C,BROWN KUKUI COCONUT SEED NECKLACE,157.24,157.24,88,17,16,0.0,0,Commercial Description,Valid,0.0,Low,0.2714,Core Commercial Product
23468,TUSCAN VILLA BIRD TABLE,156.75,156.75,19,11,11,0.0,0,Commercial Description,Valid,0.0,Low,0.2367,Core Commercial Product
17178,FLAT PALM T-LIGHT HOLDER,156.65,156.65,133,26,25,0.0,0,Commercial Description,Valid,0.0,Low,0.284,Core Commercial Product
47369B,BLUE GREEN EMBROIDERY COSMETIC BAG,156.13,156.13,55,30,29,0.0,0,Commercial Description,Valid,0.0,Low,0.2595,Core Commercial Product
72140E,BEST DAD CANDLE LETTERS,156.72,155.86999999999998,218,30,30,-0.85,1,Commercial Description,Valid,0.0054,Low,0.3005,Core Commercial Product
84914A,PINK ROSE PICNIC RUG,155.7,155.7,6,7,7,0.0,0,Commercial Description,Valid,0.0,Low,0.2215,Core Commercial Product
20664,TROPICAL HOLIDAY PURSE,155.41000000000003,155.41,57,32,32,0.0,0,Commercial Description,Valid,0.0,Low,0.2598,Core Commercial Product
47369A,PINK GREEN EMBROIDERY COSMETIC BAG,155.16,155.16,52,28,25,0.0,0,Commercial Description,Valid,0.0,Low,0.2573,Core Commercial Product
85166A,WHITE METAL BAROQUE PHOTO FRAME,158.9,155.15,77,15,15,-3.75,1,Commercial Description,Valid,0.0236,Low,0.267,Core Commercial Product
90212B,JET BLACK LAS VEGAS BRACELET ROUND,155.13,155.13,41,30,28,0.0,0,Commercial Description,Valid,0.0,Low,0.2509,Core Commercial Product
90099,NECKLACE+BRACELET SET BLUE HIBISCUS,155.07000000000002,155.07,49,29,26,0.0,0,Commercial Description,Valid,0.0,Low,0.255,Core Commercial Product
90065B,BLACK VINT ART DEC CRYSTAL BRACELET,154.87,154.87,22,17,17,0.0,0,Commercial Description,Valid,0.0,Low,0.2381,Core Commercial Product
90123B,TURQUOISE HEART OF GLASS BRACELET,154.69,154.69,26,13,13,0.0,0,Commercial Description,Valid,0.0,Low,0.2413,Core Commercial Product
84924F,PSYCHEDELIC METAL SIGN CALENDAR,274.54999999999995,154.55,975,12,12,-120.0,480,Commercial Description,Valid,0.4371,Very High,0.369,High Return Risk
23496,PANTRY KITCHEN THERMOMETER,154.52,154.52,112,31,31,0.0,0,Commercial Description,Valid,0.0,Low,0.2771,Core Commercial Product
72801c,S/4 ROSE PINK DINNER CANDLES,153.67000000000002,153.67,62,36,36,0.0,0,Commercial Description,Valid,0.0,Low,0.2607,Core Commercial Product
84723,CHERRY BLOSSOM CANVAS ART PICTURE,201.29999999999998,153.6,54,15,15,-47.7,6,Commercial Description,Valid,0.237,High,0.2573,High Return Risk
47518F,ICON PLACEMAT POP ART ELVIS,153.14000000000001,153.14,903,34,34,0.0,0,Commercial Description,Valid,0.0,Low,0.3641,Core Commercial Product
84989a,75 GREEN FAIRY CAKE CASES,152.70000000000005,152.7,75,42,41,0.0,0,Commercial Description,Valid,0.0,Low,0.2647,Core Commercial Product
90199A,5 STRAND GLASS NECKLACE BLACK,158.56999999999996,152.22,25,19,17,-6.35,1,Commercial Description,Valid,0.04,Low,0.2397,Core Commercial Product
82587,TEXRIO TOMATOES CANDLE+CUP,166.78,151.78,128,44,43,-15.0,12,Commercial Description,Valid,0.0899,Moderate,0.2807,Monitor Return Risk
16202E,BLACK PHOTO ALBUM,162.73000000000002,151.63,82,18,17,-11.1,2,Commercial Description,Valid,0.0682,Moderate,0.2673,Monitor Return Risk
84927A,WAKE UP COCKEREL TILE HOOK,161.82,151.47,227,40,39,-10.35,75,Commercial Description,Valid,0.064,Moderate,0.2998,Monitor Return Risk
90059A,DIAMANTE HAIR GRIP PACK/2 CRYSTAL,160.36,150.46,96,51,49,-9.9,6,Commercial Description,Valid,0.0617,Moderate,0.2704,Monitor Return Risk
79161A,ST GEORGE SET OF 10 PARTY LIGHTS,150.45000000000002,150.45000000000002,51,19,19,0.0,0,Commercial Description,Valid,0.0,Low,0.2543,Core Commercial Product
90042C,FRESHWATER PEARL BRACELET IVORY,150.20999999999998,150.20999999999998,59,30,29,0.0,0,Commercial Description,Valid,0.0,Low,0.2581,Core Commercial Product
21310,CAPIZ CHANDELIER,179.7,149.75,6,5,5,-29.95,1,Commercial Description,Valid,0.1667,High,0.2187,High Return Risk
17108D,FLOWER FAIRY SUMMER BOUQUET SACHET,149.1,149.1,355,25,25,0.0,0,Commercial Description,Valid,0.0,Low,0.319,Core Commercial Product
90040D,MURANO STYLE GLASS BRACELET PINK,148.87,148.87,41,27,27,0.0,0,Commercial Description,Valid,0.0,Low,0.2484,Core Commercial Product
47351B,BLUE  VOILE LAMPSHADE,269.90000000000003,147.50000000000003,98,15,15,-122.4,48,Commercial Description,Valid,0.4535,Very High,0.2705,High Return Risk
84720,DOT MATRIX CANVAS ART PICTURE,147.05,147.05,35,3,3,0.0,0,Commercial Description,Valid,0.0,Low,0.2448,Core Commercial Product
84622,PINK GINGHAM ROSE CUSHION COVER,152.6,146.65,23,11,11,-5.95,1,Commercial Description,Valid,0.039,Low,0.2363,Core Commercial Product
84510c,SET OF 4 POLKADOTS COASTERS,146.39,146.39,59,36,34,0.0,0,Commercial Description,Valid,0.0,Low,0.2572,Core Commercial Product
90214M,"LETTER ""M"" BLING KEY RING",146.17,146.17,145,67,64,0.0,0,Commercial Description,Valid,0.0,Low,0.2833,Core Commercial Product
84527,FLAMES SUNGLASSES PINK LENSES,146.10999999999996,146.10999999999999,77,23,22,0.0,0,Commercial Description,Valid,0.0,Low,0.2635,Core Commercial Product
16054,POPART RECT PENCIL SHARPENER ASST,158.99999999999994,146.04000000000002,1210,40,40,-12.96,108,Commercial Description,Valid,0.0815,Moderate,0.3793,Monitor Return Risk
46138B,BLUE CHENILLE SHAGGY CUSHION COVER,156.29,145.24,71,27,27,-11.05,13,Commercial Description,Valid,0.0707,Moderate,0.2608,Monitor Return Risk
35610B,BLACK CHRISTMAS FLOCK DROPLET,144.07,144.07,179,15,14,0.0,0,Commercial Description,Valid,0.0,Low,0.2895,Core Commercial Product
90016C,SILVER/BLACK PENDANT ORBIT NECKLACE,144.07,144.07,17,14,14,0.0,0,Commercial Description,Valid,0.0,Low,0.2302,Core Commercial Product
90093,CLEAR CRYSTAL STAR PHONE CHARM,167.00000000000003,144.04999999999998,210,28,27,-22.95,27,Commercial Description,Valid,0.1374,Moderate,0.2942,Monitor Return Risk
84874B,BLUE TRAVEL FIRST AID KIT,143.40999999999997,143.41,87,40,38,0.0,0,Commercial Description,Valid,0.0,Low,0.2659,Core Commercial Product
90003B,ROSE COLOUR PAIR HEART HAIR SLIDES,169.61999999999998,143.37,45,30,28,-26.25,7,Commercial Description,Valid,0.1548,High,0.249,High Return Risk
90036B,"FLOWER GLASS GARLAND NECKL.36""GREEN",143.1,143.1,18,11,11,0.0,0,Commercial Description,Valid,0.0,Low,0.2304,Core Commercial Product
79192A,RETRO PLASTIC 70'S TRAY,152.64,142.64,114,37,37,-10.0,8,Commercial Description,Valid,0.0655,Moderate,0.2742,Monitor Return Risk
21102,"CANDLE IN JAR COLLAGE , VANILLA",221.07999999999998,142.03,82,22,22,-79.05,31,Commercial Description,Valid,0.3576,Very High,0.2643,High Return Risk
72740A,LARGE STRAWBERRY CHOCOLATE CANDLE,141.23,141.23,65,13,13,0.0,0,Commercial Description,Valid,0.0,Low,0.2578,Core Commercial Product
90183A,AMBER DROP EARRINGS W LONG BEADS,158.61,140.91000000000003,54,33,32,-17.700000000000003,6,Commercial Description,Valid,0.1116,Moderate,0.2533,Monitor Return Risk
47590b,PINK HAPPY BIRTHDAY BUNTING,140.49999999999997,140.5,13,10,10,0.0,0,Commercial Description,Valid,0.0,Low,0.2251,Core Commercial Product
84617,NEW BAROQUE BLACK BOXES,140.25,140.25,11,7,7,0.0,0,Commercial Description,Valid,0.0,Low,0.223,Core Commercial Product
90194,SILVER LARIAT BLACK STONE EARRINGS,140.08,140.08,33,23,22,0.0,0,Commercial Description,Valid,0.0,Low,0.2414,Core Commercial Product
90040C,MURANO STYLE GLASS BRACELET GOLD,150.55999999999997,140.06,42,23,22,-10.5,3,Commercial Description,Valid,0.0697,Moderate,0.2461,Monitor Return Risk
78026,SEAGRASS S/3 SQU LAUNDRY BOX,139.95,139.95,12,3,3,0.0,0,Commercial Description,Valid,0.0,Low,0.2236,Core Commercial Product
10120,DOGGY RUBBER,145.89000000000001,139.59,679,78,75,-6.3,30,Commercial Description,Valid,0.0432,Low,0.3456,Core Commercial Product
23463,VINTAGE ZINC WATERING CAN,139.39999999999998,139.39999999999998,13,8,8,0.0,0,Commercial Description,Valid,0.0,Low,0.2243,Core Commercial Product
90199D,5 STRAND GLASS NECKLACE AMBER,139.28,139.28,22,16,16,0.0,0,Commercial Description,Valid,0.0,Low,0.2325,Core Commercial Product
23304,SET 4 PICNIC CUTLERY CHERRY,138.45,138.45,71,9,9,0.0,0,Commercial Description,Valid,0.0,Low,0.2583,Core Commercial Product
72754B,F FAIRY POTPOURRI CUSHIONS LAVENDER,137.54,137.54,170,9,9,0.0,0,Commercial Description,Valid,0.0,Low,0.285,Core Commercial Product
35816P,"ACRYLIC JEWEL ANGEL,PINK",137.42999999999998,137.43,297,9,9,0.0,0,Commercial Description,Valid,0.0,Low,0.3066,Core Commercial Product
90156,RESIN BRACELET W PASTEL BEADS,137.37,137.37,25,14,14,0.0,0,Commercial Description,Valid,0.0,Low,0.2346,Core Commercial Product
84549,CROCHET WHITE RABBIT KEYRING,137.26999999999998,137.27,75,16,16,0.0,0,Commercial Description,Valid,0.0,Low,0.2593,Core Commercial Product
84558a,3D DOG PICTURE PLAYING CARDS,136.98999999999998,136.99,23,21,19,0.0,0,Commercial Description,Valid,0.0,Low,0.2325,Core Commercial Product
90214E,"LETTER ""E"" BLING KEY RING",144.37999999999997,136.88,148,72,68,-7.5,6,Commercial Description,Valid,0.0519,Moderate,0.2802,Monitor Return Risk
84709A,SILVER OVAL JEWELLED MIRROR,136.85000000000002,136.85,23,16,15,0.0,0,Commercial Description,Valid,0.0,Low,0.2322,Core Commercial Product
72134,COLUMBIAN  CUBE CANDLE,136.51000000000002,136.51,340,31,29,0.0,0,Commercial Description,Valid,0.0,Low,0.3125,Core Commercial Product
35824P,"HANGING FLOWERS+MIRROR,PINK",136.44,136.44,324,4,4,0.0,0,Commercial Description,Valid,0.0,Low,0.31,Core Commercial Product
90024E,NEW BAROQUE B'FLY NECKLACE MONTANA,135.98000000000002,135.98,16,11,11,0.0,0,Commercial Description,Valid,0.0,Low,0.2258,Core Commercial Product
90023,FILIGREE DIAMANTE EARRINGS,135.98000000000002,135.98,32,22,21,0.0,0,Commercial Description,Valid,0.0,Low,0.2385,Core Commercial Product
90038A,GLASS AND PAINTED BEADS BRACELET TO,135.8,135.8,36,22,22,0.0,0,Commercial Description,Valid,0.0,Low,0.2404,Core Commercial Product
17011D,ORIGAMI ROSE INCENSE+FLOWER,135.7,135.7,209,6,6,0.0,0,Commercial Description,Valid,0.0,Low,0.2902,Core Commercial Product
77079,DOLPHIN WINDMILL,135.68000000000004,135.68,64,15,15,0.0,0,Commercial Description,Valid,0.0,Low,0.2542,Core Commercial Product
90002A,FLOWER BURST SILVER RING OPAL,135.0,135.0,36,20,19,0.0,0,Commercial Description,Valid,0.0,Low,0.24,Core Commercial Product
16020C,CLEAR STATIONERY BOX SET,134.5,134.5,160,43,42,0.0,0,Commercial Description,Valid,0.0,Low,0.2808,Core Commercial Product
22879,NUMBER TILE VINTAGE FONT 0,134.39999999999998,134.4,82,21,21,0.0,0,Commercial Description,Valid,0.0,Low,0.2606,Core Commercial Product
35015,JACOBS LADDER SMALL,134.08000000000004,134.08,2072,41,41,0.0,0,Commercial Description,Valid,0.0,Low,0.4043,Core Commercial Product
84555A,YELLOW VW BEETLE CERAMIC MONEY BOX,133.85000000000002,133.85000000000002,47,19,18,0.0,0,Commercial Description,Valid,0.0,Low,0.2455,Core Commercial Product
35609A,PINK FEATHER CHRISTMAS DECORATION,133.23,133.23,447,26,26,0.0,0,Commercial Description,Valid,0.0,Low,0.3235,Core Commercial Product
46137D,GREEN CHENILLE SHAGGY RUG,132.75,132.75,45,5,5,0.0,0,Commercial Description,Valid,0.0,Low,0.2444,Core Commercial Product
90190B,GOLD/AMBER DROP EARRINGS W LEAF,132.58,132.58,45,16,16,0.0,0,Commercial Description,Valid,0.0,Low,0.2443,Core Commercial Product
90137,PINK COMBO MINI CRYSTALS NECKLACE,132.52,132.52,26,15,15,0.0,0,Commercial Description,Valid,0.0,Low,0.2326,Core Commercial Product
90022,EDWARDIAN DROP EARRINGS JET BLACK,151.09999999999997,132.35,40,37,34,-18.75,5,Commercial Description,Valid,0.1241,Moderate,0.2411,Monitor Return Risk
79191D,RETRO PLASTIC DAISY TRAY,143.87,132.01,138,58,58,-11.86,13,Commercial Description,Valid,0.0824,Moderate,0.2753,Monitor Return Risk
45013,FOLDING SHOE TIDY,132.0,132.0,48,10,10,0.0,0,Commercial Description,Valid,0.0,Low,0.2451,Core Commercial Product
47592B,SCOTTIES DESIGN CHILD'S OVERALL,131.9,131.9,67,31,31,0.0,0,Commercial Description,Valid,0.0,Low,0.2536,Core Commercial Product
90165B,WHITE ROSEBUD  PEARL EARRINGS,131.65,131.65,52,35,35,0.0,0,Commercial Description,Valid,0.0,Low,0.2472,Core Commercial Product
35933,PINK STOCKING CHRISTMAS DECORATION,131.38,131.38,319,31,31,0.0,0,Commercial Description,Valid,0.0,Low,0.3065,Core Commercial Product
90138,WHITE/PINK MINI CRYSTALS NECKLACE,131.15,131.15,25,18,17,0.0,0,Commercial Description,Valid,0.0,Low,0.231,Core Commercial Product
35980C,REDWHITE STRIPE SCANDINAVIAN HEART,147.64000000000001,130.92,377,34,34,-16.72,44,Commercial Description,Valid,0.1132,Moderate,0.3142,Monitor Return Risk
84656,WHITE ROSE C/COVER,130.9,130.9,22,15,15,0.0,0,Commercial Description,Valid,0.0,Low,0.2281,Core Commercial Product
22888,NUMBER TILE VINTAGE FONT 9,130.83,130.82999999999998,79,23,23,0.0,0,Commercial Description,Valid,0.0,Low,0.2573,Core Commercial Product
16119,FUNKY GIRL ADDRESS BOOK,130.71,130.71,273,9,9,0.0,0,Commercial Description,Valid,0.0,Low,0.2985,Core Commercial Product
72133,COLUMBIAN CANDLE RECTANGLE,130.13,130.13,115,34,31,0.0,0,Commercial Description,Valid,0.0,Low,0.2683,Core Commercial Product
84925E,FLOWERS WALL THERMOMETER,130.05,130.05,75,4,4,0.0,0,Commercial Description,Valid,0.0,Low,0.2551,Core Commercial Product
20899,VINTAGE NOTEBOOK RED ROSE,129.80000000000004,129.8,44,15,14,0.0,0,Commercial Description,Valid,0.0,Low,0.2417,Core Commercial Product
90190A,SILVER/CRYSTAL DROP EARRINGS W LEAF,129.59000000000003,129.59,44,31,31,0.0,0,Commercial Description,Valid,0.0,Low,0.2416,Core Commercial Product
37471,MULTICOLOUR DOTS PLATE,197.84999999999997,129.45,1405,13,13,-68.4,684,Commercial Description,Valid,0.3457,Very High,0.3792,High Return Risk
10080,GROOVY CACTUS INFLATABLE,129.29,129.29,315,31,30,0.0,0,Commercial Description,Valid,0.0,Low,0.3045,Core Commercial Product
85160a,WHITE BIRD GARDEN DESIGN MUG,129.04,129.04,8,3,3,0.0,0,Commercial Description,Valid,0.0,Low,0.2123,Core Commercial Product
84858A,NATURAL RIVIERA HANDBAG,128.83,128.83,53,11,11,0.0,0,Commercial Description,Valid,0.0,Low,0.246,Core Commercial Product
90181A,AMBER GLASS/SHELL/PEARL NECKLACE,128.64000000000001,128.64,14,14,14,0.0,0,Commercial Description,Valid,0.0,Low,0.2196,Core Commercial Product
84251G,"GREETING CARD, OVERCROWDED POOL.",128.40999999999997,128.41,473,92,91,0.0,0,Commercial Description,Valid,0.0,Low,0.3226,Core Commercial Product
90024D,NEW BAROQUE B'FLY NECKLACE PINK,127.5,127.5,15,13,13,0.0,0,Commercial Description,Valid,0.0,Low,0.2203,Core Commercial Product
84782B,BLACK 3 TIER GLASS PLATE STAND,127.5,127.5,10,7,7,0.0,0,Commercial Description,Valid,0.0,Low,0.2144,Core Commercial Product
85018C,S/6 PAPER BOXES CURIOUS IMAGES,127.2,127.2,36,9,8,0.0,0,Commercial Description,Valid,0.0,Low,0.2358,Core Commercial Product
16168S,FUNKY MONKEY GIFT BAG SMALL,126.83000000000001,126.83,1283,13,13,0.0,0,Commercial Description,Valid,0.0,Low,0.3736,Core Commercial Product
23303,SET 4 PICNIC CUTLERY FONDANT,126.75,126.75,65,6,6,0.0,0,Commercial Description,Valid,0.0,Low,0.2501,Core Commercial Product
84559D,3D SHEET OF SEA WORLD STICKERS,126.70999999999998,126.71,147,35,35,0.0,0,Commercial Description,Valid,0.0,Low,0.2741,Core Commercial Product
84367,LA STREGA CANVAS PICTURE,126.30000000000001,126.30000000000001,74,9,9,0.0,0,Commercial Description,Valid,0.0,Low,0.2527,Core Commercial Product
gift_0001_10,Dotcomgiftshop Gift Voucher £10.00,126.21,126.21,15,16,16,0.0,0,Commercial Description,Valid,0.0,Low,0.2195,Core Commercial Product
81950B,FLOWER BLUE CLOCK W/SUCKER,126.74000000000001,125.89,216,37,36,-0.85,1,Commercial Description,Valid,0.0067,Low,0.2864,Core Commercial Product
16053,POPART COL BALLPOINT PEN ASST,185.73000000000002,125.73,4313,13,13,-60.0,2000,Commercial Description,Valid,0.323,Very High,0.4331,High Return Risk
23578,SNACK TRAY RED GINGHAM,125.71999999999998,125.72,60,14,14,0.0,0,Commercial Description,Valid,0.0,Low,0.2474,Core Commercial Product
82607E,GLASS BONBON JAR. D'AMANDES,126.25,125.0,101,32,31,-1.25,1,Commercial Description,Valid,0.0099,Low,0.2609,Core Commercial Product
84614A,PINK BAROQUE FLOCK CANDLE HOLDER,136.73000000000002,124.83,19,13,12,-11.9,2,Commercial Description,Valid,0.087,Moderate,0.2221,Monitor Return Risk
90177D,DROP DIAMANTE EARRINGS PURPLE,141.68000000000004,123.98,48,28,26,-17.700000000000003,6,Commercial Description,Valid,0.1249,Moderate,0.2409,Monitor Return Risk
90162C,ANT SILVER FUSCHIA BOUDICCA RING,123.9,123.90000000000002,42,16,16,0.0,0,Commercial Description,Valid,0.0,Low,0.2376,Core Commercial Product
90202D,PINK ENAMEL FLOWER HAIR TIE,141.49,123.79,48,25,25,-17.700000000000003,6,Commercial Description,Valid,0.1251,Moderate,0.2407,Monitor Return Risk
17191A,ROSE FLOWER CANDLE+INCENSE 16X16CM,123.75,123.75,33,12,12,0.0,0,Commercial Description,Valid,0.0,Low,0.2326,Core Commercial Product
23477,WOODLAND LARGE BLUE FELT HEART,123.46999999999998,123.47,92,13,13,0.0,0,Commercial Description,Valid,0.0,Low,0.2568,Core Commercial Product
21228,"POCKET MIRROR ""GLAMOROUS""",122.57,122.57,97,34,33,0.0,0,Commercial Description,Valid,0.0,Low,0.2583,Core Commercial Product
79308B,MOSAIC CANDLE DISH BLUE PURPLE,122.4,122.4,144,4,4,0.0,0,Commercial Description,Valid,0.0,Low,0.2717,Core Commercial Product
90205C,LARGE CRYSTAL DIAMANTE HAIRSLIDE,122.31,122.31,78,24,24,0.0,0,Commercial Description,Valid,0.0,Low,0.2526,Core Commercial Product
35916A,YELLOW FELT HANGING HEART W FLOWER,121.99999999999999,121.99999999999999,135,47,45,0.0,0,Commercial Description,Valid,0.0,Low,0.2689,Core Commercial Product
44242B,PINK FEATHERS CURTAIN,121.53,121.53,109,9,9,0.0,0,Commercial Description,Valid,0.0,Low,0.262,Core Commercial Product
35916B,BLUE FELT HANGING HEART W FLOWER,121.32999999999998,121.33,133,48,47,0.0,0,Commercial Description,Valid,0.0,Low,0.2681,Core Commercial Product
23467,VINTAGE ZINC PLANTER,120.07999999999998,120.08,32,11,11,0.0,0,Commercial Description,Valid,0.0,Low,0.2307,Core Commercial Product
79532,MOSAIC GLASS BALL CANDLEHOLDER,121.25,120.0,97,20,20,-1.25,1,Commercial Description,Valid,0.0103,Low,0.2574,Core Commercial Product
90051,CRACKED GLAZE NECKLACE RED,119.89,119.89,17,13,11,0.0,0,Commercial Description,Valid,0.0,Low,0.2185,Core Commercial Product
84886,BLUE METAL WALL SHELF,119.39999999999999,119.39999999999999,12,12,12,0.0,0,Commercial Description,Valid,0.0,Low,0.2136,Core Commercial Product
84199,GLOW IN DARK DOLPHINS,121.08000000000001,118.56,554,75,72,-2.52,12,Commercial Description,Valid,0.0208,Low,0.3255,Core Commercial Product
35607A,PINK FLUFFY CHRISTMAS DECORATION,118.43000000000004,118.43,554,33,33,0.0,0,Commercial Description,Valid,0.0,Low,0.3254,Core Commercial Product
90101,WHITE FRANGIPANI NECKLACE,133.7,118.4,53,31,30,-15.3,6,Commercial Description,Valid,0.1144,Moderate,0.2416,Monitor Return Risk
20887,BOX OF 6 PEBBLE CANDLES,118.39,118.39,18,10,10,0.0,0,Commercial Description,Valid,0.0,Low,0.2186,Core Commercial Product
90139,FLOWER BROOCH 4 ASSORTED COLOURS,118.24000000000001,118.24000000000001,23,20,20,0.0,0,Commercial Description,Valid,0.0,Low,0.223,Core Commercial Product
84510E,SET OF 4 GREEN CAROUSEL COASTERS,117.77,117.77,148,28,28,0.0,0,Commercial Description,Valid,0.0,Low,0.2707,Core Commercial Product
85190,PINK FLOWER HANGING HEART,122.46,117.36,138,19,19,-5.1,6,Commercial Description,Valid,0.0416,Low,0.2682,Core Commercial Product
35824C,"HANGING FLOWERS+MIRROR,CLEAR",117.05,117.05,235,9,9,0.0,0,Commercial Description,Valid,0.0,Low,0.2861,Core Commercial Product
90002C,FLOWER BURST SILVER RING MIDN'T BLU,124.38,116.88,33,23,23,-7.5,2,Commercial Description,Valid,0.0603,Moderate,0.2299,Monitor Return Risk
71495B,CD WALL TIDY RED FLOWERS,116.61,116.61000000000001,306,19,18,0.0,0,Commercial Description,Valid,0.0,Low,0.2975,Core Commercial Product
16206B,RED PURSE WITH PINK HEART,116.4,116.4,96,17,17,0.0,0,Commercial Description,Valid,0.0,Low,0.2552,Core Commercial Product
90108,BLUE BLOSSOM HAIR CLIP,125.82999999999998,115.33,109,23,23,-10.5,10,Commercial Description,Valid,0.0834,Moderate,0.2597,Monitor Return Risk
90071,RUBY GLASS CLUSTER EARRINGS,115.29,115.28999999999999,92,76,73,0.0,0,Commercial Description,Valid,0.0,Low,0.2538,Core Commercial Product
20848,ZINC HEART LATTICE CHARGER SMALL,115.05000000000001,115.05000000000001,39,13,13,0.0,0,Commercial Description,Valid,0.0,Low,0.2321,Core Commercial Product
20896,VINTAGE NOTEBOOK PINK FLOWER,115.05000000000003,115.05000000000001,39,17,16,0.0,0,Commercial Description,Valid,0.0,Low,0.2321,Core Commercial Product
84288B,SET/2 BLUE  NOODLE BASKETS,118.94999999999999,115.05,61,28,28,-3.9,2,Commercial Description,Valid,0.0328,Low,0.2434,Core Commercial Product
84462,3 PINK HEN+CHICKS IN BASKET,114.86,114.86,100,14,14,0.0,0,Commercial Description,Valid,0.0,Low,0.256,Core Commercial Product
84765,SILVER ROCOCO CANDELABRA,140.23,114.72999999999999,9,9,9,-25.5,2,Commercial Description,Valid,0.1818,High,0.2072,High Return Risk
23185,FRENCH STYLE STORAGE JAR JAM,114.84999999999997,114.55999999999999,317,32,31,-0.29,1,Commercial Description,Valid,0.0025,Low,0.2982,Core Commercial Product
20698,LITTLE PINK MONSTER SOFT TOY,114.44999999999996,114.44999999999999,47,23,22,0.0,0,Commercial Description,Valid,0.0,Low,0.2358,Core Commercial Product
23151,ZINC SWEETHEART SOAP DISH,114.33,114.33000000000001,61,21,21,0.0,0,Commercial Description,Valid,0.0,Low,0.2428,Core Commercial Product
90018C,SILVER BLACK ORBIT DROP EARRINGS,118.51000000000002,114.26,28,22,22,-4.25,1,Commercial Description,Valid,0.0359,Low,0.2246,Core Commercial Product
17090D,VANILLA INCENSE 40 CONES IN TIN,113.95,113.95,95,33,29,0.0,0,Commercial Description,Valid,0.0,Low,0.2533,Core Commercial Product
21089,SET/6 GREEN SPRING PAPER CUPS,113.83999999999999,113.84,325,42,41,0.0,0,Commercial Description,Valid,0.0,Low,0.2989,Core Commercial Product
90030A,SPOTTED WHITE NATURAL SEED NECKLACE,113.76,113.76,79,10,10,0.0,0,Commercial Description,Valid,0.0,Low,0.2488,Core Commercial Product
84705B,FAIRY CAKES PHOTO FRAME,113.27,113.27,84,4,4,0.0,0,Commercial Description,Valid,0.0,Low,0.2505,Core Commercial Product
84249A,"GREETING CARD,SQUARE, DOUGHNUTS",113.22,113.22,252,36,36,0.0,0,Commercial Description,Valid,0.0,Low,0.2865,Core Commercial Product
90179C,BLACK FINE BEAD NECKLACE W TASSEL,118.73,112.78,20,18,17,-5.95,1,Commercial Description,Valid,0.0501,Moderate,0.2174,Monitor Return Risk
16043,POP ART PUSH DOWN RUBBER,180.29999999999998,112.62,2145,17,17,-67.68,984,Commercial Description,Valid,0.3754,Very High,0.3951,High Return Risk
44236,PINK/PURPLE CIRCLE CURTAIN,112.32000000000001,112.32000000000001,64,15,14,0.0,0,Commercial Description,Valid,0.0,Low,0.2426,Core Commercial Product
71510,SQUARE METAL CANDLEHOLDER BASE,112.04999999999998,112.05,177,17,17,0.0,0,Commercial Description,Valid,0.0,Low,0.2731,Core Commercial Product
90104,PURPLE FRANGIPANI HAIRCLIP,111.42999999999996,111.42999999999999,133,55,52,0.0,0,Commercial Description,Valid,0.0,Low,0.2633,Core Commercial Product
35966,FOLKART CHRISTMAS TREE T-LIGHT HOLD,111.34,111.34,255,30,30,0.0,0,Commercial Description,Valid,0.0,Low,0.2864,Core Commercial Product
90103,PURPLE FRANGIPANI NECKLACE,110.85,110.85,44,30,30,0.0,0,Commercial Description,Valid,0.0,Low,0.2326,Core Commercial Product
90141A,GREEN PENDANT TRIPLE SHELL NECKLACE,110.46000000000001,110.46000000000001,21,18,17,0.0,0,Commercial Description,Valid,0.0,Low,0.2174,Core Commercial Product
82069,BEECH WOOD P/FRAME,109.85,109.85,17,12,12,0.0,0,Commercial Description,Valid,0.0,Low,0.2136,Core Commercial Product
90048,GREEN WITH METAL BAG CHARM,158.89,109.39,31,9,9,-49.5,10,Commercial Description,Valid,0.3115,Very High,0.2248,High Return Risk
85185F,LION SOCK PUPPET,109.15000000000002,109.15,37,23,22,0.0,0,Commercial Description,Valid,0.0,Low,0.228,Core Commercial Product
90003E,GREEN PAIR HEART HAIR SLIDES,124.12000000000002,109.12,33,24,23,-15.0,4,Commercial Description,Valid,0.1209,Moderate,0.226,Monitor Return Risk
90168,2 DAISIES HAIR COMB,126.72000000000003,109.02000000000001,43,26,25,-17.700000000000003,6,Commercial Description,Valid,0.1397,Moderate,0.2313,Monitor Return Risk
20667,CHERRY BLOSSOM PURSE,108.69,108.69,40,24,24,0.0,0,Commercial Description,Valid,0.0,Low,0.2293,Core Commercial Product
35610A,PINK CHRISTMAS FLOCK DROPLET,107.94000000000001,107.94,144,14,13,0.0,0,Commercial Description,Valid,0.0,Low,0.2651,Core Commercial Product
72753C,S/3 FLWR FAIRY ROSE CANDLES,107.68,107.68,43,8,8,0.0,0,Commercial Description,Valid,0.0,Low,0.2309,Core Commercial Product
84751B,BLACK MEDIUM GLASS CAKE STAND,115.86,107.57,38,24,23,-8.29,3,Commercial Description,Valid,0.0716,Moderate,0.2277,Monitor Return Risk
84539,KNITTED RABBIT DOLL,107.25,107.25,65,14,12,0.0,0,Commercial Description,Valid,0.0,Low,0.2411,Core Commercial Product
23626,SET 10 CARDS DINKY TREE 17076,107.07000000000002,107.07000000000001,43,16,16,0.0,0,Commercial Description,Valid,0.0,Low,0.2305,Core Commercial Product
84562B,BLUE/WHITE RIBBED MELAMINE JUG,106.59,106.59,10,8,8,0.0,0,Commercial Description,Valid,0.0,Low,0.2047,Core Commercial Product
35096B,RED VICTORIAN FABRIC HEART BOX,106.49000000000001,106.49000000000001,293,26,26,0.0,0,Commercial Description,Valid,0.0,Low,0.2904,Core Commercial Product
90165A,PINK ROSEBUD PEARL EARRINGS,106.49000000000001,106.49,42,27,27,0.0,0,Commercial Description,Valid,0.0,Low,0.2294,Core Commercial Product
35840,FLAT GLASS  BAUBLE WHITE FLOCK,107.13,106.28,45,13,13,-0.85,1,Commercial Description,Valid,0.0079,Low,0.2311,Core Commercial Product
72038P,PRICE'S CANDLE PEACH,116.5,106.0,1050,11,11,-10.5,50,Commercial Description,Valid,0.0901,Moderate,0.352,Monitor Return Risk
22987,"WRAP , SUMMER ROSE DESIGN",105.84,105.84,252,11,11,0.0,0,Commercial Description,Valid,0.0,Low,0.2832,Core Commercial Product
84867A,PINK BABY GIRLS PHOTO ALBUM,105.82000000000001,105.82000000000001,16,5,5,0.0,0,Commercial Description,Valid,0.0,Low,0.2107,Core Commercial Product
84458,S/3 RABBIT FLOWER/EGG/CARROT ROPE,105.39999999999999,105.39999999999999,124,22,22,0.0,0,Commercial Description,Valid,0.0,Low,0.2587,Core Commercial Product
84921,CREAM AND PINK FLOWERS PONY,105.0,105.0,28,20,19,0.0,0,Commercial Description,Valid,0.0,Low,0.2202,Core Commercial Product
16169D,WRAP WINTER FOREST,105.0,105.0,250,11,11,0.0,0,Commercial Description,Valid,0.0,Low,0.2821,Core Commercial Product
90079,VINTAGE ENAMEL & CRYSTAL NECKLACE,104.77000000000001,104.77,21,13,13,0.0,0,Commercial Description,Valid,0.0,Low,0.2145,Core Commercial Product
21118,SHOPPING BAG DOORSTOP,104.25,104.25,69,8,8,0.0,0,Commercial Description,Valid,0.0,Low,0.2406,Core Commercial Product
21337,SILVER WASHBAG,103.53000000000002,103.53000000000002,33,13,13,0.0,0,Commercial Description,Valid,0.0,Low,0.2233,Core Commercial Product
35910A,MULTICOLOUR EASTER RABBIT,103.35000000000001,103.35,53,13,13,0.0,0,Commercial Description,Valid,0.0,Low,0.2341,Core Commercial Product
90024C,NEW BAROQUE B'FLY NECKLACE GREEN,101.97,101.97,12,11,10,0.0,0,Commercial Description,Valid,0.0,Low,0.2056,Core Commercial Product
20697,LITTLE GREEN MONSTER SOFT TOY,101.69999999999996,101.69999999999999,42,23,21,0.0,0,Commercial Description,Valid,0.0,Low,0.2277,Core Commercial Product
90125C,TURQUOISE BERTIE GLASS BEAD CHARM,101.35,101.35,92,10,10,0.0,0,Commercial Description,Valid,0.0,Low,0.2472,Core Commercial Product
72369A,PINK CLEAR GLASS CANDLE PLATE,101.28999999999999,101.28999999999999,67,15,14,0.0,0,Commercial Description,Valid,0.0,Low,0.2392,Core Commercial Product
16248B,BLUE HOLE PUNCH,101.25,101.25,81,14,14,0.0,0,Commercial Description,Valid,0.0,Low,0.2443,Core Commercial Product
17084J,LOVE POTION MASALA INCENSE,101.01,101.01,481,22,21,0.0,0,Commercial Description,Valid,0.0,Low,0.3113,Core Commercial Product
85050,FRENCH ENAMEL SOAP DISH WITH LID,100.8,100.8,48,3,3,0.0,0,Commercial Description,Valid,0.0,Low,0.2302,Core Commercial Product
84968d,S/16 VINTAGE RED CUTLERY,100.37,100.37,4,4,4,0.0,0,Commercial Description,Valid,0.0,Low,0.1927,Core Commercial Product
75172,PAINTED SEA SHELL METAL WINDCHIME,100.31,100.31,97,12,12,0.0,0,Commercial Description,Valid,0.0,Low,0.248,Core Commercial Product
90177C,DROP DIAMANTE EARRINGS CRYSTAL,117.90000000000003,100.2,40,28,25,-17.700000000000003,6,Commercial Description,Valid,0.1501,High,0.2255,High Return Risk
78027,SEAGRASS S/2 CORNER LAUNDRY,100.15,100.15,6,7,7,0.0,0,Commercial Description,Valid,0.0,Low,0.196,Core Commercial Product
23611,SET 10 CARDS RED RIDING HOOD 17214,99.60000000000001,99.60000000000001,40,16,16,0.0,0,Commercial Description,Valid,0.0,Low,0.2252,Core Commercial Product
10123G,ARMY CAMO WRAPPING TAPE,165.56,99.32,2251,21,20,-66.24,1104,Commercial Description,Valid,0.4001,Very High,0.3925,High Return Risk
23464,VINTAGE ZINC WATERING CAN SMALL,99.2,99.2,18,8,8,0.0,0,Commercial Description,Valid,0.0,Low,0.2094,Core Commercial Product
84559a,3D SHEET OF DOG STICKERS,99.08,99.08,59,42,40,0.0,0,Commercial Description,Valid,0.0,Low,0.2348,Core Commercial Product
21266,VINTAGE SILVER TINSEL REEL,98.9,98.9,23,10,10,0.0,0,Commercial Description,Valid,0.0,Low,0.2136,Core Commercial Product
20861,GOLD COSMETIC BAG PINK STAR,98.69999999999999,98.7,47,20,18,0.0,0,Commercial Description,Valid,0.0,Low,0.2283,Core Commercial Product
90059D,DIAMANTE HAIR GRIP PACK/2 PERIDOT,108.42999999999999,98.53,65,42,41,-9.9,6,Commercial Description,Valid,0.0913,Moderate,0.2367,Monitor Return Risk
90163B,WHITE ROSEBUD & PEARL NECKLACE,98.45,98.45,13,9,9,0.0,0,Commercial Description,Valid,0.0,Low,0.2041,Core Commercial Product
90174,BUTTERFLY HAIR BAND,128.66,98.06,51,35,34,-30.6,12,Commercial Description,Valid,0.2378,High,0.2302,High Return Risk
20835,FRENCH LATTICE CUSHION COVER,98.04000000000002,98.04,81,11,10,0.0,0,Commercial Description,Valid,0.0,Low,0.2422,Core Commercial Product
90214R,"LETTER ""R"" BLING KEY RING",97.98,97.97999999999999,96,53,50,0.0,0,Commercial Description,Valid,0.0,Low,0.2458,Core Commercial Product
84705D,CHERRY BLOSSOM PHOTO FRAME,97.89999999999998,97.9,22,16,15,0.0,0,Commercial Description,Valid,0.0,Low,0.2119,Core Commercial Product
84613A,PINK NEW BAROQUE FLOCK CANDLESTICK,102.30000000000001,97.65,22,13,13,-4.65,1,Commercial Description,Valid,0.0455,Low,0.2117,Core Commercial Product
90150,BLUE SHELL+SILVER NECKLACE,97.5,97.5,13,8,8,0.0,0,Commercial Description,Valid,0.0,Low,0.2033,Core Commercial Product
16161G,WRAP BAD HAIR DAY,97.5,97.5,975,33,33,0.0,0,Commercial Description,Valid,0.0,Low,0.3427,Core Commercial Product
84679,CLASSICAL ROSE TABLE LAMP,103.3,97.35,14,5,5,-5.95,1,Commercial Description,Valid,0.0576,Moderate,0.2043,Monitor Return Risk
90067A,PINK VINTAGE VICTORIAN EARRINGS,97.24000000000001,97.24000000000001,33,16,16,0.0,0,Commercial Description,Valid,0.0,Low,0.2195,Core Commercial Product
17007B,S/3 POT POURI CUSHIONS BLUE COLOURS,96.60000000000001,96.60000000000001,46,9,7,0.0,0,Commercial Description,Valid,0.0,Low,0.2263,Core Commercial Product
84465,15 PINK FLUFFY CHICKS IN BOX,96.51000000000003,96.51,32,24,24,0.0,0,Commercial Description,Valid,0.0,Low,0.2185,Core Commercial Product
85132b,CHARLIE AND LOLA TABLE TINS,95.83999999999997,95.83999999999999,10,10,10,0.0,0,Commercial Description,Valid,0.0,Low,0.1989,Core Commercial Product
72821,CUPID SCENTED CANDLE IN GLASS,100.64999999999999,95.7,61,18,17,-4.949999999999999,3,Commercial Description,Valid,0.0492,Low,0.2334,Core Commercial Product
71406C,BLACK ORANGE SQUEEZER,95.37999999999998,95.38,223,37,35,0.0,0,Commercial Description,Valid,0.0,Low,0.273,Core Commercial Product
84967A,PINK KASHMIRI OCCASIONAL TABLE,174.9,94.95,3,5,5,-79.95,1,Commercial Description,Valid,0.4571,Very High,0.1871,High Return Risk
72606A,BROWN ANTIQUE CUBE CANDLE,94.92000000000002,94.92,226,20,20,0.0,0,Commercial Description,Valid,0.0,Low,0.2733,Core Commercial Product
21595,Dad's Cab Electronic Meter,93.89,93.89,11,13,10,0.0,0,Commercial Description,Valid,0.0,Low,0.1999,Core Commercial Product
90089,PINK CRYSTAL SKULL PHONE CHARM,93.55999999999999,93.55999999999999,105,27,26,0.0,0,Commercial Description,Valid,0.0,Low,0.2471,Core Commercial Product
90026A,GLASS BEAD HOOP NECKLACE BLACK,93.47,93.47,11,10,10,0.0,0,Commercial Description,Valid,0.0,Low,0.1996,Core Commercial Product
90214D,"LETTER ""D"" BLING KEY RING",93.37,93.37,103,53,50,0.0,0,Commercial Description,Valid,0.0,Low,0.2463,Core Commercial Product
35594,WOODEN CHRISTMAS TREE 3 HANGING,103.06000000000002,92.98,165,42,42,-10.08,24,Commercial Description,Valid,0.0978,Moderate,0.261,Monitor Return Risk
84575A,PINK DOG CANNISTER,98.80000000000001,92.85,24,15,15,-5.95,1,Commercial Description,Valid,0.0602,Moderate,0.2113,Monitor Return Risk
17084A,TRANQUILITY MASALA INCENSE,92.82,92.82,442,19,19,0.0,0,Commercial Description,Valid,0.0,Low,0.3025,Core Commercial Product
35913B,WHITE/PINK CHICK EASTER DECORATION,92.39000000000001,92.39,100,23,21,0.0,0,Commercial Description,Valid,0.0,Low,0.2447,Core Commercial Product
90075,MONTANA DIAMOND CLUSTER NECKLACE,92.17999999999999,92.17999999999999,10,8,8,0.0,0,Commercial Description,Valid,0.0,Low,0.1972,Core Commercial Product
84753A,PINK EAU DE COLOGNE BOTTLE,92.16999999999999,92.16999999999999,97,26,26,0.0,0,Commercial Description,Valid,0.0,Low,0.2433,Core Commercial Product
90118,PINK DAISY BAG CHARM,107.38999999999999,92.08999999999999,42,30,30,-15.3,6,Commercial Description,Valid,0.1425,Moderate,0.2219,Monitor Return Risk
90177B,DROP DIAMANTE EARRINGS BLACK DIAMON,91.38000000000001,91.38000000000001,31,19,19,0.0,0,Commercial Description,Valid,0.0,Low,0.2156,Core Commercial Product
90112,PINK DOLLY HAIR CLIPS,91.24999999999999,91.25,84,24,23,0.0,0,Commercial Description,Valid,0.0,Low,0.2397,Core Commercial Product
90169,DAISY HAIR COMB,106.49000000000001,91.19,42,26,24,-15.3,6,Commercial Description,Valid,0.1437,Moderate,0.2215,Monitor Return Risk
84437A,S/6 PINK EASTER DECS IN BOX,90.94999999999999,90.94999999999999,106,22,20,0.0,0,Commercial Description,Valid,0.0,Low,0.2458,Core Commercial Product
90039C,FIRE POLISHED GLASS BRACELET BLACK,90.46000000000001,90.46000000000001,24,13,12,0.0,0,Commercial Description,Valid,0.0,Low,0.21,Core Commercial Product
72783,BLACK SIL'T SQU CANDLE PLATE,90.30000000000001,90.30000000000001,43,9,9,0.0,0,Commercial Description,Valid,0.0,Low,0.2218,Core Commercial Product
23574,PACKING CHARGE,105.0,90.0,14,17,17,-15.0,2,Commercial Description,Valid,0.1429,Moderate,0.2008,Monitor Return Risk
20816,GOLD FLOWER CUSHION COVER,123.60000000000001,89.85,24,9,9,-33.75,5,Commercial Description,Valid,0.2731,High,0.2096,High Return Risk
35271S,GOLD PRINT PAPER BAG,89.58,89.58,439,25,23,0.0,0,Commercial Description,Valid,0.0,Low,0.3005,Core Commercial Product
79026B,"S/4 ICON COASTER,ELVIS LIVES",89.25,89.25,69,39,39,0.0,0,Commercial Description,Valid,0.0,Low,0.233,Core Commercial Product
90001D,ANTIQUE OLIVE GREEN FLOWER EARRINGS,89.2,89.2,21,12,11,0.0,0,Commercial Description,Valid,0.0,Low,0.2066,Core Commercial Product
47598,NEW ENGLAND EGG WARMER,89.12,89.12,138,36,36,0.0,0,Commercial Description,Valid,0.0,Low,0.2535,Core Commercial Product
20660,VIP LUGGAGE TAG,88.75,88.75,71,29,28,0.0,0,Commercial Description,Valid,0.0,Low,0.2331,Core Commercial Product
90162D,ANT SILVER PURPLE BOUDICCA RING,88.5,88.50000000000001,30,16,14,0.0,0,Commercial Description,Valid,0.0,Low,0.2132,Core Commercial Product
90162A,ANT SILVER TURQUOISE BOUDICCA RING,88.50000000000001,88.5,30,13,13,0.0,0,Commercial Description,Valid,0.0,Low,0.213,Core Commercial Product
35638A,PINK AND BLACK STRING CURTAIN,88.05,88.04999999999998,39,7,7,0.0,0,Commercial Description,Valid,0.0,Low,0.2179,Core Commercial Product
84596e,SMALL LICORICE DES PINK BOWL,87.85,87.85,35,22,17,0.0,0,Commercial Description,Valid,0.0,Low,0.2158,Core Commercial Product
90214G,"LETTER ""G"" BLING KEY RING",96.58000000000001,87.83,104,53,50,-8.75,7,Commercial Description,Valid,0.0906,Moderate,0.2432,Monitor Return Risk
84721,MANHATTAN CANVAS ART PICTURE,87.8,87.8,20,3,3,0.0,0,Commercial Description,Valid,0.0,Low,0.2046,Core Commercial Product
71495A,CD WALL TIDY BLUE OFFICE,87.96,87.53999999999999,225,21,21,-0.42,1,Commercial Description,Valid,0.0048,Low,0.2689,Core Commercial Product
84415B,BLUE FLOCK CUSHION COVER,87.5,87.5,26,10,9,0.0,0,Commercial Description,Valid,0.0,Low,0.2094,Core Commercial Product
84891B,GREEN WIRE GOBLET CANDLEHOLDER,87.45,87.45,11,8,8,0.0,0,Commercial Description,Valid,0.0,Low,0.1956,Core Commercial Product
84388,WISE MAN STAR SHAPE EGG PAN,90.69,87.39,71,27,25,-3.3,2,Commercial Description,Valid,0.0364,Low,0.2318,Core Commercial Product
35822B,"ACRYLIC BEAD CHAIN, BLUE",87.02,87.02,229,2,2,0.0,0,Commercial Description,Valid,0.0,Low,0.2691,Core Commercial Product
37462B,"PET MUG, BUDGIE",87.28,86.86,170,35,35,-0.42,1,Commercial Description,Valid,0.0048,Low,0.2583,Core Commercial Product
23614,SET 10 CARDS 12 DAYS WRAP  17058,86.58,86.58,26,11,11,0.0,0,Commercial Description,Valid,0.0,Low,0.2087,Core Commercial Product
84424A,FOUR PICTURE WHITE GLASS FRAME,86.25,86.25,23,14,14,0.0,0,Commercial Description,Valid,0.0,Low,0.2061,Core Commercial Product
90012B,BLACK DROP CRYSTAL NECKLACE,85.9,85.9,17,7,7,0.0,0,Commercial Description,Valid,0.0,Low,0.2007,Core Commercial Product
84454,WOBBLING METAL CHICKEN EASTER,85.53,85.53,93,20,20,0.0,0,Commercial Description,Valid,0.0,Low,0.238,Core Commercial Product
85099c,JUMBO  BAG BAROQUE BLACK WHITE,85.17,85.17,17,10,10,0.0,0,Commercial Description,Valid,0.0,Low,0.2004,Core Commercial Product
90059E,DIAMANTE HAIR GRIP PACK/2 RUBY,94.95,85.05,57,36,34,-9.9,6,Commercial Description,Valid,0.1043,Moderate,0.2257,Monitor Return Risk
35838B,S/6 SILVER ORNAMENETAL CANDLE,85.0,85.0,100,27,25,0.0,0,Commercial Description,Valid,0.0,Low,0.24,Core Commercial Product
90026D,GLASS BEAD HOOP NECKLACE AMETHYST,85.0,85.0,10,9,9,0.0,0,Commercial Description,Valid,0.0,Low,0.1927,Core Commercial Product
90183B,AMETHYST DROP EARRINGS W LONG BEADS,84.89,84.89,29,25,24,0.0,0,Commercial Description,Valid,0.0,Low,0.2098,Core Commercial Product
17027A,INCENSE BAZAAR CANNABIS,84.84,84.84,228,4,4,0.0,0,Commercial Description,Valid,0.0,Low,0.2675,Core Commercial Product
46775B,BERRIES CHUNKY KNITTED THROW,84.75,84.75,5,5,5,0.0,0,Commercial Description,Valid,0.0,Low,0.1849,Core Commercial Product
16051,TEATIME PENCIL W STAMP ASST,84.69,84.69,941,6,6,0.0,0,Commercial Description,Valid,0.0,Low,0.3327,Core Commercial Product
81952B,ROUND BLUE CLOCK W/SUCKER,84.56,84.56,254,21,21,0.0,0,Commercial Description,Valid,0.0,Low,0.2715,Core Commercial Product
84450B,YELLOW RABBIT SAT EASTER,84.55,84.55,139,36,36,0.0,0,Commercial Description,Valid,0.0,Low,0.2502,Core Commercial Product
84251B,"GREETING CARD, STICKY GORDON",86.54,84.25999999999999,321,65,63,-2.28,12,Commercial Description,Valid,0.0263,Low,0.2818,Core Commercial Product
84251F,"GREETING CARD, RITA",83.97,83.97,341,54,54,0.0,0,Commercial Description,Valid,0.0,Low,0.2849,Core Commercial Product
90141C,TURQ PENDANT TRIPLE SHELL NECKLACE,83.69000000000003,83.69,16,13,13,0.0,0,Commercial Description,Valid,0.0,Low,0.1981,Core Commercial Product
22016,Dotcomgiftshop Gift Voucher £100.00,83.33,83.33,1,3,3,0.0,0,Commercial Description,Valid,0.0,Low,0.1726,Core Commercial Product
23442,12 HANGING EGGS HAND PAINTED,83.2,83.2,40,8,7,0.0,0,Commercial Description,Valid,0.0,Low,0.2149,Core Commercial Product
90039B,FIRE POLISHED GLASS BRACELET MONTAN,82.80000000000001,82.8,22,12,11,0.0,0,Commercial Description,Valid,0.0,Low,0.2029,Core Commercial Product
90002B,FLOWER BURST SILVER RING ROSE,82.74000000000001,82.74,22,11,11,0.0,0,Commercial Description,Valid,0.0,Low,0.2028,Core Commercial Product
90189A,SILVER 2 STRAND NECKLACE-LEAF CHARM,82.64,82.64,11,8,8,0.0,0,Commercial Description,Valid,0.0,Low,0.1923,Core Commercial Product
90130A,WHITE STONE/CRYSTAL EARRINGS,82.51,82.51,28,16,16,0.0,0,Commercial Description,Valid,0.0,Low,0.2072,Core Commercial Product
90069,RUBY GLASS CLUSTER NECKLACE,82.5,82.5,11,5,5,0.0,0,Commercial Description,Valid,0.0,Low,0.1921,Core Commercial Product
21699,SET 5 MINI CHOCOLATE FRIDGE MAGNETS,82.44,82.44,108,4,4,0.0,0,Commercial Description,Valid,0.0,Low,0.2402,Core Commercial Product
90214H,"LETTER ""H"" BLING KEY RING",81.96000000000001,81.96,88,58,53,0.0,0,Commercial Description,Valid,0.0,Low,0.234,Core Commercial Product
35610C,WHITE CHRISTMAS FLOCK DROPLET,81.56,81.56,94,9,9,0.0,0,Commercial Description,Valid,0.0,Low,0.2352,Core Commercial Product
72779,SET/6 BLACK ROSE T-LIGHT CANDLES,81.12,81.12,48,15,15,0.0,0,Commercial Description,Valid,0.0,Low,0.2181,Core Commercial Product
16201B,PASTEL BLUE PHOTO ALBUM,81.10000000000001,81.1,34,6,6,0.0,0,Commercial Description,Valid,0.0,Low,0.2106,Core Commercial Product
84596I,WRAP SWEETS LIGHT PINK SMALL BOWL,80.62,80.62,72,12,11,0.0,0,Commercial Description,Valid,0.0,Low,0.228,Core Commercial Product
17011E,ORIGAMI OPIUM SCENT INCENSE+FLOWER,80.60000000000001,80.60000000000001,124,2,2,0.0,0,Commercial Description,Valid,0.0,Low,0.2445,Core Commercial Product
DCGS0069,OOH LA LA DOGS COLLAR,80.31,80.31,5,6,6,0.0,0,Commercial Description,Valid,0.0,Low,0.1821,Core Commercial Product
35265,COLOURFUL FLOWER FRUIT BOWL,80.0,80.0,21,17,17,0.0,0,Commercial Description,Valid,0.0,Low,0.2004,Core Commercial Product
90206A,GOLD DIAMANTE STAR BROOCH,79.60000000000001,79.6,16,12,12,0.0,0,Commercial Description,Valid,0.0,Low,0.1959,Core Commercial Product
90049,IVORY GOLD METAL BAG CHARM,114.24000000000001,79.59,20,7,7,-34.65,7,Commercial Description,Valid,0.3033,Very High,0.1992,High Return Risk
90125B,AQUA BERTIE GLASS BEAD BAG CHARM,79.57,79.57,44,17,17,0.0,0,Commercial Description,Valid,0.0,Low,0.2151,Core Commercial Product
84795E,RIO PINK STRIPE HAMMOCK,79.5,79.5,10,8,7,0.0,0,Commercial Description,Valid,0.0,Low,0.1888,Core Commercial Product
84548,CROCHET BEAR RED/BLUE  KEYRING,79.19999999999999,79.2,48,17,16,0.0,0,Commercial Description,Valid,0.0,Low,0.2168,Core Commercial Product
90038B,GLASS AND PAINTED BEADS BRACELET OL,79.19000000000001,79.19,21,14,14,0.0,0,Commercial Description,Valid,0.0,Low,0.1996,Core Commercial Product
90064A,WHITE VINTAGE CRYSTAL EARRINGS,79.14000000000001,79.14,20,12,12,0.0,0,Commercial Description,Valid,0.0,Low,0.1985,Core Commercial Product
90214N,"LETTER ""N"" BLING KEY RING",78.95,78.95,81,46,43,0.0,0,Commercial Description,Valid,0.0,Low,0.2302,Core Commercial Product
72709,IVORY SCULPTED RND CANDLE,78.19999999999999,78.19999999999999,92,17,15,0.0,0,Commercial Description,Valid,0.0,Low,0.2327,Core Commercial Product
35931,PINK STAR CHRISTMAS DECORATION,78.12,78.11999999999999,156,15,15,0.0,0,Commercial Description,Valid,0.0,Low,0.2497,Core Commercial Product
84455,SET OF 3 RABBIT CARROTS EASTER,77.96,77.96,85,21,21,0.0,0,Commercial Description,Valid,0.0,Low,0.231,Core Commercial Product
90060D,FIRE POLISHED GLASS NECKL BRONZE,77.35000000000001,77.35,13,11,10,0.0,0,Commercial Description,Valid,0.0,Low,0.1913,Core Commercial Product
90214B,"LETTER ""B"" BLING KEY RING",76.98,76.98,80,43,40,0.0,0,Commercial Description,Valid,0.0,Low,0.2291,Core Commercial Product
90202C,GREEN ENAMEL FLOWER HAIR TIE,94.42000000000002,76.72,32,27,26,-17.700000000000003,6,Commercial Description,Valid,0.1875,High,0.2069,High Return Risk
84247H,PACK/12 DECOUPAGE CARD,109.13000000000002,76.68,42,23,23,-32.45,11,Commercial Description,Valid,0.2974,High,0.2123,High Return Risk
84251C,"GREETING CARD, TWO SISTERS.",76.67999999999998,76.67999999999999,247,55,55,0.0,0,Commercial Description,Valid,0.0,Low,0.2651,Core Commercial Product
84425A,WHITE GLASS TV TRIPLE FRAME,76.6,76.6,18,12,12,0.0,0,Commercial Description,Valid,0.0,Low,0.1953,Core Commercial Product
90130C,GREEN STONE/CRYSTAL EARRINGS,76.58000000000001,76.58,26,25,24,0.0,0,Commercial Description,Valid,0.0,Low,0.2021,Core Commercial Product
90100,NECKLACE+BRACELET SET PINK DAISY,76.49999999999999,76.5,30,14,14,0.0,0,Commercial Description,Valid,0.0,Low,0.2049,Core Commercial Product
90020,FILIGREE DIAMANTE CHAIN,76.23,76.23,6,4,4,0.0,0,Commercial Description,Valid,0.0,Low,0.1811,Core Commercial Product
35815P,"ACRYLIC JEWEL SNOWFLAKE, PINK",75.88,75.88,168,10,10,0.0,0,Commercial Description,Valid,0.0,Low,0.2507,Core Commercial Product
90140,PINK SWEETIE NECKLACE,75.53999999999999,75.54,10,8,7,0.0,0,Commercial Description,Valid,0.0,Low,0.1864,Core Commercial Product
90176D,DIAMANTE NECKLACE PURPLE,82.81,75.31,11,8,8,-7.5,1,Commercial Description,Valid,0.0906,Moderate,0.1879,Monitor Return Risk
90064B,BLACK VINTAGE  CRYSTAL EARRINGS,78.75,75.0,21,13,13,-3.75,1,Commercial Description,Valid,0.0476,Low,0.1971,Core Commercial Product
16161E,WRAP BOUDOIR,75.0,75.0,750,10,10,0.0,0,Commercial Description,Valid,0.0,Low,0.3158,Core Commercial Product
37399,"ASS RETROSPOOF MUGS,SPORTS",75.0,75.0,143,7,7,0.0,0,Commercial Description,Valid,0.0,Low,0.2454,Core Commercial Product
72802a,ROSE SCENT CANDLE IN JEWELLED BOX,74.97,74.97,9,4,4,0.0,0,Commercial Description,Valid,0.0,Low,0.1843,Core Commercial Product
72807a,SET/3 ROSE CANDLE IN JEWELLED BOX,74.78999999999999,74.78999999999999,9,6,6,0.0,0,Commercial Description,Valid,0.0,Low,0.1842,Core Commercial Product
84757,ENCHANTED GARDEN WROUGHT IRON TABLE,74.75,74.75,5,6,6,0.0,0,Commercial Description,Valid,0.0,Low,0.1781,Core Commercial Product
21267,VINTAGE PINK TINSEL REEL,74.6,74.6,24,11,11,0.0,0,Commercial Description,Valid,0.0,Low,0.199,Core Commercial Product
90012A,MIDNIGHT BLUE DROP CRYSTAL NECKLACE,74.38,74.38,13,8,8,0.0,0,Commercial Description,Valid,0.0,Low,0.1888,Core Commercial Product
62043B,BLUE CHECK BAG W HANDLE 34X20CM,75.16000000000001,74.33,54,13,13,-0.83,1,Commercial Description,Valid,0.011,Low,0.2167,Core Commercial Product
90187B,GREEN DROP EARRINGS W BEAD CLUSTER,73.99,73.99,22,16,15,0.0,0,Commercial Description,Valid,0.0,Low,0.1968,Core Commercial Product
37509,NEW ENGLAND MUG W GIFT BOX,76.5,73.94999999999999,30,24,20,-2.55,1,Commercial Description,Valid,0.0333,Low,0.2029,Core Commercial Product
90074,BLACK DIAMOND CLUSTER NECKLACE,73.85999999999999,73.86,8,7,6,0.0,0,Commercial Description,Valid,0.0,Low,0.182,Core Commercial Product
84593,CROCHET ROSE DES CLOTHES HANGER,73.75,73.75,25,9,8,0.0,0,Commercial Description,Valid,0.0,Low,0.1991,Core Commercial Product
15030,FAN BLACK FRAME,73.66,73.66,254,28,27,0.0,0,Commercial Description,Valid,0.0,Low,0.264,Core Commercial Product
79331,PINK FLOCK GLASS CANDLEHOLDER,73.60000000000001,73.60000000000001,60,11,11,0.0,0,Commercial Description,Valid,0.0,Low,0.2185,Core Commercial Product
90202A,PURPLE ENAMEL FLOWER HAIR TIE,90.90000000000002,73.2,31,24,24,-17.700000000000003,6,Commercial Description,Valid,0.1947,High,0.2029,High Return Risk
84899E,YELLOW + BROWN BEAR FELT PURSE KIT,73.92999999999999,72.68,53,23,23,-1.25,1,Commercial Description,Valid,0.0169,Low,0.2151,Core Commercial Product
16151A,FLOWER DES BLUE HANDBAG/ORANG HANDL,72.5,72.5,52,8,8,0.0,0,Commercial Description,Valid,0.0,Low,0.2144,Core Commercial Product
84447,6 RABBIT CHAIN EASTER,72.41999999999999,72.42,69,21,21,0.0,0,Commercial Description,Valid,0.0,Low,0.2211,Core Commercial Product
84427B,BLACK GLASS TV DOUBLE P/FRAME 15X10,72.25,72.25,17,9,9,0.0,0,Commercial Description,Valid,0.0,Low,0.191,Core Commercial Product
90027D,GLASS BEAD HOOP EARRINGS AMETHYST,72.18,72.18,23,17,17,0.0,0,Commercial Description,Valid,0.0,Low,0.1962,Core Commercial Product
84746,PINK EASTER HENS+FLOWER,72.06,72.06,23,20,20,0.0,0,Commercial Description,Valid,0.0,Low,0.196,Core Commercial Product
90031,BILI NUT AND WOOD NECKLACE,71.9,71.9,52,9,9,0.0,0,Commercial Description,Valid,0.0,Low,0.2137,Core Commercial Product
21950,SET OF 6 DOTS CHOPSTICKS,263.63,71.57999999999998,211,22,22,-192.05,181,Commercial Description,Valid,0.7285,Very High,0.255,High Return Risk
90038C,GLASS AND BEADS BRACELET IVORY,71.46000000000001,71.46000000000001,19,9,9,0.0,0,Commercial Description,Valid,0.0,Low,0.1921,Core Commercial Product
35937,CERISE+GOLD CHRISTMAS STOCKING DEC,71.44,71.44,188,18,18,0.0,0,Commercial Description,Valid,0.0,Low,0.2511,Core Commercial Product
84925C,FAIRY CAKES  WALL THERMOMETER,71.39999999999999,71.39999999999999,28,11,11,0.0,0,Commercial Description,Valid,0.0,Low,0.1992,Core Commercial Product
84415A,PINK FLOCK SUEDE CUSHION COVER,71.25,71.25,27,7,7,0.0,0,Commercial Description,Valid,0.0,Low,0.1984,Core Commercial Product
90037B,TINY CRYSTAL BRACELET GREEN,71.17,71.17,28,10,10,0.0,0,Commercial Description,Valid,0.0,Low,0.199,Core Commercial Product
90179A,AMBER FINE BEAD NECKLACE W TASSEL,71.0,71.0,12,9,9,0.0,0,Commercial Description,Valid,0.0,Low,0.185,Core Commercial Product
20958,PORCELAIN HANGING BELL LARGE,70.5,70.5,38,12,12,0.0,0,Commercial Description,Valid,0.0,Low,0.2047,Core Commercial Product
90205A,LARGE MINT DIAMANTE HAIRSLIDE,70.22,70.22,42,24,22,0.0,0,Commercial Description,Valid,0.0,Low,0.207,Core Commercial Product
90141B,IVORY PENDANT TRIPLE SHELL NECKLACE,70.03,70.03,14,10,9,0.0,0,Commercial Description,Valid,0.0,Low,0.1867,Core Commercial Product
90059F,DIAMANTE HAIR GRIP PACK/2 LT ROSE,79.87000000000002,69.97,48,28,28,-9.9,6,Commercial Description,Valid,0.124,Moderate,0.2099,Monitor Return Risk
90131,PINK/AMETHYST/GOLD NECKLACE,69.62,69.62,10,5,5,0.0,0,Commercial Description,Valid,0.0,Low,0.1816,Core Commercial Product
20820,SILVER LOOKING MIRROR,69.30000000000001,69.3,14,11,10,0.0,0,Commercial Description,Valid,0.0,Low,0.1863,Core Commercial Product
72140F,HAPPY ANNIVERSARY CANDLE LETTERS,69.18,69.18,175,16,15,0.0,0,Commercial Description,Valid,0.0,Low,0.2473,Core Commercial Product
71215,METAL BASE FOR CANDLES,68.52,68.52,178,13,12,0.0,0,Commercial Description,Valid,0.0,Low,0.2477,Core Commercial Product
47420,ASSORTED COLOUR SUCTION CUP HOOK,68.4,68.4,360,34,32,0.0,0,Commercial Description,Valid,0.0,Low,0.2769,Core Commercial Product
90176A,CLASSIC DIAMANTE NECKLACE JET,75.88,68.38,10,8,8,-7.5,1,Commercial Description,Valid,0.0988,Moderate,0.181,Monitor Return Risk
84857A,SILVER MONTE CARLO HANDBAG,68.0,68.0,8,6,6,0.0,0,Commercial Description,Valid,0.0,Low,0.1781,Core Commercial Product
90121B,VINTAGE ROSE BEAD BRACELET BLUE,80.75,68.0,19,12,12,-12.75,3,Commercial Description,Valid,0.1579,High,0.1899,High Return Risk
90177E,DROP DIAMANTE EARRINGS GREEN,85.67000000000002,67.97,29,24,23,-17.700000000000003,6,Commercial Description,Valid,0.2066,High,0.1979,High Return Risk
DCGS0004,HAYNES CAMPER SHOULDER BAG,67.94,67.94,4,5,5,0.0,0,Commercial Description,Valid,0.0,Low,0.1712,Core Commercial Product
84086B,YELLOW/BLUE RETRO RADIO,70.8,67.85000000000001,24,14,13,-2.95,1,Commercial Description,Valid,0.0417,Low,0.194,Core Commercial Product
90026C,GLASS BEAD HOOP NECKLACE GREEN,67.82,67.82,8,6,6,0.0,0,Commercial Description,Valid,0.0,Low,0.1774,Core Commercial Product
90026B,GLASS BEAD HOOP NECKLACE MONTANA,67.82,67.82,8,7,7,0.0,0,Commercial Description,Valid,0.0,Low,0.1774,Core Commercial Product
84864A,PINK PAISLEY PHOTO ALBUM,67.71000000000001,67.71000000000001,7,6,6,0.0,0,Commercial Description,Valid,0.0,Low,0.1759,Core Commercial Product
90078,PINK/WHITE GLASS DEMI CHOKER,67.64,67.64,9,5,5,0.0,0,Commercial Description,Valid,0.0,Low,0.1784,Core Commercial Product
90024F,NEW BAROQUE B'FLY NECKLACE CRYSTAL,67.61,67.61,8,6,6,0.0,0,Commercial Description,Valid,0.0,Low,0.177,Core Commercial Product
47341B,BLUE TABLE RUN FLOWER,67.5,67.5,48,14,14,0.0,0,Commercial Description,Valid,0.0,Low,0.2075,Core Commercial Product
84926B,SCOTTS ROSES TILE COASTER,67.5,67.5,54,12,12,0.0,0,Commercial Description,Valid,0.0,Low,0.2111,Core Commercial Product
90212C,PURPLE LAS VEGAS BRACELET ROUND,67.5,67.5,18,9,8,0.0,0,Commercial Description,Valid,0.0,Low,0.1876,Core Commercial Product
72045D,ROSES ON BLUE TEACUP CANDLE,918.65,66.89,539,10,10,-851.76,504,Commercial Description,Valid,0.9272,Very High,0.2925,High Return Risk
35819P,"ACRYLIC HANGING JEWEL,PINK",66.55,66.55,95,8,8,0.0,0,Commercial Description,Valid,0.0,Low,0.2244,Core Commercial Product
90037A,TINY CRYSTAL BRACELET RED,66.31,66.31,26,12,12,0.0,0,Commercial Description,Valid,0.0,Low,0.1941,Core Commercial Product
90037C,TINY CRYSTAL BRACELET BLUE,66.08,66.08,26,13,13,0.0,0,Commercial Description,Valid,0.0,Low,0.1939,Core Commercial Product
85072,OCCASIONS GIFT CARD ASSORTMENT,66.0,66.0,120,1,1,0.0,0,Commercial Description,Valid,0.0,Low,0.2325,Core Commercial Product
79329,PINK FLOCK GLASS CANDLEHOLDER,65.94,65.94,100,9,9,0.0,0,Commercial Description,Valid,0.0,Low,0.2258,Core Commercial Product
84340,LARGE FIBRE OPTIC CHRISTMAS TREE,65.76,65.76,21,12,12,0.0,0,Commercial Description,Valid,0.0,Low,0.1895,Core Commercial Product
84493,BLUE/PINK NEST STRIPE BOX,111.12,65.75999999999999,1142,7,7,-45.36,567,Commercial Description,Valid,0.4082,Very High,0.3309,High Return Risk
79406,FROSTED WHITE BASE,65.62,65.62,259,21,21,0.0,0,Commercial Description,Valid,0.0,Low,0.2584,Core Commercial Product
90088,CRYSTAL KEY+LOCK PHONE CHARM,86.69999999999999,65.45,101,17,17,-21.25,25,Commercial Description,Valid,0.2451,High,0.2258,High Return Risk
90179B,PURPLE FINE BEAD NECKLACE W TASSEL,65.31,65.31,11,9,9,0.0,0,Commercial Description,Valid,0.0,Low,0.1794,Core Commercial Product
47016,LIGHT DECORATION BATTERY OPERATED,65.10000000000001,65.10000000000001,31,6,6,0.0,0,Commercial Description,Valid,0.0,Low,0.1963,Core Commercial Product
84705A,ENGLISH ROSE PHOTO FRAME,65.1,65.10000000000001,14,9,9,0.0,0,Commercial Description,Valid,0.0,Low,0.1824,Core Commercial Product
16256C,HEARTS PENCIL/RUBBER+5 MINI PENCILS,70.98,65.10000000000001,169,13,13,-5.88,14,Commercial Description,Valid,0.0828,Moderate,0.2419,Monitor Return Risk
90092,BLUE CRYSTAL BOOT PHONE CHARM,87.50999999999999,64.56,102,15,12,-22.95,27,Commercial Description,Valid,0.2623,High,0.2254,High Return Risk
84551,CROCHET DOG KEYRING,64.35,64.35,39,8,8,0.0,0,Commercial Description,Valid,0.0,Low,0.2002,Core Commercial Product
47348A,FUSCHIA VOILE POINTY SHOE DEC,63.95999999999999,63.959999999999994,104,17,16,0.0,0,Commercial Description,Valid,0.0,Low,0.2257,Core Commercial Product
79534,MULTICOLOUR GLASS PLATE,63.800000000000004,63.800000000000004,116,19,17,0.0,0,Commercial Description,Valid,0.0,Low,0.2297,Core Commercial Product
85018B,S/6 PAPER BOXES BLOSSOM IMAGES,63.75,63.75,15,11,11,0.0,0,Commercial Description,Valid,0.0,Low,0.1826,Core Commercial Product
85018A,S/6 PAPER BOXES ROMANTIC IMAGES,63.75,63.75,15,12,12,0.0,0,Commercial Description,Valid,0.0,Low,0.1826,Core Commercial Product
20905,VINTAGE KEEPSAKE BOX BEAUTY GIRL,63.5,63.5,10,5,5,0.0,0,Commercial Description,Valid,0.0,Low,0.1765,Core Commercial Product
37491D,PURPLE/BLUE CERAMIC CANDLE HOLDER,63.279999999999994,63.28,26,14,14,0.0,0,Commercial Description,Valid,0.0,Low,0.1916,Core Commercial Product
90050,CRACKED GLAZE NECKLACE IVORY,77.11,63.21,11,8,7,-13.9,2,Commercial Description,Valid,0.1803,High,0.1778,High Return Risk
84529B,BLUE KNITTED KID'S RUCKSACK,62.35000000000001,62.35,13,6,6,0.0,0,Commercial Description,Valid,0.0,Low,0.1797,Core Commercial Product
35607B,BLACK FEATHER CHRISTMAS DECORATION,62.300000000000004,62.3,312,20,20,0.0,0,Commercial Description,Valid,0.0,Low,0.2645,Core Commercial Product
90176C,DIAMANTE NECKLACE,77.0,62.0,10,8,8,-15.0,2,Commercial Description,Valid,0.1948,High,0.1758,High Return Risk
17136A,BLUE STONES ON WIRE FOR CANDLE,61.779999999999994,61.78,743,35,35,0.0,0,Commercial Description,Valid,0.0,Low,0.3049,Core Commercial Product
20620,RED SPOTTY PASSPORT COVER,61.760000000000005,61.76,15,16,16,0.0,0,Commercial Description,Valid,0.0,Low,0.1815,Core Commercial Product
90214P,"LETTER ""P"" BLING KEY RING",69.14000000000001,61.64,80,36,34,-7.5,6,Commercial Description,Valid,0.1085,Moderate,0.217,Monitor Return Risk
35817B,"ACRYLIC JEWEL SNOWFLAKE,BLUE",61.3,61.3,143,4,4,0.0,0,Commercial Description,Valid,0.0,Low,0.2347,Core Commercial Product
35973,GERANIUM FOLKART HEART DECORATION,61.25,61.25,49,18,14,0.0,0,Commercial Description,Valid,0.0,Low,0.2038,Core Commercial Product
40002,WHITE BAMBOO RIBS LAMPSHADE,66.3,61.199999999999996,78,3,3,-5.1,6,Commercial Description,Valid,0.0769,Moderate,0.2158,Monitor Return Risk
35910B,PINK FLOWERS RABBIT EASTER,61.07,61.07,29,8,8,0.0,0,Commercial Description,Valid,0.0,Low,0.1922,Core Commercial Product
90188,DROP EARRINGS W FLOWER & LEAF,61.03999999999999,61.04,24,22,21,0.0,0,Commercial Description,Valid,0.0,Low,0.1884,Core Commercial Product
84660b,BLACK STITCHED WALL CLOCK,60.8,60.800000000000004,8,7,6,0.0,0,Commercial Description,Valid,0.0,Low,0.172,Core Commercial Product
90034,WHITE SILVER NECKLACE SHELL GLASS,60.67,60.67,6,6,5,0.0,0,Commercial Description,Valid,0.0,Low,0.169,Core Commercial Product
84875A,PINK SQUARE COMPACT MIRROR,60.0,60.0,16,14,14,0.0,0,Commercial Description,Valid,0.0,Low,0.1811,Core Commercial Product
90059C,DIAMANTE HAIR GRIP PACK/2 MONTANA,69.83000000000001,59.93,42,25,24,-9.9,6,Commercial Description,Valid,0.1418,Moderate,0.1992,Monitor Return Risk
23629,SET 10 CARDS DRESSING UP 17077,59.760000000000005,59.760000000000005,24,10,10,0.0,0,Commercial Description,Valid,0.0,Low,0.1878,Core Commercial Product
90021,LASER CUT MULTI STRAND NECKLACE,59.75,59.75,5,4,4,0.0,0,Commercial Description,Valid,0.0,Low,0.1666,Core Commercial Product
90171,DAISY RING,59.64999999999999,59.65,47,28,28,0.0,0,Commercial Description,Valid,0.0,Low,0.2014,Core Commercial Product
gift_0001_70,Dotcomgiftshop Gift Voucher £70.00,59.57,59.57,1,3,3,0.0,0,Commercial Description,Valid,0.0,Low,0.1551,Core Commercial Product
84582,PINK CROCHET CAT WITH SCARF,59.5,59.5,14,13,13,0.0,0,Commercial Description,Valid,0.0,Low,0.1783,Core Commercial Product
44241C,BLUE BUTTERFLY ON SPRING,59.5,59.5,70,10,10,0.0,0,Commercial Description,Valid,0.0,Low,0.2111,Core Commercial Product
35654,VINTAGE BEAD FILLED PINK CUSHION,59.400000000000006,59.400000000000006,12,6,6,0.0,0,Commercial Description,Valid,0.0,Low,0.176,Core Commercial Product
90011B,BLACK CRYSTAL DROP EARRINGS,59.06,59.06,20,16,16,0.0,0,Commercial Description,Valid,0.0,Low,0.1834,Core Commercial Product
35909A,RABBIT EASTER DECORATION,59.000000000000014,59.00000000000001,20,5,5,0.0,0,Commercial Description,Valid,0.0,Low,0.1832,Core Commercial Product
81985A,"ICON ALARM CLOCK,FUSCHIA  PIN UP",58.650000000000006,58.65,23,9,9,0.0,0,Commercial Description,Valid,0.0,Low,0.1856,Core Commercial Product
90033,IVORY SHELL HEART EARRINGS,58.429999999999986,58.43,23,19,18,0.0,0,Commercial Description,Valid,0.0,Low,0.1855,Core Commercial Product
84226,HEN HOUSE W FAMILY IN BARN & NEST,58.31,58.31,77,19,19,0.0,0,Commercial Description,Valid,0.0,Low,0.213,Core Commercial Product
21343,GOLD JEWELERY BOX,92.0,58.10000000000001,20,6,6,-33.9,2,Commercial Description,Valid,0.3685,Very High,0.1827,High Return Risk
35816B,"ACRYLIC JEWEL ANGEL,BLUE",58.07,58.07,139,4,4,0.0,0,Commercial Description,Valid,0.0,Low,0.2308,Core Commercial Product
17129C,SKY BLUE COLOUR GLASS GEMS IN BAG,57.98,57.98,86,14,14,0.0,0,Commercial Description,Valid,0.0,Low,0.2155,Core Commercial Product
35821B,"JEWELLED DECORATION,BLUE",57.0,57.0,150,4,4,0.0,0,Commercial Description,Valid,0.0,Low,0.2331,Core Commercial Product
72771B,BURG FLOCK GOLD CUP/CANDLE,56.9,56.9,117,10,9,0.0,0,Commercial Description,Valid,0.0,Low,0.225,Core Commercial Product
90002E,FLOWER BURST SILVER RING GREEN,67.77000000000001,56.519999999999996,18,15,15,-11.25,3,Commercial Description,Valid,0.166,High,0.1801,High Return Risk
47344B,BLUE FLOWER DES PURSE,56.16,56.16,54,11,11,0.0,0,Commercial Description,Valid,0.0,Low,0.2034,Core Commercial Product
85023C,PINK LARGE JEWELED PHOTOFRAME,58.64999999999999,56.099999999999994,23,15,14,-2.55,1,Commercial Description,Valid,0.0435,Low,0.1843,Core Commercial Product
84803B,WHITE ALLIUM  ARTIFICIAL FLOWER,70.98,55.769999999999996,42,16,16,-15.21,9,Commercial Description,Valid,0.2143,High,0.1965,High Return Risk
85080,PADDED RED HEART DECORATION,55.760000000000005,55.76,113,25,25,0.0,0,Commercial Description,Valid,0.0,Low,0.2231,Core Commercial Product
90214T,"LETTER ""T"" BLING KEY RING",55.57000000000001,55.57,57,24,24,0.0,0,Commercial Description,Valid,0.0,Low,0.2041,Core Commercial Product
46115B,GREEN POP ART MAO CUSHION COVER,55.480000000000004,55.480000000000004,292,25,24,0.0,0,Commercial Description,Valid,0.0,Low,0.2566,Core Commercial Product
84559b,3D SHEET OF CAT STICKERS,55.22999999999999,55.23,33,26,25,0.0,0,Commercial Description,Valid,0.0,Low,0.1911,Core Commercial Product
90214I,"LETTER ""I"" BLING KEY RING",62.69999999999999,55.199999999999996,64,30,28,-7.5,6,Commercial Description,Valid,0.1196,Moderate,0.2064,Monitor Return Risk
85151,WELCOME METAL SIGN,55.0,55.0,44,9,9,0.0,0,Commercial Description,Valid,0.0,Low,0.1969,Core Commercial Product
72798C,SET/4 GARDEN ROSE DINNER CANDLE,54.760000000000005,54.76,29,19,18,0.0,0,Commercial Description,Valid,0.0,Low,0.1879,Core Commercial Product
90135A,ORANGE/FUSCHIA STONES NECKLACE,54.620000000000005,54.620000000000005,11,4,4,0.0,0,Commercial Description,Valid,0.0,Low,0.172,Core Commercial Product
90142D,MOP PENDANT SHELL NECKLACE,54.589999999999996,54.59,11,5,5,0.0,0,Commercial Description,Valid,0.0,Low,0.1719,Core Commercial Product
90043,COPPER AND BRASS BAG CHARM,54.510000000000005,54.510000000000005,10,6,6,0.0,0,Commercial Description,Valid,0.0,Low,0.1702,Core Commercial Product
90046,WHITE WITH METAL BAG CHARM,64.35000000000001,54.45,13,8,8,-9.9,2,Commercial Description,Valid,0.1538,High,0.1737,High Return Risk
20953,PORCELAIN CHERUB BELL LARGE,54.45,54.449999999999996,33,10,10,0.0,0,Commercial Description,Valid,0.0,Low,0.1901,Core Commercial Product
85023A,CRYSTAL LARGE JEWELLED PHOTO FRAME,56.099999999999994,53.55,22,13,13,-2.55,1,Commercial Description,Valid,0.0455,Low,0.1816,Core Commercial Product
35001B,HAND OPEN SHAPE BLACK,59.33,53.43000000000001,17,9,9,-5.9,2,Commercial Description,Valid,0.0994,Moderate,0.177,Monitor Return Risk
90202B,WHITE ENAMEL FLOWER HAIR TIE,70.49000000000001,52.79,24,17,17,-17.700000000000003,6,Commercial Description,Valid,0.2511,High,0.1832,High Return Risk
84030C,KNITTED RAINBOW HOT WATER BOTTLE,82.78,52.78,21,9,9,-30.0,8,Commercial Description,Valid,0.3624,Very High,0.1805,High Return Risk
84660a,WHITE STITCHED WALL CLOCK,52.699999999999996,52.699999999999996,7,5,5,0.0,0,Commercial Description,Valid,0.0,Low,0.1652,Core Commercial Product
84292B,BLUE COL METAL FOLDING CHAIR,51.8,51.8,8,7,7,0.0,0,Commercial Description,Valid,0.0,Low,0.1664,Core Commercial Product
37491A,YELLOW/PINK CERAMIC CANDLE HOLDER,51.66,51.66,19,15,14,0.0,0,Commercial Description,Valid,0.0,Low,0.1781,Core Commercial Product
84951b,S/4 BLACK LOVEBIRD COASTERS,51.260000000000005,51.26,10,5,5,0.0,0,Commercial Description,Valid,0.0,Low,0.1689,Core Commercial Product
84845D,GERANIUM SQUARE HANDY TIN,51.25,51.25,41,14,14,0.0,0,Commercial Description,Valid,0.0,Low,0.1931,Core Commercial Product
84402B,PURPLE DRESS JEWELLERY STAND,51.14,51.14,62,6,6,0.0,0,Commercial Description,Valid,0.0,Low,0.2035,Core Commercial Product
35071,ASSORTED SANTA CHRISTMAS DECORATION,51.14,51.13999999999999,50,8,8,0.0,0,Commercial Description,Valid,0.0,Low,0.1976,Core Commercial Product
20964,POLYESTER FILLER PAD 60x40cm,51.0,51.0,20,7,7,0.0,0,Commercial Description,Valid,0.0,Low,0.1784,Core Commercial Product
84612B,SET/4 BLACK  BAROQUE FLOCK COASTER,51.0,51.0,20,5,5,0.0,0,Commercial Description,Valid,0.0,Low,0.1784,Core Commercial Product
84968f,SET OF 16 VINTAGE SKY BLUE CUTLERY,50.98,50.98,2,2,2,0.0,0,Commercial Description,Valid,0.0,Low,0.1539,Core Commercial Product
84968b,S/16 VINTAGE IVORY CUTLERY,50.98,50.98,2,2,2,0.0,0,Commercial Description,Valid,0.0,Low,0.1539,Core Commercial Product
90001C,ANTIQUE OPAL WHITE FLOWER EARRINGS,50.94,50.94,12,12,11,0.0,0,Commercial Description,Valid,0.0,Low,0.1705,Core Commercial Product
90001B,ANTIQUE MID BLUE FLOWER EARRINGS,55.12,50.870000000000005,13,12,12,-4.25,1,Commercial Description,Valid,0.0771,Moderate,0.1713,Monitor Return Risk
85035b,CHOCOLATE 3 WICK MORRIS BOX CANDLE,50.82,50.82000000000001,6,6,6,0.0,0,Commercial Description,Valid,0.0,Low,0.162,Core Commercial Product
85124a,PINK JUICY FRUIT PHOTO FRAME,50.599999999999994,50.599999999999994,10,9,9,0.0,0,Commercial Description,Valid,0.0,Low,0.1674,Core Commercial Product
72083A,STRAWBERY SWIRL FLARE CANDLE,50.40000000000001,50.400000000000006,24,7,7,0.0,0,Commercial Description,Valid,0.0,Low,0.1809,Core Commercial Product
22657,HEN & 2 CHICKS IN BASKET,50.15,50.15,59,9,9,0.0,0,Commercial Description,Valid,0.0,Low,0.2009,Core Commercial Product
20870,OPULENT VELVET CANDLE IN BOX,52.199999999999996,50.1,29,10,10,-2.1,1,Commercial Description,Valid,0.0402,Low,0.1843,Core Commercial Product
90141E,ORANGE PENDANT TRIPLE SHELL NECKLAC,50.06,50.06,10,5,5,0.0,0,Commercial Description,Valid,0.0,Low,0.1669,Core Commercial Product
23603,SET 10 CARD KRAFT REINDEER 17084,49.80000000000002,49.800000000000004,20,14,14,0.0,0,Commercial Description,Valid,0.0,Low,0.1769,Core Commercial Product
90052,CRACKED GLAZE NECKLACE BROWN,49.580000000000005,49.58,7,5,5,0.0,0,Commercial Description,Valid,0.0,Low,0.1625,Core Commercial Product
17013C,ORIGAMI LAVENDER INCENSE IN TUBE,89.46000000000001,49.14,213,5,5,-40.32,96,Commercial Description,Valid,0.4507,Very High,0.2387,High Return Risk
84537B,FAIRY CAKES GIFT BAG,49.14,49.14,117,13,13,0.0,0,Commercial Description,Valid,0.0,Low,0.2194,Core Commercial Product
72129,COLUMBIAN CANDLE ROUND,49.11,49.11,74,19,19,0.0,0,Commercial Description,Valid,0.0,Low,0.2052,Core Commercial Product
84845C,CARNATION SQUARE HANDY TIN,52.5,48.75,42,21,21,-3.75,3,Commercial Description,Valid,0.0714,Moderate,0.191,Monitor Return Risk
90128A,PINK LEAVES AND BEADS PHONE CHARM,48.72,48.72,32,12,11,0.0,0,Commercial Description,Valid,0.0,Low,0.1853,Core Commercial Product
37489A,YELLOW/PINK FLOWER DESIGN BIG MUG,48.51,48.51,47,26,24,0.0,0,Commercial Description,Valid,0.0,Low,0.1934,Core Commercial Product
35603C,SET/16 WHITE SHINY & MATT BAUBLES,48.300000000000004,48.3,83,26,25,0.0,0,Commercial Description,Valid,0.0,Low,0.2084,Core Commercial Product
90054,CRACKED GLAZE EARRINGS RED,48.109999999999985,48.11,19,19,17,0.0,0,Commercial Description,Valid,0.0,Low,0.1747,Core Commercial Product
90083,CRYSTAL CZECH CROSS PHONE CHARM,48.08,48.08,52,15,15,0.0,0,Commercial Description,Valid,0.0,Low,0.1959,Core Commercial Product
21347,GOTHIC CARRIAGE LANTERN,47.60000000000001,47.6,8,6,6,0.0,0,Commercial Description,Valid,0.0,Low,0.1626,Core Commercial Product
20895,VINTAGE NOTEBOOK FRENCH LETTER,47.20000000000001,47.20000000000001,16,5,5,0.0,0,Commercial Description,Valid,0.0,Low,0.1719,Core Commercial Product
35909B,PINK FLOWERS RABBIT EASTER,47.2,47.2,16,7,6,0.0,0,Commercial Description,Valid,0.0,Low,0.1718,Core Commercial Product
90067B,BROWN VINTAGE VICTORIAN EARRINGS,47.120000000000005,47.120000000000005,16,6,6,0.0,0,Commercial Description,Valid,0.0,Low,0.1716,Core Commercial Product
37462E,"PET MUG, GOLDFISH",49.63999999999999,47.12,110,32,30,-2.52,6,Commercial Description,Valid,0.0508,Moderate,0.2155,Monitor Return Risk
84227,HEN HOUSE W CHICK IN NEST,47.040000000000006,47.04,112,17,17,0.0,0,Commercial Description,Valid,0.0,Low,0.2159,Core Commercial Product
90181C,BLACK GLASS/SHELL/PEARL NECKLACE,46.93,46.93,5,5,5,0.0,0,Commercial Description,Valid,0.0,Low,0.1571,Core Commercial Product
84596f,SMALL MARSHMALLOWS PINK BOWL,46.89,46.89,19,14,14,0.0,0,Commercial Description,Valid,0.0,Low,0.1735,Core Commercial Product
20988,TRELLIS FLOWER CHOPSTICKS SET/5,46.8,46.8,24,10,10,0.0,0,Commercial Description,Valid,0.0,Low,0.1779,Core Commercial Product
90001A,ANTIQUE RASPBERRY FLOWER EARRINGS,46.6,46.6,11,10,10,0.0,0,Commercial Description,Valid,0.0,Low,0.1657,Core Commercial Product
16050,TEATIME PENCIL WITH RUBBER,46.45,46.45,151,9,9,0.0,0,Commercial Description,Valid,0.0,Low,0.2252,Core Commercial Product
47341A,FUSCHIA TABLE RUN FLOWER,46.25,46.25,29,9,9,0.0,0,Commercial Description,Valid,0.0,Low,0.1811,Core Commercial Product
72024U,LILAC VOTIVE CANDLE,46.199999999999996,46.2,220,13,13,0.0,0,Commercial Description,Valid,0.0,Low,0.2375,Core Commercial Product
85081,PADDED HOLLY CHRISTMAS DECORATION,46.170000000000016,46.17,104,23,22,0.0,0,Commercial Description,Valid,0.0,Low,0.2122,Core Commercial Product
85132c,CHARLIE AND LOLA FIGURES TINS,46.1,46.099999999999994,4,4,4,0.0,0,Commercial Description,Valid,0.0,Low,0.1541,Core Commercial Product
84626,CANDY STRIPE ROSE QUILT,45.95,45.95,1,2,2,0.0,0,Commercial Description,Valid,0.0,Low,0.1446,Core Commercial Product
18097A,PINK TALL PORCELAIN T-LIGHT HOLDER,45.89999999999999,45.9,18,14,13,0.0,0,Commercial Description,Valid,0.0,Low,0.1714,Core Commercial Product
35611B,BLACK ASSORTED DROPLET DECORATION,45.76,45.76,62,6,5,0.0,0,Commercial Description,Valid,0.0,Low,0.198,Core Commercial Product
35809a,ENAMEL PINK TEA CONTAINER,45.75000000000001,45.75,11,11,10,0.0,0,Commercial Description,Valid,0.0,Low,0.1645,Core Commercial Product
72724,SET/6 CHRISTMAS ICICLE T-LIGHTS,45.0,45.0,36,12,11,0.0,0,Commercial Description,Valid,0.0,Low,0.1842,Core Commercial Product
16161C,WRAP SPEED DEMONS,45.0,45.0,450,5,5,0.0,0,Commercial Description,Valid,0.0,Low,0.2687,Core Commercial Product
23625,SET 6 CARDS SPARKLY REINDEER 17262,44.91000000000001,44.910000000000004,9,4,4,0.0,0,Commercial Description,Valid,0.0,Low,0.1611,Core Commercial Product
90135,ORANGE/WHT/FUSCHIA STONES NECKLACE,44.75,44.75,9,3,3,0.0,0,Commercial Description,Valid,0.0,Low,0.161,Core Commercial Product
90197D,AMBER GLASS BRACELET HEART CHARMS,44.550000000000004,44.550000000000004,9,6,6,0.0,0,Commercial Description,Valid,0.0,Low,0.1608,Core Commercial Product
72796B,S/3 FRENCH VANILLA SQU CANDLE,44.55,44.55,27,14,13,0.0,0,Commercial Description,Valid,0.0,Low,0.178,Core Commercial Product
79066k,RETRO MOD TRAY,44.37,44.37,27,17,16,0.0,0,Commercial Description,Valid,0.0,Low,0.1778,Core Commercial Product
90011A,MIDNIGHT BLUE CRYSTAL DROP EARRINGS,44.28,44.28,15,16,16,0.0,0,Commercial Description,Valid,0.0,Low,0.1678,Core Commercial Product
84586L,"PINK ROSES/GINGHAM PATCH RABBIT 8""",44.25000000000001,44.25000000000001,15,9,9,0.0,0,Commercial Description,Valid,0.0,Low,0.1676,Core Commercial Product
35085E,IVORY ROSE LAMPSHADE,44.25,44.25,39,11,11,0.0,0,Commercial Description,Valid,0.0,Low,0.1847,Core Commercial Product
90084,PINK CRYSTAL GUITAR PHONE CHARM,54.4,44.2,64,16,16,-10.2,12,Commercial Description,Valid,0.1875,High,0.1971,High Return Risk
90125E,AMBER BERTIE GLASS BEAD BAG CHARM,44.19,44.19,18,17,17,0.0,0,Commercial Description,Valid,0.0,Low,0.1695,Core Commercial Product
35815B,"ACRYLIC JEWEL SNOWFLAKE,BLUE",43.94,43.94,95,4,4,0.0,0,Commercial Description,Valid,0.0,Low,0.2066,Core Commercial Product
17014C,ORIGAMI LAVENDER INCENSE CONES,43.75,43.75,97,3,3,0.0,0,Commercial Description,Valid,0.0,Low,0.2072,Core Commercial Product
79063C,"RETRO PILL BOX KEY CHAIN,THE KING",43.649999999999984,43.65,235,15,15,0.0,0,Commercial Description,Valid,0.0,Low,0.2371,Core Commercial Product
90042B,FRESHWATER PEARL BRACELET PINK,43.35,43.349999999999994,17,9,8,0.0,0,Commercial Description,Valid,0.0,Low,0.1682,Core Commercial Product
35822P,"ACRYLIC BEAD CHAIN, PINK",43.32,43.32,114,2,2,0.0,0,Commercial Description,Valid,0.0,Low,0.2128,Core Commercial Product
23038,T-LIGHT HOLDER SILVER SAUCER,42.92,42.92,44,8,8,0.0,0,Commercial Description,Valid,0.0,Low,0.1867,Core Commercial Product
84857B,BLUE MONTE CARLO HANDBAG,46.8,42.9,24,4,4,-3.9,2,Commercial Description,Valid,0.0833,Moderate,0.1741,Monitor Return Risk
84993a,75 GREEN PETIT FOUR CASES,42.70999999999999,42.71,51,30,30,0.0,0,Commercial Description,Valid,0.0,Low,0.1901,Core Commercial Product
21596,Hypochondriac Pill Stress Ball,42.64,42.64,10,9,9,0.0,0,Commercial Description,Valid,0.0,Low,0.1601,Core Commercial Product
90024A,NEW BAROQUE B'FLY NECKLACE BLACK,42.5,42.5,5,5,5,0.0,0,Commercial Description,Valid,0.0,Low,0.1527,Core Commercial Product
90126C,AMBER BERTIE MOBILE PHONE CHARM,42.099999999999994,42.1,21,5,5,0.0,0,Commercial Description,Valid,0.0,Low,0.171,Core Commercial Product
72771C,BLACK FLOCK GOLD CANDLE,42.08,42.08,54,7,7,0.0,0,Commercial Description,Valid,0.0,Low,0.1914,Core Commercial Product
20860,GOLD COSMETICS BAG WITH BUTTERFLY,42.00000000000001,42.0,20,14,14,0.0,0,Commercial Description,Valid,0.0,Low,0.1698,Core Commercial Product
15060b,FAIRY CAKE DESIGN UMBRELLA,41.809999999999995,41.81,5,5,5,0.0,0,Commercial Description,Valid,0.0,Low,0.1521,Core Commercial Product
90152C,BLUE/NAT SHELL NECKLACE W PENDANT,41.650000000000006,41.650000000000006,7,4,4,0.0,0,Commercial Description,Valid,0.0,Low,0.1553,Core Commercial Product
90059B,DIAMANTE HAIR GRIP PACK/2 BLACK DIA,51.54999999999999,41.65,31,20,17,-9.9,6,Commercial Description,Valid,0.192,High,0.1779,High Return Risk
90060C,FIRE POLISHED GLASS NECKL SILVER,41.650000000000006,41.65,7,6,6,0.0,0,Commercial Description,Valid,0.0,Low,0.1551,Core Commercial Product
23448,CREAM BUNNY EASTER EGG BASKET,41.25,41.25,25,3,3,0.0,0,Commercial Description,Valid,0.0,Low,0.1735,Core Commercial Product
90152B,BLUE/GREEN SHELL NECKLACE W PENDANT,41.21,41.21,7,6,5,0.0,0,Commercial Description,Valid,0.0,Low,0.1548,Core Commercial Product
90027C,GLASS BEAD HOOP EARRINGS GREEN,41.169999999999995,41.17,14,12,12,0.0,0,Commercial Description,Valid,0.0,Low,0.1635,Core Commercial Product
18096c,WHITE ROUND PORCELAIN TLIGHT HOLDER,41.14,41.14,8,6,6,0.0,0,Commercial Description,Valid,0.0,Low,0.1559,Core Commercial Product
21119,Glow In The Dark Shot Glasses,41.01,41.01,3,4,4,0.0,0,Commercial Description,Valid,0.0,Low,0.147,Core Commercial Product
35644,PAIR PINK/BLACK COATHANGERS,40.95,40.95,21,10,9,0.0,0,Commercial Description,Valid,0.0,Low,0.1694,Core Commercial Product
84798C,WHITE FOXGLOVE ARTIIFCIAL FLOWER,40.8,40.8,16,4,4,0.0,0,Commercial Description,Valid,0.0,Low,0.1648,Core Commercial Product
44228,CANNABIS LEAF BEAD CURTAIN,40.8,40.8,48,7,7,0.0,0,Commercial Description,Valid,0.0,Low,0.1862,Core Commercial Product
90132,LIGHT TOPAZ TEAL/AQUA COL NECKLACE,40.72,40.72,8,8,7,0.0,0,Commercial Description,Valid,0.0,Low,0.1552,Core Commercial Product
90136,PALE PINK/AMETHYST STONE NECKLACE,40.47,40.47,4,3,3,0.0,0,Commercial Description,Valid,0.0,Low,0.1485,Core Commercial Product
90152A,SILVER/NAT SHELL NECKLACE W PENDANT,40.339999999999996,40.34,7,7,7,0.0,0,Commercial Description,Valid,0.0,Low,0.1536,Core Commercial Product
20994,JAZZ HEARTS SPIRAL NOTEPAD,39.95,39.949999999999996,47,13,13,0.0,0,Commercial Description,Valid,0.0,Low,0.185,Core Commercial Product
47013A,WINE BOTTLE DRESSING LT.BLUE,39.87,39.87,141,26,26,0.0,0,Commercial Description,Valid,0.0,Low,0.2161,Core Commercial Product
37468,HARDMAN MUG 3 ASSORTED,39.81,39.81,65,17,17,0.0,0,Commercial Description,Valid,0.0,Low,0.1933,Core Commercial Product
47013C,WINE BOTTLE DRESSING DARK BLUE,40.519999999999996,39.08,147,30,29,-1.44,12,Commercial Description,Valid,0.0355,Low,0.2174,Core Commercial Product
82545A,COGNAC AUX OEUFS METAL 1 HOOK,38.75,38.75,31,12,12,0.0,0,Commercial Description,Valid,0.0,Low,0.1757,Core Commercial Product
47567b,TEA TIME KITCHEN APRON,38.72,38.72,3,3,3,0.0,0,Commercial Description,Valid,0.0,Low,0.1454,Core Commercial Product
35963,FOLKART ZINC CLIP ON ANGEL WINGS,38.38,38.379999999999995,101,14,12,0.0,0,Commercial Description,Valid,0.0,Low,0.2045,Core Commercial Product
85184B,SET 4 EASTER DECOUPAGE OVAL BOXES,41.300000000000004,38.35,14,9,9,-2.95,1,Commercial Description,Valid,0.0714,Moderate,0.1614,Monitor Return Risk
90130D,RED STONE/CRYSTAL EARRINGS,38.31,38.31,13,8,8,0.0,0,Commercial Description,Valid,0.0,Low,0.1601,Core Commercial Product
90027B,GLASS BEAD HOOP EARRINGS MONTANA,38.28,38.28,13,10,10,0.0,0,Commercial Description,Valid,0.0,Low,0.1599,Core Commercial Product
90183C,BLACK DROP EARRINGS W LONG BEADS,38.11999999999999,38.12,13,13,13,0.0,0,Commercial Description,Valid,0.0,Low,0.1598,Core Commercial Product
90182C,BLACK 3 BEAD DROP EARRINGS,55.739999999999995,38.04,19,14,14,-17.700000000000003,6,Commercial Description,Valid,0.3175,Very High,0.1652,High Return Risk
90177A,CLASSIC DIAMANTE EARRINGS JET,55.69,37.99,19,15,15,-17.700000000000003,6,Commercial Description,Valid,0.3178,Very High,0.1651,High Return Risk
90214F,"LETTER ""F"" BLING KEY RING",37.98,37.98,46,29,27,0.0,0,Commercial Description,Valid,0.0,Low,0.1829,Core Commercial Product
47518f,ICON PLACEMAT POP ART ELVIS,37.75000000000001,37.75,9,9,9,0.0,0,Commercial Description,Valid,0.0,Low,0.1542,Core Commercial Product
85115B,S/4 BLACK DISCO PARTITION PANEL,37.620000000000005,37.620000000000005,6,2,2,0.0,0,Commercial Description,Valid,0.0,Low,0.1499,Core Commercial Product
90176B,DIAMANTE NECKLACE BLACK,37.620000000000005,37.620000000000005,5,4,4,0.0,0,Commercial Description,Valid,0.0,Low,0.1481,Core Commercial Product
90039A,FIRE POLISHED GLASS BRACELET RED,37.61,37.61,10,5,5,0.0,0,Commercial Description,Valid,0.0,Low,0.1553,Core Commercial Product
35233,PASTA ENAMEL/BRASS CONTAINER,37.5,37.5,10,9,9,0.0,0,Commercial Description,Valid,0.0,Low,0.1549,Core Commercial Product
79413,GLASS WINE GLASS DECORATIONS,37.5,37.5,30,11,11,0.0,0,Commercial Description,Valid,0.0,Low,0.173,Core Commercial Product
37477B,"FLOWER FAIRY MUG+COASTER,LAVENDER",41.25,37.5,11,11,10,-3.75,1,Commercial Description,Valid,0.0909,Moderate,0.1565,Monitor Return Risk
37112,YELLOW BIRDS FELT DES FOODCOVER,37.5,37.5,10,7,6,0.0,0,Commercial Description,Valid,0.0,Low,0.1549,Core Commercial Product
84509b,SET OF 4 FAIRY CAKE PLACEMATS,37.3,37.3,5,4,4,0.0,0,Commercial Description,Valid,0.0,Low,0.1472,Core Commercial Product
84705F,RED PEONY PHOTO FRAME,37.2,37.2,8,6,6,0.0,0,Commercial Description,Valid,0.0,Low,0.1518,Core Commercial Product
90126A,PINK BERTIE MOBILE PHONE CHARM,37.14,37.14,20,6,5,0.0,0,Commercial Description,Valid,0.0,Low,0.1645,Core Commercial Product
84251J,"GREETING CARD, THE BLACK CAT",37.040000000000006,37.04,74,19,19,0.0,0,Commercial Description,Valid,0.0,Low,0.1932,Core Commercial Product
16162M,THE KING GIFT BAG 25x24x12cm,36.96,36.96,88,16,16,0.0,0,Commercial Description,Valid,0.0,Low,0.1977,Core Commercial Product
72715,SPHERICAL IVORY CANDLE,36.96000000000001,36.96,88,15,15,0.0,0,Commercial Description,Valid,0.0,Low,0.1977,Core Commercial Product
17014E,ORIGAMI OPIUM INCENSE CONES,36.6,36.599999999999994,95,7,7,0.0,0,Commercial Description,Valid,0.0,Low,0.1992,Core Commercial Product
90141D,ROSE PENDANT TRIPLE SHELL NECKLACE,36.33,36.33,7,5,5,0.0,0,Commercial Description,Valid,0.0,Low,0.1496,Core Commercial Product
90037D,TINY CRYSTALS BRACELET BLACK,35.870000000000005,35.870000000000005,14,10,10,0.0,0,Commercial Description,Valid,0.0,Low,0.1584,Core Commercial Product
90060B,FIRE POLISHED GLASS NECKL GOLD,35.7,35.7,6,6,6,0.0,0,Commercial Description,Valid,0.0,Low,0.1479,Core Commercial Product
47504J,ENGLISH ROSE SET/3 GARDEN TOOLS,67.25,35.449999999999996,5,8,8,-31.8,4,Commercial Description,Valid,0.4729,Very High,0.1459,High Return Risk
85184c,S/4 VALENTINE DECOUPAGE HEART BOX,35.35,35.35,6,6,6,0.0,0,Commercial Description,Valid,0.0,Low,0.1476,Core Commercial Product
90011C,GREEN CRYSTAL DROP EARRINGS,35.330000000000005,35.33,12,8,8,0.0,0,Commercial Description,Valid,0.0,Low,0.1557,Core Commercial Product
79063D,"RETRO PILL BOX , REVOLUTIONARY",35.13999999999999,35.14,189,12,12,0.0,0,Commercial Description,Valid,0.0,Low,0.2214,Core Commercial Product
84510e,SET OF 4 GREEN CAROUSEL COASTERS,35.089999999999996,35.089999999999996,14,6,6,0.0,0,Commercial Description,Valid,0.0,Low,0.1576,Core Commercial Product
82613b,"METAL SIGN,CUPCAKE SINGLE HOOK",35.04,35.04,14,11,11,0.0,0,Commercial Description,Valid,0.0,Low,0.1574,Core Commercial Product
84745B,BLUE HANGING GINGHAM EASTER HEN,34.86000000000001,34.86,83,18,17,0.0,0,Commercial Description,Valid,0.0,Low,0.1952,Core Commercial Product
DCGS0058,MISO PRETTY  GUM,34.82000000000001,34.82,42,31,31,0.0,0,Commercial Description,Valid,0.0,Low,0.1773,Core Commercial Product
37482p,CUBIC MUG PINK POLKA DOT,34.7,34.7,2,2,2,0.0,0,Commercial Description,Valid,0.0,Low,0.1381,Core Commercial Product
84546,CROCHET POODLE KEYRING,34.65,34.650000000000006,21,4,4,0.0,0,Commercial Description,Valid,0.0,Low,0.1632,Core Commercial Product
90081B,LILY BROOCH WHITE/SILVER COLOUR,34.65,34.65,7,4,4,0.0,0,Commercial Description,Valid,0.0,Low,0.1479,Core Commercial Product
35955,SMALL FOLKART CHRISTMAS TREE DEC,34.620000000000005,34.62,135,6,5,0.0,0,Commercial Description,Valid,0.0,Low,0.209,Core Commercial Product
44265,M/COLOUR POM-POM CURTAIN,34.0,34.0,8,6,6,0.0,0,Commercial Description,Valid,0.0,Low,0.149,Core Commercial Product
21120,*Boombox Ipod Classic,33.96,33.96,2,3,2,0.0,0,Commercial Description,Valid,0.0,Low,0.1374,Core Commercial Product
85035a,GARDENIA 3 WICK MORRIS BOXED CANDLE,33.88,33.88,4,4,3,0.0,0,Commercial Description,Valid,0.0,Low,0.1421,Core Commercial Product
90066A,PINK VINTAGE VICTORIAN CHOKER,33.75,33.75,5,3,3,0.0,0,Commercial Description,Valid,0.0,Low,0.1439,Core Commercial Product
47591b,SCOTTIES CHILDRENS APRON,33.6,33.6,8,4,4,0.0,0,Commercial Description,Valid,0.0,Low,0.1485,Core Commercial Product
84596b,SMALL DOLLY MIX DESIGN ORANGE BOWL,32.629999999999995,32.629999999999995,13,10,8,0.0,0,Commercial Description,Valid,0.0,Low,0.1547,Core Commercial Product
DCGS0003,BOXED GLASS ASHTRAY,32.589999999999996,32.589999999999996,13,14,14,0.0,0,Commercial Description,Valid,0.0,Low,0.1545,Core Commercial Product
82613c,"METAL SIGN,CUPCAKE SINGLE HOOK",32.48,32.48,13,12,12,0.0,0,Commercial Description,Valid,0.0,Low,0.1544,Core Commercial Product
37489B,BLUE/YELLOW FLOWER DESIGN BIG MUG,32.37,32.37,39,19,18,0.0,0,Commercial Description,Valid,0.0,Low,0.1737,Core Commercial Product
90214O,"LETTER ""O"" BLING KEY RING",32.269999999999996,32.269999999999996,37,19,18,0.0,0,Commercial Description,Valid,0.0,Low,0.1726,Core Commercial Product
85079,EMBROIDERED REINDEER DECORATION,32.25,32.25,23,10,9,0.0,0,Commercial Description,Valid,0.0,Low,0.163,Core Commercial Product
84608,ORNATE EDWARDIAN CANDLE HOLDER,47.7,31.799999999999997,6,6,6,-15.9,2,Commercial Description,Valid,0.3333,Very High,0.1447,High Return Risk
20952,PORCELAIN CHERUB BELL SMALL,150.72000000000003,31.560000000000002,329,29,29,-119.16,260,Commercial Description,Valid,0.7906,Very High,0.242,High Return Risk
23632,SET 10 CARDS CHEERFUL ROBIN 17065,31.199999999999996,31.200000000000003,15,10,10,0.0,0,Commercial Description,Valid,0.0,Low,0.1559,Core Commercial Product
78034B,BLUE NETTING STORAGE HANGER,31.199999999999996,31.2,16,11,9,0.0,0,Commercial Description,Valid,0.0,Low,0.1566,Core Commercial Product
90214V,"LETTER ""V"" BLING KEY RING",31.079999999999995,31.08,40,26,24,0.0,0,Commercial Description,Valid,0.0,Low,0.1735,Core Commercial Product
37489D,PINK/GREEN FLOWER DESIGN BIG MUG,30.810000000000006,30.81,47,23,21,0.0,0,Commercial Description,Valid,0.0,Low,0.1771,Core Commercial Product
44091C,MULTICOLOUR CRUSOE CHECK LAMPSHADE,30.660000000000004,30.66,61,20,20,0.0,0,Commercial Description,Valid,0.0,Low,0.184,Core Commercial Product
37348,SET OF 4 PASTEL STACKING MUGS,35.7,30.6,14,11,11,-5.1,2,Commercial Description,Valid,0.1429,Moderate,0.1541,Monitor Return Risk
21919,Electronic Talking Breath-A-Loser,30.469999999999995,30.47,6,6,6,0.0,0,Commercial Description,Valid,0.0,Low,0.1436,Core Commercial Product
90076,MONTANA DIAMOND CLUSTER EARRINGS,33.0,30.450000000000003,12,8,8,-2.55,1,Commercial Description,Valid,0.0773,Moderate,0.1517,Monitor Return Risk
84745A,PINK HANGING GINGHAM EASTER HEN,30.24,30.240000000000002,72,17,15,0.0,0,Commercial Description,Valid,0.0,Low,0.1872,Core Commercial Product
90025F,BAROQUE BUTTERFLY EARRINGS CRYSTAL,30.23,30.23,8,8,8,0.0,0,Commercial Description,Valid,0.0,Low,0.1461,Core Commercial Product
18010,ASSORTED FRAGRANCE BATH CONFETTI,30.16,30.16,64,11,11,0.0,0,Commercial Description,Valid,0.0,Low,0.1843,Core Commercial Product
37491B,BLUE/YELLOW CERAMIC CANDLE HOLDER,30.08,30.08,14,9,9,0.0,0,Commercial Description,Valid,0.0,Low,0.1533,Core Commercial Product
47563B,WAVELINE SURF IRONING BOARD COVER,30.0,30.0,8,7,7,0.0,0,Commercial Description,Valid,0.0,Low,0.1457,Core Commercial Product
90176E,DIAMANTE NECKLACE GREEN,29.98,29.98,4,3,3,0.0,0,Commercial Description,Valid,0.0,Low,0.139,Core Commercial Product
21767,FRENCH STYLE WIRE DOOR CABINET,29.95,29.95,1,4,4,0.0,0,Commercial Description,Valid,0.0,Low,0.1295,Core Commercial Product
21685,MEDINA STAMPED METAL TRAY,44.849999999999994,29.9,3,4,4,-14.95,1,Commercial Description,Valid,0.3333,Very High,0.1366,High Return Risk
79065A,TEATIME ROUND CAKE TINS,39.8,29.849999999999998,4,3,3,-9.95,1,Commercial Description,Valid,0.25,High,0.1386,High Return Risk
22351,DOTCOMGIFTSHOP TEA TOWEL,29.81,29.81,15,4,4,0.0,0,Commercial Description,Valid,0.0,Low,0.1536,Core Commercial Product
84985a,SET OF 72 GREEN PAPER DOILIES,29.799999999999997,29.8,10,8,8,0.0,0,Commercial Description,Valid,0.0,Low,0.1476,Core Commercial Product
35598A,DUSTY PINK CHRISTMAS TREE 60CM,29.500000000000004,29.500000000000004,10,4,4,0.0,0,Commercial Description,Valid,0.0,Low,0.1475,Core Commercial Product
90027A,GLASS BEAD HOOP EARRINGS BLACK,29.48,29.48,10,8,7,0.0,0,Commercial Description,Valid,0.0,Low,0.1473,Core Commercial Product
10138,ASSORTED COLOUR JUMBO PEN,111.22000000000001,29.32,261,28,28,-81.9,194,Commercial Description,Valid,0.7364,Very High,0.2279,High Return Risk
46776f,WOVEN ROSE GARDEN CUSHION COVER,28.91,28.91,7,1,1,0.0,0,Commercial Description,Valid,0.0,Low,0.143,Core Commercial Product
40005B,BLUE ORGANDY ROUND LAMPSHADE W BEA,28.900000000000002,28.9,34,14,13,0.0,0,Commercial Description,Valid,0.0,Low,0.1677,Core Commercial Product
44089C,LILAC GAUZE BUTTERFLY LAMPSHADE,28.560000000000002,28.56,68,18,18,0.0,0,Commercial Description,Valid,0.0,Low,0.1839,Core Commercial Product
37489C,GREEN/BLUE FLOWER DESIGN BIG MUG,28.01,28.009999999999998,28,14,13,0.0,0,Commercial Description,Valid,0.0,Low,0.1632,Core Commercial Product
90053,CRACKED GLAZE EARRINGS IVORY,27.78,27.78,11,11,10,0.0,0,Commercial Description,Valid,0.0,Low,0.1481,Core Commercial Product
17091F,SANDALWOOD INCENSE IN TIN,27.71,27.71,19,9,9,0.0,0,Commercial Description,Valid,0.0,Low,0.1556,Core Commercial Product
90128C,GREEN LEAVES AND BEADS PHONE CHARM,27.549999999999997,27.55,18,8,7,0.0,0,Commercial Description,Valid,0.0,Low,0.1545,Core Commercial Product
90128B,BLUE LEAVES AND BEADS PHONE CHARM,27.52,27.52,20,9,7,0.0,0,Commercial Description,Valid,0.0,Low,0.1563,Core Commercial Product
23613,SET 10 XMAS CARDS & BADGES 17070,27.39,27.39,11,6,6,0.0,0,Commercial Description,Valid,0.0,Low,0.1475,Core Commercial Product
23637,SET 10 CARDS OUT OF ORDER 17216,27.39,27.39,11,9,9,0.0,0,Commercial Description,Valid,0.0,Low,0.1475,Core Commercial Product
21097,SET/6 GREEN SPRING  PAPER PLATE,27.2,27.2,32,9,9,0.0,0,Commercial Description,Valid,0.0,Low,0.1652,Core Commercial Product
84867b,BLUE BABY BOY'S PHOTO ALBUM,27.14,27.14,2,1,1,0.0,0,Commercial Description,Valid,0.0,Low,0.1315,Core Commercial Product
90187A,BLUE DROP EARRINGS W BEAD CLUSTER,27.040000000000003,27.04,8,8,8,0.0,0,Commercial Description,Valid,0.0,Low,0.1428,Core Commercial Product
23702,High Resolution Image,27.0,27.0,4,4,4,0.0,0,Commercial Description,Valid,0.0,Low,0.1361,Core Commercial Product
17013F,ORIGAMI SANDLEWOOD INCENSE IN TUBE,26.7,26.7,62,7,7,0.0,0,Commercial Description,Valid,0.0,Low,0.1802,Core Commercial Product
90025E,BAROQUE BUTTERFLY EARRINGS MONTANA,26.5,26.5,7,7,7,0.0,0,Commercial Description,Valid,0.0,Low,0.141,Core Commercial Product
23636,SET 10 CARDS WISHING TREE 17116,26.19,26.19,9,7,7,0.0,0,Commercial Description,Valid,0.0,Low,0.1436,Core Commercial Product
90214Y,"LETTER ""Y"" BLING KEY RING",26.189999999999998,26.189999999999998,69,11,10,0.0,0,Commercial Description,Valid,0.0,Low,0.1822,Core Commercial Product
90182A,AMBER 3 BEAD DROP EARRINGS,26.159999999999997,26.16,9,9,9,0.0,0,Commercial Description,Valid,0.0,Low,0.1433,Core Commercial Product
85164b,BLACK BAROQUE CUCKOO CLOCK,26.04,26.04,1,1,1,0.0,0,Commercial Description,Valid,0.0,Low,0.1258,Core Commercial Product
10124A,SPOTS ON RED BOOKCOVER TAPE,26.040000000000003,26.04,62,20,19,0.0,0,Commercial Description,Valid,0.0,Low,0.1795,Core Commercial Product
90041,PEARL AND CHERRY QUARTZ BRACLET,25.67,25.67,7,6,6,0.0,0,Commercial Description,Valid,0.0,Low,0.1402,Core Commercial Product
20954,*USB Office Mirror Ball,25.590000000000003,25.590000000000003,3,5,5,0.0,0,Commercial Description,Valid,0.0,Low,0.1328,Core Commercial Product
90142A,GREEN PENDANT SHELL NECKLACE,25.45,25.45,5,4,4,0.0,0,Commercial Description,Valid,0.0,Low,0.1367,Core Commercial Product
DCGS0070,CAMOUFLAGE DOG COLLAR,25.44,25.44,2,3,3,0.0,0,Commercial Description,Valid,0.0,Low,0.1298,Core Commercial Product
85036b,CHOCOLATE 1 WICK MORRIS BOX CANDLE,25.410000000000004,25.410000000000004,3,3,2,0.0,0,Commercial Description,Valid,0.0,Low,0.1323,Core Commercial Product
85035c,ROSE 3 WICK MORRIS BOX CANDLE,25.410000000000004,25.410000000000004,3,3,2,0.0,0,Commercial Description,Valid,0.0,Low,0.1323,Core Commercial Product
35597D,PINK/WHITE CHRISTMAS TREE 30CM,25.279999999999998,25.28,58,11,10,0.0,0,Commercial Description,Valid,0.0,Low,0.1767,Core Commercial Product
90055,CRACKED GLAZE EARRINGS BROWN,25.28,25.28,10,10,10,0.0,0,Commercial Description,Valid,0.0,Low,0.1434,Core Commercial Product
21594,Dr. Jam's Arouzer Stress Ball,25.27,25.27,6,7,6,0.0,0,Commercial Description,Valid,0.0,Low,0.1377,Core Commercial Product
72801g,S/4 BURGUNDY WINE DINNER CANDLES,25.099999999999998,25.099999999999998,10,3,3,0.0,0,Commercial Description,Valid,0.0,Low,0.1431,Core Commercial Product
23620,SET 10 CARDS PERFECT POST 17090,24.900000000000002,24.900000000000002,10,7,7,0.0,0,Commercial Description,Valid,0.0,Low,0.143,Core Commercial Product
85034a,3 GARDENIA MORRIS BOXED CANDLES,24.869999999999997,24.869999999999997,3,3,3,0.0,0,Commercial Description,Valid,0.0,Low,0.1314,Core Commercial Product
84550,CROCHET LILAC/RED BEAR KEYRING,24.75,24.75,15,5,5,0.0,0,Commercial Description,Valid,0.0,Low,0.1486,Core Commercial Product
35633B,BLUE TINSEL GARLAND,24.700000000000003,24.7,130,13,13,0.0,0,Commercial Description,Valid,0.0,Low,0.1987,Core Commercial Product
35596,WOOD XMAS TREE 9 FIG SHELVES,24.65,24.65,29,6,6,0.0,0,Commercial Description,Valid,0.0,Low,0.1598,Core Commercial Product
37494a,FAIRY CAKE CERAMIC BUTTER DISH,24.16,24.16,4,3,3,0.0,0,Commercial Description,Valid,0.0,Low,0.133,Core Commercial Product
84575B,BROWN DOG CANNISTER W BONE,23.8,23.8,4,5,5,0.0,0,Commercial Description,Valid,0.0,Low,0.1328,Core Commercial Product
84611B,BLACK NEW BAROQUE FLOCK BOX,41.65,23.8,7,8,8,-17.85,3,Commercial Description,Valid,0.4286,Very High,0.1381,High Return Risk
79302m,"ART LIGHTS,FUNK MONKEY",23.77,23.77,4,4,4,0.0,0,Commercial Description,Valid,0.0,Low,0.1326,Core Commercial Product
90128D,PURPLE LEAVES AND BEADS PHONE CHAR,23.75,23.75,14,9,8,0.0,0,Commercial Description,Valid,0.0,Low,0.1465,Core Commercial Product
35591T,TURQUOISE CHRISTMAS TREE,23.75,23.75,19,12,11,0.0,0,Commercial Description,Valid,0.0,Low,0.1509,Core Commercial Product
17014F,ORIGAMI SANDLEWOOD INCENSE CONES,23.699999999999996,23.7,61,7,7,0.0,0,Commercial Description,Valid,0.0,Low,0.1761,Core Commercial Product
47556b,TEA TIME TEA TOWELS,23.64,23.64,4,4,4,0.0,0,Commercial Description,Valid,0.0,Low,0.1321,Core Commercial Product
90011E,AMBER CRYSTAL DROP EARRINGS,23.61,23.61,8,9,9,0.0,0,Commercial Description,Valid,0.0,Low,0.1386,Core Commercial Product
85040b,SET/4 BLUE FLOWER CANDLES IN BOWL,23.52,23.519999999999996,7,3,3,0.0,0,Commercial Description,Valid,0.0,Low,0.1371,Core Commercial Product
23623,SET 10 CARD CHRISTMAS WELCOME 17112,23.28,23.28,8,6,6,0.0,0,Commercial Description,Valid,0.0,Low,0.1383,Core Commercial Product
84456,SET OF 3 RABBIT EGG EASTER,33.15,22.95,37,17,17,-10.2,12,Commercial Description,Valid,0.3077,Very High,0.163,High Return Risk
90095,NECKLACE+BRACELET SET PINK BLOSSOM,22.91,22.91,8,5,5,0.0,0,Commercial Description,Valid,0.0,Low,0.1381,Core Commercial Product
90025C,BAROQUE BUTTERFLY EARRINGS GREEN,22.560000000000002,22.56,6,8,8,0.0,0,Commercial Description,Valid,0.0,Low,0.1351,Core Commercial Product
37477C,"FLOWER FAIRY MUG+COASTER,ROSE",22.5,22.5,6,3,3,0.0,0,Commercial Description,Valid,0.0,Low,0.1347,Core Commercial Product
84876C,SILVER HEART COMPACT MIRROR,26.25,22.5,7,6,6,-3.75,1,Commercial Description,Valid,0.1429,Moderate,0.1361,Monitor Return Risk
90189B,GOLD 2 STRAND NECKLACE-LEAF CHARMS,22.5,22.5,3,2,2,0.0,0,Commercial Description,Valid,0.0,Low,0.1288,Core Commercial Product
84450A,PINK RABBIT SITTING EASTER,24.18,22.5,52,8,8,-1.68,4,Commercial Description,Valid,0.0695,Moderate,0.1707,Monitor Return Risk
85225,BLING KEY RING STAND,22.5,22.5,19,11,11,0.0,0,Commercial Description,Valid,0.0,Low,0.1493,Core Commercial Product
23645,SET 10 CHRISTMAS CARDS HOHOHO 16956,22.41,22.410000000000004,9,4,4,0.0,0,Commercial Description,Valid,0.0,Low,0.1383,Core Commercial Product
23640,SET 10 CARDS SCOTTIE DOG 17211,22.410000000000004,22.410000000000004,9,8,8,0.0,0,Commercial Description,Valid,0.0,Low,0.1383,Core Commercial Product
90214Z,"LETTER ""Z"" BLING KEY RING",22.339999999999996,22.34,32,19,18,0.0,0,Commercial Description,Valid,0.0,Low,0.159,Core Commercial Product
35652,VINTAGE BEAD CHAISE LONG JEWEL BOX,21.5,21.5,18,3,3,0.0,0,Commercial Description,Valid,0.0,Low,0.1476,Core Commercial Product
84387A,BIRD ON BRANCH CANVAS SCREEN,21.45,21.45,11,3,3,0.0,0,Commercial Description,Valid,0.0,Low,0.1409,Core Commercial Product
21387,IVORY HANGING DECORATION  RABBIT,21.25,21.25,25,7,7,0.0,0,Commercial Description,Valid,0.0,Low,0.1537,Core Commercial Product
23692,WRAP A PRETTY THANK YOU,21.0,21.0,50,2,2,0.0,0,Commercial Description,Valid,0.0,Low,0.1682,Core Commercial Product
84868B,BLUE BABY BOY'S MEMORY BOX,34.75,20.85,5,7,7,-13.9,2,Commercial Description,Valid,0.4,Very High,0.1315,High Return Risk
DCGS0072,CAT CAMOUFLAGUE COLLAR,20.68,20.68,4,4,4,0.0,0,Commercial Description,Valid,0.0,Low,0.1295,Core Commercial Product
46776a,WOVEN BUBBLE GUM CUSHION COVER,20.65,20.65,5,1,1,0.0,0,Commercial Description,Valid,0.0,Low,0.1313,Core Commercial Product
10002R,ROBOT PENCIL SHARPNER,20.57,20.57,4,3,3,0.0,0,Commercial Description,Valid,0.0,Low,0.1292,Core Commercial Product
79172D,PURPLE TINT ACRYLIC FLOWER VASE,20.4,20.4,24,6,6,0.0,0,Commercial Description,Valid,0.0,Low,0.152,Core Commercial Product
85232a,SET/3 POLKA DOT STACKING TINS,20.34,20.34,2,2,2,0.0,0,Commercial Description,Valid,0.0,Low,0.1241,Core Commercial Product
47552A,DOTS IRONING BOARD COVER,23.4,20.1,12,13,13,-3.3,2,Commercial Description,Valid,0.141,Moderate,0.1408,Monitor Return Risk
84536a,ENGLISH ROSE NOTEBOOK A7 SIZE,19.97,19.970000000000002,25,12,12,0.0,0,Commercial Description,Valid,0.0,Low,0.1525,Core Commercial Product
90082C,DIAMANTE BOW BROOCH WHITE COLOUR,19.93,19.93,3,5,5,0.0,0,Commercial Description,Valid,0.0,Low,0.1264,Core Commercial Product
90127A,PINK BEADS+HAND PHONE CHARM,19.92,19.92,14,2,2,0.0,0,Commercial Description,Valid,0.0,Low,0.1423,Core Commercial Product
23646,SET 10 CARDS JINGLE BELLS 16957,19.92,19.92,8,5,5,0.0,0,Commercial Description,Valid,0.0,Low,0.1348,Core Commercial Product
23601,SET 10 CARDS SNOWY SNOWDROPS  17100,19.92,19.92,8,4,4,0.0,0,Commercial Description,Valid,0.0,Low,0.1348,Core Commercial Product
23616,SET 10 CARDS JINGLE BELLS 17217,19.92,19.92,8,7,7,0.0,0,Commercial Description,Valid,0.0,Low,0.1348,Core Commercial Product
84570B,WHITE SATIN DRESS JEWEL STAND,19.8,19.8,4,2,2,0.0,0,Commercial Description,Valid,0.0,Low,0.1279,Core Commercial Product
37487B,YELLOW/ORANGE FLOWER DESIGN PLATE,19.72,19.72,68,4,4,0.0,0,Commercial Description,Valid,0.0,Low,0.1741,Core Commercial Product
44092C,PURPLE/COPPER HANGING LAMPSHADE,19.55,19.55,23,10,10,0.0,0,Commercial Description,Valid,0.0,Low,0.1496,Core Commercial Product
20680,PINK FLOWERS CHILDS UMBRELLA,19.5,19.5,6,6,5,0.0,0,Commercial Description,Valid,0.0,Low,0.1312,Core Commercial Product
79062D,"RETRO TIN ASHTRAY,REVOLUTIONARY",19.4,19.4,52,5,5,0.0,0,Commercial Description,Valid,0.0,Low,0.1671,Core Commercial Product
81950V,FLOWER PURPLE CLOCK W/SUCKER,18.799999999999997,18.799999999999997,32,12,11,0.0,0,Commercial Description,Valid,0.0,Low,0.1559,Core Commercial Product
84030B,KNITTED POM POM HOT WATER BOTTLE,18.75,18.75,5,7,7,0.0,0,Commercial Description,Valid,0.0,Low,0.129,Core Commercial Product
90025D,BAROQUE BUTTERFLY EARRINGS PINK,18.69,18.69,5,6,6,0.0,0,Commercial Description,Valid,0.0,Low,0.1289,Core Commercial Product
84732B,CUTE BIRD CEATURE SCREEN,18.48,18.48,28,6,6,0.0,0,Commercial Description,Valid,0.0,Low,0.1527,Core Commercial Product
84311,CAMOFLAGE CUSHION COVER,18.15,18.15,11,2,2,0.0,0,Commercial Description,Valid,0.0,Low,0.1375,Core Commercial Product
72796A,S/3 ENGLISH LAVENDER SQU CANDLE,18.150000000000002,18.15,11,11,10,0.0,0,Commercial Description,Valid,0.0,Low,0.1375,Core Commercial Product
84986b,SET OF 36 SILVER PAPER DOILIES,17.88,17.88,6,5,5,0.0,0,Commercial Description,Valid,0.0,Low,0.1302,Core Commercial Product
84614C,BLUE BAROQUE FLOCK CANDLE HOLDER,17.85,17.85,3,3,3,0.0,0,Commercial Description,Valid,0.0,Low,0.1242,Core Commercial Product
71050,SMALL SINGLE FLAME CANDLE HOLDER,17.85,17.849999999999998,51,8,8,0.0,0,Commercial Description,Valid,0.0,Low,0.1651,Core Commercial Product
18097B,BLUE TALL PORCELAIN T-LIGHT HOLDER,17.849999999999998,17.849999999999998,7,7,6,0.0,0,Commercial Description,Valid,0.0,Low,0.1313,Core Commercial Product
21450,DISTRESSED CANDLE STICK WHITE,77.35000000000001,17.849999999999998,13,6,6,-59.5,10,Commercial Description,Valid,0.7692,Very High,0.139,High Return Risk
72801e,S/4 FESTIVE GREEN DINNER CANDLES,17.57,17.57,7,4,4,0.0,0,Commercial Description,Valid,0.0,Low,0.131,Core Commercial Product
90182B,AMETHYST 3 BEAD DROP EARRINGS,17.53,17.53,6,6,6,0.0,0,Commercial Description,Valid,0.0,Low,0.1294,Core Commercial Product
23627,SET 10 CARDS XMAS GRAPHIC  17218,17.43,17.43,7,2,2,0.0,0,Commercial Description,Valid,0.0,Low,0.1307,Core Commercial Product
90077,BLACK DIAMOND CLUSTER EARRINGS,17.36,17.36,6,6,5,0.0,0,Commercial Description,Valid,0.0,Low,0.1291,Core Commercial Product
37482b,CUBIC MUG BLUE POLKA DOT,17.35,17.35,1,1,1,0.0,0,Commercial Description,Valid,0.0,Low,0.1159,Core Commercial Product
DCGS0066N,NAVY CUDDLES DOG HOODIE,17.3,17.3,2,4,4,0.0,0,Commercial Description,Valid,0.0,Low,0.1203,Core Commercial Product
84796b,BLUE SAVANNAH PICNIC HAMPER FOR 2,17.12,17.12,2,2,2,0.0,0,Commercial Description,Valid,0.0,Low,0.1201,Core Commercial Product
DCGS0068,DOGS NIGHT COLLAR,17.12,17.12,2,3,3,0.0,0,Commercial Description,Valid,0.0,Low,0.1201,Core Commercial Product
84993b,75 BLACK PETIT FOUR CASES,16.990000000000002,16.99,20,13,13,0.0,0,Commercial Description,Valid,0.0,Low,0.1442,Core Commercial Product
72803b,OCEAN SCENT CANDLE JEWELLED DRAWER,16.94,16.94,2,2,1,0.0,0,Commercial Description,Valid,0.0,Low,0.1197,Core Commercial Product
72805,VANILLA CANDLE IN EMBOSSED ZINC POT,16.9,16.9,10,5,5,0.0,0,Commercial Description,Valid,0.0,Low,0.1338,Core Commercial Product
47591c,BLUE FAIRY CAKE CHILD'S APRON,16.84,16.84,4,3,3,0.0,0,Commercial Description,Valid,0.0,Low,0.1243,Core Commercial Product
37488A,YELLOW PINK FLOWER DESIGN BIG BOWL,19.770000000000003,16.82,31,8,8,-2.95,1,Commercial Description,Valid,0.1492,Moderate,0.1522,Monitor Return Risk
44089A,PINK GAUZE BUTTERFLY LAMPSHADE,16.8,16.8,40,13,13,0.0,0,Commercial Description,Valid,0.0,Low,0.1571,Core Commercial Product
72785A,S/4 CONTEMPORY PINK ROSEBUD CANDLES,16.8,16.8,8,8,8,0.0,0,Commercial Description,Valid,0.0,Low,0.1306,Core Commercial Product
21511,VINTAGE COLLAGE  GREETING  CARD,16.8,16.799999999999997,40,3,3,0.0,0,Commercial Description,Valid,0.0,Low,0.1569,Core Commercial Product
23644,SET 10 CARDS CHRISTMAS TREE 16955,16.65,16.65,5,5,5,0.0,0,Commercial Description,Valid,0.0,Low,0.1256,Core Commercial Product
84031b,CHARLIE LOLA BLUE HOT WATER BOTTLE,16.63,16.63,1,1,1,0.0,0,Commercial Description,Valid,0.0,Low,0.1141,Core Commercial Product
84031a,CHARLIE+LOLA RED HOT WATER BOTTLE,16.63,16.63,1,1,1,0.0,0,Commercial Description,Valid,0.0,Low,0.1141,Core Commercial Product
85036a,GARDENIA 1 WICK MORRIS BOXED CANDLE,16.58,16.58,2,1,1,0.0,0,Commercial Description,Valid,0.0,Low,0.1184,Core Commercial Product
10124G,ARMY CAMO BOOKCOVER TAPE,16.38,16.38,38,11,10,0.0,0,Commercial Description,Valid,0.0,Low,0.155,Core Commercial Product
47503J ,SET/3 FLORAL GARDEN TOOLS IN BAG,16.13,16.13,1,1,1,0.0,0,Commercial Description,Valid,0.0,Low,0.1136,Core Commercial Product
85160b,BLACK BIRD GARDEN DESIGN MUG,16.13,16.13,1,1,1,0.0,0,Commercial Description,Valid,0.0,Low,0.1136,Core Commercial Product
90102,WHITE FRANGIPANI HAIR CLIP,16.11,16.11,19,5,5,0.0,0,Commercial Description,Valid,0.0,Low,0.1412,Core Commercial Product
62074B,ELEPHANT CLIP W SUCTION CUP,15.96,15.96,38,13,12,0.0,0,Commercial Description,Valid,0.0,Low,0.1544,Core Commercial Product
84630,FLOWERS AND BIRDS WALL PLAQUE,15.9,15.9,2,2,2,0.0,0,Commercial Description,Valid,0.0,Low,0.1176,Core Commercial Product
84250M,"GREETING CARD, BLACKPOOL ROCK",15.899999999999997,15.899999999999999,28,15,15,0.0,0,Commercial Description,Valid,0.0,Low,0.1482,Core Commercial Product
35932,PINK CHRISTMAS TREE DECORATION,15.63,15.629999999999999,37,11,11,0.0,0,Commercial Description,Valid,0.0,Low,0.1536,Core Commercial Product
84912a,PINK ROSE WASHBAG,15.56,15.56,2,1,1,0.0,0,Commercial Description,Valid,0.0,Low,0.1172,Core Commercial Product
21560,TOADSTOOL  LUNCHBOX WITH CUTLERY,15.44,15.44,4,6,6,0.0,0,Commercial Description,Valid,0.0,Low,0.1219,Core Commercial Product
21853,GUMBALL CUSTOM CARS TOP TRUMPS GAME,15.399999999999999,15.399999999999999,3,4,4,0.0,0,Commercial Description,Valid,0.0,Low,0.1197,Core Commercial Product
37481,CUBIC MUG TEATIME CAKES,15.3,15.3,6,3,3,0.0,0,Commercial Description,Valid,0.0,Low,0.1254,Core Commercial Product
84509e,SET OF 4 CAROUSEL PLACEMATS,15.24,15.24,2,1,1,0.0,0,Commercial Description,Valid,0.0,Low,0.1167,Core Commercial Product
85124c,GREEN JUICY FRUIT PHOTO FRAME,15.18,15.18,3,2,2,0.0,0,Commercial Description,Valid,0.0,Low,0.1193,Core Commercial Product
17174,ASSTD RASTA KEY-CHAINS,15.12,15.120000000000001,36,7,7,0.0,0,Commercial Description,Valid,0.0,Low,0.1521,Core Commercial Product
m,Manual,15.05,15.049999999999999,5,5,4,0.0,0,Commercial Description,Valid,0.0,Low,0.1231,Core Commercial Product
84206A,3 BLACK CATS W HEARTS BLANK CARD,15.01,15.01,79,10,9,0.0,0,Commercial Description,Valid,0.0,Low,0.1715,Core Commercial Product
90068,"RUBY GLASS NECKLACE 42""",15.0,15.0,2,2,2,0.0,0,Commercial Description,Valid,0.0,Low,0.116,Core Commercial Product
23449,SET OF 6 EASTER RAINBOW CHICKS,15.0,15.0,12,1,1,0.0,0,Commercial Description,Valid,0.0,Low,0.1328,Core Commercial Product
23621,SET 10 CARDS DAVID'S MADONNA 17074,14.940000000000001,14.940000000000001,6,4,4,0.0,0,Commercial Description,Valid,0.0,Low,0.1244,Core Commercial Product
84509g,SET OF 4 FAIRY CAKE PLACEMATS,14.92,14.92,2,2,2,0.0,0,Commercial Description,Valid,0.0,Low,0.1157,Core Commercial Product
35650,VINTAGE BEAD PINK JEWEL STAND,14.850000000000001,14.850000000000001,3,4,4,0.0,0,Commercial Description,Valid,0.0,Low,0.1182,Core Commercial Product
84567,FROSTED GLASS WITH SILVER SURROUND,14.85,14.85,9,2,2,0.0,0,Commercial Description,Valid,0.0,Low,0.1281,Core Commercial Product
90011D,PURPLE CRYSTAL DROP EARRINGS,14.75,14.75,5,6,6,0.0,0,Commercial Description,Valid,0.0,Low,0.122,Core Commercial Product
SP1002,KID'S CHALKBOARD/EASEL,14.75,14.75,5,3,3,0.0,0,Commercial Description,Valid,0.0,Low,0.122,Core Commercial Product
23634,SET 10 CARDS XMAS CHOIR 17068,14.55,14.55,5,5,5,0.0,0,Commercial Description,Valid,0.0,Low,0.1218,Core Commercial Product
21852,EMPIRE TEDDY,13.9,13.9,2,3,3,0.0,0,Commercial Description,Valid,0.0,Low,0.1148,Core Commercial Product
84868A,PINK BABY GIRL'S MEMORY BOX,13.9,13.9,2,3,3,0.0,0,Commercial Description,Valid,0.0,Low,0.1148,Core Commercial Product
84406b,CREAM CUPID HEARTS COAT HANGER,13.82,13.82,2,2,2,0.0,0,Commercial Description,Valid,0.0,Low,0.1146,Core Commercial Product
35597A,DUSTY PINK CHRISTMAS TREE 30CM,13.75,13.75,11,6,5,0.0,0,Commercial Description,Valid,0.0,Low,0.1301,Core Commercial Product
16245A,PINK MINI STATIONERY SET W CASE,13.75,13.75,11,9,9,0.0,0,Commercial Description,Valid,0.0,Low,0.1301,Core Commercial Product
35936,CERISE+GOLD CHRISTMAS TREE DEC,13.68,13.68,36,10,10,0.0,0,Commercial Description,Valid,0.0,Low,0.1499,Core Commercial Product
84814B,RHOMBUS CRYSTAL PERFUME BOTTLE,13.65,13.65,7,4,4,0.0,0,Commercial Description,Valid,0.0,Low,0.1241,Core Commercial Product
35443,RASTA IN BATH W SPLIFF ASHTRAY,13.599999999999998,13.6,16,10,10,0.0,0,Commercial Description,Valid,0.0,Low,0.1348,Core Commercial Product
79342b,BROWN FLOWER LIGHTS,13.57,13.57,1,1,1,0.0,0,Commercial Description,Valid,0.0,Low,0.1092,Core Commercial Product
84867a,PINK BABY GIRLS PHOTO ALBUM,13.57,13.57,1,1,1,0.0,0,Commercial Description,Valid,0.0,Low,0.1092,Core Commercial Product
85039b,S/4 IVORY MINI ROSE CANDLE IN BOWL,13.44,13.44,4,1,1,0.0,0,Commercial Description,Valid,0.0,Low,0.1184,Core Commercial Product
62097B,BLUE STRIPES SHOULDER BAG,13.370000000000001,13.370000000000001,11,6,6,0.0,0,Commercial Description,Valid,0.0,Low,0.1291,Core Commercial Product
23639,SET 10 CARDS MAGICAL TREE 17086,13.32,13.32,4,4,4,0.0,0,Commercial Description,Valid,0.0,Low,0.1181,Core Commercial Product
23607,SET 10 CARDS HATS & STOCKINGS 17081,13.28,13.28,8,7,7,0.0,0,Commercial Description,Valid,0.0,Low,0.1246,Core Commercial Product
85159b,"WHITE TEA,COFFEE,SUGAR JARS",13.0,13.0,1,1,1,0.0,0,Commercial Description,Valid,0.0,Low,0.1084,Core Commercial Product
35004s,SET OF 3 SILVER FLYING DUCKS,13.0,13.0,1,1,1,0.0,0,Commercial Description,Valid,0.0,Low,0.1084,Core Commercial Product
16192,PINK BALLET OPENING CUBE BOX,12.9,12.9,3,2,2,0.0,0,Commercial Description,Valid,0.0,Low,0.1155,Core Commercial Product
78056,CAMOUFLAGE BACKPACK ON WHEELS,29.849999999999998,12.849999999999998,3,5,5,-17.0,2,Commercial Description,Valid,0.5695,Very High,0.1153,High Return Risk
84989b,75 BLACK FAIRY CAKE CASES,12.8,12.8,10,6,6,0.0,0,Commercial Description,Valid,0.0,Low,0.1266,Core Commercial Product
84247J,PACK/12 RUSSIAN DOLL CARDS,12.78,12.780000000000001,10,9,9,0.0,0,Commercial Description,Valid,0.0,Low,0.1265,Core Commercial Product
84648,NEW BAROQUE WALL MIRROR,12.75,12.75,1,2,2,0.0,0,Commercial Description,Valid,0.0,Low,0.1074,Core Commercial Product
21772,VINTAGE METAL CAKE STAND CREAM,12.75,12.75,1,2,2,0.0,0,Commercial Description,Valid,0.0,Low,0.1074,Core Commercial Product
44092B,BLUE WHITE PLASTIC RINGS LAMPSHADE,12.75,12.75,15,6,6,0.0,0,Commercial Description,Valid,0.0,Low,0.132,Core Commercial Product
20812,EMBOSSED FLOWER TRELLIS PHOTO FRAME,12.75,12.75,5,4,4,0.0,0,Commercial Description,Valid,0.0,Low,0.1187,Core Commercial Product
72752B,"F.FAIRY,CANDLE IN GLASS,LAVENDER",12.75,12.75,3,3,3,0.0,0,Commercial Description,Valid,0.0,Low,0.1147,Core Commercial Product
85157,SET OF 2 CHESTS CHOCOLAT AU LAIT,12.72,12.72,1,1,1,0.0,0,Commercial Description,Valid,0.0,Low,0.1068,Core Commercial Product
DCGS0075,CAMOUFLAGUE DOG LEAD,12.72,12.72,1,1,1,0.0,0,Commercial Description,Valid,0.0,Low,0.1068,Core Commercial Product
DCGS0037,KEY-RING CORKSCREW,12.72,12.72,1,2,2,0.0,0,Commercial Description,Valid,0.0,Low,0.1068,Core Commercial Product
35004p,SET OF 3 PINK FLYING DUCKS,12.72,12.72,1,1,1,0.0,0,Commercial Description,Valid,0.0,Low,0.1068,Core Commercial Product
35751C,PURPLE CURRENT CANDLE RING,12.61,12.61,31,3,3,0.0,0,Commercial Description,Valid,0.0,Low,0.1439,Core Commercial Product
79149B,SILICON STAR BULB  BLUE,12.6,12.6,30,13,12,0.0,0,Commercial Description,Valid,0.0,Low,0.1431,Core Commercial Product
23635,SET 10 CARDS CHRISTMAS HOLLY  17259,12.48,12.48,3,3,3,0.0,0,Commercial Description,Valid,0.0,Low,0.1135,Core Commercial Product
23654,SET 10 CARD SNOWMAN 16965,12.450000000000001,12.450000000000001,5,4,4,0.0,0,Commercial Description,Valid,0.0,Low,0.1174,Core Commercial Product
84596g,SMALL CHOCOLATES PINK BOWL,12.399999999999999,12.399999999999999,5,2,2,0.0,0,Commercial Description,Valid,0.0,Low,0.1173,Core Commercial Product
90000C,OPAL WHITE/SILVER FLOWER NECKLACE,12.32,12.32,2,5,5,0.0,0,Commercial Description,Valid,0.0,Low,0.1104,Core Commercial Product
44242A,LILAC FEATHERS CURTAIN,11.98,11.98,14,2,2,0.0,0,Commercial Description,Valid,0.0,Low,0.1292,Core Commercial Product
22206,"MUG , DOTCOMGIFTSHOP.COM",11.82,11.82,14,10,10,0.0,0,Commercial Description,Valid,0.0,Low,0.1291,Core Commercial Product
85179a,GREEN BITTY LIGHT CHAIN,11.780000000000001,11.780000000000001,2,2,2,0.0,0,Commercial Description,Valid,0.0,Low,0.11,Core Commercial Product
23608,SET 10 CARDS RUDOLPHS NOSE 17097,11.64,11.64,4,3,3,0.0,0,Commercial Description,Valid,0.0,Low,0.1146,Core Commercial Product
23605,SET 10 CARDS 12 DAYS OF XMAS 17059,11.64,11.64,4,1,1,0.0,0,Commercial Description,Valid,0.0,Low,0.1146,Core Commercial Product
90025B,BAROQUE BUTTERFLY EARRINGS RED,11.290000000000001,11.29,3,4,4,0.0,0,Commercial Description,Valid,0.0,Low,0.1123,Core Commercial Product
79070b,ENGLISH ROSE SQUARE CAKE TINS,11.26,11.26,1,1,1,0.0,0,Commercial Description,Valid,0.0,Low,0.1049,Core Commercial Product
51012L,"FEATHER DUSTER, LIGHT PINK",12.5,11.25,10,8,8,-1.25,1,Commercial Description,Valid,0.1,Moderate,0.1233,Monitor Return Risk
84743C,ORANGE FELT VASE + FLOWERS,11.25,11.25,9,9,9,0.0,0,Commercial Description,Valid,0.0,Low,0.1218,Core Commercial Product
84366,VENDETTA CANVAS PICTURE,11.25,11.25,3,3,3,0.0,0,Commercial Description,Valid,0.0,Low,0.1118,Core Commercial Product
35918B,BLUE FLORIBUNDA EGG WARMER,12.5,11.25,10,9,9,-1.25,1,Commercial Description,Valid,0.1,Moderate,0.1233,Monitor Return Risk
17011B,ORIGAMI JASMINE INCENSE+FLOWER,11.100000000000001,11.100000000000001,19,4,4,0.0,0,Commercial Description,Valid,0.0,Low,0.1321,Core Commercial Product
47590a,BLUE HAPPY BIRTHDAY BUNTING,11.02,11.02,1,1,1,0.0,0,Commercial Description,Valid,0.0,Low,0.1041,Core Commercial Product
72785B,S/4 CONTEMPORY RED ROSEBUD CANDLES,10.9,10.9,9,4,4,0.0,0,Commercial Description,Valid,0.0,Low,0.1213,Core Commercial Product
84732D,CUTE RABBIT CEATURE SCREEN,10.89,10.89,15,6,6,0.0,0,Commercial Description,Valid,0.0,Low,0.1284,Core Commercial Product
84536b,FAIRY CAKES NOTEBOOK A7 SIZE,10.530000000000001,10.530000000000001,13,5,4,0.0,0,Commercial Description,Valid,0.0,Low,0.126,Core Commercial Product
16169A,WRAP CHRISTMAS DECOUPAGE,10.5,10.5,25,2,2,0.0,0,Commercial Description,Valid,0.0,Low,0.1367,Core Commercial Product
16169G,WRAP ROMANTIC DECOUPAGE,10.5,10.5,25,2,2,0.0,0,Commercial Description,Valid,0.0,Low,0.1367,Core Commercial Product
17084G,MOON INCENSE,10.5,10.5,50,3,3,0.0,0,Commercial Description,Valid,0.0,Low,0.1513,Core Commercial Product
21858,HIGH SCHOOL MUSICAL 3 TOP TRUMPS,10.23,10.23,2,5,5,0.0,0,Commercial Description,Valid,0.0,Low,0.1076,Core Commercial Product
21857,STAR WARS TOP TRUMPS GAME,10.23,10.23,2,3,3,0.0,0,Commercial Description,Valid,0.0,Low,0.1076,Core Commercial Product
85124b,BLUE JUICY FRUIT PHOTO FRAME,10.23,10.23,2,2,2,0.0,0,Commercial Description,Valid,0.0,Low,0.1076,Core Commercial Product
20939,ORANGE CANDLE,10.2,10.2,12,2,2,0.0,0,Commercial Description,Valid,0.0,Low,0.1241,Core Commercial Product
85232d,SET/3 DECOUPAGE STACKING TINS,10.17,10.17,1,1,1,0.0,0,Commercial Description,Valid,0.0,Low,0.1026,Core Commercial Product
90214W,"LETTER ""W"" BLING KEY RING",10.17,10.17,19,8,8,0.0,0,Commercial Description,Valid,0.0,Low,0.1304,Core Commercial Product
84661c,PINK SQUARE TABLE CLOCK,10.12,10.12,2,2,2,0.0,0,Commercial Description,Valid,0.0,Low,0.1069,Core Commercial Product
84661a,WHITE SQUARE TABLE CLOCK,10.02,10.02,2,2,2,0.0,0,Commercial Description,Valid,0.0,Low,0.1068,Core Commercial Product
23615,SET 10 CARDS PRINTED GRAPHIC 17219,9.96,9.96,4,4,4,0.0,0,Commercial Description,Valid,0.0,Low,0.1113,Core Commercial Product
23624,SET 10 CARD PERFECT NATIVITY 17089,9.96,9.96,4,4,4,0.0,0,Commercial Description,Valid,0.0,Low,0.1113,Core Commercial Product
23650,SET 10 CARDS FILIGREE BAUBLE 16961,9.96,9.96,4,4,4,0.0,0,Commercial Description,Valid,0.0,Low,0.1113,Core Commercial Product
23619,SET 10 CARDS POINSETTIA 17093,9.96,9.96,4,2,2,0.0,0,Commercial Description,Valid,0.0,Low,0.1113,Core Commercial Product
84971s,SMALL HEART FLOWERS HOOK,9.959999999999999,9.959999999999999,6,3,3,0.0,0,Commercial Description,Valid,0.0,Low,0.1147,Core Commercial Product
84534b,FAIRY CAKE NOTEBOOK A5 SIZE,9.959999999999999,9.959999999999999,6,5,4,0.0,0,Commercial Description,Valid,0.0,Low,0.1147,Core Commercial Product
85049b,LUSH GREENS RIBBONS,9.94,9.94,4,3,3,0.0,0,Commercial Description,Valid,0.0,Low,0.1107,Core Commercial Product
85231g,ORANGE SCENTED SET/9 T-LIGHTS,9.779999999999998,9.78,6,6,6,0.0,0,Commercial Description,Valid,0.0,Low,0.1144,Core Commercial Product
81953P,ROUND ARTICULATED PINK CLOCK W/SUCK,9.57,9.57,33,7,7,0.0,0,Commercial Description,Valid,0.0,Low,0.14,Core Commercial Product
72708,SCULPTED ROUND IVORY CANDLE,9.24,9.24,44,6,6,0.0,0,Commercial Description,Valid,0.0,Low,0.1457,Core Commercial Product
23441,HAND PAINTED HANGING EASTER EGG,9.24,9.24,22,3,3,0.0,0,Commercial Description,Valid,0.0,Low,0.1314,Core Commercial Product
90184c,BLACK CHUNKY BEAD BRACELET W STRAP,9.15,9.15,1,1,1,0.0,0,Commercial Description,Valid,0.0,Low,0.1007,Core Commercial Product
20882,MODERN CHRISTMAS TREE CANDLE,8.850000000000001,8.850000000000001,3,3,3,0.0,0,Commercial Description,Valid,0.0,Low,0.1076,Core Commercial Product
18098B,BLUE PORCELAIN B'FLY OIL BURNER,8.850000000000001,8.850000000000001,3,4,4,0.0,0,Commercial Description,Valid,0.0,Low,0.1076,Core Commercial Product
35598C,WHITE CHRISTMAS TREE 60CM,8.850000000000001,8.850000000000001,3,5,5,0.0,0,Commercial Description,Valid,0.0,Low,0.1076,Core Commercial Product
62097A,PINK STRIPES SHOULDER BAG,8.850000000000001,8.850000000000001,3,5,5,0.0,0,Commercial Description,Valid,0.0,Low,0.1076,Core Commercial Product
71496B,A4 WALL TIDY RED FLOWERS,8.67,8.67,15,6,6,0.0,0,Commercial Description,Valid,0.0,Low,0.1246,Core Commercial Product
21406,SPOTTY CAT DOORSTOP,8.65,8.65,1,2,2,0.0,0,Commercial Description,Valid,0.0,Low,0.0998,Core Commercial Product
20739,*USB Office Glitter Lamp,8.65,8.65,1,1,1,0.0,0,Commercial Description,Valid,0.0,Low,0.0998,Core Commercial Product
90013E,AMBER VINTAGE EARRINGS,8.57,8.57,2,3,3,0.0,0,Commercial Description,Valid,0.0,Low,0.1042,Core Commercial Product
79323B,BLACK CHERRY LIGHTS,1565.7000000000003,8.500000000000028,242,111,111,-1557.2,248,Commercial Description,Valid,0.9946,Very High,0.1954,High Return Risk
84572,6 HOOK JEWEL STAND LILAC DRESS,8.49,8.49,1,2,2,0.0,0,Commercial Description,Valid,0.0,Low,0.0994,Core Commercial Product
90126B,BLUE BERTIE MOBILE PHONE CHARM,8.48,8.48,3,3,3,0.0,0,Commercial Description,Valid,0.0,Low,0.1065,Core Commercial Product
84030b,KNITTED POM POM HOT WATER BOTTLE,8.46,8.46,1,1,1,0.0,0,Commercial Description,Valid,0.0,Low,0.0991,Core Commercial Product
23612,SET 10 MINICARDS CUTE SNOWMAN 17071,8.299999999999999,8.299999999999999,5,2,2,0.0,0,Commercial Description,Valid,0.0,Low,0.1103,Core Commercial Product
72802c,VANILLA SCENT CANDLE JEWELLED BOX,8.29,8.29,1,1,1,0.0,0,Commercial Description,Valid,0.0,Low,0.0988,Core Commercial Product
85034b,3 WHITE CHOC MORRIS BOXED CANDLES,8.29,8.29,1,1,1,0.0,0,Commercial Description,Valid,0.0,Low,0.0988,Core Commercial Product
84029c,BROWN FURRY HOT WATER BOTTLE,7.78,7.78,1,1,1,0.0,0,Commercial Description,Valid,0.0,Low,0.0986,Core Commercial Product
44091A,BLUE CRUSOE CHECK LAMPSHADE,7.5600000000000005,7.56,18,9,9,0.0,0,Commercial Description,Valid,0.0,Low,0.1253,Core Commercial Product
90025A,BAROQUE BUTTERFLY EARRINGS BLACK,7.5,7.5,2,4,4,0.0,0,Commercial Description,Valid,0.0,Low,0.1027,Core Commercial Product
46037A,PINK CANVAS DES CUSHION COVER,7.5,7.5,6,3,3,0.0,0,Commercial Description,Valid,0.0,Low,0.1113,Core Commercial Product
82011E,"BATHROOM SCALES, FAG BREAK",7.5,7.5,2,3,3,0.0,0,Commercial Description,Valid,0.0,Low,0.1027,Core Commercial Product
82613a,"METAL SIGN,CUPCAKE SINGLE HOOK",7.4799999999999995,7.4799999999999995,3,3,3,0.0,0,Commercial Description,Valid,0.0,Low,0.1052,Core Commercial Product
23633,SET 10 CARDS WORLD CHILDREN 17067,7.470000000000001,7.470000000000001,3,3,3,0.0,0,Commercial Description,Valid,0.0,Low,0.105,Core Commercial Product
84201B,HAPPY BIRTHDAY CARD STRIPEY TEDDY,7.409999999999999,7.41,39,8,8,0.0,0,Commercial Description,Valid,0.0,Low,0.1394,Core Commercial Product
90111,BLUE HIBISCUS  HAIR CLIP,7.35,7.35,7,9,9,0.0,0,Commercial Description,Valid,0.0,Low,0.1121,Core Commercial Product
85230C,ROSE SCENTED VOTIVE CANDLE,6.959999999999999,6.959999999999999,24,2,2,0.0,0,Commercial Description,Valid,0.0,Low,0.1297,Core Commercial Product
85230D,VANILLA SCENTED VOTIVE CANDLE,6.959999999999999,6.959999999999999,24,2,2,0.0,0,Commercial Description,Valid,0.0,Low,0.1297,Core Commercial Product
84705b,FAIRY CAKES PHOTO FRAME,6.86,6.86,2,2,2,0.0,0,Commercial Description,Valid,0.0,Low,0.1017,Core Commercial Product
37484,ENGLISH ROSE TEA FOR ONE GIFT BOX,6.75,6.75,1,2,2,0.0,0,Commercial Description,Valid,0.0,Low,0.0969,Core Commercial Product
48173A,DOOR MAT BLUE FLOCK,6.75,6.75,1,2,2,0.0,0,Commercial Description,Valid,0.0,Low,0.0969,Core Commercial Product
85185E,DUCK SOCK PUPPET,11.8,6.700000000000002,4,4,4,-5.1,2,Commercial Description,Valid,0.4322,Very High,0.1061,High Return Risk
23604,SET 10 MINI SANTA & SNOWMAN  17087,6.640000000000001,6.640000000000001,4,2,2,0.0,0,Commercial Description,Valid,0.0,Low,0.106,Core Commercial Product
20678,LARGE BLACK DIAMANTE HAIRSLIDE,6.6,6.6,4,1,1,0.0,0,Commercial Description,Valid,0.0,Low,0.1058,Core Commercial Product
20858,SILVER PURSE GOLD PINK BUTTERFLY,6.6,6.6,4,2,2,0.0,0,Commercial Description,Valid,0.0,Low,0.1058,Core Commercial Product
85231b,CINAMMON SET OF 9 T-LIGHTS,6.579999999999999,6.58,4,4,4,0.0,0,Commercial Description,Valid,0.0,Low,0.1056,Core Commercial Product
20884,MODERN CHRISTMAS TREE CANDLE,6.300000000000001,6.300000000000001,3,5,5,0.0,0,Commercial Description,Valid,0.0,Low,0.1033,Core Commercial Product
79140,ASS WINDPROOF MARIJUANA LIGHTERS,6.3,6.3,15,5,5,0.0,0,Commercial Description,Valid,0.0,Low,0.1205,Core Commercial Product
82072,WHITE WOOD SINGLE P/FRAME,6.25,6.25,5,5,5,0.0,0,Commercial Description,Valid,0.0,Low,0.1069,Core Commercial Product
20942,SET/6 GINGERBREAD TREE T-LIGHTS,7.5,6.25,6,6,6,-1.25,1,Commercial Description,Valid,0.1667,High,0.1087,High Return Risk
37408,ASSORTED DESIGN GEISHA GIRL MUGS,6.25,6.25,5,2,2,0.0,0,Commercial Description,Valid,0.0,Low,0.1069,Core Commercial Product
20673,STRAWBERRIES PRINT BOWL,6.25,6.25,5,3,3,0.0,0,Commercial Description,Valid,0.0,Low,0.1069,Core Commercial Product
23610,SET 10 CARDS CHRISTMAS ROBIN 17095,6.24,6.24,3,3,3,0.0,0,Commercial Description,Valid,0.0,Low,0.1025,Core Commercial Product
85123b,ZINC HANGING HEART T-LITE HLDR,6.04,6.04,1,1,1,0.0,0,Commercial Description,Valid,0.0,Low,0.0951,Core Commercial Product
79051a,SMOKEY GREY COLOUR D.O.F. GLASS,6.04,6.04,1,1,1,0.0,0,Commercial Description,Valid,0.0,Low,0.0951,Core Commercial Product
85077,KISSING REINDEER TABLE RUNNER,5.95,5.95,1,2,2,0.0,0,Commercial Description,Valid,0.0,Low,0.0947,Core Commercial Product
72751B,"F.FAIRY S/3 SML CANDLE, LAVENDER",5.95,5.95,1,3,3,0.0,0,Commercial Description,Valid,0.0,Low,0.0947,Core Commercial Product
72751A,"F.FAIRY S/3 SML CANDLE,LILY/VALLEY",5.95,5.95,1,2,2,0.0,0,Commercial Description,Valid,0.0,Low,0.0947,Core Commercial Product
72751C,"F.FAIRY S/3 SML CANDLE, ROSE",5.95,5.95,1,3,3,0.0,0,Commercial Description,Valid,0.0,Low,0.0947,Core Commercial Product
37409,ASSORTED DESIGN FLOWER MUGS,5.949999999999999,5.949999999999999,7,4,4,0.0,0,Commercial Description,Valid,0.0,Low,0.109,Core Commercial Product
85184d,S/4 BLUE ROUND DECOUPAGE BOXES,5.91,5.91,1,1,1,0.0,0,Commercial Description,Valid,0.0,Low,0.0942,Core Commercial Product
35823P,"ACRYLIC BEAD GARLAND,PINK",5.9,5.9,2,3,3,0.0,0,Commercial Description,Valid,0.0,Low,0.0984,Core Commercial Product
79303A,WHITE ROHMBIC BLOCK TABLE LAMP,5.9,5.9,2,3,3,0.0,0,Commercial Description,Valid,0.0,Low,0.0984,Core Commercial Product
35821P,"JEWELLED DECORATION,PINK",5.9,5.9,2,3,3,0.0,0,Commercial Description,Valid,0.0,Low,0.0984,Core Commercial Product
18098A,PINK PORCELAIN B'FLY OIL BURNER,5.9,5.9,2,3,3,0.0,0,Commercial Description,Valid,0.0,Low,0.0984,Core Commercial Product
85186B,BUNNY BUNCH OF FLOWERS,5.88,5.88,14,3,3,0.0,0,Commercial Description,Valid,0.0,Low,0.117,Core Commercial Product
35051B,PINK BEADED CONE CHRISTMAS,5.88,5.88,14,3,3,0.0,0,Commercial Description,Valid,0.0,Low,0.117,Core Commercial Product
23638,SET 10 CARDS ROBIN WATERPUMP  17096,5.82,5.82,2,2,2,0.0,0,Commercial Description,Valid,0.0,Low,0.0977,Core Commercial Product
23652,SET 10 CARD CHRISTMAS STAMPS 16963,5.82,5.82,2,1,1,0.0,0,Commercial Description,Valid,0.0,Low,0.0977,Core Commercial Product
23617,SET 10 CARDS SWIRLY XMAS TREE 17104,5.82,5.82,2,1,1,0.0,0,Commercial Description,Valid,0.0,Low,0.0977,Core Commercial Product
35537,CANDLE RING W/CLEAR BEADS,5.46,5.46,13,5,5,0.0,0,Commercial Description,Valid,0.0,Low,0.1152,Core Commercial Product
21838,DADDY MOUSE RED GINGHAM BOW TIE,5.45,5.45,1,2,2,0.0,0,Commercial Description,Valid,0.0,Low,0.0928,Core Commercial Product
35751D,PINK CURRENT CANDLE RING,5.32,5.32,28,1,1,0.0,0,Commercial Description,Valid,0.0,Low,0.1279,Core Commercial Product
16010,FOLDING CAMPING SCISSOR W/KNIF & S,5.28,5.279999999999999,44,6,5,0.0,0,Commercial Description,Valid,0.0,Low,0.1374,Core Commercial Product
16215,FUNKY GIRLZ MAGNETIC TO DO LIST,5.2,5.2,8,4,4,0.0,0,Commercial Description,Valid,0.0,Low,0.1084,Core Commercial Product
21860,DR WHO TOP TRUMPS GAME,5.17,5.17,1,1,1,0.0,0,Commercial Description,Valid,0.0,Low,0.0922,Core Commercial Product
21854,EURO FOOTBALL STARS TOP TRUMPS GAME,5.17,5.17,1,2,2,0.0,0,Commercial Description,Valid,0.0,Low,0.0922,Core Commercial Product
71434B,"BLACK RND BULLET""KEEP CLEAN"" BIN",5.1,5.1,2,4,4,0.0,0,Commercial Description,Valid,0.0,Low,0.0965,Core Commercial Product
71101A,ANGEL ON KNEES METAL POLE 100CM H,5.1,5.1,6,2,2,0.0,0,Commercial Description,Valid,0.0,Low,0.1051,Core Commercial Product
90142C,ROSE PINK PENDANT SHELL NECKLACE,5.09,5.09,1,1,1,0.0,0,Commercial Description,Valid,0.0,Low,0.0917,Core Commercial Product
90142B,IVORY PENDANT SHELL NECKLACE,5.09,5.09,1,1,1,0.0,0,Commercial Description,Valid,0.0,Low,0.0917,Core Commercial Product
84942,KASHMIR FOLKART HEART DISHES,5.07,5.07,3,4,4,0.0,0,Commercial Description,Valid,0.0,Low,0.0987,Core Commercial Product
DCGS0041,HAYNES MINI-COOPER PLAYING CARDS,5.06,5.06,1,1,1,0.0,0,Commercial Description,Valid,0.0,Low,0.0913,Core Commercial Product
72740B,LARGE WHITE CHOCOLATE CANDLE,5.06,5.06,1,2,2,0.0,0,Commercial Description,Valid,0.0,Low,0.0913,Core Commercial Product
79151B,"SILICON CUBE 25W, BLUE",5.04,5.04,12,3,2,0.0,0,Commercial Description,Valid,0.0,Low,0.1123,Core Commercial Product
20877,MODERN CHRISTMAS BAUBLE CANDLE,5.04,5.04,12,6,6,0.0,0,Commercial Description,Valid,0.0,Low,0.1123,Core Commercial Product
84596j,MIXED NUTS LIGHT GREEN BOWL,5.02,5.02,2,2,2,0.0,0,Commercial Description,Valid,0.0,Low,0.0953,Core Commercial Product
23649,SET 10 CARDS DECK THE HALLS 16960,4.98,4.98,2,2,2,0.0,0,Commercial Description,Valid,0.0,Low,0.0951,Core Commercial Product
47593b,SCOTTIE DOGS BABY BIB,4.98,4.98,6,1,1,0.0,0,Commercial Description,Valid,0.0,Low,0.1037,Core Commercial Product
84661b,BLACK SQUARE TABLE CLOCK,4.96,4.96,1,1,1,0.0,0,Commercial Description,Valid,0.0,Low,0.0904,Core Commercial Product
85232C,RUSSIAN FOLKART STACKING TINS,4.95,4.95,1,3,3,0.0,0,Commercial Description,Valid,0.0,Low,0.0903,Core Commercial Product
85049d,BRIGHT BLUES RIBBONS,4.92,4.92,2,2,2,0.0,0,Commercial Description,Valid,0.0,Low,0.0946,Core Commercial Product
84971l,LARGE HEART FLOWERS HOOK,4.92,4.92,2,1,1,0.0,0,Commercial Description,Valid,0.0,Low,0.0946,Core Commercial Product
90214U,"LETTER ""U"" BLING KEY RING",4.7299999999999995,4.7299999999999995,13,2,2,0.0,0,Commercial Description,Valid,0.0,Low,0.1122,Core Commercial Product
45014,FOLDING SHIRT TIDY,4.65,4.65,1,1,1,0.0,0,Commercial Description,Valid,0.0,Low,0.0898,Core Commercial Product
81953B,ROUND ARTICULATED BLUE CLOCK W/SUCK,4.640000000000001,4.64,14,9,7,0.0,0,Commercial Description,Valid,0.0,Low,0.1131,Core Commercial Product
37326,FAIRY DESIGN MUGS,4.609999999999999,4.609999999999999,2,4,4,0.0,0,Commercial Description,Valid,0.0,Low,0.094,Core Commercial Product
72529w,WHITE ADVENT CANDLE,4.3,4.3,1,1,1,0.0,0,Commercial Description,Valid,0.0,Low,0.0894,Core Commercial Product
72752A,"F.FAIRY,CANDLE IN GLASS,LILY/VALLEY",4.25,4.25,1,2,2,0.0,0,Commercial Description,Valid,0.0,Low,0.089,Core Commercial Product
79157V,UBO-LIGHT TRIOBASE PURPLE,4.25,4.25,5,3,3,0.0,0,Commercial Description,Valid,0.0,Low,0.1003,Core Commercial Product
79157B,UBO-LIGHT TRIOBASE BLUE,4.25,4.25,5,3,3,0.0,0,Commercial Description,Valid,0.0,Low,0.1003,Core Commercial Product
21409,SPOTTY COCKEREL DOORSTOP,4.25,4.25,1,2,2,0.0,0,Commercial Description,Valid,0.0,Low,0.089,Core Commercial Product
47594a,CAROUSEL DESIGN WASHBAG,4.21,4.21,1,1,1,0.0,0,Commercial Description,Valid,0.0,Low,0.0887,Core Commercial Product
84255A,PINK GLASS COCKTAIL LAMP,4.2,4.2,2,4,4,0.0,0,Commercial Description,Valid,0.0,Low,0.0931,Core Commercial Product
46776b,WOVEN BERRIES CUSHION COVER,4.13,4.13,1,1,1,0.0,0,Commercial Description,Valid,0.0,Low,0.0884,Core Commercial Product
46776e,WOVEN CANDY CUSHION COVER,4.13,4.13,1,1,1,0.0,0,Commercial Description,Valid,0.0,Low,0.0884,Core Commercial Product
37432,MUG PINK AND PURPLE ARABIC DESIGN,3.9,3.9,6,2,2,0.0,0,Commercial Description,Valid,0.0,Low,0.1012,Core Commercial Product
72084B,CHOCOLATE ICE CREAM CANDLE,3.9,3.9,2,2,2,0.0,0,Commercial Description,Valid,0.0,Low,0.0926,Core Commercial Product
35995,SET/6 BLACK GLITTER REINDEER CANDLE,3.78,3.7800000000000002,5,6,6,0.0,0,Commercial Description,Valid,0.0,Low,0.0992,Core Commercial Product
37438,FUNKY FLOWER COFFEE POT,3.75,3.75,1,2,2,0.0,0,Commercial Description,Valid,0.0,Low,0.0876,Core Commercial Product
40046C,PINK BUTTERFLY PAPER LAMPSHADE,3.75,3.75,3,5,5,0.0,0,Commercial Description,Valid,0.0,Low,0.0948,Core Commercial Product
35974,S/6 CHRISTMAS TREE PLACE SETTING,3.75,3.75,1,2,2,0.0,0,Commercial Description,Valid,0.0,Low,0.0876,Core Commercial Product
90004A,JADE GREEN PAIR ENAMEL HAIR SLIDES,3.75,3.75,1,2,2,0.0,0,Commercial Description,Valid,0.0,Low,0.0876,Core Commercial Product
84731,3 BIRDS CANVAS SCREEN,3.69,3.69,3,3,3,0.0,0,Commercial Description,Valid,0.0,Low,0.0945,Core Commercial Product
35001P,HAND OPEN SHAPE PINK,6.98,3.49,2,4,4,-3.49,1,Commercial Description,Valid,0.5,Very High,0.0916,High Return Risk
35818C,"ACRYLIC JEWEL ICICLE, CLEAR",3.43,3.43,1,2,2,0.0,0,Commercial Description,Valid,0.0,Low,0.087,Core Commercial Product
21081,SET/20 POSIES PAPER NAPKINS,3.4,3.4,4,5,5,0.0,0,Commercial Description,Valid,0.0,Low,0.0962,Core Commercial Product
84559d,3D SHEET OF SEA WORLD STICKERS,3.38,3.38,2,1,1,0.0,0,Commercial Description,Valid,0.0,Low,0.0912,Core Commercial Product
23643,SET 10 CARDS CHRISTMAS BAUBLE 16954,3.33,3.33,1,1,1,0.0,0,Commercial Description,Valid,0.0,Low,0.0866,Core Commercial Product
20683,RAIN GIRL CHILDS UMBRELLA,3.25,3.25,1,3,3,0.0,0,Commercial Description,Valid,0.0,Low,0.0865,Core Commercial Product
84985b,SET OF 72 BLACK PAPER DOILIES,2.98,2.98,1,1,1,0.0,0,Commercial Description,Valid,0.0,Low,0.0863,Core Commercial Product
23609,SET 10 CARDS SNOWY ROBIN 17099,2.91,2.91,1,1,1,0.0,0,Commercial Description,Valid,0.0,Low,0.0861,Core Commercial Product
23602,SET 10 CARDS 3 WISE MEN 17107,2.91,2.91,1,1,1,0.0,0,Commercial Description,Valid,0.0,Low,0.0861,Core Commercial Product
23628,SET 10 CARDS TRIANGLE ICONS  17220,2.91,2.91,1,1,1,0.0,0,Commercial Description,Valid,0.0,Low,0.0861,Core Commercial Product
90183c,BLACK DROP EARRINGS W LONG BEADS,2.9,2.9,1,1,1,0.0,0,Commercial Description,Valid,0.0,Low,0.0858,Core Commercial Product
DCGS0044,HANDZ-OFF CAR FRESHENER,2.57,2.57,1,1,1,0.0,0,Commercial Description,Valid,0.0,Low,0.0857,Core Commercial Product
90091,CRYSTAL DRAGONFLY PHONE CHARM,2.55,2.55,3,6,6,0.0,0,Commercial Description,Valid,0.0,Low,0.0924,Core Commercial Product
21036,SET/2 TEA TOWELS MODERN VINTAGE,2.55,2.55,1,2,2,0.0,0,Commercial Description,Valid,0.0,Low,0.0851,Core Commercial Product
35999,S/6 SCANDINAVIAN HEART T-LIGHT,2.55,2.55,1,2,2,0.0,0,Commercial Description,Valid,0.0,Low,0.0851,Core Commercial Product
20881,MODERN CHRISTMAS TREE CANDLE,2.55,2.55,3,3,3,0.0,0,Commercial Description,Valid,0.0,Low,0.0924,Core Commercial Product
47556,SET/2 SPOTTY + ROSE TEA TOWELS,2.55,2.55,1,2,2,0.0,0,Commercial Description,Valid,0.0,Low,0.0851,Core Commercial Product
47554,S/3 COLOURS FLOCK TEA TOWELS,2.55,2.55,1,2,2,0.0,0,Commercial Description,Valid,0.0,Low,0.0851,Core Commercial Product
85171,S/2 HYACINTH BULB CANDLES,2.55,2.55,1,2,2,0.0,0,Commercial Description,Valid,0.0,Low,0.0851,Core Commercial Product
17028J,INCENSE BAZAAR PEACH,2.52,2.52,6,1,1,0.0,0,Commercial Description,Valid,0.0,Low,0.0977,Core Commercial Product
47593a,CAROUSEL DESIGN BABY BIB,2.51,2.51,1,1,1,0.0,0,Commercial Description,Valid,0.0,Low,0.0843,Core Commercial Product
DCGS0062,ROAD-RAGE CAR FRESHENER,2.51,2.51,1,2,2,0.0,0,Commercial Description,Valid,0.0,Low,0.0843,Core Commercial Product
21008,ETCHED GLASS HEART TREE DECORATION,2.51,2.51,1,2,2,0.0,0,Commercial Description,Valid,0.0,Low,0.0843,Core Commercial Product
90127B,BLUE BEADS+HAND PHONE CHARM,2.5,2.5,2,2,2,0.0,0,Commercial Description,Valid,0.0,Low,0.0885,Core Commercial Product
21290,LARGE SPOTTY CHOCOLATE GIFT BAG,2.5,2.5,2,2,2,0.0,0,Commercial Description,Valid,0.0,Low,0.0885,Core Commercial Product
21225,POCKET MIRROR BUTTERFLY,2.5,2.5,2,3,3,0.0,0,Commercial Description,Valid,0.0,Low,0.0885,Core Commercial Product
23630,SET 10 CARDS HANGING BAUBLES 17080,5.48,2.49,2,3,3,-2.99,1,Commercial Description,Valid,0.5456,Very High,0.0882,High Return Risk
84596l,BISCUITS SMALL BOWL LIGHT BLUE,2.46,2.46,1,1,1,0.0,0,Commercial Description,Valid,0.0,Low,0.0835,Core Commercial Product
85049c,ROMANTIC PINKS RIBBONS,2.46,2.46,1,1,1,0.0,0,Commercial Description,Valid,0.0,Low,0.0835,Core Commercial Product
84510b,SET OF 4 FAIRY CAKES COASTERS,2.15,2.15,1,1,1,0.0,0,Commercial Description,Valid,0.0,Low,0.0833,Core Commercial Product
17061,ASSORTED SHAPED STENCIL FOR HENNA,2.08,2.08,52,2,2,0.0,0,Commercial Description,Valid,0.0,Low,0.1323,Core Commercial Product
84814A,HEXAGONAL CRYSTAL PERFUME BOTTLE,1.95,1.95,1,3,3,0.0,0,Commercial Description,Valid,0.0,Low,0.0828,Core Commercial Product
35945,GOLD CHRISTMAS STOCKING DECORATION,1.95,1.95,1,2,2,0.0,0,Commercial Description,Valid,0.0,Low,0.0828,Core Commercial Product
85192S,HANGING SPRING FLOWER HEART SMALL,1.9500000000000002,1.95,3,3,3,0.0,0,Commercial Description,Valid,0.0,Low,0.0901,Core Commercial Product
46138D,GREEN CHENILLE SHAGGY C/COVER,1.95,1.95,1,1,1,0.0,0,Commercial Description,Valid,0.0,Low,0.0828,Core Commercial Product
84206C,CHAMPAGNE TRAY BLANK CARD,1.9000000000000001,1.9,10,4,4,0.0,0,Commercial Description,Valid,0.0,Low,0.1011,Core Commercial Product
84201C,HAPPY BIRTHDAY CARD TEDDY/CAKE,1.9,1.9,10,3,3,0.0,0,Commercial Description,Valid,0.0,Low,0.1011,Core Commercial Product
84206B,CAT W SUNGLASSES BLANK CARD,1.71,1.71,9,2,2,0.0,0,Commercial Description,Valid,0.0,Low,0.0995,Core Commercial Product
30086C,ASSORTED FRUIT STRAWS,1.7,1.7,1,1,1,0.0,0,Commercial Description,Valid,0.0,Low,0.082,Core Commercial Product
35837,SET OF SIX SILVER+RED FLOCK BAUBLES,1.7,1.7,2,2,2,0.0,0,Commercial Description,Valid,0.0,Low,0.0865,Core Commercial Product
20737,RED MINI TAPE MEASURE,1.7,1.7,1,2,2,0.0,0,Commercial Description,Valid,0.0,Low,0.082,Core Commercial Product
72754D,F FAIRY POTPOURRI CUSHIONS SUMMER,1.69,1.69,1,3,3,0.0,0,Commercial Description,Valid,0.0,Low,0.0817,Core Commercial Product
10109,BENDY COLOUR PENCILS,1.68,1.68,4,2,2,0.0,0,Commercial Description,Valid,0.0,Low,0.0909,Core Commercial Product
85231e,STRAWBERRY SCENTED SET/9 T-LIGHTS,1.66,1.66,1,1,1,0.0,0,Commercial Description,Valid,0.0,Low,0.0814,Core Commercial Product
23664,FLOWER SHOP DESIGN MUG,1.65,1.65,1,1,1,0.0,0,Commercial Description,Valid,0.0,Low,0.0811,Core Commercial Product
85024A,CRYSTAL SMALL JEWELLED PHOTOFRAME,1.65,1.65,1,1,1,0.0,0,Commercial Description,Valid,0.0,Low,0.0811,Core Commercial Product
72796C,S/3 ROSE GARDEN SCENT SQU CANDLE,1.65,1.65,1,2,2,0.0,0,Commercial Description,Valid,0.0,Low,0.0811,Core Commercial Product
21585,SWALLOW SMALL TUBE MATCHES,1.65,1.65,1,3,3,0.0,0,Commercial Description,Valid,0.0,Low,0.0811,Core Commercial Product
35980B,RED TOP SCANDINAVIAN HEART,1.52,1.52,4,3,3,0.0,0,Commercial Description,Valid,0.0,Low,0.0901,Core Commercial Product
35950,FOLKART HEART CHRISTMAS DECORATIONS,1.25,1.25,1,2,2,0.0,0,Commercial Description,Valid,0.0,Low,0.0806,Core Commercial Product
84845A,HOLLYHOCK SQUARE HANDY TIN,1.25,1.25,1,2,2,0.0,0,Commercial Description,Valid,0.0,Low,0.0806,Core Commercial Product
TEST002,This is a test product.,1.0,1.0,1,2,2,0.0,0,Commercial Description,Valid,0.0,Low,0.0804,Core Commercial Product
20721,OWLS CHARLOTTE BAG,0.85,0.85,1,2,2,0.0,0,Commercial Description,Valid,0.0,Low,0.0803,Core Commercial Product
51014c,"FEATHER PEN,COAL BLACK",0.83,0.83,1,1,1,0.0,0,Commercial Description,Valid,0.0,Low,0.0801,Core Commercial Product
35930,PINK HEART CHRISTMAS DECORATION,0.38,0.38,1,2,2,0.0,0,Commercial Description,Valid,0.0,Low,0.0799,Core Commercial Product
84205C,HAPPY BIRTHDAY GINGER CAT CARD,0.38,0.38,2,1,1,0.0,0,Commercial Description,Valid,0.0,Low,0.0844,Core Commercial Product
44217M,MULTICOLOUR FEATHERS CURTAIN,236.40000000000003,1.4210854715202004e-14,72,6,6,-236.40000000000003,72,Commercial Description,Valid,1.0,Very High,0.1367,High Return Risk
22850,BREAD BIN DINER STYLE BLACK,123.6,7.105427357601002e-15,8,6,4,-123.6,8,Commercial Description,Valid,1.0,Very High,0.0956,High Return Risk
72777,,0.0,0.0,0,1,1,0.0,0,Missing Description,Review Required,,,0.0403,Review / Operational
72768,,0.0,0.0,0,1,1,0.0,0,Missing Description,Review Required,,,0.0403,Review / Operational
72759,thrown away-can't sell.,0.0,0.0,0,2,2,0.0,0,Operational / Dirty Description,Review Required,,,0.0403,Review / Operational
22213,,0.0,0.0,0,1,1,0.0,0,Missing Description,Review Required,,,0.0403,Review / Operational
85231K,,0.0,0.0,0,1,1,0.0,0,Missing Description,Review Required,,,0.0403,Review / Operational
85231D,,0.0,0.0,0,1,1,0.0,0,Missing Description,Review Required,,,0.0403,Review / Operational
85231A,,0.0,0.0,0,1,1,0.0,0,Missing Description,Review Required,,,0.0403,Review / Operational
75132,,0.0,0.0,0,1,1,0.0,0,Missing Description,Review Required,,,0.0403,Review / Operational
72809,,0.0,0.0,0,1,1,0.0,0,Missing Description,Review Required,,,0.0403,Review / Operational
79023B,,0.0,0.0,0,1,1,0.0,0,Missing Description,Review Required,,,0.0403,Review / Operational
79003B,,0.0,0.0,0,1,1,0.0,0,Missing Description,Review Required,,,0.0403,Review / Operational
79070B,,0.0,0.0,0,1,1,0.0,0,Missing Description,Review Required,,,0.0403,Review / Operational
79069A,,0.0,0.0,0,1,1,0.0,0,Missing Description,Review Required,,,0.0403,Review / Operational
79065B,,0.0,0.0,0,1,1,0.0,0,Missing Description,Review Required,,,0.0403,Review / Operational
79064C,,0.0,0.0,0,1,1,0.0,0,Missing Description,Review Required,,,0.0403,Review / Operational
79057B,,0.0,0.0,0,1,1,0.0,0,Missing Description,Review Required,,,0.0403,Review / Operational
79053D,,0.0,0.0,0,1,1,0.0,0,Missing Description,Review Required,,,0.0403,Review / Operational
47347A,,0.0,0.0,0,1,1,0.0,0,Missing Description,Review Required,,,0.0403,Review / Operational
37493C,,0.0,0.0,0,1,1,0.0,0,Missing Description,Review Required,,,0.0403,Review / Operational
37493B,,0.0,0.0,0,1,1,0.0,0,Missing Description,Review Required,,,0.0403,Review / Operational
37490D,,0.0,0.0,0,1,1,0.0,0,Missing Description,Review Required,,,0.0403,Review / Operational
37490C,,0.0,0.0,0,1,1,0.0,0,Missing Description,Review Required,,,0.0403,Review / Operational
85037,,0.0,0.0,0,1,1,0.0,0,Missing Description,Review Required,,,0.0403,Review / Operational
84200,,0.0,0.0,0,1,1,0.0,0,Missing Description,Review Required,,,0.0403,Review / Operational
37504,,0.0,0.0,0,1,1,0.0,0,Missing Description,Review Required,,,0.0403,Review / Operational
37493D,,0.0,0.0,0,1,1,0.0,0,Missing Description,Review Required,,,0.0403,Review / Operational
20824,,0.0,0.0,0,1,1,0.0,0,Missing Description,Review Required,,,0.0403,Review / Operational
20822,SILVER WINE GOBLET,9.3,0.0,2,3,3,-9.3,2,Commercial Description,Valid,1.0,Very High,0.0588,Review / Operational
45008L,,0.0,0.0,0,1,1,0.0,0,Missing Description,Review Required,,,0.0403,Review / Operational
45007B,,0.0,0.0,0,1,1,0.0,0,Missing Description,Review Required,,,0.0403,Review / Operational
44276,,0.0,0.0,0,1,1,0.0,0,Missing Description,Review Required,,,0.0403,Review / Operational
44266F,,0.0,0.0,0,1,1,0.0,0,Missing Description,Review Required,,,0.0403,Review / Operational
47285B,,0.0,0.0,0,1,1,0.0,0,Missing Description,Review Required,,,0.0403,Review / Operational
47284V,,0.0,0.0,0,1,1,0.0,0,Missing Description,Review Required,,,0.0403,Review / Operational
85226B,,0.0,0.0,0,1,1,0.0,0,Missing Description,Review Required,,,0.0403,Review / Operational
84195,,0.0,0.0,0,1,1,0.0,0,Missing Description,Review Required,,,0.0403,Review / Operational
16210,,0.0,0.0,0,1,1,0.0,0,Missing Description,Review Required,,,0.0403,Review / Operational
16201C,,0.0,0.0,0,1,1,0.0,0,Missing Description,Review Required,,,0.0403,Review / Operational
84250H,,0.0,0.0,0,1,1,0.0,0,Missing Description,Review Required,,,0.0403,Review / Operational
84248F,,0.0,0.0,0,1,1,0.0,0,Missing Description,Review Required,,,0.0403,Review / Operational
84248E,,0.0,0.0,0,1,1,0.0,0,Missing Description,Review Required,,,0.0403,Review / Operational
84248B,,0.0,0.0,0,1,1,0.0,0,Missing Description,Review Required,,,0.0403,Review / Operational
84247D,,0.0,0.0,0,1,1,0.0,0,Missing Description,Review Required,,,0.0403,Review / Operational
84247B,,0.0,0.0,0,1,1,0.0,0,Missing Description,Review Required,,,0.0403,Review / Operational
85051,,0.0,0.0,0,1,1,0.0,0,Missing Description,Review Required,,,0.0403,Review / Operational
85120,,0.0,0.0,0,1,1,0.0,0,Missing Description,Review Required,,,0.0403,Review / Operational
37477D,,0.0,0.0,0,2,2,0.0,0,Missing Description,Review Required,,,0.0403,Review / Operational
47361,,0.0,0.0,0,1,1,0.0,0,Missing Description,Review Required,,,0.0403,Review / Operational
16248A,,0.0,0.0,0,1,1,0.0,0,Missing Description,Review Required,,,0.0403,Review / Operational
16245B,,0.0,0.0,0,1,1,0.0,0,Missing Description,Review Required,,,0.0403,Review / Operational
90005B,,0.0,0.0,0,1,1,0.0,0,Missing Description,Review Required,,,0.0403,Review / Operational
84395,,0.0,0.0,0,1,1,0.0,0,Missing Description,Review Required,,,0.0403,Review / Operational
84394,,0.0,0.0,0,1,1,0.0,0,Missing Description,Review Required,,,0.0403,Review / Operational
84389,,0.0,0.0,0,1,1,0.0,0,Missing Description,Review Required,,,0.0403,Review / Operational
84344,,0.0,0.0,0,1,1,0.0,0,Missing Description,Review Required,,,0.0403,Review / Operational
84341A,,0.0,0.0,0,1,1,0.0,0,Missing Description,Review Required,,,0.0403,Review / Operational
84440B,,0.0,0.0,0,1,1,0.0,0,Missing Description,Review Required,,,0.0403,Review / Operational
84439B,,0.0,0.0,0,1,1,0.0,0,Missing Description,Review Required,,,0.0403,Review / Operational
84402C,,0.0,0.0,0,1,1,0.0,0,Missing Description,Review Required,,,0.0403,Review / Operational
85025A,,0.0,0.0,0,1,1,0.0,0,Missing Description,Review Required,,,0.0403,Review / Operational
44242C,,0.0,0.0,0,1,1,0.0,0,Missing Description,Review Required,,,0.0403,Review / Operational
47340B,,0.0,0.0,0,1,1,0.0,0,Missing Description,Review Required,,,0.0403,Review / Operational
47340A,,0.0,0.0,0,1,1,0.0,0,Missing Description,Review Required,,,0.0403,Review / Operational
84444C,,0.0,0.0,0,1,1,0.0,0,Missing Description,Review Required,,,0.0403,Review / Operational
37445C,,0.0,0.0,0,1,1,0.0,0,Missing Description,Review Required,,,0.0403,Review / Operational
37445A,,0.0,0.0,0,1,1,0.0,0,Missing Description,Review Required,,,0.0403,Review / Operational
35993,,0.0,0.0,0,1,1,0.0,0,Missing Description,Review Required,,,0.0403,Review / Operational
35992,,0.0,0.0,0,1,1,0.0,0,Missing Description,Review Required,,,0.0403,Review / Operational
37365Y,,0.0,0.0,0,1,1,0.0,0,Missing Description,Review Required,,,0.0403,Review / Operational
37353,,0.0,0.0,0,1,1,0.0,0,Missing Description,Review Required,,,0.0403,Review / Operational
20852,given away,0.0,0.0,0,5,5,0.0,0,Commercial Description,Valid,,,0.0403,Review / Operational
20844,,0.0,0.0,0,1,1,0.0,0,Missing Description,Review Required,,,0.0403,Review / Operational
16249B,,0.0,0.0,0,1,1,0.0,0,Missing Description,Review Required,,,0.0403,Review / Operational
47581A,,0.0,0.0,0,1,1,0.0,0,Missing Description,Review Required,,,0.0403,Review / Operational
47569,ENGLISH ROSE DESIGN SHOPPING BAG,2.55,0.0,1,3,3,-2.55,1,Commercial Description,Valid,1.0,Very High,0.0543,Review / Operational
47595B,,0.0,0.0,0,1,1,0.0,0,Missing Description,Review Required,,,0.0403,Review / Operational
47009,,0.0,0.0,0,1,1,0.0,0,Missing Description,Review Required,,,0.0403,Review / Operational
15060A,,0.0,0.0,0,1,1,0.0,0,Missing Description,Review Required,,,0.0403,Review / Operational
35926,,0.0,0.0,0,1,1,0.0,0,Missing Description,Review Required,,,0.0403,Review / Operational
37452B,,0.0,0.0,0,1,1,0.0,0,Missing Description,Review Required,,,0.0403,Review / Operational
37452A,,0.0,0.0,0,1,1,0.0,0,Missing Description,Review Required,,,0.0403,Review / Operational
37445D,,0.0,0.0,0,1,1,0.0,0,Missing Description,Review Required,,,0.0403,Review / Operational
16243A,,0.0,0.0,0,1,1,0.0,0,Missing Description,Review Required,,,0.0403,Review / Operational
16240,,0.0,0.0,0,1,1,0.0,0,Missing Description,Review Required,,,0.0403,Review / Operational
35949,,0.0,0.0,0,1,1,0.0,0,Missing Description,Review Required,,,0.0403,Review / Operational
35990,,0.0,0.0,0,1,1,0.0,0,Missing Description,Review Required,,,0.0403,Review / Operational
35983,,0.0,0.0,0,2,2,0.0,0,Missing Description,Review Required,,,0.0403,Review / Operational
35980A,,0.0,0.0,0,1,1,0.0,0,Missing Description,Review Required,,,0.0403,Review / Operational
35978,damages,0.0,0.0,0,3,3,0.0,0,Operational / Dirty Description,Review Required,,,0.0403,Review / Operational
35977B,,0.0,0.0,0,1,1,0.0,0,Missing Description,Review Required,,,0.0403,Review / Operational
35975B,,0.0,0.0,0,1,1,0.0,0,Missing Description,Review Required,,,0.0403,Review / Operational
35975A,,0.0,0.0,0,1,1,0.0,0,Missing Description,Review Required,,,0.0403,Review / Operational
37350,,0.0,0.0,0,1,1,0.0,0,Missing Description,Review Required,,,0.0403,Review / Operational
18096B,,0.0,0.0,0,1,1,0.0,0,Missing Description,Review Required,,,0.0403,Review / Operational
84460A,,0.0,0.0,0,1,1,0.0,0,Missing Description,Review Required,,,0.0403,Review / Operational
84449,,0.0,0.0,0,1,1,0.0,0,Missing Description,Review Required,,,0.0403,Review / Operational
84448,,0.0,0.0,0,1,1,0.0,0,Missing Description,Review Required,,,0.0403,Review / Operational
84494B,,0.0,0.0,0,2,2,0.0,0,Missing Description,Review Required,,,0.0403,Review / Operational
84476A,,0.0,0.0,0,1,1,0.0,0,Missing Description,Review Required,,,0.0403,Review / Operational
85017D,,0.0,0.0,0,1,1,0.0,0,Missing Description,Review Required,,,0.0403,Review / Operational
35994,,0.0,0.0,0,1,1,0.0,0,Missing Description,Review Required,,,0.0403,Review / Operational
16156A,,0.0,0.0,0,1,1,0.0,0,Missing Description,Review Required,,,0.0403,Review / Operational
16155H,,0.0,0.0,0,1,1,0.0,0,Missing Description,Review Required,,,0.0403,Review / Operational
79165,,0.0,0.0,0,1,1,0.0,0,Missing Description,Review Required,,,0.0403,Review / Operational
79142,,0.0,0.0,0,1,1,0.0,0,Missing Description,Review Required,,,0.0403,Review / Operational
79082C,,0.0,0.0,0,1,1,0.0,0,Missing Description,Review Required,,,0.0403,Review / Operational
79071A,,0.0,0.0,0,1,1,0.0,0,Missing Description,Review Required,,,0.0403,Review / Operational
84010,,0.0,0.0,0,1,1,0.0,0,Missing Description,Review Required,,,0.0403,Review / Operational
84224,,0.0,0.0,0,1,1,0.0,0,Missing Description,Review Required,,,0.0403,Review / Operational
85223,,0.0,0.0,0,1,1,0.0,0,Missing Description,Review Required,,,0.0403,Review / Operational
85207B,,0.0,0.0,0,1,1,0.0,0,Missing Description,Review Required,,,0.0403,Review / Operational
47565,,0.0,0.0,0,1,1,0.0,0,Missing Description,Review Required,,,0.0403,Review / Operational
47559,,0.0,0.0,0,1,1,0.0,0,Missing Description,Review Required,,,0.0403,Review / Operational
85193S,,0.0,0.0,0,1,1,0.0,0,Missing Description,Review Required,,,0.0403,Review / Operational
85184A,,0.0,0.0,0,1,1,0.0,0,Missing Description,Review Required,,,0.0403,Review / Operational
35960,,0.0,0.0,0,1,1,0.0,0,Missing Description,Review Required,,,0.0403,Review / Operational
35956,lost,0.0,0.0,0,1,1,0.0,0,Commercial Description,Valid,,,0.0403,Review / Operational
35940,,0.0,0.0,0,1,1,0.0,0,Missing Description,Review Required,,,0.0403,Review / Operational
35935,,0.0,0.0,0,1,1,0.0,0,Missing Description,Review Required,,,0.0403,Review / Operational
35763,,0.0,0.0,0,1,1,0.0,0,Missing Description,Review Required,,,0.0403,Review / Operational
35751A,,0.0,0.0,0,1,1,0.0,0,Missing Description,Review Required,,,0.0403,Review / Operational
79053B,,0.0,0.0,0,1,1,0.0,0,Missing Description,Review Required,,,0.0403,Review / Operational
79053A,,0.0,0.0,0,1,1,0.0,0,Missing Description,Review Required,,,0.0403,Review / Operational
16161N,,0.0,0.0,0,1,1,0.0,0,Missing Description,Review Required,,,0.0403,Review / Operational
35908C,,0.0,0.0,0,1,1,0.0,0,Missing Description,Review Required,,,0.0403,Review / Operational
35900,,0.0,0.0,0,1,1,0.0,0,Missing Description,Review Required,,,0.0403,Review / Operational
35839,,0.0,0.0,0,1,1,0.0,0,Missing Description,Review Required,,,0.0403,Review / Operational
84519D,,0.0,0.0,0,1,1,0.0,0,Missing Description,Review Required,,,0.0403,Review / Operational
84511,,0.0,0.0,0,1,1,0.0,0,Missing Description,Review Required,,,0.0403,Review / Operational
84558B,,0.0,0.0,0,2,2,0.0,0,Missing Description,Review Required,,,0.0403,Review / Operational
35925,,0.0,0.0,0,1,1,0.0,0,Missing Description,Review Required,,,0.0403,Review / Operational
16222B,,0.0,0.0,0,1,1,0.0,0,Missing Description,Review Required,,,0.0403,Review / Operational
16255,,0.0,0.0,0,1,1,0.0,0,Missing Description,Review Required,,,0.0403,Review / Operational
35471B,,0.0,0.0,0,1,1,0.0,0,Missing Description,Review Required,,,0.0403,Review / Operational
90097,,0.0,0.0,0,1,1,0.0,0,Missing Description,Review Required,,,0.0403,Review / Operational
35608C,,0.0,0.0,0,1,1,0.0,0,Missing Description,Review Required,,,0.0403,Review / Operational
35948,,0.0,0.0,0,1,1,0.0,0,Missing Description,Review Required,,,0.0403,Review / Operational
35941,,0.0,0.0,0,1,1,0.0,0,Missing Description,Review Required,,,0.0403,Review / Operational
35604B,,0.0,0.0,0,1,1,0.0,0,Missing Description,Review Required,,,0.0403,Review / Operational
35600A,Found by jackie,0.0,0.0,0,1,1,0.0,0,Commercial Description,Valid,,,0.0403,Review / Operational
90080,,0.0,0.0,0,1,1,0.0,0,Missing Description,Review Required,,,0.0403,Review / Operational
35643,?,0.0,0.0,0,2,2,0.0,0,Commercial Description,Valid,,,0.0403,Review / Operational
35632A,,0.0,0.0,0,1,1,0.0,0,Missing Description,Review Required,,,0.0403,Review / Operational
35631A,,0.0,0.0,0,1,1,0.0,0,Missing Description,Review Required,,,0.0403,Review / Operational
35630B,,0.0,0.0,0,1,1,0.0,0,Missing Description,Review Required,,,0.0403,Review / Operational
35794,,0.0,0.0,0,1,1,0.0,0,Missing Description,Review Required,,,0.0403,Review / Operational
71263G,,0.0,0.0,0,1,1,0.0,0,Missing Description,Review Required,,,0.0403,Review / Operational
71028A,,0.0,0.0,0,1,1,0.0,0,Missing Description,Review Required,,,0.0403,Review / Operational
70037L,,0.0,0.0,0,1,1,0.0,0,Missing Description,Review Required,,,0.0403,Review / Operational
72801H,,0.0,0.0,0,1,1,0.0,0,Missing Description,Review Required,,,0.0403,Review / Operational
48169,,0.0,0.0,0,1,1,0.0,0,Missing Description,Review Required,,,0.0403,Review / Operational
20791,BLUE TILED SET OF 3 DRAWERS,63.75,0.0,5,4,4,-63.75,5,Commercial Description,Valid,1.0,Very High,0.0656,Review / Operational
49031B,CHROME EURO HOOK 20cm,0.0,0.0,0,1,1,0.0,0,Commercial Description,Valid,,,0.0403,Review / Operational
35813A,,0.0,0.0,0,1,1,0.0,0,Missing Description,Review Required,,,0.0403,Review / Operational
84986A,,0.0,0.0,0,1,1,0.0,0,Missing Description,Review Required,,,0.0403,Review / Operational
18094A,,0.0,0.0,0,1,1,0.0,0,Missing Description,Review Required,,,0.0403,Review / Operational
18033,,0.0,0.0,0,1,1,0.0,0,Missing Description,Review Required,,,0.0403,Review / Operational
17160,,0.0,0.0,0,1,1,0.0,0,Missing Description,Review Required,,,0.0403,Review / Operational
84571,,0.0,0.0,0,1,1,0.0,0,Missing Description,Review Required,,,0.0403,Review / Operational
17010S,,0.0,0.0,0,1,1,0.0,0,Missing Description,Review Required,,,0.0403,Review / Operational
20715,LITTLE FLOWER SHOPPER BAG,424.0,0.0,400,3,3,-424.0,400,Commercial Description,Valid,1.0,Very High,0.1731,Review / Operational
35608A,,0.0,0.0,0,1,1,0.0,0,Missing Description,Review Required,,,0.0403,Review / Operational
35605A,damages,0.0,0.0,0,1,1,0.0,0,Operational / Dirty Description,Review Required,,,0.0403,Review / Operational
20710,,0.0,0.0,0,1,1,0.0,0,Missing Description,Review Required,,,0.0403,Review / Operational
79315B,,0.0,0.0,0,1,1,0.0,0,Missing Description,Review Required,,,0.0403,Review / Operational
79309A,,0.0,0.0,0,1,1,0.0,0,Missing Description,Review Required,,,0.0403,Review / Operational
79302J,,0.0,0.0,0,1,1,0.0,0,Missing Description,Review Required,,,0.0403,Review / Operational
79302C,,0.0,0.0,0,1,1,0.0,0,Missing Description,Review Required,,,0.0403,Review / Operational
85086B,,0.0,0.0,0,1,1,0.0,0,Missing Description,Review Required,,,0.0403,Review / Operational
85085A,,0.0,0.0,0,1,1,0.0,0,Missing Description,Review Required,,,0.0403,Review / Operational
35592T,,0.0,0.0,0,1,1,0.0,0,Missing Description,Review Required,,,0.0403,Review / Operational
35591G,,0.0,0.0,0,1,1,0.0,0,Missing Description,Review Required,,,0.0403,Review / Operational
35473,,0.0,0.0,0,1,1,0.0,0,Missing Description,Review Required,,,0.0403,Review / Operational
90117,,0.0,0.0,0,1,1,0.0,0,Missing Description,Review Required,,,0.0403,Review / Operational
71265,,0.0,0.0,0,1,1,0.0,0,Missing Description,Review Required,,,0.0403,Review / Operational
16065A,,0.0,0.0,0,1,1,0.0,0,Missing Description,Review Required,,,0.0403,Review / Operational
72038B,damaged,0.0,0.0,0,1,1,0.0,0,Operational / Dirty Description,Review Required,,,0.0403,Review / Operational
72024HC,,0.0,0.0,0,1,1,0.0,0,Missing Description,Review Required,,,0.0403,Review / Operational
gift_0001_60,,0.0,0.0,0,2,2,0.0,0,Missing Description,Review Required,,,0.0403,Review / Operational
10124C,,0.0,0.0,0,1,1,0.0,0,Missing Description,Review Required,,,0.0403,Review / Operational
48172,,0.0,0.0,0,1,1,0.0,0,Missing Description,Review Required,,,0.0403,Review / Operational
72045A,,0.0,0.0,0,1,1,0.0,0,Missing Description,Review Required,,,0.0403,Review / Operational
72806,,0.0,0.0,0,1,1,0.0,0,Missing Description,Review Required,,,0.0403,Review / Operational
23843,"PAPER CRAFT , LITTLE BIRDIE",168469.6,0.0,80995,2,2,-168469.6,80995,Commercial Description,Valid,1.0,Very High,0.329,Review / Operational
90110,,0.0,0.0,0,1,1,0.0,0,Missing Description,Review Required,,,0.0403,Review / Operational
90109,,0.0,0.0,0,1,1,0.0,0,Missing Description,Review Required,,,0.0403,Review / Operational
90107,,0.0,0.0,0,1,1,0.0,0,Missing Description,Review Required,,,0.0403,Review / Operational
35442,,0.0,0.0,0,1,1,0.0,0,Missing Description,Review Required,,,0.0403,Review / Operational
35232,,0.0,0.0,0,1,1,0.0,0,Missing Description,Review Required,,,0.0403,Review / Operational
85105,,0.0,0.0,0,1,1,0.0,0,Missing Description,Review Required,,,0.0403,Review / Operational
85098A,,0.0,0.0,0,1,1,0.0,0,Missing Description,Review Required,,,0.0403,Review / Operational
84671A,,0.0,0.0,0,1,1,0.0,0,Missing Description,Review Required,,,0.0403,Review / Operational
84681,,0.0,0.0,0,1,1,0.0,0,Missing Description,Review Required,,,0.0403,Review / Operational
84672A,,0.0,0.0,0,1,1,0.0,0,Missing Description,Review Required,,,0.0403,Review / Operational
84706E,,0.0,0.0,0,1,1,0.0,0,Missing Description,Review Required,,,0.0403,Review / Operational
84705E,,0.0,0.0,0,1,1,0.0,0,Missing Description,Review Required,,,0.0403,Review / Operational
84699,,0.0,0.0,0,1,1,0.0,0,Missing Description,Review Required,,,0.0403,Review / Operational
82096,,0.0,0.0,0,1,1,0.0,0,Missing Description,Review Required,,,0.0403,Review / Operational
84585L,,0.0,0.0,0,1,1,0.0,0,Missing Description,Review Required,,,0.0403,Review / Operational
84600A,,0.0,0.0,0,1,1,0.0,0,Missing Description,Review Required,,,0.0403,Review / Operational
84597A,,0.0,0.0,0,1,1,0.0,0,Missing Description,Review Required,,,0.0403,Review / Operational
22022,,0.0,0.0,0,1,1,0.0,0,Missing Description,Review Required,,,0.0403,Review / Operational
84972M,,0.0,0.0,0,1,1,0.0,0,Missing Description,Review Required,,,0.0403,Review / Operational
90121A,,0.0,0.0,0,1,1,0.0,0,Missing Description,Review Required,,,0.0403,Review / Operational
82609,,0.0,0.0,0,1,1,0.0,0,Missing Description,Review Required,,,0.0403,Review / Operational
16132,,0.0,0.0,0,1,1,0.0,0,Missing Description,Review Required,,,0.0403,Review / Operational
16131,,0.0,0.0,0,1,1,0.0,0,Missing Description,Review Required,,,0.0403,Review / Operational
DCGS0073,ebay,0.0,0.0,0,1,1,0.0,0,Commercial Description,Valid,,,0.0403,Review / Operational
72483,,0.0,0.0,0,1,1,0.0,0,Missing Description,Review Required,,,0.0403,Review / Operational
72348B,,0.0,0.0,0,1,1,0.0,0,Missing Description,Review Required,,,0.0403,Review / Operational
72331R,,0.0,0.0,0,1,1,0.0,0,Missing Description,Review Required,,,0.0403,Review / Operational
72234,,0.0,0.0,0,1,1,0.0,0,Missing Description,Review Required,,,0.0403,Review / Operational
72226D,,0.0,0.0,0,1,1,0.0,0,Missing Description,Review Required,,,0.0403,Review / Operational
72732,thrown away-can't sell,0.0,0.0,0,2,2,0.0,0,Operational / Dirty Description,Review Required,,,0.0403,Review / Operational
72719,,0.0,0.0,0,1,1,0.0,0,Missing Description,Review Required,,,0.0403,Review / Operational
85057,,0.0,0.0,0,1,1,0.0,0,Missing Description,Review Required,,,0.0403,Review / Operational
85056,,0.0,0.0,0,1,1,0.0,0,Missing Description,Review Required,,,0.0403,Review / Operational
82595,,0.0,0.0,0,1,1,0.0,0,Missing Description,Review Required,,,0.0403,Review / Operational
82577,,0.0,0.0,0,1,1,0.0,0,Missing Description,Review Required,,,0.0403,Review / Operational
82576,,0.0,0.0,0,1,1,0.0,0,Missing Description,Review Required,,,0.0403,Review / Operational
20859,,0.0,0.0,0,1,1,0.0,0,Missing Description,Review Required,,,0.0403,Review / Operational
84642,,0.0,0.0,0,1,1,0.0,0,Missing Description,Review Required,,,0.0403,Review / Operational
84641,damages,0.0,0.0,0,1,1,0.0,0,Operational / Dirty Description,Review Required,,,0.0403,Review / Operational
72748,,0.0,0.0,0,1,1,0.0,0,Missing Description,Review Required,,,0.0403,Review / Operational
85148,,0.0,0.0,0,1,1,0.0,0,Missing Description,Review Required,,,0.0403,Review / Operational
20743,,0.0,0.0,0,1,1,0.0,0,Missing Description,Review Required,,,0.0403,Review / Operational
71431,,0.0,0.0,0,1,1,0.0,0,Missing Description,Review Required,,,0.0403,Review / Operational
71409B,,0.0,0.0,0,1,1,0.0,0,Missing Description,Review Required,,,0.0403,Review / Operational
71406B,,0.0,0.0,0,1,1,0.0,0,Missing Description,Review Required,,,0.0403,Review / Operational
72140D,,0.0,0.0,0,1,1,0.0,0,Missing Description,Review Required,,,0.0403,Review / Operational
72755B,,0.0,0.0,0,1,1,0.0,0,Missing Description,Review Required,,,0.0403,Review / Operational
84752B,,0.0,0.0,0,1,1,0.0,0,Missing Description,Review Required,,,0.0403,Review / Operational
84750C,,0.0,0.0,0,1,1,0.0,0,Missing Description,Review Required,,,0.0403,Review / Operational
84775,,0.0,0.0,0,1,1,0.0,0,Missing Description,Review Required,,,0.0403,Review / Operational
17120,,0.0,0.0,0,1,1,0.0,0,Missing Description,Review Required,,,0.0403,Review / Operational
17014B,,0.0,0.0,0,1,1,0.0,0,Missing Description,Review Required,,,0.0403,Review / Operational
17013E,,0.0,0.0,0,1,1,0.0,0,Missing Description,Review Required,,,0.0403,Review / Operational
84904,,0.0,0.0,0,1,1,0.0,0,Missing Description,Review Required,,,0.0403,Review / Operational
79333,,0.0,0.0,0,1,1,0.0,0,Missing Description,Review Required,,,0.0403,Review / Operational
21475,SWEETHEART CREAM STEEL FOLDIN CHAIR,14.95,0.0,1,3,3,-14.95,1,Commercial Description,Valid,1.0,Very High,0.0543,Review / Operational
20720,,0.0,0.0,0,1,1,0.0,0,Missing Description,Review Required,,,0.0403,Review / Operational
72697A,,0.0,0.0,0,1,1,0.0,0,Missing Description,Review Required,,,0.0403,Review / Operational
72671B,,0.0,0.0,0,1,1,0.0,0,Missing Description,Review Required,,,0.0403,Review / Operational
72655C,,0.0,0.0,0,1,1,0.0,0,Missing Description,Review Required,,,0.0403,Review / Operational
72620A,,0.0,0.0,0,1,1,0.0,0,Missing Description,Review Required,,,0.0403,Review / Operational
72752C,,0.0,0.0,0,1,1,0.0,0,Missing Description,Review Required,,,0.0403,Review / Operational
85073,,0.0,0.0,0,1,1,0.0,0,Missing Description,Review Required,,,0.0403,Review / Operational
16200A,,0.0,0.0,0,1,1,0.0,0,Missing Description,Review Required,,,0.0403,Review / Operational
82039C,,0.0,0.0,0,1,1,0.0,0,Missing Description,Review Required,,,0.0403,Review / Operational
20691,,0.0,0.0,0,1,1,0.0,0,Missing Description,Review Required,,,0.0403,Review / Operational
20690,,0.0,0.0,0,1,1,0.0,0,Missing Description,Review Required,,,0.0403,Review / Operational
20911,,0.0,0.0,0,1,1,0.0,0,Missing Description,Review Required,,,0.0403,Review / Operational
20885,BOX OF 3 PEBBLE CANDLES,2.95,0.0,1,3,3,-2.95,1,Commercial Description,Valid,1.0,Very High,0.0543,Review / Operational
84718,,0.0,0.0,0,1,1,0.0,0,Missing Description,Review Required,,,0.0403,Review / Operational
72751D,,0.0,0.0,0,1,1,0.0,0,Missing Description,Review Required,,,0.0403,Review / Operational
20959,,0.0,0.0,0,1,1,0.0,0,Missing Description,Review Required,,,0.0403,Review / Operational
20955,,0.0,0.0,0,1,1,0.0,0,Missing Description,Review Required,,,0.0403,Review / Operational
20951,,0.0,0.0,0,1,1,0.0,0,Missing Description,Review Required,,,0.0403,Review / Operational
20883,,0.0,0.0,0,1,1,0.0,0,Missing Description,Review Required,,,0.0403,Review / Operational
84940,,0.0,0.0,0,1,1,0.0,0,Missing Description,Review Required,,,0.0403,Review / Operational
20880,,0.0,0.0,0,1,1,0.0,0,Missing Description,Review Required,,,0.0403,Review / Operational
23595,adjustment,0.0,0.0,0,2,2,0.0,0,Operational / Dirty Description,Review Required,,,0.0403,Review / Operational
21855,,0.0,0.0,0,1,1,0.0,0,Missing Description,Review Required,,,0.0403,Review / Operational
21863,,0.0,0.0,0,1,1,0.0,0,Missing Description,Review Required,,,0.0403,Review / Operational
85074,,0.0,0.0,0,1,1,0.0,0,Missing Description,Review Required,,,0.0403,Review / Operational
72755A,,0.0,0.0,0,1,1,0.0,0,Missing Description,Review Required,,,0.0403,Review / Operational
DCGS0039,,0.0,0.0,0,1,1,0.0,0,Missing Description,Review Required,,,0.0403,Review / Operational
72754C,,0.0,0.0,0,1,1,0.0,0,Missing Description,Review Required,,,0.0403,Review / Operational
72798B,,0.0,0.0,0,1,1,0.0,0,Missing Description,Review Required,,,0.0403,Review / Operational
72798A,,0.0,0.0,0,1,1,0.0,0,Missing Description,Review Required,,,0.0403,Review / Operational
22126,given away,0.0,0.0,0,3,3,0.0,0,Commercial Description,Valid,,,0.0403,Review / Operational
17017,,0.0,0.0,0,1,1,0.0,0,Missing Description,Review Required,,,0.0403,Review / Operational
21022,,0.0,0.0,0,1,1,0.0,0,Missing Description,Review Required,,,0.0403,Review / Operational
21021,,0.0,0.0,0,1,1,0.0,0,Missing Description,Review Required,,,0.0403,Review / Operational
21020,,0.0,0.0,0,1,1,0.0,0,Missing Description,Review Required,,,0.0403,Review / Operational
21019,,0.0,0.0,0,1,1,0.0,0,Missing Description,Review Required,,,0.0403,Review / Operational
21862,,0.0,0.0,0,1,1,0.0,0,Missing Description,Review Required,,,0.0403,Review / Operational
21835,,0.0,0.0,0,1,1,0.0,0,Missing Description,Review Required,,,0.0403,Review / Operational
21753,,0.0,0.0,0,1,1,0.0,0,Missing Description,Review Required,,,0.0403,Review / Operational
21778,,0.0,0.0,0,1,1,0.0,0,Missing Description,Review Required,,,0.0403,Review / Operational
21776,,0.0,0.0,0,1,1,0.0,0,Missing Description,Review Required,,,0.0403,Review / Operational
21646,,0.0,0.0,0,1,1,0.0,0,Missing Description,Review Required,,,0.0403,Review / Operational
21602,,0.0,0.0,0,1,1,0.0,0,Missing Description,Review Required,,,0.0403,Review / Operational
21487,,0.0,0.0,0,1,1,0.0,0,Missing Description,Review Required,,,0.0403,Review / Operational
21005,,0.0,0.0,0,1,1,0.0,0,Missing Description,Review Required,,,0.0403,Review / Operational
20995,,0.0,0.0,0,1,1,0.0,0,Missing Description,Review Required,,,0.0403,Review / Operational
20965,,0.0,0.0,0,1,1,0.0,0,Missing Description,Review Required,,,0.0403,Review / Operational
21024,,0.0,0.0,0,1,1,0.0,0,Missing Description,Review Required,,,0.0403,Review / Operational
21023,,0.0,0.0,0,1,1,0.0,0,Missing Description,Review Required,,,0.0403,Review / Operational
90172,,0.0,0.0,0,1,1,0.0,0,Missing Description,Review Required,,,0.0403,Review / Operational
21148,,0.0,0.0,0,1,1,0.0,0,Missing Description,Review Required,,,0.0403,Review / Operational
21083,,0.0,0.0,0,1,1,0.0,0,Missing Description,Review Required,,,0.0403,Review / Operational
21113,,0.0,0.0,0,1,1,0.0,0,Missing Description,Review Required,,,0.0403,Review / Operational
21104,,0.0,0.0,0,1,1,0.0,0,Missing Description,Review Required,,,0.0403,Review / Operational
21057,,0.0,0.0,0,1,1,0.0,0,Missing Description,Review Required,,,0.0403,Review / Operational
20946,,0.0,0.0,0,1,1,0.0,0,Missing Description,Review Required,,,0.0403,Review / Operational
20944,,0.0,0.0,0,1,1,0.0,0,Missing Description,Review Required,,,0.0403,Review / Operational
20938,,0.0,0.0,0,1,1,0.0,0,Missing Description,Review Required,,,0.0403,Review / Operational
20937,,0.0,0.0,0,1,1,0.0,0,Missing Description,Review Required,,,0.0403,Review / Operational
20904,,0.0,0.0,0,1,1,0.0,0,Missing Description,Review Required,,,0.0403,Review / Operational
20900,,0.0,0.0,0,1,1,0.0,0,Missing Description,Review Required,,,0.0403,Review / Operational
DCGS0056,,0.0,0.0,0,1,1,0.0,0,Missing Description,Review Required,,,0.0403,Review / Operational
DCGS0036,,0.0,0.0,0,1,1,0.0,0,Missing Description,Review Required,,,0.0403,Review / Operational
84825,,0.0,0.0,0,1,1,0.0,0,Missing Description,Review Required,,,0.0403,Review / Operational
DCGS0027,,0.0,0.0,0,1,1,0.0,0,Missing Description,Review Required,,,0.0403,Review / Operational
17084F,,0.0,0.0,0,1,1,0.0,0,Missing Description,Review Required,,,0.0403,Review / Operational
DCGS0016,,0.0,0.0,0,1,1,0.0,0,Missing Description,Review Required,,,0.0403,Review / Operational
84867B,,0.0,0.0,0,1,1,0.0,0,Missing Description,Review Required,,,0.0403,Review / Operational
84866,,0.0,0.0,0,1,1,0.0,0,Missing Description,Review Required,,,0.0403,Review / Operational
21295,,0.0,0.0,0,1,1,0.0,0,Missing Description,Review Required,,,0.0403,Review / Operational
23059,Thrown away-rusty,0.0,0.0,0,1,1,0.0,0,Operational / Dirty Description,Review Required,,,0.0403,Review / Operational
DCGS0006,,0.0,0.0,0,1,1,0.0,0,Missing Description,Review Required,,,0.0403,Review / Operational
21273,,0.0,0.0,0,1,1,0.0,0,Missing Description,Review Required,,,0.0403,Review / Operational
21236,,0.0,0.0,0,1,1,0.0,0,Missing Description,Review Required,,,0.0403,Review / Operational
21052,,0.0,0.0,0,1,1,0.0,0,Missing Description,Review Required,,,0.0403,Review / Operational
21048,,0.0,0.0,0,1,1,0.0,0,Missing Description,Review Required,,,0.0403,Review / Operational
21047,,0.0,0.0,0,1,1,0.0,0,Missing Description,Review Required,,,0.0403,Review / Operational
21920,,0.0,0.0,0,1,1,0.0,0,Missing Description,Review Required,,,0.0403,Review / Operational
21029,,0.0,0.0,0,1,1,0.0,0,Missing Description,Review Required,,,0.0403,Review / Operational
21909,,0.0,0.0,0,1,1,0.0,0,Missing Description,Review Required,,,0.0403,Review / Operational
21170,,0.0,0.0,0,1,1,0.0,0,Missing Description,Review Required,,,0.0403,Review / Operational
21183,,0.0,0.0,0,1,1,0.0,0,Missing Description,Review Required,,,0.0403,Review / Operational
21182,,0.0,0.0,0,1,1,0.0,0,Missing Description,Review Required,,,0.0403,Review / Operational
21177,,0.0,0.0,0,1,1,0.0,0,Missing Description,Review Required,,,0.0403,Review / Operational
21176,,0.0,0.0,0,1,1,0.0,0,Missing Description,Review Required,,,0.0403,Review / Operational
23001,TRAVEL CARD WALLET DOTCOMGIFTSHOP,0.0,0.0,0,1,1,0.0,0,Commercial Description,Valid,,,0.0403,Review / Operational
21362,,0.0,0.0,0,1,1,0.0,0,Missing Description,Review Required,,,0.0403,Review / Operational
21345,,0.0,0.0,0,1,1,0.0,0,Missing Description,Review Required,,,0.0403,Review / Operational
21342,,0.0,0.0,0,1,1,0.0,0,Missing Description,Review Required,,,0.0403,Review / Operational
21325,,0.0,0.0,0,1,1,0.0,0,Missing Description,Review Required,,,0.0403,Review / Operational
21301,,0.0,0.0,0,1,1,0.0,0,Missing Description,Review Required,,,0.0403,Review / Operational
17013A,,0.0,0.0,0,1,1,0.0,0,Missing Description,Review Required,,,0.0403,Review / Operational
84811A,,0.0,0.0,0,1,1,0.0,0,Missing Description,Review Required,,,0.0403,Review / Operational
84810C,,0.0,0.0,0,1,1,0.0,0,Missing Description,Review Required,,,0.0403,Review / Operational
84841,,0.0,0.0,0,1,1,0.0,0,Missing Description,Review Required,,,0.0403,Review / Operational
84938,,0.0,0.0,0,1,1,0.0,0,Missing Description,Review Required,,,0.0403,Review / Operational
84933D,,0.0,0.0,0,2,2,0.0,0,Missing Description,Review Required,,,0.0403,Review / Operational
84849C,,0.0,0.0,0,1,1,0.0,0,Missing Description,Review Required,,,0.0403,Review / Operational
84845B,,0.0,0.0,0,1,1,0.0,0,Missing Description,Review Required,,,0.0403,Review / Operational
21601,,0.0,0.0,0,1,1,0.0,0,Missing Description,Review Required,,,0.0403,Review / Operational
21525,BEWARE OF THE CAT DOORMAT,13.5,0.0,2,4,4,-13.5,2,Commercial Description,Valid,1.0,Very High,0.0588,Review / Operational
21859,,0.0,0.0,0,1,1,0.0,0,Missing Description,Review Required,,,0.0403,Review / Operational
21583,,0.0,0.0,0,1,1,0.0,0,Missing Description,Review Required,,,0.0403,Review / Operational
21514,,0.0,0.0,0,1,1,0.0,0,Missing Description,Review Required,,,0.0403,Review / Operational
21512,,0.0,0.0,0,1,1,0.0,0,Missing Description,Review Required,,,0.0403,Review / Operational
21510,,0.0,0.0,0,1,1,0.0,0,Missing Description,Review Required,,,0.0403,Review / Operational
21505,,0.0,0.0,0,1,1,0.0,0,Missing Description,Review Required,,,0.0403,Review / Operational
72752D,,0.0,0.0,0,1,1,0.0,0,Missing Description,Review Required,,,0.0403,Review / Operational
21496,WOODLAND CREATURES  WRAP,10.5,0.0,25,3,3,-10.5,25,Commercial Description,Valid,1.0,Very High,0.0875,Review / Operational
21492,,0.0,0.0,0,1,1,0.0,0,Missing Description,Review Required,,,0.0403,Review / Operational
21227,,0.0,0.0,0,1,1,0.0,0,Missing Description,Review Required,,,0.0403,Review / Operational
DCGSLBOY,,0.0,0.0,0,1,1,0.0,0,Missing Description,Review Required,,,0.0403,Review / Operational
GIFT,,0.0,0.0,0,1,1,0.0,0,Missing Description,Review Required,,,0.0403,Review / Operational
gift_0001_90,,0.0,0.0,0,2,2,0.0,0,Missing Description,Review Required,,,0.0403,Review / Operational
gift_0001_80,Dotcomgiftshop Gift Voucher £80.00,69.56,0.0,1,4,4,-69.56,1,Commercial Description,Valid,1.0,Very High,0.0543,Review / Operational
DCGS0059,,0.0,0.0,0,1,1,0.0,0,Missing Description,Review Required,,,0.0403,Review / Operational
DCGS0060,,0.0,0.0,0,1,1,0.0,0,Missing Description,Review Required,,,0.0403,Review / Operational
72778,,0.0,0.0,0,1,1,0.0,0,Missing Description,Review Required,,,0.0403,Review / Operational
DCGS0066P,,0.0,0.0,0,1,1,0.0,0,Missing Description,Review Required,,,0.0403,Review / Operational
DCGS0067,ebay,0.0,0.0,0,1,1,0.0,0,Commercial Description,Valid,,,0.0403,Review / Operational
DCGS0071,,0.0,0.0,0,1,1,0.0,0,Missing Description,Review Required,,,0.0403,Review / Operational
C3,,0.0,0.0,0,1,1,0.0,0,Missing Description,Review Required,,,0.0403,Review / Operational
16195,,0.0,0.0,0,1,1,0.0,0,Missing Description,Review Required,,,0.0403,Review / Operational
16169H,,0.0,0.0,0,1,1,0.0,0,Missing Description,Review Required,,,0.0403,Review / Operational
DCGS0053,,0.0,0.0,0,1,1,0.0,0,Missing Description,Review Required,,,0.0403,Review / Operational
DCGS0074,,0.0,0.0,0,1,1,0.0,0,Missing Description,Review Required,,,0.0403,Review / Operational
DCGS0055,,0.0,0.0,0,1,1,0.0,0,Missing Description,Review Required,,,0.0403,Review / Operational
15002,rex use,0.0,0.0,0,1,1,0.0,0,Commercial Description,Valid,,,0.0403,Review / Operational
21502,,0.0,0.0,0,2,2,0.0,0,Missing Description,Review Required,,,0.0403,Review / Operational
90197C,,0.0,0.0,0,1,1,0.0,0,Missing Description,Review Required,,,0.0403,Review / Operational
90197A,,0.0,0.0,0,1,1,0.0,0,Missing Description,Review Required,,,0.0403,Review / Operational
84928,,0.0,0.0,0,1,1,0.0,0,Missing Description,Review Required,,,0.0403,Review / Operational
84927C,,0.0,0.0,0,1,1,0.0,0,Missing Description,Review Required,,,0.0403,Review / Operational
84874A,,0.0,0.0,0,1,1,0.0,0,Missing Description,Review Required,,,0.0403,Review / Operational
84873B,,0.0,0.0,0,1,1,0.0,0,Missing Description,Review Required,,,0.0403,Review / Operational
84871,,0.0,0.0,0,1,1,0.0,0,Missing Description,Review Required,,,0.0403,Review / Operational
84899A,,0.0,0.0,0,1,1,0.0,0,Missing Description,Review Required,,,0.0403,Review / Operational
84898E,,0.0,0.0,0,1,1,0.0,0,Missing Description,Review Required,,,0.0403,Review / Operational
84897A,,0.0,0.0,0,1,1,0.0,0,Missing Description,Review Required,,,0.0403,Review / Operational
84896C,,0.0,0.0,0,1,1,0.0,0,Missing Description,Review Required,,,0.0403,Review / Operational
84877C,,0.0,0.0,0,1,1,0.0,0,Missing Description,Review Required,,,0.0403,Review / Operational
DCGSLGIRL,,0.0,0.0,0,1,1,0.0,0,Missing Description,Review Required,,,0.0403,Review / Operational
DCGS0057,,0.0,0.0,0,1,1,0.0,0,Missing Description,Review Required,,,0.0403,Review / Operational
35631B,BLUE GREEN CHRISTMAS HANGING BALL,0.0,-0.19,0,2,2,-0.19,1,Commercial Description,Valid,,,0.015,Review / Operational
85083,KISS REINDEER SCANDINAVIAN STOCKING,12.749999999999998,-2.5500000000000025,5,4,4,-15.3,6,Commercial Description,Valid,1.2,Very High,0.0401,Review / Operational
37451,CERAMIC CAKE TEAPOT WITH CHERRY,4.95,-3.55,1,5,5,-8.5,2,Commercial Description,Valid,1.7172,Very High,0.0287,Review / Operational
21053,ZINC HEART HANGER WITH HOOKS,0.0,-4.25,0,2,2,-4.25,1,Commercial Description,Valid,,,0.0146,Review / Operational
85219,S/4 HEART CRYSTAL FRIDGE MAGNETS,0.0,-4.949999999999999,0,2,2,-4.949999999999999,3,Commercial Description,Valid,,,0.0145,Review / Operational
21346,LARGE SILVER BALUSTRADE CANDLESTICK,0.0,-5.95,0,1,1,-5.95,1,Commercial Description,Valid,,,0.0143,Review / Operational
85043,RED HEART CANDY POP LIGHTS,4.95,-9.9,1,5,5,-14.850000000000001,3,Commercial Description,Valid,3.0,Very High,0.0281,Review / Operational
35001C,HAND OPEN SHAPE CHROME,0.0,-10.17,0,2,2,-10.17,3,Commercial Description,Valid,,,0.0141,Review / Operational
21254,SET OF KITCHEN WALL  STICKERS,0.0,-11.8,0,2,2,-11.8,4,Commercial Description,Valid,,,0.0139,Review / Operational
47567,ENGLISH ROSE DESIGN KITCHEN APRON,0.0,-11.9,0,3,3,-11.9,2,Commercial Description,Valid,,,0.0138,Review / Operational
35976B,WHITE SCANDINAVIAN HEART CHRISTMAS,1.25,-13.75,1,4,4,-15.0,12,Commercial Description,Valid,12.0,Very High,0.0276,Review / Operational
20779,PINK EAR MUFF HEADPHONES,0.0,-14.790000000000001,0,2,2,-14.790000000000001,3,Commercial Description,Valid,,,0.0135,Review / Operational
79340P,PURPLE ORCHID FLOWER LIGHTS,0.0,-15.9,0,2,2,-15.9,2,Commercial Description,Valid,,,0.0134,Review / Operational
21315,LARGE GLASS HEART TRINKET POT,0.0,-17.0,0,1,1,-17.0,4,Commercial Description,Valid,,,0.0133,Review / Operational
79301,FEATHER HEART LIGHTS,2.95,-20.0,1,6,6,-22.950000000000003,9,Commercial Description,Valid,7.7797,Very High,0.0271,Review / Operational
21701,SET 6 MINI SUSHI SET FRIDGE MAGNETS,0.0,-20.28,0,2,2,-20.28,12,Commercial Description,Valid,,,0.013,Review / Operational
35603B,S/16 BLACK SHINY/MAT BAUBLES,21.0,-29.400000000000006,50,6,6,-50.400000000000006,24,Commercial Description,Valid,2.4,Very High,0.0746,Review / Operational
21766,VINTAGE WOOD ORGANISER,0.0,-33.9,0,1,1,-33.9,2,Commercial Description,Valid,,,0.0127,Review / Operational
PADS,PADS TO MATCH ALL CUSHIONS,0.017,-36.583,17,19,19,-36.6,1,Commercial Description,Valid,2152.9412,Very High,0.0526,Review / Operational
79340W,WHITE ORCHID FLOWER LIGHTS,0.0,-45.3,0,6,6,-45.3,6,Commercial Description,Valid,,,0.0125,Review / Operational
85069,CREAM SWEETHEART DOUBLE SHELF,50.85,-50.85,3,4,4,-101.7,6,Commercial Description,Valid,2.0,Very High,0.0335,Review / Operational
22003,VINTAGE BLUE VACUUM FLASK 0.5L,0.0,-67.5,0,2,2,-67.5,10,Commercial Description,Valid,,,0.0122,Review / Operational
20879,TREE OF NOAH FESTIVE SCENTED CANDLE,67.80000000000001,-133.79999999999998,57,16,16,-201.6,96,Commercial Description,Valid,2.9735,Very High,0.0776,Review / Operational
S,SAMPLES,136.85,-6056.06,3,103,37,-6192.91,100,Commercial Description,Valid,45.2533,Very High,0.0331,Review / Operational
CRUK,CRUK Commission,0.0,-7933.43,0,16,16,-7933.43,16,Commercial Description,Valid,,,0.0118,Review / Operational
D,Discount,397.89000000000004,-13484.539999999999,196,177,151,-13882.43,3068,Commercial Description,Valid,34.8901,Very High,0.1136,Review / Operational
BANK CHARGES,Bank Charges,534.241,-35562.629,35,102,95,-36096.87,77,Commercial Description,Valid,67.5666,Very High,0.0652,Review / Operational
M,Manual,340327.63,-83545.59999999999,9748,1409,1285,-423873.23,5450,Commercial Description,Valid,1.2455,Very High,0.2859,Review / Operational
B,Adjust bad debt,0.0,-147614.08000000002,0,6,6,0.0,0,Operational / Dirty Description,Review Required,,,0.0113,Review / Operational
AMAZONFEE,AMAZON FEE,34009.130000000005,-260763.58,4,43,36,-294772.71,39,Operational / Dirty Description,Review Required,8.6675,Very High,0.0345,Review / Operational
