CustomerID,Recency,Frequency,Monetary,TotalUnits,FirstPurchase,LastPurchase,CustomerLifetimeDays,AverageOrderValue,R_Score,F_Score,M_Score,RFM_Score,RFM_Total,Segment
12346.0,326,12,77556.46,74285,2009-12-14 08:34:00,2011-01-18 10:01:00,400,6463.038333333334,2,5,5,255,12,At Risk High Value
12347.0,3,8,5633.32,3286,2010-10-31 14:20:00,2011-12-07 15:52:00,402,704.165,5,4,5,545,14,Champions
12348.0,76,5,2019.3999999999999,2714,2010-09-27 14:59:00,2011-09-25 13:13:00,363,403.88,3,4,4,344,11,Potential Loyalists
12349.0,19,4,4428.6900000000005,1624,2010-04-29 13:20:00,2011-11-21 09:51:00,571,1107.1725000000001,5,3,5,535,13,Loyal Customers
12350.0,311,1,334.40000000000003,197,2011-02-02 16:01:00,2011-02-02 16:01:00,0,334.40000000000003,2,1,2,212,5,Hibernating
12351.0,376,1,300.93,261,2010-11-29 15:23:00,2010-11-29 15:23:00,0,300.93,2,1,2,212,5,Hibernating
12352.0,37,10,2849.84,724,2010-11-12 10:20:00,2011-11-03 14:37:00,356,284.98400000000004,4,5,4,454,13,Champions
12353.0,205,2,406.76,212,2010-10-27 12:44:00,2011-05-19 17:47:00,204,203.38,2,2,2,222,6,Hibernating
12354.0,233,1,1079.4,530,2011-04-21 13:11:00,2011-04-21 13:11:00,0,1079.4,2,1,3,213,6,Hibernating
12355.0,215,2,947.61,543,2010-05-21 11:59:00,2011-05-09 13:49:00,353,473.805,2,2,3,223,7,Hibernating
12356.0,23,6,6371.7300000000005,3416,2010-10-11 09:42:00,2011-11-17 08:40:00,402,1061.9550000000002,4,4,5,445,13,Champions
12357.0,34,3,18287.66,6587,2010-11-16 10:05:00,2011-11-06 16:07:00,355,6095.886666666666,4,3,5,435,12,Loyal Customers
12358.0,2,5,3887.07,1079,2009-12-08 07:59:00,2011-12-08 10:26:00,730,777.414,5,4,5,545,14,Champions
12359.0,58,10,8873.39,2739,2009-12-05 13:32:00,2011-10-13 12:47:00,677,887.3389999999999,4,5,5,455,14,Champions
12360.0,53,8,4252.89,2459,2010-02-22 09:32:00,2011-10-18 15:22:00,603,531.61125,4,4,5,445,13,Champions
12361.0,288,4,511.25,235,2010-01-26 14:37:00,2011-02-25 13:51:00,395,127.8125,2,3,2,232,7,At Risk
12362.0,4,11,5356.2300000000005,2230,2009-12-01 10:10:00,2011-12-06 15:40:00,735,486.93000000000006,5,5,5,555,15,Champions
12363.0,110,2,552.0,408,2011-04-11 13:29:00,2011-08-22 10:18:00,133,276.0,3,2,2,322,7,Needs Attention
12364.0,8,4,1313.1,1506,2011-08-19 15:24:00,2011-12-02 10:22:00,105,328.275,5,3,4,534,12,Loyal Customers
12365.0,292,2,641.38,174,2011-02-21 13:51:00,2011-02-21 14:04:00,0,320.69,2,2,3,223,7,Hibernating
12366.0,634,1,500.24,296,2010-03-16 10:28:00,2010-03-16 10:28:00,0,500.24,1,1,2,112,4,Hibernating
12367.0,5,1,168.9,173,2011-12-05 16:48:00,2011-12-05 16:48:00,0,168.9,5,1,1,511,7,New / Promising
12368.0,629,1,917.7,330,2010-03-21 15:56:00,2010-03-21 15:56:00,0,917.7,1,1,3,113,5,Hibernating
12369.0,414,3,1791.15,1241,2010-03-08 08:09:00,2010-10-22 13:13:00,228,597.0500000000001,1,3,4,134,8,At Risk
12370.0,52,7,4316.56,2604,2010-02-09 09:41:00,2011-10-19 14:51:00,617,616.6514285714286,4,4,5,445,13,Champions
12371.0,45,5,4067.38,1436,2010-03-04 18:23:00,2011-10-26 10:16:00,601,813.476,4,4,5,445,13,Champions
12372.0,72,3,1298.04,794,2011-02-16 12:46:00,2011-09-29 12:12:00,225,432.68,3,3,4,334,10,Potential Loyalists
12373.0,312,3,1127.65,516,2010-02-04 12:08:00,2011-02-01 13:10:00,362,375.8833333333334,2,3,3,233,8,At Risk
12374.0,26,4,2989.2200000000003,1362,2010-04-30 14:01:00,2011-11-14 15:37:00,563,747.3050000000001,4,3,5,435,12,Loyal Customers
12375.0,11,2,457.5,178,2011-09-02 14:23:00,2011-11-29 10:36:00,88,228.75,5,2,2,522,9,New / Promising
12376.0,390,2,503.15,240,2010-10-18 08:42:00,2010-11-15 12:15:00,28,251.575,2,2,2,222,6,Hibernating
12377.0,316,4,3426.32,2105,2010-04-29 15:34:00,2011-01-28 15:45:00,274,856.58,2,3,5,235,10,At Risk
12378.0,130,2,5416.32,3316,2010-05-26 14:07:00,2011-08-02 10:34:00,433,2708.16,3,2,5,325,10,Needs Attention
12379.0,82,4,1620.22,815,2010-06-23 12:49:00,2011-09-19 10:09:00,453,405.055,3,3,4,334,10,Potential Loyalists
12380.0,22,11,9676.300000000001,3355,2010-02-15 12:05:00,2011-11-18 11:27:00,641,879.6636363636364,4,5,5,455,14,Champions
12381.0,5,5,1845.31,808,2011-08-12 09:57:00,2011-12-05 12:44:00,115,369.062,5,4,4,544,13,Champions
12383.0,185,5,1850.56,1532,2010-12-22 14:28:00,2011-06-08 08:02:00,168,370.11199999999997,3,4,4,344,11,Potential Loyalists
12384.0,29,2,585.27,126,2011-08-10 11:23:00,2011-11-11 08:39:00,93,292.635,4,2,2,422,8,New / Promising
12385.0,380,1,1938.4,612,2010-11-25 15:14:00,2010-11-25 15:14:00,0,1938.4,2,1,4,214,7,Hibernating
12386.0,338,2,660.8000000000001,568,2010-12-08 09:53:00,2011-01-06 12:37:00,29,330.40000000000003,2,2,3,223,7,Hibernating
12387.0,416,1,143.94,134,2010-10-20 16:27:00,2010-10-20 16:27:00,0,143.94,1,1,1,111,3,Hibernating
12388.0,16,8,3901.11,2001,2010-05-06 12:54:00,2011-11-24 12:30:00,567,487.63875,5,4,5,545,14,Champions
12389.0,403,3,1433.33,614,2010-02-22 10:15:00,2010-11-02 11:52:00,253,477.77666666666664,2,3,4,234,9,At Risk
12390.0,80,1,549.84,353,2011-09-21 09:33:00,2011-09-21 09:33:00,0,549.84,3,1,2,312,6,Needs Attention
12391.0,22,6,2724.84,1204,2010-02-15 10:12:00,2011-11-18 12:07:00,641,454.14000000000004,4,4,4,444,12,Champions
12392.0,592,1,234.75000000000003,73,2010-04-27 14:04:00,2010-04-27 14:04:00,0,234.75000000000003,1,1,1,111,3,Hibernating
12393.0,73,6,2399.45,1311,2010-10-07 13:49:00,2011-09-28 15:41:00,356,399.9083333333333,3,4,4,344,11,Potential Loyalists
12394.0,64,2,1272.48,819,2011-05-06 14:01:00,2011-10-07 08:08:00,154,636.24,3,2,4,324,9,Needs Attention
12395.0,20,15,5067.27,3733,2010-04-16 10:16:00,2011-11-20 15:21:00,583,337.81800000000004,5,5,5,555,15,Champions
12396.0,675,1,931.4300000000001,591,2010-02-03 13:22:00,2010-02-03 13:22:00,0,931.4300000000001,1,1,3,113,5,Hibernating
12397.0,36,2,2409.9,1263,2011-07-27 14:21:00,2011-11-04 09:52:00,100,1204.95,4,2,4,424,10,New / Promising
12398.0,46,1,1635.6599999999999,1394,2011-10-25 10:27:00,2011-10-25 10:27:00,0,1635.6599999999999,4,1,4,414,9,New / Promising
12399.0,120,7,1962.3,2198,2010-03-05 08:45:00,2011-08-12 13:15:00,525,280.3285714285714,3,4,4,344,11,Potential Loyalists
12400.0,415,1,205.25,91,2010-10-21 13:45:00,2010-10-21 13:45:00,0,205.25,1,1,1,111,3,Hibernating
12401.0,304,1,84.3,11,2011-02-09 13:50:00,2011-02-09 13:50:00,0,84.3,2,1,1,211,4,Hibernating
12402.0,324,6,1256.9,584,2010-02-07 12:41:00,2011-01-20 13:49:00,347,209.48333333333335,2,4,4,244,10,At Risk High Value
12403.0,50,2,1019.36,260,2010-07-06 11:39:00,2011-10-21 10:51:00,472,509.68,4,2,3,423,9,New / Promising
12404.0,683,1,63.24,1,2010-01-26 16:25:00,2010-01-26 16:25:00,0,63.24,1,1,1,111,3,Hibernating
12405.0,149,1,1710.39,857,2011-07-14 08:52:00,2011-07-14 08:52:00,0,1710.39,3,1,4,314,8,Needs Attention
12406.0,23,5,6390.36,3416,2010-01-11 14:04:00,2011-11-17 19:22:00,675,1278.072,4,4,5,445,13,Champions
12407.0,50,5,1708.12,1416,2011-03-20 13:21:00,2011-10-21 10:11:00,215,341.62399999999997,4,4,4,444,12,Champions
12408.0,33,8,4340.77,2229,2010-07-29 13:27:00,2011-11-07 12:27:00,466,542.59625,4,4,5,445,13,Champions
12409.0,79,7,23419.29,13143,2010-05-23 15:21:00,2011-09-22 10:38:00,487,3345.612857142857,3,4,5,345,12,Potential Loyalists
12410.0,309,3,1013.71,341,2010-07-25 13:26:00,2011-02-04 10:39:00,194,337.90333333333336,2,3,3,233,8,At Risk
12411.0,410,1,346.9,138,2010-10-26 09:25:00,2010-10-26 09:25:00,0,346.9,2,1,2,212,5,Hibernating
12412.0,75,6,2596.93,1997,2010-06-18 13:22:00,2011-09-26 10:16:00,465,432.82166666666666,3,4,4,344,11,Potential Loyalists
12413.0,67,4,999.45,319,2010-11-02 13:26:00,2011-10-04 09:00:00,336,249.8625,3,3,3,333,9,Potential Loyalists
12414.0,218,6,952.4100000000001,495,2010-09-02 12:22:00,2011-05-06 14:51:00,246,158.735,2,4,3,243,9,At Risk
12415.0,25,28,144458.37,91447,2010-06-30 08:30:00,2011-11-15 14:22:00,503,5159.2275,4,5,5,455,14,Champions
12416.0,657,1,202.56,132,2010-02-21 10:19:00,2010-02-21 10:19:00,0,202.56,1,1,1,111,3,Hibernating
12417.0,4,20,6797.41,2884,2009-12-06 10:30:00,2011-12-06 14:52:00,730,339.8705,5,5,5,555,15,Champions
12418.0,113,4,2021.2,1088,2010-03-19 14:47:00,2011-08-19 11:08:00,518,505.3,3,3,4,334,10,Potential Loyalists
12419.0,386,2,503.01,231,2010-10-22 10:40:00,2010-11-19 10:04:00,28,251.505,2,2,2,222,6,Hibernating
12420.0,64,1,600.39,345,2011-10-07 08:55:00,2011-10-07 08:55:00,0,600.39,3,1,2,312,6,Needs Attention
12421.0,16,6,1098.6,652,2010-07-22 13:57:00,2011-11-24 09:07:00,490,183.1,5,4,3,543,12,Loyal Customers
12422.0,96,17,5231.8,2596,2009-12-18 12:44:00,2011-09-05 09:48:00,626,307.7529411764706,3,5,5,355,13,Potential Loyalists
12423.0,1,10,2622.39,1793,2010-08-31 09:31:00,2011-12-09 10:10:00,465,262.239,5,5,4,554,14,Champions
12424.0,163,4,3340.0299999999997,2025,2010-06-09 15:15:00,2011-06-30 12:06:00,386,835.0074999999999,3,3,5,335,11,Potential Loyalists
12425.0,79,2,1741.41,1147,2010-09-17 14:10:00,2011-09-22 17:31:00,370,870.705,3,2,4,324,9,Needs Attention
12426.0,195,2,1345.21,584,2010-02-15 08:41:00,2011-05-29 12:26:00,468,672.605,2,2,4,224,8,Hibernating
12427.0,22,3,1129.3,612,2010-12-03 10:44:00,2011-11-18 08:56:00,350,376.43333333333334,4,3,3,433,10,Loyal Customers
12428.0,26,9,7956.46,3536,2011-03-01 09:33:00,2011-11-14 08:22:00,258,884.0511111111111,4,5,5,455,14,Champions
12429.0,10,8,7485.91,3344,2010-06-11 13:28:00,2011-11-30 17:22:00,537,935.73875,5,4,5,545,14,Champions
12430.0,44,1,256.4,117,2011-10-27 15:09:00,2011-10-27 15:09:00,0,256.4,4,1,1,411,6,New / Promising
12431.0,36,27,10790.470000000001,4707,2010-01-15 09:04:00,2011-11-04 11:55:00,658,399.6470370370371,4,5,5,455,14,Champions
12432.0,43,5,5059.32,1801,2011-06-20 13:27:00,2011-10-28 11:43:00,130,1011.8639999999999,4,4,5,445,13,Champions
12433.0,1,10,20581.260000000002,17116,2010-08-20 09:23:00,2011-12-09 10:02:00,476,2058.126,5,5,5,555,15,Champions
12434.0,85,3,1103.43,532,2010-11-23 13:38:00,2011-09-16 12:38:00,297,367.81,3,3,3,333,9,Potential Loyalists
12435.0,80,6,13925.93,4958,2009-12-02 13:58:00,2011-09-21 09:06:00,658,2320.9883333333332,3,4,5,345,12,Potential Loyalists
12436.0,100,1,509.01,211,2011-09-01 12:09:00,2011-09-01 12:09:00,0,509.01,3,1,2,312,6,Needs Attention
12437.0,2,39,12683.4,8000,2009-12-02 16:24:00,2011-12-08 11:35:00,736,325.2153846153846,5,5,5,555,15,Champions
12438.0,15,2,2906.85,1180,2011-07-22 13:29:00,2011-11-25 13:28:00,126,1453.425,5,2,4,524,11,New / Promising
12439.0,683,2,1142.88,478,2009-12-14 08:40:00,2010-01-26 12:11:00,43,571.44,1,2,3,123,6,Hibernating
12440.0,463,2,859.2,331,2009-12-22 12:03:00,2010-09-03 13:11:00,255,429.6,1,2,3,123,6,Hibernating
12441.0,367,1,347.1,242,2010-12-08 10:45:00,2010-12-08 10:45:00,0,347.1,2,1,2,212,5,Hibernating
12442.0,4,1,172.06,182,2011-12-06 14:22:00,2011-12-06 14:22:00,0,172.06,5,1,1,511,7,New / Promising
12443.0,733,1,485.31,182,2009-12-07 15:42:00,2009-12-07 15:42:00,0,485.31,1,1,2,112,4,Hibernating
12444.0,22,5,5005.46,1153,2011-06-21 14:00:00,2011-11-18 13:23:00,150,1001.092,4,4,5,445,13,Champions
12445.0,23,2,434.98,206,2010-10-15 12:28:00,2011-11-17 18:43:00,398,217.49,4,2,2,422,8,New / Promising
12446.0,58,1,1002.3100000000001,351,2011-10-13 12:50:00,2011-10-13 12:50:00,0,1002.3100000000001,4,1,3,413,8,New / Promising
12447.0,244,1,476.49,190,2011-04-10 13:25:00,2011-04-10 13:25:00,0,476.49,2,1,2,212,5,Hibernating
12448.0,45,1,449.45,243,2011-10-26 13:46:00,2011-10-26 13:46:00,0,449.45,4,1,2,412,7,New / Promising
12449.0,23,6,4835.89,2282,2010-09-27 09:37:00,2011-11-17 13:46:00,416,805.9816666666667,4,4,5,445,13,Champions
12450.0,157,5,688.2,442,2010-08-22 13:11:00,2011-07-06 14:41:00,318,137.64000000000001,3,4,3,343,10,Potential Loyalists
12451.0,11,8,12669.88,9359,2010-06-28 12:58:00,2011-11-29 08:40:00,519,1583.735,5,4,5,545,14,Champions
12452.0,17,2,430.57000000000005,185,2011-11-23 08:05:00,2011-11-23 10:28:00,0,215.28500000000003,5,2,2,522,9,New / Promising
12453.0,135,1,707.09,473,2011-07-28 14:08:00,2011-07-28 14:08:00,0,707.09,3,1,3,313,7,Needs Attention
12454.0,57,5,16679.78,7703,2010-10-14 17:33:00,2011-10-14 17:13:00,365,3335.9559999999997,4,4,5,445,13,Champions
12455.0,74,10,5879.95,3302,2009-12-18 12:33:00,2011-09-27 15:31:00,648,587.995,3,5,5,355,13,Potential Loyalists
12456.0,45,3,3181.04,1633,2011-03-30 09:12:00,2011-10-26 14:41:00,210,1060.3466666666666,4,3,5,435,12,Loyal Customers
12457.0,67,8,2995.91,1094,2010-09-30 17:59:00,2011-10-04 13:13:00,369,374.48875,3,4,5,345,12,Potential Loyalists
12458.0,72,4,1777.49,986,2010-08-09 10:33:00,2011-09-29 15:25:00,416,444.3725,3,3,4,334,10,Potential Loyalists
12459.0,606,1,454.36,258,2010-04-13 14:53:00,2010-04-13 14:53:00,0,454.36,1,1,2,112,4,Hibernating
12460.0,457,1,326.65,170,2010-09-09 13:51:00,2010-09-09 13:51:00,0,326.65,1,1,2,112,4,Hibernating
12461.0,95,2,826.88,287,2011-07-08 10:23:00,2011-09-06 16:57:00,60,413.44,3,2,3,323,8,Needs Attention
12462.0,19,2,1189.59,536,2011-02-09 14:44:00,2011-11-21 09:11:00,285,594.795,5,2,3,523,10,New / Promising
12463.0,54,4,1344.78,776,2011-04-12 12:47:00,2011-10-17 13:44:00,188,336.195,4,3,4,434,11,Loyal Customers
12464.0,11,8,1212.05,112,2011-02-03 13:30:00,2011-11-29 13:33:00,299,151.50625,5,4,3,543,12,Loyal Customers
12465.0,18,2,742.19,479,2011-06-23 13:37:00,2011-11-22 16:34:00,152,371.095,5,2,3,523,10,New / Promising
12466.0,683,1,56.73,1,2010-01-26 16:26:00,2010-01-26 16:26:00,0,56.73,1,1,1,111,3,Hibernating
12467.0,424,1,132.8,129,2010-10-12 15:41:00,2010-10-12 15:41:00,0,132.8,1,1,1,111,3,Hibernating
12468.0,188,5,3670.7400000000002,2201,2010-01-26 10:09:00,2011-06-05 11:36:00,495,734.148,3,4,5,345,12,Potential Loyalists
12469.0,523,2,3070.54,2552,2010-06-21 10:30:00,2010-07-05 12:40:00,14,1535.27,1,2,5,125,8,Hibernating
12470.0,690,1,211.95,95,2010-01-19 11:01:00,2010-01-19 11:01:00,0,211.95,1,1,1,111,3,Hibernating
12471.0,3,79,39918.19,16858,2009-12-07 10:41:00,2011-12-07 15:43:00,730,505.2935443037975,5,5,5,555,15,Champions
12472.0,33,19,17880.59,11350,2009-12-14 10:49:00,2011-11-07 14:01:00,693,941.0836842105264,4,5,5,455,14,Champions
12473.0,30,5,3928.05,2414,2011-06-01 10:15:00,2011-11-10 13:46:00,162,785.61,4,4,5,445,13,Champions
12474.0,18,31,12372.75,7940,2010-02-11 09:41:00,2011-11-22 14:39:00,649,399.1209677419355,5,5,5,555,15,Champions
12475.0,54,2,1149.64,771,2010-10-26 08:49:00,2011-10-17 10:10:00,356,574.82,4,2,3,423,9,New / Promising
12476.0,16,23,14083.91,5631,2010-07-26 09:04:00,2011-11-24 12:40:00,486,612.3439130434782,5,5,5,555,15,Champions
12477.0,23,9,20276.37,6119,2010-03-26 14:01:00,2011-11-17 09:51:00,601,2252.93,4,5,5,455,14,Champions
12478.0,4,1,680.99,236,2011-12-06 09:56:00,2011-12-06 09:56:00,0,680.99,5,1,3,513,9,New / Promising
12479.0,12,1,527.2,385,2011-11-28 13:26:00,2011-11-28 13:26:00,0,527.2,5,1,2,512,8,New / Promising
12480.0,29,7,5464.85,2952,2010-07-20 13:21:00,2011-11-11 14:52:00,479,780.6928571428572,4,4,5,445,13,Champions
12481.0,23,15,12344.89,7243,2010-04-11 13:10:00,2011-11-17 08:29:00,585,822.9926666666667,4,5,5,455,14,Champions
12482.0,577,29,23691.4,27042,2010-02-24 10:24:00,2010-05-12 16:51:00,77,816.944827586207,1,5,5,155,11,At Risk High Value
12483.0,18,19,5097.18,2160,2010-01-31 13:28:00,2011-11-22 17:02:00,660,268.27263157894737,5,5,5,555,15,Champions
12484.0,33,12,6354.1,3266,2010-01-27 16:41:00,2011-11-07 11:37:00,649,529.5083333333333,4,5,5,455,14,Champions
12485.0,530,1,708.1,414,2010-06-28 15:22:00,2010-06-28 15:22:00,0,708.1,1,1,3,113,5,Hibernating
12486.0,432,1,1037.28,523,2010-10-04 12:14:00,2010-10-04 12:14:00,0,1037.28,1,1,3,113,5,Hibernating
12487.0,731,1,285.3,174,2009-12-09 11:36:00,2009-12-09 11:36:00,0,285.3,1,1,1,111,3,Hibernating
12488.0,10,3,1298.66,529,2011-09-25 10:34:00,2011-11-30 08:50:00,66,432.8866666666667,5,3,4,534,12,Loyal Customers
12489.0,337,1,334.93,105,2011-01-07 13:13:00,2011-01-07 13:13:00,0,334.93,2,1,2,212,5,Hibernating
12490.0,6,21,9823.64,5906,2009-12-01 12:52:00,2011-12-04 16:07:00,733,467.79238095238094,5,5,5,555,15,Champions
12491.0,39,1,460.40000000000003,260,2011-11-01 12:18:00,2011-11-01 12:18:00,0,460.40000000000003,4,1,2,412,7,New / Promising
12492.0,64,3,715.21,444,2010-11-01 14:58:00,2011-10-07 15:15:00,340,238.40333333333334,3,3,3,333,9,Potential Loyalists
12493.0,166,2,433.74,207,2011-05-26 14:53:00,2011-06-27 10:17:00,32,216.87,3,2,2,322,7,Needs Attention
12494.0,16,9,1872.8700000000001,988,2010-05-12 13:52:00,2011-11-24 09:34:00,561,208.0966666666667,5,5,4,554,14,Champions
12495.0,641,1,357.4,130,2010-03-09 10:53:00,2010-03-09 10:53:00,0,357.4,1,1,2,112,4,Hibernating
12496.0,621,2,45.34,30,2010-03-29 13:57:00,2010-03-29 14:06:00,0,22.67,1,2,1,121,4,Hibernating
12497.0,82,3,6248.5,5685,2010-03-05 09:39:00,2011-09-19 12:29:00,563,2082.8333333333335,3,3,5,335,11,Potential Loyalists
12498.0,22,3,403.70000000000005,159,2011-10-13 09:30:00,2011-11-18 12:53:00,36,134.5666666666667,4,3,2,432,9,Loyal Customers
12499.0,561,1,393.72,302,2010-05-28 15:12:00,2010-05-28 15:12:00,0,393.72,1,1,2,112,4,Hibernating
12500.0,24,19,5955.21,3377,2010-02-04 15:05:00,2011-11-16 16:20:00,650,313.4321052631579,4,5,5,455,14,Champions
12501.0,337,1,2169.39,1783,2011-01-07 12:28:00,2011-01-07 12:28:00,0,2169.39,2,1,4,214,7,Hibernating
12502.0,96,5,3723.87,820,2011-02-03 10:41:00,2011-09-05 11:52:00,214,744.774,3,4,5,345,12,Potential Loyalists
12503.0,585,1,1126.0,561,2010-05-04 13:59:00,2010-05-04 13:59:00,0,1126.0,1,1,3,113,5,Hibernating
12504.0,19,4,779.05,458,2010-04-22 10:24:00,2011-11-21 16:02:00,578,194.7625,5,3,3,533,11,Loyal Customers
12505.0,409,1,955.2,324,2010-10-27 09:18:00,2010-10-27 09:18:00,0,955.2,2,1,3,213,6,Hibernating
12506.0,233,1,73.5,23,2011-04-21 08:54:00,2011-04-21 08:54:00,0,73.5,2,1,1,211,4,Hibernating
12507.0,135,4,1844.06,1256,2010-05-04 09:23:00,2011-07-28 17:09:00,450,461.015,3,3,4,334,10,Potential Loyalists
12508.0,27,2,397.88,271,2011-11-10 16:27:00,2011-11-13 15:37:00,3,198.94,4,2,2,422,8,New / Promising
12509.0,285,1,176.5,55,2011-02-28 14:45:00,2011-02-28 14:45:00,0,176.5,2,1,1,211,4,Hibernating
12510.0,143,9,5178.02,2049,2009-12-04 13:47:00,2011-07-20 10:15:00,593,575.3355555555556,3,5,5,355,13,Potential Loyalists
12511.0,429,1,3084.02,1753,2010-10-07 10:39:00,2010-10-07 10:39:00,0,3084.02,1,1,5,115,7,Hibernating
12512.0,67,2,132.18,96,2011-10-04 14:53:00,2011-10-04 14:55:00,0,66.09,3,2,1,321,6,Needs Attention
12513.0,113,1,612.29,462,2011-08-19 10:51:00,2011-08-19 10:51:00,0,612.29,3,1,2,312,6,Needs Attention
12514.0,268,2,1597.76,840,2010-03-08 12:18:00,2011-03-17 16:38:00,374,798.88,2,2,4,224,8,Hibernating
12515.0,354,1,383.7,131,2010-12-21 15:43:00,2010-12-21 15:43:00,0,383.7,2,1,2,212,5,Hibernating
12516.0,78,4,2648.62,1952,2010-04-19 14:14:00,2011-09-23 09:13:00,522,662.155,3,3,4,334,10,Potential Loyalists
12517.0,29,5,2481.6,1361,2011-06-02 15:13:00,2011-11-11 14:04:00,162,496.32,4,4,4,444,12,Champions
12518.0,1,5,2056.89,1318,2011-08-21 13:18:00,2011-12-09 10:13:00,110,411.378,5,4,4,544,13,Champions
12519.0,64,2,716.54,387,2010-08-20 08:21:00,2011-10-07 09:26:00,413,358.27,3,2,3,323,8,Needs Attention
12520.0,80,5,2634.26,1439,2011-03-11 11:35:00,2011-09-21 15:23:00,194,526.8520000000001,3,4,4,344,11,Potential Loyalists
12521.0,143,1,599.68,309,2011-07-20 10:51:00,2011-07-20 10:51:00,0,599.68,3,1,2,312,6,Needs Attention
12522.0,40,2,192.72,194,2011-10-19 14:41:00,2011-10-31 15:30:00,12,96.36,4,2,1,421,7,New / Promising
12523.0,20,23,4352.35,2263,2009-12-07 13:46:00,2011-11-20 12:55:00,713,189.2326086956522,5,5,5,555,15,Champions
12524.0,10,17,11126.11,7178,2010-02-08 14:41:00,2011-11-30 15:31:00,660,654.4770588235294,5,5,5,555,15,Champions
12525.0,499,3,973.73,509,2010-03-02 14:01:00,2010-07-29 16:08:00,149,324.57666666666665,1,3,3,133,7,At Risk
12526.0,1,3,1316.66,632,2011-09-06 14:19:00,2011-12-09 12:09:00,94,438.8866666666667,5,3,4,534,12,Loyal Customers
12527.0,82,5,735.51,526,2010-06-28 15:37:00,2011-09-19 11:55:00,448,147.102,3,4,3,343,10,Potential Loyalists
12528.0,10,6,1933.48,756,2011-01-31 09:05:00,2011-11-30 14:40:00,303,322.24666666666667,5,4,4,544,13,Champions
12529.0,529,1,316.48,192,2010-06-29 13:10:00,2010-06-29 13:10:00,0,316.48,1,1,2,112,4,Hibernating
12530.0,60,9,3759.26,2713,2010-03-07 14:37:00,2011-10-11 12:34:00,583,417.6955555555556,3,5,5,355,13,Potential Loyalists
12531.0,15,2,1933.2,1119,2010-01-22 14:17:00,2011-11-25 11:12:00,672,966.6,5,2,4,524,11,New / Promising
12532.0,31,1,349.83000000000004,153,2011-11-09 13:47:00,2011-11-09 13:47:00,0,349.83000000000004,4,1,2,412,7,New / Promising
12533.0,628,2,1367.89,704,2009-12-01 11:50:00,2010-03-22 10:56:00,111,683.945,1,2,4,124,7,Hibernating
12534.0,131,1,1089.18,651,2011-08-01 10:26:00,2011-08-01 10:26:00,0,1089.18,3,1,3,313,7,Needs Attention
12535.0,92,2,716.35,219,2011-06-06 12:47:00,2011-09-09 08:48:00,95,358.175,3,2,3,323,8,Needs Attention
12536.0,44,3,12601.830000000002,2803,2011-10-11 14:52:00,2011-10-27 14:20:00,16,4200.610000000001,4,3,5,435,12,Loyal Customers
12537.0,409,1,732.94,449,2010-10-27 08:36:00,2010-10-27 08:36:00,0,732.94,2,1,3,213,6,Hibernating
12538.0,30,2,640.45,336,2010-11-26 13:02:00,2011-11-10 17:16:00,349,320.225,4,2,3,423,9,New / Promising
12539.0,23,7,11214.75,4535,2009-12-23 13:00:00,2011-11-17 13:30:00,694,1602.107142857143,4,4,5,445,13,Champions
12540.0,20,33,22254.49,11019,2009-12-07 16:56:00,2011-11-20 11:31:00,713,674.3784848484848,5,5,5,555,15,Champions
12541.0,30,3,981.18,680,2011-03-04 09:32:00,2011-11-10 10:40:00,251,327.06,4,3,3,433,10,Loyal Customers
12542.0,485,2,481.88,522,2010-03-09 16:26:00,2010-08-12 19:12:00,156,240.94,1,2,2,122,5,Hibernating
12543.0,449,1,980.25,688,2010-09-17 15:51:00,2010-09-17 15:51:00,0,980.25,1,1,3,113,5,Hibernating
12544.0,37,1,372.7,136,2011-11-03 16:15:00,2011-11-03 16:15:00,0,372.7,4,1,2,412,7,New / Promising
12545.0,76,2,1000.39,523,2011-03-25 12:04:00,2011-09-25 13:39:00,184,500.195,3,2,3,323,8,Needs Attention
12546.0,47,2,1161.5,633,2011-09-23 09:44:00,2011-10-24 12:09:00,31,580.75,4,2,3,423,9,New / Promising
12547.0,198,3,383.58,309,2010-07-27 13:55:00,2011-05-26 12:38:00,303,127.86,2,3,2,232,7,At Risk
12548.0,167,1,95.19999999999999,49,2011-06-26 15:35:00,2011-06-26 15:35:00,0,95.19999999999999,3,1,1,311,5,Needs Attention
12549.0,576,6,1575.68,1366,2010-01-11 12:29:00,2010-05-13 12:05:00,122,262.61333333333334,1,4,4,144,9,At Risk High Value
12550.0,80,1,964.83,569,2011-09-21 14:35:00,2011-09-21 14:35:00,0,964.83,3,1,3,313,7,Needs Attention
12551.0,358,1,168.0,100,2010-12-17 11:23:00,2010-12-17 11:23:00,0,168.0,2,1,1,211,4,Hibernating
12552.0,39,2,437.82,88,2011-10-31 12:11:00,2011-11-01 10:02:00,1,218.91,4,2,2,422,8,New / Promising
12553.0,9,12,4608.75,2325,2010-10-12 13:35:00,2011-12-01 16:38:00,415,384.0625,5,5,5,555,15,Champions
12554.0,449,1,468.5,240,2010-09-17 12:29:00,2010-09-17 12:29:00,0,468.5,1,1,2,112,4,Hibernating
12555.0,683,1,129.23,1,2010-01-26 16:26:00,2010-01-26 16:26:00,0,129.23,1,1,1,111,3,Hibernating
12556.0,51,2,599.56,355,2011-07-11 13:35:00,2011-10-20 13:06:00,101,299.78,4,2,2,422,8,New / Promising
12557.0,17,8,18716.14,6782,2009-12-17 10:39:00,2011-11-23 16:59:00,706,2339.5175,5,4,5,545,14,Champions
12558.0,8,1,269.96,196,2011-12-02 10:41:00,2011-12-02 10:41:00,0,269.96,5,1,1,511,7,New / Promising
12559.0,311,2,561.71,283,2011-01-24 10:12:00,2011-02-02 09:49:00,9,280.855,2,2,2,222,6,Hibernating
12560.0,6,3,2134.01,1110,2011-07-19 15:55:00,2011-12-04 13:54:00,138,711.3366666666667,5,3,4,534,12,Loyal Customers
12561.0,303,1,238.85,177,2011-02-10 11:39:00,2011-02-10 11:39:00,0,238.85,2,1,1,211,4,Hibernating
12562.0,9,9,4966.92,2327,2010-09-30 13:13:00,2011-12-01 17:20:00,427,551.88,5,5,5,555,15,Champions
12563.0,409,1,249.24,113,2010-10-27 09:52:00,2010-10-27 09:52:00,0,249.24,2,1,1,211,4,Hibernating
12564.0,262,1,456.90000000000003,133,2011-03-23 14:55:00,2011-03-23 14:55:00,0,456.90000000000003,2,1,2,212,5,Hibernating
12565.0,289,1,145.92000000000002,80,2011-02-24 10:34:00,2011-02-24 10:34:00,0,145.92000000000002,2,1,1,211,4,Hibernating
12566.0,87,1,351.65,265,2011-09-14 14:30:00,2011-09-14 14:30:00,0,351.65,3,1,2,312,6,Needs Attention
12567.0,23,15,13709.86,6086,2010-02-11 10:30:00,2011-11-17 11:02:00,644,913.9906666666667,4,5,5,455,14,Champions
12568.0,645,1,70.0,48,2010-03-05 09:15:00,2010-03-05 09:15:00,0,70.0,1,1,1,111,3,Hibernating
12569.0,3,32,4124.6900000000005,1801,2011-04-01 13:47:00,2011-12-07 16:24:00,250,128.89656250000002,5,5,5,555,15,Champions
12570.0,683,1,77.52,1,2010-01-26 17:28:00,2010-01-26 17:28:00,0,77.52,1,1,1,111,3,Hibernating
12571.0,40,2,519.61,523,2011-08-10 12:35:00,2011-10-31 10:19:00,82,259.805,4,2,2,422,8,New / Promising
12572.0,9,2,1020.4200000000001,452,2011-10-19 08:20:00,2011-12-01 09:20:00,43,510.21000000000004,5,2,3,523,10,New / Promising
12573.0,228,5,717.41,479,2010-08-31 17:25:00,2011-04-26 15:52:00,238,143.482,2,4,3,243,9,At Risk
12574.0,316,1,218.45000000000002,61,2011-01-28 09:20:00,2011-01-28 09:20:00,0,218.45000000000002,2,1,1,211,4,Hibernating
12575.0,458,2,622.82,315,2010-07-01 09:15:00,2010-09-08 13:09:00,69,311.41,1,2,3,123,6,Hibernating
12576.0,36,8,2142.7200000000003,1494,2010-07-01 13:46:00,2011-11-04 10:11:00,491,267.84000000000003,4,4,4,444,12,Champions
12577.0,36,8,1617.1,1191,2009-12-03 19:31:00,2011-11-04 13:24:00,701,202.1375,4,4,4,444,12,Champions
12578.0,22,4,4642.45,2380,2010-09-22 11:19:00,2011-11-18 13:30:00,422,1160.6125,4,3,5,435,12,Loyal Customers
12579.0,79,1,440.42,285,2011-09-22 17:15:00,2011-09-22 17:15:00,0,440.42,3,1,2,312,6,Needs Attention
12580.0,247,2,1052.9,569,2010-05-12 11:45:00,2011-04-07 10:24:00,330,526.45,2,2,3,223,7,Hibernating
12581.0,40,1,197.71,161,2011-10-31 08:56:00,2011-10-31 08:56:00,0,197.71,4,1,1,411,6,New / Promising
12582.0,239,4,1980.4,985,2010-05-11 09:55:00,2011-04-15 08:45:00,339,495.1,2,3,4,234,9,At Risk
12583.0,3,27,14447.44,8984,2009-12-06 11:57:00,2011-12-07 08:07:00,731,535.0903703703704,5,5,5,555,15,Champions
12584.0,4,9,2338.15,416,2011-03-04 15:15:00,2011-12-06 09:35:00,277,259.7944444444445,5,5,4,554,14,Champions
12585.0,235,2,2040.1,1279,2010-12-23 12:58:00,2011-04-19 13:39:00,117,1020.05,2,2,4,224,8,Hibernating
12586.0,18,4,2062.67,687,2009-12-16 13:15:00,2011-11-22 16:24:00,706,515.6675,5,3,4,534,12,Loyal Customers
12587.0,8,1,144.0,51,2011-12-02 12:47:00,2011-12-02 12:47:00,0,144.0,5,1,1,511,7,New / Promising
12588.0,40,4,958.78,438,2010-04-21 12:22:00,2011-10-31 15:01:00,558,239.695,4,3,3,433,10,Loyal Customers
12589.0,29,8,4695.66,1764,2010-01-19 12:26:00,2011-11-11 10:19:00,661,586.9575,4,4,5,445,13,Champions
12590.0,212,2,9864.26,4283,2011-05-12 14:46:00,2011-05-12 14:52:00,0,4932.13,2,2,5,225,9,Hibernating
12591.0,318,3,1338.95,653,2010-10-27 10:42:00,2011-01-26 14:35:00,91,446.31666666666666,2,3,4,234,9,At Risk
12592.0,93,5,2582.66,1875,2010-07-08 14:06:00,2011-09-08 15:04:00,427,516.5319999999999,3,4,4,344,11,Potential Loyalists
12593.0,109,3,418.1,206,2011-05-05 09:29:00,2011-08-23 12:43:00,110,139.36666666666667,3,3,2,332,8,Potential Loyalists
12594.0,38,15,5090.110000000001,2768,2010-03-03 13:51:00,2011-11-02 12:20:00,609,339.3406666666667,4,5,5,455,14,Champions
12595.0,505,1,299.02,271,2010-07-23 09:10:00,2010-07-23 09:10:00,0,299.02,1,1,2,112,4,Hibernating
12596.0,52,2,618.27,474,2011-04-11 13:22:00,2011-10-19 13:02:00,191,309.135,4,2,3,423,9,New / Promising
12597.0,20,4,3811.22,2236,2011-03-16 14:00:00,2011-11-20 13:33:00,249,952.805,5,3,5,535,13,Loyal Customers
12598.0,10,11,4534.09,2906,2010-03-01 09:58:00,2011-11-30 12:18:00,639,412.19,5,5,5,555,15,Champions
12599.0,30,13,2296.72,2189,2010-05-11 10:42:00,2011-11-10 13:34:00,548,176.67076923076922,4,5,4,454,13,Champions
12600.0,29,21,5043.92,1414,2009-12-07 13:37:00,2011-11-11 10:29:00,704,240.18666666666667,4,5,5,455,14,Champions
12601.0,190,6,681.26,290,2010-10-31 10:57:00,2011-06-03 10:17:00,215,113.54333333333334,3,4,3,343,10,Potential Loyalists
12602.0,59,1,153.12,162,2011-10-12 11:22:00,2011-10-12 11:22:00,0,153.12,4,1,1,411,6,New / Promising
12603.0,22,1,739.1999999999999,63,2011-11-18 10:42:00,2011-11-18 10:42:00,0,739.1999999999999,4,1,3,413,8,New / Promising
12604.0,80,2,254.18,201,2011-03-23 12:06:00,2011-09-21 14:08:00,182,127.09,3,2,1,321,6,Needs Attention
12605.0,377,4,1232.95,929,2010-09-07 14:21:00,2010-11-28 14:18:00,82,308.2375,2,3,3,233,8,At Risk
12606.0,683,1,21.0,1,2010-01-26 16:23:00,2010-01-26 16:23:00,0,21.0,1,1,1,111,3,Hibernating
12607.0,61,1,1579.51,1228,2011-10-10 16:06:00,2011-10-10 16:06:00,0,1579.51,3,1,4,314,8,Needs Attention
12608.0,405,1,415.79,323,2010-10-31 10:49:00,2010-10-31 10:49:00,0,415.79,2,1,2,212,5,Hibernating
12609.0,79,9,3435.86,1553,2009-12-20 13:30:00,2011-09-22 16:34:00,641,381.76222222222225,3,5,5,355,13,Potential Loyalists
12610.0,23,5,2099.54,1049,2011-08-05 13:52:00,2011-11-17 09:34:00,104,419.908,4,4,4,444,12,Champions
12611.0,53,1,1193.32,846,2011-10-18 13:12:00,2011-10-18 13:12:00,0,1193.32,4,1,3,413,8,New / Promising
12612.0,75,1,704.04,262,2011-09-26 15:35:00,2011-09-26 15:35:00,0,704.04,3,1,3,313,7,Needs Attention
12613.0,58,10,6817.37,4157,2009-12-14 13:10:00,2011-10-13 14:59:00,668,681.737,4,5,5,455,14,Champions
12614.0,278,1,315.6,76,2011-03-07 10:22:00,2011-03-07 10:22:00,0,315.6,2,1,2,212,5,Hibernating
12615.0,3,8,5740.9800000000005,3317,2010-03-18 14:09:00,2011-12-07 15:02:00,629,717.6225000000001,5,4,5,545,14,Champions
12616.0,96,3,1131.1,498,2010-11-16 11:38:00,2011-09-05 15:17:00,293,377.0333333333333,3,3,3,333,9,Potential Loyalists
12617.0,30,1,352.98,210,2011-11-10 14:39:00,2011-11-10 14:39:00,0,352.98,4,1,2,412,7,New / Promising
12618.0,22,1,177.31,96,2011-11-18 11:10:00,2011-11-18 11:10:00,0,177.31,4,1,1,411,6,New / Promising
12619.0,17,10,3781.38,3518,2010-05-28 12:52:00,2011-11-23 14:52:00,544,378.13800000000003,5,5,5,555,15,Champions
12620.0,15,3,1339.41,1181,2011-05-19 12:10:00,2011-11-25 10:20:00,190,446.47,5,3,4,534,12,Loyal Customers
12621.0,2,35,24775.81,13933,2010-02-09 12:01:00,2011-12-08 11:25:00,667,707.8802857142857,5,5,5,555,15,Champions
12622.0,233,1,180.1,69,2011-04-21 16:39:00,2011-04-21 16:39:00,0,180.1,2,1,1,211,4,Hibernating
12623.0,277,7,3747.84,1971,2010-01-12 11:45:00,2011-03-08 13:50:00,420,535.4057142857143,2,4,5,245,11,At Risk High Value
12624.0,107,2,641.13,355,2011-06-15 12:34:00,2011-08-25 15:04:00,71,320.565,3,2,3,323,8,Needs Attention
12625.0,212,4,5164.88,3309,2010-04-22 11:33:00,2011-05-12 09:54:00,385,1291.22,2,3,5,235,10,At Risk
12626.0,24,9,6620.4800000000005,3453,2011-01-17 11:01:00,2011-11-16 16:06:00,303,735.6088888888889,4,5,5,455,14,Champions
12627.0,11,7,4478.53,2752,2011-07-22 13:59:00,2011-11-29 12:07:00,130,639.79,5,4,5,545,14,Champions
12628.0,5,3,786.46,448,2011-10-06 09:28:00,2011-12-05 13:15:00,60,262.15333333333336,5,3,3,533,11,Loyal Customers
12629.0,386,2,1558.22,722,2010-10-12 16:40:00,2010-11-19 09:18:00,38,779.11,2,2,4,224,8,Hibernating
12630.0,10,2,1270.88,548,2011-10-27 10:41:00,2011-11-30 10:48:00,34,635.44,5,2,4,524,11,New / Promising
12631.0,58,6,3481.57,1607,2010-01-15 14:50:00,2011-10-13 13:53:00,636,580.2616666666667,4,4,5,445,13,Champions
12632.0,521,2,804.88,694,2010-05-24 09:07:00,2010-07-07 09:39:00,44,402.44,1,2,3,123,6,Hibernating
12633.0,59,7,5678.16,3238,2010-07-02 11:44:00,2011-10-12 11:40:00,467,811.1657142857142,4,4,5,445,13,Champions
12634.0,536,2,490.0,337,2010-06-09 15:41:00,2010-06-22 10:05:00,13,245.0,1,2,2,122,5,Hibernating
12635.0,90,4,2930.41,1949,2010-09-09 10:50:00,2011-09-11 11:04:00,367,732.6025,3,3,4,334,10,Potential Loyalists
12636.0,739,1,141.0,1,2009-12-01 09:55:00,2009-12-01 09:55:00,0,141.0,1,1,1,111,3,Hibernating
12637.0,68,12,8283.81,4257,2010-06-14 13:36:00,2011-10-03 13:46:00,476,690.3175,3,5,5,355,13,Potential Loyalists
12638.0,34,2,921.49,663,2010-03-10 10:30:00,2011-11-06 13:11:00,606,460.745,4,2,3,423,9,New / Promising
12639.0,239,3,1312.3700000000001,631,2010-03-22 09:05:00,2011-04-15 12:48:00,389,437.4566666666667,2,3,4,234,9,At Risk
12640.0,24,3,1174.58,311,2011-09-19 12:01:00,2011-11-16 11:52:00,58,391.52666666666664,4,3,3,433,10,Loyal Customers
12641.0,116,1,185.9,72,2011-08-16 13:26:00,2011-08-16 13:26:00,0,185.9,3,1,1,311,5,Needs Attention
12642.0,26,3,1013.26,552,2011-08-24 09:23:00,2011-11-14 15:03:00,82,337.75333333333333,4,3,3,433,10,Loyal Customers
12643.0,129,12,8304.82,4665,2010-04-07 14:16:00,2011-08-03 12:56:00,483,692.0683333333333,3,5,5,355,13,Potential Loyalists
12644.0,130,4,1918.49,1032,2010-01-14 13:02:00,2011-08-02 10:33:00,565,479.6225,3,3,4,334,10,Potential Loyalists
12645.0,34,8,3539.3,2125,2010-02-09 10:49:00,2011-11-06 12:38:00,635,442.4125,4,4,5,445,13,Champions
12646.0,5,2,1346.97,897,2011-10-21 12:52:00,2011-12-05 10:14:00,45,673.485,5,2,4,524,11,New / Promising
12647.0,23,36,17924.35,6878,2010-01-13 15:06:00,2011-11-17 12:56:00,673,497.89861111111105,4,5,5,455,14,Champions
12648.0,155,4,1112.0,518,2010-01-07 18:38:00,2011-07-08 11:55:00,547,278.0,3,3,3,333,9,Potential Loyalists
12649.0,108,8,2294.65,1959,2010-01-12 17:24:00,2011-08-24 14:41:00,589,286.83125,3,4,4,344,11,Potential Loyalists
12650.0,4,1,314.44,254,2011-12-06 16:34:00,2011-12-06 16:34:00,0,314.44,5,1,2,512,8,New / Promising
12651.0,335,4,377.75,265,2010-08-31 15:21:00,2011-01-09 12:46:00,131,94.4375,2,3,2,232,7,At Risk
12652.0,332,2,1017.0300000000001,536,2010-10-01 15:16:00,2011-01-12 15:00:00,103,508.51500000000004,2,2,3,223,7,Hibernating
12653.0,149,3,4160.83,1681,2010-07-01 09:56:00,2011-07-14 10:41:00,378,1386.9433333333334,3,3,5,335,11,Potential Loyalists
12654.0,11,5,601.98,264,2011-02-17 13:16:00,2011-11-29 10:10:00,285,120.396,5,4,2,542,11,Loyal Customers
12655.0,424,1,261.35,80,2010-10-12 09:17:00,2010-10-12 09:17:00,0,261.35,1,1,1,111,3,Hibernating
12656.0,18,8,6407.83,2860,2010-05-26 09:00:00,2011-11-22 13:42:00,545,800.97875,5,4,5,545,14,Champions
12657.0,12,4,1643.18,1044,2011-09-22 11:40:00,2011-11-28 15:47:00,67,410.795,5,3,4,534,12,Loyal Customers
12658.0,19,1,686.05,320,2011-11-21 10:22:00,2011-11-21 10:22:00,0,686.05,5,1,3,513,9,New / Promising
12659.0,30,1,91.68,105,2011-11-10 11:53:00,2011-11-10 11:53:00,0,91.68,4,1,1,411,6,New / Promising
12660.0,12,1,245.10000000000002,127,2011-11-28 13:26:00,2011-11-28 13:26:00,0,245.10000000000002,5,1,1,511,7,New / Promising
12661.0,437,1,162.0,216,2010-09-29 16:46:00,2010-09-29 16:46:00,0,162.0,1,1,1,111,3,Hibernating
12662.0,1,20,6988.02,3581,2010-04-01 09:50:00,2011-12-09 11:59:00,617,349.401,5,5,5,555,15,Champions
12663.0,625,2,239.4,181,2010-02-09 14:28:00,2010-03-25 09:40:00,44,119.7,1,2,1,121,4,Hibernating
12664.0,9,11,6070.04,1495,2009-12-13 10:28:00,2011-12-01 17:07:00,718,551.8218181818182,5,5,5,555,15,Champions
12665.0,325,3,313.6,165,2010-02-08 15:11:00,2011-01-19 08:34:00,345,104.53333333333335,2,3,2,232,7,At Risk
12666.0,395,1,1248.42,370,2010-11-10 16:40:00,2010-11-10 16:40:00,0,1248.42,2,1,4,214,7,Hibernating
12667.0,59,1,620.13,395,2011-10-12 17:00:00,2011-10-12 17:00:00,0,620.13,4,1,3,413,8,New / Promising
12668.0,12,10,11383.03,5049,2010-01-31 15:45:00,2011-11-28 10:56:00,666,1138.303,5,5,5,555,15,Champions
12669.0,151,3,2744.0299999999997,1115,2011-03-28 10:15:00,2011-07-12 09:54:00,106,914.6766666666666,3,3,4,334,10,Potential Loyalists
12670.0,11,7,3760.29,1627,2010-02-11 10:13:00,2011-11-29 15:23:00,656,537.1842857142857,5,4,5,545,14,Champions
12671.0,607,1,2622.481,1460,2010-04-12 16:30:00,2010-04-12 16:30:00,0,2622.481,1,1,4,114,6,Hibernating
12672.0,330,2,437.05,138,2010-04-23 09:57:00,2011-01-14 09:20:00,266,218.525,2,2,2,222,6,Hibernating
12673.0,6,3,1230.02,700,2010-11-03 10:46:00,2011-12-04 13:55:00,396,410.00666666666666,5,3,3,533,11,Loyal Customers
12674.0,39,4,1970.6,1133,2011-05-16 09:10:00,2011-11-01 12:12:00,169,492.65,4,3,4,434,11,Loyal Customers
12675.0,554,2,957.25,336,2010-05-10 16:44:00,2010-06-04 09:49:00,25,478.625,1,2,3,123,6,Hibernating
12676.0,25,11,2843.09,1867,2010-08-13 13:29:00,2011-11-15 12:25:00,459,258.4627272727273,4,5,4,454,13,Champions
12677.0,556,2,395.1,176,2010-02-11 13:55:00,2010-06-02 14:30:00,111,197.55,1,2,2,122,5,Hibernating
12678.0,43,21,34281.18,22372,2010-01-07 16:46:00,2011-10-28 13:04:00,659,1632.4371428571428,4,5,5,455,14,Champions
12679.0,59,4,1113.02,554,2011-03-01 12:26:00,2011-10-12 12:30:00,225,278.255,4,3,3,433,10,Loyal Customers
12680.0,1,4,880.81,444,2011-08-18 15:44:00,2011-12-09 12:50:00,113,220.2025,5,3,3,533,11,Loyal Customers
12681.0,15,45,30868.28,17596,2009-12-13 13:31:00,2011-11-25 11:33:00,712,685.9617777777778,5,5,5,555,15,Champions
12682.0,4,52,24025.510000000002,10998,2009-12-01 09:28:00,2011-12-06 10:00:00,735,462.0290384615385,5,5,5,555,15,Champions
12683.0,5,21,12696.78,7683,2009-12-13 15:01:00,2011-12-05 16:31:00,722,604.6085714285715,5,5,5,555,15,Champions
12684.0,8,7,2283.63,1985,2011-05-10 12:55:00,2011-12-02 09:53:00,206,326.23285714285714,5,4,4,544,13,Champions
12685.0,29,6,2863.08,1523,2011-09-07 10:28:00,2011-11-11 13:46:00,65,477.18,4,4,4,444,12,Champions
12686.0,372,1,178.28,214,2010-12-03 09:51:00,2010-12-03 09:51:00,0,178.28,2,1,1,211,4,Hibernating
12687.0,481,2,2138.91,1403,2010-08-16 12:10:00,2010-08-16 12:12:00,0,1069.455,1,2,4,124,7,Hibernating
12688.0,114,1,4873.81,3028,2011-08-18 08:49:00,2011-08-18 08:49:00,0,4873.81,3,1,5,315,9,Needs Attention
12689.0,26,2,1247.6100000000001,628,2011-08-04 10:04:00,2011-11-14 08:31:00,102,623.8050000000001,4,2,4,424,10,New / Promising
12690.0,206,1,389.01,106,2011-05-18 09:09:00,2011-05-18 09:09:00,0,389.01,2,1,2,212,5,Hibernating
12691.0,29,7,1170.4,445,2010-10-15 12:00:00,2011-11-11 16:49:00,392,167.20000000000002,4,4,3,443,11,Loyal Customers
12692.0,638,1,110.95,36,2010-03-12 14:02:00,2010-03-12 14:02:00,0,110.95,1,1,1,111,3,Hibernating
12693.0,128,7,1703.02,536,2010-07-05 13:56:00,2011-08-04 17:51:00,395,243.28857142857143,3,4,4,344,11,Potential Loyalists
12694.0,71,3,1843.35,1355,2010-10-14 19:39:00,2011-09-30 13:06:00,351,614.4499999999999,3,3,4,334,10,Potential Loyalists
12695.0,8,7,1407.1200000000001,454,2010-02-12 13:22:00,2011-12-02 13:22:00,658,201.0171428571429,5,4,4,544,13,Champions
12696.0,435,2,851.91,564,2010-07-19 10:02:00,2010-10-01 10:43:00,74,425.955,1,2,3,123,6,Hibernating
12697.0,29,3,957.59,508,2011-06-23 15:44:00,2011-11-11 08:47:00,141,319.19666666666666,4,3,3,433,10,Loyal Customers
12698.0,591,1,339.75,111,2010-04-28 15:51:00,2010-04-28 15:51:00,0,339.75,1,1,2,112,4,Hibernating
12699.0,418,1,638.11,373,2010-10-18 12:07:00,2010-10-18 12:07:00,0,638.11,1,1,3,113,5,Hibernating
12700.0,8,4,4939.99,2967,2011-05-08 16:10:00,2011-12-02 10:47:00,208,1234.9975,5,3,5,535,13,Loyal Customers
12701.0,80,6,2446.41,1727,2010-03-16 13:23:00,2011-09-21 10:47:00,554,407.73499999999996,3,4,4,344,11,Potential Loyalists
12702.0,20,1,219.0,53,2011-11-20 10:36:00,2011-11-20 10:36:00,0,219.0,5,1,1,511,7,New / Promising
12703.0,72,4,1006.53,595,2010-01-24 12:05:00,2011-09-29 17:52:00,613,251.6325,3,3,3,333,9,Potential Loyalists
12704.0,8,8,2340.84,1006,2011-06-23 10:20:00,2011-12-02 13:15:00,162,292.605,5,4,4,544,13,Champions
12705.0,16,14,11762.1,7188,2010-06-24 09:51:00,2011-11-24 13:17:00,518,840.15,5,5,5,555,15,Champions
12707.0,292,1,603.42,256,2011-02-21 08:38:00,2011-02-21 08:38:00,0,603.42,2,1,2,212,5,Hibernating
12708.0,30,18,5314.1,2521,2009-12-18 10:25:00,2011-11-10 09:52:00,692,295.2277777777778,4,5,5,455,14,Champions
12709.0,16,34,30814.46,13911,2009-12-09 13:49:00,2011-11-24 15:38:00,715,906.3076470588235,5,5,5,555,15,Champions
12710.0,97,3,1149.02,851,2011-05-22 14:05:00,2011-09-04 12:00:00,105,383.00666666666666,3,3,3,333,9,Potential Loyalists
12711.0,612,2,1339.05,770,2010-02-01 11:30:00,2010-04-07 11:59:00,65,669.525,1,2,4,124,7,Hibernating
12712.0,29,21,7193.66,2349,2009-12-09 10:46:00,2011-11-11 08:19:00,702,342.5552380952381,4,5,5,455,14,Champions
12713.0,1,1,848.55,508,2011-12-09 12:16:00,2011-12-09 12:16:00,0,848.55,5,1,3,513,9,New / Promising
12714.0,10,12,14093.710000000001,8774,2009-12-04 10:00:00,2011-11-30 15:43:00,726,1174.4758333333334,5,5,5,555,15,Champions
12715.0,107,1,343.36,192,2011-08-25 15:22:00,2011-08-25 15:22:00,0,343.36,3,1,2,312,6,Needs Attention
12716.0,4,2,1053.49,708,2011-07-29 13:28:00,2011-12-06 08:55:00,130,526.745,5,2,3,523,10,New / Promising
12717.0,152,3,1308.91,600,2010-04-28 14:34:00,2011-07-11 14:47:00,439,436.30333333333334,3,3,4,334,10,Potential Loyalists
12718.0,72,1,238.25,203,2011-09-29 16:38:00,2011-09-29 16:38:00,0,238.25,3,1,1,311,5,Needs Attention
12719.0,6,2,644.95,374,2011-10-05 14:50:00,2011-12-04 13:45:00,60,322.475,5,2,3,523,10,New / Promising
12720.0,3,30,8260.67,6317,2010-07-21 09:46:00,2011-12-07 08:03:00,504,275.35566666666665,5,5,5,555,15,Champions
12721.0,32,8,4013.08,2655,2010-08-25 11:07:00,2011-11-08 12:13:00,440,501.635,4,4,5,445,13,Champions
12722.0,86,4,997.63,566,2011-07-12 11:55:00,2011-09-15 14:50:00,65,249.4075,3,3,3,333,9,Potential Loyalists
12723.0,4,5,725.07,434,2011-10-05 15:52:00,2011-12-06 10:19:00,62,145.014,5,4,3,543,12,Loyal Customers
12724.0,6,7,2317.52,1379,2010-06-22 14:00:00,2011-12-04 16:02:00,530,331.07428571428574,5,4,4,544,13,Champions
12725.0,372,4,2694.56,1306,2010-05-04 13:59:00,2010-12-03 15:45:00,213,673.64,2,3,4,234,9,At Risk
12726.0,29,11,4014.6,4618,2010-03-25 16:25:00,2011-11-11 13:35:00,596,364.96363636363634,4,5,5,455,14,Champions
12727.0,11,10,5679.53,2832,2010-02-23 09:54:00,2011-11-29 11:46:00,644,567.953,5,5,5,555,15,Champions
12728.0,72,5,1070.17,543,2010-11-21 11:34:00,2011-09-29 15:31:00,312,214.03400000000002,3,4,3,343,10,Potential Loyalists
12729.0,114,1,453.01,233,2011-08-18 11:40:00,2011-08-18 11:40:00,0,453.01,3,1,2,312,6,Needs Attention
12730.0,522,1,829.25,234,2010-07-06 12:19:00,2010-07-06 12:19:00,0,829.25,1,1,3,113,5,Hibernating
12731.0,24,17,25775.71,11641,2010-03-02 09:23:00,2011-11-16 11:59:00,624,1516.2182352941177,4,5,5,455,14,Champions
12732.0,180,1,236.26000000000002,111,2011-06-13 11:33:00,2011-06-13 11:33:00,0,236.26000000000002,3,1,1,311,5,Needs Attention
12733.0,235,4,2424.87,896,2010-01-19 13:23:00,2011-04-19 16:19:00,455,606.2175,2,3,4,234,9,At Risk
12734.0,353,3,639.65,265,2010-11-12 13:26:00,2010-12-22 12:47:00,40,213.21666666666667,2,3,3,233,8,At Risk
12735.0,316,2,779.5699999999999,368,2011-01-06 14:26:00,2011-01-28 13:37:00,22,389.78499999999997,2,2,3,223,7,Hibernating
12736.0,333,1,234.0,173,2011-01-11 07:57:00,2011-01-11 07:57:00,0,234.0,2,1,1,211,4,Hibernating
12737.0,499,2,3710.5,2,2010-07-29 12:27:00,2010-07-29 12:29:00,0,1855.25,1,2,5,125,8,Hibernating
12738.0,373,1,310.7,296,2010-12-02 18:27:00,2010-12-02 18:27:00,0,310.7,2,1,2,212,5,Hibernating
12739.0,79,4,2726.73,951,2010-11-10 14:27:00,2011-09-22 13:00:00,316,681.6825,3,3,4,334,10,Potential Loyalists
12740.0,64,1,427.6,342,2011-10-07 10:44:00,2011-10-07 10:44:00,0,427.6,3,1,2,312,6,Needs Attention
12741.0,530,2,406.07,214,2010-06-24 16:24:00,2010-06-28 14:36:00,4,203.035,1,2,2,122,5,Hibernating
12742.0,626,1,1201.52,1359,2010-03-24 12:43:00,2010-03-24 12:43:00,0,1201.52,1,1,3,113,5,Hibernating
12743.0,135,2,540.13,315,2011-07-28 16:06:00,2011-07-28 16:21:00,0,270.065,3,2,2,322,7,Needs Attention
12744.0,52,11,25317.06,6994,2010-04-27 16:19:00,2011-10-19 11:18:00,540,2301.550909090909,4,5,5,455,14,Champions
12745.0,487,3,925.41,468,2010-01-26 16:22:00,2010-08-10 10:14:00,196,308.46999999999997,1,3,3,133,7,At Risk
12746.0,541,1,254.55,97,2010-06-17 10:41:00,2010-06-17 10:41:00,0,254.55,1,1,1,111,3,Hibernating
12747.0,3,26,9257.04,2748,2009-12-07 13:23:00,2011-12-07 14:34:00,730,356.04,5,5,5,555,15,Champions
12748.0,1,336,55511.09,38396,2009-12-04 17:31:00,2011-12-09 12:20:00,735,165.21157738095238,5,5,5,555,15,Champions
12749.0,4,9,6897.36,2360,2010-07-06 15:05:00,2011-12-06 09:56:00,518,766.3733333333333,5,5,5,555,15,Champions
12750.0,129,1,275.88,137,2011-08-03 09:13:00,2011-08-03 09:13:00,0,275.88,3,1,1,311,5,Needs Attention
12751.0,445,1,268.27,189,2010-09-21 12:49:00,2010-09-21 12:49:00,0,268.27,1,1,1,111,3,Hibernating
12752.0,82,1,4366.78,2262,2011-09-19 13:32:00,2011-09-19 13:32:00,0,4366.78,3,1,5,315,9,Needs Attention
12753.0,23,6,21429.39,11421,2010-12-12 11:44:00,2011-11-17 10:52:00,340,3571.565,4,4,5,445,13,Champions
12754.0,236,3,3010.74,6481,2011-02-04 10:31:00,2011-04-18 09:00:00,73,1003.5799999999999,2,3,5,235,10,At Risk
12755.0,281,11,9030.66,3781,2010-01-15 11:57:00,2011-03-04 12:42:00,413,820.9690909090909,2,5,5,255,12,At Risk High Value
12756.0,87,1,112.08,144,2011-09-14 09:31:00,2011-09-14 09:31:00,0,112.08,3,1,1,311,5,Needs Attention
12757.0,16,13,7834.650000000001,2395,2011-05-12 19:01:00,2011-11-24 12:30:00,196,602.6653846153847,5,5,5,555,15,Champions
12758.0,117,7,9903.24,6155,2009-12-01 14:40:00,2011-08-15 10:22:00,622,1414.7485714285715,3,4,5,345,12,Potential Loyalists
12759.0,53,8,5020.74,3202,2009-12-04 10:47:00,2011-10-18 14:49:00,683,627.5925,4,4,5,445,13,Champions
12760.0,456,1,347.8,198,2010-09-10 08:50:00,2010-09-10 08:50:00,0,347.8,1,1,2,112,4,Hibernating
12761.0,458,2,782.95,281,2010-09-01 10:47:00,2010-09-08 12:17:00,7,391.475,1,2,3,123,6,Hibernating
12762.0,8,2,1898.52,1227,2011-11-14 14:23:00,2011-12-02 10:23:00,18,949.26,5,2,4,524,11,New / Promising
12763.0,139,2,814.16,512,2010-12-05 15:46:00,2011-07-24 14:12:00,231,407.08,3,2,3,323,8,Needs Attention
12764.0,317,1,1693.88,386,2011-01-27 10:19:00,2011-01-27 10:19:00,0,1693.88,2,1,4,214,7,Hibernating
12765.0,473,6,1404.58,1009,2010-03-08 09:43:00,2010-08-24 13:51:00,169,234.09666666666666,1,4,4,144,9,At Risk High Value
12766.0,4,9,10068.28,5446,2010-10-28 09:29:00,2011-12-06 08:46:00,404,1118.697777777778,5,5,5,555,15,Champions
12767.0,376,1,949.82,598,2010-11-29 09:38:00,2010-11-29 09:38:00,0,949.82,2,1,3,213,6,Hibernating
12768.0,451,1,168.69,102,2010-09-15 12:08:00,2010-09-15 12:08:00,0,168.69,1,1,1,111,3,Hibernating
12769.0,239,1,1143.6,356,2011-04-15 10:25:00,2011-04-15 10:25:00,0,1143.6,2,1,3,213,6,Hibernating
12770.0,211,2,3246.45,1843,2010-09-09 11:43:00,2011-05-13 09:33:00,246,1623.225,2,2,5,225,9,Hibernating
12771.0,486,1,282.3,104,2010-08-11 11:51:00,2010-08-11 11:51:00,0,282.3,1,1,1,111,3,Hibernating
12772.0,60,1,892.47,556,2011-10-11 09:19:00,2011-10-11 09:19:00,0,892.47,3,1,3,313,7,Needs Attention
12773.0,565,1,124.25,109,2010-05-24 17:30:00,2010-05-24 17:30:00,0,124.25,1,1,1,111,3,Hibernating
12774.0,536,1,98.7,53,2010-06-22 10:38:00,2010-06-22 10:38:00,0,98.7,1,1,1,111,3,Hibernating
12775.0,18,7,1686.1200000000001,1083,2010-10-26 14:24:00,2011-11-22 16:33:00,392,240.87428571428572,5,4,4,544,13,Champions
12776.0,668,1,55.5,46,2010-02-10 12:11:00,2010-02-10 12:11:00,0,55.5,1,1,1,111,3,Hibernating
12777.0,458,1,519.45,458,2010-09-08 11:35:00,2010-09-08 11:35:00,0,519.45,1,1,2,112,4,Hibernating
12778.0,20,9,1775.68,1735,2010-04-16 09:57:00,2011-11-20 11:30:00,583,197.29777777777778,5,5,4,554,14,Champions
12779.0,38,14,6722.2699999999995,3641,2009-12-03 07:25:00,2011-11-02 11:43:00,699,480.16214285714284,4,5,5,455,14,Champions
12780.0,599,1,337.4,285,2010-04-20 09:40:00,2010-04-20 09:40:00,0,337.4,1,1,2,112,4,Hibernating
12781.0,64,2,826.74,671,2011-02-28 08:43:00,2011-10-07 10:37:00,221,413.37,3,2,3,323,8,Needs Attention
12782.0,5,11,4618.24,2017,2010-07-08 13:31:00,2011-12-05 09:16:00,515,419.84,5,5,5,555,15,Champions
12783.0,3,6,2225.91,624,2011-09-25 15:35:00,2011-12-07 15:56:00,73,370.98499999999996,5,4,4,544,13,Champions
12784.0,10,3,1763.15,862,2010-06-28 13:06:00,2011-11-30 15:38:00,520,587.7166666666667,5,3,4,534,12,Loyal Customers
12785.0,365,3,1100.4,453,2009-12-08 13:56:00,2010-12-10 13:48:00,367,366.8,2,3,3,233,8,At Risk
12786.0,610,1,728.5000000000001,324,2010-04-09 12:12:00,2010-04-09 12:12:00,0,728.5000000000001,1,1,3,113,5,Hibernating
12787.0,10,4,862.1800000000001,510,2010-10-22 14:57:00,2011-11-30 08:44:00,404,215.54500000000002,5,3,3,533,11,Loyal Customers
12788.0,464,4,444.90000000000003,194,2010-06-29 13:05:00,2010-09-02 14:21:00,65,111.22500000000001,1,3,2,132,6,At Risk
12789.0,66,3,273.35,36,2010-01-15 12:06:00,2011-10-05 13:34:00,628,91.11666666666667,3,3,1,331,7,Potential Loyalists
12790.0,193,2,591.85,306,2010-10-25 13:04:00,2011-05-31 14:14:00,218,295.925,2,2,2,222,6,Hibernating
12791.0,374,6,1056.1100000000001,450,2010-03-25 17:29:00,2010-12-01 11:27:00,251,176.01833333333335,2,4,3,243,9,At Risk
12792.0,257,2,827.01,394,2010-06-23 10:49:00,2011-03-28 11:36:00,278,413.505,2,2,3,223,7,Hibernating
12793.0,335,3,1017.33,526,2010-11-03 13:05:00,2011-01-09 12:12:00,67,339.11,2,3,3,233,8,At Risk
12794.0,54,2,860.41,592,2011-09-02 12:01:00,2011-10-17 14:54:00,45,430.205,4,2,3,423,9,New / Promising
12795.0,19,1,430.48,68,2011-11-21 10:27:00,2011-11-21 10:27:00,0,430.48,5,1,2,512,8,New / Promising
12796.0,629,1,381.0,182,2010-03-21 15:49:00,2010-03-21 15:49:00,0,381.0,1,1,2,112,4,Hibernating
12797.0,366,2,806.11,333,2010-10-11 12:53:00,2010-12-09 10:55:00,59,403.055,2,2,3,223,7,Hibernating
12798.0,11,4,8510.93,8455,2010-10-14 12:27:00,2011-11-29 15:52:00,411,2127.7325,5,3,5,535,13,Loyal Customers
12799.0,530,1,219.35,137,2010-06-28 15:57:00,2010-06-28 15:57:00,0,219.35,1,1,1,111,3,Hibernating
12800.0,471,3,584.25,284,2010-02-01 11:02:00,2010-08-26 14:11:00,206,194.75,1,3,2,132,6,At Risk
12801.0,501,1,1071.82,505,2010-07-27 09:38:00,2010-07-27 09:38:00,0,1071.82,1,1,3,113,5,Hibernating
12802.0,187,7,2416.42,1972,2010-05-25 09:34:00,2011-06-06 09:36:00,377,345.20285714285717,3,4,4,344,11,Potential Loyalists
12803.0,394,1,1092.81,872,2010-11-11 14:57:00,2010-11-11 14:57:00,0,1092.81,2,1,3,213,6,Hibernating
12804.0,466,2,325.37,270,2010-07-27 13:52:00,2010-08-31 11:58:00,35,162.685,1,2,2,122,5,Hibernating
12805.0,382,4,1434.95,593,2010-02-03 09:06:00,2010-11-23 12:27:00,293,358.7375,2,3,4,234,9,At Risk
12806.0,436,4,2878.96,2087,2010-04-30 10:44:00,2010-09-30 13:34:00,153,719.74,1,3,4,134,8,At Risk
12807.0,384,1,330.35,145,2010-11-21 14:21:00,2010-11-21 14:21:00,0,330.35,2,1,2,212,5,Hibernating
12808.0,37,5,906.1,375,2010-09-03 10:24:00,2011-11-03 10:05:00,426,181.22,4,4,3,443,11,Loyal Customers
12809.0,178,3,1755.94,518,2010-03-02 14:19:00,2011-06-15 10:51:00,470,585.3133333333334,3,3,4,334,10,Potential Loyalists
12810.0,535,2,534.99,389,2010-02-01 09:52:00,2010-06-23 10:53:00,142,267.495,1,2,2,122,5,Hibernating
12811.0,261,5,1033.9,435,2010-10-08 12:20:00,2011-03-24 09:42:00,167,206.78000000000003,2,4,3,243,9,At Risk
12812.0,45,1,229.64000000000001,164,2011-10-26 09:54:00,2011-10-26 09:54:00,0,229.64000000000001,4,1,1,411,6,New / Promising
12813.0,502,3,1687.8,1141,2010-01-15 16:52:00,2010-07-26 09:50:00,192,562.6,1,3,4,134,8,At Risk
12814.0,102,1,125.92,49,2011-08-30 12:11:00,2011-08-30 12:11:00,0,125.92,3,1,1,311,5,Needs Attention
12815.0,148,2,1063.46,379,2011-05-25 13:34:00,2011-07-15 10:21:00,51,531.73,3,2,3,323,8,Needs Attention
12816.0,96,2,572.2,128,2011-06-16 13:24:00,2011-09-05 12:41:00,81,286.1,3,2,2,322,7,Needs Attention
12817.0,282,3,690.98,219,2010-10-01 08:57:00,2011-03-03 16:28:00,153,230.32666666666668,2,3,3,233,8,At Risk
12818.0,262,1,1542.08,929,2011-03-23 12:06:00,2011-03-23 12:06:00,0,1542.08,2,1,4,214,7,Hibernating
12819.0,459,1,540.52,344,2010-09-07 15:20:00,2010-09-07 15:20:00,0,540.52,1,1,2,112,4,Hibernating
12820.0,4,11,2689.52,1964,2009-12-05 13:37:00,2011-12-06 15:12:00,731,244.50181818181818,5,5,4,554,14,Champions
12821.0,215,2,220.8,162,2010-04-07 15:14:00,2011-05-09 15:51:00,397,110.4,2,2,1,221,5,Hibernating
12822.0,71,2,948.88,550,2011-09-13 13:46:00,2011-09-30 10:04:00,17,474.44,3,2,3,323,8,Needs Attention
12823.0,75,18,6501.5,930,2010-01-29 12:52:00,2011-09-26 07:35:00,605,361.19444444444446,3,5,5,355,13,Potential Loyalists
12824.0,60,1,397.12,232,2011-10-11 12:49:00,2011-10-11 12:49:00,0,397.12,3,1,2,312,6,Needs Attention
12825.0,522,2,518.63,139,2010-03-08 10:17:00,2010-07-06 13:56:00,120,259.315,1,2,2,122,5,Hibernating
12826.0,3,12,2955.75,1995,2009-12-18 10:43:00,2011-12-07 10:25:00,719,246.3125,5,5,5,555,15,Champions
12827.0,6,3,430.15,197,2011-10-26 15:44:00,2011-12-04 12:17:00,39,143.38333333333333,5,3,2,532,10,Loyal Customers
12828.0,3,6,1018.71,494,2011-08-01 16:16:00,2011-12-07 08:45:00,128,169.785,5,4,3,543,12,Loyal Customers
12829.0,337,3,385.3,550,2010-06-07 15:04:00,2011-01-07 11:13:00,214,128.43333333333334,2,3,2,232,7,At Risk
12830.0,38,6,6814.64,9848,2011-06-21 10:53:00,2011-11-02 11:54:00,134,1135.7733333333333,4,4,5,445,13,Champions
12831.0,263,3,451.11,303,2010-09-02 15:58:00,2011-03-22 13:02:00,201,150.37,2,3,2,232,7,At Risk
12832.0,33,2,383.03000000000003,195,2011-09-02 13:48:00,2011-11-07 13:30:00,66,191.51500000000001,4,2,2,422,8,New / Promising
12833.0,146,1,417.38,156,2011-07-17 13:46:00,2011-07-17 13:46:00,0,417.38,3,1,2,312,6,Needs Attention
12834.0,283,1,312.38,110,2011-03-02 09:49:00,2011-03-02 09:49:00,0,312.38,2,1,2,212,5,Hibernating
12835.0,428,41,5996.83,2349,2009-12-03 12:13:00,2010-10-08 10:59:00,309,146.2641463414634,1,5,5,155,11,At Risk High Value
12836.0,60,15,6559.7300000000005,2231,2009-12-01 14:19:00,2011-10-11 15:10:00,679,437.31533333333334,3,5,5,355,13,Potential Loyalists
12837.0,174,2,662.66,194,2010-05-19 15:10:00,2011-06-19 16:07:00,396,331.33,3,2,3,323,8,Needs Attention
12838.0,34,10,3366.7,1834,2010-04-26 09:59:00,2011-11-06 12:20:00,559,336.66999999999996,4,5,5,455,14,Champions
12839.0,3,26,10071.73,6849,2009-12-07 09:18:00,2011-12-07 12:33:00,730,387.37423076923073,5,5,5,555,15,Champions
12840.0,144,7,4041.9700000000003,2258,2010-02-03 14:51:00,2011-07-19 09:29:00,531,577.4242857142857,3,4,5,345,12,Potential Loyalists
12841.0,5,40,7464.1900000000005,5329,2010-07-08 15:38:00,2011-12-05 11:13:00,515,186.60475000000002,5,5,5,555,15,Champions
12842.0,71,4,1917.99,887,2009-12-02 08:15:00,2011-09-30 15:33:00,667,479.4975,3,3,4,334,10,Potential Loyalists
12843.0,66,30,6583.36,3028,2009-12-13 11:41:00,2011-10-05 12:09:00,661,219.4453333333333,3,5,5,355,13,Potential Loyalists
12844.0,30,4,648.6,223,2010-04-25 11:51:00,2011-11-10 13:31:00,564,162.15,4,3,3,433,10,Loyal Customers
12845.0,268,4,354.09000000000003,204,2011-02-22 14:10:00,2011-03-17 13:34:00,23,88.52250000000001,2,3,2,232,7,At Risk
12846.0,683,1,15.58,1,2010-01-26 16:29:00,2010-01-26 16:29:00,0,15.58,1,1,1,111,3,Hibernating
12847.0,23,2,1609.0,1497,2010-11-17 12:44:00,2011-11-17 13:16:00,365,804.5,4,2,4,424,10,New / Promising
12848.0,676,1,208.0,58,2010-02-02 12:45:00,2010-02-02 12:45:00,0,208.0,1,1,1,111,3,Hibernating
12849.0,32,6,3042.4700000000003,1855,2010-04-27 13:44:00,2011-11-08 13:41:00,560,507.0783333333334,4,4,5,445,13,Champions
12850.0,446,1,330.0,200,2010-09-20 12:26:00,2010-09-20 12:26:00,0,330.0,1,1,2,112,4,Hibernating
12851.0,97,2,280.76,157,2010-08-19 15:13:00,2011-09-04 12:41:00,381,140.38,3,2,1,321,6,Needs Attention
12852.0,295,1,311.55,149,2011-02-18 08:47:00,2011-02-18 08:47:00,0,311.55,2,1,2,212,5,Hibernating
12853.0,135,11,3907.5,1668,2010-02-05 11:57:00,2011-07-28 11:29:00,538,355.22727272727275,3,5,5,355,13,Potential Loyalists
12854.0,79,7,2970.9700000000003,1630,2009-12-11 12:55:00,2011-09-22 12:15:00,650,424.42428571428576,3,4,5,345,12,Potential Loyalists
12855.0,373,4,650.94,270,2010-11-02 18:16:00,2010-12-02 09:37:00,30,162.735,2,3,3,233,8,At Risk
12856.0,8,6,2170.78,1076,2011-10-07 12:38:00,2011-12-02 10:52:00,56,361.7966666666667,5,4,4,544,13,Champions
12857.0,211,6,3688.0,1420,2010-01-25 15:37:00,2011-05-13 10:20:00,473,614.6666666666666,2,4,5,245,11,At Risk High Value
12858.0,384,1,147.27,51,2010-11-21 12:55:00,2010-11-21 12:55:00,0,147.27,2,1,1,211,4,Hibernating
12859.0,459,1,575.1,292,2010-09-07 12:20:00,2010-09-07 12:20:00,0,575.1,1,1,2,112,4,Hibernating
12860.0,694,1,54.22,26,2010-01-15 15:22:00,2010-01-15 15:22:00,0,54.22,1,1,1,111,3,Hibernating
12861.0,620,1,68.25,27,2010-03-30 11:39:00,2010-03-30 11:39:00,0,68.25,1,1,1,111,3,Hibernating
12862.0,426,2,984.62,611,2010-08-01 15:20:00,2010-10-10 11:47:00,70,492.31,1,2,3,123,6,Hibernating
12863.0,53,6,2792.55,895,2010-04-29 13:54:00,2011-10-18 14:15:00,537,465.425,4,4,4,444,12,Champions
12864.0,139,2,299.57,447,2010-07-19 17:22:00,2011-07-24 13:03:00,370,149.785,3,2,2,322,7,Needs Attention
12865.0,27,4,3323.4700000000003,1973,2010-08-20 12:20:00,2011-11-13 14:31:00,450,830.8675000000001,4,3,5,435,12,Loyal Customers
12866.0,284,3,1227.35,553,2010-07-25 11:37:00,2011-03-01 14:11:00,219,409.1166666666666,2,3,3,233,8,At Risk
12867.0,27,13,7829.26,7876,2009-12-16 16:25:00,2011-11-13 15:30:00,697,602.2507692307693,4,5,5,455,14,Champions
12868.0,186,8,2247.06,1282,2010-11-12 10:05:00,2011-06-07 10:42:00,207,280.8825,3,4,4,344,11,Potential Loyalists
12869.0,682,1,337.66999999999996,144,2010-01-27 12:10:00,2010-01-27 12:10:00,0,337.66999999999996,1,1,2,112,4,Hibernating
12870.0,376,3,1676.95,906,2010-03-25 14:32:00,2010-11-29 13:42:00,249,558.9833333333333,2,3,4,234,9,At Risk
12871.0,85,3,744.02,484,2010-09-26 10:34:00,2011-09-16 15:07:00,355,248.00666666666666,3,3,3,333,9,Potential Loyalists
12872.0,327,12,3662.4900000000002,1845,2009-12-03 20:03:00,2011-01-17 10:52:00,410,305.20750000000004,2,5,5,255,12,At Risk High Value
12873.0,283,3,2027.3,786,2010-01-27 09:50:00,2011-03-02 14:58:00,399,675.7666666666667,2,3,4,234,9,At Risk
12874.0,386,2,948.42,623,2010-06-03 12:51:00,2010-11-19 15:23:00,169,474.21,2,2,3,223,7,Hibernating
12875.0,144,5,1356.9900000000002,5187,2010-01-11 12:37:00,2011-07-19 15:30:00,554,271.398,3,4,4,344,11,Potential Loyalists
12876.0,58,4,4081.79,3047,2010-04-28 13:26:00,2011-10-13 12:26:00,533,1020.4475,4,3,5,435,12,Loyal Customers
12877.0,4,20,2942.14,2237,2010-01-18 10:23:00,2011-12-06 10:30:00,687,147.107,5,5,4,554,14,Champions
12878.0,237,2,854.99,547,2011-03-18 14:02:00,2011-04-17 13:07:00,30,427.495,2,2,3,223,7,Hibernating
12879.0,45,3,573.22,370,2011-09-09 12:11:00,2011-10-26 12:24:00,47,191.07333333333335,4,3,2,432,9,Loyal Customers
12880.0,382,2,640.13,279,2010-05-14 11:57:00,2010-11-23 10:50:00,193,320.065,2,2,3,223,7,Hibernating
12881.0,276,1,298.0,21,2011-03-09 11:44:00,2011-03-09 11:44:00,0,298.0,2,1,2,212,5,Hibernating
12882.0,10,2,1463.04,246,2011-11-06 11:22:00,2011-11-30 16:18:00,24,731.52,5,2,4,524,11,New / Promising
12883.0,25,4,703.47,196,2011-09-11 15:18:00,2011-11-15 09:32:00,65,175.8675,4,3,3,433,10,Loyal Customers
12884.0,89,1,309.05,43,2011-09-12 13:10:00,2011-09-12 13:10:00,0,309.05,3,1,2,312,6,Needs Attention
12885.0,64,3,1175.22,655,2011-08-08 11:45:00,2011-10-07 13:40:00,60,391.74,3,3,3,333,9,Potential Loyalists
12886.0,68,2,1378.4,770,2011-05-04 11:21:00,2011-10-03 10:09:00,152,689.2,3,2,4,324,9,Needs Attention
12887.0,384,1,222.4,100,2010-11-21 11:18:00,2010-11-21 11:18:00,0,222.4,2,1,1,211,4,Hibernating
12888.0,215,2,354.12,76,2011-03-29 14:31:00,2011-05-09 16:02:00,41,177.06,2,2,2,222,6,Hibernating
12889.0,382,4,385.46000000000004,124,2010-07-25 14:32:00,2010-11-23 16:08:00,121,96.36500000000001,2,3,2,232,7,At Risk
12890.0,25,2,706.02,457,2010-11-17 14:05:00,2011-11-15 17:26:00,363,353.01,4,2,3,423,9,New / Promising
12891.0,186,11,840.5,2325,2010-02-18 14:32:00,2011-06-07 12:31:00,474,76.4090909090909,3,5,3,353,11,Potential Loyalists
12892.0,397,1,263.38,140,2010-11-08 09:51:00,2010-11-08 09:51:00,0,263.38,2,1,1,211,4,Hibernating
12893.0,31,1,176.55,90,2011-11-09 12:34:00,2011-11-09 12:34:00,0,176.55,4,1,1,411,6,New / Promising
12894.0,576,1,157.35,33,2010-05-13 14:47:00,2010-05-13 14:47:00,0,157.35,1,1,1,111,3,Hibernating
12895.0,43,2,372.8,210,2011-09-14 08:35:00,2011-10-28 13:51:00,44,186.4,4,2,2,422,8,New / Promising
12897.0,205,4,514.25,249,2010-06-14 11:58:00,2011-05-19 12:13:00,339,128.5625,2,3,2,232,7,At Risk
12898.0,464,2,296.21,235,2010-02-18 12:36:00,2010-09-02 08:08:00,196,148.105,1,2,2,122,5,Hibernating
12899.0,414,1,366.4,108,2010-10-22 09:53:00,2010-10-22 09:53:00,0,366.4,1,1,2,112,4,Hibernating
12900.0,423,1,340.33000000000004,139,2010-10-13 15:17:00,2010-10-13 15:17:00,0,340.33000000000004,1,1,2,112,4,Hibernating
12901.0,9,28,17654.54,23075,2011-03-14 10:41:00,2011-12-01 10:07:00,262,630.5192857142857,5,5,5,555,15,Champions
12902.0,265,1,138.68,66,2011-03-20 12:06:00,2011-03-20 12:06:00,0,138.68,2,1,1,211,4,Hibernating
12903.0,429,1,833.5300000000001,493,2010-10-07 12:39:00,2010-10-07 12:39:00,0,833.5300000000001,1,1,3,113,5,Hibernating
12904.0,19,2,496.06,294,2011-06-20 13:18:00,2011-11-21 14:34:00,154,248.03,5,2,2,522,9,New / Promising
12905.0,577,2,1018.42,532,2010-01-26 14:06:00,2010-05-12 10:05:00,106,509.21,1,2,3,123,6,Hibernating
12906.0,12,5,2919.81,1749,2011-09-22 15:03:00,2011-11-28 09:55:00,67,583.962,5,4,4,544,13,Champions
12907.0,396,2,508.91,177,2010-08-02 14:33:00,2010-11-09 12:08:00,99,254.455,2,2,2,222,6,Hibernating
12908.0,177,5,1776.0,3000,2010-03-19 15:59:00,2011-06-16 15:39:00,454,355.2,3,4,4,344,11,Potential Loyalists
12909.0,40,8,3103.19,1948,2010-02-24 12:14:00,2011-10-31 12:43:00,614,387.89875,4,4,5,445,13,Champions
12910.0,24,13,5796.52,3632,2010-03-28 13:10:00,2011-11-16 14:28:00,598,445.8861538461539,4,5,5,455,14,Champions
12911.0,552,1,1651.72,807,2010-06-06 12:13:00,2010-06-06 12:13:00,0,1651.72,1,1,4,114,6,Hibernating
12912.0,3,5,1662.3,670,2011-10-30 11:35:00,2011-12-07 08:55:00,38,332.46,5,4,4,544,13,Champions
12913.0,5,13,6700.86,3232,2009-12-01 12:18:00,2011-12-05 12:11:00,734,515.4507692307692,5,5,5,555,15,Champions
12914.0,401,1,223.98,336,2010-11-04 12:28:00,2010-11-04 12:28:00,0,223.98,2,1,1,211,4,Hibernating
12915.0,149,4,1174.75,452,2010-04-29 19:36:00,2011-07-14 11:34:00,441,293.6875,3,3,3,333,9,Potential Loyalists
12916.0,139,7,4479.73,1681,2010-01-24 11:26:00,2011-07-24 10:35:00,546,639.9614285714285,3,4,5,345,12,Potential Loyalists
12917.0,129,6,4359.2,1104,2009-12-09 14:22:00,2011-08-03 16:42:00,602,726.5333333333333,3,4,5,345,12,Potential Loyalists
12918.0,627,1,10953.5,1,2010-03-23 15:22:00,2010-03-23 15:22:00,0,10953.5,1,1,5,115,7,Hibernating
12919.0,9,6,1335.19,673,2011-06-23 09:22:00,2011-12-01 13:47:00,161,222.53166666666667,5,4,4,544,13,Champions
12920.0,18,4,486.64,420,2009-12-14 15:58:00,2011-11-22 15:05:00,708,121.66,5,3,2,532,10,Loyal Customers
12921.0,10,74,35921.04,21708,2009-12-01 13:43:00,2011-11-30 16:22:00,729,485.41945945945946,5,5,5,555,15,Champions
12922.0,162,1,405.38,370,2011-07-01 15:35:00,2011-07-01 15:35:00,0,405.38,3,1,2,312,6,Needs Attention
12923.0,65,3,770.42,230,2010-05-13 14:55:00,2011-10-06 16:20:00,511,256.8066666666667,3,3,3,333,9,Potential Loyalists
12924.0,89,12,2469.4,1423,2009-12-09 12:40:00,2011-09-12 13:55:00,642,205.78333333333333,3,5,4,354,12,Potential Loyalists
12925.0,5,3,729.33,649,2010-04-26 10:32:00,2011-12-05 11:11:00,588,243.11,5,3,3,533,11,Loyal Customers
12926.0,412,4,1523.97,754,2009-12-14 14:35:00,2010-10-24 15:57:00,314,380.9925,1,3,4,134,8,At Risk
12927.0,395,1,197.31,145,2010-11-10 10:02:00,2010-11-10 10:02:00,0,197.31,2,1,1,211,4,Hibernating
12928.0,36,12,4304.89,2899,2010-06-08 10:16:00,2011-11-04 14:24:00,514,358.74083333333334,4,5,5,455,14,Champions
12929.0,312,1,117.85,37,2011-02-01 12:08:00,2011-02-01 12:08:00,0,117.85,2,1,1,211,4,Hibernating
12930.0,79,2,415.8,252,2011-06-21 13:25:00,2011-09-22 15:18:00,93,207.9,3,2,2,322,7,Needs Attention
12931.0,22,57,92347.34,62906,2009-12-01 11:46:00,2011-11-18 12:39:00,717,1620.1287719298246,4,5,5,455,14,Champions
12932.0,540,8,1698.56,1609,2010-02-10 08:46:00,2010-06-18 14:22:00,128,212.32,1,4,4,144,9,At Risk High Value
12933.0,25,8,1636.63,949,2009-12-10 16:39:00,2011-11-15 16:38:00,705,204.57875,4,4,4,444,12,Champions
12934.0,737,1,181.65,31,2009-12-03 10:51:00,2009-12-03 10:51:00,0,181.65,1,1,1,111,3,Hibernating
12935.0,3,15,4243.86,3201,2010-04-11 15:59:00,2011-12-07 17:25:00,605,282.924,5,5,5,555,15,Champions
12936.0,18,4,1063.9,559,2011-09-22 13:51:00,2011-11-22 17:32:00,61,265.975,5,3,3,533,11,Loyal Customers
12937.0,16,9,3097.61,1983,2009-12-03 15:43:00,2011-11-24 15:05:00,721,344.1788888888889,5,5,5,555,15,Champions
12938.0,26,1,114.14,140,2011-11-14 11:21:00,2011-11-14 11:21:00,0,114.14,4,1,1,411,6,New / Promising
12939.0,65,20,25264.8,10328,2010-01-12 11:27:00,2011-10-06 14:33:00,632,1263.24,3,5,5,355,13,Potential Loyalists
12940.0,55,2,899.69,404,2011-09-13 10:16:00,2011-10-16 12:09:00,33,449.845,4,2,3,423,9,New / Promising
12941.0,725,1,377.49,381,2009-12-15 13:12:00,2009-12-15 13:12:00,0,377.49,1,1,2,112,4,Hibernating
12942.0,132,3,934.35,267,2010-12-09 09:34:00,2011-07-31 14:39:00,234,311.45,3,3,3,333,9,Potential Loyalists
12943.0,559,2,496.5,222,2010-04-13 11:03:00,2010-05-30 13:52:00,47,248.25,1,2,2,122,5,Hibernating
12944.0,36,2,604.51,289,2010-12-20 10:41:00,2011-11-04 11:04:00,319,302.255,4,2,2,422,8,New / Promising
12945.0,289,2,900.11,446,2010-02-21 15:18:00,2011-02-24 14:15:00,368,450.055,2,2,3,223,7,Hibernating
12946.0,437,1,324.45,149,2010-09-29 10:14:00,2010-09-29 10:14:00,0,324.45,1,1,2,112,4,Hibernating
12947.0,144,6,1908.03,1349,2010-12-01 16:21:00,2011-07-19 10:06:00,230,318.005,3,4,4,344,11,Potential Loyalists
12948.0,17,9,2317.43,1304,2009-12-02 12:28:00,2011-11-23 17:10:00,721,257.4922222222222,5,5,4,554,14,Champions
12949.0,31,22,15526.7,8233,2009-12-03 15:56:00,2011-11-09 11:25:00,706,705.7590909090909,4,5,5,455,14,Champions
12950.0,3,3,1843.0,1380,2011-11-15 13:48:00,2011-12-07 13:17:00,22,614.3333333333334,5,3,4,534,12,Loyal Customers
12951.0,9,15,3213.7200000000003,1662,2010-01-10 12:43:00,2011-12-01 12:14:00,690,214.24800000000002,5,5,5,555,15,Champions
12952.0,6,4,1387.79,653,2011-09-22 16:37:00,2011-12-04 10:35:00,73,346.9475,5,3,4,534,12,Loyal Customers
12953.0,10,2,828.8100000000001,364,2010-07-05 13:37:00,2011-11-30 09:24:00,513,414.40500000000003,5,2,3,523,10,New / Promising
12954.0,639,1,162.45,83,2010-03-11 10:16:00,2010-03-11 10:16:00,0,162.45,1,1,1,111,3,Hibernating
12955.0,2,11,4757.16,3664,2011-03-17 09:03:00,2011-12-08 16:29:00,266,432.4690909090909,5,5,5,555,15,Champions
12956.0,307,4,521.89,340,2009-12-15 19:03:00,2011-02-06 16:08:00,418,130.4725,2,3,2,232,7,At Risk
12957.0,10,13,8706.97,4686,2009-12-11 12:01:00,2011-11-30 09:53:00,719,669.766923076923,5,5,5,555,15,Champions
12958.0,401,2,467.34,118,2010-05-05 16:22:00,2010-11-04 16:16:00,183,233.67,2,2,2,222,6,Hibernating
12959.0,485,1,150.95,109,2010-08-12 17:20:00,2010-08-12 17:20:00,0,150.95,1,1,1,111,3,Hibernating
12960.0,414,4,1322.0700000000002,1379,2010-02-16 13:32:00,2010-10-22 09:31:00,248,330.51750000000004,1,3,4,134,8,At Risk
12961.0,380,1,211.99,180,2010-11-25 16:44:00,2010-11-25 16:44:00,0,211.99,2,1,1,211,4,Hibernating
12962.0,8,2,266.39,129,2011-08-18 13:38:00,2011-12-02 15:55:00,106,133.195,5,2,1,521,8,New / Promising
12963.0,9,12,3601.59,1809,2010-07-08 14:45:00,2011-12-01 12:55:00,511,300.1325,5,5,5,555,15,Champions
12964.0,438,1,132.24,56,2010-09-28 17:47:00,2010-09-28 17:47:00,0,132.24,1,1,1,111,3,Hibernating
12965.0,90,1,769.8100000000001,282,2011-09-11 15:31:00,2011-09-11 15:31:00,0,769.8100000000001,3,1,3,313,7,Needs Attention
12966.0,10,1,160.18,75,2011-11-30 12:38:00,2011-11-30 12:38:00,0,160.18,5,1,1,511,7,New / Promising
12967.0,359,3,4306.92,1272,2010-11-21 11:03:00,2010-12-16 19:10:00,25,1435.64,2,3,5,235,10,At Risk
12968.0,113,1,135.95,73,2011-08-19 15:44:00,2011-08-19 15:44:00,0,135.95,3,1,1,311,5,Needs Attention
12969.0,603,1,122.45,55,2010-04-16 10:50:00,2010-04-16 10:50:00,0,122.45,1,1,1,111,3,Hibernating
12970.0,8,10,1453.6,954,2009-12-04 14:19:00,2011-12-02 14:30:00,728,145.35999999999999,5,5,4,554,14,Champions
12971.0,4,116,15972.79,14587,2009-12-15 19:04:00,2011-12-06 12:20:00,721,137.6964655172414,5,5,5,555,15,Champions
12972.0,414,4,1161.2,844,2010-02-16 14:30:00,2010-10-22 08:41:00,248,290.3,1,3,3,133,7,At Risk
12973.0,414,1,385.55,31,2010-10-22 10:14:00,2010-10-22 10:14:00,0,385.55,1,1,2,112,4,Hibernating
12974.0,198,2,408.95,104,2010-05-23 11:45:00,2011-05-26 09:33:00,368,204.475,2,2,2,222,6,Hibernating
12975.0,437,6,2100.09,911,2009-12-06 10:38:00,2010-09-29 09:46:00,297,350.01500000000004,1,4,4,144,9,At Risk High Value
12976.0,212,8,3156.38,2684,2010-02-12 15:46:00,2011-05-12 09:55:00,454,394.5475,2,4,5,245,11,At Risk High Value
12977.0,157,4,513.88,128,2010-07-16 16:25:00,2011-07-06 16:40:00,355,128.47,3,3,2,332,8,Potential Loyalists
12978.0,386,5,2502.82,1394,2009-12-10 12:10:00,2010-11-19 14:29:00,344,500.564,2,4,4,244,10,At Risk High Value
12979.0,730,1,517.7,520,2009-12-10 15:45:00,2009-12-10 15:45:00,0,517.7,1,1,2,112,4,Hibernating
12980.0,158,21,16245.78,1910,2009-12-02 11:26:00,2011-07-05 09:34:00,580,773.6085714285715,3,5,5,355,13,Potential Loyalists
12981.0,30,2,372.21999999999997,242,2011-07-29 14:14:00,2011-11-10 12:00:00,104,186.10999999999999,4,2,2,422,8,New / Promising
12982.0,243,8,2744.81,1729,2010-04-12 13:50:00,2011-04-11 11:51:00,364,343.10125,2,4,4,244,10,At Risk High Value
12983.0,599,1,490.08,638,2010-04-20 12:58:00,2010-04-20 12:58:00,0,490.08,1,1,2,112,4,Hibernating
12984.0,19,1,97.5,26,2011-11-21 12:37:00,2011-11-21 12:37:00,0,97.5,5,1,1,511,7,New / Promising
12985.0,1,2,1239.38,1533,2011-11-11 12:44:00,2011-12-09 10:46:00,28,619.69,5,2,4,524,11,New / Promising
12986.0,429,10,2729.84,1164,2010-01-21 10:45:00,2010-10-07 11:57:00,259,272.98400000000004,1,5,4,154,10,At Risk High Value
12987.0,74,5,1312.21,585,2010-01-20 09:57:00,2011-09-27 12:03:00,615,262.442,3,4,4,344,11,Potential Loyalists
12988.0,293,1,505.82,126,2011-02-20 14:31:00,2011-02-20 14:31:00,0,505.82,2,1,2,212,5,Hibernating
12989.0,4,33,13551.75,6935,2009-12-10 13:27:00,2011-12-06 15:28:00,726,410.65909090909093,5,5,5,555,15,Champions
12990.0,32,7,955.5,480,2010-03-30 11:36:00,2011-11-08 13:01:00,588,136.5,4,4,3,443,11,Loyal Customers
12991.0,24,3,764.82,483,2010-11-15 13:43:00,2011-11-16 15:34:00,366,254.94000000000003,4,3,3,433,10,Loyal Customers
12992.0,726,1,93.35,21,2009-12-14 16:46:00,2009-12-14 16:46:00,0,93.35,1,1,1,111,3,Hibernating
12993.0,24,8,1259.63,751,2010-02-18 10:35:00,2011-11-16 15:49:00,636,157.45375,4,4,4,444,12,Champions
12994.0,5,3,974.42,459,2011-03-16 08:31:00,2011-12-05 15:43:00,264,324.8066666666667,5,3,3,533,11,Loyal Customers
12995.0,86,1,211.32,108,2011-09-15 15:44:00,2011-09-15 15:44:00,0,211.32,3,1,1,311,5,Needs Attention
12996.0,376,1,355.5,122,2010-11-29 09:27:00,2010-11-29 09:27:00,0,355.5,2,1,2,212,5,Hibernating
12997.0,23,8,2110.91,1186,2010-04-06 11:06:00,2011-11-17 15:47:00,590,263.86375,4,4,4,444,12,Champions
12998.0,493,3,920.08,1124,2010-02-24 11:55:00,2010-08-04 08:05:00,161,306.6933333333333,1,3,3,133,7,At Risk
12999.0,197,3,455.88,342,2011-04-08 10:26:00,2011-05-27 13:24:00,49,151.96,2,3,2,232,7,At Risk
13000.0,107,4,1032.5,548,2009-12-14 17:03:00,2011-08-25 10:43:00,619,258.125,3,3,3,333,9,Potential Loyalists
13001.0,5,33,24042.65,13448,2009-12-03 16:21:00,2011-12-05 14:51:00,732,728.5651515151516,5,5,5,555,15,Champions
13002.0,319,3,414.13,201,2010-10-01 11:58:00,2011-01-25 15:18:00,116,138.04333333333332,2,3,2,232,7,At Risk
13003.0,106,3,149.05,103,2011-05-09 08:23:00,2011-08-26 10:50:00,109,49.68333333333334,3,3,1,331,7,Potential Loyalists
13004.0,12,36,11650.85,8768,2009-12-15 09:44:00,2011-11-28 11:27:00,713,323.63472222222225,5,5,5,555,15,Champions
13005.0,174,4,999.68,462,2010-09-08 12:52:00,2011-06-19 10:53:00,284,249.92,3,3,3,333,9,Potential Loyalists
13006.0,57,1,81.57,55,2011-10-14 13:49:00,2011-10-14 13:49:00,0,81.57,4,1,1,411,6,New / Promising
13007.0,580,1,175.25,59,2010-05-09 10:38:00,2010-05-09 10:38:00,0,175.25,1,1,1,111,3,Hibernating
13008.0,324,3,612.13,379,2009-12-16 16:07:00,2011-01-20 14:24:00,400,204.04333333333332,2,3,2,232,7,At Risk
13009.0,673,1,234.0,120,2010-02-05 12:22:00,2010-02-05 12:22:00,0,234.0,1,1,1,111,3,Hibernating
13010.0,375,2,330.12,323,2010-03-01 11:28:00,2010-11-30 15:09:00,274,165.06,2,2,2,222,6,Hibernating
13011.0,373,1,101.10000000000001,26,2010-12-02 17:22:00,2010-12-02 17:22:00,0,101.10000000000001,2,1,1,211,4,Hibernating
13012.0,10,11,2957.83,1559,2010-04-26 14:14:00,2011-11-30 13:05:00,583,268.89363636363635,5,5,5,555,15,Champions
13013.0,2,29,12625.77,6463,2009-12-14 10:34:00,2011-12-08 15:01:00,724,435.3713793103448,5,5,5,555,15,Champions
13014.0,11,11,5381.08,1979,2010-10-03 11:35:00,2011-11-29 12:27:00,422,489.1890909090909,5,5,5,555,15,Champions
13015.0,54,11,6579.78,3527,2010-04-15 16:35:00,2011-10-17 13:19:00,550,598.1618181818181,4,5,5,455,14,Champions
13016.0,74,3,789.89,527,2011-08-08 15:00:00,2011-09-27 14:08:00,50,263.2966666666667,3,3,3,333,9,Potential Loyalists
13017.0,8,1,204.0,48,2011-12-02 15:53:00,2011-12-02 15:53:00,0,204.0,5,1,1,511,7,New / Promising
13018.0,17,35,9763.16,6746,2010-03-01 12:34:00,2011-11-23 13:28:00,632,278.9474285714286,5,5,5,555,15,Champions
13019.0,380,6,1229.95,397,2009-12-06 15:40:00,2010-11-25 14:56:00,354,204.99166666666667,2,4,3,243,9,At Risk
13020.0,563,2,618.96,278,2010-02-18 10:35:00,2010-05-26 11:12:00,97,309.48,1,2,3,123,6,Hibernating
13021.0,5,17,4887.24,2546,2009-12-05 12:02:00,2011-12-05 16:37:00,730,287.48470588235296,5,5,5,555,15,Champions
13022.0,430,1,65.3,35,2010-10-06 10:50:00,2010-10-06 10:50:00,0,65.3,1,1,1,111,3,Hibernating
13023.0,65,3,1449.03,585,2010-06-29 09:51:00,2011-10-06 16:27:00,464,483.01,3,3,4,334,10,Potential Loyalists
13024.0,471,2,555.87,181,2010-05-06 14:25:00,2010-08-26 09:42:00,112,277.935,1,2,2,122,5,Hibernating
13025.0,732,1,323.39,241,2009-12-08 10:02:00,2009-12-08 10:02:00,0,323.39,1,1,2,112,4,Hibernating
13026.0,2,9,1733.08,2466,2009-12-13 11:34:00,2011-12-08 16:58:00,725,192.56444444444443,5,5,4,554,14,Champions
13027.0,114,19,17239.2,42840,2010-01-20 10:41:00,2011-08-18 09:39:00,575,907.3263157894737,3,5,5,355,13,Potential Loyalists
13028.0,23,2,661.3199999999999,798,2011-10-25 14:09:00,2011-11-17 11:10:00,23,330.65999999999997,4,2,3,423,9,New / Promising
13029.0,31,5,1927.3,194,2010-07-04 13:46:00,2011-11-09 09:13:00,493,385.46,4,4,4,444,12,Champions
13030.0,12,2,1154.8,522,2010-12-06 14:31:00,2011-11-28 14:30:00,357,577.4,5,2,3,523,10,New / Promising
13031.0,408,5,3292.84,2309,2010-06-03 14:57:00,2010-10-28 15:34:00,147,658.568,2,4,5,245,11,At Risk High Value
13032.0,53,9,2815.96,1274,2010-09-05 14:01:00,2011-10-18 15:54:00,408,312.88444444444445,4,5,4,454,13,Champions
13033.0,358,2,220.55,98,2010-10-06 09:37:00,2010-12-17 14:23:00,72,110.275,2,2,1,221,5,Hibernating
13034.0,55,3,922.68,522,2010-11-03 15:22:00,2011-10-16 12:21:00,347,307.56,4,3,3,433,10,Loyal Customers
13035.0,74,3,1364.2,926,2010-10-04 15:41:00,2011-09-27 08:57:00,358,454.73333333333335,3,3,4,334,10,Potential Loyalists
13036.0,685,1,307.1,38,2010-01-24 11:35:00,2010-01-24 11:35:00,0,307.1,1,1,2,112,4,Hibernating
13037.0,139,12,3914.9500000000003,2130,2009-12-03 17:04:00,2011-07-24 15:46:00,598,326.24583333333334,3,5,5,355,13,Potential Loyalists
13038.0,81,3,908.46,360,2011-02-22 11:43:00,2011-09-20 14:37:00,210,302.82,3,3,3,333,9,Potential Loyalists
13039.0,585,4,1010.73,290,2009-12-17 16:43:00,2010-05-04 16:45:00,138,252.6825,1,3,3,133,7,At Risk
13040.0,9,2,676.99,355,2011-11-06 13:53:00,2011-12-01 10:38:00,25,338.495,5,2,3,523,10,New / Promising
13041.0,451,4,799.13,335,2010-04-29 08:43:00,2010-09-15 11:44:00,139,199.7825,1,3,3,133,7,At Risk
13042.0,599,3,1488.59,812,2009-12-07 15:42:00,2010-04-20 13:43:00,134,496.19666666666666,1,3,4,134,8,At Risk
13043.0,274,1,516.42,254,2011-03-11 14:52:00,2011-03-11 14:52:00,0,516.42,2,1,2,212,5,Hibernating
13044.0,292,11,4848.05,2548,2010-01-08 14:46:00,2011-02-21 15:20:00,409,440.7318181818182,2,5,5,255,12,At Risk High Value
13045.0,100,3,808.9200000000001,405,2010-08-10 13:02:00,2011-09-01 15:04:00,387,269.64000000000004,3,3,3,333,9,Potential Loyalists
13046.0,31,3,949.25,505,2010-09-09 13:09:00,2011-11-09 08:36:00,426,316.4166666666667,4,3,3,433,10,Loyal Customers
13047.0,32,24,8795.16,3429,2009-12-16 11:43:00,2011-11-08 12:06:00,692,366.465,4,5,5,455,14,Champions
13048.0,15,9,4049.13,2661,2010-01-27 12:55:00,2011-11-25 13:23:00,667,449.90333333333336,5,5,5,555,15,Champions
13049.0,65,4,1408.24,620,2010-11-03 15:39:00,2011-10-06 15:31:00,337,352.06,3,3,4,334,10,Potential Loyalists
13050.0,15,35,12314.53,7197,2009-12-15 15:06:00,2011-11-25 09:18:00,710,351.8437142857143,5,5,5,555,15,Champions
13051.0,579,2,155.8,72,2010-03-30 11:11:00,2010-05-10 09:14:00,41,77.9,1,2,1,121,4,Hibernating
13052.0,213,7,3119.33,1424,2010-02-23 12:31:00,2011-05-11 14:12:00,442,445.61857142857144,2,4,5,245,11,At Risk High Value
13053.0,622,1,127.65,47,2010-03-28 11:28:00,2010-03-28 11:28:00,0,127.65,1,1,1,111,3,Hibernating
13055.0,79,4,2321.11,1821,2010-10-06 08:17:00,2011-09-22 14:26:00,351,580.2775,3,3,4,334,10,Potential Loyalists
13056.0,552,1,209.48,158,2010-06-06 14:10:00,2010-06-06 14:10:00,0,209.48,1,1,1,111,3,Hibernating
13057.0,531,3,709.59,456,2010-03-18 12:14:00,2010-06-27 15:44:00,101,236.53,1,3,3,133,7,At Risk
13058.0,25,3,271.40000000000003,52,2011-07-11 12:01:00,2011-11-15 12:43:00,127,90.46666666666668,4,3,1,431,8,Loyal Customers
13059.0,250,10,2291.77,860,2010-03-31 12:23:00,2011-04-04 10:40:00,369,229.177,2,5,4,254,11,At Risk High Value
13060.0,254,1,307.53000000000003,123,2011-03-31 11:37:00,2011-03-31 11:37:00,0,307.53000000000003,2,1,2,212,5,Hibernating
13061.0,73,1,248.61,107,2011-09-28 16:04:00,2011-09-28 16:04:00,0,248.61,3,1,1,311,5,Needs Attention
13062.0,192,1,346.98,343,2011-06-01 15:12:00,2011-06-01 15:12:00,0,346.98,2,1,2,212,5,Hibernating
13063.0,481,1,188.4,116,2010-08-16 12:27:00,2010-08-16 12:27:00,0,188.4,1,1,1,111,3,Hibernating
13064.0,13,6,1666.84,668,2010-04-27 10:08:00,2011-11-27 12:31:00,579,277.8066666666667,5,4,4,544,13,Champions
13065.0,374,5,1260.91,455,2010-06-10 11:44:00,2010-12-01 16:52:00,174,252.18200000000002,2,4,4,244,10,At Risk High Value
13066.0,25,2,470.8,322,2011-11-07 17:06:00,2011-11-15 12:57:00,8,235.4,4,2,2,422,8,New / Promising
13067.0,83,3,508.51,131,2010-09-19 13:43:00,2011-09-18 13:38:00,364,169.50333333333333,3,3,2,332,8,Potential Loyalists
13068.0,11,2,344.0,200,2011-01-24 08:20:00,2011-11-29 15:00:00,309,172.0,5,2,2,522,9,New / Promising
13069.0,1,38,9616.95,15354,2010-06-14 14:27:00,2011-12-09 08:39:00,543,253.07763157894738,5,5,5,555,15,Champions
13070.0,193,4,751.7,372,2009-12-07 14:44:00,2011-05-31 13:45:00,540,187.925,2,3,3,233,8,At Risk
13071.0,613,1,129.22,30,2010-04-06 13:37:00,2010-04-06 13:37:00,0,129.22,1,1,1,111,3,Hibernating
13072.0,267,1,177.15,69,2011-03-18 08:12:00,2011-03-18 08:12:00,0,177.15,2,1,1,211,4,Hibernating
13073.0,412,2,418.08,261,2010-09-28 09:27:00,2010-10-24 14:06:00,26,209.04,1,2,2,122,5,Hibernating
13074.0,512,4,1378.74,826,2009-12-16 11:46:00,2010-07-16 16:53:00,212,344.685,1,3,4,134,8,At Risk
13075.0,130,1,919.61,485,2011-08-02 10:19:00,2011-08-02 10:19:00,0,919.61,3,1,3,313,7,Needs Attention
13076.0,458,1,135.4,44,2010-09-08 10:27:00,2010-09-08 10:27:00,0,135.4,1,1,1,111,3,Hibernating
13077.0,2,11,3054.37,2771,2009-12-11 11:17:00,2011-12-08 19:24:00,727,277.67,5,5,5,555,15,Champions
13078.0,4,57,29532.45,12183,2009-12-01 09:06:00,2011-12-06 15:36:00,735,518.1131578947369,5,5,5,555,15,Champions
13079.0,5,6,419.18,158,2010-10-18 14:15:00,2011-12-05 16:53:00,413,69.86333333333333,5,4,2,542,11,Loyal Customers
13080.0,180,4,280.73,193,2010-04-09 13:07:00,2011-06-13 14:59:00,430,70.1825,3,3,1,331,7,Potential Loyalists
13081.0,12,28,59205.15,41423,2009-12-08 13:58:00,2011-11-28 10:54:00,720,2114.469642857143,5,5,5,555,15,Champions
13082.0,127,21,7335.75,8466,2009-12-22 15:37:00,2011-08-05 16:16:00,591,349.32142857142856,3,5,5,355,13,Potential Loyalists
13083.0,5,3,395.43,307,2010-10-10 13:38:00,2011-12-05 15:01:00,421,131.81,5,3,2,532,10,Loyal Customers
13084.0,492,1,122.39999999999999,144,2010-08-05 08:49:00,2010-08-05 08:49:00,0,122.39999999999999,1,1,1,111,3,Hibernating
13085.0,158,8,2433.28,944,2009-12-01 07:45:00,2011-07-05 12:11:00,581,304.16,3,4,4,344,11,Potential Loyalists
13086.0,383,1,439.33000000000004,155,2010-11-22 10:28:00,2010-11-22 10:28:00,0,439.33000000000004,2,1,2,212,5,Hibernating
13087.0,727,1,313.64,86,2009-12-13 15:16:00,2009-12-13 15:16:00,0,313.64,1,1,2,112,4,Hibernating
13088.0,418,1,236.11,76,2010-10-18 15:35:00,2010-10-18 15:35:00,0,236.11,1,1,1,111,3,Hibernating
13089.0,3,203,116647.53,60150,2009-12-02 15:44:00,2011-12-07 09:02:00,735,574.6183743842364,5,5,5,555,15,Champions
13090.0,9,24,14100.14,3444,2010-08-02 13:58:00,2011-12-01 12:39:00,486,587.5058333333333,5,5,5,555,15,Champions
13091.0,29,3,2321.82,1339,2009-12-10 11:50:00,2011-11-11 15:54:00,701,773.94,4,3,4,434,11,Loyal Customers
13092.0,71,12,2140.28,664,2010-02-10 08:44:00,2011-09-30 11:18:00,597,178.35666666666668,3,5,4,354,12,Potential Loyalists
13093.0,276,55,54943.65,26227,2009-12-04 10:32:00,2011-03-09 12:14:00,460,998.9754545454546,2,5,5,255,12,At Risk High Value
13094.0,22,13,2433.1200000000003,2088,2010-11-15 14:15:00,2011-11-18 14:07:00,368,187.16307692307694,4,5,4,454,13,Champions
13095.0,71,1,74.39999999999999,144,2011-09-30 12:03:00,2011-09-30 12:03:00,0,74.39999999999999,3,1,1,311,5,Needs Attention
13096.0,395,1,419.7000000000001,6,2010-11-10 14:08:00,2010-11-10 14:08:00,0,419.7000000000001,2,1,2,212,5,Hibernating
13097.0,33,28,13324.1,5345,2009-12-01 13:31:00,2011-11-07 10:43:00,706,475.8607142857143,4,5,5,455,14,Champions
13098.0,2,28,28882.44,15968,2011-01-26 13:46:00,2011-12-08 14:14:00,316,1031.5157142857142,5,5,5,555,15,Champions
13099.0,100,1,207.36,288,2011-09-01 17:40:00,2011-09-01 17:40:00,0,207.36,3,1,1,311,5,Needs Attention
13101.0,235,4,695.4,478,2010-01-27 15:49:00,2011-04-19 14:37:00,447,173.85,2,3,3,233,8,At Risk
13102.0,2,37,11696.92,6576,2010-05-06 13:12:00,2011-12-08 12:52:00,581,316.132972972973,5,5,5,555,15,Champions
13103.0,40,3,709.64,426,2010-05-11 14:41:00,2011-10-31 09:38:00,538,236.54666666666665,4,3,3,433,10,Loyal Customers
13104.0,4,9,1709.1,834,2010-02-24 15:06:00,2011-12-06 13:10:00,650,189.89999999999998,5,5,4,554,14,Champions
13105.0,437,1,72.0,100,2010-09-29 13:41:00,2010-09-29 13:41:00,0,72.0,1,1,1,111,3,Hibernating
13106.0,134,2,603.46,231,2010-10-22 13:10:00,2011-07-29 15:12:00,280,301.73,3,2,2,322,7,Needs Attention
13107.0,45,9,5253.07,4316,2010-02-04 10:50:00,2011-10-26 14:52:00,629,583.6744444444444,4,5,5,455,14,Champions
13108.0,373,2,1098.52,1043,2010-09-30 17:09:00,2010-12-02 10:35:00,63,549.26,2,2,3,223,7,Hibernating
13109.0,60,3,1134.03,757,2010-06-06 12:59:00,2011-10-11 10:16:00,492,378.01,3,3,3,333,9,Potential Loyalists
13110.0,32,12,2957.4700000000003,763,2009-12-01 14:14:00,2011-11-08 14:30:00,707,246.45583333333335,4,5,5,455,14,Champions
13111.0,719,1,321.88000000000005,180,2009-12-21 09:00:00,2009-12-21 09:00:00,0,321.88000000000005,1,1,2,112,4,Hibernating
13112.0,542,1,20.599999999999998,11,2010-06-16 17:03:00,2010-06-16 17:03:00,0,20.599999999999998,1,1,1,111,3,Hibernating
13113.0,1,37,18603.04,4540,2010-03-28 16:13:00,2011-12-09 12:49:00,621,502.7848648648649,5,5,5,555,15,Champions
13114.0,731,1,234.38,74,2009-12-09 09:56:00,2009-12-09 09:56:00,0,234.38,1,1,1,111,3,Hibernating
13115.0,12,10,5494.7,3934,2010-04-19 13:29:00,2011-11-28 12:38:00,588,549.47,5,5,5,555,15,Champions
13116.0,139,1,501.14,291,2011-07-24 14:33:00,2011-07-24 14:33:00,0,501.14,3,1,2,312,6,Needs Attention
13117.0,22,18,2643.81,2067,2010-03-26 13:50:00,2011-11-18 12:02:00,602,146.87833333333333,4,5,4,454,13,Champions
13118.0,20,9,2415.41,834,2010-09-26 15:46:00,2011-11-20 12:46:00,420,268.37888888888887,5,5,4,554,14,Champions
13119.0,669,1,134.9,110,2010-02-09 08:38:00,2010-02-09 08:38:00,0,134.9,1,1,1,111,3,Hibernating
13120.0,239,1,30.6,12,2011-04-15 10:19:00,2011-04-15 10:19:00,0,30.6,2,1,1,211,4,Hibernating
13121.0,270,1,283.73,252,2011-03-15 16:47:00,2011-03-15 16:47:00,0,283.73,2,1,1,211,4,Hibernating
13122.0,95,2,922.39,585,2011-04-13 14:12:00,2011-09-06 15:53:00,146,461.195,3,2,3,323,8,Needs Attention
13123.0,473,2,506.75,268,2010-06-28 12:43:00,2010-08-24 10:18:00,57,253.375,1,2,2,122,5,Hibernating
13124.0,90,4,4641.66,2738,2010-11-19 15:50:00,2011-09-11 12:45:00,296,1160.415,3,3,5,335,11,Potential Loyalists
13125.0,524,1,148.62,53,2010-07-04 11:58:00,2010-07-04 11:58:00,0,148.62,1,1,1,111,3,Hibernating
13126.0,5,13,3998.25,3409,2010-03-02 12:24:00,2011-12-05 10:00:00,643,307.5576923076923,5,5,5,555,15,Champions
13127.0,78,1,259.17,127,2011-09-23 10:26:00,2011-09-23 10:26:00,0,259.17,3,1,1,311,5,Needs Attention
13128.0,632,1,263.5,31,2010-03-18 15:08:00,2010-03-18 15:08:00,0,263.5,1,1,1,111,3,Hibernating
13129.0,453,2,233.25,296,2010-06-28 11:54:00,2010-09-13 13:47:00,77,116.625,1,2,1,121,4,Hibernating
13130.0,95,1,64.0,32,2011-09-06 15:30:00,2011-09-06 15:30:00,0,64.0,3,1,1,311,5,Needs Attention
13131.0,24,7,3313.77,1523,2010-02-09 09:47:00,2011-11-16 13:21:00,645,473.3957142857143,4,4,5,445,13,Champions
13132.0,262,1,77.3,20,2011-03-23 12:44:00,2011-03-23 12:44:00,0,77.3,2,1,1,211,4,Hibernating
13133.0,274,3,200.45,55,2010-09-06 15:30:00,2011-03-11 10:31:00,186,66.81666666666666,2,3,1,231,6,At Risk
13134.0,86,6,2475.23,1364,2010-10-19 13:21:00,2011-09-15 10:35:00,331,412.53833333333336,3,4,4,344,11,Potential Loyalists
13135.0,197,2,3371.45,4423,2010-08-05 17:28:00,2011-05-27 10:52:00,295,1685.725,2,2,5,225,9,Hibernating
13136.0,57,13,6274.56,3109,2009-12-08 18:30:00,2011-10-14 13:41:00,675,482.65846153846155,4,5,5,455,14,Champions
13137.0,11,16,7586.94,4238,2010-07-25 15:40:00,2011-11-29 12:09:00,492,474.18375,5,5,5,555,15,Champions
13138.0,23,7,1467.24,718,2010-11-08 11:45:00,2011-11-17 16:51:00,374,209.6057142857143,4,4,4,444,12,Champions
13139.0,17,8,8202.98,4614,2010-09-28 09:12:00,2011-11-23 13:54:00,421,1025.3725,5,4,5,545,14,Champions
13140.0,109,5,1213.18,646,2010-08-05 19:05:00,2011-08-23 15:33:00,383,242.63600000000002,3,4,3,343,10,Potential Loyalists
13141.0,85,17,7656.08,5159,2009-12-09 13:34:00,2011-09-16 09:54:00,646,450.35764705882355,3,5,5,355,13,Potential Loyalists
13142.0,20,1,307.09000000000003,258,2011-11-20 16:07:00,2011-11-20 16:07:00,0,307.09000000000003,5,1,2,512,8,New / Promising
13143.0,585,1,405.1,198,2010-05-04 12:22:00,2010-05-04 12:22:00,0,405.1,1,1,2,112,4,Hibernating
13144.0,333,2,135.35,29,2010-10-04 14:14:00,2011-01-11 11:15:00,99,67.675,2,2,1,221,5,Hibernating
13145.0,40,7,1423.52,266,2010-04-19 11:11:00,2011-10-31 12:45:00,560,203.35999999999999,4,4,4,444,12,Champions
13146.0,27,1,228.91,154,2011-11-13 15:29:00,2011-11-13 15:29:00,0,228.91,4,1,1,411,6,New / Promising
13147.0,11,4,712.8,144,2011-09-01 12:28:00,2011-11-29 13:59:00,89,178.2,5,3,3,533,11,Loyal Customers
13148.0,30,26,8497.82,4487,2009-12-07 15:26:00,2011-11-10 15:23:00,703,326.83923076923077,4,5,5,455,14,Champions
13149.0,15,4,1676.06,1280,2011-02-23 13:57:00,2011-11-25 13:09:00,275,419.015,5,3,4,534,12,Loyal Customers
13150.0,485,3,449.96999999999997,171,2010-03-19 09:03:00,2010-08-12 12:59:00,146,149.98999999999998,1,3,2,132,6,At Risk
13151.0,296,3,2465.21,813,2010-03-22 10:26:00,2011-02-17 12:29:00,332,821.7366666666667,2,3,4,234,9,At Risk
13152.0,418,7,2146.38,977,2010-01-14 10:01:00,2010-10-18 13:44:00,277,306.6257142857143,1,4,4,144,9,At Risk High Value
13153.0,6,1,486.22,418,2011-12-04 12:14:00,2011-12-04 12:14:00,0,486.22,5,1,2,512,8,New / Promising
13154.0,400,3,1624.84,976,2009-12-04 08:46:00,2010-11-05 16:00:00,336,541.6133333333333,2,3,4,234,9,At Risk
13155.0,34,6,1750.18,909,2010-08-05 09:30:00,2011-11-06 15:41:00,458,291.69666666666666,4,4,4,444,12,Champions
13156.0,386,3,1586.54,914,2010-02-01 13:45:00,2010-11-19 13:09:00,291,528.8466666666667,2,3,4,234,9,At Risk
13157.0,50,9,5687.36,4762,2010-03-08 11:59:00,2011-10-21 13:50:00,592,631.9288888888889,4,5,5,455,14,Champions
13158.0,95,5,1508.18,992,2010-11-16 17:12:00,2011-09-06 11:58:00,294,301.636,3,4,4,344,11,Potential Loyalists
13159.0,9,4,1429.35,1058,2011-08-16 11:44:00,2011-12-01 11:20:00,107,357.3375,5,3,4,534,12,Loyal Customers
13160.0,23,1,91.8,56,2011-11-17 13:07:00,2011-11-17 13:07:00,0,91.8,4,1,1,411,6,New / Promising
13161.0,314,2,472.13,105,2010-07-27 12:44:00,2011-01-30 14:03:00,187,236.065,2,2,2,222,6,Hibernating
13162.0,123,16,9275.49,5755,2009-12-04 13:59:00,2011-08-09 15:59:00,613,579.718125,3,5,5,355,13,Potential Loyalists
13163.0,611,1,17.65,3,2010-04-08 16:21:00,2010-04-08 16:21:00,0,17.65,1,1,1,111,3,Hibernating
13164.0,570,2,372.2,120,2010-02-10 11:52:00,2010-05-19 13:52:00,98,186.1,1,2,2,122,5,Hibernating
13165.0,47,3,1451.1599999999999,1736,2010-10-22 17:04:00,2011-10-24 15:05:00,367,483.71999999999997,4,3,4,434,11,Loyal Customers
13166.0,284,2,875.93,522,2010-10-21 14:29:00,2011-03-01 15:16:00,131,437.965,2,2,3,223,7,Hibernating
13167.0,19,5,1125.15,1007,2010-11-14 12:58:00,2011-11-21 12:24:00,372,225.03000000000003,5,4,3,543,12,Loyal Customers
13168.0,37,5,1840.73,898,2010-06-15 15:00:00,2011-11-03 12:56:00,506,368.146,4,4,4,444,12,Champions
13169.0,64,3,840.08,296,2010-05-26 15:58:00,2011-10-07 12:11:00,499,280.0266666666667,3,3,3,333,9,Potential Loyalists
13170.0,27,1,108.81,141,2011-11-13 12:19:00,2011-11-13 12:19:00,0,108.81,4,1,1,411,6,New / Promising
13171.0,22,3,468.41,229,2011-02-13 14:16:00,2011-11-18 10:27:00,278,156.13666666666668,4,3,2,432,9,Loyal Customers
13172.0,401,1,69.6,48,2010-11-04 15:10:00,2010-11-04 15:10:00,0,69.6,2,1,1,211,4,Hibernating
13173.0,5,11,2565.76,1595,2009-12-10 12:52:00,2011-12-05 15:51:00,725,233.25090909090912,5,5,4,554,14,Champions
13174.0,17,12,9364.42,4468,2009-12-04 15:40:00,2011-11-23 14:35:00,719,780.3683333333333,5,5,5,555,15,Champions
13175.0,583,2,831.45,423,2009-12-04 12:11:00,2010-05-06 13:13:00,153,415.725,1,2,3,123,6,Hibernating
13176.0,47,1,481.49,448,2011-10-24 15:43:00,2011-10-24 15:43:00,0,481.49,4,1,2,412,7,New / Promising
13177.0,65,2,512.2,180,2010-10-05 10:35:00,2011-10-06 09:56:00,366,256.1,3,2,2,322,7,Needs Attention
13178.0,27,21,14059.19,8778,2009-12-16 14:00:00,2011-11-13 16:14:00,697,669.4852380952382,4,5,5,455,14,Champions
13179.0,619,1,572.3100000000001,368,2010-03-31 11:40:00,2010-03-31 11:40:00,0,572.3100000000001,1,1,2,112,4,Hibernating
13180.0,608,1,86.10000000000001,42,2010-04-11 13:37:00,2010-04-11 13:37:00,0,86.10000000000001,1,1,1,111,3,Hibernating
13181.0,382,1,359.69,171,2010-11-23 15:05:00,2010-11-23 15:05:00,0,359.69,2,1,2,212,5,Hibernating
13182.0,46,1,121.18,201,2011-10-25 13:46:00,2011-10-25 13:46:00,0,121.18,4,1,1,411,6,New / Promising
13183.0,8,15,7036.18,4027,2010-03-14 12:32:00,2011-12-02 10:30:00,628,469.07866666666666,5,5,5,555,15,Champions
13184.0,15,10,1668.95,1662,2011-02-22 17:25:00,2011-11-25 12:02:00,276,166.895,5,5,4,554,14,Champions
13185.0,268,1,71.4,12,2011-03-17 11:56:00,2011-03-17 11:56:00,0,71.4,2,1,1,211,4,Hibernating
13186.0,40,3,1575.89,820,2011-08-03 09:09:00,2011-10-31 11:40:00,89,525.2966666666667,4,3,4,434,11,Loyal Customers
13187.0,338,4,341.36,296,2010-03-25 17:18:00,2011-01-06 18:57:00,287,85.34,2,3,2,232,7,At Risk
13188.0,12,1,114.6,25,2011-11-28 15:28:00,2011-11-28 15:28:00,0,114.6,5,1,1,511,7,New / Promising
13189.0,19,2,260.68,842,2011-08-16 13:12:00,2011-11-21 10:39:00,97,130.34,5,2,1,521,8,New / Promising
13190.0,545,3,570.66,308,2009-12-07 12:13:00,2010-06-13 15:47:00,188,190.22,1,3,2,132,6,At Risk
13191.0,659,1,164.69,115,2010-02-19 17:02:00,2010-02-19 17:02:00,0,164.69,1,1,1,111,3,Hibernating
13192.0,96,6,2558.58,1629,2010-01-22 08:37:00,2011-09-05 14:13:00,591,426.43,3,4,4,344,11,Potential Loyalists
13193.0,62,1,112.08,46,2011-10-09 14:30:00,2011-10-09 14:30:00,0,112.08,3,1,1,311,5,Needs Attention
13194.0,136,2,472.78,326,2010-10-14 11:54:00,2011-07-27 09:01:00,286,236.39,3,2,2,322,7,Needs Attention
13195.0,415,1,136.73,70,2010-10-21 13:07:00,2010-10-21 13:07:00,0,136.73,1,1,1,111,3,Hibernating
13196.0,12,7,3068.84,2006,2010-04-01 12:54:00,2011-11-28 13:54:00,606,438.4057142857143,5,4,5,545,14,Champions
13197.0,610,1,373.01000000000005,204,2010-04-09 09:14:00,2010-04-09 09:14:00,0,373.01000000000005,1,1,2,112,4,Hibernating
13198.0,11,8,4974.2300000000005,3449,2010-10-01 13:27:00,2011-11-29 15:17:00,424,621.7787500000001,5,4,5,545,14,Champions
13199.0,4,67,16432.89,12019,2009-12-05 10:11:00,2011-12-06 12:30:00,731,245.26701492537313,5,5,5,555,15,Champions
13200.0,20,4,870.09,516,2011-08-05 14:50:00,2011-11-20 15:35:00,107,217.5225,5,3,3,533,11,Loyal Customers
13201.0,503,4,1233.06,1036,2010-03-07 11:01:00,2010-07-25 14:30:00,140,308.265,1,3,3,133,7,At Risk
13202.0,395,7,1580.3,572,2009-12-09 10:48:00,2010-11-10 16:24:00,336,225.75714285714284,2,4,4,244,10,At Risk High Value
13203.0,10,10,2648.25,2413,2009-12-17 14:15:00,2011-11-30 10:45:00,713,264.825,5,5,4,554,14,Champions
13204.0,732,1,966.6600000000001,428,2009-12-08 14:56:00,2009-12-08 14:56:00,0,966.6600000000001,1,1,3,113,5,Hibernating
13205.0,444,1,2803.2,256,2010-09-22 16:26:00,2010-09-22 16:26:00,0,2803.2,1,1,4,114,6,Hibernating
13206.0,401,13,8308.19,7086,2009-12-07 13:48:00,2010-11-04 16:50:00,332,639.0915384615384,2,5,5,255,12,At Risk High Value
13207.0,16,4,535.86,178,2010-04-06 16:37:00,2011-11-24 14:52:00,597,133.965,5,3,2,532,10,Loyal Customers
13208.0,59,9,1976.3,1343,2009-12-03 13:25:00,2011-10-12 09:54:00,678,219.58888888888887,4,5,4,454,13,Champions
13209.0,31,13,8509.51,5781,2010-01-24 14:30:00,2011-11-09 13:54:00,654,654.5776923076924,4,5,5,455,14,Champions
13210.0,94,1,353.48,316,2011-09-07 08:18:00,2011-09-07 08:18:00,0,353.48,3,1,2,312,6,Needs Attention
13211.0,11,10,2618.77,1845,2009-12-06 15:24:00,2011-11-29 14:43:00,723,261.877,5,5,4,554,14,Champions
13212.0,20,3,786.83,309,2011-10-09 14:48:00,2011-11-20 12:40:00,42,262.2766666666667,5,3,3,533,11,Loyal Customers
13213.0,57,11,3851.52,2962,2010-05-20 14:50:00,2011-10-14 11:42:00,512,350.1381818181818,4,5,5,455,14,Champions
13214.0,418,7,3264.23,2966,2010-03-03 14:10:00,2010-10-18 10:00:00,229,466.31857142857143,1,4,5,145,10,At Risk High Value
13215.0,403,1,81.6,96,2010-11-02 18:26:00,2010-11-02 18:26:00,0,81.6,2,1,1,211,4,Hibernating
13216.0,268,1,333.74,297,2011-03-17 12:18:00,2011-03-17 12:18:00,0,333.74,2,1,2,212,5,Hibernating
13217.0,123,4,666.48,512,2010-02-22 12:49:00,2011-08-09 15:32:00,533,166.62,3,3,3,333,9,Potential Loyalists
13218.0,128,1,62.64,88,2011-08-04 16:59:00,2011-08-04 16:59:00,0,62.64,3,1,1,311,5,Needs Attention
13219.0,619,1,76.23,11,2010-03-31 14:18:00,2010-03-31 14:18:00,0,76.23,1,1,1,111,3,Hibernating
13220.0,79,5,1336.0900000000001,396,2010-05-13 10:35:00,2011-09-22 13:38:00,497,267.218,3,4,4,344,11,Potential Loyalists
13221.0,241,2,847.41,244,2010-12-15 13:24:00,2011-04-13 16:58:00,119,423.705,2,2,3,223,7,Hibernating
13222.0,578,1,88.5,30,2010-05-11 13:54:00,2010-05-11 13:54:00,0,88.5,1,1,1,111,3,Hibernating
13223.0,201,6,969.12,568,2010-02-12 13:27:00,2011-05-23 13:03:00,465,161.52,2,4,3,243,9,At Risk
13224.0,61,2,2155.95,1518,2011-07-11 14:10:00,2011-10-10 14:55:00,91,1077.975,3,2,4,324,9,Needs Attention
13225.0,4,16,16260.07,7401,2009-12-17 09:09:00,2011-12-06 13:29:00,719,1016.254375,5,5,5,555,15,Champions
13226.0,274,2,312.46,179,2010-11-11 13:46:00,2011-03-11 14:35:00,120,156.23,2,2,2,222,6,Hibernating
13227.0,202,1,257.7,99,2011-05-22 11:47:00,2011-05-22 11:47:00,0,257.7,2,1,1,211,4,Hibernating
13228.0,82,1,358.0,200,2011-09-19 14:28:00,2011-09-19 14:28:00,0,358.0,3,1,2,312,6,Needs Attention
13229.0,226,1,160.95,63,2011-04-28 12:07:00,2011-04-28 12:07:00,0,160.95,2,1,1,211,4,Hibernating
13230.0,5,30,6213.46,3553,2010-03-18 20:02:00,2011-12-05 16:03:00,627,207.11533333333333,5,5,5,555,15,Champions
13232.0,13,7,1328.35,773,2011-04-10 13:48:00,2011-11-27 10:39:00,231,189.7642857142857,5,4,4,544,13,Champions
13233.0,75,4,1176.46,1604,2010-01-14 14:10:00,2011-09-26 13:25:00,620,294.115,3,3,3,333,9,Potential Loyalists
13234.0,673,2,346.5,159,2009-12-07 12:32:00,2010-02-05 11:41:00,60,173.25,1,2,2,122,5,Hibernating
13235.0,213,1,1031.07,441,2011-05-11 17:13:00,2011-05-11 17:13:00,0,1031.07,2,1,3,213,6,Hibernating
13236.0,25,2,744.85,416,2011-08-25 08:58:00,2011-11-15 12:50:00,82,372.425,4,2,3,423,9,New / Promising
13237.0,388,1,643.0,128,2010-11-17 10:07:00,2010-11-17 10:07:00,0,643.0,2,1,3,213,6,Hibernating
13238.0,18,6,1006.63,442,2010-04-28 15:02:00,2011-11-22 15:37:00,573,167.77166666666668,5,4,3,543,12,Loyal Customers
13239.0,262,5,1594.69,1151,2010-07-25 13:34:00,2011-03-23 10:25:00,241,318.938,2,4,4,244,10,At Risk High Value
13240.0,97,8,1699.8600000000001,840,2010-02-25 13:17:00,2011-09-04 14:08:00,556,212.48250000000002,3,4,4,344,11,Potential Loyalists
13241.0,412,1,112.53,46,2010-10-24 11:17:00,2010-10-24 11:17:00,0,112.53,1,1,1,111,3,Hibernating
13242.0,113,7,699.4,350,2010-02-09 13:12:00,2011-08-19 12:53:00,556,99.91428571428571,3,4,3,343,10,Potential Loyalists
13243.0,204,5,1220.38,554,2010-03-18 13:10:00,2011-05-20 13:14:00,428,244.07600000000002,2,4,3,243,9,At Risk
13244.0,93,1,121.74000000000001,38,2011-09-08 11:46:00,2011-09-08 11:46:00,0,121.74000000000001,3,1,1,311,5,Needs Attention
13245.0,51,2,989.22,371,2010-10-03 14:03:00,2011-10-20 11:40:00,382,494.61,4,2,3,423,9,New / Promising
13246.0,19,11,3351.75,2796,2010-07-02 13:36:00,2011-11-21 16:50:00,507,304.70454545454544,5,5,5,555,15,Champions
13247.0,18,4,501.12,328,2011-09-18 11:31:00,2011-11-22 10:59:00,65,125.28,5,3,2,532,10,Loyal Customers
13248.0,125,2,465.68,305,2011-06-03 13:05:00,2011-08-07 12:40:00,65,232.84,3,2,2,322,7,Needs Attention
13249.0,93,9,1608.9299999999998,1246,2010-01-24 12:11:00,2011-09-08 13:26:00,592,178.76999999999998,3,5,4,354,12,Potential Loyalists
13250.0,461,2,253.09,107,2010-07-25 14:01:00,2010-09-05 11:33:00,42,126.545,1,2,1,121,4,Hibernating
13251.0,403,1,252.68,215,2010-11-02 13:20:00,2010-11-02 13:20:00,0,252.68,2,1,1,211,4,Hibernating
13252.0,395,2,399.3,134,2010-03-24 10:30:00,2010-11-10 16:00:00,231,199.65,2,2,2,222,6,Hibernating
13253.0,157,4,2951.11,3015,2010-01-05 12:13:00,2011-07-06 10:09:00,547,737.7775,3,3,4,334,10,Potential Loyalists
13254.0,377,1,51.41,43,2010-11-28 15:42:00,2010-11-28 15:42:00,0,51.41,2,1,1,211,4,Hibernating
13255.0,10,3,904.46,517,2010-07-15 13:20:00,2011-11-30 13:14:00,503,301.4866666666667,5,3,3,533,11,Loyal Customers
13257.0,437,1,149.75,33,2010-09-29 14:58:00,2010-09-29 14:58:00,0,149.75,1,1,1,111,3,Hibernating
13258.0,12,5,1009.43,446,2010-11-04 12:45:00,2011-11-28 09:31:00,389,201.886,5,4,3,543,12,Loyal Customers
13259.0,62,9,1402.54,503,2010-01-10 10:26:00,2011-10-09 10:48:00,637,155.83777777777777,3,5,4,354,12,Potential Loyalists
13260.0,62,1,557.62,142,2011-10-09 13:21:00,2011-10-09 13:21:00,0,557.62,3,1,2,312,6,Needs Attention
13261.0,269,2,944.1,210,2011-02-27 10:41:00,2011-03-16 12:22:00,17,472.05,2,2,3,223,7,Hibernating
13262.0,264,3,573.45,247,2010-04-18 12:14:00,2011-03-21 15:06:00,337,191.15,2,3,2,232,7,At Risk
13263.0,2,39,8676.2,5372,2010-10-22 17:07:00,2011-12-08 13:59:00,412,222.4666666666667,5,5,5,555,15,Champions
13264.0,443,1,722.5600000000001,375,2010-09-23 12:42:00,2010-09-23 12:42:00,0,722.5600000000001,1,1,3,113,5,Hibernating
13265.0,54,5,2092.66,1740,2011-03-11 09:54:00,2011-10-17 15:02:00,220,418.532,4,4,4,444,12,Champions
13266.0,12,19,6135.04,6837,2009-12-17 10:52:00,2011-11-28 14:39:00,711,322.89684210526315,5,5,5,555,15,Champions
13267.0,3,36,9758.26,4104,2009-12-07 16:56:00,2011-12-07 11:12:00,730,271.0627777777778,5,5,5,555,15,Champions
13268.0,18,11,3174.75,3624,2011-03-17 13:20:00,2011-11-22 11:51:00,250,288.6136363636364,5,5,5,555,15,Champions
13269.0,2,28,8888.75,6563,2009-12-02 11:47:00,2011-12-08 14:53:00,736,317.45535714285717,5,5,5,555,15,Champions
13270.0,367,1,1180.0,400,2010-12-08 14:53:00,2010-12-08 14:53:00,0,1180.0,2,1,3,213,6,Hibernating
13271.0,38,1,211.49,240,2011-11-02 14:31:00,2011-11-02 14:31:00,0,211.49,4,1,1,411,6,New / Promising
13272.0,32,2,276.56,96,2011-09-11 12:06:00,2011-11-08 14:00:00,58,138.28,4,2,1,421,7,New / Promising
13273.0,114,1,138.98,153,2011-08-18 14:02:00,2011-08-18 14:02:00,0,138.98,3,1,1,311,5,Needs Attention
13274.0,410,1,360.85,199,2010-10-26 13:48:00,2010-10-26 13:48:00,0,360.85,2,1,2,212,5,Hibernating
13275.0,384,2,238.86,138,2010-03-17 14:05:00,2010-11-21 12:09:00,249,119.43,2,2,1,221,5,Hibernating
13276.0,64,5,1891.91,840,2010-03-07 14:05:00,2011-10-07 12:44:00,579,378.382,3,4,4,344,11,Potential Loyalists
13277.0,16,7,523.3,382,2010-06-18 08:45:00,2011-11-24 09:21:00,524,74.75714285714285,5,4,2,542,11,Loyal Customers
13278.0,41,4,1435.85,1358,2010-04-08 11:59:00,2011-10-30 11:49:00,570,358.9625,4,3,4,434,11,Loyal Customers
13279.0,79,1,137.75,73,2011-09-22 17:24:00,2011-09-22 17:24:00,0,137.75,3,1,1,311,5,Needs Attention
13280.0,123,7,2293.33,1489,2010-03-05 09:07:00,2011-08-09 13:14:00,522,327.61857142857144,3,4,4,344,11,Potential Loyalists
13281.0,440,1,350.85,201,2010-09-26 16:03:00,2010-09-26 16:03:00,0,350.85,1,1,2,112,4,Hibernating
13282.0,19,4,1313.19,410,2010-10-29 14:11:00,2011-11-21 15:33:00,388,328.2975,5,3,4,534,12,Loyal Customers
13283.0,60,4,373.36,204,2010-03-09 14:36:00,2011-10-11 09:50:00,581,93.34,3,3,2,332,8,Potential Loyalists
13284.0,331,1,201.19,91,2011-01-13 09:23:00,2011-01-13 09:23:00,0,201.19,2,1,1,211,4,Hibernating
13285.0,24,6,3364.59,2457,2010-03-25 14:26:00,2011-11-16 13:19:00,601,560.765,4,4,5,445,13,Champions
13286.0,601,1,734.91,274,2010-04-18 15:35:00,2010-04-18 15:35:00,0,734.91,1,1,3,113,5,Hibernating
13287.0,604,3,781.59,429,2010-01-04 10:43:00,2010-04-15 15:26:00,101,260.53000000000003,1,3,3,133,7,At Risk
13288.0,444,5,927.61,379,2010-02-11 14:59:00,2010-09-22 16:32:00,223,185.522,1,4,3,143,8,At Risk
13289.0,724,1,307.95,119,2009-12-16 11:53:00,2009-12-16 11:53:00,0,307.95,1,1,2,112,4,Hibernating
13290.0,439,1,208.63,1,2010-09-27 16:29:00,2010-09-27 16:29:00,0,208.63,1,1,1,111,3,Hibernating
13291.0,156,11,3270.79,1600,2010-02-11 18:36:00,2011-07-07 10:36:00,511,297.3445454545454,3,5,5,355,13,Potential Loyalists
13292.0,39,5,994.51,530,2010-07-01 14:36:00,2011-11-01 10:04:00,488,198.902,4,4,3,443,11,Loyal Customers
13293.0,393,6,1192.94,555,2010-02-09 12:05:00,2010-11-12 13:28:00,276,198.82333333333335,2,4,3,243,9,At Risk
13294.0,190,3,1689.53,996,2010-03-03 12:54:00,2011-06-03 08:54:00,457,563.1766666666666,3,3,4,334,10,Potential Loyalists
13295.0,360,4,1101.97,733,2010-05-12 09:13:00,2010-12-15 11:21:00,217,275.4925,2,3,3,233,8,At Risk
13296.0,138,6,792.51,653,2010-05-11 14:29:00,2011-07-25 13:46:00,440,132.085,3,4,3,343,10,Potential Loyalists
13297.0,8,7,4368.62,2694,2010-06-15 12:35:00,2011-12-02 09:32:00,535,624.0885714285714,5,4,5,545,14,Champions
13298.0,2,1,360.0,96,2011-12-08 13:11:00,2011-12-08 13:11:00,0,360.0,5,1,2,512,8,New / Promising
13299.0,269,3,1218.7,416,2010-06-29 11:30:00,2011-03-16 12:55:00,260,406.23333333333335,2,3,3,233,8,At Risk
13300.0,170,3,1285.51,455,2010-05-14 15:56:00,2011-06-23 13:09:00,405,428.50333333333333,3,3,4,334,10,Potential Loyalists
13301.0,104,4,618.09,345,2011-02-20 13:13:00,2011-08-28 11:25:00,189,154.5225,3,3,3,333,9,Potential Loyalists
13302.0,156,2,159.2,12,2010-07-01 12:32:00,2011-07-07 17:56:00,371,79.6,3,2,1,321,6,Needs Attention
13303.0,401,1,61.72,26,2010-11-04 14:55:00,2010-11-04 14:55:00,0,61.72,2,1,1,211,4,Hibernating
13304.0,352,4,1217.99,716,2010-02-08 12:42:00,2010-12-23 14:35:00,318,304.4975,2,3,3,233,8,At Risk
13305.0,5,16,3752.61,2360,2010-03-10 14:49:00,2011-12-05 15:15:00,635,234.538125,5,5,5,555,15,Champions
13306.0,431,1,53.65,74,2010-10-05 14:55:00,2010-10-05 14:55:00,0,53.65,1,1,1,111,3,Hibernating
13307.0,121,3,273.34,140,2010-04-26 13:28:00,2011-08-11 17:14:00,472,91.11333333333333,3,3,1,331,7,Potential Loyalists
13308.0,23,4,1670.3700000000001,1073,2010-04-22 09:22:00,2011-11-17 09:31:00,574,417.59250000000003,4,3,4,434,11,Loyal Customers
13309.0,8,6,1706.3700000000001,1914,2010-11-12 12:10:00,2011-12-02 16:34:00,385,284.39500000000004,5,4,4,544,13,Champions
13310.0,29,5,1541.2,816,2010-11-02 17:03:00,2011-11-11 17:23:00,374,308.24,4,4,4,444,12,Champions
13311.0,5,2,598.57,305,2011-07-12 14:26:00,2011-12-05 12:55:00,146,299.285,5,2,2,522,9,New / Promising
13312.0,452,1,124.75,41,2010-09-14 14:36:00,2010-09-14 14:36:00,0,124.75,1,1,1,111,3,Hibernating
13313.0,23,12,3445.32,2308,2009-12-02 16:18:00,2011-11-17 16:48:00,715,287.11,4,5,5,455,14,Champions
13314.0,2,3,775.94,560,2011-09-27 10:20:00,2011-12-08 12:29:00,72,258.6466666666667,5,3,3,533,11,Loyal Customers
13315.0,690,1,310.26000000000005,232,2010-01-19 15:34:00,2010-01-19 15:34:00,0,310.26000000000005,1,1,2,112,4,Hibernating
13316.0,38,10,12940.82,19931,2010-03-10 10:01:00,2011-11-02 13:40:00,602,1294.0819999999999,4,5,5,455,14,Champions
13317.0,67,19,6486.091,3149,2009-12-13 11:11:00,2011-10-04 13:35:00,660,341.3732105263158,3,5,5,355,13,Potential Loyalists
13318.0,2,3,640.76,304,2011-11-02 13:26:00,2011-12-08 18:51:00,36,213.58666666666667,5,3,3,533,11,Loyal Customers
13319.0,6,58,22082.5,9270,2009-12-06 14:46:00,2011-12-04 13:34:00,728,380.73275862068965,5,5,5,555,15,Champions
13320.0,79,6,2211.6,1509,2010-08-18 10:29:00,2011-09-22 18:07:00,400,368.59999999999997,3,4,4,344,11,Potential Loyalists
13321.0,73,2,567.36,372,2011-09-14 15:18:00,2011-09-28 15:24:00,14,283.68,3,2,2,322,7,Needs Attention
13322.0,18,1,199.48000000000002,117,2011-11-22 14:21:00,2011-11-22 14:21:00,0,199.48000000000002,5,1,1,511,7,New / Promising
13323.0,4,5,787.85,175,2011-09-16 13:23:00,2011-12-06 17:12:00,81,157.57,5,4,3,543,12,Loyal Customers
13324.0,37,18,10513.47,8448,2010-05-25 10:23:00,2011-11-03 16:28:00,527,584.0816666666666,4,5,5,455,14,Champions
13325.0,82,1,675.3,240,2011-09-19 10:36:00,2011-09-19 10:36:00,0,675.3,3,1,3,313,7,Needs Attention
13326.0,433,1,281.76,140,2010-10-03 16:00:00,2010-10-03 16:00:00,0,281.76,1,1,1,111,3,Hibernating
13327.0,39,20,9879.48,4479,2009-12-18 15:35:00,2011-11-01 10:21:00,683,493.974,4,5,5,455,14,Champions
13328.0,317,1,1308.48,680,2011-01-27 15:22:00,2011-01-27 15:22:00,0,1308.48,2,1,4,214,7,Hibernating
13329.0,32,8,5112.97,3486,2009-12-04 15:41:00,2011-11-08 10:29:00,704,639.12125,4,4,5,445,13,Champions
13330.0,93,6,2796.1,1951,2010-02-23 10:12:00,2011-09-08 12:27:00,562,466.01666666666665,3,4,4,344,11,Potential Loyalists
13331.0,402,1,262.4,54,2010-11-03 08:04:00,2010-11-03 08:04:00,0,262.4,2,1,1,211,4,Hibernating
13332.0,15,1,350.90000000000003,179,2011-11-25 13:30:00,2011-11-25 13:30:00,0,350.90000000000003,5,1,2,512,8,New / Promising
13333.0,412,3,1015.74,685,2010-02-19 09:26:00,2010-10-24 13:24:00,247,338.58,1,3,3,133,7,At Risk
13334.0,83,5,6201.8,3198,2010-02-25 12:21:00,2011-09-18 15:21:00,570,1240.3600000000001,3,4,5,345,12,Potential Loyalists
13336.0,78,1,795.12,559,2011-09-23 14:05:00,2011-09-23 14:05:00,0,795.12,3,1,3,313,7,Needs Attention
13337.0,547,1,1575.26,980,2010-06-11 13:27:00,2010-06-11 13:27:00,0,1575.26,1,1,4,114,6,Hibernating
13338.0,158,4,2445.62,1151,2010-01-05 12:25:00,2011-07-05 09:06:00,546,611.405,3,3,4,334,10,Potential Loyalists
13339.0,201,1,860.12,326,2011-05-23 08:31:00,2011-05-23 08:31:00,0,860.12,2,1,3,213,6,Hibernating
13340.0,46,12,22100.56,9636,2010-02-22 14:54:00,2011-10-25 13:15:00,610,1841.7133333333334,4,5,5,455,14,Champions
13341.0,261,1,775.85,301,2011-03-24 09:50:00,2011-03-24 09:50:00,0,775.85,2,1,3,213,6,Hibernating
13343.0,178,1,353.43,135,2011-06-15 12:24:00,2011-06-15 12:24:00,0,353.43,3,1,2,312,6,Needs Attention
13344.0,68,3,2511.69,952,2011-03-07 10:28:00,2011-10-03 09:45:00,210,837.23,3,3,4,334,10,Potential Loyalists
13345.0,288,1,389.5,141,2011-02-25 09:01:00,2011-02-25 09:01:00,0,389.5,2,1,2,212,5,Hibernating
13346.0,463,6,299.4,180,2010-04-22 12:34:00,2010-09-03 11:41:00,134,49.9,1,4,2,142,7,At Risk
13347.0,71,1,341.36,205,2011-09-30 13:28:00,2011-09-30 13:28:00,0,341.36,3,1,2,312,6,Needs Attention
13348.0,65,1,233.76000000000002,136,2011-10-06 17:28:00,2011-10-06 17:28:00,0,233.76000000000002,3,1,1,311,5,Needs Attention
13349.0,11,1,247.32,225,2011-11-29 08:07:00,2011-11-29 08:07:00,0,247.32,5,1,1,511,7,New / Promising
13350.0,17,2,979.12,287,2011-09-21 13:33:00,2011-11-23 16:33:00,63,489.56,5,2,3,523,10,New / Promising
13351.0,67,1,373.94,117,2011-10-04 12:55:00,2011-10-04 12:55:00,0,373.94,3,1,2,312,6,Needs Attention
13352.0,61,1,397.98,321,2011-10-10 13:55:00,2011-10-10 13:55:00,0,397.98,3,1,2,312,6,Needs Attention
13354.0,72,1,743.53,604,2011-09-29 13:17:00,2011-09-29 13:17:00,0,743.53,3,1,3,313,7,Needs Attention
13355.0,123,1,674.7,314,2011-08-09 14:48:00,2011-08-09 14:48:00,0,674.7,3,1,3,313,7,Needs Attention
13356.0,81,1,768.24,325,2011-09-20 14:33:00,2011-09-20 14:33:00,0,768.24,3,1,3,313,7,Needs Attention
13357.0,258,5,3805.51,2112,2010-03-22 14:30:00,2011-03-27 13:56:00,370,761.1020000000001,2,4,5,245,11,At Risk High Value
13358.0,269,1,439.03000000000003,285,2011-03-16 11:52:00,2011-03-16 11:52:00,0,439.03000000000003,2,1,2,212,5,Hibernating
13359.0,64,2,1043.31,381,2010-11-01 15:05:00,2011-10-07 09:30:00,340,521.655,3,2,3,323,8,Needs Attention
13360.0,432,4,1553.65,942,2010-01-08 11:16:00,2010-10-04 12:37:00,269,388.4125,1,3,4,134,8,At Risk
13361.0,473,2,1450.5,324,2010-04-01 07:49:00,2010-08-24 14:56:00,145,725.25,1,2,4,124,7,Hibernating
13362.0,10,7,5394.07,2481,2010-10-10 15:27:00,2011-11-30 14:41:00,416,770.5814285714285,5,4,5,545,14,Champions
13363.0,18,3,1723.8600000000001,1146,2010-10-26 11:07:00,2011-11-22 12:40:00,392,574.62,5,3,4,534,12,Loyal Customers
13364.0,72,1,134.96,71,2011-09-29 18:13:00,2011-09-29 18:13:00,0,134.96,3,1,1,311,5,Needs Attention
13365.0,34,2,2225.37,1247,2011-05-06 12:00:00,2011-11-06 12:36:00,184,1112.685,4,2,4,424,10,New / Promising
13366.0,51,1,56.16,144,2011-10-20 13:37:00,2011-10-20 13:37:00,0,56.16,4,1,1,411,6,New / Promising
13367.0,432,1,510.2,253,2010-10-04 10:00:00,2010-10-04 10:00:00,0,510.2,1,1,2,112,4,Hibernating
13368.0,257,4,1121.5,606,2010-10-12 10:43:00,2011-03-28 09:59:00,167,280.375,2,3,3,233,8,At Risk
13369.0,366,1,616.5600000000001,298,2010-12-09 11:30:00,2010-12-09 11:30:00,0,616.5600000000001,2,1,3,213,6,Hibernating
13370.0,372,1,1509.74,686,2010-12-03 10:26:00,2010-12-03 10:26:00,0,1509.74,2,1,4,214,7,Hibernating
13371.0,506,2,2297.66,1019,2010-03-17 15:29:00,2010-07-22 17:33:00,127,1148.83,1,2,4,124,7,Hibernating
13372.0,90,1,378.64,159,2011-09-11 12:46:00,2011-09-11 12:46:00,0,378.64,3,1,2,312,6,Needs Attention
13373.0,61,6,7587.1900000000005,4263,2009-12-06 12:34:00,2011-10-10 10:51:00,673,1264.5316666666668,3,4,5,345,12,Potential Loyalists
13374.0,415,2,422.8,135,2010-09-16 10:29:00,2010-10-21 10:04:00,35,211.4,1,2,2,122,5,Hibernating
13375.0,89,2,1792.23,1124,2010-09-21 08:12:00,2011-09-12 10:19:00,356,896.115,3,2,4,324,9,Needs Attention
13376.0,100,3,1019.76,493,2011-04-19 13:03:00,2011-09-01 16:16:00,135,339.92,3,3,3,333,9,Potential Loyalists
13377.0,397,2,1552.88,748,2010-03-04 10:06:00,2010-11-08 12:20:00,249,776.44,2,2,4,224,8,Hibernating
13379.0,27,3,572.56,601,2011-07-26 12:26:00,2011-11-13 13:45:00,110,190.85333333333332,4,3,2,432,9,Loyal Customers
13380.0,433,1,62.4,48,2010-10-03 10:18:00,2010-10-03 10:18:00,0,62.4,1,1,1,111,3,Hibernating
13381.0,32,12,8224.37,5125,2009-12-01 15:19:00,2011-11-08 11:58:00,707,685.3641666666667,4,5,5,455,14,Champions
13382.0,281,5,1387.58,863,2009-12-08 09:56:00,2011-03-04 10:03:00,451,277.51599999999996,2,4,4,244,10,At Risk High Value
13383.0,544,1,305.28000000000003,288,2010-06-14 11:45:00,2010-06-14 11:45:00,0,305.28000000000003,1,1,2,112,4,Hibernating
13384.0,31,11,6680.83,4142,2010-07-27 12:22:00,2011-11-09 11:04:00,470,607.3481818181818,4,5,5,455,14,Champions
13385.0,330,1,534.57,281,2011-01-14 09:52:00,2011-01-14 09:52:00,0,534.57,2,1,2,212,5,Hibernating
13386.0,415,2,835.46,514,2010-09-28 13:09:00,2010-10-21 12:52:00,23,417.73,1,2,3,123,6,Hibernating
13387.0,418,1,186.94,123,2010-10-18 14:07:00,2010-10-18 14:07:00,0,186.94,1,1,1,111,3,Hibernating
13388.0,132,3,1185.65,701,2010-04-15 10:18:00,2011-07-31 12:52:00,472,395.2166666666667,3,3,3,333,9,Potential Loyalists
13389.0,12,3,797.96,429,2011-04-21 12:12:00,2011-11-28 14:01:00,221,265.9866666666667,5,3,3,533,11,Loyal Customers
13390.0,75,1,544.08,224,2011-09-26 08:38:00,2011-09-26 08:38:00,0,544.08,3,1,2,312,6,Needs Attention
13391.0,204,1,59.8,4,2011-05-20 10:50:00,2011-05-20 10:50:00,0,59.8,2,1,1,211,4,Hibernating
13392.0,678,1,91.14,82,2010-01-31 13:34:00,2010-01-31 13:34:00,0,91.14,1,1,1,111,3,Hibernating
13393.0,584,4,1131.45,662,2009-12-07 18:12:00,2010-05-05 09:34:00,149,282.8625,1,3,3,133,7,At Risk
13394.0,2,19,6621.7,5354,2009-12-01 11:58:00,2011-12-08 11:36:00,737,348.5105263157895,5,5,5,555,15,Champions
13395.0,186,3,1180.23,1660,2010-10-14 13:00:00,2011-06-07 15:04:00,236,393.41,3,3,3,333,9,Potential Loyalists
13396.0,30,2,1360.99,600,2011-01-24 13:37:00,2011-11-10 16:59:00,290,680.495,4,2,4,424,10,New / Promising
13397.0,73,10,3191.87,1336,2010-01-20 09:50:00,2011-09-28 10:56:00,616,319.187,3,5,5,355,13,Potential Loyalists
13398.0,193,2,670.34,341,2010-09-17 09:34:00,2011-05-31 13:17:00,256,335.17,2,2,3,223,7,Hibernating
13399.0,465,3,275.4,120,2010-07-08 17:47:00,2010-09-01 13:59:00,55,91.8,1,3,1,131,5,At Risk
13400.0,583,1,310.83,284,2010-05-06 09:00:00,2010-05-06 09:00:00,0,310.83,1,1,2,112,4,Hibernating
13402.0,128,4,1535.13,1107,2010-05-24 10:56:00,2011-08-04 15:51:00,437,383.7825,3,3,4,334,10,Potential Loyalists
13403.0,18,3,229.5,114,2009-12-16 13:23:00,2011-11-22 08:28:00,706,76.5,5,3,1,531,9,Loyal Customers
13404.0,2,2,252.49,111,2011-05-11 11:57:00,2011-12-08 15:37:00,211,126.245,5,2,1,521,8,New / Promising
13405.0,75,6,1213.811,855,2009-12-15 14:13:00,2011-09-26 17:01:00,650,202.30183333333332,3,4,3,343,10,Potential Loyalists
13406.0,428,2,568.92,292,2010-03-18 07:29:00,2010-10-08 14:44:00,204,284.46,1,2,2,122,5,Hibernating
13407.0,579,3,2244.7,1690,2010-02-16 11:13:00,2010-05-10 12:41:00,83,748.2333333333332,1,3,4,134,8,At Risk
13408.0,2,106,51733.462,29499,2009-12-04 09:31:00,2011-12-08 09:05:00,734,488.0515283018868,5,5,5,555,15,Champions
13410.0,25,9,2201.96,1244,2009-12-08 13:43:00,2011-11-15 15:33:00,707,244.66222222222223,4,5,4,454,13,Champions
13411.0,108,1,213.55,72,2011-08-24 13:57:00,2011-08-24 13:57:00,0,213.55,3,1,1,311,5,Needs Attention
13412.0,621,1,487.35,176,2010-03-29 16:28:00,2010-03-29 16:28:00,0,487.35,1,1,2,112,4,Hibernating
13413.0,640,6,429.44,455,2010-01-21 17:43:00,2010-03-10 12:17:00,48,71.57333333333334,1,4,2,142,7,At Risk
13414.0,134,6,2494.14,2702,2010-04-15 17:00:00,2011-07-29 11:45:00,470,415.69,3,4,4,344,11,Potential Loyalists
13415.0,473,4,784.17,496,2009-12-11 14:20:00,2010-08-24 11:38:00,256,196.0425,1,3,3,133,7,At Risk
13416.0,44,3,940.8000000000001,208,2009-12-03 13:02:00,2011-10-27 08:56:00,693,313.6,4,3,3,433,10,Loyal Customers
13417.0,5,6,1669.49,532,2010-02-08 12:39:00,2011-12-05 08:49:00,665,278.24833333333333,5,4,4,544,13,Champions
13418.0,12,31,12182.9,7588,2009-12-11 12:51:00,2011-11-28 10:23:00,717,392.9967741935484,5,5,5,555,15,Champions
13419.0,64,1,221.06,275,2011-10-07 12:49:00,2011-10-07 12:49:00,0,221.06,3,1,1,311,5,Needs Attention
13420.0,150,2,159.85,101,2011-06-22 11:35:00,2011-07-13 08:48:00,21,79.925,3,2,1,321,6,Needs Attention
13421.0,41,8,4058.75,2351,2010-02-14 14:45:00,2011-10-30 14:21:00,623,507.34375,4,4,5,445,13,Champions
13422.0,65,1,2626.3,1326,2011-10-06 13:42:00,2011-10-06 13:42:00,0,2626.3,3,1,4,314,8,Needs Attention
13423.0,429,1,217.03,141,2010-10-07 09:02:00,2010-10-07 09:02:00,0,217.03,1,1,1,111,3,Hibernating
13424.0,450,1,572.77,529,2010-09-16 10:49:00,2010-09-16 10:49:00,0,572.77,1,1,2,112,4,Hibernating
13425.0,109,5,3390.4300000000003,2358,2010-05-09 14:35:00,2011-08-23 17:13:00,471,678.086,3,4,5,345,12,Potential Loyalists
13426.0,1,22,8167.38,4868,2009-12-09 15:16:00,2011-12-09 08:59:00,730,371.24454545454546,5,5,5,555,15,Champions
13427.0,20,6,1006.53,880,2009-12-17 13:44:00,2011-11-20 13:02:00,703,167.755,5,4,3,543,12,Loyal Customers
13428.0,11,3,478.54,356,2010-07-13 13:20:00,2011-11-29 14:20:00,504,159.51333333333335,5,3,2,532,10,Loyal Customers
13429.0,11,4,1006.8,1390,2011-09-25 15:59:00,2011-11-29 09:10:00,65,251.7,5,3,3,533,11,Loyal Customers
13430.0,19,2,679.45,751,2011-09-14 14:26:00,2011-11-21 08:19:00,68,339.725,5,2,3,523,10,New / Promising
13431.0,68,8,3316.2400000000002,1570,2010-02-18 11:53:00,2011-10-03 13:49:00,592,414.53000000000003,3,4,5,345,12,Potential Loyalists
13432.0,572,2,439.1,217,2010-04-06 14:42:00,2010-05-17 13:18:00,41,219.55,1,2,2,122,5,Hibernating
13433.0,502,4,658.32,190,2010-01-12 08:59:00,2010-07-26 16:55:00,195,164.58,1,3,3,133,7,At Risk
13434.0,75,5,1666.8600000000001,864,2010-02-22 09:54:00,2011-09-26 14:30:00,581,333.372,3,4,4,344,11,Potential Loyalists
13435.0,6,9,4447.33,2754,2010-07-27 16:56:00,2011-12-04 14:45:00,495,494.1477777777778,5,5,5,555,15,Champions
13436.0,2,1,196.89,76,2011-12-08 10:33:00,2011-12-08 10:33:00,0,196.89,5,1,1,511,7,New / Promising
13437.0,15,7,3408.06,1283,2011-06-02 14:30:00,2011-11-25 14:00:00,176,486.86571428571426,5,4,5,545,14,Champions
13438.0,548,1,46.5,10,2010-06-10 18:46:00,2010-06-10 18:46:00,0,46.5,1,1,1,111,3,Hibernating
13439.0,256,3,986.61,952,2010-07-01 14:36:00,2011-03-29 14:20:00,271,328.87,2,3,3,233,8,At Risk
13440.0,424,7,1295.25,573,2010-09-14 10:34:00,2010-10-12 13:11:00,28,185.03571428571428,1,4,4,144,9,At Risk High Value
13441.0,92,2,720.9,520,2010-10-04 10:38:00,2011-09-09 09:38:00,340,360.45,3,2,3,323,8,Needs Attention
13442.0,668,3,419.87,115,2009-12-01 14:59:00,2010-02-10 14:03:00,71,139.95666666666668,1,3,2,132,6,At Risk
13443.0,449,6,1273.16,805,2010-01-31 13:30:00,2010-09-17 12:31:00,229,212.19333333333336,1,4,4,144,9,At Risk High Value
13444.0,375,2,619.08,331,2010-07-21 14:34:00,2010-11-30 13:02:00,132,309.54,2,2,3,223,7,Hibernating
13445.0,627,1,241.89999999999998,198,2010-03-23 15:34:00,2010-03-23 15:34:00,0,241.89999999999998,1,1,1,111,3,Hibernating
13446.0,431,11,3881.89,2403,2010-02-14 11:52:00,2010-10-05 18:51:00,233,352.8990909090909,1,5,5,155,11,At Risk High Value
13447.0,24,3,1129.14,584,2011-11-04 10:10:00,2011-11-16 13:38:00,12,376.38000000000005,4,3,3,433,10,Loyal Customers
13448.0,17,13,9189.89,4357,2009-12-06 12:14:00,2011-11-23 12:33:00,717,706.9146153846153,5,5,5,555,15,Champions
13449.0,24,1,291.88,222,2011-11-16 08:28:00,2011-11-16 08:28:00,0,291.88,4,1,2,412,7,New / Promising
13450.0,27,13,4120.04,4318,2010-04-15 19:15:00,2011-11-13 11:54:00,577,316.92615384615385,4,5,5,455,14,Champions
13451.0,27,11,7090.06,5229,2010-03-21 16:13:00,2011-11-13 15:58:00,602,644.5509090909092,4,5,5,455,14,Champions
13452.0,260,3,729.8,6,2010-08-24 09:53:00,2011-03-25 14:19:00,213,243.26666666666665,2,3,3,233,8,At Risk
13453.0,166,3,781.69,341,2010-11-02 13:23:00,2011-06-27 09:34:00,237,260.56333333333333,3,3,3,333,9,Potential Loyalists
13454.0,642,1,219.87,198,2010-03-08 14:40:00,2010-03-08 14:40:00,0,219.87,1,1,1,111,3,Hibernating
13455.0,25,6,2905.93,985,2009-12-09 08:58:00,2011-11-15 11:21:00,706,484.32166666666666,4,4,4,444,12,Champions
13456.0,18,6,1766.72,765,2011-05-16 15:34:00,2011-11-22 09:18:00,190,294.4533333333333,5,4,4,544,13,Champions
13457.0,689,2,148.22,96,2009-12-02 12:46:00,2010-01-20 08:48:00,49,74.11,1,2,1,121,4,Hibernating
13458.0,8,16,11959.27,6760,2010-11-16 14:01:00,2011-12-02 15:29:00,381,747.454375,5,5,5,555,15,Champions
13459.0,625,2,1160.41,986,2010-01-26 13:35:00,2010-03-25 10:24:00,58,580.205,1,2,3,123,6,Hibernating
13460.0,30,2,183.44,286,2011-10-21 09:50:00,2011-11-10 17:17:00,20,91.72,4,2,1,421,7,New / Promising
13461.0,39,6,4160.0,3132,2010-04-21 16:01:00,2011-11-01 09:01:00,559,693.3333333333334,4,4,5,445,13,Champions
13462.0,253,5,1153.8500000000001,697,2009-12-14 09:48:00,2011-04-01 11:20:00,473,230.77000000000004,2,4,3,243,9,At Risk
13464.0,59,6,3097.64,1440,2010-03-31 15:22:00,2011-10-12 15:01:00,560,516.2733333333333,4,4,5,445,13,Champions
13465.0,447,2,931.12,584,2010-05-02 15:30:00,2010-09-19 15:13:00,140,465.56,1,2,3,123,6,Hibernating
13466.0,185,5,1013.35,660,2010-03-21 13:50:00,2011-06-08 16:39:00,444,202.67000000000002,3,4,3,343,10,Potential Loyalists
13467.0,11,2,1071.91,580,2011-11-03 16:56:00,2011-11-29 10:01:00,26,535.955,5,2,3,523,10,New / Promising
13468.0,2,72,13375.51,5812,2009-12-03 13:32:00,2011-12-08 10:39:00,735,185.7709722222222,5,5,5,555,15,Champions
13469.0,654,1,82.4,52,2010-02-24 15:03:00,2010-02-24 15:03:00,0,82.4,1,1,1,111,3,Hibernating
13470.0,100,2,165.0,100,2011-08-16 17:06:00,2011-09-01 14:57:00,16,82.5,3,2,1,321,6,Needs Attention
13471.0,2,4,2501.84,1583,2011-10-23 13:10:00,2011-12-08 15:44:00,46,625.46,5,3,4,534,12,Loyal Customers
13472.0,464,2,592.24,310,2010-06-02 09:48:00,2010-09-02 09:41:00,92,296.12,1,2,2,122,5,Hibernating
13473.0,61,8,2657.76,1000,2009-12-15 19:02:00,2011-10-10 11:20:00,664,332.22,3,4,4,344,11,Potential Loyalists
13474.0,237,3,646.59,318,2010-08-01 14:40:00,2011-04-17 13:53:00,259,215.53,2,3,3,233,8,At Risk
13475.0,192,4,1431.78,1012,2011-02-14 12:36:00,2011-06-01 13:52:00,107,357.945,2,3,4,234,9,At Risk
13476.0,179,5,2061.4700000000003,713,2010-03-05 09:39:00,2011-06-14 12:00:00,466,412.29400000000004,3,4,4,344,11,Potential Loyalists
13477.0,38,11,2819.17,2091,2010-01-25 11:52:00,2011-11-02 12:04:00,646,256.28818181818184,4,5,4,454,13,Champions
13478.0,470,5,2215.78,1189,2010-01-31 15:51:00,2010-08-27 13:23:00,208,443.15600000000006,1,4,4,144,9,At Risk High Value
13479.0,201,4,851.37,716,2010-08-19 16:18:00,2011-05-23 10:45:00,277,212.8425,2,3,3,233,8,At Risk
13480.0,417,2,627.82,362,2010-01-29 12:35:00,2010-10-19 11:53:00,263,313.91,1,2,3,123,6,Hibernating
13481.0,46,11,3830.84,2055,2009-12-04 12:37:00,2011-10-25 09:07:00,690,348.2581818181818,4,5,5,455,14,Champions
13482.0,233,2,336.09,187,2010-03-22 10:31:00,2011-04-21 17:03:00,395,168.045,2,2,2,222,6,Hibernating
13483.0,66,1,140.34,160,2011-10-05 11:53:00,2011-10-05 11:53:00,0,140.34,3,1,1,311,5,Needs Attention
13484.0,242,3,790.72,224,2010-03-10 11:46:00,2011-04-12 16:30:00,398,263.5733333333333,2,3,3,233,8,At Risk
13485.0,234,11,3019.2200000000003,1798,2009-12-03 13:46:00,2011-04-20 13:58:00,503,274.4745454545455,2,5,5,255,12,At Risk High Value
13486.0,79,3,1122.41,669,2011-07-07 17:19:00,2011-09-22 13:13:00,77,374.1366666666667,3,3,3,333,9,Potential Loyalists
13487.0,58,5,846.87,362,2009-12-05 10:25:00,2011-10-13 12:07:00,677,169.374,4,4,3,443,11,Loyal Customers
13488.0,18,23,15587.880000000001,7891,2010-01-25 10:13:00,2011-11-22 14:41:00,666,677.7339130434783,5,5,5,555,15,Champions
13489.0,106,4,449.52,560,2011-02-18 10:42:00,2011-08-26 13:16:00,189,112.38,3,3,2,332,8,Potential Loyalists
13490.0,655,1,154.25,25,2010-02-23 14:48:00,2010-02-23 14:48:00,0,154.25,1,1,1,111,3,Hibernating
13491.0,52,27,4566.56,2385,2009-12-07 08:24:00,2011-10-19 08:32:00,681,169.13185185185188,4,5,5,455,14,Champions
13492.0,137,3,1269.84,408,2011-05-09 10:06:00,2011-07-26 14:25:00,78,423.28,3,3,4,334,10,Potential Loyalists
13493.0,276,2,618.63,380,2011-02-25 16:42:00,2011-03-09 15:35:00,12,309.315,2,2,3,223,7,Hibernating
13494.0,312,1,316.26000000000005,162,2011-02-01 11:58:00,2011-02-01 11:58:00,0,316.26000000000005,2,1,2,212,5,Hibernating
13495.0,8,10,5374.26,2674,2009-12-07 12:12:00,2011-12-02 11:21:00,725,537.426,5,5,5,555,15,Champions
13496.0,11,2,653.33,341,2010-12-15 10:17:00,2011-11-29 10:58:00,349,326.665,5,2,3,523,10,New / Promising
13497.0,283,6,1320.3300000000002,579,2010-02-08 10:27:00,2011-03-02 09:04:00,387,220.05500000000004,2,4,4,244,10,At Risk High Value
13498.0,731,1,327.38,362,2009-12-09 15:26:00,2009-12-09 15:26:00,0,327.38,1,1,2,112,4,Hibernating
13499.0,18,5,1159.1100000000001,1365,2011-03-15 08:52:00,2011-11-22 11:21:00,252,231.82200000000003,5,4,3,543,12,Loyal Customers
13500.0,24,4,1466.3,838,2010-11-03 13:16:00,2011-11-16 15:35:00,378,366.575,4,3,4,434,11,Loyal Customers
13501.0,289,3,2885.11,1253,2010-05-18 13:24:00,2011-02-24 18:59:00,282,961.7033333333334,2,3,4,234,9,At Risk
13502.0,17,5,780.5,490,2010-06-09 10:52:00,2011-11-23 10:39:00,532,156.1,5,4,3,543,12,Loyal Customers
13503.0,72,6,1859.24,1105,2010-02-16 13:49:00,2011-09-29 13:23:00,590,309.87333333333333,3,4,4,344,11,Potential Loyalists
13504.0,65,1,295.93,178,2011-10-06 13:20:00,2011-10-06 13:20:00,0,295.93,3,1,2,312,6,Needs Attention
13505.0,73,4,4393.63,2486,2011-04-21 12:07:00,2011-09-28 11:56:00,160,1098.4075,3,3,5,335,11,Potential Loyalists
13506.0,317,5,1639.2,1174,2010-09-05 12:33:00,2011-01-27 13:53:00,144,327.84000000000003,2,4,4,244,10,At Risk High Value
13507.0,4,4,2479.16,1597,2011-07-17 11:50:00,2011-12-06 13:13:00,142,619.79,5,3,4,534,12,Loyal Customers
13508.0,244,2,287.05,180,2010-03-07 11:58:00,2011-04-10 11:58:00,399,143.525,2,2,1,221,5,Hibernating
13509.0,9,8,1114.72,1214,2010-07-20 12:10:00,2011-12-01 10:10:00,499,139.34,5,4,3,543,12,Loyal Customers
13510.0,2,11,4558.29,3044,2009-12-21 11:53:00,2011-12-08 13:46:00,717,414.39,5,5,5,555,15,Champions
13511.0,677,1,282.76,60,2010-02-01 12:10:00,2010-02-01 12:10:00,0,282.76,1,1,1,111,3,Hibernating
13512.0,261,4,713.39,419,2010-05-05 13:22:00,2011-03-24 10:03:00,323,178.3475,2,3,3,233,8,At Risk
13513.0,127,3,824.59,364,2010-02-22 16:36:00,2011-08-05 11:50:00,529,274.86333333333334,3,3,3,333,9,Potential Loyalists
13514.0,74,4,815.9000000000001,288,2010-01-26 15:11:00,2011-09-27 09:39:00,609,203.97500000000002,3,3,3,333,9,Potential Loyalists
13515.0,73,6,1265.82,819,2010-03-05 11:58:00,2011-09-28 11:26:00,572,210.97,3,4,4,344,11,Potential Loyalists
13516.0,22,4,1685.26,1114,2010-10-18 08:52:00,2011-11-18 13:15:00,396,421.315,4,3,4,434,11,Loyal Customers
13517.0,60,3,2128.42,1369,2011-06-13 08:44:00,2011-10-11 11:43:00,120,709.4733333333334,3,3,4,334,10,Potential Loyalists
13518.0,86,1,627.16,382,2011-09-15 10:29:00,2011-09-15 10:29:00,0,627.16,3,1,3,313,7,Needs Attention
13519.0,79,2,343.21,133,2010-09-23 11:45:00,2011-09-22 18:24:00,364,171.605,3,2,2,322,7,Needs Attention
13520.0,59,11,6909.4,3289,2009-12-17 11:11:00,2011-10-12 10:20:00,664,628.1272727272727,4,5,5,455,14,Champions
13521.0,2,3,1071.73,718,2011-11-29 15:09:00,2011-12-08 13:50:00,9,357.24333333333334,5,3,3,533,11,Loyal Customers
13522.0,31,1,125.80000000000001,44,2011-11-09 15:11:00,2011-11-09 15:11:00,0,125.80000000000001,4,1,1,411,6,New / Promising
13523.0,34,6,5101.52,2354,2010-11-02 14:55:00,2011-11-06 15:11:00,369,850.2533333333334,4,4,5,445,13,Champions
13524.0,41,5,680.1800000000001,324,2011-05-04 12:26:00,2011-10-30 12:34:00,179,136.036,4,4,3,443,11,Loyal Customers
13525.0,15,2,628.78,394,2011-04-05 15:36:00,2011-11-25 12:01:00,234,314.39,5,2,3,523,10,New / Promising
13526.0,739,2,1182.0,1911,2009-12-01 12:56:00,2009-12-01 13:13:00,0,591.0,1,2,3,123,6,Hibernating
13527.0,34,12,4541.29,2736,2010-01-21 12:37:00,2011-11-06 12:04:00,654,378.44083333333333,4,5,5,455,14,Champions
13529.0,79,2,307.76,74,2011-05-19 11:50:00,2011-09-22 09:15:00,126,153.88,3,2,2,322,7,Needs Attention
13530.0,635,1,402.98,272,2010-03-15 14:10:00,2010-03-15 14:10:00,0,402.98,1,1,2,112,4,Hibernating
13531.0,206,6,1738.52,600,2009-12-03 15:20:00,2011-05-18 16:56:00,531,289.75333333333333,2,4,4,244,10,At Risk High Value
13532.0,34,1,210.31,129,2011-11-06 12:25:00,2011-11-06 12:25:00,0,210.31,4,1,1,411,6,New / Promising
13533.0,183,3,269.09,202,2011-03-17 12:47:00,2011-06-10 11:54:00,85,89.69666666666666,3,3,1,331,7,Potential Loyalists
13534.0,3,35,7720.900000000001,3869,2010-07-07 15:00:00,2011-12-07 14:52:00,518,220.59714285714287,5,5,5,555,15,Champions
13535.0,403,1,89.5,10,2010-11-02 11:49:00,2010-11-02 11:49:00,0,89.5,2,1,1,211,4,Hibernating
13536.0,2,7,3444.39,2126,2011-09-25 13:30:00,2011-12-08 16:38:00,74,492.05571428571426,5,4,5,545,14,Champions
13537.0,426,2,717.85,337,2010-09-14 10:41:00,2010-10-10 12:45:00,26,358.925,1,2,3,123,6,Hibernating
13538.0,44,12,3103.13,959,2010-02-02 12:47:00,2011-10-27 16:34:00,632,258.5941666666667,4,5,5,455,14,Champions
13539.0,86,7,1569.36,710,2010-04-28 12:04:00,2011-09-15 10:18:00,505,224.1942857142857,3,4,4,344,11,Potential Loyalists
13540.0,468,3,632.39,189,2010-02-22 09:22:00,2010-08-29 14:20:00,188,210.79666666666665,1,3,3,133,7,At Risk
13541.0,428,2,785.25,279,2010-05-18 16:15:00,2010-10-08 16:37:00,143,392.625,1,2,3,123,6,Hibernating
13542.0,377,17,3959.4900000000002,804,2009-12-10 19:53:00,2010-11-28 11:24:00,353,232.91117647058826,2,5,5,255,12,At Risk High Value
13543.0,635,2,1439.61,329,2010-01-21 14:30:00,2010-03-15 13:34:00,53,719.805,1,2,4,124,7,Hibernating
13544.0,40,6,790.2,331,2010-03-05 11:31:00,2011-10-31 11:57:00,605,131.70000000000002,4,4,3,443,11,Loyal Customers
13545.0,391,2,364.93,252,2010-06-13 11:49:00,2010-11-14 11:27:00,154,182.465,2,2,2,222,6,Hibernating
13546.0,13,5,1086.24,587,2010-10-11 17:23:00,2011-11-27 14:50:00,412,217.248,5,4,3,543,12,Loyal Customers
13547.0,409,1,167.08,79,2010-10-27 14:14:00,2010-10-27 14:14:00,0,167.08,2,1,1,211,4,Hibernating
13548.0,97,3,901.44,558,2010-08-25 13:44:00,2011-09-04 14:50:00,375,300.48,3,3,3,333,9,Potential Loyalists
13549.0,26,8,1005.8000000000001,554,2010-11-17 12:17:00,2011-11-14 09:20:00,362,125.72500000000001,4,4,3,443,11,Loyal Customers
13550.0,384,1,342.55,430,2010-11-21 15:24:00,2010-11-21 15:24:00,0,342.55,2,1,2,212,5,Hibernating
13551.0,320,2,244.2,36,2010-02-11 15:01:00,2011-01-24 14:46:00,347,122.1,2,2,1,221,5,Hibernating
13552.0,67,22,6948.92,2630,2010-02-19 13:28:00,2011-10-04 15:19:00,592,315.86,3,5,5,355,13,Potential Loyalists
13553.0,675,1,499.6,201,2010-02-03 12:21:00,2010-02-03 12:21:00,0,499.6,1,1,2,112,4,Hibernating
13554.0,381,7,1629.35,578,2010-09-19 12:39:00,2010-11-24 15:05:00,66,232.7642857142857,2,4,4,244,10,At Risk High Value
13555.0,74,13,8891.84,4762,2010-01-19 13:20:00,2011-09-27 12:36:00,616,683.9876923076923,3,5,5,355,13,Potential Loyalists
13556.0,430,2,200.82,134,2010-09-30 09:01:00,2010-10-06 16:44:00,6,100.41,1,2,1,121,4,Hibernating
13557.0,29,13,3032.26,2398,2009-12-08 17:41:00,2011-11-11 15:24:00,703,233.25076923076924,4,5,5,455,14,Champions
13558.0,6,4,594.52,338,2011-10-02 13:01:00,2011-12-04 11:24:00,63,148.63,5,3,2,532,10,Loyal Customers
13559.0,513,2,990.0,360,2010-06-14 11:52:00,2010-07-15 09:52:00,31,495.0,1,2,3,123,6,Hibernating
13560.0,8,1,171.42000000000002,63,2011-12-02 13:11:00,2011-12-02 13:11:00,0,171.42000000000002,5,1,1,511,7,New / Promising
13561.0,216,11,1803.4,1125,2010-02-28 13:42:00,2011-05-08 12:39:00,434,163.94545454545457,2,5,4,254,11,At Risk High Value
13562.0,82,8,4838.18,1603,2010-01-14 16:33:00,2011-09-19 10:51:00,613,604.7725,3,4,5,345,12,Potential Loyalists
13563.0,85,2,777.53,209,2011-07-22 17:21:00,2011-09-16 14:45:00,56,388.765,3,2,3,323,8,Needs Attention
13564.0,145,37,17035.02,9133,2009-12-02 11:55:00,2011-07-18 14:33:00,593,460.405945945946,3,5,5,355,13,Potential Loyalists
13565.0,20,3,414.8,260,2010-10-24 15:51:00,2011-11-20 14:33:00,392,138.26666666666668,5,3,2,532,10,Loyal Customers
13566.0,41,5,1688.6,1257,2010-03-10 12:22:00,2011-10-30 11:59:00,599,337.71999999999997,4,4,4,444,12,Champions
13567.0,429,4,1079.29,643,2010-06-16 12:48:00,2010-10-07 12:51:00,113,269.8225,1,3,3,133,7,At Risk
13568.0,174,1,187.05,66,2011-06-19 14:42:00,2011-06-19 14:42:00,0,187.05,3,1,1,311,5,Needs Attention
13569.0,18,4,836.36,388,2010-10-07 13:05:00,2011-11-22 13:07:00,411,209.09,5,3,3,533,11,Loyal Customers
13570.0,244,1,239.49,161,2011-04-10 13:36:00,2011-04-10 13:36:00,0,239.49,2,1,1,211,4,Hibernating
13571.0,13,26,4537.26,3191,2009-12-08 13:02:00,2011-11-27 10:47:00,719,174.51000000000002,5,5,5,555,15,Champions
13572.0,206,1,1384.25,534,2011-05-18 11:59:00,2011-05-18 11:59:00,0,1384.25,2,1,4,214,7,Hibernating
13573.0,51,6,904.52,647,2010-03-12 16:06:00,2011-10-20 14:33:00,587,150.75333333333333,4,4,3,443,11,Loyal Customers
13574.0,412,1,404.45,304,2010-10-24 13:28:00,2010-10-24 13:28:00,0,404.45,1,1,2,112,4,Hibernating
13575.0,24,5,732.07,449,2011-06-16 14:24:00,2011-11-16 13:14:00,153,146.41400000000002,4,4,3,443,11,Loyal Customers
13576.0,11,28,11551.74,4614,2009-12-08 15:12:00,2011-11-29 15:34:00,721,412.5621428571429,5,5,5,555,15,Champions
13577.0,26,11,3489.28,1661,2009-12-14 16:10:00,2011-11-14 15:19:00,700,317.20727272727277,4,5,5,455,14,Champions
13578.0,410,1,147.66,127,2010-10-26 13:44:00,2010-10-26 13:44:00,0,147.66,2,1,1,211,4,Hibernating
13579.0,15,5,1539.04,764,2010-02-18 13:53:00,2011-11-25 08:41:00,645,307.808,5,4,4,544,13,Champions
13580.0,407,1,107.75,45,2010-10-29 15:01:00,2010-10-29 15:01:00,0,107.75,2,1,1,211,4,Hibernating
13581.0,310,2,280.53000000000003,119,2010-10-21 16:30:00,2011-02-03 14:41:00,105,140.26500000000001,2,2,1,221,5,Hibernating
13582.0,390,2,241.68,106,2010-04-01 11:38:00,2010-11-15 11:34:00,228,120.84,2,2,1,221,5,Hibernating
13583.0,156,2,1445.031,1097,2010-01-29 13:53:00,2011-07-07 10:40:00,524,722.5155,3,2,4,324,9,Needs Attention
13584.0,307,3,385.7,360,2010-02-02 08:40:00,2011-02-06 12:49:00,369,128.56666666666666,2,3,2,232,7,At Risk
13585.0,531,3,684.54,1386,2009-12-01 14:56:00,2010-06-27 12:33:00,208,228.17999999999998,1,3,3,133,7,At Risk
13586.0,542,1,127.28,38,2010-06-16 13:47:00,2010-06-16 13:47:00,0,127.28,1,1,1,111,3,Hibernating
13587.0,64,4,1673.5,664,2010-02-14 13:17:00,2011-10-07 12:31:00,600,418.375,3,3,4,334,10,Potential Loyalists
13588.0,16,9,2478.95,2606,2011-03-29 15:53:00,2011-11-24 10:42:00,240,275.43888888888887,5,5,4,554,14,Champions
13589.0,15,6,1120.74,293,2009-12-06 10:26:00,2011-11-25 12:10:00,719,186.79,5,4,3,543,12,Loyal Customers
13590.0,12,18,6336.04,5271,2009-12-01 13:37:00,2011-11-28 12:54:00,727,352.0022222222222,5,5,5,555,15,Champions
13591.0,65,7,2093.94,850,2009-12-14 15:44:00,2011-10-06 12:26:00,661,299.13428571428574,3,4,4,344,11,Potential Loyalists
13592.0,36,4,247.95999999999998,84,2011-03-20 14:01:00,2011-11-04 09:49:00,229,61.989999999999995,4,3,1,431,8,Loyal Customers
13593.0,109,14,5493.29,2170,2010-03-02 16:36:00,2011-08-23 13:35:00,539,392.3778571428571,3,5,5,355,13,Potential Loyalists
13594.0,53,2,533.32,396,2010-08-11 10:23:00,2011-10-18 10:19:00,433,266.66,4,2,2,422,8,New / Promising
13595.0,517,3,784.48,341,2010-03-03 14:42:00,2010-07-11 12:36:00,130,261.49333333333334,1,3,3,133,7,At Risk
13596.0,6,2,664.11,384,2011-11-27 11:57:00,2011-12-04 12:01:00,7,332.055,5,2,3,523,10,New / Promising
13597.0,401,2,396.71,231,2010-11-02 09:30:00,2010-11-04 14:54:00,2,198.355,2,2,2,222,6,Hibernating
13598.0,48,5,761.96,393,2010-02-26 11:22:00,2011-10-23 14:28:00,604,152.392,4,4,3,443,11,Loyal Customers
13599.0,2,33,10163.880000000001,6493,2009-12-01 12:30:00,2011-12-08 16:10:00,737,307.99636363636364,5,5,5,555,15,Champions
13600.0,313,2,518.42,599,2010-03-15 17:16:00,2011-01-31 15:27:00,322,259.21,2,2,2,222,6,Hibernating
13601.0,46,4,1159.99,957,2010-06-11 15:03:00,2011-10-25 17:31:00,501,289.9975,4,3,3,433,10,Loyal Customers
13602.0,65,4,1025.17,538,2010-05-28 11:49:00,2011-10-06 11:47:00,496,256.2925,3,3,3,333,9,Potential Loyalists
13603.0,27,1,164.34,164,2011-11-13 15:57:00,2011-11-13 15:57:00,0,164.34,4,1,1,411,6,New / Promising
13604.0,659,1,717.62,242,2010-02-19 12:02:00,2010-02-19 12:02:00,0,717.62,1,1,3,113,5,Hibernating
13605.0,388,2,522.67,425,2010-05-17 15:46:00,2010-11-17 17:16:00,184,261.335,2,2,2,222,6,Hibernating
13606.0,30,3,276.75,276,2011-02-01 11:42:00,2011-11-10 17:46:00,282,92.25,4,3,1,431,8,Loyal Customers
13607.0,41,2,1075.81,466,2010-11-02 11:48:00,2011-10-30 16:17:00,362,537.905,4,2,3,423,9,New / Promising
13608.0,541,1,232.05,110,2010-06-17 12:28:00,2010-06-17 12:28:00,0,232.05,1,1,1,111,3,Hibernating
13609.0,594,1,167.35,19,2010-04-25 13:26:00,2010-04-25 13:26:00,0,167.35,1,1,1,111,3,Hibernating
13610.0,13,14,2103.71,869,2010-01-05 14:12:00,2011-11-27 15:38:00,691,150.26500000000001,5,5,4,554,14,Champions
13611.0,90,10,3297.9300000000003,1988,2009-12-03 07:57:00,2011-09-11 14:51:00,647,329.793,3,5,5,355,13,Potential Loyalists
13612.0,633,1,818.29,444,2010-03-17 12:14:00,2010-03-17 12:14:00,0,818.29,1,1,3,113,5,Hibernating
13613.0,453,5,1039.8500000000001,445,2010-02-17 12:40:00,2010-09-13 12:01:00,208,207.97000000000003,1,4,3,143,8,At Risk
13614.0,25,6,2332.74,821,2010-06-06 13:42:00,2011-11-15 14:47:00,527,388.78999999999996,4,4,4,444,12,Champions
13615.0,319,8,6272.53,2910,2010-01-28 15:43:00,2011-01-25 08:21:00,362,784.06625,2,4,5,245,11,At Risk High Value
13616.0,569,2,283.85,172,2010-01-17 14:56:00,2010-05-20 12:59:00,123,141.925,1,2,1,121,4,Hibernating
13617.0,41,8,1278.75,593,2010-08-01 15:23:00,2011-10-30 13:50:00,455,159.84375,4,4,4,444,12,Champions
13618.0,174,1,177.34,246,2011-06-19 11:09:00,2011-06-19 11:09:00,0,177.34,3,1,1,311,5,Needs Attention
13619.0,545,2,224.94,79,2010-02-03 14:16:00,2010-06-13 11:39:00,130,112.47,1,2,1,121,4,Hibernating
13620.0,529,1,112.34,74,2010-06-29 15:02:00,2010-06-29 15:02:00,0,112.34,1,1,1,111,3,Hibernating
13621.0,117,1,213.85,343,2011-08-15 08:26:00,2011-08-15 08:26:00,0,213.85,3,1,1,311,5,Needs Attention
13622.0,697,1,658.95,379,2010-01-12 13:22:00,2010-01-12 13:22:00,0,658.95,1,1,3,113,5,Hibernating
13623.0,31,10,2533.06,1010,2009-12-02 13:57:00,2011-11-09 12:00:00,707,253.30599999999998,4,5,4,454,13,Champions
13624.0,389,1,462.08,820,2010-11-16 13:43:00,2010-11-16 13:43:00,0,462.08,2,1,2,212,5,Hibernating
13625.0,597,1,301.26,144,2010-04-22 10:50:00,2010-04-22 10:50:00,0,301.26,1,1,2,112,4,Hibernating
13626.0,253,2,707.04,398,2010-11-25 16:12:00,2011-04-01 10:05:00,127,353.52,2,2,3,223,7,Hibernating
13627.0,60,7,2245.9,1632,2010-03-09 14:03:00,2011-10-11 14:20:00,581,320.84285714285716,3,4,4,344,11,Potential Loyalists
13628.0,677,1,310.14,106,2010-02-01 14:44:00,2010-02-01 14:44:00,0,310.14,1,1,2,112,4,Hibernating
13629.0,24,19,13370.86,7722,2010-02-11 17:34:00,2011-11-16 13:21:00,643,703.7294736842106,4,5,5,455,14,Champions
13630.0,6,7,2031.78,1391,2011-02-27 12:49:00,2011-12-04 15:16:00,280,290.2542857142857,5,4,4,544,13,Champions
13631.0,100,11,3070.42,467,2011-03-17 17:13:00,2011-09-01 09:57:00,168,279.1290909090909,3,5,5,355,13,Potential Loyalists
13632.0,25,8,3645.81,1633,2010-04-07 10:59:00,2011-11-15 10:51:00,587,455.72625,4,4,5,445,13,Champions
13634.0,34,16,5033.77,2090,2010-01-10 14:26:00,2011-11-06 13:40:00,665,314.610625,4,5,5,455,14,Champions
13635.0,68,4,2999.16,1884,2009-12-01 09:46:00,2011-10-03 10:55:00,671,749.79,3,3,5,335,11,Potential Loyalists
13636.0,37,5,949.12,592,2011-02-27 14:29:00,2011-11-03 10:30:00,249,189.824,4,4,3,443,11,Loyal Customers
13637.0,53,3,804.3,405,2011-04-27 13:06:00,2011-10-18 13:32:00,174,268.09999999999997,4,3,3,433,10,Loyal Customers
13638.0,16,1,122.64,93,2011-11-24 10:38:00,2011-11-24 10:38:00,0,122.64,5,1,1,511,7,New / Promising
13639.0,75,2,1346.27,997,2010-09-29 10:05:00,2011-09-26 13:36:00,362,673.135,3,2,4,324,9,Needs Attention
13640.0,612,1,405.0,108,2010-04-07 15:33:00,2010-04-07 15:33:00,0,405.0,1,1,2,112,4,Hibernating
13641.0,641,5,1016.47,1098,2009-12-05 13:17:00,2010-03-09 07:37:00,94,203.294,1,4,3,143,8,At Risk
13642.0,216,4,472.2,231,2010-10-03 12:23:00,2011-05-08 12:34:00,217,118.05,2,3,2,232,7,At Risk
13643.0,32,10,2156.77,902,2009-12-08 12:48:00,2011-11-08 15:37:00,700,215.677,4,5,4,454,13,Champions
13644.0,17,4,2624.26,2067,2011-08-26 11:53:00,2011-11-23 14:07:00,89,656.065,5,3,4,534,12,Loyal Customers
13645.0,121,1,252.1,158,2011-08-11 16:11:00,2011-08-11 16:11:00,0,252.1,3,1,1,311,5,Needs Attention
13646.0,400,2,326.25,79,2010-11-05 12:00:00,2010-11-05 12:13:00,0,163.125,2,2,2,222,6,Hibernating
13647.0,10,8,3041.68,1795,2010-04-15 12:55:00,2011-11-30 12:00:00,594,380.21,5,4,5,545,14,Champions
13648.0,401,8,1764.02,960,2009-12-01 18:13:00,2010-11-04 14:46:00,338,220.5025,2,4,4,244,10,At Risk High Value
13649.0,257,6,1651.48,849,2010-06-30 16:35:00,2011-03-28 11:51:00,271,275.24666666666667,2,4,4,244,10,At Risk High Value
13650.0,17,10,3288.0,1746,2010-01-26 08:44:00,2011-11-23 12:22:00,666,328.8,5,5,5,555,15,Champions
13651.0,36,3,226.85,62,2010-11-23 09:44:00,2011-11-04 14:59:00,346,75.61666666666666,4,3,1,431,8,Loyal Customers
13652.0,46,5,2570.85,1570,2010-02-25 17:37:00,2011-10-25 08:51:00,607,514.17,4,4,4,444,12,Champions
13653.0,488,1,152.2,72,2010-08-09 08:19:00,2010-08-09 08:19:00,0,152.2,1,1,1,111,3,Hibernating
13654.0,44,11,6308.0,4762,2009-12-02 11:43:00,2011-10-27 16:24:00,694,573.4545454545455,4,5,5,455,14,Champions
13655.0,115,6,2280.51,1225,2010-04-27 09:59:00,2011-08-17 14:25:00,477,380.08500000000004,3,4,4,344,11,Potential Loyalists
13656.0,165,4,1078.85,862,2010-04-23 12:50:00,2011-06-28 10:31:00,431,269.7125,3,3,3,333,9,Potential Loyalists
13657.0,11,2,382.14,209,2011-05-22 12:35:00,2011-11-29 12:32:00,191,191.07,5,2,2,522,9,New / Promising
13658.0,10,9,6025.5,2171,2010-02-05 13:17:00,2011-11-30 10:13:00,663,669.5,5,5,5,555,15,Champions
13659.0,206,12,4884.68,2527,2010-02-17 09:05:00,2011-05-18 12:37:00,455,407.0566666666667,2,5,5,255,12,At Risk High Value
13660.0,401,1,306.64,136,2010-11-04 16:10:00,2010-11-04 16:10:00,0,306.64,2,1,2,212,5,Hibernating
13661.0,604,1,325.24,118,2010-04-15 14:58:00,2010-04-15 14:58:00,0,325.24,1,1,2,112,4,Hibernating
13662.0,86,11,2233.61,1169,2010-02-19 13:21:00,2011-09-15 12:04:00,573,203.05545454545455,3,5,4,354,12,Potential Loyalists
13663.0,180,5,2047.51,893,2010-03-03 10:11:00,2011-06-13 15:44:00,467,409.502,3,4,4,344,11,Potential Loyalists
13665.0,387,3,1711.66,1652,2010-07-23 13:29:00,2010-11-18 13:06:00,118,570.5533333333334,2,3,4,234,9,At Risk
13666.0,61,5,127.9,54,2009-12-04 10:48:00,2011-10-10 15:39:00,675,25.580000000000002,3,4,1,341,8,Potential Loyalists
13667.0,150,1,299.05,149,2011-07-13 15:42:00,2011-07-13 15:42:00,0,299.05,3,1,2,312,6,Needs Attention
13668.0,3,35,12948.48,6096,2009-12-11 14:28:00,2011-12-07 12:11:00,726,369.9565714285714,5,5,5,555,15,Champions
13669.0,51,3,413.55,393,2010-10-28 15:05:00,2011-10-20 09:32:00,357,137.85,4,3,2,432,9,Loyal Customers
13670.0,76,1,349.7,282,2011-09-25 15:25:00,2011-09-25 15:25:00,0,349.7,3,1,2,312,6,Needs Attention
13671.0,395,1,172.6,95,2010-11-10 10:50:00,2010-11-10 10:50:00,0,172.6,2,1,1,211,4,Hibernating
13672.0,302,3,419.92,138,2009-12-09 11:40:00,2011-02-11 13:53:00,429,139.97333333333333,2,3,2,232,7,At Risk
13673.0,19,2,387.44,114,2011-11-07 15:40:00,2011-11-21 12:11:00,14,193.72,5,2,2,522,9,New / Promising
13674.0,433,1,240.68,102,2010-10-03 10:41:00,2010-10-03 10:41:00,0,240.68,1,1,1,111,3,Hibernating
13675.0,152,2,486.82000000000005,330,2011-02-28 12:14:00,2011-07-11 12:57:00,133,243.41000000000003,3,2,2,322,7,Needs Attention
13676.0,540,2,243.9,104,2010-03-30 16:53:00,2010-06-18 17:30:00,80,121.95,1,2,1,121,4,Hibernating
13677.0,405,2,551.24,217,2010-07-07 17:25:00,2010-10-31 11:32:00,116,275.62,2,2,2,222,6,Hibernating
13678.0,152,1,232.6,924,2011-07-11 10:14:00,2011-07-11 10:14:00,0,232.6,3,1,1,311,5,Needs Attention
13679.0,494,3,281.26,102,2009-12-04 16:52:00,2010-08-03 12:13:00,242,93.75333333333333,1,3,1,131,5,At Risk
13680.0,2,12,11419.67,5244,2009-12-04 14:14:00,2011-12-08 13:47:00,734,951.6391666666667,5,5,5,555,15,Champions
13681.0,18,4,827.83,360,2011-07-07 15:21:00,2011-11-22 11:13:00,138,206.9575,5,3,3,533,11,Loyal Customers
13682.0,188,1,59.5,10,2011-06-05 14:06:00,2011-06-05 14:06:00,0,59.5,3,1,1,311,5,Needs Attention
13683.0,458,1,258.6,180,2010-09-08 10:00:00,2010-09-08 10:00:00,0,258.6,1,1,1,111,3,Hibernating
13684.0,286,4,594.88,234,2010-03-28 14:48:00,2011-02-27 10:13:00,336,148.72,2,3,2,232,7,At Risk
13685.0,3,7,3119.44,5056,2011-10-10 12:59:00,2011-12-07 11:41:00,58,445.63428571428574,5,4,5,545,14,Champions
13686.0,183,3,409.04,378,2010-11-03 13:44:00,2011-06-10 09:10:00,219,136.34666666666666,3,3,2,332,8,Potential Loyalists
13687.0,439,1,11880.84,87167,2010-09-27 16:30:00,2010-09-27 16:30:00,0,11880.84,1,1,5,115,7,Hibernating
13688.0,636,1,375.5,130,2010-03-14 14:11:00,2010-03-14 14:11:00,0,375.5,1,1,2,112,4,Hibernating
13689.0,64,2,1259.5,722,2010-09-21 10:27:00,2011-10-07 13:21:00,381,629.75,3,2,4,324,9,Needs Attention
13690.0,60,1,172.25,67,2011-10-11 15:03:00,2011-10-11 15:03:00,0,172.25,3,1,1,311,5,Needs Attention
13691.0,397,1,212.78,145,2010-11-08 17:34:00,2010-11-08 17:34:00,0,212.78,2,1,1,211,4,Hibernating
13692.0,25,5,3114.4,2101,2010-10-15 13:28:00,2011-11-15 11:17:00,396,622.88,4,4,5,445,13,Champions
13693.0,375,9,2011.8200000000002,880,2009-12-07 11:29:00,2010-11-30 18:21:00,358,223.53555555555556,2,5,4,254,11,At Risk High Value
13694.0,4,143,196482.81,189205,2009-12-04 15:26:00,2011-12-06 09:32:00,732,1374.0056643356643,5,5,5,555,15,Champions
13695.0,32,16,2770.73,1791,2010-05-11 11:07:00,2011-11-08 14:26:00,546,173.170625,4,5,4,454,13,Champions
13696.0,422,3,2020.4,552,2010-02-11 14:17:00,2010-10-14 09:44:00,245,673.4666666666667,1,3,4,134,8,At Risk
13697.0,39,1,151.3,177,2011-11-01 09:14:00,2011-11-01 09:14:00,0,151.3,4,1,1,411,6,New / Promising
13698.0,597,2,451.73,227,2010-01-27 09:02:00,2010-04-22 11:52:00,85,225.865,1,2,2,122,5,Hibernating
13699.0,156,2,764.15,219,2010-06-07 13:03:00,2011-07-07 16:51:00,395,382.075,3,2,3,323,8,Needs Attention
13700.0,27,13,2596.9700000000003,2786,2010-02-07 10:53:00,2011-11-13 13:00:00,644,199.7669230769231,4,5,4,454,13,Champions
13701.0,447,1,161.0,80,2010-09-19 12:39:00,2010-09-19 12:39:00,0,161.0,1,1,1,111,3,Hibernating
13702.0,446,1,135.18,74,2010-09-20 11:40:00,2010-09-20 11:40:00,0,135.18,1,1,1,111,3,Hibernating
13703.0,319,2,425.56,128,2010-10-20 13:11:00,2011-01-25 13:10:00,97,212.78,2,2,2,222,6,Hibernating
13704.0,6,9,2308.06,1531,2011-09-12 14:40:00,2011-12-04 15:13:00,83,256.4511111111111,5,5,4,554,14,Champions
13705.0,8,7,2035.33,1009,2010-03-25 17:19:00,2011-12-02 12:32:00,617,290.76142857142855,5,4,4,544,13,Champions
13706.0,303,2,631.1700000000001,301,2010-03-23 09:18:00,2011-02-10 09:21:00,324,315.58500000000004,2,2,3,223,7,Hibernating
13707.0,268,5,3365.86,2210,2010-06-21 11:57:00,2011-03-17 18:03:00,269,673.172,2,4,5,245,11,At Risk High Value
13708.0,272,1,285.33,301,2011-03-13 13:46:00,2011-03-13 13:46:00,0,285.33,2,1,1,211,4,Hibernating
13709.0,4,18,7571.35,4122,2010-01-11 10:40:00,2011-12-06 10:28:00,694,420.6305555555556,5,5,5,555,15,Champions
13710.0,32,3,509.52,336,2010-04-06 12:54:00,2011-11-08 08:16:00,581,169.84,4,3,2,432,9,Loyal Customers
13711.0,219,9,1792.26,819,2009-12-15 19:04:00,2011-05-05 10:31:00,506,199.14,2,5,4,254,11,At Risk High Value
13712.0,247,2,766.42,1128,2010-04-08 11:16:00,2011-04-07 12:33:00,364,383.21,2,2,3,223,7,Hibernating
13713.0,409,3,740.76,284,2010-05-05 16:48:00,2010-10-27 16:18:00,175,246.92,2,3,3,233,8,At Risk
13714.0,466,1,161.35,50,2010-08-31 13:57:00,2010-08-31 13:57:00,0,161.35,1,1,1,111,3,Hibernating
13715.0,282,17,8425.69,4907,2010-03-11 15:33:00,2011-03-03 19:21:00,357,495.6288235294118,2,5,5,255,12,At Risk High Value
13716.0,270,1,138.28,138,2011-03-15 13:49:00,2011-03-15 13:49:00,0,138.28,2,1,1,211,4,Hibernating
13717.0,33,8,1763.3,2144,2010-08-11 09:40:00,2011-11-07 14:13:00,453,220.4125,4,4,4,444,12,Champions
13718.0,247,2,306.55,173,2011-02-17 11:58:00,2011-04-07 13:24:00,49,153.275,2,2,2,222,6,Hibernating
13719.0,16,11,2783.08,1588,2010-05-17 14:36:00,2011-11-24 15:26:00,556,253.00727272727272,5,5,4,554,14,Champions
13720.0,117,4,799.9,501,2011-03-30 09:17:00,2011-08-15 12:46:00,138,199.975,3,3,3,333,9,Potential Loyalists
13721.0,37,2,741.54,512,2010-11-09 17:59:00,2011-11-03 14:05:00,359,370.77,4,2,3,423,9,New / Promising
13722.0,132,10,5635.41,3059,2010-03-03 14:13:00,2011-07-31 12:44:00,515,563.5409999999999,3,5,5,355,13,Potential Loyalists
13723.0,218,6,1194.08,593,2010-04-07 14:32:00,2011-05-06 17:04:00,394,199.01333333333332,2,4,3,243,9,At Risk
13724.0,638,1,213.01,130,2010-03-12 15:28:00,2010-03-12 15:28:00,0,213.01,1,1,1,111,3,Hibernating
13725.0,50,8,1980.56,806,2011-02-04 12:18:00,2011-10-21 10:03:00,259,247.57,4,4,4,444,12,Champions
13726.0,39,2,1079.66,1054,2011-08-31 11:06:00,2011-11-01 10:49:00,62,539.83,4,2,3,423,9,New / Promising
13727.0,29,8,1074.15,368,2009-12-09 13:25:00,2011-11-11 09:46:00,702,134.26875,4,4,3,443,11,Loyal Customers
13728.0,37,16,2855.17,1269,2009-12-09 17:13:00,2011-11-03 10:49:00,694,178.448125,4,5,4,454,13,Champions
13729.0,436,3,724.73,419,2010-01-24 14:57:00,2010-09-30 10:44:00,249,241.57666666666668,1,3,3,133,7,At Risk
13730.0,136,2,752.6,488,2011-07-01 12:47:00,2011-07-27 08:35:00,26,376.3,3,2,3,323,8,Needs Attention
13731.0,220,2,610.59,278,2011-04-07 10:10:00,2011-05-04 14:33:00,27,305.295,2,2,2,222,6,Hibernating
13732.0,29,1,491.86,498,2011-11-11 15:49:00,2011-11-11 15:49:00,0,491.86,4,1,2,412,7,New / Promising
13733.0,411,2,487.03000000000003,335,2009-12-04 15:28:00,2010-10-25 12:18:00,325,243.51500000000001,2,2,2,222,6,Hibernating
13734.0,509,4,6695.6900000000005,302,2010-04-16 08:42:00,2010-07-19 12:04:00,94,1673.9225000000001,1,3,5,135,9,At Risk
13735.0,25,13,9762.77,4135,2009-12-13 13:31:00,2011-11-15 11:14:00,702,750.9823076923077,4,5,5,455,14,Champions
13736.0,6,7,2752.47,1549,2009-12-06 12:07:00,2011-12-04 15:19:00,728,393.21,5,4,4,544,13,Champions
13737.0,201,1,339.6,125,2011-05-23 16:32:00,2011-05-23 16:32:00,0,339.6,2,1,2,212,5,Hibernating
13738.0,397,1,434.78000000000003,237,2010-11-08 15:23:00,2010-11-08 15:23:00,0,434.78000000000003,2,1,2,212,5,Hibernating
13739.0,19,2,292.2,76,2010-06-30 10:25:00,2011-11-21 13:35:00,509,146.1,5,2,2,522,9,New / Promising
13740.0,241,5,1582.77,987,2009-12-02 12:22:00,2011-04-13 10:32:00,497,316.554,2,4,4,244,10,At Risk High Value
13741.0,72,3,668.4300000000001,218,2011-05-06 13:43:00,2011-09-29 09:19:00,146,222.81000000000003,3,3,3,333,9,Potential Loyalists
13742.0,17,12,3107.87,1115,2011-01-23 14:59:00,2011-11-23 11:07:00,304,258.9891666666667,5,5,5,555,15,Champions
13743.0,3,7,1341.6,1776,2011-03-25 14:46:00,2011-12-07 10:09:00,257,191.65714285714284,5,4,4,544,13,Champions
13744.0,96,2,1080.52,1153,2011-02-20 14:08:00,2011-09-05 15:19:00,197,540.26,3,2,3,323,8,Needs Attention
13745.0,163,2,777.36,1146,2010-06-11 17:19:00,2011-06-30 16:43:00,384,388.68,3,2,3,323,8,Needs Attention
13746.0,414,1,176.69,83,2010-10-22 11:55:00,2010-10-22 11:55:00,0,176.69,1,1,1,111,3,Hibernating
13747.0,374,2,249.39999999999998,68,2010-10-11 09:15:00,2010-12-01 10:37:00,51,124.69999999999999,2,2,1,221,5,Hibernating
13748.0,96,9,2268.35,1108,2009-12-01 16:44:00,2011-09-05 09:45:00,643,252.0388888888889,3,5,4,354,12,Potential Loyalists
13750.0,54,11,3602.18,1370,2010-04-01 14:49:00,2011-10-17 12:16:00,564,327.47090909090906,4,5,5,455,14,Champions
13751.0,289,1,296.25,152,2011-02-24 15:56:00,2011-02-24 15:56:00,0,296.25,2,1,2,212,5,Hibernating
13752.0,125,7,1579.8300000000002,1005,2010-06-30 10:23:00,2011-08-07 14:16:00,403,225.69000000000003,3,4,4,344,11,Potential Loyalists
13753.0,288,4,2094.57,1450,2009-12-03 10:20:00,2011-02-25 12:48:00,449,523.6425,2,3,4,234,9,At Risk
13754.0,152,3,447.05,315,2010-09-28 15:29:00,2011-07-11 11:51:00,286,149.01666666666668,3,3,2,332,8,Potential Loyalists
13755.0,4,9,2108.06,1242,2011-10-07 15:45:00,2011-12-06 12:26:00,60,234.2288888888889,5,5,4,554,14,Champions
13756.0,3,23,9188.75,5426,2009-12-15 15:18:00,2011-12-07 16:44:00,722,399.5108695652174,5,5,5,555,15,Champions
13757.0,675,1,195.55,54,2010-02-03 12:37:00,2010-02-03 12:37:00,0,195.55,1,1,1,111,3,Hibernating
13758.0,12,15,9416.98,5068,2009-12-01 10:06:00,2011-11-28 11:11:00,727,627.7986666666667,5,5,5,555,15,Champions
13759.0,34,2,659.4100000000001,287,2011-09-29 15:40:00,2011-11-06 14:47:00,38,329.70500000000004,4,2,3,423,9,New / Promising
13760.0,55,5,1363.6399999999999,623,2010-04-25 13:10:00,2011-10-16 16:13:00,539,272.72799999999995,4,4,4,444,12,Champions
13761.0,51,6,1952.17,1079,2010-02-21 11:08:00,2011-10-20 14:01:00,606,325.3616666666667,4,4,4,444,12,Champions
13762.0,219,5,2472.48,2608,2010-01-10 12:13:00,2011-05-05 09:15:00,480,494.496,2,4,4,244,10,At Risk High Value
13763.0,64,3,5217.44,3224,2010-09-30 17:39:00,2011-10-07 15:13:00,372,1739.1466666666665,3,3,5,335,11,Potential Loyalists
13764.0,71,6,2919.62,2084,2010-03-07 12:56:00,2011-09-30 12:03:00,572,486.6033333333333,3,4,4,344,11,Potential Loyalists
13765.0,654,1,352.821,297,2010-02-24 13:46:00,2010-02-24 13:46:00,0,352.821,1,1,2,112,4,Hibernating
13766.0,496,1,190.35,137,2010-08-01 14:25:00,2010-08-01 14:25:00,0,190.35,1,1,1,111,3,Hibernating
13767.0,3,73,35540.53,15235,2009-12-01 10:52:00,2011-12-07 15:00:00,736,486.85657534246576,5,5,5,555,15,Champions
13768.0,727,2,875.97,373,2009-12-09 10:25:00,2009-12-13 10:41:00,4,437.985,1,2,3,123,6,Hibernating
13769.0,3,20,5800.42,2574,2009-12-16 11:59:00,2011-12-07 15:08:00,721,290.021,5,5,5,555,15,Champions
13770.0,423,4,785.37,468,2009-12-09 14:44:00,2010-10-13 15:10:00,308,196.3425,1,3,3,133,7,At Risk
13771.0,65,9,5728.82,3140,2010-02-25 12:37:00,2011-10-06 14:18:00,588,636.5355555555556,3,5,5,355,13,Potential Loyalists
13772.0,34,8,3100.02,1446,2010-02-23 13:55:00,2011-11-06 11:43:00,621,387.5025,4,4,5,445,13,Champions
13773.0,397,2,301.54,174,2010-02-18 10:27:00,2010-11-08 11:49:00,263,150.77,2,2,2,222,6,Hibernating
13774.0,82,1,345.0,192,2011-09-19 12:06:00,2011-09-19 12:06:00,0,345.0,3,1,2,312,6,Needs Attention
13775.0,591,1,1049.66,455,2010-04-28 12:15:00,2010-04-28 12:15:00,0,1049.66,1,1,3,113,5,Hibernating
13776.0,429,2,623.98,2,2010-10-07 16:07:00,2010-10-07 16:11:00,0,311.99,1,2,3,123,6,Hibernating
13777.0,1,61,56478.42,26742,2009-12-02 09:47:00,2011-12-09 12:25:00,737,925.875737704918,5,5,5,555,15,Champions
13778.0,104,4,1124.49,511,2010-05-23 13:34:00,2011-08-28 15:25:00,462,281.1225,3,3,3,333,9,Potential Loyalists
13779.0,516,1,161.13,53,2010-07-12 11:24:00,2010-07-12 11:24:00,0,161.13,1,1,1,111,3,Hibernating
13780.0,8,3,732.07,479,2010-10-28 19:51:00,2011-12-02 13:49:00,400,244.02333333333334,5,3,3,533,11,Loyal Customers
13781.0,251,3,778.83,300,2009-12-18 15:46:00,2011-04-03 12:08:00,471,259.61,2,3,3,233,8,At Risk
13782.0,13,13,1786.08,643,2009-12-06 12:52:00,2011-11-27 11:54:00,721,137.39076923076922,5,5,4,554,14,Champions
13783.0,488,4,1542.09,3437,2010-02-04 13:47:00,2010-08-09 09:23:00,186,385.5225,1,3,4,134,8,At Risk
13784.0,10,14,2910.23,2827,2010-09-15 12:27:00,2011-11-30 09:33:00,441,207.87357142857144,5,5,4,554,14,Champions
13785.0,429,4,542.49,151,2010-09-05 16:01:00,2010-10-07 09:25:00,32,135.6225,1,3,2,132,6,At Risk
13786.0,368,6,3358.39,1651,2009-12-03 15:32:00,2010-12-07 13:53:00,369,559.7316666666667,2,4,5,245,11,At Risk High Value
13787.0,76,6,1222.5,998,2010-01-14 10:13:00,2011-09-25 12:06:00,619,203.75,3,4,3,343,10,Potential Loyalists
13788.0,506,1,3.75,1,2010-07-22 15:50:00,2010-07-22 15:50:00,0,3.75,1,1,1,111,3,Hibernating
13789.0,389,1,239.46,258,2010-11-16 15:31:00,2010-11-16 15:31:00,0,239.46,2,1,1,211,4,Hibernating
13790.0,5,1,348.79999999999995,748,2011-12-05 15:48:00,2011-12-05 15:48:00,0,348.79999999999995,5,1,2,512,8,New / Promising
13791.0,128,2,1516.0,1200,2011-06-24 16:38:00,2011-08-04 11:44:00,41,758.0,3,2,4,324,9,Needs Attention
13792.0,67,3,383.95,156,2010-10-13 11:05:00,2011-10-04 14:31:00,356,127.98333333333333,3,3,2,332,8,Potential Loyalists
13793.0,647,1,96.0,52,2010-03-03 08:25:00,2010-03-03 08:25:00,0,96.0,1,1,1,111,3,Hibernating
13794.0,547,1,126.03,63,2010-06-11 12:30:00,2010-06-11 12:30:00,0,126.03,1,1,1,111,3,Hibernating
13795.0,389,4,836.3,1250,2010-03-12 12:44:00,2010-11-16 17:25:00,249,209.075,2,3,3,233,8,At Risk
13796.0,500,1,289.7,218,2010-07-28 14:45:00,2010-07-28 14:45:00,0,289.7,1,1,2,112,4,Hibernating
13797.0,437,3,1179.45,573,2010-03-02 12:17:00,2010-09-29 10:34:00,211,393.15000000000003,1,3,3,133,7,At Risk
13798.0,2,110,75836.87,48347,2009-12-08 16:21:00,2011-12-08 15:51:00,730,689.4260909090908,5,5,5,555,15,Champions
13799.0,117,9,2803.57,1539,2010-03-05 16:39:00,2011-08-15 12:07:00,528,311.5077777777778,3,5,4,354,12,Potential Loyalists
13800.0,310,3,1679.56,891,2009-12-03 10:03:00,2011-02-03 12:27:00,427,559.8533333333334,2,3,4,234,9,At Risk
13801.0,67,1,324.8,168,2011-10-04 10:15:00,2011-10-04 10:15:00,0,324.8,3,1,2,312,6,Needs Attention
13802.0,139,19,26259.11,14129,2010-02-16 10:11:00,2011-07-24 10:54:00,523,1382.0584210526315,3,5,5,355,13,Potential Loyalists
13803.0,256,3,1338.91,831,2010-03-31 10:00:00,2011-03-29 12:57:00,363,446.30333333333334,2,3,4,234,9,At Risk
13804.0,31,9,3161.12,1797,2010-09-29 10:26:00,2011-11-09 12:32:00,406,351.23555555555555,4,5,5,455,14,Champions
13805.0,53,2,924.5999999999999,1900,2011-08-02 15:29:00,2011-10-18 14:50:00,77,462.29999999999995,4,2,3,423,9,New / Promising
13806.0,64,1,256.38,56,2011-10-07 11:43:00,2011-10-07 11:43:00,0,256.38,3,1,1,311,5,Needs Attention
13807.0,368,3,534.8,152,2009-12-04 12:41:00,2010-12-07 15:48:00,368,178.26666666666665,2,3,2,232,7,At Risk
13808.0,6,5,1747.66,782,2011-09-04 12:07:00,2011-12-04 12:18:00,91,349.53200000000004,5,4,4,544,13,Champions
13809.0,306,3,679.6999999999999,281,2010-09-05 11:42:00,2011-02-07 13:15:00,155,226.56666666666663,2,3,3,233,8,At Risk
13810.0,29,3,1499.01,312,2011-10-14 12:57:00,2011-11-11 08:33:00,28,499.67,4,3,4,434,11,Loyal Customers
13811.0,184,3,814.5,68,2011-04-14 18:40:00,2011-06-09 09:54:00,56,271.5,3,3,3,333,9,Potential Loyalists
13812.0,43,3,539.0,333,2011-08-26 12:54:00,2011-10-28 14:27:00,63,179.66666666666666,4,3,2,432,9,Loyal Customers
13813.0,40,8,2765.4700000000003,1292,2009-12-06 10:16:00,2011-10-31 10:38:00,694,345.68375000000003,4,4,4,444,12,Champions
13814.0,93,3,2257.32,1214,2010-06-30 14:12:00,2011-09-08 13:48:00,435,752.44,3,3,4,334,10,Potential Loyalists
13815.0,23,8,7475.74,5381,2010-02-12 10:26:00,2011-11-17 14:19:00,643,934.4675,4,4,5,445,13,Champions
13816.0,24,2,571.6700000000001,269,2011-10-06 14:37:00,2011-11-16 08:38:00,41,285.83500000000004,4,2,2,422,8,New / Promising
13817.0,30,2,382.98,211,2010-12-23 11:46:00,2011-11-10 17:49:00,322,191.49,4,2,2,422,8,New / Promising
13818.0,430,1,61.28,60,2010-10-06 12:35:00,2010-10-06 12:35:00,0,61.28,1,1,1,111,3,Hibernating
13819.0,302,6,2642.35,2309,2009-12-01 16:18:00,2011-02-11 10:38:00,437,440.39166666666665,2,4,4,244,10,At Risk High Value
13820.0,419,3,652.75,285,2010-01-28 12:26:00,2010-10-17 13:46:00,262,217.58333333333334,1,3,3,133,7,At Risk
13821.0,145,6,1379.08,477,2010-01-04 13:36:00,2011-07-18 09:49:00,560,229.84666666666666,3,4,4,344,11,Potential Loyalists
13822.0,6,2,632.0,611,2011-10-30 15:55:00,2011-12-04 12:13:00,35,316.0,5,2,3,523,10,New / Promising
13823.0,19,7,3403.4500000000003,1564,2009-12-15 14:34:00,2011-11-21 10:22:00,706,486.2071428571429,5,4,5,545,14,Champions
13824.0,33,12,3314.76,1442,2010-03-12 15:17:00,2011-11-07 12:41:00,605,276.23,4,5,5,455,14,Champions
13825.0,622,2,255.59,182,2009-12-09 14:30:00,2010-03-28 11:02:00,109,127.795,1,2,1,121,4,Hibernating
13826.0,177,1,189.5,82,2011-06-16 13:48:00,2011-06-16 13:48:00,0,189.5,3,1,1,311,5,Needs Attention
13827.0,58,3,409.8,138,2011-07-19 15:38:00,2011-10-13 12:38:00,86,136.6,4,3,2,432,9,Loyal Customers
13828.0,23,1,209.49,311,2011-11-17 16:02:00,2011-11-17 16:02:00,0,209.49,4,1,1,411,6,New / Promising
13829.0,422,1,102.0,12,2010-10-14 18:19:00,2010-10-14 18:19:00,0,102.0,1,1,1,111,3,Hibernating
13830.0,582,1,156.85000000000002,47,2010-05-07 12:24:00,2010-05-07 12:24:00,0,156.85000000000002,1,1,1,111,3,Hibernating
13831.0,17,18,6993.54,2553,2009-12-10 14:50:00,2011-11-23 15:41:00,713,388.53,5,5,5,555,15,Champions
13832.0,20,2,609.89,420,2010-10-13 14:41:00,2011-11-20 15:36:00,403,304.945,5,2,2,522,9,New / Promising
13833.0,160,2,700.41,243,2010-10-31 14:11:00,2011-07-03 13:27:00,245,350.205,3,2,3,323,8,Needs Attention
13834.0,577,2,324.19,221,2010-02-08 12:52:00,2010-05-12 10:27:00,93,162.095,1,2,2,122,5,Hibernating
13835.0,26,7,1095.27,520,2010-03-04 08:26:00,2011-11-14 15:37:00,620,156.46714285714285,4,4,3,443,11,Loyal Customers
13836.0,400,2,620.37,273,2010-10-21 13:27:00,2010-11-05 13:31:00,15,310.185,2,2,3,223,7,Hibernating
13837.0,212,2,266.59000000000003,182,2011-01-26 12:15:00,2011-05-12 12:10:00,106,133.29500000000002,2,2,1,221,5,Hibernating
13838.0,6,10,1920.73,774,2010-05-09 11:40:00,2011-12-04 11:00:00,574,192.073,5,5,4,554,14,Champions
13839.0,487,1,139.95000000000002,25,2010-08-10 13:52:00,2010-08-10 13:52:00,0,139.95000000000002,1,1,1,111,3,Hibernating
13840.0,417,1,651.4,358,2010-10-19 13:34:00,2010-10-19 13:34:00,0,651.4,1,1,3,113,5,Hibernating
13841.0,253,1,85.0,100,2011-04-01 12:10:00,2011-04-01 12:10:00,0,85.0,2,1,1,211,4,Hibernating
13842.0,59,18,5629.91,2879,2010-02-16 15:54:00,2011-10-12 10:51:00,603,312.7727777777778,4,5,5,455,14,Champions
13843.0,382,1,319.75,145,2010-11-23 17:48:00,2010-11-23 17:48:00,0,319.75,2,1,2,212,5,Hibernating
13844.0,12,1,361.62,196,2011-11-28 13:21:00,2011-11-28 13:21:00,0,361.62,5,1,2,512,8,New / Promising
13845.0,65,1,312.98,182,2011-10-06 08:25:00,2011-10-06 08:25:00,0,312.98,3,1,2,312,6,Needs Attention
13846.0,25,4,1307.79,705,2010-11-05 09:47:00,2011-11-15 12:07:00,375,326.9475,4,3,4,434,11,Loyal Customers
13847.0,720,1,310.72,96,2009-12-20 10:41:00,2009-12-20 10:41:00,0,310.72,1,1,2,112,4,Hibernating
13848.0,93,8,3335.0,10200,2009-12-09 16:17:00,2011-09-08 12:58:00,638,416.875,3,4,5,345,12,Potential Loyalists
13849.0,52,5,3469.3,1883,2010-03-25 12:03:00,2011-10-19 10:59:00,573,693.86,4,4,5,445,13,Champions
13850.0,130,1,1595.48,944,2011-08-02 14:04:00,2011-08-02 14:04:00,0,1595.48,3,1,4,314,8,Needs Attention
13851.0,96,8,4606.46,2525,2010-01-29 11:54:00,2011-09-05 12:36:00,584,575.8075,3,4,5,345,12,Potential Loyalists
13852.0,611,1,187.35000000000002,85,2010-04-08 09:06:00,2010-04-08 09:06:00,0,187.35000000000002,1,1,1,111,3,Hibernating
13853.0,58,1,1090.1399999999999,312,2011-10-13 14:18:00,2011-10-13 14:18:00,0,1090.1399999999999,4,1,3,413,8,New / Promising
13854.0,9,39,12253.96,3710,2010-01-08 11:28:00,2011-12-01 09:06:00,692,314.2041025641025,5,5,5,555,15,Champions
13855.0,501,4,1310.3400000000001,575,2009-12-08 16:56:00,2010-07-27 09:53:00,231,327.58500000000004,1,3,4,134,8,At Risk
13856.0,169,11,1142.03,1105,2010-03-30 15:40:00,2011-06-24 10:03:00,451,103.82090909090908,3,5,3,353,11,Potential Loyalists
13857.0,394,6,1001.01,782,2010-05-17 14:21:00,2010-11-11 12:54:00,178,166.835,2,4,3,243,9,At Risk
13858.0,58,1,216.17000000000002,75,2011-10-13 16:17:00,2011-10-13 16:17:00,0,216.17000000000002,4,1,1,411,6,New / Promising
13859.0,327,2,515.86,167,2010-06-28 15:36:00,2011-01-17 16:14:00,203,257.93,2,2,2,222,6,Hibernating
13860.0,2,5,1245.9,591,2011-09-14 09:27:00,2011-12-08 12:57:00,85,249.18,5,4,4,544,13,Champions
13861.0,430,2,273.26,225,2010-06-27 11:37:00,2010-10-06 14:20:00,101,136.63,1,2,1,121,4,Hibernating
13862.0,19,9,2556.09,1927,2010-11-15 13:43:00,2011-11-21 16:24:00,371,284.01,5,5,4,554,14,Champions
13863.0,248,4,1239.55,553,2010-04-25 13:09:00,2011-04-06 10:20:00,346,309.8875,2,3,4,234,9,At Risk
13864.0,387,1,662.4000000000001,192,2010-11-18 12:50:00,2010-11-18 12:50:00,0,662.4000000000001,2,1,3,213,6,Hibernating
13865.0,59,4,501.56,204,2011-02-23 12:04:00,2011-10-12 13:31:00,231,125.39,4,3,2,432,9,Loyal Customers
13866.0,75,1,145.67,57,2011-09-26 14:54:00,2011-09-26 14:54:00,0,145.67,3,1,1,311,5,Needs Attention
13867.0,32,3,1005.09,501,2011-05-05 17:28:00,2011-11-08 15:48:00,187,335.03000000000003,4,3,3,433,10,Loyal Customers
13868.0,8,2,3192.54,1964,2011-11-01 12:45:00,2011-12-02 16:32:00,31,1596.27,5,2,5,525,12,New / Promising
13869.0,124,10,7996.87,4302,2010-01-17 14:53:00,2011-08-08 13:53:00,568,799.687,3,5,5,355,13,Potential Loyalists
13870.0,3,15,5712.08,3449,2010-02-08 12:08:00,2011-12-07 13:23:00,667,380.80533333333335,5,5,5,555,15,Champions
13871.0,23,17,7885.85,3502,2009-12-20 13:09:00,2011-11-17 10:49:00,697,463.8735294117647,4,5,5,455,14,Champions
13872.0,528,3,919.57,339,2009-12-14 09:56:00,2010-06-30 15:35:00,198,306.52333333333337,1,3,3,133,7,At Risk
13873.0,120,8,1038.92,472,2010-03-03 12:31:00,2011-08-12 10:08:00,527,129.865,3,4,3,343,10,Potential Loyalists
13874.0,359,7,2049.15,864,2010-02-04 18:39:00,2010-12-16 18:20:00,315,292.7357142857143,2,4,4,244,10,At Risk High Value
13875.0,54,14,4814.37,3072,2009-12-17 10:30:00,2011-10-17 09:36:00,669,343.88357142857143,4,5,5,455,14,Champions
13876.0,64,1,122.7,36,2011-10-07 10:22:00,2011-10-07 10:22:00,0,122.7,3,1,1,311,5,Needs Attention
13877.0,87,3,449.68,478,2010-01-19 10:53:00,2011-09-14 15:49:00,603,149.89333333333335,3,3,2,332,8,Potential Loyalists
13878.0,55,4,2416.9,927,2010-04-14 13:50:00,2011-10-16 12:19:00,550,604.225,4,3,4,434,11,Loyal Customers
13879.0,646,1,395.5,204,2010-03-04 10:49:00,2010-03-04 10:49:00,0,395.5,1,1,2,112,4,Hibernating
13880.0,22,17,4391.66,2589,2010-05-26 14:29:00,2011-11-18 13:44:00,541,258.33294117647057,4,5,5,455,14,Champions
13881.0,4,43,45179.1,29760,2010-03-04 14:41:00,2011-12-06 12:50:00,642,1050.6767441860466,5,5,5,555,15,Champions
13882.0,3,5,1191.13,953,2011-10-06 15:28:00,2011-12-07 11:16:00,62,238.22600000000003,5,4,3,543,12,Loyal Customers
13883.0,11,15,6560.02,3584,2009-12-08 17:26:00,2011-11-29 10:45:00,721,437.3346666666667,5,5,5,555,15,Champions
13884.0,8,10,1825.03,752,2010-08-26 19:57:00,2011-12-02 16:30:00,463,182.503,5,5,4,554,14,Champions
13885.0,190,2,506.8,182,2011-05-23 08:52:00,2011-06-03 15:07:00,11,253.4,3,2,2,322,7,Needs Attention
13886.0,72,1,243.56,126,2011-09-29 13:17:00,2011-09-29 13:17:00,0,243.56,3,1,1,311,5,Needs Attention
13887.0,205,1,349.55,147,2011-05-19 17:22:00,2011-05-19 17:22:00,0,349.55,2,1,2,212,5,Hibernating
13888.0,120,7,2001.5900000000001,795,2010-05-13 11:57:00,2011-08-12 10:13:00,456,285.9414285714286,3,4,4,344,11,Potential Loyalists
13889.0,93,6,1991.23,979,2010-01-22 14:32:00,2011-09-08 09:13:00,594,331.87166666666667,3,4,4,344,11,Potential Loyalists
13890.0,2,14,2927.38,1392,2009-12-06 15:15:00,2011-12-08 15:36:00,732,209.09857142857143,5,5,4,554,14,Champions
13891.0,379,3,859.21,476,2010-05-06 16:02:00,2010-11-26 15:57:00,204,286.40333333333336,2,3,3,233,8,At Risk
13892.0,27,6,1267.65,3125,2010-05-13 10:32:00,2011-11-13 11:50:00,549,211.275,4,4,4,444,12,Champions
13893.0,298,1,821.1,190,2011-02-15 11:30:00,2011-02-15 11:30:00,0,821.1,2,1,3,213,6,Hibernating
13894.0,24,3,564.62,354,2011-02-02 12:54:00,2011-11-16 09:44:00,287,188.20666666666668,4,3,2,432,9,Loyal Customers
13895.0,29,6,4008.52,2060,2009-12-03 13:09:00,2011-11-11 16:57:00,708,668.0866666666667,4,4,5,445,13,Champions
13896.0,626,1,388.55,149,2010-03-24 08:55:00,2010-03-24 08:55:00,0,388.55,1,1,2,112,4,Hibernating
13897.0,51,3,1160.72,820,2010-01-31 13:48:00,2011-10-20 14:30:00,627,386.9066666666667,4,3,3,433,10,Loyal Customers
13898.0,326,2,686.4,544,2010-10-24 15:42:00,2011-01-18 10:28:00,86,343.2,2,2,3,223,7,Hibernating
13899.0,17,2,388.52,156,2011-03-10 09:30:00,2011-11-23 13:40:00,258,194.26,5,2,2,522,9,New / Promising
13900.0,184,6,1610.5900000000001,938,2010-03-25 13:46:00,2011-06-09 19:26:00,441,268.4316666666667,3,4,4,344,11,Potential Loyalists
13901.0,73,15,5676.34,3344,2010-01-05 09:29:00,2011-09-28 14:48:00,631,378.42266666666666,3,5,5,355,13,Potential Loyalists
13902.0,633,5,34095.26,220600,2009-12-15 10:02:00,2010-03-17 13:09:00,92,6819.052000000001,1,4,5,145,10,At Risk High Value
13903.0,401,1,165.45000000000002,103,2010-11-04 17:44:00,2010-11-04 17:44:00,0,165.45000000000002,2,1,1,211,4,Hibernating
13904.0,38,2,332.64,332,2011-02-18 11:18:00,2011-11-02 13:41:00,257,166.32,4,2,2,422,8,New / Promising
13905.0,733,1,312.65,135,2009-12-07 11:41:00,2009-12-07 11:41:00,0,312.65,1,1,2,112,4,Hibernating
13906.0,410,1,42.0,100,2010-10-26 15:00:00,2010-10-26 15:00:00,0,42.0,2,1,1,211,4,Hibernating
13907.0,692,1,136.8,68,2010-01-17 12:22:00,2010-01-17 12:22:00,0,136.8,1,1,1,111,3,Hibernating
13908.0,80,4,2369.55,1478,2011-03-08 12:04:00,2011-09-21 11:49:00,197,592.3875,3,3,4,334,10,Potential Loyalists
13909.0,424,2,282.85,301,2010-07-06 16:52:00,2010-10-12 17:22:00,98,141.425,1,2,1,121,4,Hibernating
13911.0,58,20,4234.99,4487,2010-03-01 16:31:00,2011-10-13 15:43:00,591,211.74949999999998,4,5,5,455,14,Champions
13912.0,424,1,124.95,29,2010-10-12 08:43:00,2010-10-12 08:43:00,0,124.95,1,1,1,111,3,Hibernating
13913.0,507,1,42.22,10,2010-07-21 10:11:00,2010-07-21 10:11:00,0,42.22,1,1,1,111,3,Hibernating
13914.0,12,2,626.45,380,2011-11-03 16:28:00,2011-11-28 10:35:00,25,313.225,5,2,3,523,10,New / Promising
13915.0,395,1,70.80000000000001,24,2010-11-10 15:17:00,2010-11-10 15:17:00,0,70.80000000000001,2,1,1,211,4,Hibernating
13916.0,464,4,1275.81,673,2010-02-02 10:06:00,2010-09-02 10:04:00,212,318.9525,1,3,4,134,8,At Risk
13917.0,50,2,272.04,228,2011-06-01 12:46:00,2011-10-21 09:56:00,142,136.02,4,2,1,421,7,New / Promising
13918.0,50,2,1212.8400000000001,1140,2011-03-31 18:05:00,2011-10-21 12:25:00,204,606.4200000000001,4,2,3,423,9,New / Promising
13919.0,60,4,1360.68,1133,2010-06-17 09:30:00,2011-10-11 14:24:00,481,340.17,3,3,4,334,10,Potential Loyalists
13920.0,432,4,1774.68,1772,2010-05-26 15:48:00,2010-10-04 12:37:00,131,443.67,1,3,4,134,8,At Risk
13921.0,403,4,730.7,210,2009-12-18 12:19:00,2010-11-02 16:32:00,319,182.675,2,3,3,233,8,At Risk
13922.0,352,3,865.2,467,2010-08-29 14:36:00,2010-12-23 10:38:00,116,288.40000000000003,2,3,3,233,8,At Risk
13923.0,54,1,351.13,185,2011-10-17 12:33:00,2011-10-17 12:33:00,0,351.13,4,1,2,412,7,New / Promising
13924.0,2,6,1838.8500000000001,1575,2011-09-28 15:07:00,2011-12-08 09:39:00,71,306.475,5,4,4,544,13,Champions
13925.0,93,4,678.25,331,2011-07-28 12:09:00,2011-09-08 12:47:00,42,169.5625,3,3,3,333,9,Potential Loyalists
13926.0,24,1,223.85000000000002,104,2011-11-16 13:16:00,2011-11-16 13:16:00,0,223.85000000000002,4,1,1,411,6,New / Promising
13927.0,75,2,708.26,463,2010-09-28 16:12:00,2011-09-26 12:00:00,363,354.13,3,2,3,323,8,Needs Attention
13928.0,11,4,464.57,129,2011-07-29 15:59:00,2011-11-29 10:33:00,123,116.1425,5,3,2,532,10,Loyal Customers
13929.0,170,11,3494.1,1566,2010-01-14 07:25:00,2011-06-23 15:26:00,525,317.6454545454545,3,5,5,355,13,Potential Loyalists
13930.0,58,2,337.34,274,2011-07-26 11:00:00,2011-10-13 09:45:00,79,168.67,4,2,2,422,8,New / Promising
13931.0,96,11,5257.38,3488,2009-12-03 10:26:00,2011-09-05 10:12:00,641,477.94363636363636,3,5,5,355,13,Potential Loyalists
13932.0,295,1,307.4,72,2011-02-18 12:02:00,2011-02-18 12:02:00,0,307.4,2,1,2,212,5,Hibernating
13933.0,110,2,608.79,205,2011-07-14 13:35:00,2011-08-22 14:03:00,39,304.395,3,2,2,322,7,Needs Attention
13934.0,264,1,922.1,390,2011-03-21 08:39:00,2011-03-21 08:39:00,0,922.1,2,1,3,213,6,Hibernating
13935.0,597,3,6116.92,2252,2010-02-25 16:01:00,2010-04-22 11:21:00,56,2038.9733333333334,1,3,5,135,9,At Risk
13936.0,180,3,939.6600000000001,661,2010-10-21 14:21:00,2011-06-13 08:47:00,235,313.22,3,3,3,333,9,Potential Loyalists
13937.0,170,2,880.13,587,2010-11-02 12:37:00,2011-06-23 16:35:00,233,440.065,3,2,3,323,8,Needs Attention
13938.0,36,1,71.66,70,2011-11-04 14:37:00,2011-11-04 14:37:00,0,71.66,4,1,1,411,6,New / Promising
13939.0,24,7,1560.96,1608,2010-04-06 12:43:00,2011-11-16 13:33:00,589,222.99428571428572,4,4,4,444,12,Champions
13940.0,18,4,839.14,516,2011-07-18 16:05:00,2011-11-22 15:15:00,127,209.785,5,3,3,533,11,Loyal Customers
13941.0,22,15,11122.300000000001,5426,2009-12-16 16:10:00,2011-11-18 09:43:00,702,741.4866666666668,4,5,5,455,14,Champions
13942.0,535,1,320.0,1000,2010-06-23 12:35:00,2010-06-23 12:35:00,0,320.0,1,1,2,112,4,Hibernating
13943.0,578,1,246.54000000000002,94,2010-05-11 11:30:00,2010-05-11 11:30:00,0,246.54000000000002,1,1,1,111,3,Hibernating
13944.0,654,1,200.43,153,2010-02-24 15:02:00,2010-02-24 15:02:00,0,200.43,1,1,1,111,3,Hibernating
13945.0,395,2,854.1500000000001,413,2010-08-17 09:59:00,2010-11-10 10:00:00,85,427.07500000000005,2,2,3,223,7,Hibernating
13946.0,80,6,1876.23,2847,2009-12-04 11:07:00,2011-09-21 13:33:00,656,312.705,3,4,4,344,11,Potential Loyalists
13947.0,66,1,90.60000000000001,44,2011-10-05 14:42:00,2011-10-05 14:42:00,0,90.60000000000001,3,1,1,311,5,Needs Attention
13948.0,361,4,548.76,248,2009-12-04 12:14:00,2010-12-14 10:18:00,375,137.19,2,3,2,232,7,At Risk
13949.0,3,6,2427.32,2474,2011-09-06 11:55:00,2011-12-07 09:35:00,92,404.55333333333334,5,4,4,544,13,Champions
13950.0,12,4,745.0600000000001,323,2011-04-07 11:29:00,2011-11-28 14:44:00,235,186.26500000000001,5,3,3,533,11,Loyal Customers
13951.0,177,3,674.45,459,2011-02-18 15:21:00,2011-06-16 16:43:00,118,224.8166666666667,3,3,3,333,9,Potential Loyalists
13952.0,218,14,12823.521,5947,2009-12-16 09:41:00,2011-05-06 09:00:00,506,915.9657857142857,2,5,5,255,12,At Risk High Value
13953.0,8,12,6640.68,5224,2009-12-11 12:58:00,2011-12-02 16:04:00,721,553.39,5,5,5,555,15,Champions
13954.0,2,2,439.92,150,2011-09-30 10:52:00,2011-12-08 12:50:00,69,219.96,5,2,2,522,9,New / Promising
13955.0,155,3,544.0699999999999,272,2010-11-29 17:35:00,2011-07-08 17:19:00,221,181.35666666666665,3,3,2,332,8,Potential Loyalists
13956.0,6,5,1019.27,486,2011-03-13 12:51:00,2011-12-04 13:20:00,266,203.85399999999998,5,4,3,543,12,Loyal Customers
13957.0,418,3,458.25,157,2010-02-19 10:32:00,2010-10-18 10:02:00,241,152.75,1,3,2,132,6,At Risk
13958.0,380,8,4709.2300000000005,2264,2009-12-05 13:12:00,2010-11-25 10:11:00,355,588.6537500000001,2,4,5,245,11,At Risk High Value
13959.0,80,6,1064.77,694,2010-07-16 15:11:00,2011-09-21 15:06:00,432,177.46166666666667,3,4,3,343,10,Potential Loyalists
13960.0,22,2,230.22,142,2011-09-29 12:39:00,2011-11-18 15:27:00,50,115.11,4,2,1,421,7,New / Promising
13961.0,393,1,538.4,226,2010-11-12 14:40:00,2010-11-12 14:40:00,0,538.4,2,1,2,212,5,Hibernating
13962.0,22,3,362.8,160,2010-09-30 10:35:00,2011-11-18 08:47:00,414,120.93333333333334,4,3,2,432,9,Loyal Customers
13963.0,309,17,3011.87,2061,2010-04-21 16:20:00,2011-02-04 14:43:00,289,177.16882352941175,2,5,5,255,12,At Risk High Value
13964.0,388,2,438.9,228,2010-10-05 12:38:00,2010-11-17 13:53:00,43,219.45,2,2,2,222,6,Hibernating
13965.0,477,3,996.61,425,2010-01-05 15:21:00,2010-08-20 10:40:00,227,332.2033333333333,1,3,3,133,7,At Risk
13966.0,436,1,384.26,760,2010-09-30 13:08:00,2010-09-30 13:08:00,0,384.26,1,1,2,112,4,Hibernating
13967.0,146,2,166.3,66,2010-11-08 13:24:00,2011-07-17 12:02:00,251,83.15,3,2,1,321,6,Needs Attention
13968.0,424,1,123.66,174,2010-10-12 13:22:00,2010-10-12 13:22:00,0,123.66,1,1,1,111,3,Hibernating
13969.0,8,35,13291.05,6773,2010-03-25 13:15:00,2011-12-02 15:11:00,617,379.7442857142857,5,5,5,555,15,Champions
13970.0,387,2,846.55,469,2010-09-28 11:53:00,2010-11-18 13:21:00,51,423.275,2,2,3,223,7,Hibernating
13971.0,19,14,4667.57,3084,2010-01-26 09:51:00,2011-11-21 12:06:00,664,333.3978571428571,5,5,5,555,15,Champions
13972.0,71,2,190.25,187,2011-05-22 11:34:00,2011-09-30 11:54:00,131,95.125,3,2,1,321,6,Needs Attention
13973.0,288,1,264.7,109,2011-02-25 15:21:00,2011-02-25 15:21:00,0,264.7,2,1,1,211,4,Hibernating
13974.0,50,2,677.72,356,2010-05-06 17:55:00,2011-10-21 14:41:00,533,338.86,4,2,3,423,9,New / Promising
13975.0,32,12,5256.4,3884,2010-02-02 13:13:00,2011-11-08 13:19:00,644,438.0333333333333,4,5,5,455,14,Champions
13976.0,207,4,1192.3600000000001,452,2010-02-09 13:08:00,2011-05-17 09:13:00,462,298.09000000000003,2,3,3,233,8,At Risk
13977.0,412,1,519.8100000000001,303,2010-10-24 14:08:00,2010-10-24 14:08:00,0,519.8100000000001,1,1,2,112,4,Hibernating
13978.0,15,2,196.79,315,2011-10-25 15:04:00,2011-11-25 11:36:00,31,98.395,5,2,1,521,8,New / Promising
13979.0,74,7,3379.93,2270,2009-12-03 10:02:00,2011-09-27 13:32:00,663,482.84714285714284,3,4,5,345,12,Potential Loyalists
13980.0,61,5,768.8199999999999,463,2010-02-21 14:18:00,2011-10-10 13:34:00,596,153.76399999999998,3,4,3,343,10,Potential Loyalists
13981.0,416,1,331.14,234,2010-10-20 10:03:00,2010-10-20 10:03:00,0,331.14,1,1,2,112,4,Hibernating
13982.0,40,9,4382.89,2686,2010-01-20 14:04:00,2011-10-31 16:24:00,649,486.9877777777778,4,5,5,455,14,Champions
13983.0,30,21,7083.25,4145,2009-12-09 13:53:00,2011-11-10 11:06:00,701,337.29761904761904,4,5,5,455,14,Champions
13984.0,27,12,2048.6,1421,2009-12-07 11:51:00,2011-11-13 12:38:00,706,170.71666666666667,4,5,4,454,13,Champions
13985.0,5,22,10020.86,4936,2010-02-09 13:56:00,2011-12-05 17:06:00,664,455.49363636363637,5,5,5,555,15,Champions
13986.0,18,1,320.46,430,2011-11-22 15:00:00,2011-11-22 15:00:00,0,320.46,5,1,2,512,8,New / Promising
13987.0,380,2,682.54,492,2010-11-04 09:54:00,2010-11-25 10:20:00,21,341.27,2,2,3,223,7,Hibernating
13988.0,20,8,4757.8,3385,2010-03-24 11:05:00,2011-11-20 10:15:00,606,594.725,5,4,5,545,14,Champions
13989.0,66,5,2026.06,2207,2010-05-25 12:13:00,2011-10-05 09:47:00,498,405.212,3,4,4,344,11,Potential Loyalists
13990.0,214,1,311.3,190,2011-05-10 15:19:00,2011-05-10 15:19:00,0,311.3,2,1,2,212,5,Hibernating
13991.0,13,6,852.88,995,2011-07-19 12:58:00,2011-11-27 16:18:00,131,142.14666666666668,5,4,3,543,12,Loyal Customers
13992.0,31,3,219.5,154,2010-09-02 17:04:00,2011-11-09 15:23:00,433,73.16666666666667,4,3,1,431,8,Loyal Customers
13993.0,43,19,6775.71,2135,2009-12-03 11:57:00,2011-10-28 09:06:00,694,356.6163157894737,4,5,5,455,14,Champions
13994.0,4,6,2274.14,932,2011-07-14 18:28:00,2011-12-06 11:05:00,145,379.0233333333333,5,4,4,544,13,Champions
13995.0,16,14,3902.01,2359,2009-12-18 12:43:00,2011-11-24 14:22:00,706,278.71500000000003,5,5,5,555,15,Champions
13996.0,387,2,895.76,613,2010-11-05 15:07:00,2010-11-18 16:27:00,13,447.88,2,2,3,223,7,Hibernating
13997.0,520,3,376.46,143,2010-06-07 17:33:00,2010-07-08 18:06:00,31,125.48666666666666,1,3,2,132,6,At Risk
13998.0,447,3,566.7,204,2010-05-12 13:18:00,2010-09-19 10:20:00,130,188.9,1,3,2,132,6,At Risk
13999.0,11,29,9502.26,5043,2009-12-05 12:42:00,2011-11-29 13:40:00,724,327.6641379310345,5,5,5,555,15,Champions
14000.0,212,5,2046.34,1838,2009-12-02 09:50:00,2011-05-12 16:50:00,526,409.268,2,4,4,244,10,At Risk High Value
14001.0,46,9,4530.09,1873,2010-08-03 12:49:00,2011-10-25 10:31:00,448,503.34333333333336,4,5,5,455,14,Champions
14002.0,135,2,529.73,877,2011-07-06 14:59:00,2011-07-28 15:55:00,22,264.865,3,2,2,322,7,Needs Attention
14003.0,733,1,209.41,149,2009-12-07 08:53:00,2009-12-07 08:53:00,0,209.41,1,1,1,111,3,Hibernating
14004.0,44,11,6258.45,3425,2010-09-30 09:39:00,2011-10-27 14:40:00,392,568.9499999999999,4,5,5,455,14,Champions
14005.0,10,5,2874.72,2478,2011-05-08 10:33:00,2011-11-30 12:41:00,206,574.944,5,4,4,544,13,Champions
14006.0,116,7,2196.67,2181,2010-02-25 09:45:00,2011-08-16 09:39:00,537,313.81,3,4,4,344,11,Potential Loyalists
14007.0,513,1,79.48,16,2010-07-15 09:06:00,2010-07-15 09:06:00,0,79.48,1,1,1,111,3,Hibernating
14008.0,433,1,509.04,326,2010-10-03 13:09:00,2010-10-03 13:09:00,0,509.04,1,1,2,112,4,Hibernating
14009.0,199,3,1099.91,951,2010-09-03 12:08:00,2011-05-25 15:47:00,264,366.6366666666667,2,3,3,233,8,At Risk
14010.0,566,2,445.15,177,2010-05-23 12:46:00,2010-05-23 13:00:00,0,222.575,1,2,2,122,5,Hibernating
14011.0,481,2,457.82,644,2010-04-11 13:40:00,2010-08-16 15:31:00,127,228.91,1,2,2,122,5,Hibernating
14012.0,278,1,328.8,160,2011-03-07 12:26:00,2011-03-07 12:26:00,0,328.8,2,1,2,212,5,Hibernating
14013.0,111,5,1084.57,775,2010-03-26 10:02:00,2011-08-21 15:01:00,513,216.914,3,4,3,343,10,Potential Loyalists
14014.0,78,3,1948.21,2004,2010-05-12 09:04:00,2011-09-23 13:18:00,499,649.4033333333333,3,3,4,334,10,Potential Loyalists
14015.0,53,1,917.34,378,2011-10-18 10:02:00,2011-10-18 10:02:00,0,917.34,4,1,3,413,8,New / Promising
14016.0,162,11,11403.41,5722,2010-01-08 14:12:00,2011-07-01 11:29:00,539,1036.6736363636364,3,5,5,355,13,Potential Loyalists
14017.0,572,1,229.75,73,2010-05-17 14:52:00,2010-05-17 14:52:00,0,229.75,1,1,1,111,3,Hibernating
14018.0,646,1,367.15,224,2010-03-04 14:23:00,2010-03-04 14:23:00,0,367.15,1,1,2,112,4,Hibernating
14019.0,47,3,1421.6100000000001,1037,2011-07-24 15:39:00,2011-10-24 10:13:00,92,473.87000000000006,4,3,4,434,11,Loyal Customers
14020.0,17,4,1249.01,648,2010-06-28 15:29:00,2011-11-23 09:22:00,513,312.2525,5,3,4,534,12,Loyal Customers
14021.0,156,7,1716.58,878,2010-04-26 11:22:00,2011-07-07 15:46:00,437,245.22571428571428,3,4,4,344,11,Potential Loyalists
14022.0,226,2,792.15,681,2010-08-10 09:38:00,2011-04-28 14:39:00,261,396.075,2,2,3,223,7,Hibernating
14023.0,8,2,584.07,345,2011-04-03 15:50:00,2011-12-02 13:58:00,243,292.035,5,2,2,522,9,New / Promising
14024.0,122,3,645.74,238,2010-11-14 10:51:00,2011-08-10 11:30:00,269,215.24666666666667,3,3,3,333,9,Potential Loyalists
14025.0,465,8,4057.9,1914,2010-05-05 09:56:00,2010-09-01 10:11:00,119,507.2375,1,4,5,145,10,At Risk High Value
14026.0,471,2,713.11,427,2010-03-24 14:10:00,2010-08-26 10:31:00,155,356.555,1,2,3,123,6,Hibernating
14027.0,61,1,104.82,62,2011-10-10 09:01:00,2011-10-10 09:01:00,0,104.82,3,1,1,311,5,Needs Attention
14028.0,551,3,10396.5,7170,2010-06-07 12:02:00,2010-06-07 13:33:00,0,3465.5,1,3,5,135,9,At Risk
14029.0,64,2,467.66,198,2011-07-18 16:57:00,2011-10-07 14:46:00,81,233.83,3,2,2,322,7,Needs Attention
14030.0,19,20,8198.3,4312,2009-12-10 17:27:00,2011-11-21 16:48:00,711,409.91499999999996,5,5,5,555,15,Champions
14031.0,8,44,40919.58,14468,2009-12-03 15:35:00,2011-12-02 17:13:00,729,929.9904545454546,5,5,5,555,15,Champions
14032.0,3,16,4850.27,3916,2009-12-14 12:02:00,2011-12-07 15:23:00,723,303.141875,5,5,5,555,15,Champions
14033.0,556,1,109.44,576,2010-06-02 15:10:00,2010-06-02 15:10:00,0,109.44,1,1,1,111,3,Hibernating
14034.0,23,3,648.89,420,2011-07-05 13:06:00,2011-11-17 14:02:00,135,216.29666666666665,4,3,3,433,10,Loyal Customers
14035.0,29,9,2794.75,1405,2010-04-06 12:39:00,2011-11-11 10:03:00,584,310.52777777777777,4,5,4,454,13,Champions
14036.0,285,1,626.65,268,2011-02-28 09:26:00,2011-02-28 09:26:00,0,626.65,2,1,3,213,6,Hibernating
14037.0,177,6,836.95,590,2009-12-07 11:39:00,2011-06-16 13:57:00,556,139.49166666666667,3,4,3,343,10,Potential Loyalists
14038.0,79,5,3069.88,1708,2010-02-04 08:56:00,2011-09-22 13:37:00,595,613.976,3,4,5,345,12,Potential Loyalists
14039.0,34,2,267.28000000000003,192,2010-05-13 10:15:00,2011-11-06 13:48:00,542,133.64000000000001,4,2,1,421,7,New / Promising
14040.0,41,35,12523.81,4972,2009-12-01 12:14:00,2011-10-30 12:42:00,698,357.82314285714284,4,5,5,455,14,Champions
14041.0,267,1,141.41,94,2011-03-18 13:25:00,2011-03-18 13:25:00,0,141.41,2,1,1,211,4,Hibernating
14042.0,726,1,431.98,180,2009-12-14 15:07:00,2009-12-14 15:07:00,0,431.98,1,1,2,112,4,Hibernating
14043.0,492,2,302.59999999999997,152,2009-12-10 15:56:00,2010-08-05 18:18:00,238,151.29999999999998,1,2,2,122,5,Hibernating
14044.0,27,10,3077.7,2100,2010-01-24 15:14:00,2011-11-13 12:05:00,658,307.77,4,5,5,455,14,Champions
14045.0,110,16,11313.03,4587,2010-01-08 10:08:00,2011-08-22 15:27:00,591,707.064375,3,5,5,355,13,Potential Loyalists
14046.0,285,1,154.99,460,2011-02-28 14:48:00,2011-02-28 14:48:00,0,154.99,2,1,1,211,4,Hibernating
14047.0,9,14,4255.03,1649,2010-02-01 10:05:00,2011-12-01 11:43:00,668,303.93071428571426,5,5,5,555,15,Champions
14048.0,306,3,748.69,467,2010-11-22 14:08:00,2011-02-07 14:53:00,77,249.56333333333336,2,3,3,233,8,At Risk
14049.0,17,13,13023.4,8480,2010-04-01 14:52:00,2011-11-23 12:20:00,601,1001.8,5,5,5,555,15,Champions
14050.0,32,2,746.36,689,2011-08-25 13:46:00,2011-11-08 10:00:00,75,373.18,4,2,3,423,9,New / Promising
14051.0,1,37,22394.4,5923,2009-12-03 11:53:00,2011-12-09 10:20:00,736,605.2540540540541,5,5,5,555,15,Champions
14052.0,20,2,466.66,174,2010-11-14 11:37:00,2011-11-20 12:30:00,371,233.33,5,2,2,522,9,New / Promising
14053.0,125,4,572.3,490,2010-08-10 11:02:00,2011-08-07 14:27:00,362,143.075,3,3,2,332,8,Potential Loyalists
14054.0,66,1,92.46000000000001,62,2011-10-05 15:49:00,2011-10-05 15:49:00,0,92.46000000000001,3,1,1,311,5,Needs Attention
14055.0,107,3,1520.96,720,2009-12-16 15:11:00,2011-08-25 15:04:00,617,506.9866666666667,3,3,4,334,10,Potential Loyalists
14056.0,2,23,8152.71,4252,2011-02-28 15:19:00,2011-12-08 13:36:00,283,354.46565217391304,5,5,5,555,15,Champions
14057.0,24,22,8346.66,6438,2009-12-03 13:17:00,2011-11-16 10:32:00,713,379.39363636363635,4,5,5,455,14,Champions
14058.0,463,2,469.19,211,2010-06-27 11:29:00,2010-09-03 09:31:00,68,234.595,1,2,2,122,5,Hibernating
14059.0,267,1,183.6,128,2011-03-18 10:06:00,2011-03-18 10:06:00,0,183.6,2,1,1,211,4,Hibernating
14060.0,5,30,9519.08,8119,2010-03-11 09:47:00,2011-12-05 12:29:00,634,317.30266666666665,5,5,5,555,15,Champions
14061.0,508,3,917.4300000000001,133,2009-12-01 18:03:00,2010-07-20 17:22:00,231,305.81,1,3,3,133,7,At Risk
14062.0,10,24,25585.65,12794,2009-12-10 14:28:00,2011-11-30 10:04:00,720,1066.0687500000001,5,5,5,555,15,Champions
14063.0,439,9,22710.2,3850,2009-12-08 13:46:00,2010-09-27 16:18:00,293,2523.355555555556,1,5,5,155,11,At Risk High Value
14064.0,30,15,3260.2400000000002,3911,2010-01-21 13:22:00,2011-11-10 13:14:00,658,217.34933333333336,4,5,5,455,14,Champions
14065.0,390,3,891.02,582,2010-10-04 12:03:00,2010-11-15 16:13:00,42,297.00666666666666,2,3,3,233,8,At Risk
14066.0,267,1,152.55,45,2011-03-18 12:21:00,2011-03-18 12:21:00,0,152.55,2,1,1,211,4,Hibernating
14067.0,64,2,374.7,361,2011-09-04 12:00:00,2011-10-07 10:21:00,33,187.35,3,2,2,322,7,Needs Attention
14068.0,321,4,1516.72,510,2010-01-31 10:10:00,2011-01-23 16:02:00,357,379.18,2,3,4,234,9,At Risk
14069.0,515,2,225.81,58,2010-05-27 12:30:00,2010-07-13 12:12:00,47,112.905,1,2,1,121,4,Hibernating
14070.0,685,1,321.6,85,2010-01-24 12:27:00,2010-01-24 12:27:00,0,321.6,1,1,2,112,4,Hibernating
14071.0,4,8,1437.57,994,2011-03-20 11:33:00,2011-12-06 12:27:00,261,179.69625,5,4,4,544,13,Champions
14072.0,667,1,390.85,65,2010-02-11 12:31:00,2010-02-11 12:31:00,0,390.85,1,1,2,112,4,Hibernating
14073.0,33,1,151.04,130,2011-11-07 15:49:00,2011-11-07 15:49:00,0,151.04,4,1,1,411,6,New / Promising
14074.0,624,1,219.4,228,2010-03-26 13:55:00,2010-03-26 13:55:00,0,219.4,1,1,1,111,3,Hibernating
14075.0,5,6,1734.87,1494,2010-06-16 14:47:00,2011-12-05 08:38:00,537,289.145,5,4,4,544,13,Champions
14076.0,130,1,118.67,79,2011-08-02 15:19:00,2011-08-02 15:19:00,0,118.67,3,1,1,311,5,Needs Attention
14077.0,41,6,615.08,376,2010-11-09 16:01:00,2011-10-30 12:35:00,355,102.51333333333334,4,4,2,442,10,Loyal Customers
14078.0,102,9,1689.71,615,2010-03-28 15:05:00,2011-08-30 12:16:00,520,187.74555555555557,3,5,4,354,12,Potential Loyalists
14079.0,125,2,618.73,302,2010-01-26 17:19:00,2011-08-07 12:10:00,558,309.365,3,2,3,323,8,Needs Attention
14080.0,33,5,1115.68,268,2009-12-02 15:01:00,2011-11-07 11:09:00,705,223.13600000000002,4,4,3,443,11,Loyal Customers
14081.0,303,10,5291.09,3633,2009-12-10 18:27:00,2011-02-10 16:17:00,427,529.109,2,5,5,255,12,At Risk High Value
14082.0,365,2,413.36,246,2010-11-12 11:47:00,2010-12-10 11:02:00,28,206.68,2,2,2,222,6,Hibernating
14083.0,5,11,1376.2,912,2009-12-18 11:34:00,2011-12-05 13:14:00,717,125.10909090909091,5,5,4,554,14,Champions
14084.0,513,1,150.5,306,2010-07-15 14:36:00,2010-07-15 14:36:00,0,150.5,1,1,1,111,3,Hibernating
14085.0,3,33,10028.72,6540,2009-12-08 13:41:00,2011-12-07 13:46:00,729,303.90060606060604,5,5,5,555,15,Champions
14086.0,463,1,39.95,1,2010-09-03 10:52:00,2010-09-03 10:52:00,0,39.95,1,1,1,111,3,Hibernating
14087.0,3,3,829.47,718,2009-12-04 15:27:00,2011-12-07 12:41:00,733,276.49,5,3,3,533,11,Loyal Customers
14088.0,11,16,64036.8,15276,2010-10-14 19:46:00,2011-11-29 16:16:00,411,4002.3,5,5,5,555,15,Champions
14089.0,57,1,158.75,133,2011-10-14 10:38:00,2011-10-14 10:38:00,0,158.75,4,1,1,411,6,New / Promising
14090.0,325,1,76.32000000000001,72,2011-01-19 10:51:00,2011-01-19 10:51:00,0,76.32000000000001,2,1,1,211,4,Hibernating
14091.0,655,2,9530.08,3316,2010-01-10 13:41:00,2010-02-23 15:17:00,44,4765.04,1,2,5,125,8,Hibernating
14092.0,8,24,7229.45,3606,2009-12-16 16:24:00,2011-12-02 12:13:00,716,301.2270833333333,5,5,5,555,15,Champions
14093.0,13,1,433.86,391,2011-11-27 16:27:00,2011-11-27 16:27:00,0,433.86,5,1,2,512,8,New / Promising
14094.0,440,1,311.77,158,2010-09-26 11:58:00,2010-09-26 11:58:00,0,311.77,1,1,2,112,4,Hibernating
14095.0,723,1,2.95,1,2009-12-17 12:49:00,2009-12-17 12:49:00,0,2.95,1,1,1,111,3,Hibernating
14096.0,5,17,65164.79,16352,2011-08-30 10:49:00,2011-12-05 17:17:00,97,3833.2229411764706,5,5,5,555,15,Champions
14097.0,482,2,422.86,352,2010-03-04 10:46:00,2010-08-15 14:20:00,164,211.43,1,2,2,122,5,Hibernating
14098.0,37,1,147.35,104,2011-11-03 10:13:00,2011-11-03 10:13:00,0,147.35,4,1,1,411,6,New / Promising
14099.0,17,20,5750.91,3666,2009-12-10 11:55:00,2011-11-23 13:53:00,713,287.5455,5,5,5,555,15,Champions
14100.0,138,1,191.95,63,2011-07-25 11:01:00,2011-07-25 11:01:00,0,191.95,3,1,1,311,5,Needs Attention
14101.0,74,13,9961.93,10542,2010-03-28 13:36:00,2011-09-27 12:28:00,548,766.3023076923077,3,5,5,355,13,Potential Loyalists
14102.0,6,5,1105.8799999999999,769,2011-10-26 12:46:00,2011-12-04 15:38:00,39,221.176,5,4,3,543,12,Loyal Customers
14104.0,155,5,743.53,496,2010-05-28 16:11:00,2011-07-08 12:50:00,406,148.706,3,4,3,343,10,Potential Loyalists
14105.0,240,5,5988.83,3534,2009-12-18 16:57:00,2011-04-14 17:58:00,482,1197.766,2,4,5,245,11,At Risk High Value
14106.0,738,1,214.8,24,2009-12-02 14:09:00,2009-12-02 14:09:00,0,214.8,1,1,1,111,3,Hibernating
14107.0,52,11,4877.3,3489,2009-12-09 14:20:00,2011-10-19 12:12:00,679,443.39090909090913,4,5,5,455,14,Champions
14108.0,31,4,1044.96,660,2009-12-01 18:07:00,2011-11-09 10:41:00,708,261.24,4,3,3,433,10,Loyal Customers
14109.0,73,1,144.2,88,2011-09-28 10:18:00,2011-09-28 10:18:00,0,144.2,3,1,1,311,5,Needs Attention
14110.0,4,33,12987.95,5825,2009-12-01 09:50:00,2011-12-06 12:26:00,735,393.57424242424247,5,5,5,555,15,Champions
14111.0,15,4,692.85,458,2011-04-12 11:36:00,2011-11-25 13:44:00,227,173.2125,5,3,3,533,11,Loyal Customers
14112.0,23,13,5834.59,3539,2010-02-23 14:16:00,2011-11-17 12:30:00,632,448.8146153846154,4,5,5,455,14,Champions
14113.0,4,16,7092.610000000001,3439,2009-12-08 07:42:00,2011-12-06 12:18:00,728,443.28812500000004,5,5,5,555,15,Champions
14114.0,274,7,1364.09,650,2010-04-12 11:07:00,2011-03-11 09:42:00,333,194.86999999999998,2,4,4,244,10,At Risk High Value
14115.0,502,2,622.67,509,2010-02-11 11:44:00,2010-07-26 12:36:00,165,311.335,1,2,3,123,6,Hibernating
14116.0,20,5,1382.74,707,2011-08-10 12:44:00,2011-11-20 10:29:00,102,276.548,5,4,4,544,13,Champions
14117.0,144,1,90.0,72,2011-07-19 09:49:00,2011-07-19 09:49:00,0,90.0,3,1,1,311,5,Needs Attention
14118.0,429,1,458.45,97,2010-10-07 11:59:00,2010-10-07 11:59:00,0,458.45,1,1,2,112,4,Hibernating
14119.0,376,2,183.37,177,2009-12-21 14:52:00,2010-11-29 10:33:00,343,91.685,2,2,1,221,5,Hibernating
14121.0,4,4,2780.15,2082,2011-10-11 10:39:00,2011-12-06 12:19:00,56,695.0375,5,3,4,534,12,Loyal Customers
14122.0,407,3,362.42,114,2009-12-02 14:22:00,2010-10-29 15:11:00,331,120.80666666666667,2,3,2,232,7,At Risk
14123.0,734,1,436.18,234,2009-12-06 15:35:00,2009-12-06 15:35:00,0,436.18,1,1,2,112,4,Hibernating
14124.0,85,1,419.58,1618,2011-09-16 13:32:00,2011-09-16 13:32:00,0,419.58,3,1,2,312,6,Needs Attention
14125.0,11,3,2720.63,1628,2011-09-22 15:40:00,2011-11-29 12:47:00,68,906.8766666666667,5,3,4,534,12,Loyal Customers
14126.0,8,4,1172.46,887,2010-09-21 14:51:00,2011-12-02 11:45:00,437,293.115,5,3,3,533,11,Loyal Customers
14127.0,123,6,1900.0800000000002,828,2010-10-10 11:53:00,2011-08-09 10:49:00,303,316.68,3,4,4,344,11,Potential Loyalists
14128.0,61,3,924.21,814,2010-06-06 14:05:00,2011-10-10 12:00:00,491,308.07,3,3,3,333,9,Potential Loyalists
14129.0,2,9,2591.34,1414,2010-05-09 14:54:00,2011-12-08 11:02:00,578,287.9266666666667,5,5,4,554,14,Champions
14130.0,320,4,1858.77,1215,2009-12-11 16:33:00,2011-01-24 16:05:00,409,464.6925,2,3,4,234,9,At Risk
14131.0,649,1,168.22,105,2010-03-01 11:59:00,2010-03-01 11:59:00,0,168.22,1,1,1,111,3,Hibernating
14132.0,3,11,3586.03,3368,2011-06-09 12:04:00,2011-12-07 13:35:00,181,326.00272727272727,5,5,5,555,15,Champions
14133.0,130,4,911.14,398,2009-12-06 12:10:00,2011-08-02 11:34:00,604,227.785,3,3,3,333,9,Potential Loyalists
14134.0,383,15,11123.35,5814,2009-12-10 09:25:00,2010-11-22 12:26:00,347,741.5566666666667,2,5,5,255,12,At Risk High Value
14135.0,2,24,9643.92,9355,2009-12-02 08:58:00,2011-12-08 11:38:00,736,401.83,5,5,5,555,15,Champions
14136.0,401,5,1570.81,1148,2009-12-08 09:19:00,2010-11-04 11:53:00,331,314.162,2,4,4,244,10,At Risk High Value
14137.0,696,1,332.7,462,2010-01-13 12:30:00,2010-01-13 12:30:00,0,332.7,1,1,2,112,4,Hibernating
14138.0,2,2,965.88,600,2011-10-07 09:38:00,2011-12-08 12:44:00,62,482.94,5,2,3,523,10,New / Promising
14139.0,47,4,1086.8,1049,2010-06-15 09:17:00,2011-10-24 13:34:00,496,271.7,4,3,3,433,10,Loyal Customers
14140.0,4,2,935.05,811,2011-11-08 11:20:00,2011-12-06 09:05:00,28,467.525,5,2,3,523,10,New / Promising
14141.0,3,4,915.13,355,2011-08-26 14:40:00,2011-12-07 09:53:00,103,228.7825,5,3,3,533,11,Loyal Customers
14142.0,374,2,983.15,831,2010-03-03 15:13:00,2010-12-01 16:33:00,273,491.575,2,2,3,223,7,Hibernating
14143.0,134,1,115.8,30,2011-07-29 09:48:00,2011-07-29 09:48:00,0,115.8,3,1,1,311,5,Needs Attention
14144.0,487,1,30.6,12,2010-08-10 15:17:00,2010-08-10 15:17:00,0,30.6,1,1,1,111,3,Hibernating
14145.0,47,7,7600.05,1655,2010-04-08 09:47:00,2011-10-24 12:10:00,564,1085.7214285714285,4,4,5,445,13,Champions
14146.0,9,12,9450.3,5780,2010-01-13 16:04:00,2011-12-01 10:18:00,687,787.525,5,5,5,555,15,Champions
14147.0,79,9,2590.2,995,2010-03-09 13:43:00,2011-09-22 18:10:00,562,287.79999999999995,3,5,4,354,12,Potential Loyalists
14148.0,234,2,466.29,223,2010-10-21 14:08:00,2011-04-20 12:02:00,181,233.145,2,2,2,222,6,Hibernating
14149.0,221,1,446.62,218,2011-05-03 09:44:00,2011-05-03 09:44:00,0,446.62,2,1,2,212,5,Hibernating
14150.0,36,2,658.64,496,2010-12-15 10:04:00,2011-11-04 10:05:00,324,329.32,4,2,3,423,9,New / Promising
14151.0,674,2,679.45,405,2009-12-23 10:54:00,2010-02-04 15:35:00,43,339.725,1,2,3,123,6,Hibernating
14152.0,76,7,1997.3400000000001,1844,2010-02-18 13:57:00,2011-09-25 12:54:00,584,285.3342857142857,3,4,4,344,11,Potential Loyalists
14153.0,484,1,233.39999999999998,312,2010-08-13 14:35:00,2010-08-13 14:35:00,0,233.39999999999998,1,1,1,111,3,Hibernating
14154.0,240,8,6460.7,3222,2010-01-13 12:47:00,2011-04-14 16:26:00,456,807.5875,2,4,5,245,11,At Risk High Value
14155.0,267,1,118.75,25,2011-03-18 14:13:00,2011-03-18 14:13:00,0,118.75,2,1,1,211,4,Hibernating
14156.0,10,156,313759.82,165873,2009-12-01 12:30:00,2011-11-30 10:54:00,729,2011.2808974358975,5,5,5,555,15,Champions
14157.0,20,5,978.69,521,2010-03-03 16:49:00,2011-11-20 11:32:00,627,195.738,5,4,3,543,12,Loyal Customers
14158.0,41,1,507.65999999999997,781,2011-10-30 15:08:00,2011-10-30 15:08:00,0,507.65999999999997,4,1,2,412,7,New / Promising
14159.0,20,20,7860.8,6520,2009-12-03 12:31:00,2011-11-20 12:36:00,717,393.04,5,5,5,555,15,Champions
14160.0,611,7,8421.47,4661,2010-01-10 12:06:00,2010-04-08 14:30:00,88,1203.0671428571427,1,4,5,145,10,At Risk High Value
14161.0,216,7,3280.08,1608,2009-12-13 11:46:00,2011-05-08 11:41:00,511,468.5828571428571,2,4,5,245,11,At Risk High Value
14162.0,174,2,289.36,142,2011-02-20 12:32:00,2011-06-19 11:36:00,119,144.68,3,2,1,321,6,Needs Attention
14163.0,88,5,2594.62,950,2010-09-03 17:15:00,2011-09-13 15:18:00,375,518.924,3,4,4,344,11,Potential Loyalists
14164.0,71,2,1631.77,1033,2011-09-20 12:18:00,2011-09-30 12:24:00,10,815.885,3,2,4,324,9,Needs Attention
14165.0,276,1,120.44,53,2011-03-09 12:39:00,2011-03-09 12:39:00,0,120.44,2,1,1,211,4,Hibernating
14166.0,506,2,251.15,82,2010-03-23 15:10:00,2010-07-22 19:42:00,121,125.575,1,2,1,121,4,Hibernating
14167.0,40,8,1274.29,340,2010-01-27 16:07:00,2011-10-31 14:29:00,642,159.28625,4,4,4,444,12,Champions
14168.0,421,2,370.45,147,2010-05-24 12:28:00,2010-10-15 10:49:00,144,185.225,1,2,2,122,5,Hibernating
14169.0,431,2,621.51,205,2010-09-21 13:39:00,2010-10-05 08:45:00,14,310.755,1,2,3,123,6,Hibernating
14170.0,376,3,570.18,270,2010-11-09 14:06:00,2010-11-29 13:10:00,20,190.05999999999997,2,3,2,232,7,At Risk
14171.0,99,2,498.79,211,2009-12-09 13:50:00,2011-09-02 16:43:00,632,249.395,3,2,2,322,7,Needs Attention
14172.0,606,3,369.02,78,2010-03-07 10:58:00,2010-04-13 13:26:00,37,123.00666666666666,1,3,2,132,6,At Risk
14173.0,11,6,586.0,194,2009-12-09 12:46:00,2011-11-29 11:54:00,720,97.66666666666667,5,4,2,542,11,Loyal Customers
14174.0,34,1,134.46,94,2011-11-06 13:17:00,2011-11-06 13:17:00,0,134.46,4,1,1,411,6,New / Promising
14175.0,60,8,7678.88,3009,2010-03-22 10:43:00,2011-10-11 11:55:00,568,959.86,3,4,5,345,12,Potential Loyalists
14176.0,298,5,916.01,326,2010-11-23 13:21:00,2011-02-15 13:12:00,84,183.202,2,4,3,243,9,At Risk
14177.0,87,13,2209.69,1043,2010-02-26 11:59:00,2011-09-14 15:11:00,565,169.97615384615386,3,5,4,354,12,Potential Loyalists
14178.0,9,7,1600.26,1494,2011-06-10 12:51:00,2011-12-01 12:01:00,174,228.60857142857142,5,4,4,544,13,Champions
14179.0,41,2,701.57,319,2011-10-18 14:00:00,2011-10-30 12:07:00,12,350.785,4,2,3,423,9,New / Promising
14180.0,11,33,6319.25,878,2010-06-09 14:56:00,2011-11-29 10:56:00,538,191.49242424242425,5,5,5,555,15,Champions
14181.0,411,2,308.35,120,2010-05-26 12:32:00,2010-10-25 08:27:00,152,154.175,2,2,2,222,6,Hibernating
14182.0,444,4,678.77,174,2010-04-22 15:36:00,2010-09-22 11:45:00,153,169.6925,1,3,3,133,7,At Risk
14183.0,412,2,278.34000000000003,60,2010-08-15 15:36:00,2010-10-24 14:45:00,70,139.17000000000002,1,2,1,121,4,Hibernating
14184.0,67,1,452.89,127,2011-10-04 12:43:00,2011-10-04 12:43:00,0,452.89,3,1,2,312,6,Needs Attention
14185.0,332,1,197.65,6,2011-01-12 13:52:00,2011-01-12 13:52:00,0,197.65,2,1,1,211,4,Hibernating
14186.0,428,5,1550.63,1550,2010-03-05 11:17:00,2010-10-08 13:30:00,217,310.12600000000003,1,4,4,144,9,At Risk High Value
14187.0,474,1,123.5,50,2010-08-23 12:06:00,2010-08-23 12:06:00,0,123.5,1,1,1,111,3,Hibernating
14188.0,31,6,2054.36,1162,2011-02-02 13:46:00,2011-11-09 12:45:00,280,342.3933333333334,4,4,4,444,12,Champions
14189.0,3,16,5814.39,4646,2010-11-16 09:28:00,2011-12-07 15:55:00,386,363.399375,5,5,5,555,15,Champions
14190.0,667,1,79.9,2,2010-02-11 14:27:00,2010-02-11 14:27:00,0,79.9,1,1,1,111,3,Hibernating
14191.0,2,15,4817.66,3724,2009-12-11 10:48:00,2011-12-08 09:23:00,727,321.1773333333333,5,5,5,555,15,Champions
14192.0,389,1,293.74,218,2010-11-16 17:44:00,2010-11-16 17:44:00,0,293.74,2,1,2,212,5,Hibernating
14193.0,68,3,1210.19,653,2010-11-08 12:31:00,2011-10-03 09:34:00,329,403.3966666666667,3,3,3,333,9,Potential Loyalists
14194.0,5,36,18670.59,10037,2010-01-06 12:16:00,2011-12-05 10:38:00,698,518.6275,5,5,5,555,15,Champions
14195.0,202,6,2615.6,2144,2010-03-15 17:12:00,2011-05-22 10:29:00,433,435.93333333333334,2,4,4,244,10,At Risk High Value
14196.0,107,1,335.52,142,2011-08-25 10:25:00,2011-08-25 10:25:00,0,335.52,3,1,2,312,6,Needs Attention
14197.0,411,1,390.05,143,2010-10-25 10:01:00,2010-10-25 10:01:00,0,390.05,2,1,2,212,5,Hibernating
14198.0,19,9,1569.73,623,2010-01-05 10:07:00,2011-11-21 16:35:00,685,174.41444444444446,5,5,4,554,14,Champions
14199.0,219,4,1091.7,254,2010-06-27 12:13:00,2011-05-05 13:44:00,312,272.925,2,3,3,233,8,At Risk
14200.0,618,1,379.2,140,2010-04-01 13:01:00,2010-04-01 13:01:00,0,379.2,1,1,2,112,4,Hibernating
14201.0,61,10,1193.54,806,2010-04-30 13:00:00,2011-10-10 13:27:00,528,119.354,3,5,3,353,11,Potential Loyalists
14202.0,382,3,847.76,166,2010-03-25 10:36:00,2010-11-23 17:13:00,243,282.58666666666664,2,3,3,233,8,At Risk
14203.0,398,1,339.34,80,2010-11-07 13:35:00,2010-11-07 13:35:00,0,339.34,2,1,2,212,5,Hibernating
14204.0,3,4,1024.83,469,2009-12-02 13:26:00,2011-12-07 13:38:00,735,256.2075,5,3,3,533,11,Loyal Customers
14205.0,17,9,2414.2,1342,2010-03-07 12:20:00,2011-11-23 10:55:00,626,268.2444444444444,5,5,4,554,14,Champions
14206.0,240,3,1185.01,930,2010-11-02 11:37:00,2011-04-14 16:38:00,163,395.00333333333333,2,3,3,233,8,At Risk
14207.0,688,1,157.8,36,2010-01-21 09:33:00,2010-01-21 09:33:00,0,157.8,1,1,1,111,3,Hibernating
14208.0,95,2,567.05,529,2010-06-06 13:11:00,2011-09-06 12:48:00,457,283.525,3,2,2,322,7,Needs Attention
14209.0,11,15,4993.27,1739,2010-01-22 10:28:00,2011-11-29 10:18:00,676,332.8846666666667,5,5,5,555,15,Champions
14210.0,106,16,5861.52,2604,2010-01-06 10:17:00,2011-08-26 12:36:00,597,366.345,3,5,5,355,13,Potential Loyalists
14211.0,54,18,4402.29,2575,2009-12-09 12:48:00,2011-10-17 13:23:00,677,244.57166666666666,4,5,5,455,14,Champions
14212.0,90,2,2190.14,2046,2010-09-20 11:48:00,2011-09-11 12:45:00,356,1095.07,3,2,4,324,9,Needs Attention
14213.0,405,1,1192.2,244,2010-10-31 10:37:00,2010-10-31 10:37:00,0,1192.2,2,1,3,213,6,Hibernating
14214.0,31,5,1004.38,751,2011-03-07 12:26:00,2011-11-09 10:31:00,247,200.876,4,4,3,443,11,Loyal Customers
14215.0,12,9,3416.33,2285,2009-12-08 09:35:00,2011-11-28 12:19:00,720,379.59222222222223,5,5,5,555,15,Champions
14216.0,4,5,2150.04,712,2010-10-21 15:07:00,2011-12-06 14:56:00,411,430.008,5,4,4,544,13,Champions
14217.0,2,23,3416.89,1256,2010-06-30 12:54:00,2011-12-08 11:53:00,526,148.5604347826087,5,5,5,555,15,Champions
14218.0,43,1,169.48000000000002,160,2011-10-28 10:00:00,2011-10-28 10:00:00,0,169.48000000000002,4,1,1,411,6,New / Promising
14219.0,5,3,633.83,363,2010-08-03 14:42:00,2011-12-05 16:23:00,489,211.27666666666667,5,3,3,533,11,Loyal Customers
14220.0,248,4,1515.0,468,2010-05-19 13:26:00,2011-04-06 13:23:00,322,378.75,2,3,4,234,9,At Risk
14221.0,43,17,6517.49,3808,2010-04-06 14:10:00,2011-10-28 13:42:00,570,383.38176470588235,4,5,5,455,14,Champions
14222.0,178,1,683.17,607,2011-06-15 16:42:00,2011-06-15 16:42:00,0,683.17,3,1,3,313,7,Needs Attention
14223.0,93,3,991.13,585,2011-03-20 16:02:00,2011-09-08 13:38:00,172,330.37666666666667,3,3,3,333,9,Potential Loyalists
14224.0,111,9,1841.71,826,2010-06-13 13:46:00,2011-08-21 13:24:00,434,204.63444444444445,3,5,4,354,12,Potential Loyalists
14225.0,435,4,2031.07,1167,2010-01-12 15:02:00,2010-10-01 10:32:00,262,507.7675,1,3,4,134,8,At Risk
14226.0,29,6,2985.13,1714,2010-09-24 14:32:00,2011-11-11 11:34:00,413,497.5216666666667,4,4,5,445,13,Champions
14227.0,27,15,6368.71,4048,2010-02-08 09:38:00,2011-11-13 15:48:00,643,424.5806666666667,4,5,5,455,14,Champions
14228.0,438,3,745.5,260,2010-06-11 12:29:00,2010-09-28 09:45:00,109,248.5,1,3,3,133,7,At Risk
14229.0,52,7,2594.04,934,2010-08-25 11:47:00,2011-10-19 10:04:00,420,370.57714285714286,4,4,4,444,12,Champions
14230.0,436,3,979.8000000000001,246,2010-06-09 13:56:00,2010-09-30 09:07:00,113,326.6,1,3,3,133,7,At Risk
14231.0,184,4,1235.6200000000001,610,2010-09-15 09:52:00,2011-06-09 11:05:00,267,308.90500000000003,3,3,3,333,9,Potential Loyalists
14232.0,43,5,2048.07,1941,2011-03-20 12:44:00,2011-10-28 11:09:00,222,409.61400000000003,4,4,4,444,12,Champions
14233.0,50,7,2904.27,1261,2010-03-05 16:35:00,2011-10-21 15:54:00,595,414.8957142857143,4,4,4,444,12,Champions
14234.0,23,4,754.12,951,2011-10-13 13:58:00,2011-11-17 17:53:00,35,188.53,4,3,3,433,10,Loyal Customers
14235.0,76,9,4717.99,3014,2010-03-30 13:36:00,2011-09-25 14:37:00,544,524.2211111111111,3,5,5,355,13,Potential Loyalists
14236.0,81,5,1744.64,812,2010-07-22 14:27:00,2011-09-20 09:13:00,425,348.928,3,4,4,344,11,Potential Loyalists
14237.0,374,2,632.14,276,2010-04-28 10:04:00,2010-12-01 13:20:00,217,316.07,2,2,3,223,7,Hibernating
14238.0,327,3,434.23,189,2009-12-05 10:58:00,2011-01-17 14:40:00,408,144.74333333333334,2,3,2,232,7,At Risk
14239.0,44,21,4263.17,1729,2009-12-05 12:36:00,2011-10-27 14:40:00,691,203.00809523809525,4,5,5,455,14,Champions
14240.0,31,3,1247.49,655,2010-10-12 12:48:00,2011-11-09 13:45:00,393,415.83,4,3,4,434,11,Loyal Customers
14241.0,184,2,333.7,242,2010-01-12 15:11:00,2011-06-09 11:46:00,513,166.85,3,2,2,322,7,Needs Attention
14242.0,235,2,280.55,123,2011-01-18 08:53:00,2011-04-19 11:46:00,91,140.275,2,2,1,221,5,Hibernating
14243.0,9,17,7431.05,3687,2010-08-20 13:41:00,2011-12-01 11:12:00,468,437.1205882352941,5,5,5,555,15,Champions
14244.0,661,1,366.41999999999996,814,2010-02-17 11:40:00,2010-02-17 11:40:00,0,366.41999999999996,1,1,2,112,4,Hibernating
14245.0,220,2,1693.45,976,2011-03-21 10:41:00,2011-05-04 08:40:00,44,846.725,2,2,4,224,8,Hibernating
14246.0,111,3,1474.06,804,2011-04-08 08:25:00,2011-08-21 11:50:00,135,491.3533333333333,3,3,4,334,10,Potential Loyalists
14247.0,279,5,753.56,378,2010-06-06 15:07:00,2011-03-06 15:21:00,273,150.712,2,4,3,243,9,At Risk
14248.0,319,3,1032.95,692,2010-07-12 14:27:00,2011-01-25 14:45:00,197,344.31666666666666,2,3,3,233,8,At Risk
14249.0,411,12,5400.461,2383,2010-01-29 14:21:00,2010-10-25 12:34:00,269,450.0384166666667,2,5,5,255,12,At Risk High Value
14250.0,8,3,1904.05,1200,2011-09-11 13:44:00,2011-12-02 14:30:00,82,634.6833333333333,5,3,4,534,12,Loyal Customers
14251.0,2,5,2879.7000000000003,1674,2011-10-13 12:46:00,2011-12-08 08:32:00,56,575.94,5,4,4,544,13,Champions
14252.0,382,1,350.99,111,2010-11-23 13:36:00,2010-11-23 13:36:00,0,350.99,2,1,2,212,5,Hibernating
14253.0,494,2,363.40000000000003,88,2010-03-26 15:08:00,2010-08-03 14:55:00,130,181.70000000000002,1,2,2,122,5,Hibernating
14254.0,433,1,601.03,263,2010-10-03 11:52:00,2010-10-03 11:52:00,0,601.03,1,1,2,112,4,Hibernating
14255.0,547,1,1000.63,1,2010-06-11 15:54:00,2010-06-11 15:54:00,0,1000.63,1,1,3,113,5,Hibernating
14256.0,261,5,2460.79,1147,2010-01-14 10:35:00,2011-03-24 13:17:00,434,492.158,2,4,4,244,10,At Risk High Value
14257.0,65,9,5954.45,3332,2010-03-01 15:36:00,2011-10-06 16:54:00,584,661.6055555555555,3,5,5,355,13,Potential Loyalists
14258.0,10,25,32051.34,17488,2009-12-04 08:36:00,2011-11-30 15:27:00,726,1282.0536,5,5,5,555,15,Champions
14259.0,142,1,120.0,68,2011-07-21 10:44:00,2011-07-21 10:44:00,0,120.0,3,1,1,311,5,Needs Attention
14260.0,472,3,824.28,544,2010-06-09 11:23:00,2010-08-25 14:55:00,77,274.76,1,3,3,133,7,At Risk
14261.0,51,2,1163.45,406,2011-09-22 10:47:00,2011-10-20 10:04:00,28,581.725,4,2,3,423,9,New / Promising
14262.0,9,8,2618.23,1645,2011-04-13 12:23:00,2011-12-01 14:17:00,232,327.27875,5,4,4,544,13,Champions
14263.0,424,1,322.93,171,2010-10-12 14:09:00,2010-10-12 14:09:00,0,322.93,1,1,2,112,4,Hibernating
14264.0,155,6,1517.3600000000001,553,2010-04-07 13:21:00,2011-07-08 10:20:00,457,252.89333333333335,3,4,4,344,11,Potential Loyalists
14265.0,110,4,1373.35,715,2010-04-06 14:39:00,2011-08-22 13:32:00,503,343.3375,3,3,4,334,10,Potential Loyalists
14266.0,429,1,40.56,24,2010-10-07 13:32:00,2010-10-07 13:32:00,0,40.56,1,1,1,111,3,Hibernating
14267.0,163,3,1516.24,530,2011-03-24 11:38:00,2011-06-30 10:09:00,98,505.41333333333336,3,3,4,334,10,Potential Loyalists
14268.0,471,1,354.85,147,2010-08-26 10:45:00,2010-08-26 10:45:00,0,354.85,1,1,2,112,4,Hibernating
14269.0,440,1,295.73,123,2010-09-26 12:53:00,2010-09-26 12:53:00,0,295.73,1,1,2,112,4,Hibernating
14270.0,332,1,492.65000000000003,197,2011-01-12 09:33:00,2011-01-12 09:33:00,0,492.65000000000003,2,1,2,212,5,Hibernating
14271.0,226,2,214.18,148,2010-10-26 17:01:00,2011-04-28 12:47:00,184,107.09,2,2,1,221,5,Hibernating
14272.0,74,4,920.81,1097,2010-05-06 14:01:00,2011-09-27 10:08:00,509,230.2025,3,3,3,333,9,Potential Loyalists
14273.0,52,4,559.97,264,2011-04-11 13:24:00,2011-10-19 13:20:00,191,139.9925,4,3,2,432,9,Loyal Customers
14274.0,687,1,256.6,178,2010-01-22 12:51:00,2010-01-22 12:51:00,0,256.6,1,1,1,111,3,Hibernating
14275.0,396,6,1189.3799999999999,538,2010-04-11 12:32:00,2010-11-09 09:06:00,212,198.23,2,4,3,243,9,At Risk
14276.0,99,7,2102.68,1406,2010-02-17 13:10:00,2011-09-02 09:45:00,562,300.3828571428571,3,4,4,344,11,Potential Loyalists
14277.0,16,9,17197.61,89806,2009-12-13 15:43:00,2011-11-24 15:01:00,711,1910.8455555555556,5,5,5,555,15,Champions
14278.0,410,1,205.83,131,2010-10-26 12:07:00,2010-10-26 12:07:00,0,205.83,2,1,1,211,4,Hibernating
14279.0,521,2,191.86,46,2010-01-27 16:34:00,2010-07-07 08:42:00,161,95.93,1,2,1,121,4,Hibernating
14280.0,197,1,134.04,52,2011-05-27 10:37:00,2011-05-27 10:37:00,0,134.04,2,1,1,211,4,Hibernating
14281.0,409,1,245.15,45,2010-10-27 14:45:00,2010-10-27 14:45:00,0,245.15,2,1,1,211,4,Hibernating
14282.0,4,25,7821.76,5466,2010-02-15 11:22:00,2011-12-06 17:04:00,659,312.8704,5,5,5,555,15,Champions
14283.0,464,4,628.44,550,2010-05-19 12:22:00,2010-09-02 14:46:00,106,157.11,1,3,3,133,7,At Risk
14284.0,31,3,1299.65,510,2010-02-24 12:06:00,2011-11-09 08:11:00,623,433.2166666666667,4,3,4,434,11,Loyal Customers
14285.0,22,8,3284.42,954,2009-12-08 14:13:00,2011-11-18 14:50:00,710,410.5525,4,4,5,445,13,Champions
14286.0,24,7,8479.76,8795,2009-12-04 08:40:00,2011-11-16 10:34:00,712,1211.3942857142858,4,4,5,445,13,Champions
14287.0,9,3,176.63,261,2011-05-25 11:41:00,2011-12-01 13:25:00,190,58.876666666666665,5,3,1,531,9,Loyal Customers
14288.0,214,1,426.6,188,2011-05-10 13:22:00,2011-05-10 13:22:00,0,426.6,2,1,2,212,5,Hibernating
14289.0,9,6,911.26,292,2011-02-23 12:33:00,2011-12-01 11:44:00,281,151.87666666666667,5,4,3,543,12,Loyal Customers
14290.0,12,8,4516.56,1600,2009-12-08 11:44:00,2011-11-28 14:02:00,720,564.57,5,4,5,545,14,Champions
14291.0,2,23,7904.1,6146,2009-12-09 10:46:00,2011-12-08 10:26:00,729,343.6565217391304,5,5,5,555,15,Champions
14292.0,8,16,9226.25,3429,2010-03-19 11:10:00,2011-12-02 11:50:00,623,576.640625,5,5,5,555,15,Champions
14293.0,4,9,3267.9300000000003,1730,2009-12-10 10:57:00,2011-12-06 15:17:00,726,363.10333333333335,5,5,5,555,15,Champions
14294.0,408,1,375.34000000000003,190,2010-10-28 16:25:00,2010-10-28 16:25:00,0,375.34000000000003,2,1,2,212,5,Hibernating
14295.0,41,5,2362.91,1029,2009-12-08 09:49:00,2011-10-30 15:50:00,691,472.582,4,4,4,444,12,Champions
14296.0,422,2,456.4,314,2010-05-14 14:34:00,2010-10-14 14:14:00,153,228.2,1,2,2,122,5,Hibernating
14297.0,18,4,1305.33,865,2011-03-10 08:31:00,2011-11-22 09:06:00,257,326.3325,5,3,4,534,12,Loyal Customers
14298.0,9,82,91194.49,100272,2009-12-11 13:49:00,2011-12-01 13:12:00,720,1112.1279268292683,5,5,5,555,15,Champions
14299.0,9,27,14499.49,8228,2009-12-02 10:58:00,2011-12-01 16:05:00,729,537.0181481481482,5,5,5,555,15,Champions
14300.0,19,1,43.2,32,2011-11-21 08:57:00,2011-11-21 08:57:00,0,43.2,5,1,1,511,7,New / Promising
14301.0,118,4,1992.18,1686,2010-02-11 13:07:00,2011-08-14 15:33:00,549,498.045,3,3,4,334,10,Potential Loyalists
14302.0,431,3,742.9000000000001,298,2009-12-02 08:16:00,2010-10-05 08:10:00,307,247.63333333333335,1,3,3,133,7,At Risk
14303.0,408,2,277.94,218,2010-10-01 10:31:00,2010-10-28 15:37:00,27,138.97,2,2,1,221,5,Hibernating
14304.0,223,3,1725.01,775,2010-05-18 10:50:00,2011-05-01 11:50:00,348,575.0033333333333,2,3,4,234,9,At Risk
14305.0,72,3,1858.96,1089,2011-07-27 14:14:00,2011-09-29 15:29:00,64,619.6533333333333,3,3,4,334,10,Potential Loyalists
14306.0,52,6,3151.4,2065,2010-01-31 13:42:00,2011-10-19 13:23:00,626,525.2333333333333,4,4,5,445,13,Champions
14307.0,89,10,5071.03,3374,2009-12-07 13:06:00,2011-09-12 09:38:00,644,507.10299999999995,3,5,5,355,13,Potential Loyalists
14308.0,550,2,1147.02,2,2010-06-08 16:39:00,2010-06-08 16:48:00,0,573.51,1,2,3,123,6,Hibernating
14309.0,9,11,3780.81,2583,2010-06-07 10:24:00,2011-12-01 13:33:00,542,343.71,5,5,5,555,15,Champions
14310.0,433,1,492.1,230,2010-10-03 12:34:00,2010-10-03 12:34:00,0,492.1,1,1,2,112,4,Hibernating
14311.0,243,2,516.45,235,2010-05-21 10:28:00,2011-04-11 10:14:00,325,258.225,2,2,2,222,6,Hibernating
14312.0,47,11,3090.29,1904,2010-07-23 15:05:00,2011-10-24 09:46:00,458,280.93545454545455,4,5,5,455,14,Champions
14314.0,107,2,229.79999999999998,332,2010-10-05 08:00:00,2011-08-25 10:39:00,324,114.89999999999999,3,2,1,321,6,Needs Attention
14315.0,45,8,3197.82,1344,2010-03-15 12:49:00,2011-10-26 12:06:00,590,399.7275,4,4,5,445,13,Champions
14316.0,423,5,1370.34,4494,2010-03-19 15:18:00,2010-10-13 16:31:00,208,274.068,1,4,4,144,9,At Risk High Value
14317.0,65,1,508.58,255,2011-10-06 10:44:00,2011-10-06 10:44:00,0,508.58,3,1,2,312,6,Needs Attention
14318.0,461,1,158.02,152,2010-09-05 15:32:00,2010-09-05 15:32:00,0,158.02,1,1,1,111,3,Hibernating
14319.0,425,1,494.85,329,2010-10-11 13:38:00,2010-10-11 13:38:00,0,494.85,1,1,2,112,4,Hibernating
14320.0,207,5,1346.75,713,2010-01-21 11:44:00,2011-05-17 09:24:00,481,269.35,2,4,4,244,10,At Risk High Value
14321.0,11,7,2218.06,3275,2010-08-23 12:56:00,2011-11-29 09:47:00,463,316.86571428571426,5,4,4,544,13,Champions
14322.0,430,4,474.1,158,2010-02-18 08:49:00,2010-10-06 15:17:00,230,118.525,1,3,2,132,6,At Risk
14323.0,115,2,605.0600000000001,350,2011-04-15 11:44:00,2011-08-17 11:37:00,124,302.53000000000003,3,2,2,322,7,Needs Attention
14324.0,410,2,701.61,402,2010-01-15 13:31:00,2010-10-26 11:44:00,284,350.805,2,2,3,223,7,Hibernating
14325.0,570,1,245.48000000000002,320,2010-05-19 09:20:00,2010-05-19 09:20:00,0,245.48000000000002,1,1,1,111,3,Hibernating
14326.0,243,3,940.98,572,2010-06-25 12:10:00,2011-04-11 15:04:00,290,313.66,2,3,3,233,8,At Risk
14327.0,164,6,1894.93,1296,2010-01-08 14:04:00,2011-06-29 13:58:00,537,315.82166666666666,3,4,4,344,11,Potential Loyalists
14328.0,439,1,445.05,1,2010-09-27 16:01:00,2010-09-27 16:01:00,0,445.05,1,1,2,112,4,Hibernating
14329.0,18,15,9887.62,5913,2009-12-16 15:31:00,2011-11-22 15:50:00,706,659.1746666666667,5,5,5,555,15,Champions
14330.0,624,1,200.63,103,2010-03-26 09:10:00,2010-03-26 09:10:00,0,200.63,1,1,1,111,3,Hibernating
14331.0,125,2,462.66,252,2011-07-27 15:14:00,2011-08-07 13:17:00,11,231.33,3,2,2,322,7,Needs Attention
14332.0,23,5,1917.41,875,2010-10-19 13:01:00,2011-11-17 11:54:00,394,383.482,4,4,4,444,12,Champions
14333.0,68,1,415.2,58,2011-10-03 10:38:00,2011-10-03 10:38:00,0,415.2,3,1,2,312,6,Needs Attention
14334.0,17,12,4318.4800000000005,2986,2010-05-20 10:04:00,2011-11-23 10:01:00,552,359.8733333333334,5,5,5,555,15,Champions
14335.0,17,2,454.86,375,2011-09-04 13:07:00,2011-11-23 13:41:00,80,227.43,5,2,2,522,9,New / Promising
14336.0,17,4,1614.91,1759,2011-03-08 16:48:00,2011-11-23 11:40:00,260,403.7275,5,3,4,534,12,Loyal Customers
14338.0,162,3,928.1,622,2010-06-21 10:32:00,2011-07-01 14:08:00,375,309.3666666666667,3,3,3,333,9,Potential Loyalists
14339.0,243,2,620.27,456,2010-10-07 08:50:00,2011-04-11 11:06:00,186,310.135,2,2,3,223,7,Hibernating
14340.0,219,1,134.7,58,2011-05-05 09:44:00,2011-05-05 09:44:00,0,134.7,2,1,1,211,4,Hibernating
14341.0,46,18,4452.02,2813,2009-12-01 12:20:00,2011-10-25 15:48:00,693,247.33444444444447,4,5,5,455,14,Champions
14342.0,22,6,918.44,521,2010-08-24 13:03:00,2011-11-18 13:21:00,451,153.07333333333335,4,4,3,443,11,Loyal Customers
14343.0,422,4,1079.66,626,2010-01-18 16:47:00,2010-10-14 13:05:00,269,269.915,1,3,3,133,7,At Risk
14344.0,128,20,3333.7000000000003,1669,2010-03-23 15:47:00,2011-08-04 13:51:00,499,166.685,3,5,5,355,13,Potential Loyalists
14345.0,39,1,108.98,50,2011-11-01 09:51:00,2011-11-01 09:51:00,0,108.98,4,1,1,411,6,New / Promising
14346.0,121,5,2315.75,1878,2010-07-30 10:44:00,2011-08-11 09:47:00,377,463.15,3,4,4,344,11,Potential Loyalists
14347.0,737,1,82.60000000000001,48,2009-12-03 10:49:00,2009-12-03 10:49:00,0,82.60000000000001,1,1,1,111,3,Hibernating
14348.0,261,1,409.57,183,2011-03-24 16:23:00,2011-03-24 16:23:00,0,409.57,2,1,2,212,5,Hibernating
14349.0,11,1,133.5,86,2011-11-29 15:39:00,2011-11-29 15:39:00,0,133.5,5,1,1,511,7,New / Promising
14350.0,275,3,972.03,543,2010-10-05 15:52:00,2011-03-10 14:14:00,156,324.01,2,3,3,233,8,At Risk
14351.0,165,1,51.0,12,2011-06-28 11:56:00,2011-06-28 11:56:00,0,51.0,3,1,1,311,5,Needs Attention
14352.0,158,4,1078.96,538,2011-03-11 14:58:00,2011-07-05 15:41:00,116,269.74,3,3,3,333,9,Potential Loyalists
14353.0,216,3,376.5,344,2010-10-04 12:38:00,2011-05-08 16:06:00,216,125.5,2,3,2,232,7,At Risk
14354.0,6,2,163.62,210,2011-11-09 15:36:00,2011-12-04 11:32:00,25,81.81,5,2,1,521,8,New / Promising
14355.0,366,3,1014.45,709,2010-03-22 15:08:00,2010-12-09 12:16:00,262,338.15000000000003,2,3,3,233,8,At Risk
14356.0,80,2,701.23,277,2011-09-19 14:43:00,2011-09-21 09:18:00,2,350.615,3,2,3,323,8,Needs Attention
14357.0,44,1,225.12,147,2011-10-27 16:23:00,2011-10-27 16:23:00,0,225.12,4,1,1,411,6,New / Promising
14358.0,390,2,400.06,338,2010-10-07 17:26:00,2010-11-15 15:51:00,39,200.03,2,2,2,222,6,Hibernating
14359.0,20,3,912.1800000000001,371,2011-09-13 09:03:00,2011-11-20 13:17:00,68,304.06,5,3,3,533,11,Loyal Customers
14360.0,32,4,2118.03,1139,2011-09-06 11:58:00,2011-11-08 09:12:00,63,529.5075,4,3,4,434,11,Loyal Customers
14361.0,579,1,214.71,251,2010-05-10 12:29:00,2010-05-10 12:29:00,0,214.71,1,1,1,111,3,Hibernating
14362.0,23,1,151.5,96,2011-11-17 15:08:00,2011-11-17 15:08:00,0,151.5,4,1,1,411,6,New / Promising
14363.0,403,2,227.47000000000003,105,2010-09-14 14:39:00,2010-11-02 17:01:00,49,113.73500000000001,2,2,1,221,5,Hibernating
14364.0,109,8,3717.35,1967,2011-05-12 12:56:00,2011-08-23 11:01:00,103,464.66875,3,4,5,345,12,Potential Loyalists
14365.0,395,2,634.68,557,2010-01-27 09:44:00,2010-11-10 09:52:00,287,317.34,2,2,3,223,7,Hibernating
14366.0,526,1,136.0,16,2010-07-02 17:23:00,2010-07-02 17:23:00,0,136.0,1,1,1,111,3,Hibernating
14367.0,9,16,9227.82,4426,2011-03-08 14:12:00,2011-12-01 13:19:00,268,576.73875,5,5,5,555,15,Champions
14368.0,320,1,155.0,36,2011-01-24 09:52:00,2011-01-24 09:52:00,0,155.0,2,1,1,211,4,Hibernating
14369.0,643,2,469.13,255,2010-02-16 10:28:00,2010-03-07 15:47:00,19,234.565,1,2,2,122,5,Hibernating
14370.0,451,6,1175.78,266,2010-02-01 08:35:00,2010-09-15 10:53:00,226,195.96333333333334,1,4,3,143,8,At Risk
14371.0,296,1,100.5,34,2011-02-17 16:35:00,2011-02-17 16:35:00,0,100.5,2,1,1,211,4,Hibernating
14372.0,444,2,860.08,378,2010-04-19 15:57:00,2010-09-22 16:17:00,156,430.04,1,2,3,123,6,Hibernating
14373.0,359,1,76.55,17,2010-12-16 15:40:00,2010-12-16 15:40:00,0,76.55,2,1,1,211,4,Hibernating
14374.0,542,1,108.0,20,2010-06-16 14:25:00,2010-06-16 14:25:00,0,108.0,1,1,1,111,3,Hibernating
14375.0,186,3,1106.82,647,2010-06-16 14:34:00,2011-06-07 13:44:00,356,368.94,3,3,3,333,9,Potential Loyalists
14376.0,684,1,215.46,50,2010-01-25 15:36:00,2010-01-25 15:36:00,0,215.46,1,1,1,111,3,Hibernating
14377.0,192,2,617.05,219,2011-03-22 13:38:00,2011-06-01 13:32:00,71,308.525,2,2,3,223,7,Hibernating
14378.0,622,1,131.25,57,2010-03-28 12:22:00,2010-03-28 12:22:00,0,131.25,1,1,1,111,3,Hibernating
14379.0,45,4,1265.16,712,2010-08-16 15:31:00,2011-10-26 16:43:00,436,316.29,4,3,4,434,11,Loyal Customers
14380.0,683,1,48.96,1,2010-01-26 17:11:00,2010-01-26 17:11:00,0,48.96,1,1,1,111,3,Hibernating
14381.0,53,2,625.94,449,2010-09-14 16:15:00,2011-10-18 17:10:00,399,312.97,4,2,3,423,9,New / Promising
14382.0,27,2,1193.6299999999999,1667,2010-11-14 16:32:00,2011-11-13 16:18:00,364,596.8149999999999,4,2,3,423,9,New / Promising
14383.0,39,3,1247.69,817,2011-06-29 10:18:00,2011-11-01 15:53:00,125,415.8966666666667,4,3,4,434,11,Loyal Customers
14384.0,501,1,58.5,30,2010-07-27 09:53:00,2010-07-27 09:53:00,0,58.5,1,1,1,111,3,Hibernating
14385.0,10,3,202.10999999999999,159,2011-11-16 11:55:00,2011-11-30 15:36:00,14,67.36999999999999,5,3,1,531,9,Loyal Customers
14386.0,297,1,142.4,54,2011-02-16 09:45:00,2011-02-16 09:45:00,0,142.4,2,1,1,211,4,Hibernating
14387.0,33,3,1727.6,795,2011-08-22 14:13:00,2011-11-07 12:29:00,77,575.8666666666667,4,3,4,434,11,Loyal Customers
14388.0,11,16,6701.0,4360,2010-01-20 11:54:00,2011-11-29 13:32:00,678,418.8125,5,5,5,555,15,Champions
14389.0,66,5,1898.01,1388,2010-04-28 14:57:00,2011-10-05 15:17:00,525,379.602,3,4,4,344,11,Potential Loyalists
14390.0,11,13,6373.7300000000005,2904,2010-10-10 14:30:00,2011-11-29 13:49:00,415,490.28692307692313,5,5,5,555,15,Champions
14391.0,577,1,135.6,168,2010-05-12 09:42:00,2010-05-12 09:42:00,0,135.6,1,1,1,111,3,Hibernating
14392.0,433,1,266.4,114,2010-10-03 12:56:00,2010-10-03 12:56:00,0,266.4,1,1,1,111,3,Hibernating
14393.0,219,1,67.95,13,2011-05-05 18:16:00,2011-05-05 18:16:00,0,67.95,2,1,1,211,4,Hibernating
14394.0,565,1,93.8,58,2010-05-24 10:43:00,2010-05-24 10:43:00,0,93.8,1,1,1,111,3,Hibernating
14395.0,3,20,8110.61,4046,2010-04-18 13:12:00,2011-12-07 14:34:00,598,405.53049999999996,5,5,5,555,15,Champions
14396.0,66,7,2079.73,998,2009-12-02 14:21:00,2011-10-05 16:09:00,672,297.1042857142857,3,4,4,344,11,Potential Loyalists
14397.0,3,19,2612.96,1890,2011-05-10 12:25:00,2011-12-07 09:22:00,211,137.52421052631578,5,5,4,554,14,Champions
14398.0,402,2,707.79,267,2010-06-30 11:57:00,2010-11-03 13:46:00,126,353.895,2,2,3,223,7,Hibernating
14399.0,395,8,2108.21,965,2010-02-03 13:09:00,2010-11-10 13:23:00,280,263.52625,2,4,4,244,10,At Risk High Value
14400.0,150,3,1732.47,1706,2010-03-18 12:11:00,2011-07-13 15:50:00,482,577.49,3,3,4,334,10,Potential Loyalists
14401.0,5,22,6795.9,6401,2009-12-14 13:22:00,2011-12-05 13:30:00,721,308.9045454545454,5,5,5,555,15,Champions
14402.0,653,1,285.6,240,2010-02-25 13:20:00,2010-02-25 13:20:00,0,285.6,1,1,1,111,3,Hibernating
14403.0,131,6,1880.51,737,2010-03-10 14:00:00,2011-08-01 12:57:00,509,313.41833333333335,3,4,4,344,11,Potential Loyalists
14404.0,34,13,2853.36,1633,2009-12-20 14:40:00,2011-11-06 12:30:00,686,219.48923076923077,4,5,4,454,13,Champions
14405.0,387,1,195.0,100,2010-11-18 11:40:00,2010-11-18 11:40:00,0,195.0,2,1,1,211,4,Hibernating
14406.0,120,1,156.75,77,2011-08-12 16:54:00,2011-08-12 16:54:00,0,156.75,3,1,1,311,5,Needs Attention
14407.0,108,6,2157.73,1415,2011-03-08 11:59:00,2011-08-24 14:02:00,169,359.62166666666667,3,4,4,344,11,Potential Loyalists
14408.0,11,11,4102.27,2438,2009-12-07 12:18:00,2011-11-29 11:41:00,722,372.9336363636364,5,5,5,555,15,Champions
14409.0,72,9,3756.09,2401,2010-05-21 16:45:00,2011-09-29 18:18:00,496,417.34333333333336,3,5,5,355,13,Potential Loyalists
14410.0,93,11,2631.9,1369,2010-09-28 15:46:00,2011-09-08 15:08:00,345,239.26363636363638,3,5,4,354,12,Potential Loyalists
14411.0,311,1,1063.0,196,2011-02-02 10:56:00,2011-02-02 10:56:00,0,1063.0,2,1,3,213,6,Hibernating
14412.0,43,3,1426.19,1428,2010-10-11 12:33:00,2011-10-28 10:45:00,382,475.3966666666667,4,3,4,434,11,Loyal Customers
14413.0,363,4,764.52,277,2010-01-19 14:27:00,2010-12-12 13:37:00,327,191.13,2,3,3,233,8,At Risk
14414.0,92,8,2399.33,2877,2010-11-30 10:12:00,2011-09-09 12:09:00,283,299.91625,3,4,4,344,11,Potential Loyalists
14415.0,2,23,11980.09,6263,2009-12-16 14:08:00,2011-12-08 14:38:00,722,520.8734782608695,5,5,5,555,15,Champions
14416.0,23,2,490.22,326,2011-10-28 15:10:00,2011-11-17 15:22:00,20,245.11,4,2,2,422,8,New / Promising
14417.0,388,1,524.65,543,2010-11-17 10:55:00,2010-11-17 10:55:00,0,524.65,2,1,2,212,5,Hibernating
14418.0,4,3,1937.25,1711,2011-08-23 17:18:00,2011-12-06 11:39:00,105,645.75,5,3,4,534,12,Loyal Customers
14419.0,11,7,1254.64,552,2010-11-22 11:09:00,2011-11-29 11:22:00,372,179.23428571428573,5,4,4,544,13,Champions
14420.0,100,4,1639.17,1120,2010-01-17 12:41:00,2011-09-01 18:07:00,592,409.7925,3,3,4,334,10,Potential Loyalists
14421.0,58,6,2469.37,1342,2010-01-17 11:30:00,2011-10-13 13:24:00,634,411.56166666666667,4,4,4,444,12,Champions
14422.0,1,19,10271.52,6067,2009-12-17 12:12:00,2011-12-09 11:26:00,722,540.6063157894737,5,5,5,555,15,Champions
14423.0,219,3,916.61,419,2010-01-14 11:49:00,2011-05-05 15:12:00,476,305.5366666666667,2,3,3,233,8,At Risk
14424.0,18,1,322.08,48,2011-11-22 11:48:00,2011-11-22 11:48:00,0,322.08,5,1,2,512,8,New / Promising
14425.0,435,3,661.39,325,2009-12-02 11:31:00,2010-10-01 10:24:00,303,220.46333333333334,1,3,3,133,7,At Risk
14426.0,24,17,11727.94,7023,2010-03-04 14:36:00,2011-11-16 12:25:00,622,689.8788235294118,4,5,5,455,14,Champions
14427.0,51,4,1263.52,538,2010-03-18 09:49:00,2011-10-20 14:23:00,581,315.88,4,3,4,434,11,Loyal Customers
14428.0,8,5,1224.06,428,2011-01-18 16:39:00,2011-12-02 13:17:00,318,244.81199999999998,5,4,3,543,12,Loyal Customers
14429.0,404,1,516.28,286,2010-11-01 10:08:00,2010-11-01 10:08:00,0,516.28,2,1,2,212,5,Hibernating
14430.0,512,3,1220.9,446,2010-04-11 15:59:00,2010-07-16 11:35:00,96,406.9666666666667,1,3,3,133,7,At Risk
14431.0,303,4,2614.2,1202,2010-01-21 10:49:00,2011-02-10 10:40:00,385,653.55,2,3,4,234,9,At Risk
14432.0,10,6,2248.5,2013,2011-09-11 14:09:00,2011-11-30 08:04:00,80,374.75,5,4,4,544,13,Champions
14433.0,466,1,280.7,131,2010-08-31 12:35:00,2010-08-31 12:35:00,0,280.7,1,1,1,111,3,Hibernating
14434.0,22,6,1372.8,368,2011-09-28 15:31:00,2011-11-18 08:56:00,51,228.79999999999998,4,4,4,444,12,Champions
14435.0,502,1,90.42,282,2010-07-26 12:33:00,2010-07-26 12:33:00,0,90.42,1,1,1,111,3,Hibernating
14436.0,99,2,271.7,297,2010-06-04 11:32:00,2011-09-02 10:13:00,455,135.85,3,2,1,321,6,Needs Attention
14437.0,366,5,936.34,480,2010-05-05 12:20:00,2010-12-09 09:27:00,218,187.268,2,4,3,243,9,At Risk
14438.0,307,1,131.9,82,2011-02-06 14:56:00,2011-02-06 14:56:00,0,131.9,2,1,1,211,4,Hibernating
14439.0,320,5,9443.04,2244,2010-01-21 14:01:00,2011-01-24 11:39:00,368,1888.6080000000002,2,4,5,245,11,At Risk High Value
14440.0,9,13,6638.7300000000005,1755,2009-12-02 12:13:00,2011-12-01 15:42:00,729,510.6715384615385,5,5,5,555,15,Champions
14441.0,1,11,4611.6900000000005,1260,2010-01-18 10:40:00,2011-12-09 09:07:00,690,419.2445454545455,5,5,5,555,15,Champions
14442.0,205,7,5367.02,1431,2010-01-18 12:59:00,2011-05-19 11:36:00,486,766.7171428571429,2,4,5,245,11,At Risk High Value
14443.0,54,5,2386.4700000000003,1520,2010-11-25 14:18:00,2011-10-17 10:10:00,326,477.29400000000004,4,4,4,444,12,Champions
14444.0,457,1,120.44,172,2010-09-09 18:56:00,2010-09-09 18:56:00,0,120.44,1,1,1,111,3,Hibernating
14445.0,456,1,221.65,83,2010-09-10 11:09:00,2010-09-10 11:09:00,0,221.65,1,1,1,111,3,Hibernating
14446.0,1,5,1200.28,1091,2010-11-18 12:08:00,2011-12-09 11:34:00,386,240.05599999999998,5,4,3,543,12,Loyal Customers
14447.0,19,6,1711.73,913,2010-11-04 13:32:00,2011-11-21 08:28:00,382,285.28833333333336,5,4,4,544,13,Champions
14448.0,10,2,375.35,104,2010-12-10 17:26:00,2011-11-30 13:50:00,355,187.675,5,2,2,522,9,New / Promising
14449.0,19,8,2441.2,1746,2010-09-29 13:15:00,2011-11-21 12:06:00,418,305.15,5,4,4,544,13,Champions
14450.0,181,7,1128.44,522,2010-04-08 12:09:00,2011-06-12 10:46:00,430,161.2057142857143,3,4,3,343,10,Potential Loyalists
14451.0,61,12,3258.68,1737,2010-01-17 10:35:00,2011-10-10 13:38:00,631,271.5566666666667,3,5,5,355,13,Potential Loyalists
14452.0,11,4,658.95,285,2010-07-06 13:13:00,2011-11-29 12:06:00,511,164.7375,5,3,3,533,11,Loyal Customers
14453.0,191,1,119.93,49,2011-06-02 14:15:00,2011-06-02 14:15:00,0,119.93,2,1,1,211,4,Hibernating
14454.0,377,5,977.3000000000001,400,2009-12-06 12:56:00,2010-11-28 13:26:00,357,195.46,2,4,3,243,9,At Risk
14455.0,433,4,617.72,706,2010-08-01 13:26:00,2010-10-03 15:48:00,63,154.43,1,3,3,133,7,At Risk
14456.0,6,9,3017.28,2885,2011-07-20 13:06:00,2011-12-04 13:59:00,137,335.25333333333333,5,5,5,555,15,Champions
14457.0,311,1,113.64,88,2011-02-02 09:39:00,2011-02-02 09:39:00,0,113.64,2,1,1,211,4,Hibernating
14458.0,381,1,228.07,317,2010-11-24 12:43:00,2010-11-24 12:43:00,0,228.07,2,1,1,211,4,Hibernating
14459.0,156,2,5375.741,2303,2010-02-26 13:26:00,2011-07-07 13:35:00,496,2687.8705,3,2,5,325,10,Needs Attention
14460.0,111,9,1093.5,1879,2009-12-15 19:06:00,2011-08-21 14:19:00,614,121.5,3,5,3,353,11,Potential Loyalists
14461.0,149,13,6676.91,3005,2010-01-18 12:48:00,2011-07-14 17:11:00,542,513.6084615384615,3,5,5,355,13,Potential Loyalists
14462.0,67,12,2242.81,1063,2010-10-03 14:13:00,2011-10-04 15:55:00,366,186.90083333333334,3,5,4,354,12,Potential Loyalists
14463.0,99,4,786.5699999999999,210,2010-07-28 11:35:00,2011-09-02 15:20:00,401,196.64249999999998,3,3,3,333,9,Potential Loyalists
14464.0,569,2,111.0,62,2010-03-22 15:20:00,2010-05-20 18:00:00,59,55.5,1,2,1,121,4,Hibernating
14465.0,247,11,3925.85,2539,2010-01-07 15:03:00,2011-04-07 12:38:00,455,356.8954545454545,2,5,5,255,12,At Risk High Value
14466.0,30,13,4646.9,2644,2009-12-13 15:44:00,2011-11-10 14:07:00,697,357.45384615384614,4,5,5,455,14,Champions
14467.0,18,12,2203.2400000000002,1187,2009-12-02 12:44:00,2011-11-22 12:48:00,720,183.60333333333335,5,5,4,554,14,Champions
14468.0,734,1,204.24,164,2009-12-06 12:21:00,2009-12-06 12:21:00,0,204.24,1,1,1,111,3,Hibernating
14469.0,417,4,2093.46,973,2010-01-29 11:12:00,2010-10-19 14:30:00,263,523.365,1,3,4,134,8,At Risk
14470.0,12,3,712.04,282,2010-10-05 12:39:00,2011-11-28 10:31:00,419,237.34666666666666,5,3,3,533,11,Loyal Customers
14471.0,592,2,400.95,187,2009-12-07 12:26:00,2010-04-27 17:12:00,141,200.475,1,2,2,122,5,Hibernating
14472.0,104,9,2118.72,1271,2010-01-19 13:09:00,2011-08-28 11:01:00,586,235.4133333333333,3,5,4,354,12,Potential Loyalists
14473.0,75,2,234.34,88,2011-03-02 13:56:00,2011-09-26 15:10:00,208,117.17,3,2,1,321,6,Needs Attention
14474.0,47,2,1258.89,448,2010-05-09 12:12:00,2011-10-24 13:26:00,533,629.445,4,2,4,424,10,New / Promising
14475.0,72,4,1151.15,541,2010-10-27 09:20:00,2011-09-29 10:46:00,337,287.7875,3,3,3,333,9,Potential Loyalists
14476.0,258,1,193.0,110,2011-03-27 15:39:00,2011-03-27 15:39:00,0,193.0,2,1,1,211,4,Hibernating
14477.0,20,7,1969.6,1120,2010-01-04 15:41:00,2011-11-20 11:11:00,685,281.37142857142857,5,4,4,544,13,Champions
14478.0,383,4,1276.66,1226,2009-12-01 13:20:00,2010-11-22 15:29:00,356,319.165,2,3,4,234,9,At Risk
14479.0,254,4,1299.11,620,2009-12-06 13:48:00,2011-03-31 09:07:00,480,324.7775,2,3,4,234,9,At Risk
14480.0,12,4,1299.52,670,2009-12-21 16:32:00,2011-11-28 16:35:00,707,324.88,5,3,4,534,12,Loyal Customers
14481.0,165,5,2284.69,1568,2010-01-31 12:43:00,2011-06-28 10:38:00,513,456.938,3,4,4,344,11,Potential Loyalists
14482.0,19,12,4306.72,2869,2010-08-26 14:13:00,2011-11-21 13:14:00,452,358.8933333333334,5,5,5,555,15,Champions
14483.0,282,2,257.1,193,2009-12-03 10:16:00,2011-03-03 10:26:00,455,128.55,2,2,1,221,5,Hibernating
14484.0,51,4,1070.98,744,2009-12-17 10:57:00,2011-10-20 14:11:00,672,267.745,4,3,3,433,10,Loyal Customers
14485.0,39,1,162.8,70,2011-11-01 12:25:00,2011-11-01 12:25:00,0,162.8,4,1,1,411,6,New / Promising
14486.0,512,2,175.5,90,2010-06-04 10:30:00,2010-07-16 09:42:00,42,87.75,1,2,1,121,4,Hibernating
14487.0,27,7,1391.3700000000001,798,2010-11-25 13:36:00,2011-11-13 12:17:00,353,198.7671428571429,4,4,4,444,12,Champions
14488.0,68,1,1064.28,799,2011-10-03 09:30:00,2011-10-03 09:30:00,0,1064.28,3,1,3,313,7,Needs Attention
14489.0,208,4,1574.93,1011,2010-04-06 09:52:00,2011-05-16 14:51:00,405,393.7325,2,3,4,234,9,At Risk
14490.0,407,2,1273.47,933,2010-10-07 11:36:00,2010-10-29 15:04:00,22,636.735,2,2,4,224,8,Hibernating
14491.0,176,2,468.13,179,2010-12-02 12:10:00,2011-06-17 15:22:00,197,234.065,3,2,2,322,7,Needs Attention
14492.0,431,7,1921.91,751,2010-03-30 14:23:00,2010-10-05 13:21:00,189,274.55857142857144,1,4,4,144,9,At Risk High Value
14493.0,8,10,5087.86,3148,2010-03-08 08:33:00,2011-12-02 16:14:00,634,508.78599999999994,5,5,5,555,15,Champions
14494.0,26,3,401.46,210,2009-12-08 13:25:00,2011-11-14 09:21:00,706,133.82,4,3,2,432,9,Loyal Customers
14495.0,51,3,174.8,68,2010-02-18 08:49:00,2011-10-20 12:28:00,609,58.26666666666667,4,3,1,431,8,Loyal Customers
14496.0,312,7,2668.23,991,2010-03-16 13:15:00,2011-02-01 09:01:00,322,381.17571428571426,2,4,4,244,10,At Risk High Value
14497.0,310,2,697.0600000000001,332,2010-02-04 09:59:00,2011-02-03 17:01:00,364,348.53000000000003,2,2,3,223,7,Hibernating
14498.0,43,10,3900.83,2120,2010-06-07 16:05:00,2011-10-28 12:09:00,508,390.08299999999997,4,5,5,455,14,Champions
14499.0,27,7,2101.79,1231,2010-08-27 11:57:00,2011-11-13 13:01:00,443,300.2557142857143,4,4,4,444,12,Champions
14500.0,89,3,356.85,117,2011-06-03 10:08:00,2011-09-12 16:45:00,101,118.95,3,3,2,332,8,Potential Loyalists
14501.0,184,2,251.21,161,2011-01-24 10:43:00,2011-06-09 12:02:00,136,125.605,3,2,1,321,6,Needs Attention
14502.0,20,11,2429.83,1480,2011-01-30 15:52:00,2011-11-20 11:50:00,294,220.89363636363635,5,5,4,554,14,Champions
14503.0,4,6,3543.26,2004,2011-06-14 10:00:00,2011-12-06 13:30:00,175,590.5433333333334,5,4,5,545,14,Champions
14504.0,48,4,673.26,308,2011-03-06 14:38:00,2011-10-23 16:00:00,231,168.315,4,3,3,433,10,Loyal Customers
14505.0,18,19,11879.08,5325,2009-12-09 14:48:00,2011-11-22 15:45:00,713,625.2147368421053,5,5,5,555,15,Champions
14506.0,18,7,3217.25,1042,2010-04-19 08:27:00,2011-11-22 13:02:00,582,459.60714285714283,5,4,5,545,14,Champions
14507.0,24,11,3216.7400000000002,1491,2009-12-10 17:04:00,2011-11-16 12:21:00,706,292.4309090909091,4,5,5,455,14,Champions
14508.0,23,5,822.92,347,2010-06-17 13:02:00,2011-11-17 19:48:00,518,164.584,4,4,3,443,11,Loyal Customers
14509.0,535,1,110.95,38,2010-06-23 13:21:00,2010-06-23 13:21:00,0,110.95,1,1,1,111,3,Hibernating
14510.0,376,3,979.85,793,2010-09-29 13:35:00,2010-11-29 12:46:00,61,326.6166666666667,2,3,3,233,8,At Risk
14511.0,12,5,1314.81,784,2011-07-29 12:13:00,2011-11-28 17:05:00,122,262.962,5,4,4,544,13,Champions
14512.0,188,7,1215.97,736,2009-12-07 13:49:00,2011-06-05 12:39:00,545,173.71,3,4,3,343,10,Potential Loyalists
14513.0,101,6,788.01,593,2010-05-20 17:57:00,2011-08-31 11:25:00,468,131.335,3,4,3,343,10,Potential Loyalists
14514.0,62,9,4380.04,2362,2009-12-13 13:21:00,2011-10-09 16:05:00,665,486.6711111111111,3,5,5,355,13,Potential Loyalists
14515.0,18,12,3724.06,1893,2010-06-07 12:37:00,2011-11-22 11:37:00,533,310.3383333333333,5,5,5,555,15,Champions
14516.0,517,1,151.17,63,2010-07-11 14:07:00,2010-07-11 14:07:00,0,151.17,1,1,1,111,3,Hibernating
14517.0,34,2,330.45,91,2011-07-21 11:42:00,2011-11-06 14:20:00,108,165.225,4,2,2,422,8,New / Promising
14518.0,65,1,174.37,278,2011-10-06 14:43:00,2011-10-06 14:43:00,0,174.37,3,1,1,311,5,Needs Attention
14519.0,684,2,203.14,81,2009-12-11 10:40:00,2010-01-25 11:18:00,45,101.57,1,2,1,121,4,Hibernating
14520.0,2,2,270.6,146,2011-02-22 09:15:00,2011-12-08 09:46:00,289,135.3,5,2,1,521,8,New / Promising
14521.0,492,1,199.45000000000002,211,2010-08-05 16:35:00,2010-08-05 16:35:00,0,199.45000000000002,1,1,1,111,3,Hibernating
14522.0,25,8,1748.42,956,2010-01-24 13:55:00,2011-11-15 13:24:00,660,218.5525,4,4,4,444,12,Champions
14523.0,109,1,241.09,251,2011-08-23 13:13:00,2011-08-23 13:13:00,0,241.09,3,1,1,311,5,Needs Attention
14524.0,32,13,2909.86,1169,2010-10-19 11:44:00,2011-11-08 12:29:00,385,223.8353846153846,4,5,4,454,13,Champions
14525.0,20,17,8026.54,5106,2009-12-13 14:01:00,2011-11-20 11:37:00,707,472.14941176470586,5,5,5,555,15,Champions
14526.0,390,1,258.65,178,2010-11-15 13:32:00,2010-11-15 13:32:00,0,258.65,2,1,1,211,4,Hibernating
14527.0,3,122,27764.21,6755,2009-12-02 12:06:00,2011-12-07 12:19:00,735,227.57549180327868,5,5,5,555,15,Champions
14528.0,38,1,364.21999999999997,278,2011-11-02 17:09:00,2011-11-02 17:09:00,0,364.21999999999997,4,1,2,412,7,New / Promising
14529.0,61,3,578.61,325,2011-08-21 14:10:00,2011-10-10 15:27:00,50,192.87,3,3,2,332,8,Potential Loyalists
14530.0,26,16,6088.87,2989,2010-01-21 11:25:00,2011-11-14 10:38:00,662,380.554375,4,5,5,455,14,Champions
14531.0,480,1,376.34,260,2010-08-17 10:16:00,2010-08-17 10:16:00,0,376.34,1,1,2,112,4,Hibernating
14532.0,237,11,3845.78,1111,2010-01-10 11:47:00,2011-04-17 13:05:00,462,349.61636363636364,2,5,5,255,12,At Risk High Value
14533.0,25,11,3466.37,6038,2010-04-08 12:13:00,2011-11-15 12:05:00,586,315.12454545454545,4,5,5,455,14,Champions
14534.0,3,26,6187.66,2822,2010-03-15 14:16:00,2011-12-07 12:19:00,632,237.98692307692306,5,5,5,555,15,Champions
14535.0,61,9,5973.2300000000005,3214,2010-02-24 15:03:00,2011-10-10 15:39:00,593,663.6922222222223,3,5,5,355,13,Potential Loyalists
14536.0,260,1,170.95,39,2011-03-25 12:21:00,2011-03-25 12:21:00,0,170.95,2,1,1,211,4,Hibernating
14537.0,58,2,641.4,228,2010-03-26 13:44:00,2011-10-13 10:54:00,566,320.7,4,2,3,423,9,New / Promising
14538.0,65,5,1370.8400000000001,284,2010-01-25 15:42:00,2011-10-06 10:31:00,619,274.168,3,4,4,344,11,Potential Loyalists
14539.0,16,2,537.48,428,2011-10-26 12:03:00,2011-11-24 09:50:00,29,268.74,5,2,2,522,9,New / Promising
14540.0,10,11,3709.64,1595,2009-12-07 13:00:00,2011-11-30 10:15:00,723,337.24,5,5,5,555,15,Champions
14541.0,59,14,2491.38,1123,2010-01-07 11:59:00,2011-10-12 10:08:00,643,177.9557142857143,4,5,4,454,13,Champions
14542.0,186,1,103.25,19,2011-06-07 08:19:00,2011-06-07 08:19:00,0,103.25,3,1,1,311,5,Needs Attention
14543.0,29,39,14587.87,2639,2009-12-01 13:47:00,2011-11-11 12:45:00,710,374.0479487179487,4,5,5,455,14,Champions
14544.0,25,3,2938.53,2412,2010-08-26 16:00:00,2011-11-15 15:06:00,446,979.5100000000001,4,3,4,434,11,Loyal Customers
14545.0,675,1,349.25,236,2010-02-03 15:23:00,2010-02-03 15:23:00,0,349.25,1,1,2,112,4,Hibernating
14546.0,6,11,5184.84,2688,2009-12-06 13:10:00,2011-12-04 13:00:00,728,471.34909090909093,5,5,5,555,15,Champions
14547.0,4,8,3974.75,2639,2011-10-16 14:35:00,2011-12-06 11:06:00,51,496.84375,5,4,5,545,14,Champions
14548.0,151,9,2541.29,986,2009-12-06 14:00:00,2011-07-12 12:19:00,583,282.36555555555555,3,5,4,354,12,Potential Loyalists
14549.0,312,4,913.6,394,2009-12-02 14:06:00,2011-02-01 13:47:00,426,228.4,2,3,3,233,8,At Risk
14550.0,11,4,1345.06,771,2010-08-13 12:05:00,2011-11-29 12:12:00,473,336.265,5,3,4,534,12,Loyal Customers
14551.0,19,7,878.09,486,2010-01-27 12:06:00,2011-11-21 13:36:00,663,125.44142857142857,5,4,3,543,12,Loyal Customers
14552.0,152,3,507.93,258,2010-04-26 13:44:00,2011-07-11 12:49:00,441,169.31,3,3,2,332,8,Potential Loyalists
14553.0,20,9,1818.6,1118,2010-07-18 12:07:00,2011-11-20 13:20:00,490,202.06666666666666,5,5,4,554,14,Champions
14554.0,11,4,2279.4900000000002,1443,2011-10-18 13:04:00,2011-11-29 16:44:00,42,569.8725000000001,5,3,4,534,12,Loyal Customers
14555.0,58,6,2304.03,842,2009-12-18 11:39:00,2011-10-13 16:24:00,664,384.00500000000005,4,4,4,444,12,Champions
14556.0,597,3,815.69,323,2010-01-20 11:49:00,2010-04-22 14:57:00,92,271.8966666666667,1,3,3,133,7,At Risk
14557.0,86,1,788.38,510,2011-09-15 15:48:00,2011-09-15 15:48:00,0,788.38,3,1,3,313,7,Needs Attention
14558.0,655,3,655.5,162,2009-12-08 10:41:00,2010-02-23 12:51:00,77,218.5,1,3,3,133,7,At Risk
14559.0,391,1,75.6,72,2010-11-14 16:05:00,2010-11-14 16:05:00,0,75.6,2,1,1,211,4,Hibernating
14560.0,8,44,6114.03,4580,2009-12-02 10:15:00,2011-12-02 15:22:00,730,138.95522727272726,5,5,5,555,15,Champions
14561.0,76,3,1080.76,1014,2011-06-08 13:26:00,2011-09-25 12:39:00,109,360.25333333333333,3,3,3,333,9,Potential Loyalists
14562.0,4,26,6638.150000000001,2574,2010-02-07 14:10:00,2011-12-06 11:05:00,667,255.31346153846155,5,5,5,555,15,Champions
14563.0,510,2,640.54,279,2010-04-26 12:51:00,2010-07-18 12:01:00,83,320.27,1,2,3,123,6,Hibernating
14564.0,435,2,2605.62,1295,2009-12-04 09:27:00,2010-10-01 09:02:00,301,1302.81,1,2,4,124,7,Hibernating
14565.0,96,5,3859.2200000000003,1940,2010-08-23 09:48:00,2011-09-05 09:07:00,378,771.844,3,4,5,345,12,Potential Loyalists
14566.0,111,4,4092.0,2400,2010-06-24 10:34:00,2011-08-21 11:05:00,423,1023.0,3,3,5,335,11,Potential Loyalists
14567.0,57,2,1530.3600000000001,412,2011-08-01 13:48:00,2011-10-14 10:21:00,74,765.1800000000001,4,2,4,424,10,New / Promising
14568.0,436,1,919.7,645,2010-09-30 17:15:00,2010-09-30 17:15:00,0,919.7,1,1,3,113,5,Hibernating
14569.0,2,4,597.33,257,2010-04-15 11:49:00,2011-12-08 14:58:00,602,149.3325,5,3,2,532,10,Loyal Customers
14570.0,281,3,613.75,431,2010-09-22 13:07:00,2011-03-04 10:58:00,163,204.58333333333334,2,3,2,232,7,At Risk
14571.0,426,1,160.0,56,2010-10-10 15:06:00,2010-10-10 15:06:00,0,160.0,1,1,1,111,3,Hibernating
14572.0,4,11,5526.88,2878,2010-03-28 13:47:00,2011-12-06 14:40:00,618,502.44363636363636,5,5,5,555,15,Champions
14573.0,180,13,2565.12,809,2010-01-08 16:34:00,2011-06-13 11:15:00,521,197.31692307692308,3,5,4,354,12,Potential Loyalists
14574.0,733,1,143.70000000000002,63,2009-12-07 12:42:00,2009-12-07 12:42:00,0,143.70000000000002,1,1,1,111,3,Hibernating
14575.0,489,1,420.22,163,2010-08-08 14:51:00,2010-08-08 14:51:00,0,420.22,1,1,2,112,4,Hibernating
14576.0,373,1,70.80000000000001,24,2010-12-02 17:51:00,2010-12-02 17:51:00,0,70.80000000000001,2,1,1,211,4,Hibernating
14577.0,13,7,1364.15,569,2009-12-11 12:09:00,2011-11-27 12:47:00,716,194.87857142857143,5,4,4,544,13,Champions
14578.0,4,1,168.63,240,2011-12-06 17:18:00,2011-12-06 17:18:00,0,168.63,5,1,1,511,7,New / Promising
14579.0,433,1,105.56,56,2010-10-03 14:36:00,2010-10-03 14:36:00,0,105.56,1,1,1,111,3,Hibernating
14580.0,519,1,14.85,3,2010-07-09 15:20:00,2010-07-09 15:20:00,0,14.85,1,1,1,111,3,Hibernating
14581.0,17,2,409.65,304,2010-06-13 15:48:00,2011-11-23 12:39:00,528,204.825,5,2,2,522,9,New / Promising
14582.0,41,1,114.11,73,2011-10-30 11:56:00,2011-10-30 11:56:00,0,114.11,4,1,1,411,6,New / Promising
14583.0,6,8,1660.29,1071,2010-03-28 15:16:00,2011-12-04 12:32:00,616,207.53625,5,4,4,544,13,Champions
14584.0,170,8,1738.16,960,2010-02-17 14:01:00,2011-06-23 18:33:00,491,217.27,3,4,4,344,11,Potential Loyalists
14585.0,51,5,1143.27,630,2010-10-19 12:17:00,2011-10-20 14:33:00,366,228.654,4,4,3,443,11,Loyal Customers
14586.0,277,1,237.35999999999999,444,2011-03-08 10:04:00,2011-03-08 10:04:00,0,237.35999999999999,2,1,1,211,4,Hibernating
14587.0,19,9,1580.29,749,2011-01-12 13:16:00,2011-11-21 11:34:00,313,175.58777777777777,5,5,4,554,14,Champions
14588.0,579,1,135.39,62,2010-05-10 15:08:00,2010-05-10 15:08:00,0,135.39,1,1,1,111,3,Hibernating
14589.0,372,1,79.5,10,2010-12-03 11:42:00,2010-12-03 11:42:00,0,79.5,2,1,1,211,4,Hibernating
14590.0,425,20,2993.37,901,2009-12-07 14:10:00,2010-10-11 12:06:00,308,149.6685,1,5,5,155,11,At Risk High Value
14591.0,16,4,1320.21,1228,2011-05-10 14:09:00,2011-11-24 13:57:00,198,330.0525,5,3,4,534,12,Loyal Customers
14592.0,36,3,557.94,407,2011-10-06 18:08:00,2011-11-04 16:35:00,29,185.98000000000002,4,3,2,432,9,Loyal Customers
14593.0,22,12,3665.53,1848,2009-12-09 12:57:00,2011-11-18 12:48:00,709,305.46083333333337,4,5,5,455,14,Champions
14594.0,8,2,618.33,329,2010-12-01 13:54:00,2011-12-02 13:28:00,366,309.165,5,2,3,523,10,New / Promising
14595.0,20,8,2164.45,1228,2010-01-20 13:59:00,2011-11-20 12:12:00,669,270.55625,5,4,4,544,13,Champions
14596.0,627,1,222.22,75,2010-03-23 12:13:00,2010-03-23 12:13:00,0,222.22,1,1,1,111,3,Hibernating
14597.0,12,6,2184.63,1436,2010-09-28 13:17:00,2011-11-28 13:13:00,426,364.105,5,4,4,544,13,Champions
14598.0,45,2,384.03999999999996,354,2010-05-19 13:07:00,2011-10-26 13:19:00,525,192.01999999999998,4,2,2,422,8,New / Promising
14599.0,391,2,457.89,292,2010-07-18 15:54:00,2010-11-14 14:49:00,119,228.945,2,2,2,222,6,Hibernating
14600.0,306,2,865.17,487,2010-11-11 15:56:00,2011-02-07 09:48:00,88,432.585,2,2,3,223,7,Hibernating
14601.0,11,1,213.96,168,2011-11-29 09:48:00,2011-11-29 09:48:00,0,213.96,5,1,1,511,7,New / Promising
14602.0,657,1,205.35999999999999,80,2010-02-21 15:47:00,2010-02-21 15:47:00,0,205.35999999999999,1,1,1,111,3,Hibernating
14603.0,275,1,660.0,400,2011-03-10 10:27:00,2011-03-10 10:27:00,0,660.0,2,1,3,213,6,Hibernating
14604.0,634,1,143.85999999999999,88,2010-03-16 13:00:00,2010-03-16 13:00:00,0,143.85999999999999,1,1,1,111,3,Hibernating
14605.0,375,4,921.5600000000001,416,2009-12-08 13:59:00,2010-11-30 14:07:00,357,230.39000000000001,2,3,3,233,8,At Risk
14606.0,2,192,30558.25,15474,2009-12-03 12:40:00,2011-12-08 19:28:00,735,159.15755208333334,5,5,5,555,15,Champions
14607.0,16,22,23763.13,15335,2009-12-15 11:25:00,2011-11-24 10:35:00,709,1080.1422727272727,5,5,5,555,15,Champions
14608.0,5,11,3352.94,927,2009-12-06 12:34:00,2011-12-05 16:52:00,729,304.8127272727273,5,5,5,555,15,Champions
14609.0,73,10,1486.2,12720,2010-02-09 09:48:00,2011-09-28 12:54:00,596,148.62,3,5,4,354,12,Potential Loyalists
14610.0,396,2,24.35,15,2010-07-13 16:06:00,2010-11-09 10:58:00,119,12.175,2,2,1,221,5,Hibernating
14611.0,444,2,604.33,582,2010-04-20 10:19:00,2010-09-22 09:19:00,155,302.165,1,2,2,122,5,Hibernating
14612.0,416,1,877.7,134,2010-10-20 16:01:00,2010-10-20 16:01:00,0,877.7,1,1,3,113,5,Hibernating
14613.0,681,1,76.32000000000001,72,2010-01-28 13:02:00,2010-01-28 13:02:00,0,76.32000000000001,1,1,1,111,3,Hibernating
14614.0,387,1,295.13,189,2010-11-18 13:04:00,2010-11-18 13:04:00,0,295.13,2,1,2,212,5,Hibernating
14615.0,395,5,951.76,495,2010-06-09 13:59:00,2010-11-10 13:36:00,154,190.352,2,4,3,243,9,At Risk
14616.0,243,5,527.78,170,2010-06-09 09:42:00,2011-04-11 09:54:00,306,105.556,2,4,2,242,8,At Risk
14617.0,403,2,190.47,81,2010-10-20 10:40:00,2010-11-02 11:41:00,13,95.235,2,2,1,221,5,Hibernating
14618.0,10,7,1342.32,704,2010-06-11 10:11:00,2011-11-30 13:45:00,537,191.76,5,4,4,544,13,Champions
14619.0,246,2,1291.24,594,2010-06-16 14:41:00,2011-04-08 07:37:00,296,645.62,2,2,4,224,8,Hibernating
14620.0,206,2,412.78000000000003,214,2011-03-01 08:30:00,2011-05-18 11:58:00,78,206.39000000000001,2,2,2,222,6,Hibernating
14621.0,2,9,3000.57,1706,2010-01-25 09:08:00,2011-12-08 16:22:00,682,333.3966666666667,5,5,5,555,15,Champions
14622.0,185,1,320.58000000000004,146,2011-06-08 12:42:00,2011-06-08 12:42:00,0,320.58000000000004,3,1,2,312,6,Needs Attention
14623.0,33,10,2016.98,1025,2010-04-16 17:12:00,2011-11-07 13:56:00,570,201.698,4,5,4,454,13,Champions
14624.0,58,6,814.07,645,2010-04-14 10:44:00,2011-10-13 13:44:00,547,135.67833333333334,4,4,3,443,11,Loyal Customers
14625.0,197,11,4497.88,2155,2009-12-16 13:23:00,2011-05-27 15:32:00,527,408.89818181818185,2,5,5,255,12,At Risk High Value
14626.0,24,11,5410.92,3135,2009-12-10 14:57:00,2011-11-16 10:37:00,706,491.9018181818182,4,5,5,455,14,Champions
14627.0,380,1,462.75,284,2010-11-25 16:32:00,2010-11-25 16:32:00,0,462.75,2,1,2,212,5,Hibernating
14628.0,92,5,1998.0,1147,2010-01-25 14:40:00,2011-09-09 14:58:00,592,399.6,3,4,4,344,11,Potential Loyalists
14629.0,5,2,955.26,378,2011-10-23 16:13:00,2011-12-05 16:55:00,43,477.63,5,2,3,523,10,New / Promising
14630.0,485,1,338.65,111,2010-08-12 16:38:00,2010-08-12 16:38:00,0,338.65,1,1,2,112,4,Hibernating
14631.0,51,6,2025.69,1407,2010-08-09 14:45:00,2011-10-20 11:17:00,437,337.615,4,4,4,444,12,Champions
14632.0,263,1,114.56,96,2011-03-22 08:49:00,2011-03-22 08:49:00,0,114.56,2,1,1,211,4,Hibernating
14633.0,267,1,344.90000000000003,96,2011-03-18 17:07:00,2011-03-18 17:07:00,0,344.90000000000003,2,1,2,212,5,Hibernating
14634.0,438,4,2124.46,1906,2010-06-16 09:48:00,2010-09-28 10:40:00,104,531.115,1,3,4,134,8,At Risk
14635.0,454,1,215.22,118,2010-09-12 10:47:00,2010-09-12 10:47:00,0,215.22,1,1,1,111,3,Hibernating
14636.0,37,2,609.85,241,2011-03-16 09:52:00,2011-11-03 16:12:00,232,304.925,4,2,2,422,8,New / Promising
14637.0,678,1,106.68,100,2010-01-31 15:52:00,2010-01-31 15:52:00,0,106.68,1,1,1,111,3,Hibernating
14638.0,51,1,443.6,166,2011-10-20 10:10:00,2011-10-20 10:10:00,0,443.6,4,1,2,412,7,New / Promising
14639.0,53,9,4978.96,2410,2010-02-16 12:35:00,2011-10-18 15:06:00,609,553.2177777777778,4,5,5,455,14,Champions
14640.0,25,10,3649.36,1645,2010-01-22 15:44:00,2011-11-15 13:07:00,662,364.93600000000004,4,5,5,455,14,Champions
14641.0,22,1,110.46000000000001,90,2011-11-18 10:42:00,2011-11-18 10:42:00,0,110.46000000000001,4,1,1,411,6,New / Promising
14642.0,59,1,96.12,76,2011-10-12 11:08:00,2011-10-12 11:08:00,0,96.12,4,1,1,411,6,New / Promising
14643.0,171,5,1679.89,1377,2009-12-11 11:52:00,2011-06-22 14:41:00,558,335.978,3,4,4,344,11,Potential Loyalists
14644.0,68,7,2247.72,770,2009-12-03 16:24:00,2011-10-03 08:30:00,669,321.1028571428571,3,4,4,344,11,Potential Loyalists
14645.0,157,3,876.89,587,2010-03-15 11:33:00,2011-07-06 09:15:00,478,292.2966666666667,3,3,3,333,9,Potential Loyalists
14646.0,2,151,528602.52,367193,2009-12-02 16:52:00,2011-12-08 12:12:00,736,3500.678940397351,5,5,5,555,15,Champions
14647.0,202,2,506.04,175,2010-07-04 13:27:00,2011-05-22 13:40:00,322,253.02,2,2,2,222,6,Hibernating
14648.0,417,15,4466.65,3265,2009-12-10 13:59:00,2010-10-19 13:12:00,313,297.77666666666664,1,5,5,155,11,At Risk High Value
14649.0,5,9,3651.19,2415,2010-01-20 13:10:00,2011-12-05 12:30:00,684,405.6877777777778,5,5,5,555,15,Champions
14650.0,590,1,62.5,22,2010-04-29 20:27:00,2010-04-29 20:27:00,0,62.5,1,1,1,111,3,Hibernating
14651.0,68,9,2025.52,880,2010-03-18 11:39:00,2011-10-03 15:52:00,564,225.05777777777777,3,5,4,354,12,Potential Loyalists
14652.0,78,1,114.18,53,2011-09-23 14:21:00,2011-09-23 14:21:00,0,114.18,3,1,1,311,5,Needs Attention
14653.0,2,12,3593.06,1969,2009-12-02 11:51:00,2011-12-08 13:45:00,736,299.4216666666667,5,5,5,555,15,Champions
14654.0,739,1,246.86,273,2009-12-01 12:57:00,2009-12-01 12:57:00,0,246.86,1,1,1,111,3,Hibernating
14655.0,9,7,3878.51,2341,2010-04-22 14:29:00,2011-12-01 16:28:00,588,554.0728571428572,5,4,5,545,14,Champions
14656.0,170,5,790.0,309,2010-04-15 12:10:00,2011-06-23 13:51:00,434,158.0,3,4,3,343,10,Potential Loyalists
14657.0,18,6,1450.19,879,2010-09-30 19:57:00,2011-11-22 12:47:00,418,241.69833333333335,5,4,4,544,13,Champions
14658.0,6,2,247.15,47,2011-08-14 15:42:00,2011-12-04 15:35:00,112,123.575,5,2,1,521,8,New / Promising
14659.0,9,9,2529.93,1195,2011-01-28 12:43:00,2011-12-01 12:17:00,307,281.1033333333333,5,5,4,554,14,Champions
14660.0,87,2,285.74,228,2011-08-31 10:40:00,2011-09-14 11:34:00,14,142.87,3,2,1,321,6,Needs Attention
14661.0,27,1,107.95,35,2011-11-13 11:51:00,2011-11-13 11:51:00,0,107.95,4,1,1,411,6,New / Promising
14662.0,29,7,1376.43,907,2009-12-03 16:47:00,2011-11-11 12:13:00,708,196.63285714285715,4,4,4,444,12,Champions
14663.0,431,2,490.6,397,2010-10-05 13:12:00,2010-10-05 13:21:00,0,245.3,1,2,2,122,5,Hibernating
14664.0,20,2,636.24,465,2011-11-06 14:56:00,2011-11-20 10:59:00,14,318.12,5,2,3,523,10,New / Promising
14665.0,61,7,2749.65,1144,2010-04-26 11:17:00,2011-10-10 09:14:00,532,392.8071428571429,3,4,4,344,11,Potential Loyalists
14666.0,25,1,195.25,161,2011-11-15 12:57:00,2011-11-15 12:57:00,0,195.25,4,1,1,411,6,New / Promising
14667.0,11,54,21593.05,12705,2009-12-02 12:38:00,2011-11-29 11:30:00,727,399.8712962962963,5,5,5,555,15,Champions
14668.0,446,1,111.63,49,2010-09-20 15:03:00,2010-09-20 15:03:00,0,111.63,1,1,1,111,3,Hibernating
14669.0,242,7,3216.78,2043,2009-12-02 13:06:00,2011-04-12 11:43:00,496,459.54,2,4,5,245,11,At Risk High Value
14670.0,281,3,583.33,423,2009-12-07 13:59:00,2011-03-04 14:13:00,452,194.44333333333336,2,3,2,232,7,At Risk
14671.0,550,2,1127.45,571,2010-05-20 18:21:00,2010-06-08 13:39:00,19,563.725,1,2,3,123,6,Hibernating
14672.0,235,4,1113.14,646,2010-01-28 11:33:00,2011-04-19 10:19:00,446,278.285,2,3,3,233,8,At Risk
14673.0,4,7,3410.81,2035,2010-10-26 10:14:00,2011-12-06 14:31:00,406,487.25857142857143,5,4,5,545,14,Champions
14674.0,510,1,173.66,103,2010-07-18 14:25:00,2010-07-18 14:25:00,0,173.66,1,1,1,111,3,Hibernating
14675.0,17,2,1015.58,660,2010-11-16 12:22:00,2011-11-23 12:58:00,372,507.79,5,2,3,523,10,New / Promising
14676.0,32,12,8356.79,8792,2010-03-10 09:30:00,2011-11-08 13:29:00,608,696.3991666666667,4,5,5,455,14,Champions
14677.0,593,1,184.91,139,2010-04-26 09:48:00,2010-04-26 09:48:00,0,184.91,1,1,1,111,3,Hibernating
14678.0,580,1,403.39,179,2010-05-09 14:32:00,2010-05-09 14:32:00,0,403.39,1,1,2,112,4,Hibernating
14679.0,382,3,1289.44,794,2009-12-08 17:13:00,2010-11-23 11:51:00,350,429.81333333333333,2,3,4,234,9,At Risk
14680.0,26,58,57369.38,27358,2009-12-04 12:36:00,2011-11-14 16:59:00,710,989.1272413793102,4,5,5,455,14,Champions
14681.0,72,6,875.1500000000001,172,2010-02-24 08:54:00,2011-09-29 15:52:00,582,145.85833333333335,3,4,3,343,10,Potential Loyalists
14682.0,188,6,1514.81,949,2010-02-05 14:47:00,2011-06-05 12:12:00,485,252.46833333333333,3,4,4,344,11,Potential Loyalists
14683.0,589,1,146.56,386,2010-04-30 17:18:00,2010-04-30 17:18:00,0,146.56,1,1,1,111,3,Hibernating
14684.0,26,6,1430.03,1005,2010-11-14 14:07:00,2011-11-14 11:33:00,365,238.33833333333334,4,4,4,444,12,Champions
14685.0,577,8,4536.64,1969,2009-12-13 11:32:00,2010-05-12 13:08:00,150,567.08,1,4,5,145,10,At Risk High Value
14686.0,415,5,852.53,457,2010-02-18 18:29:00,2010-10-21 18:31:00,245,170.506,1,4,3,143,8,At Risk
14687.0,107,3,1402.06,850,2010-06-06 10:36:00,2011-08-25 11:59:00,445,467.3533333333333,3,3,4,334,10,Potential Loyalists
14688.0,8,28,7635.4,5495,2010-09-09 12:35:00,2011-12-02 12:26:00,449,272.6928571428571,5,5,5,555,15,Champions
14689.0,209,1,112.80000000000001,76,2011-05-15 11:22:00,2011-05-15 11:22:00,0,112.80000000000001,2,1,1,211,4,Hibernating
14690.0,45,4,777.6800000000001,341,2010-10-25 12:20:00,2011-10-26 15:39:00,366,194.42000000000002,4,3,3,433,10,Loyal Customers
14691.0,31,5,2114.33,707,2011-05-11 09:55:00,2011-11-09 12:30:00,182,422.866,4,4,4,444,12,Champions
14692.0,138,12,1715.14,890,2010-04-01 14:04:00,2011-07-25 15:08:00,480,142.92833333333334,3,5,4,354,12,Potential Loyalists
14693.0,265,7,1165.3600000000001,388,2010-07-02 08:28:00,2011-03-20 12:50:00,261,166.48000000000002,2,4,3,243,9,At Risk
14694.0,618,1,244.31,193,2010-04-01 19:46:00,2010-04-01 19:46:00,0,244.31,1,1,1,111,3,Hibernating
14695.0,520,3,1534.22,661,2009-12-07 11:05:00,2010-07-08 14:18:00,213,511.4066666666667,1,3,4,134,8,At Risk
14696.0,5,8,2767.9,2151,2010-10-14 11:43:00,2011-12-05 13:43:00,417,345.9875,5,4,4,544,13,Champions
14697.0,219,2,188.61,181,2011-05-05 15:29:00,2011-05-05 15:39:00,0,94.305,2,2,1,221,5,Hibernating
14698.0,2,5,1217.27,602,2011-10-19 12:54:00,2011-12-08 12:26:00,50,243.454,5,4,3,543,12,Loyal Customers
14699.0,215,4,702.6,484,2010-07-02 12:04:00,2011-05-09 14:54:00,311,175.65,2,3,3,233,8,At Risk
14700.0,33,5,3076.06,1606,2010-08-11 12:19:00,2011-11-07 14:40:00,453,615.212,4,4,5,445,13,Champions
14701.0,11,15,4487.11,1744,2010-01-24 12:15:00,2011-11-29 12:38:00,674,299.1406666666666,5,5,5,555,15,Champions
14702.0,2,29,6679.2300000000005,3040,2009-12-10 20:22:00,2011-12-08 19:29:00,728,230.318275862069,5,5,5,555,15,Champions
14703.0,15,1,318.17,183,2011-11-25 09:23:00,2011-11-25 09:23:00,0,318.17,5,1,2,512,8,New / Promising
14704.0,12,11,1752.92,1164,2010-03-25 17:21:00,2011-11-28 12:51:00,613,159.35636363636365,5,5,4,554,14,Champions
14705.0,199,1,179.0,100,2011-05-25 12:39:00,2011-05-25 12:39:00,0,179.0,2,1,1,211,4,Hibernating
14706.0,619,1,367.54,246,2010-03-31 11:09:00,2010-03-31 11:09:00,0,367.54,1,1,2,112,4,Hibernating
14707.0,436,2,139.2,96,2010-05-12 11:07:00,2010-09-30 11:37:00,141,69.6,1,2,1,121,4,Hibernating
14708.0,3,5,2212.28,1509,2010-09-10 10:26:00,2011-12-07 08:21:00,453,442.456,5,4,4,544,13,Champions
14709.0,16,25,8886.33,4141,2009-12-05 15:26:00,2011-11-24 15:41:00,719,355.4532,5,5,5,555,15,Champions
14710.0,15,13,1899.79,1135,2009-12-03 17:12:00,2011-11-25 14:53:00,722,146.1376923076923,5,5,4,554,14,Champions
14711.0,11,11,2839.62,966,2011-03-22 13:32:00,2011-11-29 14:58:00,252,258.1472727272727,5,5,4,554,14,Champions
14712.0,30,4,1328.0700000000002,411,2010-10-17 14:49:00,2011-11-10 12:59:00,389,332.01750000000004,4,3,4,434,11,Loyal Customers
14713.0,10,21,5414.71,3454,2009-12-03 19:22:00,2011-11-30 16:26:00,727,257.84333333333336,5,5,5,555,15,Champions
14714.0,25,4,906.24,642,2010-01-21 11:51:00,2011-11-15 13:07:00,663,226.56,4,3,3,433,10,Loyal Customers
14715.0,25,8,1825.45,1030,2010-01-19 12:18:00,2011-11-15 12:10:00,665,228.18125,4,4,4,444,12,Champions
14716.0,44,3,543.28,643,2010-09-21 12:07:00,2011-10-27 17:29:00,401,181.09333333333333,4,3,2,432,9,Loyal Customers
14717.0,734,1,81.3,32,2009-12-06 13:05:00,2009-12-06 13:05:00,0,81.3,1,1,1,111,3,Hibernating
14718.0,411,1,226.42,202,2010-10-25 13:07:00,2010-10-25 13:07:00,0,226.42,2,1,1,211,4,Hibernating
14719.0,2,5,1581.84,1025,2011-04-04 14:17:00,2011-12-08 12:43:00,248,316.368,5,4,4,544,13,Champions
14720.0,6,3,663.81,219,2011-08-05 12:06:00,2011-12-04 12:02:00,121,221.26999999999998,5,3,3,533,11,Loyal Customers
14721.0,380,1,109.07,57,2010-11-25 13:08:00,2010-11-25 13:08:00,0,109.07,2,1,1,211,4,Hibernating
14722.0,148,3,489.52,214,2010-08-10 13:28:00,2011-07-15 14:58:00,339,163.17333333333332,3,3,2,332,8,Potential Loyalists
14723.0,11,11,2050.25,1282,2009-12-04 11:22:00,2011-11-29 15:23:00,725,186.38636363636363,5,5,4,554,14,Champions
14724.0,591,1,341.9,184,2010-04-28 13:26:00,2010-04-28 13:26:00,0,341.9,1,1,2,112,4,Hibernating
14725.0,25,4,1252.74,1335,2010-06-23 11:34:00,2011-11-15 12:42:00,510,313.185,4,3,4,434,11,Loyal Customers
14726.0,655,1,116.5,82,2010-02-23 12:35:00,2010-02-23 12:35:00,0,116.5,1,1,1,111,3,Hibernating
14727.0,275,3,463.73,458,2010-06-11 13:23:00,2011-03-10 14:45:00,272,154.57666666666668,2,3,2,232,7,At Risk
14728.0,414,1,190.58,68,2010-10-22 15:57:00,2010-10-22 15:57:00,0,190.58,1,1,1,111,3,Hibernating
14729.0,374,3,899.73,569,2010-03-24 13:30:00,2010-12-01 12:43:00,252,299.91,2,3,3,233,8,At Risk
14730.0,2,8,1897.57,1078,2011-03-08 12:49:00,2011-12-08 14:39:00,275,237.19625,5,4,4,544,13,Champions
14731.0,48,3,380.02,256,2011-05-11 13:06:00,2011-10-23 15:54:00,165,126.67333333333333,4,3,2,432,9,Loyal Customers
14732.0,9,19,5517.07,2273,2009-12-09 10:48:00,2011-12-01 14:34:00,722,290.3721052631579,5,5,5,555,15,Champions
14733.0,17,15,16165.17,6479,2010-11-02 15:42:00,2011-11-23 15:39:00,386,1077.678,5,5,5,555,15,Champions
14734.0,426,4,1056.42,378,2010-06-06 15:15:00,2010-10-10 12:04:00,126,264.105,1,3,3,133,7,At Risk
14735.0,4,56,12240.16,4513,2009-12-04 11:32:00,2011-12-06 12:09:00,732,218.5742857142857,5,5,5,555,15,Champions
14736.0,486,2,374.05,148,2010-08-11 15:13:00,2010-08-11 15:21:00,0,187.025,1,2,2,122,5,Hibernating
14737.0,4,4,3554.17,1071,2010-11-04 11:29:00,2011-12-06 10:16:00,397,888.5425,5,3,5,535,13,Loyal Customers
14738.0,43,9,1821.9,757,2009-12-07 10:21:00,2011-10-28 08:56:00,690,202.43333333333334,4,5,4,454,13,Champions
14739.0,5,25,12287.5,10172,2009-12-02 13:23:00,2011-12-05 16:54:00,733,491.5,5,5,5,555,15,Champions
14740.0,198,11,4161.06,2081,2010-02-25 11:40:00,2011-05-26 18:17:00,455,378.27818181818185,2,5,5,255,12,At Risk High Value
14741.0,12,7,1897.5900000000001,1120,2010-10-18 09:33:00,2011-11-28 08:48:00,406,271.0842857142857,5,4,4,544,13,Champions
14742.0,436,1,579.85,374,2010-09-30 14:07:00,2010-09-30 14:07:00,0,579.85,1,1,2,112,4,Hibernating
14743.0,593,1,50.480000000000004,40,2010-04-26 10:26:00,2010-04-26 10:26:00,0,50.480000000000004,1,1,1,111,3,Hibernating
14744.0,17,14,3885.08,2547,2010-05-18 14:06:00,2011-11-23 12:51:00,554,277.5057142857143,5,5,5,555,15,Champions
14745.0,113,12,2551.41,1969,2010-03-12 10:33:00,2011-08-19 10:05:00,525,212.61749999999998,3,5,4,354,12,Potential Loyalists
14746.0,407,4,593.5,398,2010-10-12 11:06:00,2010-10-29 14:44:00,17,148.375,2,3,2,232,7,At Risk
14747.0,250,1,328.2,84,2011-04-04 14:09:00,2011-04-04 14:09:00,0,328.2,2,1,2,212,5,Hibernating
14748.0,30,10,3152.32,2752,2010-03-04 17:08:00,2011-11-10 18:33:00,616,315.232,4,5,5,455,14,Champions
14749.0,480,1,310.15,403,2010-08-17 12:36:00,2010-08-17 12:36:00,0,310.15,1,1,2,112,4,Hibernating
14750.0,737,1,112.03,65,2009-12-03 17:57:00,2009-12-03 17:57:00,0,112.03,1,1,1,111,3,Hibernating
14751.0,685,2,126.45,65,2009-12-13 14:08:00,2010-01-24 13:37:00,42,63.225,1,2,1,121,4,Hibernating
14752.0,44,1,389.64000000000004,260,2011-10-27 11:55:00,2011-10-27 11:55:00,0,389.64000000000004,4,1,2,412,7,New / Promising
14753.0,88,2,869.51,412,2010-09-05 11:04:00,2011-09-13 14:50:00,373,434.755,3,2,3,323,8,Needs Attention
14754.0,45,6,1547.93,1010,2010-01-18 11:04:00,2011-10-26 12:01:00,646,257.98833333333334,4,4,4,444,12,Champions
14755.0,10,25,9972.550000000001,4401,2009-12-03 16:51:00,2011-11-30 11:24:00,727,398.90200000000004,5,5,5,555,15,Champions
14756.0,16,3,2653.76,1423,2010-10-11 11:50:00,2011-11-24 18:13:00,409,884.5866666666667,5,3,4,534,12,Loyal Customers
14757.0,76,1,420.5,160,2011-09-25 14:36:00,2011-09-25 14:36:00,0,420.5,3,1,2,312,6,Needs Attention
14758.0,145,7,2864.9700000000003,840,2010-04-08 08:27:00,2011-07-18 08:21:00,466,409.2814285714286,3,4,4,344,11,Potential Loyalists
14759.0,5,3,1625.97,569,2011-04-21 10:55:00,2011-12-05 12:03:00,228,541.99,5,3,4,534,12,Loyal Customers
14760.0,298,1,89.2,40,2011-02-15 16:27:00,2011-02-15 16:27:00,0,89.2,2,1,1,211,4,Hibernating
14761.0,59,3,447.92,206,2010-09-21 14:22:00,2011-10-12 12:10:00,386,149.30666666666667,4,3,2,432,9,Loyal Customers
14762.0,264,2,417.57,428,2010-03-23 15:36:00,2011-03-21 08:20:00,363,208.785,2,2,2,222,6,Hibernating
14764.0,47,1,278.3,190,2011-10-24 11:54:00,2011-10-24 11:54:00,0,278.3,4,1,1,411,6,New / Promising
14765.0,30,3,254.11,135,2011-06-16 19:49:00,2011-11-10 19:53:00,147,84.70333333333333,4,3,1,431,8,Loyal Customers
14766.0,9,11,6556.13,4063,2010-06-06 11:11:00,2011-12-01 16:05:00,543,596.0118181818182,5,5,5,555,15,Champions
14767.0,475,1,382.81,117,2010-08-22 14:54:00,2010-08-22 14:54:00,0,382.81,1,1,2,112,4,Hibernating
14768.0,18,2,192.60000000000002,52,2011-08-04 13:25:00,2011-11-22 12:54:00,110,96.30000000000001,5,2,1,521,8,New / Promising
14769.0,3,17,15514.11,11058,2009-12-16 09:17:00,2011-12-07 10:24:00,721,912.594705882353,5,5,5,555,15,Champions
14770.0,233,8,3637.6400000000003,1598,2010-02-25 18:58:00,2011-04-21 14:21:00,420,454.70500000000004,2,4,5,245,11,At Risk High Value
14771.0,622,2,594.62,622,2009-12-03 09:44:00,2010-03-28 12:52:00,115,297.31,1,2,2,122,5,Hibernating
14772.0,113,1,139.26,82,2011-08-19 15:04:00,2011-08-19 15:04:00,0,139.26,3,1,1,311,5,Needs Attention
14773.0,593,1,140.55,53,2010-04-26 10:29:00,2010-04-26 10:29:00,0,140.55,1,1,1,111,3,Hibernating
14774.0,529,1,241.45000000000002,99,2010-06-29 12:26:00,2010-06-29 12:26:00,0,241.45000000000002,1,1,1,111,3,Hibernating
14775.0,59,3,1418.46,1558,2010-12-02 16:38:00,2011-10-12 15:27:00,314,472.82,4,3,4,434,11,Loyal Customers
14776.0,52,15,3708.2999999999997,4658,2010-09-19 14:12:00,2011-10-19 15:34:00,395,247.21999999999997,4,5,5,455,14,Champions
14777.0,404,1,307.56,212,2010-11-01 12:50:00,2010-11-01 12:50:00,0,307.56,2,1,2,212,5,Hibernating
14778.0,128,2,730.86,306,2011-02-04 11:43:00,2011-08-04 15:23:00,181,365.43,3,2,3,323,8,Needs Attention
14779.0,281,3,386.15,84,2011-01-20 12:04:00,2011-03-04 12:42:00,43,128.71666666666667,2,3,2,232,7,At Risk
14780.0,55,2,447.68,310,2011-09-21 15:15:00,2011-10-16 12:46:00,25,223.84,4,2,2,422,8,New / Promising
14782.0,320,1,200.10000000000002,114,2011-01-24 11:12:00,2011-01-24 11:12:00,0,200.10000000000002,2,1,1,211,4,Hibernating
14783.0,660,1,307.3,262,2010-02-18 16:16:00,2010-02-18 16:16:00,0,307.3,1,1,2,112,4,Hibernating
14784.0,27,3,449.93,363,2010-11-15 09:49:00,2011-11-13 13:30:00,363,149.97666666666666,4,3,2,432,9,Loyal Customers
14785.0,11,2,77.4,84,2011-11-24 13:40:00,2011-11-29 13:21:00,5,38.7,5,2,1,521,8,New / Promising
14786.0,551,1,90.96,112,2010-06-07 13:42:00,2010-06-07 13:42:00,0,90.96,1,1,1,111,3,Hibernating
14787.0,472,1,110.65,59,2010-08-25 14:38:00,2010-08-25 14:38:00,0,110.65,1,1,1,111,3,Hibernating
14788.0,8,3,1156.32,719,2010-04-22 18:16:00,2011-12-02 17:06:00,589,385.44,5,3,3,533,11,Loyal Customers
14789.0,29,1,197.64,116,2011-11-11 08:59:00,2011-11-11 08:59:00,0,197.64,4,1,1,411,6,New / Promising
14790.0,17,10,2526.62,2642,2009-12-11 14:37:00,2011-11-23 09:28:00,712,252.66199999999998,5,5,4,554,14,Champions
14791.0,607,1,303.63,127,2010-04-12 10:24:00,2010-04-12 10:24:00,0,303.63,1,1,2,112,4,Hibernating
14792.0,64,1,6.2,2,2011-10-07 09:19:00,2011-10-07 09:19:00,0,6.2,3,1,1,311,5,Needs Attention
14793.0,22,2,625.9,361,2010-06-22 16:54:00,2011-11-18 14:50:00,514,312.95,4,2,3,423,9,New / Promising
14794.0,3,10,1953.9,783,2010-08-09 15:44:00,2011-12-07 10:11:00,485,195.39000000000001,5,5,4,554,14,Champions
14795.0,167,1,131.45000000000002,17,2011-06-26 13:04:00,2011-06-26 13:04:00,0,131.45000000000002,3,1,1,311,5,Needs Attention
14796.0,2,27,10840.54,7622,2009-12-14 15:06:00,2011-12-08 15:31:00,724,401.5014814814815,5,5,5,555,15,Champions
14797.0,508,1,300.31,99,2010-07-20 14:07:00,2010-07-20 14:07:00,0,300.31,1,1,2,112,4,Hibernating
14798.0,53,8,724.31,601,2010-03-01 08:38:00,2011-10-18 10:58:00,596,90.53875,4,4,3,443,11,Loyal Customers
14799.0,52,2,338.15000000000003,495,2009-12-02 11:18:00,2011-10-19 16:16:00,686,169.07500000000002,4,2,2,422,8,New / Promising
14800.0,48,17,7747.17,6938,2010-09-30 14:38:00,2011-10-23 12:46:00,388,455.7158823529412,4,5,5,455,14,Champions
14801.0,62,1,189.34,173,2011-10-09 15:24:00,2011-10-09 15:24:00,0,189.34,3,1,1,311,5,Needs Attention
14802.0,439,2,1502.98,2,2010-09-27 16:32:00,2010-09-27 16:34:00,0,751.49,1,2,4,124,7,Hibernating
14803.0,163,3,845.5500000000001,370,2011-02-20 13:21:00,2011-06-30 13:58:00,130,281.85,3,3,3,333,9,Potential Loyalists
14804.0,9,1,353.27,121,2011-12-01 11:20:00,2011-12-01 11:20:00,0,353.27,5,1,2,512,8,New / Promising
14805.0,16,7,1082.55,416,2010-03-28 12:34:00,2011-11-24 16:20:00,606,154.65,5,4,3,543,12,Loyal Customers
14806.0,76,2,303.43,423,2010-09-26 15:50:00,2011-09-25 15:32:00,364,151.715,3,2,2,322,7,Needs Attention
14807.0,391,2,504.14,234,2010-02-28 11:33:00,2010-11-14 12:47:00,259,252.07,2,2,2,222,6,Hibernating
14808.0,40,8,2718.6,2120,2011-06-20 12:53:00,2011-10-31 12:21:00,133,339.825,4,4,4,444,12,Champions
14809.0,622,2,686.76,232,2010-03-28 15:42:00,2010-03-28 15:44:00,0,343.38,1,2,3,123,6,Hibernating
14810.0,41,13,2531.92,1245,2010-10-06 13:12:00,2011-10-30 11:19:00,389,194.76307692307694,4,5,4,454,13,Champions
14811.0,388,1,170.5,74,2010-11-17 13:09:00,2010-11-17 13:09:00,0,170.5,2,1,1,211,4,Hibernating
14812.0,599,1,178.85,135,2010-04-20 12:13:00,2010-04-20 12:13:00,0,178.85,1,1,1,111,3,Hibernating
14813.0,370,4,1041.79,458,2010-04-08 11:49:00,2010-12-05 11:57:00,241,260.4475,2,3,3,233,8,At Risk
14814.0,582,1,154.21,93,2010-05-07 14:10:00,2010-05-07 14:10:00,0,154.21,1,1,1,111,3,Hibernating
14815.0,37,2,778.5,744,2011-10-03 11:36:00,2011-11-03 11:36:00,31,389.25,4,2,3,423,9,New / Promising
14816.0,198,1,271.85,5,2011-05-26 13:16:00,2011-05-26 13:16:00,0,271.85,2,1,1,211,4,Hibernating
14817.0,201,7,3959.86,2462,2010-03-22 12:10:00,2011-05-23 13:35:00,427,565.6942857142857,2,4,5,245,11,At Risk High Value
14818.0,74,6,1153.56,543,2010-03-02 12:48:00,2011-09-27 11:01:00,574,192.26,3,4,3,343,10,Potential Loyalists
14819.0,65,4,456.41,170,2009-12-21 15:54:00,2011-10-06 13:41:00,654,114.1025,3,3,2,332,8,Potential Loyalists
14820.0,22,9,1274.76,724,2010-01-31 12:49:00,2011-11-18 15:41:00,656,141.64,4,5,4,454,13,Champions
14821.0,367,7,1278.95,479,2010-02-01 13:33:00,2010-12-08 08:43:00,310,182.70714285714286,2,4,4,244,10,At Risk High Value
14822.0,486,1,157.7,94,2010-08-11 12:52:00,2010-08-11 12:52:00,0,157.7,1,1,1,111,3,Hibernating
14823.0,181,3,321.43,88,2011-05-29 12:48:00,2011-06-12 13:12:00,14,107.14333333333333,3,3,2,332,8,Potential Loyalists
14824.0,11,10,4022.9100000000003,1954,2010-03-12 13:07:00,2011-11-29 14:20:00,627,402.29100000000005,5,5,5,555,15,Champions
14825.0,4,24,4919.18,2846,2010-04-06 14:14:00,2011-12-06 11:38:00,609,204.96583333333334,5,5,5,555,15,Champions
14826.0,582,2,385.2,152,2010-01-13 13:08:00,2010-05-07 09:00:00,114,192.6,1,2,2,122,5,Hibernating
14828.0,197,13,9839.460000000001,9718,2009-12-07 11:19:00,2011-05-27 10:16:00,536,756.8815384615385,2,5,5,255,12,At Risk High Value
14829.0,30,7,1692.84,1147,2010-09-29 13:14:00,2011-11-10 16:16:00,407,241.8342857142857,4,4,4,444,12,Champions
14830.0,54,1,188.88,164,2011-10-17 14:29:00,2011-10-17 14:29:00,0,188.88,4,1,1,411,6,New / Promising
14831.0,681,3,1676.57,885,2009-12-02 09:21:00,2010-01-28 14:31:00,57,558.8566666666667,1,3,4,134,8,At Risk
14832.0,631,1,322.69,1,2010-03-19 15:14:00,2010-03-19 15:14:00,0,322.69,1,1,2,112,4,Hibernating
14833.0,499,1,94.8,58,2010-07-29 10:06:00,2010-07-29 10:06:00,0,94.8,1,1,1,111,3,Hibernating
14834.0,18,7,2206.16,872,2010-10-28 17:37:00,2011-11-22 10:30:00,390,315.1657142857143,5,4,4,544,13,Champions
14835.0,529,2,297.0,180,2010-04-01 19:34:00,2010-06-29 10:08:00,89,148.5,1,2,2,122,5,Hibernating
14836.0,11,3,102.45,45,2011-11-09 13:26:00,2011-11-29 16:45:00,20,34.15,5,3,1,531,9,Loyal Customers
14837.0,90,9,3460.32,3030,2010-01-24 10:20:00,2011-09-11 10:58:00,595,384.48,3,5,5,355,13,Potential Loyalists
14838.0,424,2,769.9200000000001,361,2009-12-03 09:52:00,2010-10-12 15:46:00,313,384.96000000000004,1,2,3,123,6,Hibernating
14839.0,419,3,915.28,927,2010-01-04 16:29:00,2010-10-17 13:01:00,286,305.0933333333333,1,3,3,133,7,At Risk
14840.0,268,2,362.71000000000004,179,2010-06-18 15:42:00,2011-03-17 12:00:00,272,181.35500000000002,2,2,2,222,6,Hibernating
14841.0,54,14,7163.0,4164,2009-12-02 16:49:00,2011-10-17 15:03:00,684,511.64285714285717,4,5,5,455,14,Champions
14842.0,44,4,2824.69,1166,2011-02-04 15:32:00,2011-10-27 12:37:00,265,706.1725,4,3,4,434,11,Loyal Customers
14843.0,437,1,211.8,132,2010-09-29 12:39:00,2010-09-29 12:39:00,0,211.8,1,1,1,111,3,Hibernating
14844.0,64,10,6702.43,4369,2010-04-12 12:50:00,2011-10-07 10:41:00,543,670.243,3,5,5,355,13,Potential Loyalists
14845.0,600,1,150.0,600,2010-04-19 10:19:00,2010-04-19 10:19:00,0,150.0,1,1,1,111,3,Hibernating
14846.0,428,1,437.4,193,2010-10-08 17:07:00,2010-10-08 17:07:00,0,437.4,1,1,2,112,4,Hibernating
14847.0,149,3,1348.95,533,2010-05-24 12:29:00,2011-07-14 10:52:00,416,449.65000000000003,3,3,4,334,10,Potential Loyalists
14848.0,405,1,310.56,260,2010-10-31 12:22:00,2010-10-31 12:22:00,0,310.56,2,1,2,212,5,Hibernating
14849.0,22,43,15763.45,12026,2010-01-10 11:40:00,2011-11-18 10:58:00,677,366.59186046511627,4,5,5,455,14,Champions
14850.0,312,7,1770.96,1393,2010-05-20 13:28:00,2011-02-01 11:21:00,257,252.99428571428572,2,4,4,244,10,At Risk High Value
14851.0,24,3,829.41,631,2010-03-19 11:52:00,2011-11-16 14:20:00,607,276.46999999999997,4,3,3,433,10,Loyal Customers
14852.0,59,18,6132.43,4366,2010-03-05 14:51:00,2011-10-12 13:20:00,586,340.6905555555556,4,5,5,455,14,Champions
14853.0,25,5,1376.87,345,2010-04-13 09:26:00,2011-11-15 16:56:00,581,275.37399999999997,4,4,4,444,12,Champions
14854.0,79,11,4303.06,2987,2010-01-22 09:48:00,2011-09-22 17:00:00,608,391.1872727272728,3,5,5,355,13,Potential Loyalists
14855.0,120,7,6520.3,3510,2010-04-08 10:30:00,2011-08-12 14:02:00,491,931.4714285714286,3,4,5,345,12,Potential Loyalists
14856.0,37,3,1290.53,711,2011-10-14 09:35:00,2011-11-03 14:53:00,20,430.1766666666667,4,3,4,434,11,Loyal Customers
14857.0,60,7,3651.851,2081,2010-03-15 11:00:00,2011-10-11 09:23:00,575,521.693,3,4,5,345,12,Potential Loyalists
14858.0,506,1,180.75,105,2010-07-22 10:51:00,2010-07-22 10:51:00,0,180.75,1,1,1,111,3,Hibernating
14859.0,13,5,1705.64,888,2010-06-03 10:26:00,2011-11-27 11:18:00,542,341.12800000000004,5,4,4,544,13,Champions
14860.0,20,1,170.32,232,2011-11-20 14:17:00,2011-11-20 14:17:00,0,170.32,5,1,1,511,7,New / Promising
14861.0,53,10,1380.73,1076,2009-12-08 12:12:00,2011-10-18 12:54:00,679,138.073,4,5,4,454,13,Champions
14862.0,26,2,841.2,772,2011-07-14 11:20:00,2011-11-14 10:01:00,123,420.6,4,2,3,423,9,New / Promising
14863.0,30,1,266.76,132,2011-11-10 15:04:00,2011-11-10 15:04:00,0,266.76,4,1,1,411,6,New / Promising
14865.0,8,4,129.72,300,2009-12-01 16:05:00,2011-12-02 16:25:00,731,32.43,5,3,1,531,9,Loyal Customers
14866.0,11,19,20850.22,9233,2010-08-26 11:54:00,2011-11-29 11:45:00,460,1097.38,5,5,5,555,15,Champions
14867.0,186,16,2952.06,996,2009-12-05 15:47:00,2011-06-07 11:39:00,549,184.50375,3,5,4,354,12,Potential Loyalists
14868.0,4,12,4184.01,2230,2010-10-15 14:52:00,2011-12-06 14:49:00,417,348.6675,5,5,5,555,15,Champions
14869.0,9,6,2778.14,2130,2009-12-16 11:43:00,2011-12-01 12:36:00,715,463.0233333333333,5,4,4,544,13,Champions
14870.0,262,6,1838.95,483,2010-01-25 09:05:00,2011-03-23 10:51:00,422,306.4916666666667,2,4,4,244,10,At Risk High Value
14871.0,4,9,1228.17,446,2009-12-01 11:57:00,2011-12-06 13:42:00,735,136.46333333333334,5,5,3,553,13,Loyal Customers
14872.0,484,3,816.6,662,2010-03-16 14:41:00,2010-08-13 12:34:00,150,272.2,1,3,3,133,7,At Risk
14873.0,211,2,854.13,311,2010-03-16 10:51:00,2011-05-13 13:52:00,423,427.065,2,2,3,223,7,Hibernating
14874.0,536,1,116.18,148,2010-06-22 14:58:00,2010-06-22 14:58:00,0,116.18,1,1,1,111,3,Hibernating
14875.0,108,3,2862.4,1332,2010-09-24 10:28:00,2011-08-24 12:20:00,334,954.1333333333333,3,3,4,334,10,Potential Loyalists
14876.0,522,2,256.7,162,2010-05-27 13:49:00,2010-07-06 14:57:00,40,128.35,1,2,1,121,4,Hibernating
14877.0,419,2,425.85,168,2010-03-07 12:25:00,2010-10-17 13:09:00,224,212.925,1,2,2,122,5,Hibernating
14878.0,13,25,4076.5,2416,2010-02-21 11:14:00,2011-11-27 11:15:00,644,163.06,5,5,5,555,15,Champions
14879.0,685,1,185.06,104,2010-01-24 11:35:00,2010-01-24 11:35:00,0,185.06,1,1,1,111,3,Hibernating
14880.0,78,3,690.59,365,2011-02-24 12:27:00,2011-09-23 13:42:00,211,230.1966666666667,3,3,3,333,9,Potential Loyalists
14881.0,20,1,255.4,316,2011-11-20 11:06:00,2011-11-20 11:06:00,0,255.4,5,1,1,511,7,New / Promising
14882.0,27,14,3546.65,1614,2010-03-30 15:02:00,2011-11-13 12:47:00,593,253.33214285714286,4,5,5,455,14,Champions
14883.0,19,6,761.59,790,2011-05-12 09:49:00,2011-11-21 10:23:00,193,126.93166666666667,5,4,3,543,12,Loyal Customers
14884.0,670,1,120.6,72,2010-02-08 12:56:00,2010-02-08 12:56:00,0,120.6,1,1,1,111,3,Hibernating
14885.0,132,3,1598.12,1308,2010-08-31 10:11:00,2011-07-31 12:05:00,334,532.7066666666666,3,3,4,334,10,Potential Loyalists
14886.0,253,1,364.8,160,2011-04-01 08:56:00,2011-04-01 08:56:00,0,364.8,2,1,2,212,5,Hibernating
14887.0,80,1,1862.0,1100,2011-09-21 15:32:00,2011-09-21 15:32:00,0,1862.0,3,1,4,314,8,Needs Attention
14888.0,208,1,369.2,184,2011-05-16 14:58:00,2011-05-16 14:58:00,0,369.2,2,1,2,212,5,Hibernating
14889.0,337,1,135.9,90,2011-01-07 15:19:00,2011-01-07 15:19:00,0,135.9,2,1,1,211,4,Hibernating
14890.0,254,3,817.25,636,2010-02-18 09:00:00,2011-03-31 11:57:00,406,272.4166666666667,2,3,3,233,8,At Risk
14891.0,149,4,1106.73,788,2010-09-29 12:41:00,2011-07-14 18:08:00,288,276.6825,3,3,3,333,9,Potential Loyalists
14892.0,691,1,202.35000000000002,79,2010-01-18 08:58:00,2010-01-18 08:58:00,0,202.35000000000002,1,1,1,111,3,Hibernating
14893.0,10,3,1809.6100000000001,1047,2010-04-01 09:03:00,2011-11-30 12:31:00,608,603.2033333333334,5,3,4,534,12,Loyal Customers
14894.0,86,3,1492.81,603,2009-12-02 10:42:00,2011-09-15 13:51:00,652,497.6033333333333,3,3,4,334,10,Potential Loyalists
14895.0,8,38,25119.54,10714,2009-12-10 14:22:00,2011-12-02 09:23:00,722,661.0405263157895,5,5,5,555,15,Champions
14896.0,205,8,2083.2200000000003,1115,2009-12-06 12:42:00,2011-05-19 10:20:00,529,260.40250000000003,2,4,4,244,10,At Risk High Value
14897.0,8,8,3140.54,1162,2009-12-15 17:05:00,2011-12-02 10:32:00,717,392.5675,5,4,5,545,14,Champions
14898.0,24,14,3464.45,2225,2009-12-03 16:40:00,2011-11-16 14:54:00,713,247.46071428571426,4,5,5,455,14,Champions
14899.0,396,1,1331.38,570,2010-11-09 15:20:00,2010-11-09 15:20:00,0,1331.38,2,1,4,214,7,Hibernating
14900.0,523,1,13.919999999999998,48,2010-07-05 15:09:00,2010-07-05 15:09:00,0,13.919999999999998,1,1,1,111,3,Hibernating
14901.0,12,12,2281.4,1048,2010-07-29 11:11:00,2011-11-28 17:09:00,487,190.11666666666667,5,5,4,554,14,Champions
14902.0,26,3,1035.6200000000001,716,2010-06-04 12:35:00,2011-11-14 10:34:00,528,345.2066666666667,4,3,3,433,10,Loyal Customers
14903.0,22,5,2795.33,1531,2011-03-06 11:50:00,2011-11-18 16:07:00,257,559.066,4,4,4,444,12,Champions
14904.0,3,4,1630.49,2522,2010-10-08 12:48:00,2011-12-07 12:55:00,425,407.6225,5,3,4,534,12,Loyal Customers
14905.0,158,8,1971.39,1009,2009-12-03 14:36:00,2011-07-05 12:41:00,579,246.42375,3,4,4,344,11,Potential Loyalists
14906.0,446,1,68.44,1,2010-09-20 16:30:00,2010-09-20 16:30:00,0,68.44,1,1,1,111,3,Hibernating
14907.0,4,16,6165.79,2817,2010-04-16 13:40:00,2011-12-06 14:14:00,599,385.361875,5,5,5,555,15,Champions
14908.0,75,2,381.9,182,2010-09-02 16:39:00,2011-09-26 12:56:00,389,190.95,3,2,2,322,7,Needs Attention
14909.0,438,3,1404.68,888,2010-02-14 15:47:00,2010-09-28 16:56:00,226,468.2266666666667,1,3,4,134,8,At Risk
14910.0,3,4,434.35,238,2011-10-16 11:06:00,2011-12-07 10:06:00,52,108.5875,5,3,2,532,10,Loyal Customers
14911.0,2,398,295832.39,149949,2009-12-01 11:41:00,2011-12-08 15:54:00,737,743.2974623115579,5,5,5,555,15,Champions
14912.0,17,6,1889.25,1819,2010-01-26 16:29:00,2011-11-23 09:20:00,666,314.875,5,4,4,544,13,Champions
14913.0,36,8,4073.13,3955,2010-08-11 08:40:00,2011-11-04 08:29:00,450,509.14125,4,4,5,445,13,Champions
14915.0,92,11,1811.25,707,2009-12-03 10:17:00,2011-09-09 13:34:00,645,164.6590909090909,3,5,4,354,12,Potential Loyalists
14916.0,71,8,3042.95,2415,2010-04-01 10:57:00,2011-09-30 09:20:00,547,380.36875,3,4,5,345,12,Potential Loyalists
14917.0,597,2,1123.75,891,2010-04-22 09:44:00,2010-04-22 11:28:00,0,561.875,1,2,3,123,6,Hibernating
14918.0,116,9,5955.81,2551,2010-04-08 11:18:00,2011-08-16 11:50:00,495,661.7566666666667,3,5,5,355,13,Potential Loyalists
14919.0,540,1,359.35,129,2010-06-18 13:06:00,2010-06-18 13:06:00,0,359.35,1,1,2,112,4,Hibernating
14920.0,213,3,1607.17,886,2010-05-23 15:25:00,2011-05-11 10:32:00,353,535.7233333333334,2,3,4,234,9,At Risk
14921.0,31,2,1316.07,953,2011-05-22 12:51:00,2011-11-09 13:17:00,171,658.035,4,2,4,424,10,New / Promising
14922.0,394,2,843.74,376,2010-07-20 09:45:00,2010-11-11 11:14:00,114,421.87,2,2,3,223,7,Hibernating
14923.0,51,1,749.1,418,2011-10-20 11:51:00,2011-10-20 11:51:00,0,749.1,4,1,3,413,8,New / Promising
14924.0,246,3,931.01,312,2010-03-10 12:51:00,2011-04-08 09:25:00,394,310.33666666666664,2,3,3,233,8,At Risk
14926.0,382,2,359.4,204,2010-04-20 09:59:00,2010-11-23 07:13:00,217,179.7,2,2,2,222,6,Hibernating
14927.0,397,1,308.2,196,2010-11-08 12:30:00,2010-11-08 12:30:00,0,308.2,2,1,2,212,5,Hibernating
14928.0,628,1,223.91000000000003,268,2010-03-22 09:14:00,2010-03-22 09:14:00,0,223.91000000000003,1,1,1,111,3,Hibernating
14929.0,33,2,836.69,487,2010-10-14 12:22:00,2011-11-07 17:21:00,389,418.345,4,2,3,423,9,New / Promising
14930.0,109,6,5236.7300000000005,2193,2010-04-12 11:22:00,2011-08-23 10:31:00,498,872.7883333333334,3,4,5,345,12,Potential Loyalists
14931.0,5,5,1257.68,417,2011-04-13 09:32:00,2011-12-05 10:19:00,236,251.536,5,4,4,544,13,Champions
14932.0,366,2,1029.66,337,2010-11-19 09:16:00,2010-12-09 11:48:00,20,514.83,2,2,3,223,7,Hibernating
14933.0,444,4,1770.0,600,2010-09-21 17:29:00,2010-09-22 10:47:00,1,442.5,1,3,4,134,8,At Risk
14934.0,82,5,3503.5,2100,2010-09-24 12:08:00,2011-09-19 10:10:00,360,700.7,3,4,5,345,12,Potential Loyalists
14935.0,298,2,2849.83,1931,2010-03-30 11:48:00,2011-02-15 14:44:00,322,1424.915,2,2,4,224,8,Hibernating
14936.0,34,12,12410.81,6274,2010-05-05 12:26:00,2011-11-06 10:30:00,550,1034.2341666666666,4,5,5,455,14,Champions
14937.0,57,3,1621.88,484,2011-08-01 14:16:00,2011-10-14 12:29:00,74,540.6266666666667,4,3,4,434,11,Loyal Customers
14938.0,563,2,2322.43,1369,2010-05-26 13:35:00,2010-05-26 13:38:00,0,1161.215,1,2,4,124,7,Hibernating
14940.0,418,2,531.49,384,2009-12-06 15:46:00,2010-10-18 10:47:00,316,265.745,1,2,2,122,5,Hibernating
14941.0,579,1,182.1,80,2010-05-10 11:30:00,2010-05-10 11:30:00,0,182.1,1,1,1,111,3,Hibernating
14942.0,402,4,746.56,354,2009-12-10 10:32:00,2010-11-03 10:51:00,328,186.64,2,3,3,233,8,At Risk
14943.0,664,1,107.62,46,2010-02-14 16:04:00,2010-02-14 16:04:00,0,107.62,1,1,1,111,3,Hibernating
14944.0,30,19,9784.67,4864,2010-02-17 08:47:00,2011-11-10 09:10:00,631,514.9826315789473,4,5,5,455,14,Champions
14945.0,414,1,179.4,156,2010-10-22 11:26:00,2010-10-22 11:26:00,0,179.4,1,1,1,111,3,Hibernating
14946.0,15,1,100.9,22,2011-11-25 13:33:00,2011-11-25 13:33:00,0,100.9,5,1,1,511,7,New / Promising
14947.0,73,6,1049.79,416,2010-03-25 11:29:00,2011-09-28 15:48:00,552,174.965,3,4,3,343,10,Potential Loyalists
14948.0,24,6,1101.97,673,2011-05-04 14:52:00,2011-11-16 17:16:00,196,183.66166666666666,4,4,3,443,11,Loyal Customers
14949.0,470,4,515.0,250,2009-12-18 15:28:00,2010-08-27 15:38:00,252,128.75,1,3,2,132,6,At Risk
14950.0,20,1,371.2,136,2011-11-20 13:48:00,2011-11-20 13:48:00,0,371.2,5,1,2,512,8,New / Promising
14951.0,80,1,311.69,311,2011-09-21 15:15:00,2011-09-21 15:15:00,0,311.69,3,1,2,312,6,Needs Attention
14952.0,60,32,17629.35,6977,2009-12-03 15:34:00,2011-10-11 10:33:00,677,550.9171875,3,5,5,355,13,Potential Loyalists
14953.0,26,4,971.32,1014,2010-09-30 12:16:00,2011-11-14 14:59:00,410,242.83,4,3,3,433,10,Loyal Customers
14954.0,13,2,462.12,209,2010-01-05 16:38:00,2011-11-27 14:30:00,691,231.06,5,2,2,522,9,New / Promising
14955.0,733,1,163.77,74,2009-12-07 11:35:00,2009-12-07 11:35:00,0,163.77,1,1,1,111,3,Hibernating
14956.0,422,1,1325.0,2500,2010-10-14 16:40:00,2010-10-14 16:40:00,0,1325.0,1,1,4,114,6,Hibernating
14957.0,254,2,261.69,97,2010-03-05 10:50:00,2011-03-31 17:59:00,391,130.845,2,2,1,221,5,Hibernating
14958.0,148,6,941.99,248,2009-12-03 16:02:00,2011-07-15 14:20:00,589,156.99833333333333,3,4,3,343,10,Potential Loyalists
14959.0,65,4,695.42,494,2011-02-16 13:00:00,2011-10-06 18:23:00,232,173.855,3,3,3,333,9,Potential Loyalists
14960.0,9,2,221.27,221,2011-06-21 13:38:00,2011-12-01 12:54:00,163,110.635,5,2,1,521,8,New / Promising
14961.0,11,22,16410.15,8372,2009-12-04 11:32:00,2011-11-29 09:42:00,725,745.9159090909092,5,5,5,555,15,Champions
14962.0,271,4,366.91,123,2010-05-04 14:57:00,2011-03-14 09:42:00,314,91.7275,2,3,2,232,7,At Risk
14963.0,10,12,3123.57,2287,2010-07-02 12:43:00,2011-11-30 12:16:00,516,260.2975,5,5,5,555,15,Champions
14964.0,248,1,206.21,143,2011-04-06 14:13:00,2011-04-06 14:13:00,0,206.21,2,1,1,211,4,Hibernating
14965.0,97,2,596.09,363,2011-09-04 13:15:00,2011-09-04 13:20:00,0,298.045,3,2,2,322,7,Needs Attention
14966.0,15,6,1064.26,1060,2009-12-15 13:48:00,2011-11-25 12:20:00,710,177.37666666666667,5,4,3,543,12,Loyal Customers
14967.0,50,6,1982.6100000000001,652,2009-12-03 14:07:00,2011-10-21 11:06:00,687,330.435,4,4,4,444,12,Champions
14968.0,31,2,501.24,257,2010-09-07 13:28:00,2011-11-09 13:58:00,428,250.62,4,2,2,422,8,New / Promising
14969.0,704,1,906.23,665,2010-01-05 12:43:00,2010-01-05 12:43:00,0,906.23,1,1,3,113,5,Hibernating
14970.0,69,12,4919.35,982,2010-02-14 13:37:00,2011-10-02 13:44:00,595,409.9458333333334,3,5,5,355,13,Potential Loyalists
14971.0,36,3,1097.98,639,2011-10-27 13:33:00,2011-11-04 17:07:00,8,365.99333333333334,4,3,3,433,10,Loyal Customers
14972.0,129,2,145.07,40,2010-11-23 16:17:00,2011-08-03 14:54:00,253,72.535,3,2,1,321,6,Needs Attention
14973.0,108,3,1314.45,369,2011-04-28 12:22:00,2011-08-24 15:51:00,118,438.15000000000003,3,3,4,334,10,Potential Loyalists
14974.0,38,1,89.94,37,2011-11-02 13:01:00,2011-11-02 13:01:00,0,89.94,4,1,1,411,6,New / Promising
14975.0,58,2,472.39,507,2010-10-14 14:11:00,2011-10-13 14:08:00,364,236.195,4,2,2,422,8,New / Promising
14976.0,58,7,790.86,234,2011-01-17 11:09:00,2011-10-13 16:37:00,269,112.98,4,4,3,443,11,Loyal Customers
14977.0,726,1,31.93,17,2009-12-14 10:37:00,2009-12-14 10:37:00,0,31.93,1,1,1,111,3,Hibernating
14978.0,73,10,3112.19,736,2010-04-28 10:50:00,2011-09-28 13:07:00,518,311.219,3,5,5,355,13,Potential Loyalists
14979.0,736,1,429.66,209,2009-12-04 12:54:00,2009-12-04 12:54:00,0,429.66,1,1,2,112,4,Hibernating
14980.0,738,1,150.68,79,2009-12-02 14:09:00,2009-12-02 14:09:00,0,150.68,1,1,1,111,3,Hibernating
14981.0,247,2,372.92,241,2010-10-12 11:04:00,2011-04-07 13:45:00,177,186.46,2,2,2,222,6,Hibernating
14982.0,573,1,237.78,125,2010-05-16 15:52:00,2010-05-16 15:52:00,0,237.78,1,1,1,111,3,Hibernating
14983.0,690,1,183.20000000000002,90,2010-01-19 17:32:00,2010-01-19 17:32:00,0,183.20000000000002,1,1,1,111,3,Hibernating
14984.0,20,6,1260.51,348,2010-01-11 13:22:00,2011-11-20 14:28:00,678,210.085,5,4,4,544,13,Champions
14985.0,199,2,292.01,256,2010-12-16 19:51:00,2011-05-25 14:29:00,160,146.005,2,2,2,222,6,Hibernating
14986.0,377,2,563.1,338,2010-01-24 15:54:00,2010-11-28 15:25:00,308,281.55,2,2,2,222,6,Hibernating
14987.0,16,8,1713.85,671,2009-12-02 14:56:00,2011-11-24 09:59:00,722,214.23125,5,4,4,544,13,Champions
14988.0,212,7,2038.65,1260,2010-04-16 13:34:00,2011-05-12 12:05:00,391,291.2357142857143,2,4,4,244,10,At Risk High Value
14989.0,662,1,342.4,200,2010-02-16 10:40:00,2010-02-16 10:40:00,0,342.4,1,1,2,112,4,Hibernating
14990.0,613,2,304.17,129,2009-12-09 13:31:00,2010-04-06 13:54:00,118,152.085,1,2,2,122,5,Hibernating
14991.0,431,1,314.67,191,2010-10-05 13:01:00,2010-10-05 13:01:00,0,314.67,1,1,2,112,4,Hibernating
14992.0,443,1,210.5,145,2010-09-23 17:48:00,2010-09-23 17:48:00,0,210.5,1,1,1,111,3,Hibernating
14993.0,564,1,36.13,21,2010-05-25 12:47:00,2010-05-25 12:47:00,0,36.13,1,1,1,111,3,Hibernating
14994.0,383,5,946.72,568,2010-03-26 14:16:00,2010-11-22 12:59:00,241,189.344,2,4,3,243,9,At Risk
14995.0,39,2,231.98000000000002,102,2011-03-04 13:14:00,2011-11-01 11:39:00,242,115.99000000000001,4,2,1,421,7,New / Promising
14996.0,482,2,442.28999999999996,404,2010-08-15 13:41:00,2010-08-15 13:44:00,0,221.14499999999998,1,2,2,122,5,Hibernating
14997.0,47,4,776.6,1408,2010-02-22 12:11:00,2011-10-24 13:28:00,609,194.15,4,3,3,433,10,Loyal Customers
14998.0,171,4,753.18,352,2010-04-13 16:07:00,2011-06-22 17:30:00,435,188.295,3,3,3,333,9,Potential Loyalists
14999.0,593,1,129.48000000000002,88,2010-04-26 10:47:00,2010-04-26 10:47:00,0,129.48000000000002,1,1,1,111,3,Hibernating
15000.0,48,1,490.52,218,2011-10-23 11:42:00,2011-10-23 11:42:00,0,490.52,4,1,2,412,7,New / Promising
15001.0,395,2,199.10999999999999,70,2010-11-10 13:31:00,2010-11-10 13:51:00,0,99.55499999999999,2,2,1,221,5,Hibernating
15002.0,116,9,4769.7300000000005,2493,2010-01-12 11:40:00,2011-08-16 10:44:00,581,529.97,3,5,5,355,13,Potential Loyalists
15003.0,474,6,1027.03,525,2010-01-26 13:04:00,2010-08-23 15:44:00,209,171.17166666666665,1,4,3,143,8,At Risk
15004.0,148,1,1220.77,623,2011-07-15 14:05:00,2011-07-15 14:05:00,0,1220.77,3,1,3,313,7,Needs Attention
15005.0,16,56,13977.08,8784,2009-12-01 14:19:00,2011-11-24 12:25:00,723,249.59071428571428,5,5,5,555,15,Champions
15006.0,52,2,757.78,387,2010-09-12 13:03:00,2011-10-19 15:08:00,402,378.89,4,2,3,423,9,New / Promising
15007.0,160,1,156.91,69,2011-07-03 16:00:00,2011-07-03 16:00:00,0,156.91,3,1,1,311,5,Needs Attention
15008.0,481,2,360.0,1500,2010-03-12 11:13:00,2010-08-16 13:09:00,157,180.0,1,2,2,122,5,Hibernating
15009.0,13,3,1259.43,639,2011-11-14 17:40:00,2011-11-27 13:35:00,13,419.81,5,3,4,534,12,Loyal Customers
15010.0,36,1,308.94,184,2011-11-04 12:42:00,2011-11-04 12:42:00,0,308.94,4,1,2,412,7,New / Promising
15011.0,396,2,416.6,289,2010-10-19 12:05:00,2010-11-09 11:10:00,21,208.3,2,2,2,222,6,Hibernating
15012.0,54,3,834.82,467,2010-05-12 11:49:00,2011-10-17 12:22:00,523,278.27333333333337,4,3,3,433,10,Loyal Customers
15013.0,488,10,1610.82,1715,2010-01-31 12:15:00,2010-08-09 12:05:00,190,161.082,1,5,4,154,10,At Risk High Value
15014.0,44,2,257.67,149,2011-06-16 19:40:00,2011-10-27 20:07:00,133,128.835,4,2,1,421,7,New / Promising
15015.0,502,13,2354.97,1584,2009-12-14 14:46:00,2010-07-26 13:50:00,224,181.15153846153845,1,5,4,154,10,At Risk High Value
15016.0,173,5,620.89,243,2010-06-14 13:06:00,2011-06-20 12:06:00,371,124.178,3,4,3,343,10,Potential Loyalists
15017.0,34,1,125.58,63,2011-11-06 10:33:00,2011-11-06 10:33:00,0,125.58,4,1,1,411,6,New / Promising
15018.0,39,3,607.46,210,2010-12-07 10:47:00,2011-11-01 12:47:00,329,202.48666666666668,4,3,2,432,9,Loyal Customers
15019.0,267,1,252.81,150,2011-03-18 12:35:00,2011-03-18 12:35:00,0,252.81,2,1,1,211,4,Hibernating
15020.0,380,1,198.47,111,2010-11-25 13:29:00,2010-11-25 13:29:00,0,198.47,2,1,1,211,4,Hibernating
15021.0,9,12,2698.68,1169,2010-07-29 16:35:00,2011-12-01 11:53:00,490,224.89,5,5,4,554,14,Champions
15022.0,12,5,1133.44,640,2010-01-31 16:02:00,2011-11-28 12:35:00,666,226.68800000000002,5,4,3,543,12,Loyal Customers
15023.0,4,20,12008.05,4984,2010-02-03 15:45:00,2011-12-06 17:23:00,671,600.4024999999999,5,5,5,555,15,Champions
15024.0,10,16,4050.61,2183,2010-10-11 16:14:00,2011-11-30 12:06:00,415,253.163125,5,5,5,555,15,Champions
15025.0,34,2,979.79,503,2010-05-20 13:28:00,2011-11-06 15:20:00,535,489.895,4,2,3,423,9,New / Promising
15026.0,81,5,1048.89,655,2010-09-17 13:52:00,2011-09-20 13:52:00,368,209.77800000000002,3,4,3,343,10,Potential Loyalists
15027.0,31,10,3195.6,2782,2010-03-25 14:39:00,2011-11-09 10:16:00,594,319.56,4,5,5,455,14,Champions
15028.0,9,6,1148.91,792,2010-11-10 14:32:00,2011-12-01 14:06:00,386,191.485,5,4,3,543,12,Loyal Customers
15029.0,620,1,365.1,234,2010-03-30 12:16:00,2010-03-30 12:16:00,0,365.1,1,1,2,112,4,Hibernating
15030.0,72,8,1979.91,1225,2010-03-04 17:10:00,2011-09-29 10:50:00,574,247.48875,3,4,4,344,11,Potential Loyalists
15031.0,5,14,3102.94,1576,2009-12-08 13:38:00,2011-12-05 14:19:00,727,221.63857142857142,5,5,5,555,15,Champions
15032.0,257,8,13780.65,8259,2009-12-10 15:27:00,2011-03-28 15:03:00,473,1722.58125,2,4,5,245,11,At Risk High Value
15033.0,5,10,2557.18,1672,2011-01-14 13:28:00,2011-12-05 12:40:00,325,255.718,5,5,4,554,14,Champions
15034.0,16,14,8231.2,4748,2010-05-11 13:30:00,2011-11-24 12:11:00,562,587.9428571428572,5,5,5,555,15,Champions
15035.0,90,1,252.73000000000002,245,2011-09-11 11:08:00,2011-09-11 11:08:00,0,252.73000000000002,3,1,1,311,5,Needs Attention
15036.0,73,3,429.56,316,2011-06-13 12:19:00,2011-09-28 15:42:00,107,143.18666666666667,3,3,2,332,8,Potential Loyalists
15037.0,377,2,397.76,298,2010-11-28 12:14:00,2010-11-28 13:05:00,0,198.88,2,2,2,222,6,Hibernating
15038.0,59,9,1265.41,424,2010-10-10 14:35:00,2011-10-12 11:33:00,367,140.60111111111112,4,5,4,454,13,Champions
15039.0,10,93,39726.89,18036,2009-12-10 11:39:00,2011-11-30 11:31:00,720,427.1708602150538,5,5,5,555,15,Champions
15040.0,542,1,7.49,1,2010-06-16 11:40:00,2010-06-16 11:40:00,0,7.49,1,1,1,111,3,Hibernating
15041.0,171,2,289.4,194,2010-09-21 13:16:00,2011-06-22 16:16:00,274,144.7,3,2,1,321,6,Needs Attention
15042.0,200,2,315.45,238,2010-04-23 14:01:00,2011-05-24 16:25:00,396,157.725,2,2,2,222,6,Hibernating
15043.0,32,6,2870.3199999999997,1019,2010-06-24 15:50:00,2011-11-08 14:26:00,502,478.3866666666666,4,4,4,444,12,Champions
15044.0,20,35,16024.15,5241,2009-12-16 15:13:00,2011-11-20 13:20:00,704,457.8328571428571,5,5,5,555,15,Champions
15045.0,152,2,735.66,114,2011-03-27 11:44:00,2011-07-11 11:33:00,106,367.83,3,2,3,323,8,Needs Attention
15046.0,10,25,7623.79,4585,2010-01-14 14:29:00,2011-11-30 15:50:00,685,304.9516,5,5,5,555,15,Champions
15047.0,270,1,343.62,222,2011-03-15 10:49:00,2011-03-15 10:49:00,0,343.62,2,1,2,212,5,Hibernating
15048.0,66,4,479.7,224,2010-12-06 12:15:00,2011-10-05 14:55:00,303,119.925,3,3,2,332,8,Potential Loyalists
15049.0,274,1,121.17000000000002,63,2011-03-11 12:13:00,2011-03-11 12:13:00,0,121.17000000000002,2,1,1,211,4,Hibernating
15050.0,26,5,4087.19,2600,2010-08-16 12:00:00,2011-11-14 16:17:00,455,817.438,4,4,5,445,13,Champions
15051.0,24,9,3926.91,3052,2009-12-01 13:29:00,2011-11-16 15:38:00,715,436.3233333333333,4,5,5,455,14,Champions
15052.0,320,1,207.73000000000002,79,2011-01-24 15:52:00,2011-01-24 15:52:00,0,207.73000000000002,2,1,1,211,4,Hibernating
15053.0,5,3,693.95,984,2011-03-03 12:06:00,2011-12-05 12:08:00,277,231.3166666666667,5,3,3,533,11,Loyal Customers
15054.0,13,2,302.1,198,2011-10-30 14:33:00,2011-11-27 15:02:00,28,151.05,5,2,2,522,9,New / Promising
15055.0,475,3,549.12,225,2009-12-16 15:48:00,2010-08-22 11:06:00,249,183.04,1,3,2,132,6,At Risk
15056.0,521,1,113.65,69,2010-07-07 15:58:00,2010-07-07 15:58:00,0,113.65,1,1,1,111,3,Hibernating
15057.0,276,5,3255.96,1394,2009-12-05 15:27:00,2011-03-09 15:17:00,459,651.192,2,4,5,245,11,At Risk High Value
15058.0,26,16,3387.58,1645,2010-02-24 14:07:00,2011-11-14 14:57:00,628,211.72375,4,5,5,455,14,Champions
15059.0,41,19,3491.2,1599,2009-12-06 12:17:00,2011-10-30 11:35:00,693,183.7473684210526,4,5,5,455,14,Champions
15060.0,9,4,294.25,257,2011-11-30 14:03:00,2011-12-01 13:47:00,1,73.5625,5,3,2,532,10,Loyal Customers
15061.0,4,127,137818.52,80711,2009-12-01 12:18:00,2011-12-06 12:06:00,735,1085.1851968503936,5,5,5,555,15,Champions
15062.0,72,8,2585.62,1872,2010-04-08 15:41:00,2011-09-29 16:51:00,539,323.2025,3,4,4,344,11,Potential Loyalists
15063.0,214,1,370.79999999999995,56,2011-05-10 13:25:00,2011-05-10 13:25:00,0,370.79999999999995,2,1,2,212,5,Hibernating
15064.0,411,4,1254.41,810,2009-12-22 16:17:00,2010-10-25 14:32:00,307,313.6025,2,3,4,234,9,At Risk
15065.0,38,5,3326.86,1446,2010-10-25 09:13:00,2011-11-02 09:45:00,373,665.3720000000001,4,4,5,445,13,Champions
15066.0,54,1,893.59,317,2011-10-17 13:25:00,2011-10-17 13:25:00,0,893.59,4,1,3,413,8,New / Promising
15067.0,79,5,3862.88,2151,2010-04-11 15:54:00,2011-09-22 13:20:00,529,772.576,3,4,5,345,12,Potential Loyalists
15068.0,47,4,1174.9,832,2010-03-28 13:18:00,2011-10-24 14:47:00,575,293.725,4,3,3,433,10,Loyal Customers
15069.0,180,1,1109.53,520,2011-06-13 14:16:00,2011-06-13 14:16:00,0,1109.53,3,1,3,313,7,Needs Attention
15070.0,373,3,843.25,375,2009-12-15 13:49:00,2010-12-02 11:23:00,352,281.0833333333333,2,3,3,233,8,At Risk
15071.0,94,4,1455.5600000000002,416,2010-05-18 12:45:00,2011-09-07 11:43:00,477,363.89000000000004,3,3,4,334,10,Potential Loyalists
15072.0,480,1,187.52,164,2010-08-17 15:46:00,2010-08-17 15:46:00,0,187.52,1,1,1,111,3,Hibernating
15073.0,10,8,2788.02,1410,2010-01-27 08:48:00,2011-11-30 10:44:00,672,348.5025,5,4,4,544,13,Champions
15074.0,106,3,1553.13,1039,2010-08-29 11:47:00,2011-08-26 14:45:00,362,517.71,3,3,4,334,10,Potential Loyalists
15075.0,78,1,773.03,447,2011-09-23 12:27:00,2011-09-23 12:27:00,0,773.03,3,1,3,313,7,Needs Attention
15076.0,173,3,1447.74,866,2010-07-05 14:11:00,2011-06-20 08:23:00,350,482.58,3,3,4,334,10,Potential Loyalists
15077.0,495,2,2428.08,528,2009-12-09 17:10:00,2010-08-02 11:13:00,236,1214.04,1,2,4,124,7,Hibernating
15078.0,8,53,17761.88,8990,2009-12-04 12:03:00,2011-12-02 15:41:00,728,335.12981132075475,5,5,5,555,15,Champions
15079.0,213,11,3767.35,1504,2009-12-08 11:22:00,2011-05-11 12:45:00,519,342.48636363636365,2,5,5,255,12,At Risk High Value
15080.0,428,2,546.25,287,2010-07-26 10:03:00,2010-10-08 11:52:00,74,273.125,1,2,2,122,5,Hibernating
15081.0,23,12,1965.72,806,2010-06-22 10:25:00,2011-11-17 17:08:00,513,163.81,4,5,4,454,13,Champions
15082.0,669,1,93.35000000000001,43,2010-02-09 10:23:00,2010-02-09 10:23:00,0,93.35000000000001,1,1,1,111,3,Hibernating
15083.0,257,1,88.2,38,2011-03-28 12:18:00,2011-03-28 12:18:00,0,88.2,2,1,1,211,4,Hibernating
15084.0,380,2,965.1999999999999,600,2010-03-04 10:45:00,2010-11-25 11:58:00,266,482.59999999999997,2,2,3,223,7,Hibernating
15085.0,730,1,347.54,169,2009-12-10 11:47:00,2009-12-10 11:47:00,0,347.54,1,1,2,112,4,Hibernating
15086.0,565,2,218.53,95,2010-03-24 13:56:00,2010-05-24 12:27:00,61,109.265,1,2,1,121,4,Hibernating
15087.0,282,1,306.94,470,2011-03-03 10:34:00,2011-03-03 10:34:00,0,306.94,2,1,2,212,5,Hibernating
15088.0,22,2,1160.07,460,2011-10-03 14:05:00,2011-11-18 13:14:00,46,580.035,4,2,3,423,9,New / Promising
15089.0,11,6,2420.84,1359,2011-08-03 14:14:00,2011-11-29 16:31:00,118,403.47333333333336,5,4,4,544,13,Champions
15090.0,309,1,381.32,208,2011-02-04 14:03:00,2011-02-04 14:03:00,0,381.32,2,1,2,212,5,Hibernating
15091.0,68,3,1046.6100000000001,582,2010-02-03 11:46:00,2011-10-03 12:47:00,607,348.87000000000006,3,3,3,333,9,Potential Loyalists
15092.0,216,3,776.46,230,2010-09-03 12:33:00,2011-05-08 14:10:00,247,258.82,2,3,3,233,8,At Risk
15093.0,19,23,14326.11,11657,2009-12-08 12:46:00,2011-11-21 13:09:00,713,622.8743478260869,5,5,5,555,15,Champions
15094.0,464,2,83.0,28,2010-03-05 12:56:00,2010-09-02 16:55:00,181,41.5,1,2,1,121,4,Hibernating
15095.0,104,10,3141.64,2233,2010-01-21 09:37:00,2011-08-28 12:01:00,584,314.164,3,5,5,355,13,Potential Loyalists
15096.0,43,1,219.39000000000001,120,2011-10-28 10:27:00,2011-10-28 10:27:00,0,219.39000000000001,4,1,1,411,6,New / Promising
15097.0,5,3,908.35,424,2010-05-05 14:22:00,2011-12-05 14:03:00,579,302.78333333333336,5,3,3,533,11,Loyal Customers
15098.0,183,3,39916.5,121,2011-06-10 15:22:00,2011-06-10 15:33:00,0,13305.5,3,3,5,335,11,Potential Loyalists
15099.0,85,1,410.48,343,2011-09-16 13:13:00,2011-09-16 13:13:00,0,410.48,3,1,2,312,6,Needs Attention
15100.0,334,7,2894.7,334,2010-01-07 14:33:00,2011-01-10 10:35:00,368,413.5285714285714,2,4,4,244,10,At Risk High Value
15101.0,9,6,1477.94,676,2010-04-28 15:00:00,2011-12-01 10:18:00,582,246.32333333333335,5,4,4,544,13,Champions
15102.0,531,2,554.67,339,2010-06-11 10:16:00,2010-06-27 12:16:00,16,277.335,1,2,2,122,5,Hibernating
15103.0,32,2,703.36,329,2011-09-14 13:54:00,2011-11-08 14:53:00,55,351.68,4,2,3,423,9,New / Promising
15104.0,197,2,993.54,635,2011-03-02 14:16:00,2011-05-27 12:29:00,86,496.77,2,2,3,223,7,Hibernating
15105.0,19,9,3094.91,1747,2010-03-23 12:18:00,2011-11-21 16:54:00,608,343.87888888888887,5,5,5,555,15,Champions
15106.0,18,5,1422.52,1181,2011-03-15 12:52:00,2011-11-22 09:16:00,252,284.504,5,4,4,544,13,Champions
15107.0,312,9,940.35,356,2010-09-14 10:47:00,2011-02-01 14:46:00,140,104.48333333333333,2,5,3,253,10,At Risk
15108.0,142,4,1300.25,499,2011-04-26 10:54:00,2011-07-21 10:24:00,86,325.0625,3,3,4,334,10,Potential Loyalists
15109.0,246,3,983.1,258,2009-12-04 12:33:00,2011-04-08 09:58:00,490,327.7,2,3,3,233,8,At Risk
15110.0,24,6,1505.8500000000001,337,2010-08-11 15:49:00,2011-11-16 11:16:00,462,250.97500000000002,4,4,4,444,12,Champions
15111.0,30,5,2730.87,1164,2010-04-26 13:12:00,2011-11-10 16:58:00,563,546.174,4,4,4,444,12,Champions
15112.0,612,1,209.4,72,2010-04-07 14:17:00,2010-04-07 14:17:00,0,209.4,1,1,1,111,3,Hibernating
15113.0,10,3,3509.43,2344,2011-10-16 15:27:00,2011-11-30 08:23:00,45,1169.81,5,3,5,535,13,Loyal Customers
15114.0,31,12,3400.12,3532,2010-10-14 16:44:00,2011-11-09 15:05:00,391,283.3433333333333,4,5,5,455,14,Champions
15115.0,19,2,531.85,245,2009-12-07 11:20:00,2011-11-21 14:59:00,714,265.925,5,2,2,522,9,New / Promising
15116.0,18,4,1352.75,648,2011-05-19 08:50:00,2011-11-22 12:25:00,187,338.1875,5,3,4,534,12,Loyal Customers
15117.0,15,8,2485.97,3093,2010-03-15 13:39:00,2011-11-25 08:12:00,620,310.74625,5,4,4,544,13,Champions
15118.0,135,1,244.8,1440,2011-07-28 14:54:00,2011-07-28 14:54:00,0,244.8,3,1,1,311,5,Needs Attention
15119.0,246,1,266.4,88,2011-04-08 09:08:00,2011-04-08 09:08:00,0,266.4,2,1,1,211,4,Hibernating
15120.0,134,1,358.82,296,2011-07-29 09:48:00,2011-07-29 09:48:00,0,358.82,3,1,2,312,6,Needs Attention
15121.0,51,2,457.72,199,2011-02-24 12:41:00,2011-10-20 14:51:00,238,228.86,4,2,2,422,8,New / Promising
15122.0,115,11,4487.27,2033,2010-03-30 14:05:00,2011-08-17 16:48:00,505,407.9336363636364,3,5,5,355,13,Potential Loyalists
15123.0,8,5,4656.17,2524,2010-03-16 09:49:00,2011-12-02 13:12:00,626,931.234,5,4,5,545,14,Champions
15124.0,23,4,450.82,462,2010-02-26 10:49:00,2011-11-17 10:09:00,629,112.705,4,3,2,432,9,Loyal Customers
15125.0,26,24,17024.87,8433,2010-03-31 13:29:00,2011-11-14 13:57:00,593,709.3695833333333,4,5,5,455,14,Champions
15126.0,537,2,449.49,273,2010-01-21 17:09:00,2010-06-21 12:31:00,151,224.745,1,2,2,122,5,Hibernating
15127.0,66,2,711.5,464,2010-07-08 10:07:00,2011-10-05 10:30:00,454,355.75,3,2,3,323,8,Needs Attention
15128.0,61,5,1783.68,1583,2010-10-05 16:46:00,2011-10-10 13:54:00,370,356.736,3,4,4,344,11,Potential Loyalists
15129.0,51,23,6860.18,4002,2010-04-08 17:15:00,2011-10-20 14:40:00,560,298.2686956521739,4,5,5,455,14,Champions
15130.0,170,1,330.11,197,2011-06-23 10:15:00,2011-06-23 10:15:00,0,330.11,3,1,2,312,6,Needs Attention
15131.0,395,1,80.28,88,2010-11-10 12:07:00,2010-11-10 12:07:00,0,80.28,2,1,1,211,4,Hibernating
15132.0,19,5,977.9300000000001,679,2011-03-22 12:02:00,2011-11-21 17:10:00,244,195.586,5,4,3,543,12,Loyal Customers
15133.0,128,5,1806.9,960,2010-07-07 12:31:00,2011-08-04 10:44:00,393,361.38,3,4,4,344,11,Potential Loyalists
15134.0,15,10,1596.29,1057,2010-10-13 12:44:00,2011-11-25 08:55:00,408,159.629,5,5,4,554,14,Champions
15135.0,240,2,305.68,84,2010-06-01 13:33:00,2011-04-14 19:16:00,317,152.84,2,2,2,222,6,Hibernating
15136.0,3,4,1286.7,776,2011-09-04 16:05:00,2011-12-07 12:26:00,94,321.675,5,3,4,534,12,Loyal Customers
15137.0,521,2,823.4,596,2010-01-28 15:45:00,2010-07-07 09:41:00,160,411.7,1,2,3,123,6,Hibernating
15138.0,394,1,502.52,300,2010-11-11 09:16:00,2010-11-11 09:16:00,0,502.52,2,1,2,212,5,Hibernating
15139.0,240,2,178.96,208,2011-01-07 12:44:00,2011-04-14 11:39:00,97,89.48,2,2,1,221,5,Hibernating
15140.0,53,8,3243.69,2010,2010-09-23 13:07:00,2011-10-18 14:07:00,390,405.46125,4,4,5,445,13,Champions
15141.0,458,7,1388.47,1197,2010-03-28 15:58:00,2010-09-08 11:33:00,164,198.35285714285715,1,4,4,144,9,At Risk High Value
15142.0,47,6,2619.92,2155,2010-07-27 09:05:00,2011-10-24 12:51:00,454,436.65333333333336,4,4,4,444,12,Champions
15143.0,226,2,563.63,320,2010-10-03 13:58:00,2011-04-28 12:03:00,207,281.815,2,2,2,222,6,Hibernating
15144.0,9,29,12160.31,5251,2009-12-13 11:35:00,2011-12-01 15:12:00,718,419.3210344827586,5,5,5,555,15,Champions
15145.0,5,4,1194.73,756,2011-04-05 15:20:00,2011-12-05 17:21:00,244,298.6825,5,3,3,533,11,Loyal Customers
15146.0,165,2,1327.16,1473,2011-02-21 13:07:00,2011-06-28 12:09:00,127,663.58,3,2,4,324,9,Needs Attention
15147.0,241,1,623.5,366,2011-04-13 15:57:00,2011-04-13 15:57:00,0,623.5,2,1,3,213,6,Hibernating
15148.0,11,1,301.29,187,2011-11-29 08:21:00,2011-11-29 08:21:00,0,301.29,5,1,2,512,8,New / Promising
15149.0,134,5,1554.6100000000001,380,2010-02-28 11:13:00,2011-07-29 10:58:00,516,310.922,3,4,4,344,11,Potential Loyalists
15150.0,18,13,8977.94,6167,2010-06-14 12:01:00,2011-11-22 12:52:00,526,690.6107692307693,5,5,5,555,15,Champions
15151.0,424,2,2085.61,795,2010-07-18 12:19:00,2010-10-12 16:37:00,86,1042.805,1,2,4,124,7,Hibernating
15152.0,10,14,5263.83,2994,2010-01-07 15:15:00,2011-11-30 12:32:00,692,375.98785714285714,5,5,5,555,15,Champions
15153.0,32,1,329.25,198,2011-11-08 17:09:00,2011-11-08 17:09:00,0,329.25,4,1,2,412,7,New / Promising
15154.0,76,3,1343.72,333,2010-08-18 17:41:00,2011-09-25 16:05:00,403,447.9066666666667,3,3,4,334,10,Potential Loyalists
15155.0,384,1,383.96999999999997,192,2010-11-21 12:59:00,2010-11-21 12:59:00,0,383.96999999999997,2,1,2,212,5,Hibernating
15156.0,2,3,961.49,597,2011-11-06 12:41:00,2011-12-08 18:22:00,32,320.49666666666667,5,3,3,533,11,Loyal Customers
15157.0,4,5,2654.11,3466,2009-12-10 14:44:00,2011-12-06 11:28:00,726,530.822,5,4,4,544,13,Champions
15158.0,46,2,606.02,219,2010-11-03 13:46:00,2011-10-25 13:53:00,356,303.01,4,2,2,422,8,New / Promising
15159.0,2,34,22116.73,13512,2010-10-04 09:31:00,2011-12-08 12:05:00,430,650.4920588235294,5,5,5,555,15,Champions
15160.0,358,4,589.27,307,2010-10-14 15:26:00,2010-12-17 14:15:00,64,147.3175,2,3,2,232,7,At Risk
15161.0,389,1,119.92,144,2010-11-16 16:08:00,2010-11-16 16:08:00,0,119.92,2,1,1,211,4,Hibernating
15162.0,732,1,312.9,74,2009-12-08 13:14:00,2009-12-08 13:14:00,0,312.9,1,1,2,112,4,Hibernating
15163.0,19,2,304.47,186,2011-05-31 15:22:00,2011-11-21 13:10:00,174,152.235,5,2,2,522,9,New / Promising
15164.0,69,9,2028.1100000000001,912,2010-01-18 13:34:00,2011-10-02 12:05:00,622,225.34555555555556,3,5,4,354,12,Potential Loyalists
15165.0,374,1,975.5,320,2010-12-01 14:03:00,2010-12-01 14:03:00,0,975.5,2,1,3,213,6,Hibernating
15166.0,468,1,167.16,140,2010-08-29 12:31:00,2010-08-29 12:31:00,0,167.16,1,1,1,111,3,Hibernating
15167.0,321,5,1627.62,863,2010-02-04 14:13:00,2011-01-23 12:41:00,353,325.524,2,4,4,244,10,At Risk High Value
15168.0,26,1,106.56,52,2011-11-14 11:26:00,2011-11-14 11:26:00,0,106.56,4,1,1,411,6,New / Promising
15169.0,383,2,569.22,356,2009-12-13 11:16:00,2010-11-22 13:04:00,344,284.61,2,2,2,222,6,Hibernating
15170.0,407,1,81.15,33,2010-10-29 10:34:00,2010-10-29 10:34:00,0,81.15,2,1,1,211,4,Hibernating
15171.0,332,1,1289.5,290,2011-01-12 15:36:00,2011-01-12 15:36:00,0,1289.5,2,1,4,214,7,Hibernating
15172.0,9,5,1624.05,1611,2011-04-17 11:56:00,2011-12-01 11:51:00,228,324.81,5,4,4,544,13,Champions
15173.0,381,7,1494.6,840,2010-04-01 12:26:00,2010-11-24 10:21:00,237,213.5142857142857,2,4,4,244,10,At Risk High Value
15174.0,323,2,481.46,382,2010-10-25 09:40:00,2011-01-21 09:06:00,88,240.73,2,2,2,222,6,Hibernating
15175.0,72,1,224.14,454,2011-09-29 11:31:00,2011-09-29 11:31:00,0,224.14,3,1,1,311,5,Needs Attention
15176.0,668,1,988.0400000000001,448,2010-02-10 10:36:00,2010-02-10 10:36:00,0,988.0400000000001,1,1,3,113,5,Hibernating
15177.0,426,1,948.9300000000001,485,2010-10-10 12:48:00,2010-10-10 12:48:00,0,948.9300000000001,1,1,3,113,5,Hibernating
15178.0,261,1,40.5,30,2011-03-24 15:12:00,2011-03-24 15:12:00,0,40.5,2,1,1,211,4,Hibernating
15179.0,19,13,7491.92,5416,2009-12-03 12:27:00,2011-11-21 12:53:00,718,576.3015384615385,5,5,5,555,15,Champions
15180.0,368,3,904.4300000000001,690,2010-04-29 15:27:00,2010-12-07 14:57:00,222,301.4766666666667,2,3,3,233,8,At Risk
15181.0,67,5,1200.2,688,2009-12-08 19:02:00,2011-10-04 13:58:00,665,240.04000000000002,3,4,3,343,10,Potential Loyalists
15182.0,155,11,2998.952,1186,2010-02-21 12:03:00,2011-07-08 13:37:00,502,272.632,3,5,5,355,13,Potential Loyalists
15183.0,548,3,639.93,297,2010-05-04 11:31:00,2010-06-10 10:43:00,37,213.30999999999997,1,3,3,133,7,At Risk
15184.0,30,4,685.39,462,2009-12-16 12:06:00,2011-11-10 13:41:00,694,171.3475,4,3,3,433,10,Loyal Customers
15185.0,71,1,310.62,666,2011-09-30 14:06:00,2011-09-30 14:06:00,0,310.62,3,1,2,312,6,Needs Attention
15186.0,15,5,1403.2,716,2010-01-12 10:14:00,2011-11-25 14:58:00,682,280.64,5,4,4,544,13,Champions
15187.0,2,16,4777.18,1887,2011-05-11 13:49:00,2011-12-08 11:56:00,211,298.57375,5,5,5,555,15,Champions
15188.0,726,1,310.43,233,2009-12-14 13:30:00,2009-12-14 13:30:00,0,310.43,1,1,2,112,4,Hibernating
15189.0,2,46,17524.38,6902,2010-07-18 13:37:00,2011-12-08 13:22:00,508,380.96478260869566,5,5,5,555,15,Champions
15190.0,435,1,834.4399999999999,790,2010-10-01 13:09:00,2010-10-01 13:09:00,0,834.4399999999999,1,1,3,113,5,Hibernating
15191.0,464,3,588.05,287,2010-01-20 12:35:00,2010-09-02 15:37:00,225,196.01666666666665,1,3,2,132,6,At Risk
15192.0,120,5,1981.39,1644,2010-01-29 10:13:00,2011-08-12 11:41:00,560,396.278,3,4,4,344,11,Potential Loyalists
15193.0,61,1,499.32,144,2011-10-10 08:23:00,2011-10-10 08:23:00,0,499.32,3,1,2,312,6,Needs Attention
15194.0,4,28,12427.69,9169,2009-12-03 10:37:00,2011-12-06 15:10:00,733,443.84607142857146,5,5,5,555,15,Champions
15195.0,3,1,3861.0,1404,2011-12-07 12:20:00,2011-12-07 12:20:00,0,3861.0,5,1,5,515,11,New / Promising
15196.0,433,2,313.7,130,2009-12-13 11:14:00,2010-10-03 10:50:00,294,156.85,1,2,2,122,5,Hibernating
15197.0,11,6,1877.51,1058,2009-12-11 12:56:00,2011-11-29 10:00:00,718,312.91833333333335,5,4,4,544,13,Champions
15198.0,93,5,571.35,327,2010-01-19 10:01:00,2011-09-08 14:42:00,597,114.27000000000001,3,4,2,342,9,Potential Loyalists
15199.0,60,10,3122.4,894,2010-05-13 10:14:00,2011-10-11 15:12:00,516,312.24,3,5,5,355,13,Potential Loyalists
15200.0,495,1,549.0500000000001,195,2010-08-02 09:38:00,2010-08-02 09:38:00,0,549.0500000000001,1,1,2,112,4,Hibernating
15201.0,88,7,1842.95,1660,2010-04-07 14:50:00,2011-09-13 14:53:00,524,263.2785714285714,3,4,4,344,11,Potential Loyalists
15202.0,421,3,6001.49,3,2010-10-15 12:39:00,2010-10-15 13:05:00,0,2000.4966666666667,1,3,5,135,9,At Risk
15203.0,26,15,4400.18,4182,2009-12-08 18:06:00,2011-11-14 08:16:00,706,293.3453333333334,4,5,5,455,14,Champions
15204.0,358,1,316.58,258,2010-12-17 13:49:00,2010-12-17 13:49:00,0,316.58,2,1,2,212,5,Hibernating
15205.0,86,2,653.24,378,2011-08-04 16:07:00,2011-09-15 19:36:00,42,326.62,3,2,3,323,8,Needs Attention
15206.0,11,4,420.3,162,2011-03-09 08:59:00,2011-11-29 13:41:00,265,105.075,5,3,2,532,10,Loyal Customers
15207.0,417,3,683.92,428,2010-06-10 17:29:00,2010-10-19 13:29:00,131,227.97333333333333,1,3,3,133,7,At Risk
15208.0,2,6,970.52,356,2010-10-12 12:17:00,2011-12-08 17:24:00,422,161.75333333333333,5,4,3,543,12,Loyal Customers
15209.0,731,1,178.98000000000002,94,2009-12-09 17:26:00,2009-12-09 17:26:00,0,178.98000000000002,1,1,1,111,3,Hibernating
15210.0,226,3,1176.19,841,2010-05-13 14:42:00,2011-04-28 16:11:00,350,392.06333333333333,2,3,3,233,8,At Risk
15211.0,61,2,1277.48,357,2010-12-09 16:08:00,2011-10-10 13:31:00,305,638.74,3,2,4,324,9,Needs Attention
15212.0,242,2,208.28,84,2010-11-28 10:45:00,2011-04-12 13:45:00,135,104.14,2,2,1,221,5,Hibernating
15213.0,319,2,328.35,272,2011-01-14 11:05:00,2011-01-25 12:21:00,11,164.175,2,2,2,222,6,Hibernating
15214.0,2,8,1661.44,1254,2011-04-11 09:46:00,2011-12-08 12:07:00,241,207.68,5,4,4,544,13,Champions
15215.0,47,7,2422.4300000000003,776,2010-04-06 11:21:00,2011-10-24 11:41:00,566,346.0614285714286,4,4,4,444,12,Champions
15216.0,88,2,486.09000000000003,217,2010-03-31 09:52:00,2011-09-13 11:41:00,531,243.04500000000002,3,2,2,322,7,Needs Attention
15217.0,564,1,426.24,190,2010-05-25 13:51:00,2010-05-25 13:51:00,0,426.24,1,1,2,112,4,Hibernating
15218.0,11,22,11468.83,6530,2010-01-26 11:33:00,2011-11-29 11:48:00,672,521.3104545454545,5,5,5,555,15,Champions
15219.0,177,2,685.45,271,2010-03-01 11:33:00,2011-06-16 16:57:00,472,342.725,3,2,3,323,8,Needs Attention
15220.0,52,6,1778.96,1393,2011-03-04 10:24:00,2011-10-19 12:39:00,229,296.49333333333334,4,4,4,444,12,Champions
15221.0,367,4,2465.45,287,2010-03-12 10:40:00,2010-12-08 13:08:00,271,616.3625,2,3,4,234,9,At Risk
15222.0,319,11,3550.91,4458,2009-12-16 13:49:00,2011-01-25 08:03:00,405,322.81,2,5,5,255,12,At Risk High Value
15223.0,226,5,1417.95,385,2009-12-05 11:19:00,2011-04-28 11:31:00,509,283.59000000000003,2,4,4,244,10,At Risk High Value
15224.0,359,5,871.36,443,2010-01-15 16:14:00,2010-12-16 15:02:00,335,174.272,2,4,3,243,9,At Risk
15225.0,235,1,409.40000000000003,226,2011-04-19 14:51:00,2011-04-19 14:51:00,0,409.40000000000003,2,1,2,212,5,Hibernating
15226.0,311,1,154.41,71,2011-02-02 11:41:00,2011-02-02 11:41:00,0,154.41,2,1,1,211,4,Hibernating
15227.0,37,9,2488.4900000000002,1217,2010-03-16 08:23:00,2011-11-03 11:59:00,597,276.4988888888889,4,5,4,454,13,Champions
15228.0,67,6,5580.27,3375,2010-07-28 10:21:00,2011-10-04 13:56:00,433,930.0450000000001,3,4,5,345,12,Potential Loyalists
15229.0,587,1,160.5,114,2010-05-02 13:50:00,2010-05-02 13:50:00,0,160.5,1,1,1,111,3,Hibernating
15230.0,240,2,429.6,351,2011-04-13 11:04:00,2011-04-14 14:39:00,1,214.8,2,2,2,222,6,Hibernating
15231.0,622,1,250.26000000000002,190,2010-03-28 15:12:00,2010-03-28 15:12:00,0,250.26000000000002,1,1,1,111,3,Hibernating
15232.0,114,2,612.06,686,2011-07-22 12:21:00,2011-08-18 16:27:00,27,306.03,3,2,2,322,7,Needs Attention
15233.0,402,1,59.400000000000006,12,2010-11-03 13:36:00,2010-11-03 13:36:00,0,59.400000000000006,2,1,1,211,4,Hibernating
15234.0,277,1,197.0,196,2011-03-08 08:53:00,2011-03-08 08:53:00,0,197.0,2,1,1,211,4,Hibernating
15235.0,218,16,2937.81,1735,2010-11-16 12:48:00,2011-05-06 09:44:00,171,183.613125,2,5,4,254,11,At Risk High Value
15236.0,299,1,321.05,269,2011-02-14 10:52:00,2011-02-14 10:52:00,0,321.05,2,1,2,212,5,Hibernating
15237.0,2,4,1412.32,1071,2011-04-26 15:04:00,2011-12-08 09:46:00,226,353.08,5,3,4,534,12,Loyal Customers
15238.0,30,3,1071.99,692,2011-06-08 16:00:00,2011-11-10 14:28:00,155,357.33,4,3,3,433,10,Loyal Customers
15239.0,11,2,780.59,594,2011-09-22 09:53:00,2011-11-29 14:14:00,68,390.295,5,2,3,523,10,New / Promising
15240.0,45,12,4459.9800000000005,3214,2009-12-05 14:57:00,2011-10-26 09:50:00,690,371.665,4,5,5,455,14,Champions
15241.0,67,11,3050.16,3328,2010-02-23 13:59:00,2011-10-04 09:05:00,588,277.2872727272727,3,5,5,355,13,Potential Loyalists
15242.0,423,1,302.04,196,2010-10-13 15:33:00,2010-10-13 15:33:00,0,302.04,1,1,2,112,4,Hibernating
15243.0,75,2,927.28,543,2010-09-30 17:28:00,2011-09-26 14:12:00,361,463.64,3,2,3,323,8,Needs Attention
15244.0,66,3,912.08,472,2010-02-11 14:48:00,2011-10-05 13:19:00,601,304.0266666666667,3,3,3,333,9,Potential Loyalists
15245.0,135,8,4610.84,3021,2010-04-23 14:23:00,2011-07-28 18:56:00,461,576.355,3,4,5,345,12,Potential Loyalists
15246.0,239,3,780.4,359,2010-06-02 11:28:00,2011-04-15 14:45:00,317,260.1333333333333,2,3,3,233,8,At Risk
15247.0,123,3,976.06,514,2010-06-20 14:08:00,2011-08-09 12:52:00,415,325.3533333333333,3,3,3,333,9,Potential Loyalists
15248.0,412,3,1893.93,1065,2010-06-23 14:34:00,2010-10-24 13:09:00,123,631.3100000000001,1,3,4,134,8,At Risk
15249.0,32,18,9266.0,4980,2010-03-26 14:51:00,2011-11-08 11:45:00,592,514.7777777777778,4,5,5,455,14,Champions
15250.0,641,1,60.0,48,2010-03-09 07:35:00,2010-03-09 07:35:00,0,60.0,1,1,1,111,3,Hibernating
15251.0,10,21,20324.54,12108,2010-01-29 12:42:00,2011-11-30 15:02:00,670,967.8352380952381,5,5,5,555,15,Champions
15252.0,37,5,2103.41,1430,2010-04-07 10:24:00,2011-11-03 13:30:00,575,420.68199999999996,4,4,4,444,12,Champions
15253.0,17,8,2055.09,1588,2010-05-02 11:17:00,2011-11-23 16:22:00,570,256.88625,5,4,4,544,13,Champions
15254.0,128,3,1088.35,711,2010-05-28 10:08:00,2011-08-04 15:04:00,433,362.7833333333333,3,3,3,333,9,Potential Loyalists
15255.0,67,9,3706.02,2214,2009-12-03 09:10:00,2011-10-04 12:43:00,670,411.78,3,5,5,355,13,Potential Loyalists
15256.0,149,2,170.4,92,2010-05-27 11:41:00,2011-07-14 11:47:00,413,85.2,3,2,1,321,6,Needs Attention
15257.0,284,2,685.9,71,2010-10-21 14:03:00,2011-03-01 12:58:00,131,342.95,2,2,3,223,7,Hibernating
15258.0,169,2,623.16,142,2011-05-06 14:16:00,2011-06-24 12:30:00,49,311.58,3,2,3,323,8,Needs Attention
15259.0,513,4,1182.3799999999999,631,2010-01-26 09:41:00,2010-07-15 08:47:00,170,295.59499999999997,1,3,3,133,7,At Risk
15260.0,101,25,9188.23,4722,2009-12-06 11:45:00,2011-08-31 13:55:00,633,367.5292,3,5,5,355,13,Potential Loyalists
15261.0,136,4,1508.0,806,2010-10-01 11:59:00,2011-07-27 15:20:00,299,377.0,3,3,4,334,10,Potential Loyalists
15262.0,324,3,418.82,218,2010-08-08 15:55:00,2011-01-20 12:16:00,165,139.60666666666665,2,3,2,232,7,At Risk
15263.0,107,1,156.51,89,2011-08-25 10:26:00,2011-08-25 10:26:00,0,156.51,3,1,1,311,5,Needs Attention
15264.0,65,2,848.4,443,2010-06-27 13:29:00,2011-10-06 13:49:00,466,424.2,3,2,3,323,8,Needs Attention
15265.0,152,4,3345.64,1570,2009-12-01 17:08:00,2011-07-11 14:46:00,587,836.41,3,3,5,335,11,Potential Loyalists
15266.0,339,5,852.21,236,2010-01-07 12:19:00,2011-01-05 13:40:00,363,170.442,2,4,3,243,9,At Risk
15267.0,23,5,1717.36,944,2011-06-10 10:24:00,2011-11-17 15:59:00,160,343.472,4,4,4,444,12,Champions
15268.0,479,3,961.9000000000001,428,2010-04-13 11:27:00,2010-08-18 10:33:00,127,320.6333333333334,1,3,3,133,7,At Risk
15269.0,24,3,1225.3600000000001,372,2010-11-14 12:58:00,2011-11-16 09:32:00,367,408.4533333333334,4,3,3,433,10,Loyal Customers
15270.0,16,21,8524.86,4010,2009-12-17 15:02:00,2011-11-24 09:24:00,707,405.9457142857143,5,5,5,555,15,Champions
15271.0,8,24,4640.29,2490,2010-08-05 14:57:00,2011-12-02 14:11:00,484,193.34541666666667,5,5,5,555,15,Champions
15272.0,58,6,2030.95,665,2010-02-14 13:39:00,2011-10-13 12:59:00,606,338.4916666666667,4,4,4,444,12,Champions
15273.0,600,1,228.96,216,2010-04-19 11:31:00,2010-04-19 11:31:00,0,228.96,1,1,1,111,3,Hibernating
15274.0,5,2,716.57,619,2011-11-21 14:17:00,2011-12-05 16:57:00,14,358.285,5,2,3,523,10,New / Promising
15275.0,38,1,615.14,498,2011-11-02 11:20:00,2011-11-02 11:20:00,0,615.14,4,1,2,412,7,New / Promising
15276.0,67,4,619.8,317,2010-10-01 12:24:00,2011-10-04 16:39:00,368,154.95,3,3,3,333,9,Potential Loyalists
15277.0,47,2,476.34000000000003,373,2010-10-10 16:02:00,2011-10-24 10:08:00,379,238.17000000000002,4,2,2,422,8,New / Promising
15278.0,562,4,496.16,458,2010-02-12 14:53:00,2010-05-27 10:03:00,104,124.04,1,3,2,132,6,At Risk
15279.0,355,5,1580.54,802,2010-02-02 10:15:00,2010-12-20 10:48:00,321,316.108,2,4,4,244,10,At Risk High Value
15280.0,173,3,397.52,507,2010-05-17 14:17:00,2011-06-20 17:14:00,399,132.50666666666666,3,3,2,332,8,Potential Loyalists
15281.0,59,16,8543.57,5233,2010-10-08 12:14:00,2011-10-12 09:10:00,369,533.973125,4,5,5,455,14,Champions
15282.0,571,1,348.59,395,2010-05-18 16:27:00,2010-05-18 16:27:00,0,348.59,1,1,2,112,4,Hibernating
15283.0,391,3,148.32999999999998,27,2010-07-09 15:46:00,2010-11-14 14:54:00,128,49.44333333333333,2,3,1,231,6,At Risk
15284.0,501,1,24.75,5,2010-07-27 13:25:00,2010-07-27 13:25:00,0,24.75,1,1,1,111,3,Hibernating
15285.0,408,1,94.92,120,2010-10-28 09:46:00,2010-10-28 09:46:00,0,94.92,2,1,1,211,4,Hibernating
15286.0,50,1,240.55,55,2011-10-21 11:08:00,2011-10-21 11:08:00,0,240.55,4,1,1,411,6,New / Promising
15287.0,23,5,856.03,1010,2009-12-02 12:13:00,2011-11-17 15:34:00,715,171.206,4,4,3,443,11,Loyal Customers
15288.0,44,10,3881.03,1402,2010-02-12 15:27:00,2011-10-27 16:58:00,622,388.103,4,5,5,455,14,Champions
15289.0,30,5,1593.09,1627,2010-03-28 11:45:00,2011-11-10 13:49:00,592,318.618,4,4,4,444,12,Champions
15290.0,5,26,10496.28,6567,2010-02-24 10:15:00,2011-12-05 11:39:00,649,403.70307692307694,5,5,5,555,15,Champions
15291.0,26,40,13846.56,5017,2009-12-03 11:09:00,2011-11-14 11:02:00,711,346.164,4,5,5,455,14,Champions
15292.0,202,1,178.39,55,2011-05-22 15:00:00,2011-05-22 15:00:00,0,178.39,2,1,1,211,4,Hibernating
15293.0,666,1,247.5,178,2010-02-12 11:54:00,2010-02-12 11:54:00,0,247.5,1,1,1,111,3,Hibernating
15294.0,411,1,233.35,97,2010-10-25 11:45:00,2010-10-25 11:45:00,0,233.35,2,1,1,211,4,Hibernating
15295.0,655,1,207.04,139,2010-02-23 13:03:00,2010-02-23 13:03:00,0,207.04,1,1,1,111,3,Hibernating
15296.0,51,12,10323.03,5452,2010-01-21 13:48:00,2011-10-20 11:47:00,637,860.2525,4,5,5,455,14,Champions
15297.0,11,3,641.94,292,2011-10-07 09:42:00,2011-11-29 16:32:00,53,213.98000000000002,5,3,3,533,11,Loyal Customers
15298.0,3,23,9459.37,6286,2009-12-08 17:04:00,2011-12-07 17:17:00,729,411.2769565217392,5,5,5,555,15,Champions
15299.0,68,10,7991.54,5453,2010-01-12 11:34:00,2011-10-03 14:19:00,629,799.154,3,5,5,355,13,Potential Loyalists
15300.0,65,1,496.44,292,2011-10-06 17:08:00,2011-10-06 17:08:00,0,496.44,3,1,2,312,6,Needs Attention
15301.0,51,17,7583.04,4266,2010-09-15 15:41:00,2011-10-20 09:57:00,400,446.06117647058824,4,5,5,455,14,Champions
15302.0,731,1,308.0,102,2009-12-09 13:11:00,2009-12-09 13:11:00,0,308.0,1,1,2,112,4,Hibernating
15303.0,291,3,1224.18,514,2010-01-25 09:42:00,2011-02-22 13:59:00,393,408.06,2,3,3,233,8,At Risk
15304.0,61,9,919.55,133,2010-10-14 10:24:00,2011-10-10 10:23:00,361,102.17222222222222,3,5,3,353,11,Potential Loyalists
15305.0,556,1,93.6,40,2010-06-02 13:50:00,2010-06-02 13:50:00,0,93.6,1,1,1,111,3,Hibernating
15306.0,65,9,3484.73,3074,2010-02-18 17:12:00,2011-10-06 12:56:00,595,387.1922222222222,3,5,5,355,13,Potential Loyalists
15307.0,96,1,205.3,37,2011-09-05 11:38:00,2011-09-05 11:38:00,0,205.3,3,1,1,311,5,Needs Attention
15308.0,275,1,310.47,175,2011-03-10 13:08:00,2011-03-10 13:08:00,0,310.47,2,1,2,212,5,Hibernating
15309.0,611,4,797.96,440,2009-12-04 13:01:00,2010-04-08 11:11:00,125,199.49,1,3,3,133,7,At Risk
15310.0,479,1,1634.64,1476,2010-08-18 11:38:00,2010-08-18 11:38:00,0,1634.64,1,1,4,114,6,Hibernating
15311.0,1,208,116575.49,70931,2009-12-01 11:21:00,2011-12-09 12:00:00,738,560.4590865384615,5,5,5,555,15,Champions
15312.0,76,12,2930.19,1693,2009-12-16 09:23:00,2011-09-25 13:10:00,648,244.1825,3,5,4,354,12,Potential Loyalists
15313.0,111,1,52.0,25,2011-08-21 16:02:00,2011-08-21 16:02:00,0,52.0,3,1,1,311,5,Needs Attention
15314.0,200,3,820.45,750,2010-10-07 15:41:00,2011-05-24 14:39:00,229,273.48333333333335,2,3,3,233,8,At Risk
15315.0,65,2,570.5,862,2011-08-15 15:17:00,2011-10-06 12:51:00,52,285.25,3,2,2,322,7,Needs Attention
15316.0,327,1,165.0,100,2011-01-17 11:34:00,2011-01-17 11:34:00,0,165.0,2,1,1,211,4,Hibernating
15317.0,678,1,129.75,45,2010-01-31 15:55:00,2010-01-31 15:55:00,0,129.75,1,1,1,111,3,Hibernating
15318.0,4,1,312.62,642,2011-12-06 11:30:00,2011-12-06 11:30:00,0,312.62,5,1,2,512,8,New / Promising
15319.0,284,1,204.5,175,2011-03-01 12:48:00,2011-03-01 12:48:00,0,204.5,2,1,1,211,4,Hibernating
15320.0,45,1,267.13,326,2011-10-26 13:27:00,2011-10-26 13:27:00,0,267.13,4,1,1,411,6,New / Promising
15321.0,71,12,6709.7300000000005,3653,2010-02-03 09:47:00,2011-09-30 09:40:00,604,559.1441666666667,3,5,5,355,13,Potential Loyalists
15322.0,86,2,1390.86,971,2010-08-20 13:10:00,2011-09-15 09:34:00,391,695.43,3,2,4,324,9,Needs Attention
15323.0,563,3,434.6,188,2010-02-16 09:21:00,2010-05-26 10:01:00,99,144.86666666666667,1,3,2,132,6,At Risk
15324.0,702,1,140.22000000000003,74,2010-01-07 14:37:00,2010-01-07 14:37:00,0,140.22000000000003,1,1,1,111,3,Hibernating
15325.0,104,8,1601.46,1382,2010-02-16 13:30:00,2011-08-28 11:55:00,558,200.1825,3,4,4,344,11,Potential Loyalists
15326.0,334,5,1700.52,1351,2009-12-01 13:19:00,2011-01-10 11:38:00,405,340.104,2,4,4,244,10,At Risk High Value
15327.0,53,1,208.75,116,2011-10-18 11:55:00,2011-10-18 11:55:00,0,208.75,4,1,1,411,6,New / Promising
15328.0,408,1,107.24,88,2010-10-28 09:05:00,2010-10-28 09:05:00,0,107.24,2,1,1,211,4,Hibernating
15329.0,40,11,2958.83,1217,2009-12-14 12:18:00,2011-10-31 15:36:00,686,268.98454545454547,4,5,5,455,14,Champions
15330.0,33,2,714.9599999999999,1312,2011-10-10 12:30:00,2011-11-07 17:50:00,28,357.47999999999996,4,2,3,423,9,New / Promising
15331.0,500,3,767.91,701,2010-04-09 14:26:00,2010-07-28 09:42:00,110,255.97,1,3,3,133,7,At Risk
15332.0,367,6,6553.74,2958,2010-07-14 13:01:00,2010-12-08 14:43:00,147,1092.29,2,4,5,245,11,At Risk High Value
15333.0,209,1,1028.56,344,2011-05-15 13:27:00,2011-05-15 13:27:00,0,1028.56,2,1,3,213,6,Hibernating
15334.0,157,3,350.82,273,2011-06-19 13:51:00,2011-07-06 11:22:00,17,116.94,3,3,2,332,8,Potential Loyalists
15335.0,54,1,170.22,79,2011-10-17 12:50:00,2011-10-17 12:50:00,0,170.22,4,1,1,411,6,New / Promising
15336.0,402,1,240.5,84,2010-11-03 12:39:00,2010-11-03 12:39:00,0,240.5,2,1,1,211,4,Hibernating
15337.0,412,1,373.02,200,2010-10-24 15:29:00,2010-10-24 15:29:00,0,373.02,1,1,2,112,4,Hibernating
15338.0,678,1,277.93,148,2010-01-31 14:25:00,2010-01-31 14:25:00,0,277.93,1,1,1,111,3,Hibernating
15339.0,67,7,1821.02,1138,2010-02-08 13:38:00,2011-10-04 12:51:00,603,260.1457142857143,3,4,4,344,11,Potential Loyalists
15340.0,562,1,105.5,76,2010-05-27 10:27:00,2010-05-27 10:27:00,0,105.5,1,1,1,111,3,Hibernating
15341.0,81,2,2402.72,1008,2010-09-16 16:41:00,2011-09-20 09:40:00,369,1201.36,3,2,4,324,9,Needs Attention
15342.0,130,1,406.09000000000003,283,2011-08-02 10:19:00,2011-08-02 10:19:00,0,406.09000000000003,3,1,2,312,6,Needs Attention
15343.0,88,1,364.5,84,2011-09-13 13:55:00,2011-09-13 13:55:00,0,364.5,3,1,2,312,6,Needs Attention
15344.0,1,3,563.94,116,2011-09-26 14:48:00,2011-12-09 10:45:00,74,187.98000000000002,5,3,2,532,10,Loyal Customers
15345.0,46,1,393.54,81,2011-10-25 11:28:00,2011-10-25 11:28:00,0,393.54,4,1,2,412,7,New / Promising
15346.0,333,3,596.12,260,2010-10-04 15:11:00,2011-01-11 11:18:00,99,198.70666666666668,2,3,2,232,7,At Risk
15347.0,367,4,1363.6,672,2010-09-28 12:50:00,2010-12-08 15:25:00,71,340.9,2,3,4,234,9,At Risk
15348.0,73,1,158.04,84,2011-09-28 13:17:00,2011-09-28 13:17:00,0,158.04,3,1,1,311,5,Needs Attention
15349.0,159,2,463.91,321,2011-06-05 15:46:00,2011-07-04 16:06:00,29,231.955,3,2,2,322,7,Needs Attention
15350.0,374,2,663.25,323,2010-11-21 15:14:00,2010-12-01 13:33:00,10,331.625,2,2,3,223,7,Hibernating
15351.0,13,10,3704.89,1479,2010-10-03 12:18:00,2011-11-27 12:52:00,420,370.489,5,5,5,555,15,Champions
15352.0,549,1,111.15,40,2010-06-09 11:28:00,2010-06-09 11:28:00,0,111.15,1,1,1,111,3,Hibernating
15353.0,255,7,3106.12,1522,2009-12-02 11:33:00,2011-03-30 12:15:00,483,443.7314285714286,2,4,5,245,11,At Risk High Value
15354.0,604,3,284.4,3,2010-04-15 16:17:00,2010-04-15 16:24:00,0,94.8,1,3,1,131,5,At Risk
15355.0,30,2,277.05,45,2011-10-17 15:22:00,2011-11-10 13:44:00,24,138.525,4,2,1,421,7,New / Promising
15356.0,32,13,3382.69,1967,2010-10-13 13:12:00,2011-11-08 13:11:00,391,260.2069230769231,4,5,5,455,14,Champions
15358.0,5,42,17050.41,15378,2009-12-07 12:19:00,2011-12-05 09:04:00,728,405.96214285714285,5,5,5,555,15,Champions
15359.0,663,8,181.35,145,2010-01-15 11:30:00,2010-02-15 10:47:00,31,22.66875,1,4,1,141,6,At Risk
15360.0,40,1,427.93,223,2011-10-31 09:35:00,2011-10-31 09:35:00,0,427.93,4,1,2,412,7,New / Promising
15361.0,362,4,689.07,373,2010-06-14 13:27:00,2010-12-13 09:52:00,182,172.2675,2,3,3,233,8,At Risk
15362.0,449,2,613.08,368,2009-12-01 09:08:00,2010-09-17 10:37:00,290,306.54,1,2,2,122,5,Hibernating
15363.0,373,2,1004.11,527,2010-08-04 08:41:00,2010-12-02 12:28:00,120,502.055,2,2,3,223,7,Hibernating
15364.0,96,2,913.19,493,2011-03-30 13:39:00,2011-09-05 09:46:00,159,456.595,3,2,3,323,8,Needs Attention
15365.0,26,13,4557.13,2131,2010-02-04 16:43:00,2011-11-14 08:29:00,648,350.54846153846154,4,5,5,455,14,Champions
15366.0,76,7,2389.08,2447,2010-02-26 10:10:00,2011-09-25 15:01:00,576,341.29714285714283,3,4,4,344,11,Potential Loyalists
15367.0,58,11,5081.33,2944,2009-12-10 14:20:00,2011-10-13 14:13:00,672,461.9390909090909,4,5,5,455,14,Champions
15368.0,22,2,722.74,406,2010-11-10 15:52:00,2011-11-18 14:42:00,373,361.37,4,2,3,423,9,New / Promising
15369.0,493,11,6251.26,3288,2009-12-08 07:43:00,2010-08-04 13:54:00,239,568.2963636363637,1,5,5,155,11,At Risk High Value
15370.0,41,8,3739.01,1397,2010-10-25 12:08:00,2011-10-30 10:58:00,370,467.37625,4,4,5,445,13,Champions
15371.0,663,1,59.400000000000006,12,2010-02-15 13:14:00,2010-02-15 13:14:00,0,59.400000000000006,1,1,1,111,3,Hibernating
15372.0,138,8,6017.0599999999995,6410,2010-02-14 11:24:00,2011-07-25 16:39:00,526,752.1324999999999,3,4,5,345,12,Potential Loyalists
15373.0,9,17,3418.84,768,2010-05-02 11:57:00,2011-12-01 15:05:00,578,201.10823529411766,5,5,5,555,15,Champions
15374.0,129,2,307.32,290,2010-03-25 12:03:00,2011-08-03 09:59:00,496,153.66,3,2,2,322,7,Needs Attention
15375.0,691,1,60.959999999999994,84,2010-01-18 15:38:00,2010-01-18 15:38:00,0,60.959999999999994,1,1,1,111,3,Hibernating
15376.0,41,3,1221.56,615,2011-05-01 13:45:00,2011-10-30 15:04:00,182,407.18666666666667,4,3,3,433,10,Loyal Customers
15377.0,383,4,1211.75,253,2010-10-20 11:42:00,2010-11-22 08:55:00,33,302.9375,2,3,3,233,8,At Risk
15378.0,463,2,246.5,130,2010-07-26 08:47:00,2010-09-03 11:30:00,39,123.25,1,2,1,121,4,Hibernating
15379.0,170,8,4877.84,3000,2010-11-04 11:59:00,2011-06-23 13:13:00,231,609.73,3,4,5,345,12,Potential Loyalists
15380.0,9,11,3479.06,1032,2009-12-01 13:50:00,2011-12-01 12:13:00,730,316.2781818181818,5,5,5,555,15,Champions
15381.0,214,5,1890.57,802,2010-05-05 14:35:00,2011-05-10 11:55:00,370,378.114,2,4,4,244,10,At Risk High Value
15382.0,15,12,13733.550000000001,9178,2009-12-04 14:13:00,2011-11-25 10:58:00,721,1144.4625,5,5,5,555,15,Champions
15384.0,170,4,2027.79,1767,2010-04-26 12:38:00,2011-06-23 10:57:00,423,506.9475,3,3,4,334,10,Potential Loyalists
15385.0,41,3,942.08,428,2010-01-31 13:02:00,2011-10-30 15:11:00,637,314.0266666666667,4,3,3,433,10,Loyal Customers
15386.0,187,1,394.14,446,2011-06-06 13:47:00,2011-06-06 13:47:00,0,394.14,3,1,2,312,6,Needs Attention
15387.0,493,1,468.65,335,2010-08-04 16:05:00,2010-08-04 16:05:00,0,468.65,1,1,2,112,4,Hibernating
15388.0,271,1,140.54,88,2011-03-14 13:53:00,2011-03-14 13:53:00,0,140.54,2,1,1,211,4,Hibernating
15389.0,173,5,2733.8,3940,2010-01-27 12:44:00,2011-06-20 16:18:00,509,546.76,3,4,4,344,11,Potential Loyalists
15390.0,397,2,1216.66,894,2010-10-26 17:23:00,2010-11-08 15:19:00,13,608.33,2,2,3,223,7,Hibernating
15391.0,585,1,289.87,109,2010-05-04 15:04:00,2010-05-04 15:04:00,0,289.87,1,1,2,112,4,Hibernating
15392.0,5,7,2911.62,2144,2010-10-04 12:50:00,2011-12-05 11:01:00,427,415.94571428571425,5,4,4,544,13,Champions
15393.0,17,5,891.34,378,2009-12-15 17:56:00,2011-11-23 16:48:00,708,178.268,5,4,3,543,12,Loyal Customers
15394.0,10,11,5286.8,2372,2009-12-15 19:05:00,2011-11-30 11:49:00,715,480.6181818181818,5,5,5,555,15,Champions
15395.0,326,1,107.45,17,2011-01-18 12:40:00,2011-01-18 12:40:00,0,107.45,2,1,1,211,4,Hibernating
15396.0,113,2,796.38,278,2010-05-05 09:04:00,2011-08-19 10:56:00,471,398.19,3,2,3,323,8,Needs Attention
15397.0,290,1,94.0,20,2011-02-23 09:25:00,2011-02-23 09:25:00,0,94.0,2,1,1,211,4,Hibernating
15398.0,17,2,1345.53,769,2011-09-22 14:56:00,2011-11-23 16:47:00,62,672.765,5,2,4,524,11,New / Promising
15399.0,2,3,815.77,611,2011-09-21 15:57:00,2011-12-08 13:04:00,78,271.92333333333335,5,3,3,533,11,Loyal Customers
15400.0,93,8,1302.3,662,2010-05-28 08:33:00,2011-09-08 13:57:00,468,162.7875,3,4,4,344,11,Potential Loyalists
15401.0,453,2,216.95,93,2010-05-20 10:56:00,2010-09-13 13:42:00,116,108.475,1,2,1,121,4,Hibernating
15402.0,149,6,1830.54,2034,2010-04-27 12:12:00,2011-07-14 12:17:00,443,305.09,3,4,4,344,11,Potential Loyalists
15403.0,492,2,170.88,492,2009-12-09 12:45:00,2010-08-05 12:21:00,239,85.44,1,2,1,121,4,Hibernating
15404.0,376,1,257.06,334,2010-11-29 11:03:00,2010-11-29 11:03:00,0,257.06,2,1,1,211,4,Hibernating
15405.0,190,2,659.84,348,2010-05-12 15:56:00,2011-06-03 14:44:00,387,329.92,3,2,3,323,8,Needs Attention
15406.0,32,4,975.87,547,2010-09-12 13:06:00,2011-11-08 13:22:00,422,243.9675,4,3,3,433,10,Loyal Customers
15407.0,34,4,1046.74,552,2011-02-07 13:18:00,2011-11-06 11:55:00,272,261.685,4,3,3,433,10,Loyal Customers
15408.0,265,1,267.18,106,2011-03-20 15:02:00,2011-03-20 15:02:00,0,267.18,2,1,1,211,4,Hibernating
15409.0,722,1,131.25,59,2009-12-18 15:35:00,2009-12-18 15:35:00,0,131.25,1,1,1,111,3,Hibernating
15410.0,85,10,4685.72,1902,2010-04-19 08:57:00,2011-09-16 14:47:00,515,468.572,3,5,5,355,13,Potential Loyalists
15411.0,27,4,1348.93,529,2011-06-10 12:30:00,2011-11-13 15:19:00,156,337.2325,4,3,4,434,11,Loyal Customers
15412.0,172,1,190.53,108,2011-06-21 15:24:00,2011-06-21 15:24:00,0,190.53,3,1,1,311,5,Needs Attention
15413.0,692,5,6798.72,2694,2009-12-01 10:18:00,2010-01-17 11:33:00,47,1359.7440000000001,1,4,5,145,10,At Risk High Value
15414.0,10,3,774.9000000000001,443,2011-04-11 13:45:00,2011-11-30 09:50:00,233,258.3,5,3,3,533,11,Loyal Customers
15415.0,314,1,559.61,551,2011-01-30 14:13:00,2011-01-30 14:13:00,0,559.61,2,1,2,212,5,Hibernating
15416.0,65,7,4572.82,2420,2010-02-01 11:55:00,2011-10-06 09:38:00,612,653.26,3,4,5,345,12,Potential Loyalists
15417.0,86,1,508.8,284,2011-09-15 15:26:00,2011-09-15 15:26:00,0,508.8,3,1,2,312,6,Needs Attention
15418.0,426,2,449.42,264,2010-05-02 11:31:00,2010-10-10 13:38:00,161,224.71,1,2,2,122,5,Hibernating
15419.0,25,1,135.86,230,2011-11-15 09:23:00,2011-11-15 09:23:00,0,135.86,4,1,1,411,6,New / Promising
15420.0,435,6,743.0,844,2009-12-05 13:29:00,2010-10-01 15:46:00,300,123.83333333333333,1,4,3,143,8,At Risk
15421.0,59,10,3805.34,1927,2009-12-07 15:10:00,2011-10-12 09:20:00,674,380.534,4,5,5,455,14,Champions
15422.0,324,7,1619.97,710,2010-02-07 11:52:00,2011-01-20 16:17:00,347,231.42428571428573,2,4,4,244,10,At Risk High Value
15423.0,39,3,266.89,198,2010-03-28 13:42:00,2011-11-01 14:01:00,583,88.96333333333332,4,3,1,431,8,Loyal Customers
15424.0,255,3,597.78,873,2010-09-02 17:17:00,2011-03-30 13:02:00,209,199.26,2,3,2,232,7,At Risk
15425.0,401,4,1941.1200000000001,1041,2010-02-14 12:36:00,2010-11-04 18:13:00,263,485.28000000000003,2,3,4,234,9,At Risk
15426.0,20,9,2538.92,1190,2010-05-02 15:10:00,2011-11-20 15:36:00,567,282.1022222222222,5,5,4,554,14,Champions
15427.0,34,3,1430.54,967,2011-10-23 14:47:00,2011-11-06 14:29:00,14,476.84666666666664,4,3,4,434,11,Loyal Customers
15428.0,16,4,762.75,347,2009-12-17 17:46:00,2011-11-24 16:54:00,707,190.6875,5,3,3,533,11,Loyal Customers
15429.0,27,2,397.35,380,2011-09-25 13:42:00,2011-11-13 12:28:00,49,198.675,4,2,2,422,8,New / Promising
15430.0,468,2,954.75,309,2010-06-29 15:04:00,2010-08-29 10:42:00,61,477.375,1,2,3,123,6,Hibernating
15431.0,503,1,153.24,84,2010-07-25 12:44:00,2010-07-25 12:44:00,0,153.24,1,1,1,111,3,Hibernating
15432.0,24,2,320.76,92,2010-06-16 14:34:00,2011-11-16 16:30:00,518,160.38,4,2,2,422,8,New / Promising
15433.0,214,2,533.3,534,2011-03-17 14:12:00,2011-05-10 10:45:00,54,266.65,2,2,2,222,6,Hibernating
15434.0,9,11,2567.06,1423,2010-01-24 15:35:00,2011-12-01 13:33:00,676,233.36909090909091,5,5,4,554,14,Champions
15435.0,23,1,149.29,54,2011-11-17 16:39:00,2011-11-17 16:39:00,0,149.29,4,1,1,411,6,New / Promising
15436.0,13,3,1067.75,574,2011-04-19 16:52:00,2011-11-27 16:05:00,222,355.9166666666667,5,3,3,533,11,Loyal Customers
15437.0,263,2,393.45,177,2010-03-09 10:45:00,2011-03-22 13:11:00,378,196.725,2,2,2,222,6,Hibernating
15438.0,132,1,156.57999999999998,59,2011-07-31 14:19:00,2011-07-31 14:19:00,0,156.57999999999998,3,1,1,311,5,Needs Attention
15439.0,405,4,1269.05,572,2010-02-24 12:05:00,2010-10-31 10:38:00,249,317.2625,2,3,4,234,9,At Risk
15440.0,55,3,383.68,197,2011-05-15 11:30:00,2011-10-16 12:16:00,154,127.89333333333333,4,3,2,432,9,Loyal Customers
15441.0,397,3,1254.21,587,2009-12-09 14:55:00,2010-11-08 15:50:00,334,418.07,2,3,4,234,9,At Risk
15442.0,249,1,594.0,120,2011-04-05 12:24:00,2011-04-05 12:24:00,0,594.0,2,1,2,212,5,Hibernating
15443.0,2,14,5114.2300000000005,2699,2010-03-07 12:10:00,2011-12-08 10:40:00,641,365.3021428571429,5,5,5,555,15,Champions
15444.0,10,2,1411.21,759,2011-10-30 16:12:00,2011-11-30 17:37:00,31,705.605,5,2,4,524,11,New / Promising
15445.0,265,2,284.5,118,2010-04-28 15:00:00,2011-03-20 15:06:00,326,142.25,2,2,1,221,5,Hibernating
15446.0,377,3,399.75,265,2009-12-13 13:53:00,2010-11-28 11:59:00,350,133.25,2,3,2,232,7,At Risk
15447.0,331,5,492.88,228,2010-03-24 14:40:00,2011-01-13 11:26:00,295,98.576,2,4,2,242,8,At Risk
15448.0,313,2,788.8100000000001,487,2010-02-03 13:29:00,2011-01-31 10:42:00,362,394.40500000000003,2,2,3,223,7,Hibernating
15449.0,27,3,974.52,812,2011-03-23 10:43:00,2011-11-13 15:02:00,235,324.84,4,3,3,433,10,Loyal Customers
15450.0,31,1,429.84,376,2011-11-09 17:11:00,2011-11-09 17:11:00,0,429.84,4,1,2,412,7,New / Promising
15451.0,435,2,226.86,76,2010-04-19 14:08:00,2010-10-01 13:40:00,165,113.43,1,2,1,121,4,Hibernating
15452.0,30,6,1785.1100000000001,1087,2010-07-16 14:23:00,2011-11-10 12:13:00,482,297.5183333333334,4,4,4,444,12,Champions
15453.0,2,7,1371.77,837,2011-06-05 12:37:00,2011-12-08 10:59:00,186,195.96714285714285,5,4,4,544,13,Champions
15454.0,363,2,305.99,146,2010-03-31 13:15:00,2010-12-12 14:21:00,256,152.995,2,2,2,222,6,Hibernating
15455.0,598,1,38.25,3,2010-04-21 12:43:00,2010-04-21 12:43:00,0,38.25,1,1,1,111,3,Hibernating
15456.0,284,10,2091.52,2727,2009-12-08 12:54:00,2011-03-01 13:51:00,448,209.152,2,5,4,254,11,At Risk High Value
15457.0,263,1,237.07,132,2011-03-22 15:31:00,2011-03-22 15:31:00,0,237.07,2,1,1,211,4,Hibernating
15458.0,26,2,370.44,300,2010-11-02 19:50:00,2011-11-14 13:08:00,377,185.22,4,2,2,422,8,New / Promising
15459.0,418,2,202.83,121,2010-07-30 14:31:00,2010-10-18 15:25:00,80,101.415,1,2,1,121,4,Hibernating
15460.0,355,1,214.26,107,2010-12-20 16:08:00,2010-12-20 16:08:00,0,214.26,2,1,1,211,4,Hibernating
15461.0,461,2,429.7,230,2010-03-18 12:40:00,2010-09-05 12:31:00,171,214.85,1,2,2,122,5,Hibernating
15462.0,95,4,737.05,495,2010-09-20 10:23:00,2011-09-06 13:11:00,351,184.2625,3,3,3,333,9,Potential Loyalists
15463.0,30,1,126.14,106,2011-11-10 12:57:00,2011-11-10 12:57:00,0,126.14,4,1,1,411,6,New / Promising
15464.0,339,1,1044.65,348,2011-01-05 15:56:00,2011-01-05 15:56:00,0,1044.65,2,1,3,213,6,Hibernating
15465.0,20,32,12636.15,2763,2009-12-10 09:42:00,2011-11-20 10:11:00,710,394.8796875,5,5,5,555,15,Champions
15466.0,86,4,1560.46,941,2009-12-03 12:28:00,2011-09-15 14:08:00,651,390.115,3,3,4,334,10,Potential Loyalists
15467.0,10,3,524.88,310,2011-07-10 14:42:00,2011-11-30 14:17:00,143,174.96,5,3,2,532,10,Loyal Customers
15468.0,52,3,1430.48,1400,2010-11-12 09:39:00,2011-10-19 13:49:00,341,476.82666666666665,4,3,4,434,11,Loyal Customers
15469.0,51,3,874.25,287,2010-09-27 10:09:00,2011-10-20 16:21:00,388,291.4166666666667,4,3,3,433,10,Loyal Customers
15470.0,576,1,63.419999999999995,232,2010-05-13 09:35:00,2010-05-13 09:35:00,0,63.419999999999995,1,1,1,111,3,Hibernating
15471.0,3,3,1292.01,670,2010-06-07 12:17:00,2011-12-07 14:12:00,548,430.67,5,3,4,534,12,Loyal Customers
15472.0,114,1,371.56,251,2011-08-18 15:17:00,2011-08-18 15:17:00,0,371.56,3,1,2,312,6,Needs Attention
15473.0,15,8,2046.0,776,2010-09-21 09:14:00,2011-11-25 15:15:00,430,255.75,5,4,4,544,13,Champions
15474.0,596,1,150.35,55,2010-04-23 11:14:00,2010-04-23 11:14:00,0,150.35,1,1,1,111,3,Hibernating
15475.0,78,1,454.11,319,2011-09-23 15:20:00,2011-09-23 15:20:00,0,454.11,3,1,2,312,6,Needs Attention
15476.0,381,4,2209.98,1174,2010-09-23 14:00:00,2010-11-24 15:17:00,62,552.495,2,3,4,234,9,At Risk
15477.0,650,1,368.4,216,2010-02-28 10:37:00,2010-02-28 10:37:00,0,368.4,1,1,2,112,4,Hibernating
15478.0,41,3,1983.48,894,2010-05-13 18:49:00,2011-10-30 14:19:00,535,661.16,4,3,4,434,11,Loyal Customers
15479.0,734,1,147.4,38,2009-12-06 15:08:00,2009-12-06 15:08:00,0,147.4,1,1,1,111,3,Hibernating
15480.0,117,5,6279.0,1852,2010-02-01 14:52:00,2011-08-15 14:32:00,560,1255.8,3,4,5,345,12,Potential Loyalists
15481.0,402,1,1993.34,1450,2010-11-03 14:52:00,2010-11-03 14:52:00,0,1993.34,2,1,4,214,7,Hibernating
15482.0,16,19,14417.36,6516,2009-12-02 16:59:00,2011-11-24 10:46:00,722,758.8084210526316,5,5,5,555,15,Champions
15483.0,162,10,817.82,905,2010-01-24 15:42:00,2011-07-01 13:07:00,523,81.78200000000001,3,5,3,353,11,Potential Loyalists
15484.0,2,6,4652.1,4074,2009-12-05 15:18:00,2011-12-08 15:03:00,733,775.35,5,4,5,545,14,Champions
15485.0,31,7,5750.51,2544,2009-12-01 17:31:00,2011-11-09 14:31:00,708,821.5014285714286,4,4,5,445,13,Champions
15486.0,528,1,102.0,40,2010-06-30 13:15:00,2010-06-30 13:15:00,0,102.0,1,1,1,111,3,Hibernating
15487.0,680,1,231.32,144,2010-01-29 12:07:00,2010-01-29 12:07:00,0,231.32,1,1,1,111,3,Hibernating
15488.0,93,5,431.92,251,2010-05-05 13:03:00,2011-09-08 10:11:00,491,86.384,3,4,2,342,9,Potential Loyalists
15489.0,23,8,2419.61,1264,2010-01-15 16:58:00,2011-11-17 08:53:00,671,302.45125,4,4,4,444,12,Champions
15490.0,431,1,210.85,82,2010-10-05 13:11:00,2010-10-05 13:11:00,0,210.85,1,1,1,111,3,Hibernating
15491.0,96,6,3100.09,1646,2011-04-18 10:04:00,2011-09-05 15:56:00,140,516.6816666666667,3,4,5,345,12,Potential Loyalists
15492.0,29,2,659.46,483,2011-09-26 14:02:00,2011-11-11 14:53:00,46,329.73,4,2,3,423,9,New / Promising
15493.0,33,9,4121.68,1206,2010-02-23 11:14:00,2011-11-07 12:04:00,622,457.9644444444445,4,5,5,455,14,Champions
15494.0,22,5,3702.6,3052,2009-12-10 20:16:00,2011-11-18 14:51:00,708,740.52,4,4,5,445,13,Champions
15495.0,380,1,246.5,194,2010-11-25 13:46:00,2010-11-25 13:46:00,0,246.5,2,1,1,211,4,Hibernating
15496.0,632,1,146.14,98,2010-03-18 13:16:00,2010-03-18 13:16:00,0,146.14,1,1,1,111,3,Hibernating
15497.0,18,9,8657.39,2937,2009-12-18 15:08:00,2011-11-22 11:51:00,704,961.9322222222222,5,5,5,555,15,Champions
15498.0,3,44,25949.58,12598,2009-12-16 17:27:00,2011-12-07 12:48:00,721,589.7631818181818,5,5,5,555,15,Champions
15499.0,724,1,158.65,59,2009-12-16 12:17:00,2009-12-16 12:17:00,0,158.65,1,1,1,111,3,Hibernating
15500.0,9,4,1131.56,572,2011-09-19 13:47:00,2011-12-01 13:47:00,73,282.89,5,3,3,533,11,Loyal Customers
15501.0,405,2,399.95,205,2010-10-20 12:47:00,2010-10-31 11:15:00,11,199.975,2,2,2,222,6,Hibernating
15502.0,16,14,13933.27,5849,2010-06-03 11:12:00,2011-11-24 12:48:00,539,995.2335714285715,5,5,5,555,15,Champions
15503.0,363,2,257.3,130,2009-12-13 11:34:00,2010-12-12 10:57:00,364,128.65,2,2,1,221,5,Hibernating
15504.0,82,4,402.7,141,2010-02-12 12:34:00,2011-09-19 13:45:00,584,100.675,3,3,2,332,8,Potential Loyalists
15505.0,53,5,3610.96,2390,2011-07-07 13:33:00,2011-10-18 07:56:00,103,722.192,4,4,5,445,13,Champions
15506.0,23,6,2030.33,1637,2010-08-19 12:38:00,2011-11-17 12:11:00,455,338.3883333333333,4,4,4,444,12,Champions
15507.0,172,1,475.86,160,2011-06-21 11:19:00,2011-06-21 11:19:00,0,475.86,3,1,2,312,6,Needs Attention
15508.0,190,6,1000.27,440,2011-04-18 15:31:00,2011-06-03 15:43:00,46,166.71166666666667,3,4,3,343,10,Potential Loyalists
15509.0,381,1,152.41,58,2010-11-24 14:48:00,2010-11-24 14:48:00,0,152.41,2,1,1,211,4,Hibernating
15510.0,331,1,250.0,2,2011-01-13 12:10:00,2011-01-13 12:10:00,0,250.0,2,1,1,211,4,Hibernating
15511.0,12,5,900.53,269,2011-09-15 15:05:00,2011-11-28 09:43:00,74,180.106,5,4,3,543,12,Loyal Customers
15512.0,156,4,331.58,235,2010-02-01 13:23:00,2011-07-07 10:20:00,521,82.895,3,3,2,332,8,Potential Loyalists
15513.0,34,35,27750.55,10831,2010-01-13 14:59:00,2011-11-06 14:36:00,662,792.8728571428571,4,5,5,455,14,Champions
15514.0,13,18,6392.06,4087,2009-12-04 16:37:00,2011-11-27 14:40:00,723,355.1144444444445,5,5,5,555,15,Champions
15515.0,388,1,171.81,131,2010-11-17 13:39:00,2010-11-17 13:39:00,0,171.81,2,1,1,211,4,Hibernating
15516.0,45,3,62.43,27,2011-10-24 11:33:00,2011-10-26 10:51:00,2,20.81,4,3,1,431,8,Loyal Customers
15517.0,234,1,267.03,293,2011-04-20 14:02:00,2011-04-20 14:02:00,0,267.03,2,1,1,211,4,Hibernating
15518.0,65,15,4189.99,2810,2009-12-20 12:21:00,2011-10-06 13:05:00,655,279.3326666666666,3,5,5,355,13,Potential Loyalists
15519.0,384,2,344.61,116,2010-09-19 13:57:00,2010-11-21 14:35:00,63,172.305,2,2,2,222,6,Hibernating
15520.0,2,1,343.5,314,2011-12-08 10:58:00,2011-12-08 10:58:00,0,343.5,5,1,2,512,8,New / Promising
15521.0,41,16,7098.24,4507,2010-01-05 10:19:00,2011-10-30 13:42:00,663,443.64,4,5,5,455,14,Champions
15522.0,33,2,397.99,572,2011-09-13 12:26:00,2011-11-07 11:26:00,55,198.995,4,2,2,422,8,New / Promising
15523.0,85,16,17259.19,15633,2009-12-02 15:16:00,2011-09-16 16:29:00,653,1078.699375,3,5,5,355,13,Potential Loyalists
15524.0,25,2,591.4,28,2010-04-12 09:19:00,2011-11-15 12:09:00,582,295.7,4,2,2,422,8,New / Promising
15525.0,3,4,1165.15,640,2010-11-22 12:10:00,2011-12-07 14:43:00,380,291.2875,5,3,3,533,11,Loyal Customers
15526.0,34,2,148.44,24,2011-11-06 15:01:00,2011-11-06 15:04:00,0,74.22,4,2,1,421,7,New / Promising
15527.0,19,23,5554.89,2211,2009-12-15 17:31:00,2011-11-21 12:17:00,706,241.51695652173913,5,5,5,555,15,Champions
15528.0,255,1,229.33,123,2011-03-30 16:14:00,2011-03-30 16:14:00,0,229.33,2,1,1,211,4,Hibernating
15529.0,23,12,5079.32,4447,2010-11-10 14:26:00,2011-11-17 11:29:00,372,423.27666666666664,4,5,5,455,14,Champions
15530.0,22,5,1808.68,1328,2010-07-15 11:10:00,2011-11-18 12:25:00,491,361.736,4,4,4,444,12,Champions
15531.0,9,2,1972.39,1085,2011-11-09 17:47:00,2011-12-01 18:43:00,22,986.195,5,2,4,524,11,New / Promising
15532.0,26,10,3738.85,1337,2010-06-08 14:52:00,2011-11-14 14:51:00,524,373.885,4,5,5,455,14,Champions
15533.0,20,3,807.57,289,2011-09-11 15:41:00,2011-11-20 15:35:00,70,269.19,5,3,3,533,11,Loyal Customers
15534.0,726,1,162.25,63,2009-12-14 12:48:00,2009-12-14 12:48:00,0,162.25,1,1,1,111,3,Hibernating
15535.0,174,6,1044.37,314,2010-09-16 20:04:00,2011-06-19 16:02:00,276,174.06166666666664,3,4,3,343,10,Potential Loyalists
15536.0,410,1,259.09,242,2010-10-26 16:31:00,2010-10-26 16:31:00,0,259.09,2,1,1,211,4,Hibernating
15537.0,164,1,110.92,29,2011-06-29 13:10:00,2011-06-29 13:10:00,0,110.92,3,1,1,311,5,Needs Attention
15538.0,538,6,3358.4,1016,2010-02-14 12:38:00,2010-06-20 10:49:00,126,559.7333333333333,1,4,5,145,10,At Risk High Value
15539.0,8,1,538.46,410,2011-12-02 13:36:00,2011-12-02 13:36:00,0,538.46,5,1,2,512,8,New / Promising
15540.0,12,2,460.68,444,2010-11-29 11:10:00,2011-11-28 13:51:00,364,230.34,5,2,2,522,9,New / Promising
15541.0,115,1,85.13000000000001,49,2011-08-17 14:58:00,2011-08-17 14:58:00,0,85.13000000000001,3,1,1,311,5,Needs Attention
15542.0,513,3,855.71,418,2009-12-02 11:53:00,2010-07-15 13:32:00,225,285.2366666666667,1,3,3,133,7,At Risk
15543.0,289,2,242.26,167,2010-09-06 11:28:00,2011-02-24 15:26:00,171,121.13,2,2,1,221,5,Hibernating
15544.0,10,20,8162.43,7019,2010-01-28 14:39:00,2011-11-30 16:43:00,671,408.1215,5,5,5,555,15,Champions
15545.0,55,2,424.3,237,2010-12-03 17:28:00,2011-10-16 13:24:00,317,212.15,4,2,2,422,8,New / Promising
15546.0,607,2,1079.1000000000001,198,2010-04-12 11:45:00,2010-04-12 11:51:00,0,539.5500000000001,1,2,3,123,6,Hibernating
15547.0,8,26,10057.05,7278,2009-12-06 13:40:00,2011-12-02 12:52:00,726,386.80961538461537,5,5,5,555,15,Champions
15548.0,596,1,158.09,64,2010-04-23 12:20:00,2010-04-23 12:20:00,0,158.09,1,1,1,111,3,Hibernating
15549.0,78,8,2334.16,936,2010-01-11 13:16:00,2011-09-23 16:22:00,620,291.77,3,4,4,344,11,Potential Loyalists
15550.0,5,12,2211.05,1139,2009-12-03 15:15:00,2011-12-05 15:38:00,732,184.2541666666667,5,5,4,554,14,Champions
15551.0,37,7,1679.81,796,2010-06-07 15:05:00,2011-11-03 12:37:00,514,239.97285714285712,4,4,4,444,12,Champions
15552.0,218,2,252.52,166,2010-03-26 16:17:00,2011-05-06 14:47:00,406,126.26,2,2,1,221,5,Hibernating
15553.0,61,1,428.93,449,2011-10-10 14:02:00,2011-10-10 14:02:00,0,428.93,3,1,2,312,6,Needs Attention
15554.0,278,1,217.2,74,2011-03-07 09:00:00,2011-03-07 09:00:00,0,217.2,2,1,1,211,4,Hibernating
15555.0,13,36,12062.69,9006,2009-12-06 11:58:00,2011-11-27 16:19:00,721,335.07472222222225,5,5,5,555,15,Champions
15556.0,25,1,279.77,236,2011-11-15 16:08:00,2011-11-15 16:08:00,0,279.77,4,1,1,411,6,New / Promising
15557.0,29,1,468.91,213,2011-11-11 12:46:00,2011-11-11 12:46:00,0,468.91,4,1,2,412,7,New / Promising
15558.0,640,1,202.68,73,2010-03-10 15:25:00,2010-03-10 15:25:00,0,202.68,1,1,1,111,3,Hibernating
15559.0,569,1,1109.4,526,2010-05-20 14:06:00,2010-05-20 14:06:00,0,1109.4,1,1,3,113,5,Hibernating
15560.0,398,2,153.52,72,2010-11-07 10:14:00,2010-11-07 10:15:00,0,76.76,2,2,1,221,5,Hibernating
15561.0,12,8,1934.3899999999999,1334,2010-02-14 12:22:00,2011-11-28 11:07:00,652,241.79874999999998,5,4,4,544,13,Champions
15562.0,352,3,671.4300000000001,560,2009-12-13 15:17:00,2010-12-23 09:55:00,375,223.81000000000003,2,3,3,233,8,At Risk
15563.0,23,7,2859.46,3005,2010-01-28 11:36:00,2011-11-17 14:50:00,658,408.4942857142857,4,4,4,444,12,Champions
15564.0,464,2,70.74000000000001,42,2010-02-01 15:58:00,2010-09-02 15:52:00,213,35.370000000000005,1,2,1,121,4,Hibernating
15565.0,51,2,173.16000000000003,60,2011-09-30 10:44:00,2011-10-20 14:33:00,20,86.58000000000001,4,2,1,421,7,New / Promising
15566.0,393,2,227.87,153,2009-12-15 14:53:00,2010-11-12 12:11:00,332,113.935,2,2,1,221,5,Hibernating
15567.0,19,1,186.01,223,2011-11-21 10:48:00,2011-11-21 10:48:00,0,186.01,5,1,1,511,7,New / Promising
15568.0,3,3,758.29,461,2011-09-27 14:37:00,2011-12-07 11:27:00,71,252.76333333333332,5,3,3,533,11,Loyal Customers
15569.0,104,10,3583.45,1734,2010-02-28 10:55:00,2011-08-28 10:15:00,546,358.34499999999997,3,5,5,355,13,Potential Loyalists
15570.0,8,25,9254.14,4244,2010-03-28 14:04:00,2011-12-02 14:47:00,614,370.1656,5,5,5,555,15,Champions
15571.0,12,14,3892.35,2411,2009-12-06 12:10:00,2011-11-28 10:02:00,722,278.025,5,5,5,555,15,Champions
15572.0,5,10,3965.2,2089,2010-04-14 14:38:00,2011-12-05 10:09:00,600,396.52,5,5,5,555,15,Champions
15573.0,32,5,1188.42,770,2009-12-10 14:19:00,2011-11-08 11:38:00,698,237.68400000000003,4,4,3,443,11,Loyal Customers
15574.0,178,6,1450.48,909,2010-09-01 14:37:00,2011-06-15 12:01:00,287,241.74666666666667,3,4,4,344,11,Potential Loyalists
15575.0,620,1,30.1,6,2010-03-30 12:50:00,2010-03-30 12:50:00,0,30.1,1,1,1,111,3,Hibernating
15576.0,38,1,921.37,394,2011-11-02 12:03:00,2011-11-02 12:03:00,0,921.37,4,1,3,413,8,New / Promising
15577.0,152,5,396.03,120,2009-12-13 16:17:00,2011-07-11 17:03:00,575,79.20599999999999,3,4,2,342,9,Potential Loyalists
15578.0,163,1,127.1,52,2011-06-30 13:03:00,2011-06-30 13:03:00,0,127.1,3,1,1,311,5,Needs Attention
15579.0,69,5,1250.63,713,2010-10-03 14:37:00,2011-10-02 12:45:00,364,250.12600000000003,3,4,4,344,11,Potential Loyalists
15580.0,377,8,1375.39,955,2010-02-07 11:21:00,2010-11-28 11:00:00,294,171.92375,2,4,4,244,10,At Risk High Value
15581.0,121,38,7752.74,3132,2009-12-02 12:19:00,2011-08-11 09:38:00,617,204.0194736842105,3,5,5,355,13,Potential Loyalists
15582.0,25,3,682.9100000000001,453,2011-05-03 13:36:00,2011-11-15 09:55:00,196,227.63666666666668,4,3,3,433,10,Loyal Customers
15583.0,377,1,95.96,56,2010-11-28 15:04:00,2010-11-28 15:04:00,0,95.96,2,1,1,211,4,Hibernating
15584.0,24,6,1268.2,483,2010-02-07 12:16:00,2011-11-16 10:55:00,647,211.36666666666667,4,4,4,444,12,Champions
15585.0,177,1,455.3,320,2011-06-16 08:38:00,2011-06-16 08:38:00,0,455.3,3,1,2,312,6,Needs Attention
15586.0,593,3,1139.1000000000001,1338,2010-01-08 10:02:00,2010-04-26 11:00:00,108,379.70000000000005,1,3,3,133,7,At Risk
15587.0,51,7,1522.08,528,2010-08-05 08:44:00,2011-10-20 13:37:00,441,217.44,4,4,4,444,12,Champions
15588.0,678,1,579.6,96,2010-01-31 12:19:00,2010-01-31 12:19:00,0,579.6,1,1,2,112,4,Hibernating
15589.0,256,3,478.53,243,2011-02-02 10:46:00,2011-03-29 09:54:00,55,159.51,2,3,2,232,7,At Risk
15590.0,383,5,1496.6,832,2010-04-12 10:09:00,2010-11-22 14:49:00,224,299.32,2,4,4,244,10,At Risk High Value
15591.0,583,3,217.9,58,2010-02-04 09:20:00,2010-05-06 09:23:00,91,72.63333333333334,1,3,1,131,5,At Risk
15592.0,47,1,388.58,354,2011-10-24 08:59:00,2011-10-24 08:59:00,0,388.58,4,1,2,412,7,New / Promising
15593.0,71,1,199.8,60,2011-09-30 11:46:00,2011-09-30 11:46:00,0,199.8,3,1,1,311,5,Needs Attention
15594.0,16,5,1771.78,983,2011-04-19 10:08:00,2011-11-24 08:53:00,219,354.356,5,4,4,544,13,Champions
15595.0,488,1,357.59999999999997,144,2010-08-09 12:27:00,2010-08-09 12:27:00,0,357.59999999999997,1,1,2,112,4,Hibernating
15596.0,101,9,3130.04,1376,2010-07-28 11:46:00,2011-08-31 10:55:00,399,347.78222222222223,3,5,5,355,13,Potential Loyalists
15597.0,36,2,563.37,393,2010-05-13 13:10:00,2011-11-04 13:26:00,540,281.685,4,2,2,422,8,New / Promising
15598.0,54,2,548.02,404,2010-10-08 09:20:00,2011-10-17 16:04:00,374,274.01,4,2,2,422,8,New / Promising
15599.0,27,3,1250.06,1098,2010-09-20 10:15:00,2011-11-13 11:44:00,419,416.68666666666667,4,3,4,434,11,Loyal Customers
15600.0,429,4,1199.31,657,2010-04-25 11:50:00,2010-10-07 14:30:00,165,299.8275,1,3,3,133,7,At Risk
15601.0,12,30,14960.12,11061,2009-12-01 14:53:00,2011-11-28 15:15:00,727,498.6706666666667,5,5,5,555,15,Champions
15602.0,9,16,3230.51,2349,2009-12-02 09:35:00,2011-12-01 14:14:00,729,201.906875,5,5,5,555,15,Champions
15603.0,79,2,88.48,128,2010-03-01 16:02:00,2011-09-22 10:04:00,570,44.24,3,2,1,321,6,Needs Attention
15604.0,53,1,216.39000000000001,159,2011-10-18 14:47:00,2011-10-18 14:47:00,0,216.39000000000001,4,1,1,411,6,New / Promising
15605.0,37,9,1936.8,712,2010-01-14 14:03:00,2011-11-03 14:17:00,658,215.2,4,5,4,454,13,Champions
15606.0,62,17,5230.99,1615,2010-03-02 14:48:00,2011-10-09 15:47:00,586,307.70529411764704,3,5,5,355,13,Potential Loyalists
15607.0,337,9,1708.97,1470,2010-01-08 12:16:00,2011-01-07 12:44:00,364,189.88555555555556,2,5,4,254,11,At Risk High Value
15608.0,29,5,1785.98,1262,2010-10-20 10:10:00,2011-11-11 13:20:00,387,357.196,4,4,4,444,12,Champions
15609.0,185,1,298.48,148,2011-06-08 13:00:00,2011-06-08 13:00:00,0,298.48,3,1,2,312,6,Needs Attention
15610.0,52,1,112.46000000000001,66,2011-10-19 10:36:00,2011-10-19 10:36:00,0,112.46000000000001,4,1,1,411,6,New / Promising
15611.0,10,26,2997.28,747,2010-01-25 14:50:00,2011-11-30 12:36:00,674,115.28,5,5,5,555,15,Champions
15612.0,37,2,195.15,52,2011-10-09 12:49:00,2011-11-03 14:52:00,25,97.575,4,2,1,421,7,New / Promising
15613.0,611,1,433.71999999999997,700,2010-04-08 12:51:00,2010-04-08 12:51:00,0,433.71999999999997,1,1,2,112,4,Hibernating
15614.0,438,4,3147.36,1632,2010-03-23 11:13:00,2010-09-28 10:46:00,189,786.84,1,3,5,135,9,At Risk
15615.0,11,47,21373.97,12090,2009-12-02 15:28:00,2011-11-29 14:42:00,727,454.7653191489362,5,5,5,555,15,Champions
15616.0,439,1,317.11,137,2010-09-27 13:10:00,2010-09-27 13:10:00,0,317.11,1,1,2,112,4,Hibernating
15617.0,397,3,828.5500000000001,485,2010-07-20 13:16:00,2010-11-08 16:07:00,111,276.18333333333334,2,3,3,233,8,At Risk
15618.0,33,4,776.851,454,2011-07-26 10:13:00,2011-11-07 08:34:00,104,194.21275,4,3,3,433,10,Loyal Customers
15619.0,11,1,336.4,136,2011-11-29 08:14:00,2011-11-29 08:14:00,0,336.4,5,1,2,512,8,New / Promising
15620.0,57,4,1942.36,1249,2010-10-26 11:32:00,2011-10-14 12:41:00,353,485.59,4,3,4,434,11,Loyal Customers
15621.0,5,4,1293.03,501,2011-11-18 11:49:00,2011-12-05 14:01:00,17,323.2575,5,3,4,534,12,Loyal Customers
15622.0,44,17,7852.610000000001,4091,2010-03-04 10:29:00,2011-10-27 16:44:00,602,461.91823529411766,4,5,5,455,14,Champions
15623.0,142,8,2437.05,1087,2009-12-10 14:46:00,2011-07-21 17:26:00,588,304.63125,3,4,4,344,11,Potential Loyalists
15624.0,117,4,588.13,357,2011-03-28 13:32:00,2011-08-15 11:38:00,140,147.0325,3,3,2,332,8,Potential Loyalists
15625.0,104,9,3236.4,3020,2010-06-15 15:23:00,2011-08-28 10:21:00,439,359.6,3,5,5,355,13,Potential Loyalists
15626.0,75,3,1067.52,1138,2010-10-14 17:16:00,2011-09-26 10:03:00,347,355.84,3,3,3,333,9,Potential Loyalists
15627.0,458,2,566.9,344,2010-07-05 11:56:00,2010-09-08 14:14:00,65,283.45,1,2,2,122,5,Hibernating
15628.0,5,17,5652.26,3819,2009-12-13 13:39:00,2011-12-05 10:24:00,722,332.4858823529412,5,5,5,555,15,Champions
15629.0,451,4,2240.9,1518,2010-06-25 11:39:00,2010-09-15 13:46:00,82,560.225,1,3,4,134,8,At Risk
15630.0,46,3,1481.4,987,2010-03-05 14:30:00,2011-10-25 15:36:00,599,493.8,4,3,4,434,11,Loyal Customers
15631.0,643,1,596.67,525,2010-03-07 14:52:00,2010-03-07 14:52:00,0,596.67,1,1,2,112,4,Hibernating
15632.0,16,8,3285.31,2109,2011-03-10 08:29:00,2011-11-24 09:51:00,259,410.66375,5,4,5,545,14,Champions
15633.0,510,13,4335.96,2048,2009-12-08 17:51:00,2010-07-18 13:54:00,222,333.5353846153846,1,5,5,155,11,At Risk High Value
15634.0,18,2,554.65,227,2010-11-21 15:30:00,2011-11-22 16:28:00,366,277.325,5,2,2,522,9,New / Promising
15635.0,396,1,100.35,5,2010-11-09 08:58:00,2010-11-09 08:58:00,0,100.35,2,1,1,211,4,Hibernating
15636.0,90,4,1444.58,560,2010-05-19 11:37:00,2011-09-11 11:17:00,480,361.145,3,3,4,334,10,Potential Loyalists
15637.0,53,5,797.59,651,2009-12-15 17:54:00,2011-10-18 08:28:00,672,159.518,4,4,3,443,11,Loyal Customers
15638.0,379,6,2265.2,1134,2010-04-08 14:37:00,2010-11-26 11:52:00,232,377.5333333333333,2,4,4,244,10,At Risk High Value
15639.0,135,3,1065.08,849,2010-04-13 13:11:00,2011-07-28 14:30:00,471,355.02666666666664,3,3,3,333,9,Potential Loyalists
15640.0,5,29,23828.03,12320,2009-12-14 16:36:00,2011-12-05 14:35:00,721,821.6562068965517,5,5,5,555,15,Champions
15641.0,106,12,5345.55,4422,2009-12-06 15:31:00,2011-08-26 14:04:00,628,445.46250000000003,3,5,5,355,13,Potential Loyalists
15642.0,730,1,105.78,270,2009-12-10 11:51:00,2009-12-10 11:51:00,0,105.78,1,1,1,111,3,Hibernating
15643.0,192,3,664.0,246,2011-03-02 14:34:00,2011-06-01 07:38:00,91,221.33333333333334,2,3,3,233,8,At Risk
15644.0,167,4,803.54,550,2011-03-23 15:37:00,2011-06-26 14:54:00,95,200.885,3,3,3,333,9,Potential Loyalists
15645.0,19,3,1055.17,396,2010-10-10 12:51:00,2011-11-21 11:55:00,407,351.72333333333336,5,3,3,533,11,Loyal Customers
15646.0,158,5,974.61,1051,2010-10-25 13:06:00,2011-07-05 09:53:00,253,194.922,3,4,3,343,10,Potential Loyalists
15647.0,416,1,169.0,124,2010-10-20 15:09:00,2010-10-20 15:09:00,0,169.0,1,1,1,111,3,Hibernating
15648.0,205,2,639.5,218,2011-03-17 18:59:00,2011-05-19 15:53:00,63,319.75,2,2,3,223,7,Hibernating
15649.0,337,4,2170.35,485,2010-11-17 16:22:00,2011-01-07 13:34:00,51,542.5875,2,3,4,234,9,At Risk
15650.0,522,2,553.88,210,2010-03-21 11:46:00,2010-07-06 10:41:00,107,276.94,1,2,2,122,5,Hibernating
15651.0,37,5,1259.06,871,2010-04-22 13:26:00,2011-11-03 08:41:00,560,251.81199999999998,4,4,4,444,12,Champions
15652.0,92,5,1405.94,657,2010-08-11 16:58:00,2011-09-09 14:22:00,394,281.188,3,4,4,344,11,Potential Loyalists
15653.0,93,2,877.44,1200,2011-08-16 09:50:00,2011-09-08 10:49:00,23,438.72,3,2,3,323,8,Needs Attention
15654.0,10,2,922.53,475,2011-11-13 15:15:00,2011-11-30 13:08:00,17,461.265,5,2,3,523,10,New / Promising
15655.0,244,1,560.6700000000001,324,2011-04-10 15:25:00,2011-04-10 15:25:00,0,560.6700000000001,2,1,2,212,5,Hibernating
15656.0,46,4,748.5,343,2011-02-28 15:32:00,2011-10-25 14:56:00,239,187.125,4,3,3,433,10,Loyal Customers
15657.0,23,1,30.0,24,2011-11-17 12:19:00,2011-11-17 12:19:00,0,30.0,4,1,1,411,6,New / Promising
15658.0,191,8,2423.4700000000003,691,2009-12-03 11:19:00,2011-06-02 15:22:00,546,302.93375000000003,2,4,4,244,10,At Risk High Value
15659.0,44,3,532.49,161,2010-02-24 13:32:00,2011-10-27 09:23:00,610,177.49666666666667,4,3,2,432,9,Loyal Customers
15660.0,26,15,2812.9900000000002,1893,2010-02-05 16:01:00,2011-11-14 16:58:00,647,187.53266666666667,4,5,4,454,13,Champions
15661.0,318,8,1215.95,779,2010-05-10 07:59:00,2011-01-26 13:56:00,261,151.99375,2,4,3,243,9,At Risk
15662.0,662,2,283.73,145,2009-12-01 13:49:00,2010-02-16 16:47:00,77,141.865,1,2,1,121,4,Hibernating
15663.0,107,1,138.14,106,2011-08-25 15:50:00,2011-08-25 15:50:00,0,138.14,3,1,1,311,5,Needs Attention
15664.0,51,4,1254.03,530,2010-02-28 12:50:00,2011-10-20 10:57:00,599,313.5075,4,3,4,434,11,Loyal Customers
15665.0,169,5,3987.07,2777,2010-03-14 15:07:00,2011-06-24 14:57:00,467,797.414,3,4,5,345,12,Potential Loyalists
15666.0,473,2,632.94,469,2010-08-01 15:41:00,2010-08-24 16:14:00,23,316.47,1,2,3,123,6,Hibernating
15667.0,40,1,301.32000000000005,240,2011-10-31 10:56:00,2011-10-31 10:56:00,0,301.32000000000005,4,1,2,412,7,New / Promising
15668.0,218,1,76.32000000000001,72,2011-05-06 10:39:00,2011-05-06 10:39:00,0,76.32000000000001,2,1,1,211,4,Hibernating
15669.0,41,4,684.34,342,2011-03-21 09:13:00,2011-10-30 16:03:00,223,171.085,4,3,3,433,10,Loyal Customers
15670.0,297,2,325.2,132,2010-06-01 15:34:00,2011-02-16 10:50:00,260,162.6,2,2,2,222,6,Hibernating
15671.0,19,7,2657.13,1699,2011-03-14 09:37:00,2011-11-21 12:43:00,252,379.59000000000003,5,4,4,544,13,Champions
15672.0,726,1,45.300000000000004,10,2009-12-14 16:52:00,2009-12-14 16:52:00,0,45.300000000000004,1,1,1,111,3,Hibernating
15673.0,89,9,6204.32,3274,2010-02-22 14:28:00,2011-09-12 16:12:00,567,689.3688888888888,3,5,5,355,13,Potential Loyalists
15674.0,74,13,6948.2300000000005,3648,2009-12-08 17:08:00,2011-09-27 15:17:00,658,534.4792307692308,3,5,5,355,13,Potential Loyalists
15675.0,82,4,542.04,624,2010-10-31 14:14:00,2011-09-19 13:48:00,323,135.51,3,3,2,332,8,Potential Loyalists
15676.0,19,3,3435.76,2252,2011-03-01 10:19:00,2011-11-21 12:40:00,265,1145.2533333333333,5,3,5,535,13,Loyal Customers
15677.0,50,3,1305.6299999999999,675,2010-09-02 12:08:00,2011-10-21 15:36:00,414,435.21,4,3,4,434,11,Loyal Customers
15678.0,53,3,1825.94,1022,2010-07-05 12:49:00,2011-10-18 09:25:00,470,608.6466666666666,4,3,4,434,11,Loyal Customers
15679.0,25,4,781.28,1170,2011-06-10 08:24:00,2011-11-15 16:19:00,158,195.32,4,3,3,433,10,Loyal Customers
15680.0,10,10,4507.58,3074,2009-12-02 12:15:00,2011-11-30 13:46:00,728,450.758,5,5,5,555,15,Champions
15681.0,26,14,2989.7000000000003,1392,2010-05-24 14:18:00,2011-11-14 16:30:00,539,213.55,4,5,5,455,14,Champions
15682.0,600,2,318.24,222,2010-01-21 14:37:00,2010-04-19 15:30:00,88,159.12,1,2,2,122,5,Hibernating
15683.0,118,2,524.54,332,2010-08-23 12:01:00,2011-08-14 12:56:00,356,262.27,3,2,2,322,7,Needs Attention
15684.0,548,3,173.95,77,2009-12-04 16:13:00,2010-06-10 18:51:00,188,57.98333333333333,1,3,1,131,5,At Risk
15685.0,451,1,55.980000000000004,36,2010-09-15 13:43:00,2010-09-15 13:43:00,0,55.980000000000004,1,1,1,111,3,Hibernating
15686.0,421,1,90.0,72,2010-10-15 13:50:00,2010-10-15 13:50:00,0,90.0,1,1,1,111,3,Hibernating
15687.0,9,9,2993.1,1310,2011-01-13 15:13:00,2011-12-01 08:33:00,322,332.56666666666666,5,5,5,555,15,Champions
15688.0,419,1,190.57,95,2010-10-17 12:06:00,2010-10-17 12:06:00,0,190.57,1,1,1,111,3,Hibernating
15689.0,120,3,521.03,207,2010-04-01 09:53:00,2011-08-12 09:37:00,498,173.67666666666665,3,3,2,332,8,Potential Loyalists
15690.0,5,2,239.76,408,2011-08-31 11:40:00,2011-12-05 15:59:00,96,119.88,5,2,1,521,8,New / Promising
15691.0,253,4,571.3,212,2009-12-06 16:01:00,2011-04-01 15:13:00,481,142.825,2,3,2,232,7,At Risk
15692.0,29,1,191.04,138,2011-11-11 14:12:00,2011-11-11 14:12:00,0,191.04,4,1,1,411,6,New / Promising
15693.0,660,1,37.5,30,2010-02-18 14:37:00,2010-02-18 14:37:00,0,37.5,1,1,1,111,3,Hibernating
15694.0,1,24,10810.81,2658,2009-12-07 15:43:00,2011-12-09 09:44:00,732,450.4504166666666,5,5,5,555,15,Champions
15695.0,267,4,1131.04,484,2010-01-27 10:56:00,2011-03-18 08:32:00,415,282.76,2,3,3,233,8,At Risk
15696.0,34,13,3881.2200000000003,1386,2010-01-24 14:36:00,2011-11-06 14:02:00,651,298.55538461538464,4,5,5,455,14,Champions
15697.0,690,1,246.75,127,2010-01-19 09:10:00,2010-01-19 09:10:00,0,246.75,1,1,1,111,3,Hibernating
15698.0,625,1,46.2,60,2010-03-25 17:38:00,2010-03-25 17:38:00,0,46.2,1,1,1,111,3,Hibernating
15699.0,18,1,309.65,113,2011-11-22 08:26:00,2011-11-22 08:26:00,0,309.65,5,1,2,512,8,New / Promising
15700.0,173,2,696.68,357,2011-06-19 15:36:00,2011-06-20 16:53:00,1,348.34,3,2,3,323,8,Needs Attention
15701.0,3,4,1529.0,912,2011-08-21 12:36:00,2011-12-07 14:39:00,108,382.25,5,3,4,534,12,Loyal Customers
15702.0,477,2,140.39,103,2010-01-26 17:23:00,2010-08-20 14:50:00,206,70.195,1,2,1,121,4,Hibernating
15703.0,265,1,211.5,66,2011-03-20 10:51:00,2011-03-20 10:51:00,0,211.5,2,1,1,211,4,Hibernating
15704.0,141,6,3734.6600000000003,1709,2010-05-05 14:51:00,2011-07-22 13:35:00,443,622.4433333333334,3,4,5,345,12,Potential Loyalists
15705.0,202,1,143.1,62,2011-05-22 15:37:00,2011-05-22 15:37:00,0,143.1,2,1,1,211,4,Hibernating
15706.0,64,4,1060.56,321,2011-08-15 14:32:00,2011-10-07 10:09:00,53,265.14,3,3,3,333,9,Potential Loyalists
15707.0,36,4,916.98,594,2011-09-14 14:19:00,2011-11-04 14:35:00,51,229.245,4,3,3,433,10,Loyal Customers
15708.0,41,9,4204.4400000000005,1586,2010-10-10 11:33:00,2011-10-30 10:54:00,385,467.1600000000001,4,5,5,455,14,Champions
15709.0,284,2,327.85,169,2010-04-29 18:31:00,2011-03-01 10:38:00,306,163.925,2,2,2,222,6,Hibernating
15710.0,418,1,898.87,641,2010-10-18 17:05:00,2010-10-18 17:05:00,0,898.87,1,1,3,113,5,Hibernating
15711.0,557,2,420.25,199,2010-01-24 12:13:00,2010-06-01 12:14:00,128,210.125,1,2,2,122,5,Hibernating
15712.0,10,12,3472.41,1277,2009-12-01 11:17:00,2011-11-30 14:09:00,729,289.3675,5,5,5,555,15,Champions
15713.0,144,4,1010.79,510,2009-12-16 09:41:00,2011-07-19 13:34:00,580,252.6975,3,3,3,333,9,Potential Loyalists
15714.0,12,5,783.96,361,2010-06-02 12:08:00,2011-11-28 11:26:00,544,156.792,5,4,3,543,12,Loyal Customers
15715.0,556,5,658.02,246,2010-03-30 12:17:00,2010-06-02 09:56:00,64,131.60399999999998,1,4,3,143,8,At Risk
15716.0,146,11,3014.66,1808,2009-12-07 12:42:00,2011-07-17 11:59:00,587,274.06,3,5,5,355,13,Potential Loyalists
15717.0,235,5,607.0,224,2010-04-26 10:41:00,2011-04-19 13:21:00,358,121.4,2,4,2,242,8,At Risk
15718.0,541,1,293.79,95,2010-06-17 16:20:00,2010-06-17 16:20:00,0,293.79,1,1,2,112,4,Hibernating
15719.0,33,31,10195.97,5356,2009-12-01 12:47:00,2011-11-07 12:29:00,706,328.9022580645161,4,5,5,455,14,Champions
15720.0,25,2,739.22,327,2010-06-07 15:40:00,2011-11-15 14:48:00,526,369.61,4,2,3,423,9,New / Promising
15721.0,12,1,471.40000000000003,388,2011-11-28 12:14:00,2011-11-28 12:14:00,0,471.40000000000003,5,1,2,512,8,New / Promising
15722.0,36,11,5234.0,2279,2010-03-09 15:05:00,2011-11-04 11:43:00,605,475.8181818181818,4,5,5,455,14,Champions
15723.0,365,4,930.7,427,2010-05-14 12:55:00,2010-12-10 11:12:00,210,232.675,2,3,3,233,8,At Risk
15724.0,202,3,310.85,117,2010-11-04 10:22:00,2011-05-22 14:40:00,199,103.61666666666667,2,3,2,232,7,At Risk
15725.0,16,1,415.25,221,2011-11-24 14:51:00,2011-11-24 14:51:00,0,415.25,5,1,2,512,8,New / Promising
15726.0,391,1,321.91,123,2010-11-14 16:12:00,2010-11-14 16:12:00,0,321.91,2,1,2,212,5,Hibernating
15727.0,17,15,9371.71,5908,2010-01-24 12:12:00,2011-11-23 12:36:00,668,624.7806666666667,5,5,5,555,15,Champions
15728.0,380,2,544.6,132,2010-09-21 14:46:00,2010-11-25 10:39:00,65,272.3,2,2,2,222,6,Hibernating
15729.0,213,3,192.55,47,2010-11-01 13:44:00,2011-05-11 12:36:00,191,64.18333333333334,2,3,1,231,6,At Risk
15730.0,66,5,1726.58,1061,2010-10-04 14:15:00,2011-10-05 12:31:00,366,345.316,3,4,4,344,11,Potential Loyalists
15731.0,554,1,125.3,122,2010-06-04 10:10:00,2010-06-04 10:10:00,0,125.3,1,1,1,111,3,Hibernating
15732.0,213,10,1682.07,1361,2010-02-04 10:10:00,2011-05-11 14:24:00,461,168.207,2,5,4,254,11,At Risk High Value
15733.0,283,1,162.3,62,2011-03-02 09:05:00,2011-03-02 09:05:00,0,162.3,2,1,1,211,4,Hibernating
15734.0,115,4,2263.3,516,2010-06-10 14:25:00,2011-08-17 10:50:00,433,565.825,3,3,4,334,10,Potential Loyalists
15735.0,422,1,327.68,206,2010-10-14 13:38:00,2010-10-14 13:38:00,0,327.68,1,1,2,112,4,Hibernating
15736.0,436,2,1767.1200000000001,1208,2010-09-30 14:19:00,2010-09-30 14:20:00,0,883.5600000000001,1,2,4,124,7,Hibernating
15737.0,15,8,1188.1200000000001,597,2011-04-11 10:01:00,2011-11-25 11:21:00,228,148.51500000000001,5,4,3,543,12,Loyal Customers
15738.0,19,41,13372.97,9285,2009-12-10 15:52:00,2011-11-21 08:26:00,711,326.16999999999996,5,5,5,555,15,Champions
15739.0,67,1,449.12,472,2011-10-04 13:42:00,2011-10-04 13:42:00,0,449.12,3,1,2,312,6,Needs Attention
15740.0,50,1,154.88,152,2011-10-21 14:29:00,2011-10-21 14:29:00,0,154.88,4,1,1,411,6,New / Promising
15741.0,459,2,208.62,70,2010-03-31 11:55:00,2010-09-07 16:21:00,160,104.31,1,2,1,121,4,Hibernating
15742.0,620,1,156.87,51,2010-03-30 15:25:00,2010-03-30 15:25:00,0,156.87,1,1,1,111,3,Hibernating
15743.0,17,4,775.96,214,2011-06-08 10:14:00,2011-11-23 17:19:00,168,193.99,5,3,3,533,11,Loyal Customers
15744.0,78,1,34.8,120,2011-09-23 09:52:00,2011-09-23 09:52:00,0,34.8,3,1,1,311,5,Needs Attention
15745.0,20,4,1094.5900000000001,421,2011-04-17 13:04:00,2011-11-20 13:45:00,217,273.64750000000004,5,3,3,533,11,Loyal Customers
15746.0,135,1,196.88,178,2011-07-28 15:21:00,2011-07-28 15:21:00,0,196.88,3,1,1,311,5,Needs Attention
15747.0,13,9,2499.81,1344,2010-01-18 11:21:00,2011-11-27 12:26:00,678,277.75666666666666,5,5,4,554,14,Champions
15748.0,41,3,609.81,261,2010-09-16 16:52:00,2011-10-30 12:51:00,409,203.26999999999998,4,3,2,432,9,Loyal Customers
15749.0,236,3,44534.3,18028,2011-01-11 12:55:00,2011-04-18 13:20:00,97,14844.766666666668,2,3,5,235,10,At Risk
15750.0,3,18,6793.511,4589,2009-12-01 17:19:00,2011-12-07 12:34:00,736,377.4172777777778,5,5,5,555,15,Champions
15751.0,461,11,1380.44,443,2009-12-06 13:08:00,2010-09-05 12:44:00,273,125.49454545454546,1,5,4,154,10,At Risk High Value
15752.0,40,9,4184.56,2945,2010-09-08 11:56:00,2011-10-31 11:37:00,418,464.9511111111112,4,5,5,455,14,Champions
15753.0,305,1,79.2,144,2011-02-08 12:41:00,2011-02-08 12:41:00,0,79.2,2,1,1,211,4,Hibernating
15754.0,52,9,3037.61,1762,2010-02-22 13:31:00,2011-10-19 14:40:00,604,337.51222222222225,4,5,5,455,14,Champions
15755.0,11,17,5993.12,4034,2009-12-04 08:24:00,2011-11-29 14:57:00,725,352.53647058823526,5,5,5,555,15,Champions
15756.0,62,4,528.01,241,2011-04-04 14:00:00,2011-10-09 13:30:00,188,132.0025,3,3,2,332,8,Potential Loyalists
15757.0,66,6,2940.36,1757,2010-06-10 13:47:00,2011-10-05 12:14:00,482,490.06,3,4,4,344,11,Potential Loyalists
15758.0,25,1,205.25,47,2011-11-15 10:48:00,2011-11-15 10:48:00,0,205.25,4,1,1,411,6,New / Promising
15759.0,219,7,830.9300000000001,523,2009-12-02 10:08:00,2011-05-05 15:13:00,519,118.70428571428572,2,4,3,243,9,At Risk
15760.0,631,2,13916.34,2,2010-03-19 11:35:00,2010-03-19 11:45:00,0,6958.17,1,2,5,125,8,Hibernating
15761.0,443,1,143.05,31,2010-09-23 09:33:00,2010-09-23 09:33:00,0,143.05,1,1,1,111,3,Hibernating
15762.0,66,2,583.75,251,2011-09-23 15:17:00,2011-10-05 16:15:00,12,291.875,3,2,2,322,7,Needs Attention
15763.0,32,2,1086.92,271,2011-09-23 12:10:00,2011-11-08 09:44:00,46,543.46,4,2,3,423,9,New / Promising
15764.0,89,8,4503.08,2945,2010-08-18 13:58:00,2011-09-12 17:58:00,390,562.885,3,4,5,345,12,Potential Loyalists
15765.0,667,1,370.63,335,2010-02-11 10:25:00,2010-02-11 10:25:00,0,370.63,1,1,2,112,4,Hibernating
15766.0,65,3,831.0600000000001,334,2010-01-26 15:55:00,2011-10-06 17:03:00,618,277.02000000000004,3,3,3,333,9,Potential Loyalists
15768.0,116,34,15308.89,4215,2009-12-03 12:10:00,2011-08-16 10:48:00,621,450.2614705882353,3,5,5,355,13,Potential Loyalists
15769.0,8,46,88704.32,49104,2009-12-11 09:58:00,2011-12-02 13:52:00,721,1928.3547826086958,5,5,5,555,15,Champions
15770.0,613,1,321.45,67,2010-04-06 11:47:00,2010-04-06 11:47:00,0,321.45,1,1,2,112,4,Hibernating
15771.0,605,3,1006.54,512,2010-01-15 12:14:00,2010-04-14 13:56:00,89,335.5133333333333,1,3,3,133,7,At Risk
15772.0,419,1,280.88,110,2010-10-17 13:33:00,2010-10-17 13:33:00,0,280.88,1,1,1,111,3,Hibernating
15773.0,6,2,774.52,410,2010-10-26 15:27:00,2011-12-04 12:48:00,404,387.26,5,2,3,523,10,New / Promising
15774.0,69,6,1288.34,465,2010-02-21 12:57:00,2011-10-02 12:04:00,588,214.72333333333333,3,4,4,344,11,Potential Loyalists
15775.0,246,2,150.5,260,2010-03-18 07:32:00,2011-04-08 12:56:00,386,75.25,2,2,1,221,5,Hibernating
15776.0,134,1,241.62,138,2011-07-29 13:46:00,2011-07-29 13:46:00,0,241.62,3,1,1,311,5,Needs Attention
15777.0,242,7,1762.6100000000001,599,2010-05-20 10:37:00,2011-04-12 16:43:00,327,251.8014285714286,2,4,4,244,10,At Risk High Value
15778.0,432,1,307.95000000000005,101,2010-10-04 15:10:00,2010-10-04 15:10:00,0,307.95000000000005,1,1,2,112,4,Hibernating
15779.0,464,2,124.08000000000001,20,2010-06-25 15:55:00,2010-09-02 16:40:00,69,62.040000000000006,1,2,1,121,4,Hibernating
15780.0,184,3,475.28000000000003,220,2010-12-17 11:43:00,2011-06-09 12:01:00,174,158.42666666666668,3,3,2,332,8,Potential Loyalists
15781.0,26,3,345.46000000000004,180,2011-02-07 09:15:00,2011-11-14 14:57:00,280,115.15333333333335,4,3,2,432,9,Loyal Customers
15782.0,10,4,4014.1,1844,2010-10-05 15:43:00,2011-11-30 10:49:00,421,1003.525,5,3,5,535,13,Loyal Customers
15783.0,11,1,246.3,212,2011-11-29 09:50:00,2011-11-29 09:50:00,0,246.3,5,1,1,511,7,New / Promising
15784.0,468,2,848.33,381,2010-02-05 14:42:00,2010-08-29 10:38:00,205,424.165,1,2,3,123,6,Hibernating
15785.0,33,16,5969.93,4479,2009-12-15 16:28:00,2011-11-07 11:33:00,692,373.120625,4,5,5,455,14,Champions
15786.0,47,5,8501.62,5957,2010-06-21 10:13:00,2011-10-24 14:13:00,490,1700.324,4,4,5,445,13,Champions
15787.0,27,3,933.26,534,2011-10-09 13:11:00,2011-11-13 14:55:00,35,311.08666666666664,4,3,3,433,10,Loyal Customers
15788.0,509,1,221.83,115,2010-07-19 12:48:00,2010-07-19 12:48:00,0,221.83,1,1,1,111,3,Hibernating
15789.0,359,6,1962.01,2499,2010-03-26 11:21:00,2010-12-16 14:35:00,265,327.00166666666667,2,4,4,244,10,At Risk High Value
15790.0,11,1,218.75,113,2011-11-29 14:53:00,2011-11-29 14:53:00,0,218.75,5,1,1,511,7,New / Promising
15791.0,44,5,3608.34,1970,2010-03-08 09:41:00,2011-10-27 10:14:00,598,721.668,4,4,5,445,13,Champions
15792.0,400,2,933.84,606,2010-03-31 09:42:00,2010-11-05 08:21:00,219,466.92,2,2,3,223,7,Hibernating
15793.0,15,8,2399.57,1685,2009-12-01 12:54:00,2011-11-25 09:31:00,724,299.94625,5,4,4,544,13,Champions
15794.0,737,2,777.0,288,2009-12-02 15:10:00,2009-12-03 13:04:00,1,388.5,1,2,3,123,6,Hibernating
15795.0,150,8,1979.8700000000001,1411,2010-01-18 11:31:00,2011-07-13 10:43:00,541,247.48375000000001,3,4,4,344,11,Potential Loyalists
15796.0,2,17,5171.63,1733,2010-03-31 13:10:00,2011-12-08 19:55:00,617,304.21352941176474,5,5,5,555,15,Champions
15797.0,114,6,2821.08,1281,2010-01-27 13:12:00,2011-08-18 17:04:00,568,470.18,3,4,4,344,11,Potential Loyalists
15798.0,493,3,1535.37,915,2010-01-27 11:55:00,2010-08-04 09:13:00,189,511.78999999999996,1,3,4,134,8,At Risk
15799.0,76,4,1421.34,1341,2010-10-17 14:26:00,2011-09-25 12:46:00,343,355.335,3,3,4,334,10,Potential Loyalists
15800.0,108,7,1227.07,575,2010-03-31 13:17:00,2011-08-24 14:23:00,511,175.29571428571427,3,4,3,343,10,Potential Loyalists
15801.0,47,3,1063.95,570,2011-08-22 09:53:00,2011-10-24 13:52:00,63,354.65000000000003,4,3,3,433,10,Loyal Customers
15802.0,143,1,451.42,1,2011-07-20 11:38:00,2011-07-20 11:38:00,0,451.42,3,1,2,312,6,Needs Attention
15803.0,52,4,1929.66,1030,2010-02-01 16:29:00,2011-10-19 14:56:00,625,482.415,4,3,4,434,11,Loyal Customers
15804.0,1,13,4206.39,2565,2011-05-25 10:12:00,2011-12-09 12:31:00,198,323.5684615384616,5,5,5,555,15,Champions
15805.0,24,30,10148.93,6205,2009-12-10 12:57:00,2011-11-16 16:32:00,706,338.29766666666666,4,5,5,455,14,Champions
15806.0,47,3,784.58,602,2011-03-08 09:24:00,2011-10-24 14:35:00,230,261.5266666666667,4,3,3,433,10,Loyal Customers
15807.0,51,5,1817.52,1532,2010-02-11 15:32:00,2011-10-20 14:10:00,616,363.504,4,4,4,444,12,Champions
15808.0,307,21,18133.3,7080,2009-12-01 16:30:00,2011-02-06 14:33:00,432,863.4904761904761,2,5,5,255,12,At Risk High Value
15809.0,37,7,1274.44,700,2010-06-22 14:23:00,2011-11-03 16:40:00,499,182.06285714285715,4,4,4,444,12,Champions
15810.0,79,8,2999.04,1653,2010-02-04 18:18:00,2011-09-22 09:38:00,595,374.88,3,4,5,345,12,Potential Loyalists
15811.0,23,7,3776.0,1876,2010-11-16 16:46:00,2011-11-17 15:31:00,366,539.4285714285714,4,4,5,445,13,Champions
15812.0,108,12,5201.47,3450,2009-12-15 13:40:00,2011-08-24 14:19:00,617,433.4558333333334,3,5,5,355,13,Potential Loyalists
15813.0,208,2,1303.9099999999999,603,2011-04-14 09:09:00,2011-05-16 08:13:00,32,651.9549999999999,2,2,4,224,8,Hibernating
15814.0,17,6,2634.44,1728,2010-04-15 14:31:00,2011-11-23 08:17:00,587,439.0733333333333,5,4,4,544,13,Champions
15815.0,64,5,2100.6,1856,2011-03-25 08:43:00,2011-10-07 12:42:00,196,420.12,3,4,4,344,11,Potential Loyalists
15816.0,543,2,144.15,54,2010-06-15 12:54:00,2010-06-15 13:36:00,0,72.075,1,2,1,121,4,Hibernating
15817.0,421,3,2766.4,1596,2010-06-14 13:31:00,2010-10-15 11:07:00,123,922.1333333333333,1,3,4,134,8,At Risk
15818.0,589,1,340.5,284,2010-04-30 12:58:00,2010-04-30 12:58:00,0,340.5,1,1,2,112,4,Hibernating
15819.0,50,10,3934.79,2928,2010-03-18 11:08:00,2011-10-21 14:50:00,582,393.479,4,5,5,455,14,Champions
15820.0,320,1,206.98,128,2011-01-24 12:00:00,2011-01-24 12:00:00,0,206.98,2,1,1,211,4,Hibernating
15821.0,45,2,570.96,202,2011-10-09 13:28:00,2011-10-26 15:48:00,17,285.48,4,2,2,422,8,New / Promising
15822.0,4,6,1840.06,950,2009-12-06 15:12:00,2011-12-06 14:50:00,730,306.6766666666667,5,4,4,544,13,Champions
15823.0,373,3,3897.17,1775,2009-12-08 15:12:00,2010-12-02 15:08:00,359,1299.0566666666666,2,3,5,235,10,At Risk
15824.0,454,2,890.94,478,2010-06-25 15:10:00,2010-09-12 13:20:00,79,445.47,1,2,3,123,6,Hibernating
15825.0,173,1,532.94,220,2011-06-20 13:27:00,2011-06-20 13:27:00,0,532.94,3,1,2,312,6,Needs Attention
15826.0,57,4,2598.28,1824,2010-05-20 17:00:00,2011-10-14 16:05:00,512,649.57,4,3,4,434,11,Loyal Customers
15827.0,74,28,3794.07,1824,2010-01-08 11:25:00,2011-09-27 15:35:00,627,135.5025,3,5,5,355,13,Potential Loyalists
15828.0,376,1,1108.82,367,2010-11-29 16:41:00,2010-11-29 16:41:00,0,1108.82,2,1,3,213,6,Hibernating
15829.0,100,2,636.14,996,2011-07-22 10:23:00,2011-09-01 16:45:00,41,318.07,3,2,3,323,8,Needs Attention
15830.0,38,1,576.0,415,2011-11-02 10:40:00,2011-11-02 10:40:00,0,576.0,4,1,2,412,7,New / Promising
15831.0,59,3,794.64,1092,2011-01-19 14:52:00,2011-10-12 13:14:00,266,264.88,4,3,3,433,10,Loyal Customers
15832.0,255,1,836.79,465,2011-03-30 15:29:00,2011-03-30 15:29:00,0,836.79,2,1,3,213,6,Hibernating
15833.0,738,1,80.4,24,2009-12-02 11:59:00,2009-12-02 11:59:00,0,80.4,1,1,1,111,3,Hibernating
15834.0,71,7,3764.39,1815,2010-10-11 14:05:00,2011-09-30 14:41:00,354,537.77,3,4,5,345,12,Potential Loyalists
15835.0,45,4,954.09,439,2011-01-13 10:35:00,2011-10-26 15:47:00,286,238.5225,4,3,3,433,10,Loyal Customers
15836.0,51,1,137.37,26,2011-10-20 17:13:00,2011-10-20 17:13:00,0,137.37,4,1,1,411,6,New / Promising
15837.0,65,2,777.01,405,2010-08-11 10:16:00,2011-10-06 09:01:00,421,388.505,3,2,3,323,8,Needs Attention
15838.0,12,34,74163.0,64664,2009-12-15 09:51:00,2011-11-28 14:00:00,713,2181.264705882353,5,5,5,555,15,Champions
15839.0,34,3,1048.49,675,2011-07-14 16:35:00,2011-11-06 13:54:00,115,349.49666666666667,4,3,3,433,10,Loyal Customers
15840.0,59,2,355.56,396,2011-06-20 11:42:00,2011-10-12 09:08:00,114,177.78,4,2,2,422,8,New / Promising
15841.0,73,9,2742.41,2391,2009-12-10 08:29:00,2011-09-28 12:15:00,657,304.7122222222222,3,5,4,354,12,Potential Loyalists
15842.0,394,2,548.8000000000001,296,2010-06-30 09:06:00,2010-11-11 14:08:00,134,274.40000000000003,2,2,2,222,6,Hibernating
15843.0,304,1,118.95,27,2011-02-09 10:19:00,2011-02-09 10:19:00,0,118.95,2,1,1,211,4,Hibernating
15844.0,47,1,130.73999999999998,134,2011-10-24 15:19:00,2011-10-24 15:19:00,0,130.73999999999998,4,1,1,411,6,New / Promising
15845.0,18,11,4426.28,2128,2010-01-26 14:44:00,2011-11-22 09:42:00,665,402.3890909090909,5,5,5,555,15,Champions
15846.0,386,1,107.01,79,2010-11-19 14:40:00,2010-11-19 14:40:00,0,107.01,2,1,1,211,4,Hibernating
15847.0,39,5,822.57,643,2010-03-08 08:47:00,2011-11-01 14:41:00,603,164.514,4,4,3,443,11,Loyal Customers
15848.0,622,1,137.99,45,2010-03-28 10:54:00,2010-03-28 10:54:00,0,137.99,1,1,1,111,3,Hibernating
15850.0,20,6,1006.75,1334,2009-12-13 13:27:00,2011-11-20 14:14:00,707,167.79166666666666,5,4,3,543,12,Loyal Customers
15851.0,527,1,109.73,67,2010-07-01 12:34:00,2010-07-01 12:34:00,0,109.73,1,1,1,111,3,Hibernating
15852.0,187,3,257.26,60,2010-07-01 10:16:00,2011-06-06 11:22:00,340,85.75333333333333,3,3,1,331,7,Potential Loyalists
15853.0,52,1,110.8,135,2011-10-19 10:38:00,2011-10-19 10:38:00,0,110.8,4,1,1,411,6,New / Promising
15854.0,5,21,5578.28,1691,2009-12-10 12:08:00,2011-12-05 13:39:00,725,265.6323809523809,5,5,5,555,15,Champions
15855.0,137,6,1052.72,712,2010-08-20 17:15:00,2011-07-26 10:20:00,340,175.45333333333335,3,4,3,343,10,Potential Loyalists
15856.0,5,52,33847.27,20225,2009-12-03 14:02:00,2011-12-05 17:09:00,732,650.9090384615384,5,5,5,555,15,Champions
15857.0,19,2,570.48,584,2010-10-05 16:43:00,2011-11-21 12:18:00,412,285.24,5,2,2,522,9,New / Promising
15858.0,16,13,3936.34,2914,2009-12-10 11:42:00,2011-11-24 12:48:00,714,302.79538461538465,5,5,5,555,15,Champions
15859.0,433,1,438.46,174,2010-10-03 12:52:00,2010-10-03 12:52:00,0,438.46,1,1,2,112,4,Hibernating
15860.0,41,17,2463.96,1331,2009-12-06 12:31:00,2011-10-30 11:25:00,693,144.93882352941176,4,5,4,454,13,Champions
15861.0,13,12,4369.2,3837,2010-01-28 19:41:00,2011-11-27 15:59:00,668,364.09999999999997,5,5,5,555,15,Champions
15862.0,9,13,2866.52,1644,2009-12-17 11:33:00,2011-12-01 13:28:00,714,220.50153846153847,5,5,4,554,14,Champions
15863.0,26,5,355.1,162,2009-12-17 10:20:00,2011-11-14 12:49:00,697,71.02000000000001,4,4,2,442,10,Loyal Customers
15864.0,23,7,2180.76,1486,2010-11-23 15:02:00,2011-11-17 13:32:00,359,311.5371428571429,4,4,4,444,12,Champions
15865.0,41,5,2241.42,1141,2010-01-05 13:58:00,2011-10-30 12:43:00,663,448.284,4,4,4,444,12,Champions
15866.0,102,1,211.89,124,2011-08-30 14:09:00,2011-08-30 14:09:00,0,211.89,3,1,1,311,5,Needs Attention
15867.0,6,31,9034.95,5113,2009-12-14 15:16:00,2011-12-04 13:32:00,720,291.45000000000005,5,5,5,555,15,Champions
15868.0,584,1,94.53,57,2010-05-05 14:11:00,2010-05-05 14:11:00,0,94.53,1,1,1,111,3,Hibernating
15869.0,278,3,321.11,273,2010-03-23 16:50:00,2011-03-07 17:23:00,349,107.03666666666668,2,3,2,232,7,At Risk
15870.0,33,4,857.46,504,2010-09-19 16:22:00,2011-11-07 10:58:00,414,214.365,4,3,3,433,10,Loyal Customers
15871.0,438,1,33.099999999999994,5,2010-09-28 14:16:00,2010-09-28 14:16:00,0,33.099999999999994,1,1,1,111,3,Hibernating
15872.0,15,4,729.25,467,2010-06-07 14:53:00,2011-11-25 11:55:00,536,182.3125,5,3,3,533,11,Loyal Customers
15873.0,500,4,313.91999999999996,1152,2010-07-27 11:58:00,2010-07-28 12:41:00,1,78.47999999999999,1,3,2,132,6,At Risk
15874.0,64,21,11284.76,5102,2010-01-07 13:56:00,2011-10-07 12:31:00,638,537.3695238095238,3,5,5,355,13,Potential Loyalists
15875.0,647,1,108.52,74,2010-03-03 16:51:00,2010-03-03 16:51:00,0,108.52,1,1,1,111,3,Hibernating
15876.0,410,2,1449.14,886,2010-09-17 15:26:00,2010-10-26 18:58:00,39,724.57,2,2,4,224,8,Hibernating
15877.0,2,2,490.33,368,2011-11-22 11:18:00,2011-12-08 11:53:00,16,245.165,5,2,2,522,9,New / Promising
15878.0,562,2,330.77,243,2009-12-06 12:28:00,2010-05-27 12:17:00,172,165.385,1,2,2,122,5,Hibernating
15879.0,405,4,1137.8,639,2009-12-17 19:54:00,2010-10-31 16:21:00,318,284.45,2,3,3,233,8,At Risk
15880.0,370,1,658.06,404,2010-12-05 13:00:00,2010-12-05 13:00:00,0,658.06,2,1,3,213,6,Hibernating
15881.0,313,5,501.39,260,2010-12-10 13:32:00,2011-01-31 16:59:00,52,100.27799999999999,2,4,2,242,8,At Risk
15882.0,199,8,1495.98,814,2009-12-10 15:33:00,2011-05-25 11:35:00,531,186.9975,2,4,4,244,10,At Risk High Value
15883.0,3,2,396.48,223,2011-11-06 14:50:00,2011-12-07 17:05:00,31,198.24,5,2,2,522,9,New / Promising
15884.0,433,2,244.60000000000002,152,2009-12-03 18:23:00,2010-10-03 15:55:00,304,122.30000000000001,1,2,1,121,4,Hibernating
15885.0,93,15,1951.82,622,2010-01-21 12:47:00,2011-09-08 10:43:00,595,130.12133333333333,3,5,4,354,12,Potential Loyalists
15886.0,61,4,1052.8700000000001,667,2010-04-20 15:03:00,2011-10-10 14:25:00,538,263.21750000000003,3,3,3,333,9,Potential Loyalists
15887.0,407,3,1027.15,605,2010-06-02 11:53:00,2010-10-29 08:36:00,149,342.3833333333334,2,3,3,233,8,At Risk
15888.0,81,3,429.16,139,2010-07-01 11:51:00,2011-09-20 12:30:00,446,143.05333333333334,3,3,2,332,8,Potential Loyalists
15889.0,157,8,1699.67,941,2009-12-10 12:21:00,2011-07-06 11:10:00,573,212.45875,3,4,4,344,11,Potential Loyalists
15890.0,395,5,535.65,119,2010-04-14 08:43:00,2010-11-10 12:46:00,210,107.13,2,4,2,242,8,At Risk
15891.0,227,1,511.68,418,2011-04-27 12:35:00,2011-04-27 12:35:00,0,511.68,2,1,2,212,5,Hibernating
15892.0,670,1,128.2,46,2010-02-08 16:23:00,2010-02-08 16:23:00,0,128.2,1,1,1,111,3,Hibernating
15893.0,482,1,305.28000000000003,288,2010-08-15 11:12:00,2010-08-15 11:12:00,0,305.28000000000003,1,1,2,112,4,Hibernating
15894.0,254,2,409.69,275,2010-12-05 14:06:00,2011-03-31 13:50:00,116,204.845,2,2,2,222,6,Hibernating
15895.0,150,1,179.17,94,2011-07-13 10:27:00,2011-07-13 10:27:00,0,179.17,3,1,1,311,5,Needs Attention
15897.0,195,2,208.59,223,2011-05-29 13:32:00,2011-05-29 13:50:00,0,104.295,2,2,1,221,5,Hibernating
15898.0,2,25,5513.09,2387,2009-12-11 16:11:00,2011-12-08 15:23:00,727,220.52360000000002,5,5,5,555,15,Champions
15899.0,369,1,112.5,78,2010-12-06 10:36:00,2010-12-06 10:36:00,0,112.5,2,1,1,211,4,Hibernating
15900.0,24,4,886.57,656,2010-05-26 11:27:00,2011-11-16 12:19:00,539,221.6425,4,3,3,433,10,Loyal Customers
15901.0,17,7,687.72,695,2010-06-14 12:39:00,2011-11-23 12:43:00,527,98.24571428571429,5,4,3,543,12,Loyal Customers
15902.0,381,1,145.01,124,2010-11-24 16:57:00,2010-11-24 16:57:00,0,145.01,2,1,1,211,4,Hibernating
15903.0,10,12,8939.84,3926,2010-01-14 10:57:00,2011-11-30 08:08:00,685,744.9866666666667,5,5,5,555,15,Champions
15904.0,9,1,164.68,84,2011-12-01 14:50:00,2011-12-01 14:50:00,0,164.68,5,1,1,511,7,New / Promising
15905.0,544,1,114.69,82,2010-06-14 16:00:00,2010-06-14 16:00:00,0,114.69,1,1,1,111,3,Hibernating
15906.0,20,10,2530.19,749,2010-09-15 12:17:00,2011-11-20 12:24:00,431,253.019,5,5,4,554,14,Champions
15907.0,4,3,882.72,478,2011-05-13 13:01:00,2011-12-06 12:21:00,207,294.24,5,3,3,533,11,Loyal Customers
15908.0,491,2,758.62,173,2010-07-15 19:21:00,2010-08-06 11:56:00,22,379.31,1,2,3,123,6,Hibernating
15909.0,174,1,191.94,98,2011-06-19 10:38:00,2011-06-19 10:38:00,0,191.94,3,1,1,311,5,Needs Attention
15910.0,1,15,2661.17,2158,2010-01-21 11:51:00,2011-12-09 10:51:00,687,177.41133333333335,5,5,4,554,14,Champions
15911.0,624,8,1700.24,810,2009-12-09 13:26:00,2010-03-26 12:06:00,107,212.53,1,4,4,144,9,At Risk High Value
15912.0,179,9,1074.7,759,2009-12-10 12:58:00,2011-06-14 14:29:00,551,119.41111111111111,3,5,3,353,11,Potential Loyalists
15913.0,535,1,6.300000000000001,3,2010-06-23 16:31:00,2010-06-23 16:31:00,0,6.300000000000001,1,1,1,111,3,Hibernating
15914.0,379,2,205.99,149,2010-11-26 16:09:00,2010-11-26 16:10:00,0,102.995,2,2,1,221,5,Hibernating
15915.0,402,1,364.45,414,2010-11-03 11:13:00,2010-11-03 11:13:00,0,364.45,2,1,2,212,5,Hibernating
15916.0,17,13,3377.69,1683,2009-12-10 16:21:00,2011-11-23 13:46:00,713,259.8223076923077,5,5,5,555,15,Champions
15917.0,248,5,530.17,248,2009-12-02 14:55:00,2011-04-06 10:40:00,490,106.03399999999999,2,4,2,242,8,At Risk
15918.0,191,3,582.88,240,2010-03-18 11:40:00,2011-06-02 11:42:00,441,194.29333333333332,2,3,2,232,7,At Risk
15919.0,20,2,739.77,560,2010-12-06 11:26:00,2011-11-20 11:28:00,349,369.885,5,2,3,523,10,New / Promising
15920.0,155,9,569.14,238,2009-12-14 13:09:00,2011-07-08 15:31:00,571,63.23777777777778,3,5,2,352,10,Potential Loyalists
15921.0,173,4,775.26,335,2010-03-09 11:03:00,2011-06-20 11:03:00,468,193.815,3,3,3,333,9,Potential Loyalists
15922.0,374,1,739.0,276,2010-12-01 13:51:00,2010-12-01 13:51:00,0,739.0,2,1,3,213,6,Hibernating
15923.0,373,1,254.16,244,2010-12-02 12:16:00,2010-12-02 12:16:00,0,254.16,2,1,1,211,4,Hibernating
15924.0,732,1,102.82,103,2009-12-08 15:00:00,2009-12-08 15:00:00,0,102.82,1,1,1,111,3,Hibernating
15925.0,195,1,207.15,93,2011-05-29 15:35:00,2011-05-29 15:35:00,0,207.15,2,1,1,211,4,Hibernating
15926.0,543,1,134.44,155,2010-06-15 15:23:00,2010-06-15 15:23:00,0,134.44,1,1,1,111,3,Hibernating
15927.0,648,1,106.54,66,2010-03-02 13:25:00,2010-03-02 13:25:00,0,106.54,1,1,1,111,3,Hibernating
15928.0,657,1,293.53,164,2010-02-21 15:16:00,2010-02-21 15:16:00,0,293.53,1,1,2,112,4,Hibernating
15929.0,645,1,594.0,120,2010-03-05 14:56:00,2010-03-05 14:56:00,0,594.0,1,1,2,112,4,Hibernating
15930.0,68,1,426.63,139,2011-10-03 14:52:00,2011-10-03 14:52:00,0,426.63,3,1,2,312,6,Needs Attention
15931.0,429,1,239.9,118,2010-10-07 16:46:00,2010-10-07 16:46:00,0,239.9,1,1,1,111,3,Hibernating
15932.0,5,8,2495.87,2325,2011-02-23 14:50:00,2011-12-05 17:13:00,285,311.98375,5,4,4,544,13,Champions
15933.0,22,3,1107.46,885,2011-09-14 12:05:00,2011-11-18 13:14:00,65,369.15333333333336,4,3,3,433,10,Loyal Customers
15934.0,418,2,2190.66,2166,2010-10-06 12:08:00,2010-10-18 10:13:00,12,1095.33,1,2,4,124,7,Hibernating
15935.0,240,2,416.86,115,2011-04-12 09:35:00,2011-04-14 13:27:00,2,208.43,2,2,2,222,6,Hibernating
15936.0,380,2,282.79,211,2010-08-29 11:42:00,2010-11-25 16:39:00,88,141.395,2,2,1,221,5,Hibernating
15937.0,65,1,145.35000000000002,73,2011-10-06 15:48:00,2011-10-06 15:48:00,0,145.35000000000002,3,1,1,311,5,Needs Attention
15938.0,113,9,734.8100000000001,449,2010-06-01 09:42:00,2011-08-19 12:56:00,444,81.64555555555556,3,5,3,353,11,Potential Loyalists
15939.0,90,16,9060.39,6260,2010-11-30 12:07:00,2011-09-11 11:30:00,285,566.274375,3,5,5,355,13,Potential Loyalists
15940.0,312,1,35.8,4,2011-02-01 16:18:00,2011-02-01 16:18:00,0,35.8,2,1,1,211,4,Hibernating
15941.0,638,1,405.0,60,2010-03-12 14:45:00,2010-03-12 14:45:00,0,405.0,1,1,2,112,4,Hibernating
15942.0,134,1,337.44,232,2011-07-29 09:01:00,2011-07-29 09:01:00,0,337.44,3,1,2,312,6,Needs Attention
15943.0,650,2,271.28999999999996,183,2010-01-31 11:04:00,2010-02-28 12:49:00,28,135.64499999999998,1,2,1,121,4,Hibernating
15944.0,277,4,2164.24,859,2009-12-13 12:57:00,2011-03-08 10:33:00,450,541.06,2,3,4,234,9,At Risk
15945.0,366,4,827.27,397,2009-12-01 13:47:00,2010-12-09 13:14:00,373,206.8175,2,4,3,243,9,At Risk
15946.0,503,3,2304.18,1614,2010-03-16 10:49:00,2010-07-25 12:18:00,131,768.06,1,3,4,134,8,At Risk
15947.0,83,1,1708.24,898,2011-09-18 10:46:00,2011-09-18 10:46:00,0,1708.24,3,1,4,314,8,Needs Attention
15948.0,9,3,1509.0900000000001,852,2010-10-11 12:16:00,2011-12-01 15:32:00,416,503.03000000000003,5,3,4,534,12,Loyal Customers
15949.0,17,2,364.72,284,2011-09-29 17:34:00,2011-11-23 09:09:00,55,182.36,5,2,2,522,9,New / Promising
15950.0,32,10,7120.91,3354,2010-01-26 11:39:00,2011-11-08 11:09:00,651,712.091,4,5,5,455,14,Champions
15951.0,9,3,1013.1700000000001,420,2010-11-23 18:20:00,2011-12-01 08:34:00,373,337.72333333333336,5,3,3,533,11,Loyal Customers
15952.0,34,4,781.91,391,2011-04-28 12:55:00,2011-11-06 11:18:00,192,195.4775,4,4,3,443,11,Loyal Customers
15953.0,16,18,3648.08,1841,2009-12-03 14:00:00,2011-11-24 15:32:00,721,202.67111111111112,5,5,5,555,15,Champions
15954.0,590,1,190.75,119,2010-04-29 13:35:00,2010-04-29 13:35:00,0,190.75,1,1,1,111,3,Hibernating
15955.0,25,22,8658.36,4213,2010-02-23 16:36:00,2011-11-15 14:15:00,630,393.5618181818182,4,5,5,455,14,Champions
15956.0,552,2,617.6,278,2009-12-13 11:16:00,2010-06-06 13:06:00,175,308.8,1,2,3,123,6,Hibernating
15957.0,32,3,921.25,453,2010-10-15 12:11:00,2011-11-08 12:14:00,389,307.0833333333333,4,3,3,433,10,Loyal Customers
15958.0,75,4,462.12,154,2010-06-07 10:59:00,2011-09-26 13:41:00,476,115.53,3,4,2,342,9,Potential Loyalists
15959.0,683,3,542.89,269,2010-01-26 16:19:00,2010-01-26 16:38:00,0,180.96333333333334,1,3,2,132,6,At Risk
15960.0,375,4,410.95,258,2010-09-30 15:50:00,2010-11-30 15:57:00,61,102.7375,2,4,2,242,8,At Risk
15961.0,380,1,451.28999999999996,154,2010-11-25 15:59:00,2010-11-25 15:59:00,0,451.28999999999996,2,1,2,212,5,Hibernating
15962.0,450,1,289.48,228,2010-09-16 13:48:00,2010-09-16 13:48:00,0,289.48,1,1,1,111,3,Hibernating
15963.0,20,2,470.76,298,2011-10-25 13:05:00,2011-11-20 11:33:00,26,235.38,5,2,2,522,9,New / Promising
15964.0,664,1,269.21000000000004,93,2010-02-14 15:30:00,2010-02-14 15:30:00,0,269.21000000000004,1,1,1,111,3,Hibernating
15965.0,18,13,2928.13,1387,2009-12-03 11:45:00,2011-11-22 16:44:00,719,225.24076923076925,5,5,4,554,14,Champions
15966.0,451,1,426.53,275,2010-09-15 10:44:00,2010-09-15 10:44:00,0,426.53,1,1,2,112,4,Hibernating
15967.0,24,12,2966.0,1183,2009-12-01 13:29:00,2011-11-16 15:41:00,715,247.16666666666666,4,5,5,455,14,Champions
15968.0,389,1,404.55,247,2010-11-16 13:04:00,2010-11-16 13:04:00,0,404.55,2,1,2,212,5,Hibernating
15969.0,3,5,1127.05,223,2010-07-05 13:10:00,2011-12-07 11:06:00,520,225.41,5,4,3,543,12,Loyal Customers
15970.0,304,2,1017.3199999999999,498,2010-04-20 11:30:00,2011-02-09 12:08:00,295,508.65999999999997,2,2,3,223,7,Hibernating
15971.0,18,18,5902.83,2251,2009-12-08 09:46:00,2011-11-22 12:50:00,714,327.935,5,5,5,555,15,Champions
15972.0,457,5,1769.33,468,2010-04-18 14:06:00,2010-09-09 13:20:00,144,353.866,1,4,4,144,9,At Risk High Value
15973.0,367,3,988.44,301,2010-10-06 15:00:00,2010-12-08 11:42:00,63,329.48,2,3,3,233,8,At Risk
15974.0,40,7,3442.15,2262,2011-02-24 10:10:00,2011-10-31 13:13:00,249,491.7357142857143,4,4,5,445,13,Champions
15975.0,85,1,371.01,243,2011-09-16 13:33:00,2011-09-16 13:33:00,0,371.01,3,1,2,312,6,Needs Attention
15976.0,166,6,1694.41,1053,2010-06-06 14:01:00,2011-06-27 13:00:00,386,282.4016666666667,3,4,4,344,11,Potential Loyalists
15977.0,18,2,1054.73,1016,2011-10-31 16:24:00,2011-11-22 13:29:00,22,527.365,5,2,3,523,10,New / Promising
15978.0,78,3,3279.42,2444,2010-03-05 14:39:00,2011-09-23 15:21:00,567,1093.14,3,3,5,335,11,Potential Loyalists
15979.0,603,1,329.21999999999997,450,2010-04-16 11:35:00,2010-04-16 11:35:00,0,329.21999999999997,1,1,2,112,4,Hibernating
15980.0,89,7,6543.68,4822,2010-06-01 14:40:00,2011-09-12 09:41:00,468,934.8114285714286,3,4,5,345,12,Potential Loyalists
15981.0,25,21,9362.77,4827,2010-03-29 10:07:00,2011-11-15 08:00:00,596,445.8461904761905,4,5,5,455,14,Champions
15982.0,606,1,324.51,131,2010-04-13 15:47:00,2010-04-13 15:47:00,0,324.51,1,1,2,112,4,Hibernating
15983.0,23,8,3924.02,2426,2009-12-06 12:52:00,2011-11-17 17:34:00,711,490.5025,4,4,5,445,13,Champions
15984.0,3,30,8515.72,5786,2009-12-01 13:38:00,2011-12-07 12:16:00,736,283.8573333333333,5,5,5,555,15,Champions
15985.0,124,7,2715.28,2750,2010-05-27 15:51:00,2011-08-08 16:31:00,438,387.8971428571429,3,4,4,344,11,Potential Loyalists
15986.0,31,2,354.42,368,2010-11-23 10:02:00,2011-11-09 15:17:00,351,177.21,4,2,2,422,8,New / Promising
15987.0,13,8,1649.47,1685,2010-11-25 12:56:00,2011-11-27 15:38:00,367,206.18375,5,4,4,544,13,Champions
15988.0,20,3,738.89,476,2010-02-21 11:36:00,2011-11-20 13:23:00,637,246.29666666666665,5,3,3,533,11,Loyal Customers
15989.0,376,2,368.31,169,2009-12-02 15:51:00,2010-11-29 12:03:00,362,184.155,2,2,2,222,6,Hibernating
15990.0,45,7,1997.75,1086,2010-02-28 12:30:00,2011-10-26 15:58:00,605,285.39285714285717,4,4,4,444,12,Champions
15991.0,535,1,150.55,41,2010-06-23 15:50:00,2010-06-23 15:50:00,0,150.55,1,1,1,111,3,Hibernating
15992.0,4,3,896.6,514,2010-09-12 11:52:00,2011-12-06 11:00:00,450,298.8666666666667,5,3,3,533,11,Loyal Customers
15993.0,9,7,2777.67,2037,2011-10-26 16:21:00,2011-12-01 10:45:00,36,396.81,5,4,4,544,13,Champions
15994.0,55,3,1175.68,462,2010-03-14 11:55:00,2011-10-16 12:28:00,581,391.8933333333334,4,3,3,433,10,Loyal Customers
15995.0,415,1,694.54,352,2010-10-21 13:57:00,2010-10-21 13:57:00,0,694.54,1,1,3,113,5,Hibernating
15996.0,89,7,1649.65,738,2010-11-07 15:49:00,2011-09-12 15:14:00,309,235.66428571428574,3,4,4,344,11,Potential Loyalists
15998.0,37,16,8274.14,5350,2009-12-01 11:45:00,2011-11-03 12:45:00,702,517.13375,4,5,5,455,14,Champions
15999.0,736,1,20.4,24,2009-12-04 12:31:00,2009-12-04 12:31:00,0,20.4,1,1,1,111,3,Hibernating
16000.0,3,3,12393.7,5110,2011-12-07 12:14:00,2011-12-07 12:17:00,0,4131.233333333334,5,3,5,535,13,Loyal Customers
16001.0,382,1,583.39,337,2010-11-23 17:10:00,2010-11-23 17:10:00,0,583.39,2,1,2,212,5,Hibernating
16002.0,626,1,169.21,70,2010-03-24 13:08:00,2010-03-24 13:08:00,0,169.21,1,1,1,111,3,Hibernating
16003.0,30,10,5613.83,2210,2009-12-03 18:51:00,2011-11-10 09:57:00,707,561.383,4,5,5,455,14,Champions
16004.0,475,5,2146.39,1076,2010-01-25 13:56:00,2010-08-22 11:48:00,209,429.27799999999996,1,4,4,144,9,At Risk High Value
16005.0,13,10,2365.4900000000002,1269,2010-09-15 13:21:00,2011-11-27 13:47:00,438,236.54900000000004,5,5,4,554,14,Champions
16006.0,212,2,332.82,205,2010-11-17 12:03:00,2011-05-12 13:12:00,176,166.41,2,2,2,222,6,Hibernating
16007.0,48,7,3053.06,2631,2010-06-14 13:18:00,2011-10-23 11:05:00,496,436.15142857142854,4,4,5,445,13,Champions
16008.0,24,15,5339.13,3237,2010-03-19 11:07:00,2011-11-16 10:32:00,607,355.942,4,5,5,455,14,Champions
16009.0,23,4,972.11,366,2011-07-03 11:26:00,2011-11-17 16:51:00,137,243.0275,4,4,3,443,11,Loyal Customers
16010.0,246,11,1694.86,919,2010-10-24 10:54:00,2011-04-08 10:14:00,166,154.0781818181818,2,5,4,254,11,At Risk High Value
16011.0,9,29,5838.96,3448,2009-12-01 12:02:00,2011-12-01 16:31:00,730,201.34344827586207,5,5,5,555,15,Champions
16012.0,36,5,2978.59,1760,2010-06-28 11:39:00,2011-11-04 13:25:00,494,595.7180000000001,4,4,5,445,13,Champions
16013.0,4,84,57140.44,25880,2009-12-08 10:24:00,2011-12-06 10:36:00,728,680.2433333333333,5,5,5,555,15,Champions
16014.0,38,5,1100.28,462,2010-01-31 12:43:00,2011-11-02 12:04:00,640,220.05599999999998,4,4,3,443,11,Loyal Customers
16015.0,4,3,704.55,907,2011-10-21 12:56:00,2011-12-06 10:58:00,46,234.85,5,3,3,533,11,Loyal Customers
16016.0,4,11,2446.42,1019,2010-11-02 13:27:00,2011-12-06 14:35:00,399,222.4018181818182,5,5,4,554,14,Champions
16017.0,48,5,1545.58,635,2010-01-05 12:06:00,2011-10-23 12:56:00,656,309.116,4,4,4,444,12,Champions
16018.0,40,4,698.13,503,2009-12-07 13:57:00,2011-10-31 14:13:00,693,174.5325,4,4,3,443,11,Loyal Customers
16019.0,47,27,17329.16,6959,2009-12-14 14:12:00,2011-10-24 11:51:00,679,641.8207407407407,4,5,5,455,14,Champions
16020.0,17,3,851.01,487,2011-10-05 13:54:00,2011-11-23 11:18:00,49,283.67,5,3,3,533,11,Loyal Customers
16021.0,396,2,487.03,276,2010-06-13 11:05:00,2010-11-09 14:48:00,149,243.515,2,2,2,222,6,Hibernating
16022.0,261,1,602.63,255,2011-03-24 13:16:00,2011-03-24 13:16:00,0,602.63,2,1,2,212,5,Hibernating
16023.0,47,3,719.81,358,2011-03-18 13:32:00,2011-10-24 16:34:00,220,239.93666666666664,4,3,3,433,10,Loyal Customers
16024.0,13,3,483.99,504,2010-10-24 11:40:00,2011-11-27 13:26:00,399,161.33,5,3,2,532,10,Loyal Customers
16025.0,30,1,439.65999999999997,338,2011-11-10 11:45:00,2011-11-10 11:45:00,0,439.65999999999997,4,1,2,412,7,New / Promising
16026.0,44,1,236.09,243,2011-10-27 13:53:00,2011-10-27 13:53:00,0,236.09,4,1,1,411,6,New / Promising
16027.0,92,15,2048.36,2099,2010-01-08 13:21:00,2011-09-09 10:47:00,609,136.55733333333333,3,5,4,354,12,Potential Loyalists
16028.0,596,1,82.2,18,2010-04-23 11:45:00,2010-04-23 11:45:00,0,82.2,1,1,1,111,3,Hibernating
16029.0,39,107,122035.14,56386,2009-12-08 11:23:00,2011-11-01 10:27:00,693,1140.5153271028037,4,5,5,455,14,Champions
16030.0,310,1,331.24,283,2011-02-03 11:28:00,2011-02-03 11:28:00,0,331.24,2,1,2,212,5,Hibernating
16031.0,93,2,547.9,421,2011-04-06 14:23:00,2011-09-08 13:07:00,155,273.95,3,2,2,322,7,Needs Attention
16032.0,457,6,1965.72,1467,2010-07-04 13:31:00,2010-09-09 18:00:00,67,327.62,1,4,4,144,9,At Risk High Value
16033.0,6,27,10764.45,4252,2010-08-11 16:44:00,2011-12-04 12:44:00,480,398.68333333333334,5,5,5,555,15,Champions
16034.0,197,6,911.32,585,2010-10-26 13:00:00,2011-05-27 16:17:00,213,151.88666666666668,2,4,3,243,9,At Risk
16035.0,561,1,217.73,33,2010-05-28 15:09:00,2010-05-28 15:09:00,0,217.73,1,1,1,111,3,Hibernating
16036.0,88,4,2556.84,1369,2010-03-29 14:47:00,2011-09-13 14:53:00,533,639.21,3,4,4,344,11,Potential Loyalists
16037.0,270,5,1509.3400000000001,766,2010-03-01 12:31:00,2011-03-15 09:13:00,379,301.86800000000005,2,4,4,244,10,At Risk High Value
16038.0,8,3,471.78,244,2011-05-22 11:29:00,2011-12-02 12:40:00,194,157.26,5,3,2,532,10,Loyal Customers
16039.0,424,2,456.4,409,2010-03-21 15:17:00,2010-10-12 10:44:00,205,228.2,1,2,2,122,5,Hibernating
16040.0,66,7,2416.9,1185,2010-04-09 10:12:00,2011-10-05 13:47:00,544,345.2714285714286,3,4,4,344,11,Potential Loyalists
16041.0,31,3,3166.4,1584,2011-07-21 16:27:00,2011-11-09 12:25:00,111,1055.4666666666667,4,3,5,435,12,Loyal Customers
16042.0,23,8,2245.32,1430,2010-09-12 12:00:00,2011-11-17 17:50:00,431,280.665,4,4,4,444,12,Champions
16043.0,38,8,1856.5900000000001,1011,2010-08-15 11:26:00,2011-11-02 12:50:00,444,232.07375000000002,4,4,4,444,12,Champions
16044.0,436,1,340.84000000000003,170,2010-09-30 18:12:00,2010-09-30 18:12:00,0,340.84000000000003,1,1,2,112,4,Hibernating
16045.0,120,8,3434.93,2108,2010-07-29 12:50:00,2011-08-12 12:41:00,379,429.36625,3,4,5,345,12,Potential Loyalists
16046.0,563,1,235.78,248,2010-05-26 13:18:00,2010-05-26 13:18:00,0,235.78,1,1,1,111,3,Hibernating
16047.0,683,1,107.14,1,2010-01-26 16:34:00,2010-01-26 16:34:00,0,107.14,1,1,1,111,3,Hibernating
16048.0,374,4,1075.23,569,2010-06-08 12:36:00,2010-12-01 15:28:00,176,268.8075,2,4,3,243,9,At Risk
16049.0,41,6,1852.15,1132,2010-07-11 13:53:00,2011-10-30 13:19:00,476,308.69166666666666,4,4,4,444,12,Champions
16050.0,174,3,300.7,388,2010-11-03 15:55:00,2011-06-19 11:44:00,228,100.23333333333333,3,3,2,332,8,Potential Loyalists
16051.0,682,1,188.44,80,2010-01-27 09:38:00,2010-01-27 09:38:00,0,188.44,1,1,1,111,3,Hibernating
16052.0,55,1,362.06,282,2011-10-16 15:13:00,2011-10-16 15:13:00,0,362.06,4,1,2,412,7,New / Promising
16053.0,33,6,3634.84,3067,2010-04-08 11:11:00,2011-11-07 11:21:00,578,605.8066666666667,4,4,5,445,13,Champions
16054.0,146,4,2111.88,791,2010-04-01 18:37:00,2011-07-17 13:08:00,472,527.97,3,4,4,344,11,Potential Loyalists
16055.0,221,1,134.8,22,2011-05-03 09:26:00,2011-05-03 09:26:00,0,134.8,2,1,1,211,4,Hibernating
16056.0,46,1,650.75,345,2011-10-25 15:19:00,2011-10-25 15:19:00,0,650.75,4,1,3,413,8,New / Promising
16057.0,17,10,3854.85,1691,2010-01-07 17:11:00,2011-11-23 15:23:00,685,385.485,5,5,5,555,15,Champions
16058.0,407,1,62.7,18,2010-10-29 16:48:00,2010-10-29 16:48:00,0,62.7,2,1,1,211,4,Hibernating
16059.0,66,12,3171.82,1482,2010-05-19 13:04:00,2011-10-05 09:56:00,504,264.3183333333333,3,5,5,355,13,Potential Loyalists
16060.0,401,3,541.95,243,2010-08-02 15:26:00,2010-11-04 12:10:00,94,180.65,2,3,2,232,7,At Risk
16061.0,432,1,89.65,19,2010-10-04 15:29:00,2010-10-04 15:29:00,0,89.65,1,1,1,111,3,Hibernating
16062.0,10,8,2863.45,2035,2010-06-21 13:32:00,2011-11-30 12:15:00,527,357.93125,5,5,4,554,14,Champions
16063.0,261,1,335.32,262,2011-03-24 14:55:00,2011-03-24 14:56:00,0,335.32,2,1,2,212,5,Hibernating
16064.0,726,1,109.31,55,2009-12-14 16:11:00,2009-12-14 16:11:00,0,109.31,1,1,1,111,3,Hibernating
16065.0,366,8,2359.27,1435,2010-09-02 13:27:00,2010-12-09 13:03:00,98,294.90875,2,5,4,254,11,At Risk High Value
16066.0,17,5,1521.04,935,2011-08-07 14:33:00,2011-11-23 11:54:00,108,304.20799999999997,5,4,4,544,13,Champions
16067.0,563,3,3269.11,1236,2010-02-02 18:01:00,2010-05-26 12:33:00,113,1089.7033333333334,1,3,5,135,9,At Risk
16068.0,594,1,115.73,48,2010-04-25 11:52:00,2010-04-25 11:52:00,0,115.73,1,1,1,111,3,Hibernating
16069.0,418,1,457.7,138,2010-10-18 10:32:00,2010-10-18 10:32:00,0,457.7,1,1,2,112,4,Hibernating
16070.0,23,2,852.15,457,2011-11-07 16:36:00,2011-11-17 15:50:00,10,426.075,4,2,3,423,9,New / Promising
16071.0,45,4,1076.8,697,2010-02-22 14:48:00,2011-10-26 11:14:00,611,269.2,4,4,3,443,11,Loyal Customers
16072.0,289,4,4180.09,1580,2010-06-08 16:47:00,2011-02-24 14:32:00,261,1045.0225,2,4,5,245,11,At Risk High Value
16073.0,298,1,122.4,48,2011-02-15 15:41:00,2011-02-15 15:41:00,0,122.4,2,1,1,211,4,Hibernating
16074.0,391,1,252.5,38,2010-11-14 13:19:00,2010-11-14 13:19:00,0,252.5,2,1,1,211,4,Hibernating
16075.0,503,2,736.9300000000001,271,2010-05-24 15:57:00,2010-07-25 11:31:00,62,368.46500000000003,1,2,3,123,6,Hibernating
16076.0,4,10,2234.73,1435,2011-05-15 12:31:00,2011-12-06 14:59:00,205,223.473,5,5,4,554,14,Champions
16077.0,626,1,2300.4,840,2010-03-24 10:42:00,2010-03-24 10:42:00,0,2300.4,1,1,4,114,6,Hibernating
16078.0,284,2,362.99,200,2010-02-08 13:29:00,2011-03-01 09:47:00,386,181.495,2,2,2,222,6,Hibernating
16079.0,17,3,1352.0,864,2011-10-30 13:06:00,2011-11-23 12:48:00,24,450.6666666666667,5,3,4,534,12,Loyal Customers
16080.0,82,4,602.5600000000001,298,2010-09-15 14:19:00,2011-09-19 10:42:00,369,150.64000000000001,3,4,2,342,9,Potential Loyalists
16081.0,57,8,4436.56,2230,2010-02-03 12:46:00,2011-10-14 13:06:00,618,554.57,4,5,5,455,14,Champions
16082.0,671,1,106.75,39,2010-02-07 15:16:00,2010-02-07 15:16:00,0,106.75,1,1,1,111,3,Hibernating
16083.0,101,4,2351.42,1514,2010-11-16 11:53:00,2011-08-31 10:47:00,288,587.855,3,4,4,344,11,Potential Loyalists
16084.0,300,1,436.18,216,2011-02-13 16:05:00,2011-02-13 16:05:00,0,436.18,2,1,2,212,5,Hibernating
16085.0,24,12,2341.03,1382,2010-01-20 14:03:00,2011-11-16 13:24:00,665,195.08583333333334,4,5,4,454,13,Champions
16086.0,60,10,2864.9900000000002,1526,2009-12-02 13:20:00,2011-10-11 13:09:00,678,286.499,3,5,4,354,12,Potential Loyalists
16087.0,390,5,1739.92,664,2010-01-19 12:30:00,2010-11-15 16:44:00,300,347.98400000000004,2,4,4,244,10,At Risk High Value
16088.0,576,2,1437.43,373,2010-04-27 10:56:00,2010-05-13 10:16:00,16,718.715,1,2,4,124,7,Hibernating
16089.0,387,2,263.49,119,2010-07-18 15:51:00,2010-11-18 13:51:00,123,131.745,2,2,1,221,5,Hibernating
16090.0,625,1,180.56,58,2010-03-25 13:05:00,2010-03-25 13:05:00,0,180.56,1,1,1,111,3,Hibernating
16091.0,155,2,315.06,154,2011-05-25 09:18:00,2011-07-08 08:45:00,44,157.53,3,2,2,322,7,Needs Attention
16092.0,115,6,1587.94,1188,2010-05-09 16:10:00,2011-08-17 10:46:00,465,264.6566666666667,3,4,4,344,11,Potential Loyalists
16093.0,107,1,17.0,20,2011-08-25 11:09:00,2011-08-25 11:09:00,0,17.0,3,1,1,311,5,Needs Attention
16094.0,12,11,3695.56,2020,2010-04-16 14:00:00,2011-11-28 12:45:00,591,335.96,5,5,5,555,15,Champions
16095.0,457,1,447.05,265,2010-09-09 16:54:00,2010-09-09 16:54:00,0,447.05,1,1,2,112,4,Hibernating
16096.0,265,4,1584.97,700,2010-03-04 15:44:00,2011-03-20 13:38:00,381,396.2425,2,4,4,244,10,At Risk High Value
16097.0,241,1,185.04999999999998,87,2011-04-13 13:47:00,2011-04-13 13:47:00,0,185.04999999999998,2,1,1,211,4,Hibernating
16098.0,88,14,4441.3,2142,2009-12-15 09:40:00,2011-09-13 09:59:00,637,317.2357142857143,3,5,5,355,13,Potential Loyalists
16099.0,51,7,1573.2,960,2010-03-03 11:13:00,2011-10-20 13:13:00,596,224.74285714285716,4,4,4,444,12,Champions
16100.0,463,1,582.64,438,2010-09-03 11:39:00,2010-09-03 11:39:00,0,582.64,1,1,2,112,4,Hibernating
16101.0,71,4,3229.16,1844,2010-05-27 12:50:00,2011-09-30 10:18:00,491,807.29,3,4,5,345,12,Potential Loyalists
16102.0,43,3,1842.14,942,2011-08-03 12:50:00,2011-10-28 13:19:00,86,614.0466666666667,4,3,4,434,11,Loyal Customers
16103.0,8,22,6191.71,2639,2010-01-08 12:08:00,2011-12-02 14:16:00,693,281.44136363636363,5,5,5,555,15,Champions
16104.0,62,9,2774.46,1047,2009-12-06 10:41:00,2011-10-09 10:23:00,672,308.2733333333333,3,5,4,354,12,Potential Loyalists
16105.0,249,5,2386.19,2125,2010-04-14 13:27:00,2011-04-05 10:13:00,356,477.238,2,4,4,244,10,At Risk High Value
16106.0,66,1,108.38,74,2011-10-05 10:37:00,2011-10-05 10:37:00,0,108.38,3,1,1,311,5,Needs Attention
16107.0,18,7,3204.1600000000003,1176,2011-06-09 18:42:00,2011-11-22 09:40:00,166,457.7371428571429,5,4,5,545,14,Champions
16108.0,85,4,2235.92,1473,2010-03-18 14:14:00,2011-09-16 11:48:00,547,558.98,3,4,4,344,11,Potential Loyalists
16109.0,219,3,939.48,1092,2010-01-10 10:37:00,2011-05-05 09:17:00,480,313.16,2,3,3,233,8,At Risk
16110.0,46,4,1781.59,880,2010-07-05 13:04:00,2011-10-25 14:35:00,477,445.3975,4,4,4,444,12,Champions
16111.0,429,1,549.33,233,2010-10-07 19:51:00,2010-10-07 19:51:00,0,549.33,1,1,2,112,4,Hibernating
16112.0,144,4,195.74,574,2011-01-05 11:47:00,2011-07-19 14:28:00,195,48.935,3,4,1,341,8,Potential Loyalists
16113.0,184,1,161.38,176,2011-06-09 16:16:00,2011-06-09 16:16:00,0,161.38,3,1,1,311,5,Needs Attention
16114.0,171,1,135.75000000000003,43,2011-06-22 10:13:00,2011-06-22 10:13:00,0,135.75000000000003,3,1,1,311,5,Needs Attention
16115.0,10,12,2553.8,1589,2010-05-14 11:59:00,2011-11-30 11:32:00,565,212.8166666666667,5,5,4,554,14,Champions
16116.0,212,1,612.78,248,2011-05-12 12:01:00,2011-05-12 12:01:00,0,612.78,2,1,2,212,5,Hibernating
16117.0,190,3,654.4,321,2010-04-27 11:50:00,2011-06-03 11:42:00,402,218.13333333333333,3,3,3,333,9,Potential Loyalists
16118.0,653,1,4376.25,2851,2010-02-25 09:40:00,2010-02-25 09:40:00,0,4376.25,1,1,5,115,7,Hibernating
16119.0,9,8,1720.81,811,2009-12-16 11:56:00,2011-12-01 15:11:00,715,215.10125,5,5,4,554,14,Champions
16120.0,60,6,2967.51,2161,2010-10-13 15:07:00,2011-10-11 14:22:00,363,494.58500000000004,3,4,5,345,12,Potential Loyalists
16121.0,58,5,1450.04,879,2010-05-23 10:52:00,2011-10-13 12:59:00,508,290.008,4,4,4,444,12,Champions
16122.0,74,6,1001.34,1398,2010-10-10 15:26:00,2011-09-27 15:34:00,352,166.89000000000001,3,4,3,343,10,Potential Loyalists
16123.0,52,1,307.78000000000003,170,2011-10-19 09:18:00,2011-10-19 09:18:00,0,307.78000000000003,4,1,2,412,7,New / Promising
16124.0,318,4,1772.49,797,2009-12-07 10:33:00,2011-01-26 14:45:00,415,443.1225,2,4,4,244,10,At Risk High Value
16125.0,368,14,4581.7,1943,2009-12-14 15:38:00,2010-12-07 15:48:00,358,327.2642857142857,2,5,5,255,12,At Risk High Value
16126.0,30,15,14644.6,6140,2009-12-02 13:34:00,2011-11-10 16:03:00,708,976.3066666666667,4,5,5,455,14,Champions
16127.0,40,2,801.3100000000001,391,2009-12-13 12:19:00,2011-10-31 13:58:00,687,400.65500000000003,4,2,3,423,9,New / Promising
16128.0,18,11,3801.05,2445,2010-07-16 16:30:00,2011-11-22 11:14:00,494,345.55,5,5,5,555,15,Champions
16129.0,408,3,1396.05,1261,2010-07-20 12:32:00,2010-10-28 14:29:00,100,465.34999999999997,2,3,4,234,9,At Risk
16130.0,423,4,987.48,296,2010-04-01 13:58:00,2010-10-13 15:14:00,195,246.87,1,4,3,143,8,At Risk
16131.0,52,12,9957.42,4768,2009-12-02 10:09:00,2011-10-19 11:53:00,686,829.785,4,5,5,455,14,Champions
16132.0,545,2,664.1999999999999,280,2010-03-22 10:25:00,2010-06-13 13:49:00,83,332.09999999999997,1,2,3,123,6,Hibernating
16133.0,4,56,22992.26,13653,2010-03-31 12:21:00,2011-12-06 11:24:00,615,410.5760714285714,5,5,5,555,15,Champions
16134.0,22,5,2145.34,1637,2010-06-17 09:48:00,2011-11-18 10:05:00,519,429.06800000000004,4,4,4,444,12,Champions
16135.0,263,2,819.45,395,2010-05-05 09:35:00,2011-03-22 12:30:00,321,409.725,2,2,3,223,7,Hibernating
16136.0,60,4,946.8000000000001,674,2010-02-14 12:49:00,2011-10-11 09:10:00,604,236.70000000000002,3,4,3,343,10,Potential Loyalists
16137.0,681,1,422.7,210,2010-01-28 15:04:00,2010-01-28 15:04:00,0,422.7,1,1,2,112,4,Hibernating
16138.0,379,3,910.35,774,2010-04-28 09:51:00,2010-11-26 12:13:00,212,303.45,2,3,3,233,8,At Risk
16139.0,19,5,1111.15,602,2009-12-03 13:51:00,2011-11-21 08:37:00,718,222.23000000000002,5,4,3,543,12,Loyal Customers
16140.0,66,3,1557.6000000000001,1376,2010-09-24 12:03:00,2011-10-05 12:15:00,376,519.2,3,3,4,334,10,Potential Loyalists
16141.0,89,2,955.94,410,2010-10-18 14:12:00,2011-09-12 13:11:00,329,477.97,3,2,3,323,8,Needs Attention
16142.0,250,1,535.34,422,2011-04-04 10:16:00,2011-04-04 10:16:00,0,535.34,2,1,2,212,5,Hibernating
16143.0,4,12,4910.83,2011,2009-12-10 09:44:00,2011-12-06 14:13:00,726,409.23583333333335,5,5,5,555,15,Champions
16144.0,247,1,175.2,16,2011-04-07 10:09:00,2011-04-07 10:09:00,0,175.2,2,1,1,211,4,Hibernating
16145.0,9,19,6805.4400000000005,5270,2010-05-04 13:31:00,2011-12-01 10:33:00,576,358.18105263157895,5,5,5,555,15,Champions
16146.0,158,4,946.38,544,2010-09-17 10:46:00,2011-07-05 14:20:00,291,236.595,3,4,3,343,10,Potential Loyalists
16147.0,134,5,2398.91,1395,2010-02-05 12:26:00,2011-07-29 09:57:00,539,479.782,3,4,4,344,11,Potential Loyalists
16148.0,297,2,386.62,250,2010-09-29 10:12:00,2011-02-16 14:01:00,140,193.31,2,2,2,222,6,Hibernating
16149.0,5,3,422.21999999999997,598,2010-10-06 15:54:00,2011-12-05 11:29:00,425,140.73999999999998,5,3,2,532,10,Loyal Customers
16150.0,43,10,4395.59,2164,2009-12-17 15:33:00,2011-10-28 12:39:00,680,439.559,4,5,5,455,14,Champions
16152.0,269,1,1829.04,642,2011-03-16 09:47:00,2011-03-16 09:47:00,0,1829.04,2,1,4,214,7,Hibernating
16153.0,50,11,5133.49,3693,2010-05-26 12:41:00,2011-10-21 10:50:00,513,466.6809090909091,4,5,5,455,14,Champions
16155.0,382,5,796.9,495,2010-06-18 11:23:00,2010-11-23 12:03:00,158,159.38,2,4,3,243,9,At Risk
16156.0,9,20,6188.18,3205,2009-12-02 17:06:00,2011-12-01 12:42:00,729,309.409,5,5,5,555,15,Champions
16157.0,16,3,656.69,347,2011-09-28 11:48:00,2011-11-24 11:41:00,57,218.89666666666668,5,3,3,533,11,Loyal Customers
16158.0,523,9,628.32,182,2009-12-05 15:00:00,2010-07-05 13:55:00,212,69.81333333333333,1,5,3,153,9,At Risk
16159.0,282,4,1232.79,635,2009-12-03 11:51:00,2011-03-03 12:27:00,455,308.1975,2,4,3,243,9,At Risk
16160.0,66,2,1025.44,1162,2011-09-15 10:53:00,2011-10-05 14:19:00,20,512.72,3,2,3,323,8,Needs Attention
16161.0,2,43,12744.26,6343,2010-02-08 11:06:00,2011-12-08 12:10:00,668,296.3781395348837,5,5,5,555,15,Champions
16162.0,253,1,37.4,4,2011-04-01 15:03:00,2011-04-01 15:03:00,0,37.4,2,1,1,211,4,Hibernating
16163.0,233,6,2849.58,768,2009-12-02 10:00:00,2011-04-21 15:15:00,505,474.93,2,4,4,244,10,At Risk High Value
16164.0,18,3,822.48,433,2011-10-28 09:12:00,2011-11-22 15:04:00,25,274.16,5,3,3,533,11,Loyal Customers
16165.0,506,1,79.9,2,2010-07-22 14:17:00,2010-07-22 14:17:00,0,79.9,1,1,1,111,3,Hibernating
16166.0,429,2,435.83,173,2010-01-17 14:16:00,2010-10-07 15:44:00,263,217.915,1,2,2,122,5,Hibernating
16167.0,415,5,1386.12,1494,2009-12-01 10:46:00,2010-10-21 15:33:00,324,277.224,1,4,4,144,9,At Risk High Value
16168.0,11,66,10636.47,5099,2009-12-03 12:38:00,2011-11-29 12:45:00,726,161.15863636363636,5,5,5,555,15,Champions
16169.0,9,4,1822.97,1325,2011-09-25 11:33:00,2011-12-01 15:28:00,67,455.7425,5,4,4,544,13,Champions
16170.0,51,20,6869.0,6056,2010-02-18 13:50:00,2011-10-20 08:21:00,609,343.45,4,5,5,455,14,Champions
16171.0,60,1,73.19999999999999,24,2011-10-11 14:51:00,2011-10-11 14:51:00,0,73.19999999999999,3,1,1,311,5,Needs Attention
16172.0,96,8,1884.55,1419,2010-07-14 15:34:00,2011-09-05 13:22:00,418,235.56875,3,5,4,354,12,Potential Loyalists
16173.0,16,6,1418.32,575,2011-09-02 15:23:00,2011-11-24 10:53:00,83,236.38666666666666,5,4,4,544,13,Champions
16174.0,127,7,2246.75,1431,2010-04-15 15:12:00,2011-08-05 13:26:00,477,320.9642857142857,3,4,4,344,11,Potential Loyalists
16175.0,95,7,1836.44,932,2010-05-25 12:01:00,2011-09-06 14:32:00,469,262.34857142857146,3,4,4,344,11,Potential Loyalists
16176.0,422,4,2052.69,952,2010-03-29 14:52:00,2010-10-14 13:54:00,199,513.1725,1,4,4,144,9,At Risk High Value
16177.0,51,8,2247.31,1021,2010-03-02 14:03:00,2011-10-20 12:57:00,597,280.91375,4,5,4,454,13,Champions
16178.0,139,2,612.6,304,2010-11-03 14:46:00,2011-07-24 16:05:00,263,306.3,3,2,2,322,7,Needs Attention
16179.0,61,1,215.83,99,2011-10-10 09:41:00,2011-10-10 09:41:00,0,215.83,3,1,1,311,5,Needs Attention
16180.0,101,13,16249.87,9813,2010-06-23 13:19:00,2011-08-31 16:28:00,434,1249.99,3,5,5,355,13,Potential Loyalists
16181.0,74,1,305.54,152,2011-09-27 13:38:00,2011-09-27 13:38:00,0,305.54,3,1,2,312,6,Needs Attention
16182.0,73,9,9971.65,5887,2010-03-09 09:34:00,2011-09-28 13:23:00,568,1107.961111111111,3,5,5,355,13,Potential Loyalists
16183.0,68,4,1077.81,351,2010-10-28 14:43:00,2011-10-03 14:59:00,340,269.4525,3,4,3,343,10,Potential Loyalists
16184.0,65,6,1158.79,561,2011-05-12 13:33:00,2011-10-06 17:43:00,147,193.13166666666666,3,4,3,343,10,Potential Loyalists
16185.0,17,3,644.72,321,2010-05-24 11:04:00,2011-11-23 09:41:00,548,214.90666666666667,5,3,3,533,11,Loyal Customers
16186.0,23,26,9026.11,6825,2009-12-09 15:36:00,2011-11-17 12:43:00,708,347.1580769230769,4,5,5,455,14,Champions
16187.0,32,15,6911.4400000000005,5048,2011-02-28 13:34:00,2011-11-08 09:50:00,253,460.7626666666667,4,5,5,455,14,Champions
16188.0,45,5,1087.66,838,2010-10-27 11:50:00,2011-10-26 12:19:00,364,217.532,4,4,3,443,11,Loyal Customers
16189.0,16,2,215.48,134,2011-09-15 15:21:00,2011-11-24 11:47:00,70,107.74,5,2,1,521,8,New / Promising
16190.0,41,8,2723.55,1231,2009-12-14 11:59:00,2011-10-30 15:59:00,685,340.44375,4,5,4,454,13,Champions
16191.0,3,24,15677.820000000002,9348,2009-12-11 12:24:00,2011-12-07 11:26:00,726,653.2425000000001,5,5,5,555,15,Champions
16192.0,736,1,351.3,208,2009-12-04 12:28:00,2009-12-04 12:28:00,0,351.3,1,1,2,112,4,Hibernating
16193.0,237,2,630.4300000000001,379,2010-10-25 10:25:00,2011-04-17 11:45:00,174,315.21500000000003,2,2,3,223,7,Hibernating
16194.0,376,1,308.6,140,2010-11-29 13:28:00,2010-11-29 13:28:00,0,308.6,2,1,2,212,5,Hibernating
16195.0,724,1,323.25,123,2009-12-16 14:09:00,2009-12-16 14:09:00,0,323.25,1,1,2,112,4,Hibernating
16196.0,489,1,93.3,26,2010-08-08 11:40:00,2010-08-08 11:40:00,0,93.3,1,1,1,111,3,Hibernating
16197.0,470,9,2016.71,1420,2009-12-16 11:44:00,2010-08-27 12:56:00,254,224.07888888888888,1,5,4,154,10,At Risk High Value
16198.0,76,2,1030.0410000000002,384,2010-09-28 13:59:00,2011-09-25 14:58:00,362,515.0205000000001,3,2,3,323,8,Needs Attention
16199.0,393,7,942.75,321,2010-03-18 18:47:00,2010-11-12 12:55:00,239,134.67857142857142,2,4,3,243,9,At Risk
16200.0,5,12,5608.1,3068,2009-12-02 15:04:00,2011-12-05 14:40:00,733,467.3416666666667,5,5,5,555,15,Champions
16201.0,4,5,2112.12,1421,2010-10-20 12:00:00,2011-12-06 16:02:00,412,422.424,5,4,4,544,13,Champions
16202.0,361,9,2501.9900000000002,1307,2009-12-02 10:48:00,2010-12-14 10:43:00,377,277.9988888888889,2,5,4,254,11,At Risk High Value
16203.0,59,6,1114.54,607,2010-07-23 13:09:00,2011-10-12 12:31:00,446,185.75666666666666,4,4,3,443,11,Loyal Customers
16204.0,24,3,918.71,671,2009-12-08 17:44:00,2011-11-16 13:40:00,708,306.2366666666667,4,3,3,433,10,Loyal Customers
16205.0,31,7,1820.11,1452,2010-06-15 11:58:00,2011-11-09 09:32:00,512,260.0157142857143,4,4,4,444,12,Champions
16206.0,55,13,2589.87,1379,2010-01-24 15:25:00,2011-10-16 10:41:00,630,199.22076923076924,4,5,4,454,13,Champions
16207.0,26,1,394.38,140,2011-11-14 13:51:00,2011-11-14 13:51:00,0,394.38,4,1,2,412,7,New / Promising
16208.0,45,10,3440.4500000000003,1541,2010-02-24 14:24:00,2011-10-26 11:36:00,609,344.045,4,5,5,455,14,Champions
16209.0,89,9,4146.78,1895,2010-06-11 11:58:00,2011-09-12 11:58:00,458,460.75333333333333,3,5,5,355,13,Potential Loyalists
16210.0,2,35,38489.51,14263,2009-12-02 12:54:00,2011-12-08 12:36:00,736,1099.7002857142859,5,5,5,555,15,Champions
16211.0,89,3,1090.59,519,2010-09-27 15:24:00,2011-09-12 12:11:00,350,363.53,3,3,3,333,9,Potential Loyalists
16212.0,20,4,1293.71,571,2010-02-07 15:26:00,2011-11-20 13:00:00,651,323.4275,5,4,4,544,13,Champions
16213.0,79,1,159.0,48,2011-09-22 10:03:00,2011-09-22 10:03:00,0,159.0,3,1,1,311,5,Needs Attention
16214.0,171,4,2038.25,1308,2010-09-30 13:57:00,2011-06-22 11:30:00,265,509.5625,3,4,4,344,11,Potential Loyalists
16215.0,81,1,242.35,104,2011-09-20 10:18:00,2011-09-20 10:18:00,0,242.35,3,1,1,311,5,Needs Attention
16216.0,268,1,914.9300000000001,254,2011-03-17 15:34:00,2011-03-17 15:34:00,0,914.9300000000001,2,1,3,213,6,Hibernating
16217.0,236,2,304.25,91,2011-03-02 15:28:00,2011-04-18 13:31:00,47,152.125,2,2,2,222,6,Hibernating
16218.0,30,13,4439.97,3237,2010-05-27 16:09:00,2011-11-10 09:59:00,532,341.53615384615387,4,5,5,455,14,Champions
16219.0,501,1,40.8,48,2010-07-27 11:44:00,2010-07-27 11:44:00,0,40.8,1,1,1,111,3,Hibernating
16221.0,37,9,2186.66,1501,2010-08-10 13:32:00,2011-11-03 11:43:00,450,242.9622222222222,4,5,4,454,13,Champions
16222.0,319,2,1272.05,463,2009-12-18 14:31:00,2011-01-25 13:38:00,403,636.025,2,2,4,224,8,Hibernating
16223.0,375,2,1087.05,643,2010-11-09 12:07:00,2010-11-30 11:50:00,21,543.525,2,2,3,223,7,Hibernating
16224.0,58,5,1616.54,1555,2010-11-17 13:14:00,2011-10-13 17:51:00,330,323.308,4,4,4,444,12,Champions
16225.0,45,15,2859.31,1281,2010-02-07 12:41:00,2011-10-26 08:30:00,626,190.62066666666666,4,5,4,454,13,Champions
16226.0,204,5,672.17,521,2010-10-22 11:19:00,2011-05-20 14:41:00,210,134.434,2,4,3,243,9,At Risk
16227.0,226,3,1027.22,436,2010-06-22 13:28:00,2011-04-28 13:33:00,310,342.4066666666667,2,3,3,233,8,At Risk
16228.0,386,3,885.71,555,2010-11-04 18:54:00,2010-11-19 14:20:00,15,295.2366666666667,2,3,3,233,8,At Risk
16229.0,88,6,2867.86,1292,2010-05-24 12:59:00,2011-09-13 17:16:00,477,477.9766666666667,3,4,4,344,11,Potential Loyalists
16230.0,190,2,542.03,365,2011-05-03 15:12:00,2011-06-03 10:06:00,31,271.015,3,2,2,322,7,Needs Attention
16231.0,380,4,1074.47,563,2010-04-21 12:06:00,2010-11-25 15:00:00,218,268.6175,2,4,3,243,9,At Risk
16232.0,44,7,2712.97,1849,2010-06-07 14:04:00,2011-10-27 12:16:00,507,387.5671428571428,4,4,4,444,12,Champions
16233.0,72,9,1965.71,689,2009-12-02 13:23:00,2011-09-29 17:27:00,666,218.41222222222223,3,5,4,354,12,Potential Loyalists
16234.0,477,3,333.18,170,2010-05-27 10:39:00,2010-08-20 14:33:00,85,111.06,1,3,2,132,6,At Risk
16235.0,41,9,2053.71,788,2010-08-26 12:10:00,2011-10-30 10:56:00,430,228.19,4,5,4,454,13,Champions
16236.0,79,1,432.2,184,2011-09-22 14:10:00,2011-09-22 14:10:00,0,432.2,3,1,2,312,6,Needs Attention
16237.0,438,1,136.65,57,2010-09-28 17:02:00,2010-09-28 17:02:00,0,136.65,1,1,1,111,3,Hibernating
16238.0,423,1,63.66,85,2010-10-13 12:36:00,2010-10-13 12:36:00,0,63.66,1,1,1,111,3,Hibernating
16239.0,57,6,1492.2,692,2010-09-02 19:17:00,2011-10-14 08:29:00,407,248.70000000000002,4,4,4,444,12,Champions
16240.0,25,2,3718.8,1641,2011-09-23 13:44:00,2011-11-15 14:30:00,53,1859.4,4,2,5,425,11,New / Promising
16241.0,10,16,4270.51,2355,2010-10-25 13:40:00,2011-11-30 11:08:00,401,266.906875,5,5,5,555,15,Champions
16242.0,9,14,7404.650000000001,3921,2010-03-15 16:02:00,2011-12-01 15:12:00,626,528.9035714285715,5,5,5,555,15,Champions
16243.0,34,2,409.1,110,2011-10-16 12:09:00,2011-11-06 12:32:00,21,204.55,4,2,2,422,8,New / Promising
16244.0,212,2,2579.38,1474,2010-12-02 11:41:00,2011-05-12 10:18:00,161,1289.69,2,2,4,224,8,Hibernating
16245.0,24,3,1413.66,1014,2011-03-28 09:30:00,2011-11-16 10:14:00,233,471.22,4,3,4,434,11,Loyal Customers
16246.0,460,2,821.35,336,2010-02-08 12:32:00,2010-09-06 12:04:00,210,410.675,1,2,3,123,6,Hibernating
16247.0,171,1,114.56,182,2011-06-22 14:23:00,2011-06-22 14:23:00,0,114.56,3,1,1,311,5,Needs Attention
16248.0,62,1,152.94,78,2011-10-09 11:32:00,2011-10-09 11:32:00,0,152.94,3,1,1,311,5,Needs Attention
16249.0,53,5,1800.07,950,2011-04-14 13:50:00,2011-10-18 10:07:00,187,360.014,4,4,4,444,12,Champions
16250.0,262,3,791.38,376,2010-11-18 10:43:00,2011-03-23 15:07:00,125,263.79333333333335,2,3,3,233,8,At Risk
16251.0,513,1,128.31,44,2010-07-15 14:55:00,2010-07-15 14:55:00,0,128.31,1,1,1,111,3,Hibernating
16252.0,383,1,295.09000000000003,158,2010-11-22 11:57:00,2010-11-22 11:57:00,0,295.09000000000003,2,1,2,212,5,Hibernating
16253.0,67,7,7272.2,6030,2009-12-08 17:24:00,2011-10-04 09:09:00,665,1038.8857142857144,3,4,5,345,12,Potential Loyalists
16254.0,379,3,967.44,543,2010-03-17 15:43:00,2010-11-26 13:22:00,254,322.48,2,3,3,233,8,At Risk
16255.0,17,15,4904.25,3049,2010-01-24 12:21:00,2011-11-23 12:40:00,668,326.95,5,5,5,555,15,Champions
16256.0,267,3,1629.37,1590,2010-04-21 10:34:00,2011-03-18 12:18:00,331,543.1233333333333,2,3,4,234,9,At Risk
16257.0,177,1,46.95,2,2011-06-16 10:11:00,2011-06-16 10:11:00,0,46.95,3,1,1,311,5,Needs Attention
16258.0,46,15,11942.52,7200,2010-03-10 14:19:00,2011-10-25 13:30:00,594,796.168,4,5,5,455,14,Champions
16259.0,411,3,340.94,143,2010-04-13 16:57:00,2010-10-25 14:27:00,195,113.64666666666666,2,3,2,232,7,At Risk
16260.0,51,1,1035.45,311,2011-10-20 09:40:00,2011-10-20 09:40:00,0,1035.45,4,1,3,413,8,New / Promising
16261.0,18,6,1041.16,454,2010-09-23 16:40:00,2011-11-22 17:23:00,425,173.52666666666667,5,4,3,543,12,Loyal Customers
16262.0,379,1,755.15,446,2010-11-26 13:22:00,2010-11-26 13:22:00,0,755.15,2,1,3,213,6,Hibernating
16263.0,424,1,348.16,197,2010-10-12 14:52:00,2010-10-12 14:52:00,0,348.16,1,1,2,112,4,Hibernating
16264.0,439,2,823.53,616,2010-09-19 16:14:00,2010-09-27 15:00:00,8,411.765,1,2,3,123,6,Hibernating
16265.0,10,12,6935.17,3214,2010-10-28 15:18:00,2011-11-30 16:41:00,398,577.9308333333333,5,5,5,555,15,Champions
16266.0,74,14,1757.95,791,2010-02-04 16:21:00,2011-09-27 12:08:00,600,125.56785714285715,3,5,4,354,12,Potential Loyalists
16267.0,592,1,186.66,198,2010-04-27 14:10:00,2010-04-27 14:10:00,0,186.66,1,1,1,111,3,Hibernating
16268.0,72,2,667.65,533,2011-09-29 18:30:00,2011-09-29 18:30:00,0,333.825,3,2,3,323,8,Needs Attention
16269.0,438,1,717.57,579,2010-09-28 11:50:00,2010-09-28 11:50:00,0,717.57,1,1,3,113,5,Hibernating
16270.0,354,1,1141.24,688,2010-12-21 14:26:00,2010-12-21 14:26:00,0,1141.24,2,1,3,213,6,Hibernating
16271.0,3,10,3397.82,2359,2010-03-07 12:03:00,2011-12-07 12:45:00,640,339.78200000000004,5,5,5,555,15,Champions
16272.0,117,1,411.7,224,2011-08-15 10:53:00,2011-08-15 10:54:00,0,411.7,3,1,2,312,6,Needs Attention
16273.0,649,2,318.34000000000003,40,2010-02-21 16:02:00,2010-03-01 13:24:00,8,159.17000000000002,1,2,2,122,5,Hibernating
16274.0,374,1,703.5,306,2010-12-01 15:35:00,2010-12-01 15:35:00,0,703.5,2,1,3,213,6,Hibernating
16275.0,197,3,2151.11,1268,2010-03-08 14:41:00,2011-05-27 12:41:00,445,717.0366666666667,2,3,4,234,9,At Risk
16276.0,177,3,2629.3900000000003,1467,2010-04-11 12:02:00,2011-06-16 09:34:00,431,876.4633333333335,3,3,4,334,10,Potential Loyalists
16277.0,734,1,188.69,33,2009-12-06 11:27:00,2009-12-06 11:27:00,0,188.69,1,1,1,111,3,Hibernating
16278.0,101,3,1117.84,342,2010-07-28 15:40:00,2011-08-31 17:12:00,399,372.6133333333333,3,3,3,333,9,Potential Loyalists
16279.0,22,9,5698.28,3683,2010-04-22 14:09:00,2011-11-18 15:00:00,575,633.1422222222222,4,5,5,455,14,Champions
16280.0,726,1,238.05,101,2009-12-14 15:49:00,2009-12-14 15:49:00,0,238.05,1,1,1,111,3,Hibernating
16281.0,73,3,3424.02,1570,2010-01-26 13:41:00,2011-09-28 14:57:00,610,1141.34,3,3,5,335,11,Potential Loyalists
16282.0,340,3,1307.5800000000002,790,2009-12-21 11:52:00,2011-01-04 11:42:00,379,435.86000000000007,2,3,4,234,9,At Risk
16283.0,6,8,4350.32,2867,2010-02-28 14:12:00,2011-12-04 12:08:00,644,543.79,5,5,5,555,15,Champions
16284.0,32,3,1018.48,674,2010-11-11 13:27:00,2011-11-08 16:12:00,362,339.49333333333334,4,3,3,433,10,Loyal Customers
16285.0,647,1,176.9,60,2010-03-03 16:03:00,2010-03-03 16:03:00,0,176.9,1,1,1,111,3,Hibernating
16286.0,478,2,328.95,101,2010-03-26 09:58:00,2010-08-19 14:48:00,146,164.475,1,2,2,122,5,Hibernating
16287.0,170,5,1006.98,1426,2010-01-19 09:46:00,2011-06-23 09:08:00,520,201.39600000000002,3,4,3,343,10,Potential Loyalists
16288.0,471,1,129.85,19,2010-08-26 14:45:00,2010-08-26 14:45:00,0,129.85,1,1,1,111,3,Hibernating
16289.0,463,1,136.31,97,2010-09-03 14:02:00,2010-09-03 14:02:00,0,136.31,1,1,1,111,3,Hibernating
16290.0,465,4,1957.7,957,2010-05-23 11:46:00,2010-09-01 11:52:00,101,489.425,1,4,4,144,9,At Risk High Value
16291.0,683,1,117.72,1,2010-01-26 16:26:00,2010-01-26 16:26:00,0,117.72,1,1,1,111,3,Hibernating
16292.0,122,5,1253.76,688,2010-04-14 13:29:00,2011-08-10 12:24:00,483,250.752,3,4,4,344,11,Potential Loyalists
16293.0,22,15,4657.95,2022,2009-12-11 09:58:00,2011-11-18 09:58:00,707,310.53,4,5,5,455,14,Champions
16294.0,477,1,126.05000000000001,54,2010-08-20 12:01:00,2010-08-20 12:01:00,0,126.05000000000001,1,1,1,111,3,Hibernating
16295.0,10,4,1328.55,841,2011-10-06 10:45:00,2011-11-30 08:17:00,55,332.1375,5,4,4,544,13,Champions
16296.0,627,4,1313.67,645,2009-12-18 12:03:00,2010-03-23 13:11:00,95,328.4175,1,4,4,144,9,At Risk High Value
16297.0,269,1,301.9,206,2011-03-16 08:29:00,2011-03-16 08:29:00,0,301.9,2,1,2,212,5,Hibernating
16298.0,23,7,1085.7,308,2010-09-23 15:23:00,2011-11-17 11:59:00,420,155.1,4,4,3,443,11,Loyal Customers
16299.0,478,1,193.65,107,2010-08-19 17:46:00,2010-08-19 17:46:00,0,193.65,1,1,1,111,3,Hibernating
16300.0,431,3,1367.32,643,2010-02-02 11:40:00,2010-10-05 13:14:00,245,455.7733333333333,1,3,4,134,8,At Risk
16301.0,737,1,107.33,41,2009-12-03 10:20:00,2009-12-03 10:20:00,0,107.33,1,1,1,111,3,Hibernating
16302.0,127,1,233.22,158,2011-08-05 09:44:00,2011-08-05 09:44:00,0,233.22,3,1,1,311,5,Needs Attention
16303.0,26,7,7928.27,3859,2010-03-18 14:12:00,2011-11-14 10:49:00,606,1132.6100000000001,4,4,5,445,13,Champions
16304.0,695,1,381.66,228,2010-01-14 08:30:00,2010-01-14 08:30:00,0,381.66,1,1,2,112,4,Hibernating
16305.0,139,1,361.22,256,2011-07-24 12:18:00,2011-07-24 12:18:00,0,361.22,3,1,2,312,6,Needs Attention
16306.0,214,7,1192.82,742,2010-10-01 09:36:00,2011-05-10 12:12:00,221,170.40285714285713,2,4,3,243,9,At Risk
16307.0,430,3,1194.92,1123,2010-05-11 14:40:00,2010-10-06 14:31:00,148,398.3066666666667,1,3,3,133,7,At Risk
16308.0,38,7,5120.0,16000,2009-12-15 15:48:00,2011-11-02 11:24:00,687,731.4285714285714,4,4,5,445,13,Champions
16309.0,107,2,706.57,467,2011-04-13 11:46:00,2011-08-25 15:35:00,134,353.285,3,2,3,323,8,Needs Attention
16310.0,415,2,460.08,270,2010-03-07 15:41:00,2010-10-21 14:47:00,228,230.04,1,2,2,122,5,Hibernating
16311.0,18,2,616.26,394,2011-10-21 13:13:00,2011-11-22 08:54:00,32,308.13,5,2,3,523,10,New / Promising
16312.0,433,1,171.15,53,2010-10-03 14:15:00,2010-10-03 14:15:00,0,171.15,1,1,1,111,3,Hibernating
16313.0,4,2,274.15000000000003,165,2011-10-21 09:04:00,2011-12-06 13:02:00,46,137.07500000000002,5,2,1,521,8,New / Promising
16314.0,390,3,1491.4,636,2010-08-24 11:52:00,2010-11-15 12:06:00,83,497.1333333333334,2,3,4,234,9,At Risk
16315.0,331,2,402.71,143,2010-06-21 13:53:00,2011-01-13 11:57:00,206,201.355,2,2,2,222,6,Hibernating
16316.0,65,13,5744.91,3057,2010-08-03 14:38:00,2011-10-06 13:48:00,429,441.91615384615386,3,5,5,355,13,Potential Loyalists
16317.0,120,5,2192.51,1236,2010-05-04 10:17:00,2011-08-12 12:46:00,465,438.50200000000007,3,4,4,344,11,Potential Loyalists
16318.0,36,1,328.15000000000003,199,2011-11-04 13:05:00,2011-11-04 13:05:00,0,328.15000000000003,4,1,2,412,7,New / Promising
16319.0,218,1,404.40000000000003,72,2011-05-06 11:27:00,2011-05-06 11:27:00,0,404.40000000000003,2,1,2,212,5,Hibernating
16320.0,173,6,5628.99,3319,2010-01-27 13:29:00,2011-06-20 15:25:00,509,938.165,3,4,5,345,12,Potential Loyalists
16321.0,73,7,604.5500000000001,259,2009-12-01 10:36:00,2011-09-28 14:55:00,666,86.36428571428573,3,4,2,342,9,Potential Loyalists
16322.0,2,2,326.75,231,2011-11-03 14:33:00,2011-12-08 15:41:00,35,163.375,5,2,2,522,9,New / Promising
16323.0,197,2,353.66,146,2010-05-11 09:48:00,2011-05-27 14:48:00,381,176.83,2,2,2,222,6,Hibernating
16324.0,129,3,408.59000000000003,270,2011-06-15 14:26:00,2011-08-03 12:58:00,49,136.1966666666667,3,3,2,332,8,Potential Loyalists
16325.0,47,12,3597.5,2464,2009-12-04 13:21:00,2011-10-24 08:48:00,689,299.7916666666667,4,5,5,455,14,Champions
16326.0,6,24,4721.25,1083,2010-01-28 13:23:00,2011-12-04 10:11:00,675,196.71875,5,5,5,555,15,Champions
16327.0,15,16,10695.24,8516,2009-12-14 13:06:00,2011-11-25 13:23:00,711,668.4525,5,5,5,555,15,Champions
16328.0,564,1,310.83,141,2010-05-25 14:02:00,2010-05-25 14:02:00,0,310.83,1,1,2,112,4,Hibernating
16329.0,428,4,1664.92,797,2009-12-01 11:34:00,2010-10-08 12:44:00,311,416.23,1,4,4,144,9,At Risk High Value
16330.0,18,7,625.38,326,2010-02-15 12:36:00,2011-11-22 12:24:00,645,89.34,5,4,3,543,12,Loyal Customers
16331.0,433,6,2037.7,756,2010-03-07 10:55:00,2010-10-03 13:47:00,210,339.6166666666667,1,4,4,144,9,At Risk High Value
16332.0,29,11,2000.01,1128,2010-04-29 13:41:00,2011-11-11 14:22:00,561,181.8190909090909,4,5,4,454,13,Champions
16333.0,8,22,26626.8,32184,2011-02-03 10:50:00,2011-12-02 12:19:00,302,1210.3090909090909,5,5,5,555,15,Champions
16334.0,493,1,263.73,206,2010-08-04 16:38:00,2010-08-04 16:38:00,0,263.73,1,1,1,111,3,Hibernating
16335.0,552,7,2753.52,1004,2009-12-04 10:18:00,2010-06-06 11:35:00,184,393.36,1,4,4,144,9,At Risk High Value
16336.0,421,4,3517.69,1473,2010-03-18 08:05:00,2010-10-15 12:32:00,211,879.4225,1,4,5,145,10,At Risk High Value
16337.0,37,1,151.05,87,2011-11-03 10:03:00,2011-11-03 10:03:00,0,151.05,4,1,1,411,6,New / Promising
16338.0,158,1,214.8,94,2011-07-05 13:56:00,2011-07-05 13:56:00,0,214.8,3,1,1,311,5,Needs Attention
16339.0,285,1,94.05,21,2011-02-28 13:41:00,2011-02-28 13:41:00,0,94.05,2,1,1,211,4,Hibernating
16340.0,108,3,1496.24,1319,2010-06-06 13:26:00,2011-08-24 14:53:00,444,498.74666666666667,3,3,4,334,10,Potential Loyalists
16341.0,25,7,3850.79,3022,2010-04-09 10:30:00,2011-11-15 09:12:00,585,550.1128571428571,4,4,5,445,13,Champions
16342.0,76,4,322.41,157,2011-06-13 10:10:00,2011-09-25 14:36:00,104,80.6025,3,4,2,342,9,Potential Loyalists
16343.0,17,3,614.12,345,2010-10-28 14:15:00,2011-11-23 17:45:00,391,204.70666666666668,5,3,2,532,10,Loyal Customers
16344.0,159,4,842.42,706,2010-02-09 12:16:00,2011-07-04 15:50:00,510,210.605,3,4,3,343,10,Potential Loyalists
16345.0,45,2,1178.79,611,2010-08-13 17:13:00,2011-10-26 16:03:00,439,589.395,4,2,3,423,9,New / Promising
16346.0,386,1,224.51,289,2010-11-19 15:55:00,2010-11-19 15:55:00,0,224.51,2,1,1,211,4,Hibernating
16347.0,12,11,3442.96,1715,2010-03-12 12:41:00,2011-11-28 13:14:00,626,312.99636363636364,5,5,5,555,15,Champions
16348.0,33,8,1744.42,1164,2010-10-05 13:57:00,2011-11-07 15:44:00,398,218.0525,4,5,4,454,13,Champions
16349.0,291,1,53.5,9,2011-02-22 12:40:00,2011-02-22 12:40:00,0,53.5,2,1,1,211,4,Hibernating
16350.0,22,9,2253.89,1077,2010-10-07 16:33:00,2011-11-18 15:53:00,407,250.4322222222222,4,5,4,454,13,Champions
16351.0,333,13,3330.03,2165,2009-12-04 16:12:00,2011-01-11 10:26:00,403,256.15615384615387,2,5,5,255,12,At Risk High Value
16352.0,18,2,494.44,300,2011-11-02 08:44:00,2011-11-22 10:32:00,20,247.22,5,2,2,522,9,New / Promising
16353.0,4,38,9999.460000000001,3531,2009-12-07 13:55:00,2011-12-06 12:23:00,729,263.1436842105263,5,5,5,555,15,Champions
16354.0,64,5,1119.46,592,2010-04-27 13:33:00,2011-10-07 14:28:00,528,223.892,3,4,3,343,10,Potential Loyalists
16355.0,376,1,416.35,179,2010-11-29 14:21:00,2010-11-29 14:21:00,0,416.35,2,1,2,212,5,Hibernating
16356.0,198,6,415.87,190,2010-06-06 11:26:00,2011-05-26 11:51:00,354,69.31166666666667,2,4,2,242,8,At Risk
16357.0,34,4,868.37,389,2010-11-23 18:52:00,2011-11-06 16:04:00,348,217.0925,4,4,3,443,11,Loyal Customers
16358.0,2,5,2919.65,2065,2010-11-10 11:36:00,2011-12-08 15:09:00,393,583.9300000000001,5,4,4,544,13,Champions
16359.0,8,16,2697.75,1764,2010-02-16 10:39:00,2011-12-02 17:04:00,654,168.609375,5,5,4,554,14,Champions
16360.0,5,6,3450.41,2110,2011-09-12 13:50:00,2011-12-05 12:16:00,84,575.0683333333333,5,4,5,545,14,Champions
16361.0,10,4,891.21,418,2011-09-29 13:13:00,2011-11-30 12:32:00,62,222.8025,5,4,3,543,12,Loyal Customers
16362.0,33,6,922.16,467,2010-09-28 09:24:00,2011-11-07 13:01:00,405,153.69333333333333,4,4,3,443,11,Loyal Customers
16363.0,54,1,109.36000000000001,52,2011-10-17 14:14:00,2011-10-17 14:14:00,0,109.36000000000001,4,1,1,411,6,New / Promising
16364.0,12,2,705.79,279,2011-07-25 14:35:00,2011-11-28 11:27:00,126,352.895,5,2,3,523,10,New / Promising
16365.0,18,15,3307.2,1135,2009-12-11 12:41:00,2011-11-22 11:24:00,711,220.48,5,5,5,555,15,Champions
16366.0,19,4,1548.13,882,2009-12-16 10:39:00,2011-11-21 08:19:00,705,387.0325,5,4,4,544,13,Champions
16367.0,38,3,1350.48,1103,2010-11-21 13:23:00,2011-11-02 13:13:00,346,450.16,4,3,4,434,11,Loyal Customers
16368.0,3,3,621.44,307,2010-09-30 11:30:00,2011-12-07 13:12:00,433,207.14666666666668,5,3,3,533,11,Loyal Customers
16369.0,19,7,2656.56,1589,2010-04-07 16:52:00,2011-11-21 16:25:00,593,379.50857142857143,5,4,4,544,13,Champions
16370.0,83,4,1301.91,640,2011-04-28 16:40:00,2011-09-18 15:55:00,143,325.4775,3,4,4,344,11,Potential Loyalists
16371.0,449,1,157.2,108,2010-09-17 12:09:00,2010-09-17 12:09:00,0,157.2,1,1,1,111,3,Hibernating
16372.0,34,5,1290.31,722,2010-04-11 15:20:00,2011-11-06 13:08:00,574,258.062,4,4,4,444,12,Champions
16373.0,383,2,309.49,119,2010-10-24 13:10:00,2010-11-22 15:50:00,29,154.745,2,2,2,222,6,Hibernating
16374.0,67,5,1723.4,771,2010-04-30 13:10:00,2011-10-04 15:21:00,522,344.68,3,4,4,344,11,Potential Loyalists
16375.0,471,2,104.0,74,2010-08-26 14:12:00,2010-08-26 14:25:00,0,52.0,1,2,1,121,4,Hibernating
16376.0,9,2,974.96,691,2011-11-22 16:47:00,2011-12-01 11:38:00,9,487.48,5,2,3,523,10,New / Promising
16377.0,268,2,1308.48,2928,2010-04-01 10:36:00,2011-03-17 15:41:00,350,654.24,2,2,4,224,8,Hibernating
16378.0,248,3,362.95,267,2011-02-02 12:42:00,2011-04-06 15:07:00,63,120.98333333333333,2,3,2,232,7,At Risk
16379.0,5,4,2157.4,1410,2011-09-22 09:33:00,2011-12-05 15:38:00,74,539.35,5,4,4,544,13,Champions
16380.0,62,1,1743.1499999999999,1428,2011-10-09 15:40:00,2011-10-09 15:40:00,0,1743.1499999999999,3,1,4,314,8,Needs Attention
16381.0,396,2,247.85,108,2010-10-17 13:06:00,2010-11-09 09:56:00,23,123.925,2,2,1,221,5,Hibernating
16382.0,409,2,353.1,167,2010-06-07 12:42:00,2010-10-27 16:23:00,142,176.55,2,2,2,222,6,Hibernating
16383.0,75,7,2896.69,1596,2010-02-04 13:18:00,2011-09-26 12:45:00,599,413.8128571428571,3,4,4,344,11,Potential Loyalists
16384.0,90,4,1358.95,861,2010-04-28 14:01:00,2011-09-11 11:19:00,501,339.7375,3,4,4,344,11,Potential Loyalists
16385.0,61,5,1028.55,543,2010-03-18 12:45:00,2011-10-10 13:12:00,571,205.70999999999998,3,4,3,343,10,Potential Loyalists
16386.0,29,3,1068.16,700,2010-11-17 11:19:00,2011-11-11 12:28:00,359,356.05333333333334,4,3,3,433,10,Loyal Customers
16387.0,323,5,882.46,448,2010-03-11 12:22:00,2011-01-21 11:34:00,316,176.49200000000002,2,4,3,243,9,At Risk
16388.0,654,1,186.05,83,2010-02-24 10:20:00,2010-02-24 10:20:00,0,186.05,1,1,1,111,3,Hibernating
16389.0,54,4,1382.0700000000002,1242,2011-03-01 15:47:00,2011-10-17 14:41:00,230,345.51750000000004,4,4,4,444,12,Champions
16390.0,537,3,467.5,122,2010-01-29 15:25:00,2010-06-21 10:11:00,143,155.83333333333334,1,3,2,132,6,At Risk
16391.0,401,4,1052.26,715,2010-05-27 11:27:00,2010-11-04 12:27:00,161,263.065,2,4,3,243,9,At Risk
16392.0,270,3,756.7,604,2010-05-27 11:17:00,2011-03-15 12:11:00,292,252.23333333333335,2,3,3,233,8,At Risk
16393.0,3,23,5482.57,3087,2009-12-01 12:13:00,2011-12-07 12:51:00,736,238.37260869565216,5,5,5,555,15,Champions
16394.0,57,5,1555.34,2604,2011-02-23 10:58:00,2011-10-14 09:48:00,233,311.068,4,4,4,444,12,Champions
16395.0,61,14,3518.41,2901,2009-12-06 12:26:00,2011-10-10 12:50:00,673,251.315,3,5,5,355,13,Potential Loyalists
16396.0,477,1,137.8,80,2010-08-20 14:17:00,2010-08-20 14:17:00,0,137.8,1,1,1,111,3,Hibernating
16397.0,629,1,123.13,43,2010-03-21 15:36:00,2010-03-21 15:36:00,0,123.13,1,1,1,111,3,Hibernating
16398.0,155,2,1705.8,758,2011-03-31 09:38:00,2011-07-08 15:16:00,99,852.9,3,2,4,324,9,Needs Attention
16399.0,20,3,630.22,452,2010-11-15 15:03:00,2011-11-20 16:12:00,370,210.07333333333335,5,3,3,533,11,Loyal Customers
16400.0,95,9,3059.85,2066,2009-12-08 12:38:00,2011-09-06 12:27:00,637,339.98333333333335,3,5,5,355,13,Potential Loyalists
16401.0,2,23,6849.15,6035,2010-06-02 13:13:00,2011-12-08 18:15:00,554,297.7891304347826,5,5,5,555,15,Champions
16402.0,265,2,499.1,248,2010-12-05 13:42:00,2011-03-20 12:25:00,105,249.55,2,2,2,222,6,Hibernating
16403.0,313,1,177.5,114,2011-01-31 13:39:00,2011-01-31 13:39:00,0,177.5,2,1,1,211,4,Hibernating
16404.0,71,1,443.05,157,2011-09-30 14:55:00,2011-09-30 14:55:00,0,443.05,3,1,2,312,6,Needs Attention
16405.0,303,2,167.25,187,2011-02-02 17:08:00,2011-02-10 15:24:00,8,83.625,2,2,1,221,5,Hibernating
16406.0,19,3,528.36,257,2010-02-24 11:51:00,2011-11-21 11:57:00,635,176.12,5,3,2,532,10,Loyal Customers
16407.0,13,14,2761.65,1448,2010-10-03 13:56:00,2011-11-27 11:05:00,420,197.2607142857143,5,5,4,554,14,Champions
16408.0,592,1,231.93,227,2010-04-27 14:08:00,2010-04-27 14:08:00,0,231.93,1,1,1,111,3,Hibernating
16409.0,37,12,5652.74,3664,2009-12-13 15:38:00,2011-11-03 16:45:00,690,471.06166666666667,4,5,5,455,14,Champions
16410.0,735,1,130.32,348,2009-12-05 14:51:00,2009-12-05 14:51:00,0,130.32,1,1,1,111,3,Hibernating
16411.0,20,4,884.9399999999999,530,2010-10-07 15:09:00,2011-11-20 13:23:00,409,221.23499999999999,5,4,3,543,12,Loyal Customers
16412.0,54,5,593.19,288,2010-02-04 13:46:00,2011-10-17 12:35:00,620,118.638,4,4,2,442,10,Loyal Customers
16413.0,57,2,522.03,283,2010-11-29 12:49:00,2011-10-14 12:08:00,319,261.015,4,2,2,422,8,New / Promising
16414.0,22,5,551.21,201,2010-01-14 10:21:00,2011-11-18 09:42:00,673,110.242,4,4,2,442,10,Loyal Customers
16415.0,45,3,696.76,508,2010-02-01 12:30:00,2011-10-26 13:35:00,632,232.25333333333333,4,3,3,433,10,Loyal Customers
16416.0,27,9,2957.88,2198,2010-02-23 12:00:00,2011-11-13 12:50:00,628,328.65333333333336,4,5,5,455,14,Champions
16417.0,493,1,35.7,6,2010-08-04 09:08:00,2010-08-04 09:08:00,0,35.7,1,1,1,111,3,Hibernating
16418.0,45,5,1028.74,564,2010-10-13 12:31:00,2011-10-26 12:39:00,378,205.748,4,4,3,443,11,Loyal Customers
16419.0,113,8,1463.7,701,2010-02-09 13:26:00,2011-08-19 12:33:00,556,182.9625,3,5,4,354,12,Potential Loyalists
16420.0,397,1,75.0,120,2010-11-08 15:15:00,2010-11-08 15:15:00,0,75.0,2,1,1,211,4,Hibernating
16421.0,377,3,526.27,123,2010-08-27 12:02:00,2010-11-28 13:31:00,93,175.42333333333332,2,3,2,232,7,At Risk
16422.0,18,109,63589.07,66273,2010-01-12 11:57:00,2011-11-22 14:00:00,679,583.3859633027523,5,5,5,555,15,Champions
16423.0,25,1,346.12,230,2011-11-15 09:21:00,2011-11-15 09:21:00,0,346.12,4,1,2,412,7,New / Promising
16424.0,192,2,443.06,212,2010-11-22 11:24:00,2011-06-01 13:40:00,191,221.53,2,2,2,222,6,Hibernating
16425.0,303,1,302.7,199,2011-02-10 14:30:00,2011-02-10 14:30:00,0,302.7,2,1,2,212,5,Hibernating
16426.0,3,10,1863.76,1215,2011-03-08 15:45:00,2011-12-07 14:01:00,274,186.376,5,5,4,554,14,Champions
16427.0,264,2,241.06,156,2011-02-28 15:18:00,2011-03-21 17:10:00,21,120.53,2,2,1,221,5,Hibernating
16428.0,414,3,638.49,575,2010-07-30 12:10:00,2010-10-22 12:22:00,84,212.83,1,3,3,133,7,At Risk
16429.0,107,1,284.55,9,2011-08-25 13:54:00,2011-08-25 13:54:00,0,284.55,3,1,1,311,5,Needs Attention
16430.0,58,7,1117.94,307,2010-01-27 12:45:00,2011-10-13 14:47:00,624,159.7057142857143,4,4,3,443,11,Loyal Customers
16431.0,214,3,623.28,442,2011-02-15 14:02:00,2011-05-10 14:09:00,84,207.76,2,3,3,233,8,At Risk
16432.0,65,1,287.40000000000003,276,2011-10-06 13:59:00,2011-10-06 13:59:00,0,287.40000000000003,3,1,1,311,5,Needs Attention
16433.0,29,2,384.52,214,2010-10-27 12:26:00,2011-11-11 14:09:00,380,192.26,4,2,2,422,8,New / Promising
16434.0,30,12,2673.69,1310,2010-01-17 14:51:00,2011-11-10 14:28:00,662,222.8075,4,5,4,454,13,Champions
16435.0,513,3,1003.0699999999999,608,2010-07-13 13:29:00,2010-07-15 18:22:00,2,334.3566666666666,1,3,3,133,7,At Risk
16436.0,669,3,319.14,227,2009-12-06 16:02:00,2010-02-09 13:19:00,65,106.38,1,3,2,132,6,At Risk
16437.0,382,2,301.25,197,2010-10-06 12:34:00,2010-11-23 16:59:00,48,150.625,2,2,2,222,6,Hibernating
16438.0,6,5,798.35,463,2011-09-18 13:31:00,2011-12-04 10:51:00,77,159.67000000000002,5,4,3,543,12,Loyal Customers
16439.0,723,1,310.70000000000005,74,2009-12-17 14:22:00,2009-12-17 14:22:00,0,310.70000000000005,1,1,2,112,4,Hibernating
16440.0,8,6,3856.97,2108,2010-08-03 11:32:00,2011-12-02 12:02:00,486,642.8283333333333,5,4,5,545,14,Champions
16441.0,68,5,1019.13,478,2010-03-22 18:00:00,2011-10-03 17:48:00,560,203.826,3,4,3,343,10,Potential Loyalists
16442.0,2,5,891.98,580,2009-12-13 11:05:00,2011-12-08 11:43:00,725,178.39600000000002,5,4,3,543,12,Loyal Customers
16443.0,521,1,162.24,96,2010-07-07 11:57:00,2010-07-07 11:57:00,0,162.24,1,1,1,111,3,Hibernating
16444.0,47,17,3625.88,1945,2010-03-24 14:06:00,2011-10-24 13:50:00,579,213.2870588235294,4,5,5,455,14,Champions
16445.0,34,4,583.16,287,2010-10-24 12:39:00,2011-11-06 12:32:00,378,145.79,4,4,2,442,10,Loyal Customers
16446.0,1,2,168472.5,80997,2011-05-18 09:52:00,2011-12-09 09:15:00,205,84236.25,5,2,5,525,12,New / Promising
16447.0,136,3,727.1,315,2010-02-17 14:09:00,2011-07-27 12:45:00,525,242.36666666666667,3,3,3,333,9,Potential Loyalists
16448.0,199,2,361.12,176,2010-08-25 16:58:00,2011-05-25 16:28:00,273,180.56,2,2,2,222,6,Hibernating
16449.0,198,2,707.69,367,2011-03-04 12:15:00,2011-05-26 10:25:00,83,353.845,2,2,3,223,7,Hibernating
16450.0,150,3,1505.73,681,2010-02-21 15:46:00,2011-07-13 11:47:00,507,501.91,3,3,4,334,10,Potential Loyalists
16451.0,88,3,1013.15,524,2009-12-04 15:11:00,2011-09-13 09:17:00,648,337.71666666666664,3,3,3,333,9,Potential Loyalists
16452.0,631,2,332.17,199,2010-01-15 12:22:00,2010-03-19 12:39:00,63,166.085,1,2,2,122,5,Hibernating
16453.0,531,2,251.71,139,2010-06-09 13:15:00,2010-06-27 12:46:00,18,125.855,1,2,1,121,4,Hibernating
16454.0,45,4,30.950000000000003,9,2010-04-07 15:54:00,2011-10-26 11:40:00,567,7.737500000000001,4,4,1,441,9,Loyal Customers
16455.0,64,11,4376.87,3101,2010-03-30 10:31:00,2011-10-07 12:17:00,556,397.8972727272727,3,5,5,355,13,Potential Loyalists
16456.0,100,13,6788.34,3688,2010-03-29 11:16:00,2011-09-01 13:50:00,521,522.1800000000001,3,5,5,355,13,Potential Loyalists
16457.0,219,1,208.36,140,2011-05-05 13:19:00,2011-05-05 13:19:00,0,208.36,2,1,1,211,4,Hibernating
16458.0,3,30,5690.89,3395,2010-05-26 14:38:00,2011-12-07 09:34:00,560,189.69633333333334,5,5,5,555,15,Champions
16459.0,730,1,71.78999999999999,59,2009-12-10 12:42:00,2009-12-10 12:42:00,0,71.78999999999999,1,1,1,111,3,Hibernating
16460.0,29,3,811.23,876,2011-09-19 10:15:00,2011-11-11 13:46:00,53,270.41,4,3,3,433,10,Loyal Customers
16461.0,178,3,1545.83,933,2010-03-03 13:57:00,2011-06-15 12:07:00,469,515.2766666666666,3,3,4,334,10,Potential Loyalists
16462.0,74,3,136.0,16,2011-03-01 08:58:00,2011-09-27 10:24:00,210,45.333333333333336,3,3,1,331,7,Potential Loyalists
16463.0,22,4,1422.4,1163,2011-05-19 14:45:00,2011-11-18 14:01:00,183,355.6,4,4,4,444,12,Champions
16464.0,20,3,1298.66,952,2011-07-20 13:53:00,2011-11-20 12:11:00,123,432.8866666666667,5,3,4,534,12,Loyal Customers
16465.0,421,2,746.24,504,2010-09-21 10:46:00,2010-10-15 09:27:00,24,373.12,1,2,3,123,6,Hibernating
16466.0,34,15,3767.09,1777,2010-03-07 14:31:00,2011-11-06 11:35:00,609,251.13933333333335,4,5,5,455,14,Champions
16467.0,509,7,2869.16,7384,2009-12-02 11:59:00,2010-07-19 11:49:00,229,409.88,1,4,4,144,9,At Risk High Value
16468.0,75,3,787.52,371,2010-08-15 13:10:00,2011-09-26 14:13:00,407,262.50666666666666,3,3,3,333,9,Potential Loyalists
16469.0,24,5,803.9,332,2010-07-13 13:17:00,2011-11-16 12:25:00,491,160.78,4,4,3,443,11,Loyal Customers
16470.0,52,11,2416.85,1335,2009-12-11 12:21:00,2011-10-19 12:11:00,677,219.71363636363637,4,5,4,454,13,Champions
16471.0,275,4,1189.98,670,2010-02-25 10:07:00,2011-03-10 09:41:00,378,297.495,2,4,3,243,9,At Risk
16472.0,435,2,789.6,252,2010-04-21 11:48:00,2010-10-01 13:56:00,163,394.8,1,2,3,123,6,Hibernating
16473.0,165,4,470.83,296,2010-11-30 16:29:00,2011-06-28 09:10:00,210,117.7075,3,4,2,342,9,Potential Loyalists
16474.0,8,7,1810.65,909,2011-07-17 14:51:00,2011-12-02 13:02:00,138,258.6642857142857,5,4,4,544,13,Champions
16475.0,89,4,544.3,319,2011-03-11 09:39:00,2011-09-12 14:37:00,185,136.075,3,4,2,342,9,Potential Loyalists
16476.0,432,1,350.35,187,2010-10-04 10:29:00,2010-10-04 10:29:00,0,350.35,1,1,2,112,4,Hibernating
16477.0,64,11,4320.02,2632,2010-08-12 09:43:00,2011-10-07 09:44:00,421,392.7290909090909,3,5,5,355,13,Potential Loyalists
16478.0,26,3,331.0,224,2011-10-05 12:02:00,2011-11-14 15:51:00,40,110.33333333333333,4,3,2,432,9,Loyal Customers
16479.0,11,2,300.83,102,2011-11-29 13:04:00,2011-11-29 13:40:00,0,150.415,5,2,2,522,9,New / Promising
16480.0,76,1,769.29,455,2011-09-25 11:40:00,2011-09-25 11:40:00,0,769.29,3,1,3,313,7,Needs Attention
16481.0,683,1,453.38,201,2010-01-26 13:09:00,2010-01-26 13:09:00,0,453.38,1,1,2,112,4,Hibernating
16482.0,16,1,220.62,346,2011-11-24 12:33:00,2011-11-24 12:33:00,0,220.62,5,1,1,511,7,New / Promising
16483.0,193,1,139.35,44,2011-05-31 13:08:00,2011-05-31 13:08:00,0,139.35,2,1,1,211,4,Hibernating
16484.0,174,2,404.3,200,2011-06-02 10:39:00,2011-06-19 12:06:00,17,202.15,3,2,2,322,7,Needs Attention
16485.0,78,5,2287.19,1153,2009-12-06 12:28:00,2011-09-23 15:50:00,656,457.438,3,4,4,344,11,Potential Loyalists
16486.0,538,1,134.36,24,2010-06-20 12:16:00,2010-06-20 12:16:00,0,134.36,1,1,1,111,3,Hibernating
16487.0,578,2,209.4,163,2010-02-18 17:36:00,2010-05-11 13:38:00,82,104.7,1,2,1,121,4,Hibernating
16488.0,34,3,498.8,728,2011-07-14 11:46:00,2011-11-06 13:42:00,115,166.26666666666668,4,3,2,432,9,Loyal Customers
16489.0,381,2,303.7,38,2010-09-29 15:02:00,2010-11-24 14:40:00,56,151.85,2,2,2,222,6,Hibernating
16490.0,437,1,205.41000000000003,113,2010-09-29 16:30:00,2010-09-29 16:30:00,0,205.41000000000003,1,1,1,111,3,Hibernating
16491.0,47,2,1533.16,1060,2010-10-22 15:42:00,2011-10-24 10:18:00,367,766.58,4,2,4,424,10,New / Promising
16492.0,541,1,385.56,235,2010-06-17 08:20:00,2010-06-17 08:20:00,0,385.56,1,1,2,112,4,Hibernating
16493.0,80,7,2132.09,1988,2010-03-26 13:05:00,2011-09-21 11:10:00,544,304.5842857142857,3,4,4,344,11,Potential Loyalists
16494.0,297,1,826.53,675,2011-02-16 12:49:00,2011-02-16 12:49:00,0,826.53,2,1,3,213,6,Hibernating
16495.0,4,3,648.26,328,2011-03-08 16:38:00,2011-12-06 13:20:00,273,216.08666666666667,5,3,3,533,11,Loyal Customers
16496.0,9,6,2330.77,1764,2010-07-18 13:42:00,2011-12-01 10:31:00,501,388.46166666666664,5,4,4,544,13,Champions
16497.0,50,23,6695.28,3050,2009-12-03 14:11:00,2011-10-21 10:55:00,687,291.0991304347826,4,5,5,455,14,Champions
16498.0,162,2,100.97,45,2011-06-30 19:52:00,2011-07-01 15:07:00,1,50.485,3,2,1,321,6,Needs Attention
16499.0,361,8,2578.34,1364,2010-06-11 12:22:00,2010-12-14 13:31:00,186,322.2925,2,5,4,254,11,At Risk High Value
16500.0,5,9,843.9100000000001,386,2010-06-14 14:54:00,2011-12-05 12:04:00,539,93.76777777777778,5,5,3,553,13,Loyal Customers
16501.0,384,1,1191.23,628,2010-11-21 14:10:00,2010-11-21 14:10:00,0,1191.23,2,1,3,213,6,Hibernating
16502.0,621,2,258.55,220,2010-03-29 13:39:00,2010-03-29 13:44:00,0,129.275,1,2,1,121,4,Hibernating
16503.0,107,11,3614.34,1535,2010-06-21 14:07:00,2011-08-25 11:46:00,430,328.5763636363636,3,5,5,355,13,Potential Loyalists
16504.0,26,1,465.88,510,2011-11-14 15:18:00,2011-11-14 15:18:00,0,465.88,4,1,2,412,7,New / Promising
16505.0,32,1,777.6,576,2011-11-08 12:14:00,2011-11-08 12:14:00,0,777.6,4,1,3,413,8,New / Promising
16506.0,20,2,90.30000000000001,42,2011-10-30 15:50:00,2011-11-20 12:17:00,21,45.150000000000006,5,2,1,521,8,New / Promising
16507.0,573,1,142.71,111,2010-05-16 12:56:00,2010-05-16 12:56:00,0,142.71,1,1,1,111,3,Hibernating
16508.0,631,1,240.95,103,2010-03-19 13:41:00,2010-03-19 13:41:00,0,240.95,1,1,1,111,3,Hibernating
16509.0,297,1,363.70000000000005,64,2011-02-16 09:25:00,2011-02-16 09:25:00,0,363.70000000000005,2,1,2,212,5,Hibernating
16510.0,373,6,2025.6,1022,2010-01-17 12:30:00,2010-12-02 13:39:00,319,337.59999999999997,2,4,4,244,10,At Risk High Value
16511.0,22,6,1760.49,769,2010-03-01 12:21:00,2011-11-18 10:41:00,627,293.415,4,4,4,444,12,Champions
16513.0,5,4,874.59,407,2011-10-27 14:56:00,2011-12-05 10:18:00,39,218.6475,5,4,3,543,12,Loyal Customers
16515.0,53,10,3179.06,1573,2010-06-17 12:17:00,2011-10-18 13:10:00,488,317.906,4,5,5,455,14,Champions
16516.0,31,1,101.69999999999999,58,2011-11-09 14:59:00,2011-11-09 14:59:00,0,101.69999999999999,4,1,1,411,6,New / Promising
16517.0,278,1,162.70000000000002,96,2011-03-07 13:50:00,2011-03-07 13:50:00,0,162.70000000000002,2,1,1,211,4,Hibernating
16518.0,62,4,959.37,524,2010-06-01 13:31:00,2011-10-09 15:04:00,495,239.8425,3,4,3,343,10,Potential Loyalists
16519.0,26,4,542.76,174,2010-03-01 13:51:00,2011-11-14 15:41:00,623,135.69,4,4,2,442,10,Loyal Customers
16520.0,187,6,2474.14,1262,2010-03-02 16:50:00,2011-06-06 13:24:00,461,412.3566666666666,3,4,4,344,11,Potential Loyalists
16521.0,416,3,1140.11,1014,2010-03-01 13:22:00,2010-10-20 13:09:00,233,380.03666666666663,1,3,3,133,7,At Risk
16522.0,436,2,433.36,212,2010-09-15 13:32:00,2010-09-30 10:54:00,15,216.68,1,2,2,122,5,Hibernating
16523.0,2,28,11916.33,4979,2010-01-24 13:14:00,2011-12-08 09:06:00,683,425.5832142857143,5,5,5,555,15,Champions
16524.0,447,2,306.19,259,2010-01-17 13:16:00,2010-09-19 13:37:00,245,153.095,1,2,2,122,5,Hibernating
16525.0,3,48,24562.74,14628,2009-12-02 13:53:00,2011-12-07 15:07:00,735,511.72375000000005,5,5,5,555,15,Champions
16526.0,172,2,717.21,279,2010-05-04 16:34:00,2011-06-21 12:02:00,413,358.605,3,2,3,323,8,Needs Attention
16527.0,82,2,1232.94,708,2010-10-11 13:25:00,2011-09-19 16:21:00,343,616.47,3,2,3,323,8,Needs Attention
16528.0,4,1,244.41,171,2011-12-06 12:45:00,2011-12-06 12:45:00,0,244.41,5,1,1,511,7,New / Promising
16529.0,191,4,1986.8,739,2010-06-27 13:29:00,2011-06-02 17:23:00,340,496.7,2,4,4,244,10,At Risk High Value
16530.0,669,1,48.35,17,2010-02-09 15:30:00,2010-02-09 15:30:00,0,48.35,1,1,1,111,3,Hibernating
16531.0,23,11,2298.33,1863,2010-09-24 09:49:00,2011-11-17 16:29:00,419,208.9390909090909,4,5,4,454,13,Champions
16532.0,18,5,8756.64,2544,2010-03-29 10:26:00,2011-11-22 11:08:00,603,1751.328,5,4,5,545,14,Champions
16533.0,20,3,1082.81,611,2011-10-02 15:07:00,2011-11-20 13:08:00,49,360.93666666666667,5,3,3,533,11,Loyal Customers
16534.0,643,1,635.9,168,2010-03-07 15:47:00,2010-03-07 15:47:00,0,635.9,1,1,3,113,5,Hibernating
16535.0,6,3,972.04,664,2010-01-28 15:26:00,2011-12-04 15:18:00,675,324.0133333333333,5,3,3,533,11,Loyal Customers
16536.0,111,1,548.12,250,2011-08-21 15:54:00,2011-08-21 15:54:00,0,548.12,3,1,2,312,6,Needs Attention
16537.0,642,1,23.35,59,2010-03-08 13:41:00,2010-03-08 13:41:00,0,23.35,1,1,1,111,3,Hibernating
16538.0,542,3,395.07,254,2010-04-23 16:25:00,2010-06-16 16:59:00,54,131.69,1,3,2,132,6,At Risk
16539.0,3,10,3732.01,1315,2010-06-25 15:24:00,2011-12-07 08:41:00,530,373.201,5,5,5,555,15,Champions
16540.0,415,1,205.75,105,2010-10-21 17:22:00,2010-10-21 17:22:00,0,205.75,1,1,1,111,3,Hibernating
16541.0,736,1,424.03,173,2009-12-04 13:22:00,2009-12-04 13:22:00,0,424.03,1,1,2,112,4,Hibernating
16542.0,54,2,257.32,142,2010-11-03 14:44:00,2011-10-17 10:47:00,348,128.66,4,2,1,421,7,New / Promising
16543.0,592,1,292.21,317,2010-04-27 11:38:00,2010-04-27 11:38:00,0,292.21,1,1,2,112,4,Hibernating
16544.0,520,4,376.70000000000005,150,2010-02-15 13:20:00,2010-07-08 11:11:00,143,94.17500000000001,1,4,2,142,7,At Risk
16545.0,165,2,689.8199999999999,322,2010-11-29 10:39:00,2011-06-28 10:37:00,211,344.90999999999997,3,2,3,323,8,Needs Attention
16546.0,291,5,5606.47,4367,2010-09-23 15:43:00,2011-02-22 11:20:00,152,1121.294,2,4,5,245,11,At Risk High Value
16547.0,547,1,104.25999999999999,108,2010-06-11 13:02:00,2010-06-11 13:02:00,0,104.25999999999999,1,1,1,111,3,Hibernating
16548.0,600,1,30.15,6,2010-04-19 16:15:00,2010-04-19 16:15:00,0,30.15,1,1,1,111,3,Hibernating
16549.0,11,34,12781.8,7087,2010-03-28 15:45:00,2011-11-29 15:06:00,611,375.93529411764706,5,5,5,555,15,Champions
16550.0,109,18,9368.24,5662,2009-12-02 11:24:00,2011-08-23 11:12:00,629,520.4577777777778,3,5,5,355,13,Potential Loyalists
16551.0,96,7,2237.12,2076,2009-12-13 16:12:00,2011-09-05 09:38:00,631,319.5885714285714,3,4,4,344,11,Potential Loyalists
16552.0,243,2,475.02,258,2010-12-01 12:36:00,2011-04-11 10:04:00,131,237.51,2,2,2,222,6,Hibernating
16553.0,164,33,16584.01,16427,2010-02-11 18:46:00,2011-06-29 15:42:00,503,502.54575757575753,3,5,5,355,13,Potential Loyalists
16554.0,43,8,2841.7200000000003,1346,2009-12-15 09:42:00,2011-10-28 14:51:00,682,355.21500000000003,4,5,4,454,13,Champions
16555.0,36,6,1915.68,1816,2010-07-22 13:39:00,2011-11-04 14:31:00,470,319.28000000000003,4,4,4,444,12,Champions
16556.0,67,17,8012.58,4353,2009-12-07 10:51:00,2011-10-04 11:36:00,666,471.32823529411763,3,5,5,355,13,Potential Loyalists
16557.0,25,2,281.85,111,2011-07-25 13:28:00,2011-11-15 14:04:00,113,140.925,4,2,1,421,7,New / Promising
16558.0,1,38,13873.51,8088,2009-12-03 18:11:00,2011-12-09 10:20:00,736,365.09236842105264,5,5,5,555,15,Champions
16559.0,398,1,175.0,61,2010-11-07 13:52:00,2010-11-07 13:52:00,0,175.0,2,1,1,211,4,Hibernating
16560.0,27,8,3048.38,1603,2009-12-08 12:05:00,2011-11-13 10:35:00,705,381.0475,4,5,5,455,14,Champions
16561.0,6,2,511.12,244,2011-10-11 09:53:00,2011-12-04 11:50:00,54,255.56,5,2,2,522,9,New / Promising
16562.0,477,1,223.86,264,2010-08-20 11:45:00,2010-08-20 11:45:00,0,223.86,1,1,1,111,3,Hibernating
16563.0,54,6,4412.56,2584,2009-12-01 18:35:00,2011-10-17 11:51:00,685,735.4266666666667,4,4,5,445,13,Champions
16564.0,570,1,87.80000000000001,40,2010-05-19 14:41:00,2010-05-19 14:41:00,0,87.80000000000001,1,1,1,111,3,Hibernating
16565.0,365,4,773.05,211,2010-06-02 12:47:00,2010-12-10 15:21:00,191,193.2625,2,4,3,243,9,At Risk
16566.0,16,5,614.66,362,2011-02-20 10:29:00,2011-11-24 16:34:00,277,122.93199999999999,5,4,2,542,11,Loyal Customers
16567.0,195,2,865.6,996,2011-01-07 09:31:00,2011-05-29 13:57:00,142,432.8,2,2,3,223,7,Hibernating
16568.0,428,2,1020.9,366,2010-03-08 14:51:00,2010-10-08 10:54:00,214,510.45,1,2,3,123,6,Hibernating
16569.0,4,5,1455.23,988,2009-12-16 15:05:00,2011-12-06 15:32:00,720,291.046,5,4,4,544,13,Champions
16570.0,16,20,7434.31,4292,2010-03-30 09:32:00,2011-11-24 17:02:00,604,371.7155,5,5,5,555,15,Champions
16571.0,27,10,4248.74,3703,2010-03-18 09:12:00,2011-11-13 11:46:00,605,424.87399999999997,4,5,5,455,14,Champions
16572.0,128,3,1009.6,532,2011-03-09 12:04:00,2011-08-04 16:34:00,148,336.53333333333336,3,3,3,333,9,Potential Loyalists
16573.0,85,2,663.61,360,2011-02-22 15:14:00,2011-09-16 09:13:00,206,331.805,3,2,3,323,8,Needs Attention
16574.0,72,3,1301.78,1002,2010-02-19 11:46:00,2011-09-29 13:39:00,587,433.9266666666667,3,3,4,334,10,Potential Loyalists
16576.0,421,2,540.87,323,2010-07-06 10:42:00,2010-10-15 13:37:00,101,270.435,1,2,2,122,5,Hibernating
16577.0,667,1,380.0,142,2010-02-11 09:45:00,2010-02-11 09:45:00,0,380.0,1,1,2,112,4,Hibernating
16578.0,627,1,156.6,108,2010-03-23 15:11:00,2010-03-23 15:11:00,0,156.6,1,1,1,111,3,Hibernating
16579.0,426,1,295.05,119,2010-10-10 11:58:00,2010-10-10 11:58:00,0,295.05,1,1,2,112,4,Hibernating
16581.0,183,1,105.84,134,2011-06-10 10:05:00,2011-06-10 10:05:00,0,105.84,3,1,1,311,5,Needs Attention
16582.0,114,1,313.62,164,2011-08-18 17:02:00,2011-08-18 17:02:00,0,313.62,3,1,2,312,6,Needs Attention
16583.0,374,2,531.4,264,2010-02-04 12:18:00,2010-12-01 12:03:00,300,265.7,2,2,2,222,6,Hibernating
16584.0,81,5,3156.17,1913,2010-02-16 10:41:00,2011-09-20 13:45:00,581,631.234,3,4,5,345,12,Potential Loyalists
16585.0,594,2,341.59000000000003,151,2010-01-13 13:31:00,2010-04-25 10:34:00,102,170.79500000000002,1,2,2,122,5,Hibernating
16586.0,249,3,1462.78,348,2010-03-14 11:24:00,2011-04-05 09:32:00,387,487.5933333333333,2,3,4,234,9,At Risk
16587.0,233,1,225.15,71,2011-04-21 15:51:00,2011-04-21 15:51:00,0,225.15,2,1,1,211,4,Hibernating
16588.0,387,4,1361.28,882,2010-05-14 13:43:00,2010-11-18 17:56:00,188,340.32,2,4,4,244,10,At Risk High Value
16589.0,72,4,612.36,536,2010-09-15 14:56:00,2011-09-29 14:50:00,379,153.09,3,4,2,342,9,Potential Loyalists
16590.0,401,2,605.9,240,2010-10-21 12:09:00,2010-11-04 09:06:00,14,302.95,2,2,2,222,6,Hibernating
16591.0,69,1,213.5,41,2011-10-02 10:43:00,2011-10-02 10:43:00,0,213.5,3,1,1,311,5,Needs Attention
16592.0,5,28,7807.91,5504,2009-12-18 15:57:00,2011-12-05 13:49:00,717,278.8539285714286,5,5,5,555,15,Champions
16593.0,51,8,1071.14,377,2009-12-05 10:44:00,2011-10-20 12:41:00,684,133.8925,4,5,3,453,12,Loyal Customers
16594.0,76,1,181.09,64,2011-09-25 14:08:00,2011-09-25 14:08:00,0,181.09,3,1,1,311,5,Needs Attention
16595.0,62,5,1757.75,1331,2010-01-17 12:12:00,2011-10-09 13:15:00,630,351.55,3,4,4,344,11,Potential Loyalists
16596.0,16,4,579.63,227,2009-12-10 13:09:00,2011-11-24 10:02:00,714,144.9075,5,4,2,542,11,Loyal Customers
16597.0,5,1,90.04,184,2011-12-05 15:44:00,2011-12-05 15:44:00,0,90.04,5,1,1,511,7,New / Promising
16598.0,286,1,145.05,73,2011-02-27 11:42:00,2011-02-27 11:42:00,0,145.05,2,1,1,211,4,Hibernating
16599.0,386,1,172.8,159,2010-11-19 12:45:00,2010-11-19 12:45:00,0,172.8,2,1,1,211,4,Hibernating
16600.0,5,13,2153.41,2420,2009-12-18 12:59:00,2011-12-05 16:00:00,717,165.64692307692306,5,5,4,554,14,Champions
16601.0,41,3,677.0,391,2010-03-26 13:39:00,2011-10-30 11:09:00,583,225.66666666666666,4,3,3,433,10,Loyal Customers
16602.0,37,2,763.33,429,2010-11-16 09:13:00,2011-11-03 15:54:00,352,381.665,4,2,3,423,9,New / Promising
16603.0,75,2,482.47,480,2011-09-09 13:02:00,2011-09-26 10:06:00,17,241.235,3,2,2,322,7,Needs Attention
16604.0,563,2,432.45000000000005,175,2010-05-20 16:34:00,2010-05-26 09:10:00,6,216.22500000000002,1,2,2,122,5,Hibernating
16605.0,725,1,60.48,144,2009-12-15 19:03:00,2009-12-15 19:03:00,0,60.48,1,1,1,111,3,Hibernating
16606.0,405,2,357.66,148,2010-10-01 13:21:00,2010-10-31 13:57:00,30,178.83,2,2,2,222,6,Hibernating
16607.0,18,25,5706.87,4436,2010-04-29 14:01:00,2011-11-22 10:24:00,572,228.2748,5,5,5,555,15,Champions
16608.0,454,2,1286.6200000000001,612,2010-02-14 11:57:00,2010-09-12 11:44:00,210,643.3100000000001,1,2,4,124,7,Hibernating
16609.0,16,7,5493.46,2420,2011-04-01 10:11:00,2011-11-24 13:32:00,237,784.78,5,4,5,545,14,Champions
16610.0,220,1,75.66,66,2011-05-04 13:13:00,2011-05-04 13:13:00,0,75.66,2,1,1,211,4,Hibernating
16611.0,187,6,1785.13,874,2010-03-10 16:07:00,2011-06-06 15:46:00,453,297.5216666666667,3,4,4,344,11,Potential Loyalists
16612.0,33,9,3245.4300000000003,1419,2009-12-03 15:54:00,2011-11-07 07:38:00,704,360.60333333333335,4,5,5,455,14,Champions
16613.0,71,1,618.59,293,2011-09-30 15:52:00,2011-09-30 15:52:00,0,618.59,3,1,3,313,7,Needs Attention
16614.0,183,3,1179.79,349,2010-05-10 15:18:00,2011-06-10 11:36:00,396,393.2633333333333,3,3,3,333,9,Potential Loyalists
16615.0,627,1,291.5,211,2010-03-23 15:13:00,2010-03-23 15:13:00,0,291.5,1,1,2,112,4,Hibernating
16616.0,16,2,500.42,370,2011-07-05 13:38:00,2011-11-24 16:31:00,142,250.21,5,2,2,522,9,New / Promising
16617.0,236,1,151.85,91,2011-04-18 10:35:00,2011-04-18 10:35:00,0,151.85,2,1,1,211,4,Hibernating
16618.0,32,5,2647.59,1363,2011-01-21 11:55:00,2011-11-08 13:52:00,291,529.518,4,4,4,444,12,Champions
16619.0,264,4,1938.3300000000002,1055,2010-02-22 12:05:00,2011-03-21 08:18:00,392,484.58250000000004,2,4,4,244,10,At Risk High Value
16620.0,4,6,1758.93,1146,2009-12-01 14:35:00,2011-12-06 12:19:00,735,293.15500000000003,5,4,4,544,13,Champions
16621.0,52,4,813.48,302,2011-03-07 11:32:00,2011-10-19 11:38:00,226,203.37,4,4,3,443,11,Loyal Customers
16622.0,544,1,225.4,44,2010-06-14 10:44:00,2010-06-14 10:44:00,0,225.4,1,1,1,111,3,Hibernating
16623.0,246,4,1015.24,442,2010-04-26 14:04:00,2011-04-08 10:09:00,347,253.81,2,4,3,243,9,At Risk
16624.0,81,2,810.57,488,2011-05-26 14:20:00,2011-09-20 12:39:00,117,405.285,3,2,3,323,8,Needs Attention
16625.0,275,5,1654.03,1057,2010-06-14 11:56:00,2011-03-10 12:50:00,269,330.806,2,4,4,244,10,At Risk High Value
16626.0,1,17,4413.1,2690,2011-03-18 12:27:00,2011-12-09 11:56:00,266,259.59411764705885,5,5,5,555,15,Champions
16627.0,80,1,322.8,162,2011-09-21 14:38:00,2011-09-21 14:38:00,0,322.8,3,1,2,312,6,Needs Attention
16628.0,30,7,2318.1,1260,2010-03-08 12:24:00,2011-11-10 12:45:00,612,331.15714285714284,4,4,4,444,12,Champions
16629.0,74,2,408.63,489,2011-09-04 16:12:00,2011-09-27 10:34:00,23,204.315,3,2,2,322,7,Needs Attention
16630.0,408,1,106.80000000000001,72,2010-10-28 14:30:00,2010-10-28 14:30:00,0,106.80000000000001,2,1,1,211,4,Hibernating
16631.0,482,7,1892.52,775,2010-02-26 10:49:00,2010-08-15 11:20:00,170,270.36,1,4,4,144,9,At Risk High Value
16632.0,486,2,406.4,256,2010-05-07 16:46:00,2010-08-11 11:39:00,96,203.2,1,2,2,122,5,Hibernating
16633.0,18,6,2883.1,1138,2011-04-19 14:36:00,2011-11-22 13:41:00,217,480.51666666666665,5,4,4,544,13,Champions
16634.0,223,6,1814.6100000000001,1321,2010-01-21 09:30:00,2011-05-01 12:09:00,465,302.435,2,4,4,244,10,At Risk High Value
16635.0,407,1,473.0,277,2010-10-29 09:41:00,2010-10-29 09:41:00,0,473.0,2,1,2,212,5,Hibernating
16636.0,439,4,3802.04,2186,2010-03-03 14:06:00,2010-09-27 13:13:00,208,950.51,1,4,5,145,10,At Risk High Value
16637.0,33,4,1154.47,927,2011-04-28 10:20:00,2011-11-07 13:17:00,193,288.6175,4,4,3,443,11,Loyal Customers
16638.0,23,15,2430.53,1651,2010-08-18 13:33:00,2011-11-17 11:09:00,456,162.03533333333334,4,5,4,454,13,Champions
16639.0,32,4,1747.98,751,2010-10-26 18:23:00,2011-11-08 13:20:00,378,436.995,4,4,4,444,12,Champions
16640.0,398,1,179.4,146,2010-11-07 10:48:00,2010-11-07 10:48:00,0,179.4,2,1,1,211,4,Hibernating
16641.0,106,2,554.5,454,2010-01-07 12:22:00,2011-08-26 12:49:00,596,277.25,3,2,2,322,7,Needs Attention
16642.0,5,3,1077.45,775,2010-10-20 14:22:00,2011-12-05 11:31:00,411,359.15000000000003,5,3,3,533,11,Loyal Customers
16643.0,246,2,923.11,553,2010-10-13 09:47:00,2011-04-08 08:24:00,177,461.555,2,2,3,223,7,Hibernating
16644.0,178,2,833.78,826,2011-05-11 12:53:00,2011-06-15 12:39:00,35,416.89,3,2,3,323,8,Needs Attention
16645.0,736,1,160.39,117,2009-12-04 09:49:00,2009-12-04 09:49:00,0,160.39,1,1,1,111,3,Hibernating
16646.0,450,1,678.8,1072,2010-09-16 13:28:00,2010-09-16 13:28:00,0,678.8,1,1,3,113,5,Hibernating
16647.0,170,4,541.9,396,2010-06-13 15:52:00,2011-06-23 11:47:00,375,135.475,3,4,2,342,9,Potential Loyalists
16648.0,43,3,672.8,503,2010-04-28 14:58:00,2011-10-28 08:58:00,548,224.26666666666665,4,3,3,433,10,Loyal Customers
16649.0,521,1,306.58,82,2010-07-07 15:41:00,2010-07-07 15:41:00,0,306.58,1,1,2,112,4,Hibernating
16650.0,72,7,1916.11,1511,2010-07-08 14:18:00,2011-09-29 09:51:00,448,273.72999999999996,3,4,4,344,11,Potential Loyalists
16651.0,587,1,136.2,60,2010-05-02 11:46:00,2010-05-02 11:46:00,0,136.2,1,1,1,111,3,Hibernating
16652.0,59,16,17550.39,7477,2010-03-17 10:22:00,2011-10-12 09:38:00,574,1096.899375,4,5,5,455,14,Champions
16653.0,17,2,1212.66,733,2011-09-29 13:38:00,2011-11-23 14:51:00,55,606.33,5,2,3,523,10,New / Promising
16654.0,142,8,1711.47,703,2010-04-06 13:29:00,2011-07-21 15:23:00,471,213.93375,3,5,4,354,12,Potential Loyalists
16655.0,18,13,6423.26,3938,2010-01-31 15:40:00,2011-11-22 11:25:00,660,494.0969230769231,5,5,5,555,15,Champions
16656.0,23,30,16833.170000000002,15433,2009-12-04 12:59:00,2011-11-17 14:43:00,713,561.1056666666667,4,5,5,455,14,Champions
16657.0,10,4,874.43,1130,2011-03-30 12:02:00,2011-11-30 11:48:00,245,218.6075,5,4,3,543,12,Loyal Customers
16658.0,369,6,814.07,317,2010-03-30 16:24:00,2010-12-06 13:47:00,251,135.67833333333334,2,4,3,243,9,At Risk
16659.0,190,1,39.12,72,2011-06-03 15:03:00,2011-06-03 15:03:00,0,39.12,3,1,1,311,5,Needs Attention
16660.0,17,7,1879.55,991,2010-01-14 11:09:00,2011-11-23 14:53:00,678,268.50714285714287,5,4,4,544,13,Champions
16661.0,541,4,932.76,364,2009-12-17 15:39:00,2010-06-17 15:24:00,182,233.19,1,4,3,143,8,At Risk
16662.0,395,1,151.05,35,2010-11-10 16:56:00,2010-11-10 16:56:00,0,151.05,2,1,1,211,4,Hibernating
16663.0,730,1,165.0,100,2009-12-10 13:12:00,2009-12-10 13:12:00,0,165.0,1,2,1,121,4,Hibernating
16664.0,570,1,109.2,24,2010-05-19 17:11:00,2010-05-19 17:11:00,0,109.2,1,2,1,121,4,Hibernating
16665.0,363,1,135.4,59,2010-12-12 14:03:00,2010-12-12 14:03:00,0,135.4,2,2,1,221,5,Hibernating
16666.0,20,2,217.71,354,2010-03-28 15:13:00,2011-11-20 14:01:00,602,108.855,5,2,1,521,8,New / Promising
16667.0,69,2,567.1800000000001,236,2011-02-28 12:57:00,2011-10-02 15:26:00,216,283.59000000000003,3,2,2,322,7,Needs Attention
16668.0,16,13,862.42,773,2010-03-18 18:25:00,2011-11-24 17:43:00,616,66.34,5,5,3,553,13,Loyal Customers
16669.0,24,3,1348.88,881,2011-09-22 14:13:00,2011-11-16 12:26:00,55,449.6266666666667,4,3,4,434,11,Loyal Customers
16670.0,17,20,8030.150000000001,4534,2009-12-10 15:28:00,2011-11-23 09:34:00,713,401.50750000000005,5,5,5,555,15,Champions
16671.0,29,3,1692.27,875,2011-06-28 11:20:00,2011-11-11 13:40:00,136,564.09,4,3,4,434,11,Loyal Customers
16672.0,3,20,8134.9400000000005,2832,2011-03-18 10:15:00,2011-12-07 16:29:00,264,406.747,5,5,5,555,15,Champions
16673.0,680,1,171.13,95,2010-01-29 14:22:00,2010-01-29 14:22:00,0,171.13,1,2,1,121,4,Hibernating
16674.0,55,2,304.24,181,2011-09-02 13:59:00,2011-10-16 11:31:00,44,152.12,4,2,2,422,8,New / Promising
16675.0,442,2,608.86,296,2010-08-18 13:11:00,2010-09-24 12:15:00,37,304.43,1,2,2,122,5,Hibernating
16676.0,34,6,2361.9,927,2010-10-17 13:07:00,2011-11-06 12:01:00,385,393.65000000000003,4,4,4,444,12,Champions
16677.0,412,2,880.62,457,2010-02-25 16:11:00,2010-10-24 14:53:00,241,440.31,1,2,3,123,6,Hibernating
16678.0,3,12,3109.99,2397,2011-03-02 09:24:00,2011-12-07 12:17:00,280,259.1658333333333,5,5,5,555,15,Champions
16679.0,367,3,793.06,276,2010-06-10 18:35:00,2010-12-08 13:51:00,181,264.3533333333333,2,3,3,233,8,At Risk
16680.0,44,3,821.45,377,2010-06-23 09:30:00,2011-10-27 17:35:00,491,273.81666666666666,4,3,3,433,10,Loyal Customers
16681.0,73,7,1921.8400000000001,1492,2010-03-08 14:10:00,2011-09-28 11:11:00,569,274.54857142857145,3,4,4,344,11,Potential Loyalists
16682.0,5,5,1028.0,1040,2011-06-05 11:02:00,2011-12-05 12:13:00,183,205.6,5,4,3,543,12,Loyal Customers
16683.0,534,1,320.25,190,2010-06-24 10:36:00,2010-06-24 10:36:00,0,320.25,1,2,2,122,5,Hibernating
16684.0,5,55,147142.77,104810,2009-12-07 12:56:00,2011-12-05 14:06:00,728,2675.3230909090908,5,5,5,555,15,Champions
16685.0,62,2,324.24,396,2011-10-09 13:44:00,2011-10-09 13:58:00,0,162.12,3,2,2,322,7,Needs Attention
16686.0,48,16,4881.07,3419,2009-12-06 15:48:00,2011-10-23 13:49:00,686,305.066875,4,5,5,455,14,Champions
16687.0,391,1,157.63,141,2010-11-14 11:46:00,2010-11-14 11:46:00,0,157.63,2,2,1,221,5,Hibernating
16688.0,2,4,1260.8600000000001,804,2011-10-10 12:23:00,2011-12-08 15:24:00,59,315.21500000000003,5,4,4,544,13,Champions
16689.0,76,2,422.6,330,2011-09-18 13:29:00,2011-09-25 11:39:00,7,211.3,3,2,2,322,7,Needs Attention
16690.0,73,4,353.03000000000003,209,2010-09-14 15:00:00,2011-09-28 15:02:00,379,88.25750000000001,3,4,2,342,9,Potential Loyalists
16691.0,419,2,178.83,92,2010-05-27 14:55:00,2010-10-17 15:03:00,143,89.415,1,2,1,121,4,Hibernating
16692.0,257,4,1914.6999999999998,878,2010-09-24 11:31:00,2011-03-28 14:46:00,185,478.67499999999995,2,4,4,244,10,At Risk High Value
16693.0,69,5,1179.48,658,2010-02-21 12:42:00,2011-10-02 11:10:00,588,235.89600000000002,3,4,3,343,10,Potential Loyalists
16694.0,724,1,98.30000000000001,26,2009-12-16 15:45:00,2009-12-16 15:45:00,0,98.30000000000001,1,2,1,121,4,Hibernating
16695.0,562,2,191.9,184,2010-05-27 12:24:00,2010-05-27 12:36:00,0,95.95,1,2,1,121,4,Hibernating
16696.0,136,4,657.9,146,2011-04-05 15:20:00,2011-07-27 14:23:00,113,164.475,3,4,3,343,10,Potential Loyalists
16697.0,242,1,112.75,27,2011-04-12 17:12:00,2011-04-12 17:12:00,0,112.75,2,2,1,221,5,Hibernating
16698.0,227,2,1998.0,840,2011-03-31 13:33:00,2011-04-27 10:52:00,27,999.0,2,2,4,224,8,Hibernating
16699.0,381,7,994.6,640,2009-12-04 13:31:00,2010-11-24 14:38:00,355,142.0857142857143,2,4,3,243,9,At Risk
16700.0,9,25,9167.710000000001,6882,2009-12-02 10:51:00,2011-12-01 11:00:00,729,366.70840000000004,5,5,5,555,15,Champions
16701.0,9,26,9916.73,11046,2009-12-01 19:19:00,2011-12-01 11:10:00,730,381.4126923076923,5,5,5,555,15,Champions
16702.0,416,4,1110.83,692,2009-12-07 16:40:00,2010-10-20 14:10:00,317,277.7075,1,4,3,143,8,At Risk
16704.0,619,2,664.16,433,2010-02-05 14:14:00,2010-03-31 14:02:00,54,332.08,1,2,3,123,6,Hibernating
16705.0,1,42,43515.051,22302,2009-12-09 13:34:00,2011-12-09 12:08:00,730,1036.072642857143,5,5,5,555,15,Champions
16706.0,38,3,531.35,249,2011-08-17 15:53:00,2011-11-02 13:50:00,77,177.11666666666667,4,3,2,432,9,Loyal Customers
16707.0,401,4,533.41,396,2010-03-09 15:16:00,2010-11-04 14:39:00,240,133.3525,2,4,2,242,8,At Risk
16708.0,46,1,656.63,285,2011-10-25 12:20:00,2011-10-25 12:20:00,0,656.63,4,2,3,423,9,New / Promising
16709.0,85,14,9056.01,3261,2009-12-09 13:16:00,2011-09-16 10:56:00,646,646.8578571428571,3,5,5,355,13,Potential Loyalists
16710.0,20,22,6291.77,4366,2009-12-04 13:41:00,2011-11-20 14:50:00,716,285.98954545454546,5,5,5,555,15,Champions
16711.0,4,9,2868.48,1212,2009-12-02 13:22:00,2011-12-06 16:32:00,734,318.72,5,5,4,554,14,Champions
16712.0,10,13,4232.87,2074,2010-11-03 15:45:00,2011-11-30 13:48:00,392,325.6053846153846,5,5,5,555,15,Champions
16713.0,19,32,14529.99,8671,2009-12-15 12:49:00,2011-11-21 12:36:00,706,454.0621875,5,5,5,555,15,Champions
16714.0,219,4,1497.33,828,2010-02-07 11:17:00,2011-05-05 11:09:00,452,374.3325,2,4,4,244,10,At Risk High Value
16715.0,79,2,625.52,1174,2010-05-26 12:35:00,2011-09-22 18:15:00,484,312.76,3,2,3,323,8,Needs Attention
16716.0,267,3,2149.6800000000003,912,2010-03-19 11:05:00,2011-03-18 10:03:00,364,716.5600000000001,2,3,4,234,9,At Risk
16717.0,24,14,6970.93,3220,2009-12-07 15:55:00,2011-11-16 12:16:00,709,497.92357142857145,4,5,5,455,14,Champions
16718.0,370,5,3612.13,2331,2009-12-06 13:07:00,2010-12-05 13:03:00,364,722.426,2,4,5,245,11,At Risk High Value
16719.0,15,14,3944.35,2502,2009-12-13 10:59:00,2011-11-25 09:27:00,712,281.7392857142857,5,5,5,555,15,Champions
16720.0,27,3,758.74,460,2009-12-17 17:54:00,2011-11-13 16:22:00,696,252.91333333333333,4,3,3,433,10,Loyal Customers
16721.0,263,1,292.47,172,2011-03-22 16:08:00,2011-03-22 16:08:00,0,292.47,2,2,2,222,6,Hibernating
16722.0,18,22,8989.08,8580,2009-12-03 19:23:00,2011-11-22 13:28:00,719,408.5945454545454,5,5,5,555,15,Champions
16723.0,92,4,1231.3600000000001,958,2009-12-04 13:23:00,2011-09-09 13:01:00,644,307.84000000000003,3,4,3,343,10,Potential Loyalists
16724.0,405,1,147.35,69,2010-10-31 11:40:00,2010-10-31 11:40:00,0,147.35,2,2,1,221,5,Hibernating
16725.0,303,14,1810.41,764,2009-12-13 15:54:00,2011-02-10 16:52:00,424,129.315,2,5,4,254,11,At Risk High Value
16726.0,27,7,2063.88,1323,2010-10-24 16:09:00,2011-11-13 14:53:00,385,294.84000000000003,4,4,4,444,12,Champions
16727.0,365,4,1377.77,1066,2010-01-20 10:48:00,2010-12-10 13:48:00,324,344.4425,2,4,4,244,10,At Risk High Value
16728.0,47,4,1048.28,671,2011-03-20 13:28:00,2011-10-24 14:36:00,218,262.07,4,4,3,443,11,Loyal Customers
16729.0,39,21,7205.33,5722,2011-04-12 14:22:00,2011-11-01 14:29:00,203,343.11095238095237,4,5,5,455,14,Champions
16730.0,53,3,743.11,994,2011-01-24 14:01:00,2011-10-18 14:11:00,267,247.70333333333335,4,3,3,433,10,Loyal Customers
16731.0,649,1,170.3,124,2010-03-01 15:05:00,2010-03-01 15:05:00,0,170.3,1,2,1,121,4,Hibernating
16732.0,32,4,4387.64,2414,2009-12-08 13:04:00,2011-11-08 09:54:00,700,1096.91,4,4,5,445,13,Champions
16733.0,530,1,259.68,112,2010-06-28 10:12:00,2010-06-28 10:12:00,0,259.68,1,2,1,121,4,Hibernating
16734.0,53,3,646.76,345,2011-08-17 15:00:00,2011-10-18 13:44:00,62,215.58666666666667,4,3,3,433,10,Loyal Customers
16735.0,79,14,6217.41,4240,2009-12-08 09:24:00,2011-09-22 11:49:00,653,444.1007142857143,3,5,5,355,13,Potential Loyalists
16736.0,506,5,2956.56,1050,2009-12-03 16:12:00,2010-07-22 10:09:00,231,591.312,1,4,5,145,10,At Risk High Value
16737.0,54,2,835.2,576,2010-05-11 09:53:00,2011-10-17 13:03:00,524,417.6,4,2,3,423,9,New / Promising
16738.0,298,1,3.75,3,2011-02-15 09:46:00,2011-02-15 09:46:00,0,3.75,2,2,1,221,5,Hibernating
16739.0,177,2,786.4300000000001,391,2010-06-21 09:38:00,2011-06-16 09:17:00,360,393.21500000000003,3,2,3,323,8,Needs Attention
16740.0,396,1,226.91,110,2010-11-09 13:34:00,2010-11-09 13:34:00,0,226.91,2,2,1,221,5,Hibernating
16741.0,626,1,173.06,81,2010-03-24 15:15:00,2010-03-24 15:15:00,0,173.06,1,2,1,121,4,Hibernating
16742.0,47,14,2799.87,2558,2009-12-16 17:22:00,2011-10-24 12:02:00,677,199.9907142857143,4,5,4,454,13,Champions
16743.0,30,14,4212.15,3707,2010-04-22 13:21:00,2011-11-10 13:13:00,567,300.86785714285713,4,5,5,455,14,Champions
16744.0,12,7,1291.91,798,2011-06-19 15:13:00,2011-11-28 13:06:00,162,184.55857142857144,5,4,4,544,13,Champions
16745.0,87,17,7180.7,6719,2011-02-01 11:31:00,2011-09-14 11:58:00,225,422.3941176470588,3,5,5,355,13,Potential Loyalists
16746.0,5,42,18046.75,11900,2009-12-04 13:00:00,2011-12-05 12:33:00,731,429.6845238095238,5,5,5,555,15,Champions
16747.0,38,2,836.0600000000001,583,2011-10-03 10:18:00,2011-11-02 11:37:00,30,418.03000000000003,4,2,3,423,9,New / Promising
16748.0,18,14,3637.33,2127,2009-12-10 12:28:00,2011-11-22 10:17:00,712,259.8092857142857,5,5,5,555,15,Champions
16749.0,592,2,4157.88,1910,2009-12-15 14:05:00,2010-04-27 13:06:00,133,2078.94,1,2,5,125,8,Hibernating
16750.0,45,5,623.93,214,2011-04-21 16:53:00,2011-10-26 12:48:00,188,124.78599999999999,4,4,3,443,11,Loyal Customers
16751.0,31,1,1764.72,1031,2011-11-09 10:48:00,2011-11-09 10:48:00,0,1764.72,4,2,4,424,10,New / Promising
16752.0,373,1,415.0,108,2010-12-02 12:18:00,2010-12-02 12:18:00,0,415.0,2,2,2,222,6,Hibernating
16753.0,59,1,223.92000000000002,189,2011-10-12 13:14:00,2011-10-12 13:14:00,0,223.92000000000002,4,2,1,421,7,New / Promising
16754.0,373,29,67502.47,67831,2010-03-08 11:32:00,2010-12-02 17:38:00,269,2327.671379310345,2,5,5,255,12,At Risk High Value
16755.0,115,7,2864.68,1985,2009-12-09 14:25:00,2011-08-17 13:21:00,616,409.23999999999995,3,4,4,344,11,Potential Loyalists
16756.0,215,7,1312.3700000000001,707,2010-03-09 15:56:00,2011-05-09 09:33:00,426,187.48142857142858,2,4,4,244,10,At Risk High Value
16757.0,319,2,270.48,180,2010-10-26 15:09:00,2011-01-25 11:59:00,91,135.24,2,2,1,221,5,Hibernating
16758.0,66,1,369.34000000000003,203,2011-10-05 14:47:00,2011-10-05 14:47:00,0,369.34000000000003,3,2,2,322,7,Needs Attention
16759.0,8,3,789.79,609,2011-11-09 09:06:00,2011-12-02 12:42:00,23,263.2633333333333,5,3,3,533,11,Loyal Customers
16760.0,431,1,228.0,168,2010-10-05 15:55:00,2010-10-05 15:55:00,0,228.0,1,2,1,121,4,Hibernating
16761.0,97,1,316.62,341,2011-09-04 11:15:00,2011-09-04 11:15:00,0,316.62,3,2,2,322,7,Needs Attention
16762.0,20,3,1207.24,480,2011-07-18 12:52:00,2011-11-20 11:43:00,125,402.41333333333336,5,3,3,533,11,Loyal Customers
16763.0,199,2,964.6999999999999,492,2009-12-01 15:26:00,2011-05-25 11:52:00,540,482.34999999999997,2,2,3,223,7,Hibernating
16764.0,4,13,2790.9500000000003,1253,2011-07-19 17:17:00,2011-12-06 11:41:00,140,214.68846153846155,5,5,4,554,14,Champions
16765.0,295,2,454.75,311,2010-11-22 13:42:00,2011-02-18 15:41:00,88,227.375,2,2,2,222,6,Hibernating
16766.0,274,2,1145.6,536,2011-03-11 13:34:00,2011-03-11 15:22:00,0,572.8,2,2,3,223,7,Hibernating
16767.0,31,15,8056.76,7102,2010-04-28 16:49:00,2011-11-09 09:42:00,560,537.1173333333334,4,5,5,455,14,Champions
16768.0,48,9,1698.57,774,2009-12-07 11:47:00,2011-10-23 10:38:00,685,188.73,4,5,4,454,13,Champions
16769.0,261,4,1117.05,295,2009-12-14 11:10:00,2011-03-24 13:41:00,465,279.2625,2,4,3,243,9,At Risk
16770.0,58,9,1909.73,1108,2010-08-22 16:08:00,2011-10-13 12:21:00,417,212.19222222222223,4,5,4,454,13,Champions
16771.0,34,10,3949.6,2308,2009-12-09 11:52:00,2011-11-06 13:28:00,697,394.96,4,5,5,455,14,Champions
16772.0,424,3,3698.05,687,2009-12-18 10:50:00,2010-10-12 13:19:00,298,1232.6833333333334,1,3,5,135,9,At Risk
16773.0,58,3,421.24,252,2009-12-06 15:01:00,2011-10-13 14:37:00,676,140.41333333333333,4,3,2,432,9,Loyal Customers
16774.0,68,8,1567.48,774,2010-02-16 16:53:00,2011-10-03 12:41:00,594,195.935,3,5,4,354,12,Potential Loyalists
16775.0,11,16,3052.7400000000002,1019,2010-09-23 17:34:00,2011-11-29 15:22:00,432,190.79625000000001,5,5,5,555,15,Champions
16776.0,61,2,592.51,435,2010-10-20 12:13:00,2011-10-10 13:04:00,355,296.255,3,2,2,322,7,Needs Attention
16777.0,81,5,1292.18,470,2010-03-17 12:42:00,2011-09-20 13:41:00,552,258.43600000000004,3,4,4,344,11,Potential Loyalists
16778.0,75,2,245.94,194,2011-03-10 15:21:00,2011-09-26 13:48:00,200,122.97,3,2,1,321,6,Needs Attention
16779.0,3,53,33165.94,19544,2009-12-03 13:03:00,2011-12-07 14:54:00,734,625.7724528301887,5,5,5,555,15,Champions
16780.0,101,3,596.4,352,2010-10-28 19:41:00,2011-08-31 16:09:00,307,198.79999999999998,3,3,2,332,8,Potential Loyalists
16781.0,373,2,934.25,305,2010-02-08 13:56:00,2010-12-02 14:26:00,297,467.125,2,2,3,223,7,Hibernating
16782.0,11,38,10000.32,4112,2009-12-09 11:58:00,2011-11-29 13:20:00,720,263.1663157894737,5,5,5,555,15,Champions
16783.0,437,1,391.95,163,2010-09-29 11:53:00,2010-09-29 11:53:00,0,391.95,1,2,2,122,5,Hibernating
16784.0,20,5,892.33,494,2010-03-28 12:55:00,2011-11-20 12:20:00,602,178.466,5,4,3,543,12,Loyal Customers
16785.0,410,1,533.78,313,2010-10-26 10:36:00,2010-10-26 10:36:00,0,533.78,2,2,2,222,6,Hibernating
16786.0,394,1,51.84,72,2010-11-11 08:25:00,2010-11-11 08:25:00,0,51.84,2,2,1,221,5,Hibernating
16787.0,398,4,1017.53,472,2010-01-10 11:12:00,2010-11-07 11:01:00,301,254.3825,2,4,3,243,9,At Risk
16788.0,124,5,1928.93,965,2010-02-07 12:40:00,2011-08-08 14:53:00,547,385.786,3,4,4,344,11,Potential Loyalists
16789.0,9,1,80.80000000000001,32,2011-12-01 15:12:00,2011-12-01 15:12:00,0,80.80000000000001,5,2,1,521,8,New / Promising
16790.0,4,6,1545.6200000000001,898,2011-11-02 11:23:00,2011-12-06 11:53:00,34,257.60333333333335,5,4,4,544,13,Champions
16791.0,30,15,3957.63,1854,2009-12-03 18:08:00,2011-11-10 19:12:00,707,263.842,4,5,5,455,14,Champions
16792.0,283,5,623.46,324,2010-01-04 13:47:00,2011-03-02 14:41:00,422,124.69200000000001,2,4,3,243,9,At Risk
16793.0,58,1,243.84,146,2011-10-13 15:08:00,2011-10-13 15:08:00,0,243.84,4,2,1,421,7,New / Promising
16794.0,2,15,2052.7,1576,2010-03-25 15:17:00,2011-12-08 17:54:00,623,136.84666666666666,5,5,4,554,14,Champions
16795.0,366,3,2477.29,1453,2010-01-25 13:14:00,2010-12-09 14:08:00,318,825.7633333333333,2,3,4,234,9,At Risk
16796.0,90,1,305.62,186,2011-09-11 14:01:00,2011-09-11 14:01:00,0,305.62,3,2,2,322,7,Needs Attention
16797.0,394,5,1802.02,898,2009-12-02 13:33:00,2010-11-11 19:14:00,344,360.404,2,4,4,244,10,At Risk High Value
16798.0,555,3,841.16,205,2009-12-10 19:35:00,2010-06-03 19:01:00,175,280.38666666666666,1,3,3,133,7,At Risk
16799.0,433,2,452.78000000000003,162,2010-09-12 12:46:00,2010-10-03 14:28:00,21,226.39000000000001,1,2,2,122,5,Hibernating
16800.0,12,1,1162.65,524,2011-11-28 14:06:00,2011-11-28 14:06:00,0,1162.65,5,2,3,523,10,New / Promising
16801.0,164,4,1594.23,493,2011-03-11 13:56:00,2011-06-29 15:33:00,110,398.5575,3,4,4,344,11,Potential Loyalists
16802.0,680,2,582.61,369,2009-12-09 13:00:00,2010-01-29 13:44:00,51,291.305,1,2,2,122,5,Hibernating
16803.0,66,1,332.3,245,2011-10-05 14:28:00,2011-10-05 14:28:00,0,332.3,3,2,2,322,7,Needs Attention
16804.0,24,3,536.99,246,2011-03-14 15:48:00,2011-11-16 16:43:00,247,178.99666666666667,4,3,2,432,9,Loyal Customers
16805.0,174,5,1091.34,1120,2009-12-08 14:29:00,2011-06-19 11:23:00,558,218.26799999999997,3,4,3,343,10,Potential Loyalists
16806.0,104,4,762.16,356,2011-04-14 19:59:00,2011-08-28 15:27:00,136,190.54,3,4,3,343,10,Potential Loyalists
16807.0,143,6,2123.88,1433,2010-03-26 14:38:00,2011-07-20 12:00:00,481,353.98,3,4,4,344,11,Potential Loyalists
16808.0,100,2,288.42,196,2011-03-10 19:05:00,2011-09-01 19:34:00,175,144.21,3,2,1,321,6,Needs Attention
16809.0,24,9,1727.43,1093,2010-04-13 15:34:00,2011-11-16 15:45:00,582,191.93666666666667,4,5,4,454,13,Champions
16810.0,193,2,842.04,372,2010-10-15 15:32:00,2011-05-31 15:32:00,228,421.02,2,2,3,223,7,Hibernating
16811.0,5,2,547.07,477,2011-11-22 17:19:00,2011-12-05 11:39:00,13,273.535,5,2,2,522,9,New / Promising
16812.0,361,4,2392.0,1116,2010-11-22 14:36:00,2010-12-14 12:35:00,22,598.0,2,4,4,244,10,At Risk High Value
16813.0,9,10,1652.18,1501,2011-05-19 13:28:00,2011-12-01 14:03:00,196,165.21800000000002,5,5,4,554,14,Champions
16814.0,15,36,12198.14,4951,2010-04-11 12:45:00,2011-11-25 13:27:00,593,338.8372222222222,5,5,5,555,15,Champions
16815.0,454,2,406.02,237,2010-06-21 12:05:00,2010-09-12 10:59:00,83,203.01,1,2,2,122,5,Hibernating
16816.0,104,4,417.06,274,2010-12-16 17:01:00,2011-08-28 14:16:00,255,104.265,3,4,2,342,9,Potential Loyalists
16817.0,3,13,2804.9,1565,2010-10-04 09:06:00,2011-12-07 11:03:00,429,215.76153846153846,5,5,4,554,14,Champions
16818.0,11,11,3349.57,2164,2011-05-18 11:42:00,2011-11-29 10:41:00,195,304.50636363636363,5,5,5,555,15,Champions
16819.0,466,2,182.59,253,2010-08-31 17:31:00,2010-08-31 17:37:00,0,91.295,1,2,1,121,4,Hibernating
16820.0,96,1,497.61,307,2011-09-05 12:06:00,2011-09-05 12:06:00,0,497.61,3,2,2,322,7,Needs Attention
16821.0,382,1,113.35,13,2010-11-23 10:04:00,2010-11-23 10:04:00,0,113.35,2,2,1,221,5,Hibernating
16822.0,687,1,181.39,171,2010-01-22 14:22:00,2010-01-22 14:22:00,0,181.39,1,2,1,121,4,Hibernating
16823.0,228,7,2243.09,1166,2009-12-02 09:57:00,2011-04-26 15:00:00,510,320.4414285714286,2,4,4,244,10,At Risk High Value
16824.0,16,3,686.24,390,2010-11-11 12:21:00,2011-11-24 12:38:00,378,228.74666666666667,5,3,3,533,11,Loyal Customers
16825.0,39,5,1826.89,1297,2010-06-23 13:14:00,2011-11-01 11:51:00,496,365.37800000000004,4,4,4,444,12,Champions
16826.0,52,1,341.7,158,2011-10-19 14:05:00,2011-10-19 14:05:00,0,341.7,4,2,2,422,8,New / Promising
16827.0,394,5,392.13,125,2010-04-29 19:07:00,2010-11-11 14:04:00,196,78.426,2,4,2,242,8,At Risk
16828.0,94,2,128.5,59,2011-08-19 13:24:00,2011-09-07 15:10:00,19,64.25,3,2,1,321,6,Needs Attention
16829.0,157,2,513.32,215,2010-11-16 18:11:00,2011-07-06 10:48:00,232,256.66,3,2,2,322,7,Needs Attention
16830.0,39,4,1207.5,699,2009-12-13 12:11:00,2011-11-01 11:35:00,688,301.875,4,4,3,443,11,Loyal Customers
16831.0,565,1,91.8,48,2010-05-24 09:08:00,2010-05-24 09:08:00,0,91.8,1,2,1,121,4,Hibernating
16832.0,185,5,417.61,179,2010-09-07 12:35:00,2011-06-08 15:36:00,274,83.522,3,4,2,342,9,Potential Loyalists
16833.0,2,6,2409.04,878,2010-03-26 15:31:00,2011-12-08 14:39:00,622,401.50666666666666,5,4,4,544,13,Champions
16834.0,228,2,898.96,760,2010-02-03 14:24:00,2011-04-26 09:37:00,447,449.48,2,3,3,233,8,At Risk
16835.0,129,6,1538.41,515,2010-05-19 08:41:00,2011-08-03 13:50:00,441,256.4016666666667,3,4,4,344,11,Potential Loyalists
16836.0,40,4,782.37,539,2010-05-14 12:52:00,2011-10-31 10:05:00,535,195.5925,4,4,3,443,11,Loyal Customers
16837.0,32,11,3170.98,1563,2011-04-08 08:48:00,2011-11-08 14:27:00,214,288.2709090909091,4,5,5,455,14,Champions
16838.0,198,4,1159.6100000000001,509,2010-02-14 15:27:00,2011-05-26 13:13:00,466,289.90250000000003,2,4,3,243,9,At Risk
16839.0,9,44,22310.49,11527,2010-02-11 15:02:00,2011-12-01 09:03:00,658,507.05659090909097,5,5,5,555,15,Champions
16840.0,604,2,139.85,117,2010-02-03 12:42:00,2010-04-15 15:48:00,71,69.925,1,3,1,131,5,At Risk
16841.0,37,12,4006.06,3478,2010-01-12 11:32:00,2011-11-03 11:51:00,660,333.8383333333333,4,5,5,455,14,Champions
16842.0,101,3,1264.19,693,2011-02-10 14:51:00,2011-08-31 10:42:00,202,421.3966666666667,3,3,4,334,10,Potential Loyalists
16843.0,43,35,19571.43,18502,2009-12-10 11:40:00,2011-10-28 09:06:00,687,559.1837142857142,4,5,5,455,14,Champions
16844.0,563,2,614.34,281,2010-05-06 09:16:00,2010-05-26 10:29:00,20,307.17,1,3,2,132,6,At Risk
16845.0,619,1,253.88,167,2010-03-31 13:09:00,2010-03-31 13:09:00,0,253.88,1,2,1,121,4,Hibernating
16846.0,51,3,842.41,517,2010-03-10 12:03:00,2011-10-20 13:55:00,589,280.80333333333334,4,3,3,433,10,Loyal Customers
16847.0,44,2,614.89,255,2010-03-31 13:32:00,2011-10-27 13:29:00,575,307.445,4,3,2,432,9,Loyal Customers
16848.0,53,4,1411.62,780,2010-10-03 11:01:00,2011-10-18 08:42:00,380,352.905,4,4,4,444,12,Champions
16849.0,187,1,124.57,33,2011-06-06 09:16:00,2011-06-06 09:16:00,0,124.57,3,2,1,321,6,Needs Attention
16850.0,334,1,332.41,249,2011-01-10 11:09:00,2011-01-10 11:09:00,0,332.41,2,2,2,222,6,Hibernating
16851.0,5,3,342.45,271,2011-10-19 09:48:00,2011-12-05 13:32:00,47,114.14999999999999,5,3,2,532,10,Loyal Customers
16852.0,11,2,144.91,56,2011-06-16 15:49:00,2011-11-29 13:22:00,166,72.455,5,3,1,531,9,Loyal Customers
16854.0,418,2,1408.96,997,2010-03-09 14:32:00,2010-10-18 16:31:00,223,704.48,1,3,4,134,8,At Risk
16855.0,24,2,328.40000000000003,164,2011-10-27 16:31:00,2011-11-16 12:03:00,20,164.20000000000002,4,3,2,432,9,Loyal Customers
16856.0,15,3,358.49,171,2010-09-23 13:11:00,2011-11-25 08:59:00,428,119.49666666666667,5,3,2,532,10,Loyal Customers
16857.0,443,1,352.8,168,2010-09-23 10:49:00,2010-09-23 10:49:00,0,352.8,1,2,2,122,5,Hibernating
16858.0,369,10,4668.28,1514,2009-12-15 11:09:00,2010-12-06 09:52:00,356,466.828,2,5,5,255,12,At Risk High Value
16859.0,145,7,1932.41,1899,2010-03-04 12:37:00,2011-07-18 12:19:00,501,276.05857142857144,3,4,4,344,11,Potential Loyalists
16860.0,453,3,1610.62,625,2010-02-15 13:46:00,2010-09-13 10:05:00,210,536.8733333333333,1,3,4,134,8,At Risk
16861.0,60,5,946.59,616,2010-07-19 11:44:00,2011-10-11 09:05:00,449,189.318,3,4,3,343,10,Potential Loyalists
16862.0,548,4,662.33,513,2010-01-07 12:57:00,2010-06-10 13:05:00,154,165.5825,1,4,3,143,8,At Risk
16863.0,32,3,998.52,745,2010-10-26 10:03:00,2011-11-08 15:26:00,378,332.84,4,3,3,433,10,Loyal Customers
16864.0,435,2,409.25,283,2010-04-20 11:56:00,2010-10-01 16:16:00,164,204.625,1,3,2,132,6,At Risk
16865.0,402,1,130.95,157,2010-11-03 11:34:00,2010-11-03 11:34:00,0,130.95,2,2,1,221,5,Hibernating
16866.0,141,3,207.74,60,2011-07-01 12:34:00,2011-07-22 10:06:00,21,69.24666666666667,3,3,1,331,7,Potential Loyalists
16867.0,690,1,76.74000000000001,58,2010-01-19 09:11:00,2010-01-19 09:11:00,0,76.74000000000001,1,2,1,121,4,Hibernating
16868.0,395,3,384.56,112,2010-04-25 11:31:00,2010-11-10 13:17:00,199,128.18666666666667,2,3,2,232,7,At Risk
16869.0,23,4,817.12,583,2011-06-17 13:01:00,2011-11-17 12:02:00,153,204.28,4,4,3,443,11,Loyal Customers
16870.0,470,1,450.16,278,2010-08-27 13:53:00,2010-08-27 13:53:00,0,450.16,1,2,2,122,5,Hibernating
16871.0,23,6,2812.34,1253,2011-03-14 10:31:00,2011-11-17 19:27:00,248,468.72333333333336,4,4,4,444,12,Champions
16872.0,78,6,1213.13,1079,2010-09-02 17:36:00,2011-09-23 16:05:00,386,202.18833333333336,3,4,3,343,10,Potential Loyalists
16873.0,5,12,14617.39,8601,2010-02-09 14:17:00,2011-12-05 12:05:00,664,1218.1158333333333,5,5,5,555,15,Champions
16874.0,380,1,209.89000000000001,78,2010-11-25 13:08:00,2010-11-25 13:08:00,0,209.89000000000001,2,2,1,221,5,Hibernating
16875.0,68,11,4234.53,2099,2010-01-05 09:16:00,2011-10-03 13:39:00,636,384.9572727272727,3,5,5,355,13,Potential Loyalists
16876.0,404,1,136.01,181,2010-11-01 11:59:00,2010-11-01 11:59:00,0,136.01,2,2,1,221,5,Hibernating
16877.0,13,6,846.62,458,2011-05-15 16:13:00,2011-11-27 13:47:00,196,141.10333333333332,5,4,3,543,12,Loyal Customers
16878.0,85,1,13.3,12,2011-09-16 17:39:00,2011-09-16 17:39:00,0,13.3,3,2,1,321,6,Needs Attention
16880.0,31,8,1813.21,904,2010-08-03 13:54:00,2011-11-09 11:33:00,463,226.65125,4,5,4,454,13,Champions
16881.0,67,1,432.0,600,2011-10-04 10:33:00,2011-10-04 10:33:00,0,432.0,3,2,2,322,7,Needs Attention
16882.0,67,3,705.12,424,2011-01-26 17:43:00,2011-10-04 10:42:00,251,235.04,3,3,3,333,9,Potential Loyalists
16883.0,188,19,2374.09,1070,2009-12-04 12:07:00,2011-06-05 12:51:00,548,124.9521052631579,3,5,4,354,12,Potential Loyalists
16884.0,38,4,1070.97,520,2010-05-18 12:00:00,2011-11-02 11:52:00,533,267.7425,4,4,3,443,11,Loyal Customers
16885.0,16,4,684.6,358,2010-11-19 12:51:00,2011-11-24 13:40:00,370,171.15,5,4,3,543,12,Loyal Customers
16886.0,457,1,134.0,48,2010-09-09 15:08:00,2010-09-09 15:08:00,0,134.0,1,2,1,121,4,Hibernating
16887.0,36,3,658.17,423,2009-12-01 13:41:00,2011-11-04 14:07:00,703,219.39,4,3,3,433,10,Loyal Customers
16888.0,401,3,434.2,145,2010-01-07 13:07:00,2010-11-04 12:39:00,301,144.73333333333332,2,3,2,232,7,At Risk
16889.0,195,6,2526.65,1611,2010-05-23 10:46:00,2011-05-29 11:05:00,371,421.10833333333335,2,4,4,244,10,At Risk High Value
16890.0,477,3,285.41,243,2010-05-06 16:27:00,2010-08-20 11:23:00,106,95.13666666666667,1,3,1,131,5,At Risk
16891.0,2,11,1945.2,738,2009-12-04 12:37:00,2011-12-08 11:15:00,734,176.83636363636364,5,5,4,554,14,Champions
16892.0,2,7,754.75,367,2009-12-08 14:20:00,2011-12-08 13:18:00,730,107.82142857142857,5,4,3,543,12,Loyal Customers
16893.0,367,2,395.82,179,2010-11-28 15:14:00,2010-12-08 12:06:00,10,197.91,2,3,2,232,7,At Risk
16894.0,503,3,1306.96,503,2010-06-22 14:21:00,2010-07-25 15:43:00,33,435.65333333333336,1,3,4,134,8,At Risk
16895.0,65,5,1102.9,421,2010-02-12 11:07:00,2011-10-06 12:15:00,601,220.58,3,4,3,343,10,Potential Loyalists
16896.0,556,1,103.95,18,2010-06-02 15:40:00,2010-06-02 15:40:00,0,103.95,1,2,1,121,4,Hibernating
16897.0,300,2,289.78,73,2011-01-30 11:52:00,2011-02-13 15:02:00,14,144.89,2,3,2,232,7,At Risk
16898.0,27,5,997.29,789,2010-05-12 12:18:00,2011-11-13 15:44:00,550,199.458,4,4,3,443,11,Loyal Customers
16899.0,8,8,1695.77,811,2010-11-07 15:00:00,2011-12-02 12:03:00,390,211.97125,5,5,4,554,14,Champions
16900.0,17,3,887.11,833,2011-10-07 13:17:00,2011-11-23 10:32:00,47,295.7033333333333,5,3,3,533,11,Loyal Customers
16901.0,730,1,204.26,42,2009-12-10 16:30:00,2009-12-10 16:30:00,0,204.26,1,2,1,121,4,Hibernating
16902.0,117,1,1706.88,629,2011-08-15 14:17:00,2011-08-15 14:17:00,0,1706.88,3,2,4,324,9,Needs Attention
16903.0,30,3,1041.75,717,2010-10-20 14:42:00,2011-11-10 15:32:00,386,347.25,4,3,3,433,10,Loyal Customers
16904.0,5,21,5014.06,2746,2010-10-24 16:03:00,2011-12-05 13:10:00,407,238.7647619047619,5,5,5,555,15,Champions
16905.0,6,17,4961.17,2021,2009-12-10 20:04:00,2011-12-04 14:01:00,724,291.8335294117647,5,5,5,555,15,Champions
16906.0,82,7,1410.92,590,2010-05-13 13:23:00,2011-09-19 11:49:00,494,201.56,3,4,4,344,11,Potential Loyalists
16907.0,30,9,1650.81,518,2010-07-01 17:30:00,2011-11-10 18:04:00,497,183.42333333333332,4,5,4,454,13,Champions
16908.0,723,1,252.59,61,2009-12-17 13:35:00,2009-12-17 13:35:00,0,252.59,1,2,1,121,4,Hibernating
16909.0,73,1,379.14,436,2011-09-28 16:45:00,2011-09-28 16:45:00,0,379.14,3,2,2,322,7,Needs Attention
16910.0,5,8,1508.96,884,2011-09-09 14:14:00,2011-12-05 12:51:00,87,188.62,5,5,4,554,14,Champions
16911.0,636,2,255.25,161,2010-02-16 16:12:00,2010-03-14 12:18:00,26,127.625,1,3,1,131,5,At Risk
16912.0,29,15,4460.51,1689,2009-12-09 12:32:00,2011-11-11 12:18:00,702,297.36733333333336,4,5,5,455,14,Champions
16913.0,291,3,423.91,229,2010-02-26 12:06:00,2011-02-22 12:56:00,361,141.30333333333334,2,3,2,232,7,At Risk
16914.0,37,1,183.76,112,2011-11-03 15:27:00,2011-11-03 15:27:00,0,183.76,4,2,1,421,7,New / Promising
16915.0,10,11,1543.18,190,2010-05-19 13:32:00,2011-11-30 16:39:00,560,140.2890909090909,5,5,4,554,14,Champions
16916.0,24,4,1098.45,751,2010-10-20 12:56:00,2011-11-16 12:08:00,392,274.6125,4,4,3,443,11,Loyal Customers
16917.0,277,2,1851.88,792,2010-03-17 15:24:00,2011-03-08 11:55:00,356,925.94,2,3,4,234,9,At Risk
16918.0,50,16,3206.54,2066,2009-12-03 12:27:00,2011-10-21 12:50:00,687,200.40875,4,5,5,455,14,Champions
16919.0,157,24,5108.01,2406,2010-08-19 15:28:00,2011-07-06 13:35:00,321,212.83375,3,5,5,355,13,Potential Loyalists
16920.0,412,1,355.45,81,2010-10-24 14:07:00,2010-10-24 14:07:00,0,355.45,1,2,2,122,5,Hibernating
16921.0,62,3,409.21,275,2010-04-18 15:34:00,2011-10-09 16:22:00,539,136.40333333333334,3,3,2,332,8,Potential Loyalists
16922.0,573,1,611.08,281,2010-05-16 11:24:00,2010-05-16 11:24:00,0,611.08,1,2,2,122,5,Hibernating
16923.0,13,32,13157.130000000001,6190,2010-01-31 11:14:00,2011-11-27 13:00:00,665,411.16031250000003,5,5,5,555,15,Champions
16924.0,22,3,829.89,467,2011-09-16 12:54:00,2011-11-18 12:53:00,63,276.63,4,3,3,433,10,Loyal Customers
16925.0,541,1,125.65,123,2010-06-17 15:03:00,2010-06-17 15:03:00,0,125.65,1,2,1,121,4,Hibernating
16926.0,372,5,1399.8600000000001,232,2010-07-01 12:57:00,2010-12-03 13:42:00,155,279.97200000000004,2,4,4,244,10,At Risk High Value
16927.0,116,3,543.05,993,2010-12-13 11:57:00,2011-08-16 11:10:00,246,181.01666666666665,3,3,2,332,8,Potential Loyalists
16928.0,81,29,4013.7799999999997,2680,2010-02-03 12:30:00,2011-09-20 15:10:00,594,138.4062068965517,3,5,5,355,13,Potential Loyalists
16929.0,4,7,1295.39,929,2011-07-07 12:39:00,2011-12-06 08:37:00,152,185.0557142857143,5,4,4,544,13,Champions
16930.0,27,3,378.89,339,2011-10-02 14:25:00,2011-11-13 16:13:00,42,126.29666666666667,4,3,2,432,9,Loyal Customers
16931.0,6,23,5184.27,3439,2010-11-07 13:24:00,2011-12-04 13:15:00,392,225.40304347826088,5,5,5,555,15,Champions
16932.0,54,3,412.55,217,2010-05-17 14:15:00,2011-10-17 14:12:00,518,137.51666666666668,4,3,2,432,9,Loyal Customers
16933.0,2,9,3099.3,1533,2009-12-09 15:03:00,2011-12-08 12:54:00,729,344.3666666666667,5,5,5,555,15,Champions
16934.0,55,6,2083.14,936,2010-03-28 12:43:00,2011-10-16 12:40:00,567,347.19,4,4,4,444,12,Champions
16935.0,382,3,530.86,273,2010-10-14 13:09:00,2010-11-23 09:16:00,40,176.95333333333335,2,3,2,232,7,At Risk
16936.0,26,2,548.29,339,2010-11-19 11:54:00,2011-11-14 11:04:00,360,274.145,4,3,2,432,9,Loyal Customers
16937.0,500,1,196.25,123,2010-07-28 17:56:00,2010-07-28 17:56:00,0,196.25,1,2,1,121,4,Hibernating
16938.0,9,9,6995.360000000001,5041,2010-02-17 14:47:00,2011-12-01 10:20:00,652,777.2622222222222,5,5,5,555,15,Champions
16939.0,489,3,433.84999999999997,229,2010-02-28 13:33:00,2010-08-08 12:24:00,161,144.61666666666665,1,3,2,132,6,At Risk
16940.0,53,8,6427.66,4503,2009-12-08 13:08:00,2011-10-18 13:15:00,679,803.4575,4,5,5,455,14,Champions
16941.0,612,1,33.0,12,2010-04-07 11:13:00,2010-04-07 11:13:00,0,33.0,1,2,1,121,4,Hibernating
16942.0,13,9,1904.99,805,2011-04-26 11:59:00,2011-11-27 12:40:00,215,211.66555555555556,5,5,4,554,14,Champions
16943.0,212,5,1299.49,147,2010-03-25 13:34:00,2011-05-12 11:57:00,413,259.898,2,4,4,244,10,At Risk High Value
16944.0,610,1,101.36,27,2010-04-09 11:03:00,2010-04-09 11:03:00,0,101.36,1,2,1,121,4,Hibernating
16945.0,22,33,8548.16,5889,2009-12-09 11:33:00,2011-11-18 11:39:00,709,259.0351515151515,4,5,5,455,14,Champions
16946.0,384,5,1222.04,509,2010-03-02 10:49:00,2010-11-21 14:06:00,264,244.408,2,4,3,243,9,At Risk
16947.0,236,5,955.21,655,2010-03-03 10:54:00,2011-04-18 09:38:00,411,191.042,2,4,3,243,9,At Risk
16948.0,139,7,868.77,2091,2010-02-21 13:48:00,2011-07-24 12:46:00,518,124.11,3,4,3,343,10,Potential Loyalists
16949.0,4,6,1286.27,791,2011-01-27 12:11:00,2011-12-06 11:07:00,313,214.37833333333333,5,4,4,544,13,Champions
16950.0,57,10,3713.77,2464,2010-01-24 11:26:00,2011-10-14 09:06:00,628,371.377,4,5,5,455,14,Champions
16951.0,135,3,1277.75,1318,2011-02-08 14:58:00,2011-07-28 12:05:00,170,425.9166666666667,3,3,4,334,10,Potential Loyalists
16952.0,110,5,795.83,343,2009-12-11 13:52:00,2011-08-22 13:03:00,619,159.166,3,4,3,343,10,Potential Loyalists
16953.0,31,1,20.8,10,2011-11-09 15:54:00,2011-11-09 15:54:00,0,20.8,4,2,1,421,7,New / Promising
16954.0,1,20,6081.88,4086,2010-01-18 14:49:00,2011-12-09 09:46:00,690,304.094,5,5,5,555,15,Champions
16955.0,185,6,1309.41,823,2010-01-31 11:38:00,2011-06-08 10:36:00,493,218.235,3,4,4,344,11,Potential Loyalists
16956.0,18,1,308.74,114,2011-11-22 08:56:00,2011-11-22 08:56:00,0,308.74,5,2,2,522,9,New / Promising
16957.0,240,2,416.64,172,2011-03-03 09:25:00,2011-04-14 13:56:00,42,208.32,2,3,2,232,7,At Risk
16958.0,436,1,778.49,514,2010-09-30 14:25:00,2010-09-30 14:25:00,0,778.49,1,2,3,123,6,Hibernating
16959.0,88,1,117.35000000000001,49,2011-09-13 15:03:00,2011-09-13 15:03:00,0,117.35000000000001,3,2,1,321,6,Needs Attention
16960.0,39,8,1990.88,1492,2010-03-02 13:36:00,2011-11-01 11:35:00,609,248.86,4,5,4,454,13,Champions
16961.0,117,3,794.56,482,2010-06-25 14:36:00,2011-08-15 13:46:00,416,264.8533333333333,3,3,3,333,9,Potential Loyalists
16962.0,410,1,251.04,158,2010-10-26 11:36:00,2010-10-26 11:36:00,0,251.04,2,2,1,221,5,Hibernating
16963.0,188,1,110.55000000000001,35,2011-06-05 13:48:00,2011-06-05 13:48:00,0,110.55000000000001,3,2,1,321,6,Needs Attention
16964.0,734,2,207.85,49,2009-12-06 12:51:00,2009-12-06 12:53:00,0,103.925,1,3,1,131,5,At Risk
16965.0,227,1,201.19,291,2011-04-27 12:08:00,2011-04-27 12:08:00,0,201.19,2,2,1,221,5,Hibernating
16966.0,9,7,2154.97,1981,2011-04-13 14:17:00,2011-12-01 13:40:00,232,307.8528571428571,5,4,4,544,13,Champions
16967.0,190,1,319.02,333,2011-06-03 14:24:00,2011-06-03 14:24:00,0,319.02,3,2,2,322,7,Needs Attention
16968.0,5,2,439.43,326,2011-08-24 10:51:00,2011-12-05 15:02:00,103,219.715,5,3,2,532,10,Loyal Customers
16969.0,40,3,650.41,816,2011-06-01 12:10:00,2011-10-31 13:12:00,152,216.8033333333333,4,3,3,433,10,Loyal Customers
16970.0,627,1,71.4,12,2010-03-23 13:50:00,2010-03-23 13:50:00,0,71.4,1,2,1,121,4,Hibernating
16971.0,39,1,357.21,72,2011-11-01 15:06:00,2011-11-01 15:06:00,0,357.21,4,2,2,422,8,New / Promising
16972.0,383,2,749.0,183,2010-09-09 11:20:00,2010-11-22 10:59:00,74,374.5,2,3,3,233,8,At Risk
16973.0,387,1,127.0,60,2010-11-18 13:56:00,2010-11-18 13:56:00,0,127.0,2,2,1,221,5,Hibernating
16974.0,523,2,365.5,70,2010-05-24 10:43:00,2010-07-05 10:18:00,42,182.75,1,3,2,132,6,At Risk
16975.0,424,3,926.12,586,2010-07-22 11:38:00,2010-10-12 17:53:00,82,308.70666666666665,1,3,3,133,7,At Risk
16976.0,268,1,251.51999999999998,88,2011-03-17 16:33:00,2011-03-17 16:33:00,0,251.51999999999998,2,2,1,221,5,Hibernating
16977.0,396,4,496.0,142,2010-03-18 11:06:00,2010-11-09 13:17:00,236,124.0,2,4,2,242,8,At Risk
16978.0,78,3,768.88,285,2010-02-11 16:27:00,2011-09-23 12:50:00,589,256.29333333333335,3,3,3,333,9,Potential Loyalists
16979.0,4,9,2859.74,1451,2010-09-15 14:30:00,2011-12-06 12:21:00,447,317.74888888888887,5,5,4,554,14,Champions
16980.0,256,3,1422.83,990,2010-10-07 14:05:00,2011-03-29 16:36:00,173,474.27666666666664,2,3,4,234,9,At Risk
16982.0,61,1,384.06,182,2011-10-10 12:28:00,2011-10-10 12:28:00,0,384.06,3,2,2,322,7,Needs Attention
16983.0,13,11,3654.02,2422,2010-09-19 12:38:00,2011-11-27 12:10:00,434,332.18363636363637,5,5,5,555,15,Champions
16984.0,89,9,10350.53,5127,2010-03-07 15:34:00,2011-09-12 13:43:00,554,1150.058888888889,3,5,5,355,13,Potential Loyalists
16985.0,18,23,10923.16,3103,2009-12-10 13:34:00,2011-11-22 13:33:00,712,474.92,5,5,5,555,15,Champions
16986.0,30,11,4888.75,2539,2010-02-04 14:46:00,2011-11-10 11:55:00,644,444.4318181818182,4,5,5,455,14,Champions
16987.0,4,11,2521.4,671,2009-12-02 14:34:00,2011-12-06 17:26:00,734,229.21818181818182,5,5,4,554,14,Champions
16988.0,6,2,382.67,158,2010-11-25 09:22:00,2011-12-04 16:02:00,374,191.335,5,3,2,532,10,Loyal Customers
16989.0,8,6,1133.25,1233,2011-07-12 09:11:00,2011-12-02 16:39:00,143,188.875,5,4,3,543,12,Loyal Customers
16990.0,219,2,344.0,200,2010-10-13 11:42:00,2011-05-05 08:30:00,204,172.0,2,3,2,232,7,At Risk
16991.0,422,1,1041.21,793,2010-10-14 14:08:00,2010-10-14 14:08:00,0,1041.21,1,2,3,123,6,Hibernating
16992.0,11,13,5476.5,2061,2010-02-11 12:36:00,2011-11-29 11:50:00,656,421.2692307692308,5,5,5,555,15,Champions
16993.0,464,2,1950.95,285,2010-05-12 13:55:00,2010-09-02 12:16:00,113,975.475,1,3,4,134,8,At Risk
16996.0,31,9,2123.61,919,2010-10-18 12:24:00,2011-11-09 16:43:00,387,235.95666666666668,4,5,4,454,13,Champions
16997.0,289,3,702.0,360,2011-01-18 11:51:00,2011-02-24 17:28:00,37,234.0,2,3,3,233,8,At Risk
16998.0,150,5,402.0,104,2010-09-21 14:39:00,2011-07-13 09:44:00,295,80.4,3,4,2,342,9,Potential Loyalists
16999.0,24,2,484.82,294,2011-09-26 15:43:00,2011-11-16 13:53:00,51,242.41,4,3,2,432,9,Loyal Customers
17000.0,397,2,406.3,305,2010-10-27 14:16:00,2010-11-08 13:35:00,12,203.15,2,3,2,232,7,At Risk
17001.0,1,19,6640.8,3782,2010-03-25 12:41:00,2011-12-09 09:38:00,624,349.5157894736842,5,5,5,555,15,Champions
17002.0,86,7,2571.55,1265,2010-03-08 15:46:00,2011-09-15 12:40:00,556,367.36428571428576,3,4,4,344,11,Potential Loyalists
17003.0,403,4,828.21,494,2010-05-10 11:20:00,2010-11-02 13:15:00,176,207.0525,2,4,3,243,9,At Risk
17004.0,47,4,2324.36,1233,2010-10-11 15:43:00,2011-10-24 14:25:00,378,581.09,4,4,4,444,12,Champions
17005.0,471,2,622.36,691,2010-04-30 10:55:00,2010-08-26 10:57:00,118,311.18,1,3,3,133,7,At Risk
17006.0,5,8,1635.27,572,2010-03-05 13:33:00,2011-12-05 12:09:00,640,204.40875,5,5,4,554,14,Champions
17007.0,51,7,1120.1000000000001,717,2010-09-28 13:51:00,2011-10-20 10:47:00,387,160.01428571428573,4,4,3,443,11,Loyal Customers
17008.0,430,1,81.36,24,2010-10-06 15:19:00,2010-10-06 15:19:00,0,81.36,1,2,1,121,4,Hibernating
17009.0,552,1,242.06,336,2010-06-06 16:01:00,2010-06-06 16:01:00,0,242.06,1,2,1,121,4,Hibernating
17010.0,19,1,195.36,118,2011-11-21 14:49:00,2011-11-21 14:49:00,0,195.36,5,2,1,521,8,New / Promising
17011.0,31,3,671.7,792,2010-02-26 09:47:00,2011-11-09 13:30:00,621,223.9,4,3,3,433,10,Loyal Customers
17012.0,726,1,360.61,251,2009-12-14 17:34:00,2009-12-14 17:34:00,0,360.61,1,2,2,122,5,Hibernating
17014.0,9,3,583.4300000000001,243,2011-10-04 11:36:00,2011-12-01 14:09:00,58,194.4766666666667,5,3,2,532,10,Loyal Customers
17015.0,29,3,1838.61,1978,2011-06-07 13:19:00,2011-11-11 10:45:00,157,612.87,4,3,4,434,11,Loyal Customers
17016.0,577,1,552.4,309,2010-05-12 12:32:00,2010-05-12 12:32:00,0,552.4,1,2,2,122,5,Hibernating
17017.0,3,29,14110.61,10591,2009-12-03 13:22:00,2011-12-07 09:32:00,734,486.5727586206897,5,5,5,555,15,Champions
17018.0,41,6,2287.7,456,2009-12-05 10:27:00,2011-10-30 11:42:00,694,381.2833333333333,4,4,4,444,12,Champions
17019.0,12,11,3961.11,2619,2009-12-02 11:52:00,2011-11-28 13:06:00,726,360.1009090909091,5,5,5,555,15,Champions
17020.0,543,2,935.62,860,2010-03-03 12:27:00,2010-06-15 13:06:00,104,467.81,1,3,3,133,7,At Risk
17021.0,443,6,1182.22,992,2010-04-29 20:05:00,2010-09-23 20:01:00,147,197.03666666666666,1,4,3,143,8,At Risk
17022.0,32,2,260.0,180,2010-10-03 10:27:00,2011-11-08 17:09:00,401,130.0,4,3,1,431,8,Loyal Customers
17023.0,418,3,800.1800000000001,530,2010-01-11 15:09:00,2010-10-18 15:37:00,280,266.7266666666667,1,3,3,133,7,At Risk
17024.0,46,3,95.85,69,2011-07-05 09:31:00,2011-10-25 13:47:00,112,31.95,4,3,1,431,8,Loyal Customers
17025.0,61,5,1510.64,1024,2010-03-08 13:37:00,2011-10-10 09:06:00,581,302.12800000000004,3,4,4,344,11,Potential Loyalists
17026.0,186,3,208.98000000000002,132,2010-10-18 15:22:00,2011-06-07 14:28:00,232,69.66000000000001,3,3,1,331,7,Potential Loyalists
17027.0,79,9,1310.63,645,2009-12-10 12:10:00,2011-09-22 12:24:00,651,145.62555555555556,3,5,4,354,12,Potential Loyalists
17028.0,582,3,1593.83,856,2009-12-18 14:28:00,2010-05-07 15:33:00,140,531.2766666666666,1,3,4,134,8,At Risk
17029.0,111,7,2137.3,1265,2010-02-14 10:19:00,2011-08-21 11:06:00,553,305.3285714285715,3,4,4,344,11,Potential Loyalists
17030.0,64,1,146.87,146,2011-10-07 08:49:00,2011-10-07 08:49:00,0,146.87,3,2,1,321,6,Needs Attention
17031.0,12,6,2773.85,1595,2010-05-07 14:52:00,2011-11-28 10:23:00,570,462.30833333333334,5,4,4,544,13,Champions
17032.0,548,8,2984.32,1667,2009-12-10 15:36:00,2010-06-10 12:16:00,182,373.04,1,5,5,155,11,At Risk High Value
17033.0,87,4,1332.79,871,2010-11-07 12:55:00,2011-09-14 14:34:00,311,333.1975,3,4,4,344,11,Potential Loyalists
17034.0,17,5,1276.42,694,2010-07-14 12:55:00,2011-11-23 15:14:00,497,255.28400000000002,5,4,4,544,13,Champions
17035.0,246,4,613.59,327,2009-12-03 10:37:00,2011-04-08 11:23:00,491,153.3975,2,4,2,242,8,At Risk
17036.0,384,1,176.9,76,2010-11-21 14:26:00,2010-11-21 14:26:00,0,176.9,2,2,1,221,5,Hibernating
17037.0,88,1,1267.32,656,2011-09-13 12:49:00,2011-09-13 12:49:00,0,1267.32,3,2,4,324,9,Needs Attention
17038.0,31,2,743.17,535,2010-10-20 16:04:00,2011-11-09 13:50:00,385,371.585,4,3,3,433,10,Loyal Customers
17039.0,605,1,1954.99,689,2010-04-14 12:56:00,2010-04-14 12:56:00,0,1954.99,1,2,4,124,7,Hibernating
17040.0,138,2,463.25,189,2010-06-07 15:08:00,2011-07-25 10:19:00,413,231.625,3,3,2,332,8,Potential Loyalists
17041.0,27,6,1655.2,1303,2010-04-18 14:25:00,2011-11-13 11:21:00,574,275.8666666666667,4,4,4,444,12,Champions
17042.0,3,5,1036.58,990,2011-04-06 14:53:00,2011-12-07 12:26:00,245,207.31599999999997,5,4,3,543,12,Loyal Customers
17043.0,33,8,2593.65,1616,2009-12-09 15:20:00,2011-11-07 15:33:00,698,324.20625,4,5,4,454,13,Champions
17044.0,26,12,11962.300000000001,5722,2009-12-07 12:25:00,2011-11-14 14:28:00,707,996.8583333333335,4,5,5,455,14,Champions
17045.0,114,5,827.6800000000001,294,2010-10-06 14:52:00,2011-08-18 17:09:00,316,165.536,3,4,3,343,10,Potential Loyalists
17046.0,158,5,1906.07,1636,2010-03-29 13:46:00,2011-07-05 14:24:00,463,381.214,3,4,4,344,11,Potential Loyalists
17047.0,86,6,2289.23,1184,2009-12-08 08:48:00,2011-09-15 13:27:00,646,381.53833333333336,3,4,4,344,11,Potential Loyalists
17048.0,118,7,2071.68,1068,2010-01-18 13:55:00,2011-08-14 11:49:00,573,295.9542857142857,3,4,4,344,11,Potential Loyalists
17049.0,3,19,9942.53,4273,2010-03-04 10:23:00,2011-12-07 10:48:00,643,523.291052631579,5,5,5,555,15,Champions
17050.0,97,11,4648.59,2432,2010-01-26 14:54:00,2011-09-04 13:48:00,586,422.59909090909093,3,5,5,355,13,Potential Loyalists
17051.0,195,4,706.49,507,2010-03-21 14:55:00,2011-05-29 14:13:00,434,176.6225,2,4,3,243,9,At Risk
17052.0,29,1,399.09,251,2011-11-11 14:50:00,2011-11-11 14:50:00,0,399.09,4,2,2,422,8,New / Promising
17053.0,131,1,498.48,122,2011-08-01 10:23:00,2011-08-01 10:23:00,0,498.48,3,2,2,322,7,Needs Attention
17054.0,29,5,1356.33,804,2011-04-08 13:14:00,2011-11-11 12:56:00,217,271.26599999999996,4,4,4,444,12,Champions
17055.0,446,1,232.85000000000002,83,2010-09-20 12:21:00,2010-09-20 12:21:00,0,232.85000000000002,1,2,1,121,4,Hibernating
17056.0,739,1,128.60000000000002,26,2009-12-01 12:55:00,2009-12-01 12:55:00,0,128.60000000000002,1,2,1,121,4,Hibernating
17057.0,597,1,294.74,129,2010-04-22 19:21:00,2010-04-22 19:21:00,0,294.74,1,2,2,122,5,Hibernating
17058.0,82,3,1179.89,592,2011-04-14 09:18:00,2011-09-19 10:13:00,158,393.2966666666667,3,3,3,333,9,Potential Loyalists
17059.0,30,9,5586.93,3578,2010-01-26 14:43:00,2011-11-10 12:27:00,653,620.77,4,5,5,455,14,Champions
17060.0,267,1,234.24,216,2011-03-18 13:27:00,2011-03-18 13:27:00,0,234.24,2,2,1,221,5,Hibernating
17061.0,74,11,5232.2300000000005,1526,2011-04-21 13:29:00,2011-09-27 11:24:00,159,475.65727272727275,3,5,5,355,13,Potential Loyalists
17062.0,314,6,1179.14,890,2010-09-26 11:57:00,2011-01-30 11:01:00,126,196.52333333333334,2,4,3,243,9,At Risk
17063.0,22,13,3638.53,1899,2009-12-01 12:36:00,2011-11-18 16:19:00,717,279.8869230769231,4,5,5,455,14,Champions
17064.0,59,3,855.45,316,2011-01-16 16:10:00,2011-10-12 10:18:00,269,285.15000000000003,4,3,3,433,10,Loyal Customers
17065.0,638,2,194.7,82,2010-03-12 11:40:00,2010-03-12 11:41:00,0,97.35,1,3,1,131,5,At Risk
17066.0,727,1,228.34,93,2009-12-13 13:24:00,2009-12-13 13:24:00,0,228.34,1,2,1,121,4,Hibernating
17067.0,725,3,454.54,322,2009-12-08 12:03:00,2009-12-15 08:39:00,7,151.51333333333335,1,3,2,132,6,At Risk
17068.0,13,47,9153.83,4431,2010-03-28 14:26:00,2011-11-27 13:14:00,609,194.7623404255319,5,5,5,555,15,Champions
17069.0,29,14,5794.28,3333,2009-12-03 12:27:00,2011-11-11 17:13:00,708,413.8771428571428,4,5,5,455,14,Champions
17070.0,115,2,437.42,232,2010-10-25 15:57:00,2011-08-17 17:01:00,296,218.71,3,3,2,332,8,Potential Loyalists
17071.0,29,13,3793.71,1934,2010-01-24 13:05:00,2011-11-11 16:31:00,656,291.82384615384615,4,5,5,455,14,Champions
17072.0,626,1,273.35,212,2010-03-24 16:33:00,2010-03-24 16:33:00,0,273.35,1,2,1,121,4,Hibernating
17073.0,18,4,1446.09,759,2011-08-22 14:37:00,2011-11-22 11:47:00,92,361.5225,5,4,4,544,13,Champions
17074.0,563,1,203.05,19,2010-05-26 12:04:00,2010-05-26 12:04:00,0,203.05,1,2,1,121,4,Hibernating
17075.0,18,10,2236.63,785,2009-12-14 11:24:00,2011-11-22 11:58:00,708,223.663,5,5,4,554,14,Champions
17076.0,37,6,1242.75,514,2009-12-04 12:12:00,2011-11-03 17:53:00,699,207.125,4,4,4,444,12,Champions
17077.0,579,1,306.0,36,2010-05-10 16:36:00,2010-05-10 16:36:00,0,306.0,1,2,2,122,5,Hibernating
17078.0,37,2,378.2,788,2011-11-03 18:49:00,2011-11-03 19:17:00,0,189.1,4,3,2,432,9,Loyal Customers
17079.0,79,1,118.80000000000001,24,2011-09-22 15:34:00,2011-09-22 15:34:00,0,118.80000000000001,3,2,1,321,6,Needs Attention
17080.0,23,7,957.53,569,2010-07-01 16:03:00,2011-11-17 12:59:00,504,136.79,4,4,3,443,11,Loyal Customers
17081.0,26,6,949.39,381,2010-02-22 13:19:00,2011-11-14 12:56:00,630,158.23166666666665,4,4,3,443,11,Loyal Customers
17082.0,34,6,4732.03,2526,2009-12-15 11:25:00,2011-11-06 15:17:00,691,788.6716666666666,4,4,5,445,13,Champions
17083.0,110,9,4049.79,1955,2010-02-09 11:46:00,2011-08-22 15:43:00,559,449.9766666666667,3,5,5,355,13,Potential Loyalists
17084.0,36,3,5001.21,3178,2010-11-08 14:20:00,2011-11-04 14:54:00,361,1667.07,4,3,5,435,12,Loyal Customers
17085.0,124,28,7847.67,3583,2009-12-06 12:16:00,2011-08-08 14:15:00,610,280.2739285714286,3,5,5,355,13,Potential Loyalists
17086.0,8,6,2050.08,1859,2011-10-07 11:22:00,2011-12-02 13:54:00,56,341.68,5,4,4,544,13,Champions
17087.0,738,1,221.53,113,2009-12-02 10:41:00,2009-12-02 10:41:00,0,221.53,1,2,1,121,4,Hibernating
17088.0,29,4,1991.01,868,2011-03-31 09:48:00,2011-11-11 14:23:00,225,497.7525,4,4,4,444,12,Champions
17089.0,387,1,128.45,35,2010-11-18 15:33:00,2010-11-18 15:33:00,0,128.45,2,2,1,221,5,Hibernating
17090.0,5,13,3080.1800000000003,1344,2010-07-19 16:02:00,2011-12-05 13:44:00,504,236.9369230769231,5,5,5,555,15,Champions
17091.0,3,19,7789.2,3833,2009-12-16 15:45:00,2011-12-07 10:43:00,721,409.9578947368421,5,5,5,555,15,Champions
17092.0,51,11,5511.41,3768,2010-02-02 16:42:00,2011-10-20 19:51:00,625,501.0372727272727,4,5,5,455,14,Champions
17093.0,593,1,235.88,114,2010-04-26 10:22:00,2010-04-26 10:22:00,0,235.88,1,2,1,121,4,Hibernating
17094.0,323,2,402.20000000000005,212,2010-10-12 10:48:00,2011-01-21 13:09:00,101,201.10000000000002,2,3,2,232,7,At Risk
17095.0,23,7,2572.25,1695,2009-12-15 12:32:00,2011-11-17 12:21:00,702,367.4642857142857,4,4,4,444,12,Champions
17096.0,16,11,3697.9300000000003,1559,2010-06-02 14:48:00,2011-11-24 15:01:00,540,336.17545454545456,5,5,5,555,15,Champions
17097.0,3,9,1318.08,649,2010-10-05 14:09:00,2011-12-07 17:05:00,428,146.45333333333332,5,5,4,554,14,Champions
17098.0,382,3,591.07,125,2010-06-17 10:30:00,2010-11-23 12:13:00,159,197.02333333333334,2,3,2,232,7,At Risk
17099.0,534,1,582.17,317,2010-06-24 16:25:00,2010-06-24 16:25:00,0,582.17,1,2,2,122,5,Hibernating
17100.0,19,2,971.74,800,2011-11-21 16:36:00,2011-11-21 16:36:00,0,485.87,5,3,3,533,11,Loyal Customers
17101.0,11,7,2507.05,1175,2010-06-07 15:12:00,2011-11-29 13:57:00,540,358.15000000000003,5,4,4,544,13,Champions
17102.0,262,1,25.5,2,2011-03-23 10:08:00,2011-03-23 10:08:00,0,25.5,2,2,1,221,5,Hibernating
17103.0,723,1,424.3,471,2009-12-17 14:08:00,2009-12-17 14:08:00,0,424.3,1,2,2,122,5,Hibernating
17104.0,424,1,474.03000000000003,149,2010-10-12 12:21:00,2010-10-12 12:21:00,0,474.03000000000003,1,2,2,122,5,Hibernating
17105.0,160,2,665.78,693,2011-02-06 14:46:00,2011-07-03 15:53:00,147,332.89,3,3,3,333,9,Potential Loyalists
17106.0,390,1,481.58000000000004,153,2010-11-15 14:11:00,2010-11-15 14:11:00,0,481.58000000000004,2,2,2,222,6,Hibernating
17107.0,34,10,16052.72,7530,2010-01-31 15:47:00,2011-11-06 14:14:00,644,1605.272,4,5,5,455,14,Champions
17108.0,664,1,174.95,31,2010-02-14 12:22:00,2010-02-14 12:22:00,0,174.95,1,2,1,121,4,Hibernating
17109.0,30,8,1291.71,788,2010-07-30 12:42:00,2011-11-10 16:59:00,468,161.46375,4,5,4,454,13,Champions
17110.0,166,3,499.9,136,2010-04-08 13:32:00,2011-06-27 12:58:00,445,166.63333333333333,3,3,2,332,8,Potential Loyalists
17111.0,48,2,459.58,581,2010-10-10 15:21:00,2011-10-23 15:59:00,378,229.79,4,3,2,432,9,Loyal Customers
17112.0,503,1,197.57,130,2010-07-25 11:14:00,2010-07-25 11:14:00,0,197.57,1,2,1,121,4,Hibernating
17113.0,575,6,2305.59,913,2010-01-11 10:14:00,2010-05-14 13:59:00,123,384.26500000000004,1,4,4,144,9,At Risk High Value
17114.0,6,8,801.12,215,2011-01-09 11:39:00,2011-12-04 12:17:00,329,100.14,5,5,3,553,13,Loyal Customers
17115.0,9,7,2761.4900000000002,885,2009-12-05 12:13:00,2011-12-01 14:30:00,726,394.49857142857144,5,4,4,544,13,Champions
17116.0,649,1,389.78,392,2010-03-01 16:29:00,2010-03-01 16:29:00,0,389.78,1,2,2,122,5,Hibernating
17117.0,289,1,116.2,68,2011-02-24 13:54:00,2011-02-24 13:54:00,0,116.2,2,2,1,221,5,Hibernating
17118.0,318,1,157.02,154,2011-01-26 12:19:00,2011-01-26 12:19:00,0,157.02,2,2,1,221,5,Hibernating
17119.0,4,2,606.91,334,2011-10-11 11:03:00,2011-12-06 14:40:00,56,303.455,5,3,2,532,10,Loyal Customers
17120.0,234,1,307.46,120,2011-04-20 15:21:00,2011-04-20 15:21:00,0,307.46,2,2,2,222,6,Hibernating
17121.0,403,1,314.74,106,2010-11-02 11:47:00,2010-11-02 11:47:00,0,314.74,2,2,2,222,6,Hibernating
17122.0,120,4,570.5,368,2010-07-28 09:34:00,2011-08-12 14:33:00,380,142.625,3,4,2,342,9,Potential Loyalists
17123.0,162,3,977.1700000000001,676,2010-05-16 11:52:00,2011-07-01 10:47:00,411,325.72333333333336,3,3,3,333,9,Potential Loyalists
17124.0,186,1,294.24,129,2011-06-07 14:02:00,2011-06-07 14:02:00,0,294.24,3,2,2,322,7,Needs Attention
17125.0,51,1,230.5,281,2011-10-20 14:41:00,2011-10-20 14:41:00,0,230.5,4,2,1,421,7,New / Promising
17126.0,153,9,2016.43,1426,2010-08-31 13:41:00,2011-07-10 13:52:00,313,224.04777777777778,3,5,4,354,12,Potential Loyalists
17127.0,429,5,1155.0300000000002,340,2009-12-04 15:18:00,2010-10-07 09:54:00,307,231.00600000000003,1,4,3,143,8,At Risk
17128.0,335,1,157.09,76,2011-01-09 12:02:00,2011-01-09 12:02:00,0,157.09,2,2,1,221,5,Hibernating
17129.0,521,1,31.85,5,2010-07-07 13:46:00,2010-07-07 13:46:00,0,31.85,1,2,1,121,4,Hibernating
17131.0,6,5,2463.17,983,2011-09-25 12:42:00,2011-12-04 12:52:00,70,492.634,5,4,4,544,13,Champions
17132.0,453,2,1220.91,963,2010-08-08 13:49:00,2010-09-13 16:31:00,36,610.455,1,3,3,133,7,At Risk
17133.0,16,12,14622.33,10107,2010-03-21 12:31:00,2011-11-24 12:27:00,613,1218.5275,5,5,5,555,15,Champions
17134.0,107,3,625.3,144,2010-09-23 18:32:00,2011-08-25 09:53:00,336,208.4333333333333,3,3,3,333,9,Potential Loyalists
17135.0,17,10,1937.76,1908,2010-05-09 16:03:00,2011-11-23 16:48:00,563,193.776,5,5,4,554,14,Champions
17136.0,663,1,231.68,256,2010-02-15 13:13:00,2010-02-15 13:13:00,0,231.68,1,2,1,121,4,Hibernating
17137.0,417,6,1099.81,680,2010-01-31 12:27:00,2010-10-19 14:51:00,261,183.30166666666665,1,4,3,143,8,At Risk
17138.0,276,7,4417.27,2024,2010-02-04 14:19:00,2011-03-09 11:54:00,398,631.0385714285715,2,4,5,245,11,At Risk High Value
17139.0,16,25,19566.76,9853,2010-01-11 11:31:00,2011-11-24 10:12:00,682,782.6704,5,5,5,555,15,Champions
17140.0,248,1,454.12,296,2011-04-06 13:33:00,2011-04-06 13:33:00,0,454.12,2,2,2,222,6,Hibernating
17141.0,419,4,727.58,423,2010-01-24 14:19:00,2010-10-17 14:54:00,266,181.895,1,4,3,143,8,At Risk
17142.0,240,4,1275.25,322,2010-01-24 15:23:00,2011-04-14 18:22:00,445,318.8125,2,4,4,244,10,At Risk High Value
17143.0,418,2,880.97,314,2010-07-12 13:26:00,2010-10-18 15:27:00,98,440.485,1,3,3,133,7,At Risk
17144.0,2,2,984.57,483,2011-09-16 12:50:00,2011-12-08 17:57:00,83,492.285,5,3,3,533,11,Loyal Customers
17145.0,513,4,3120.91,2591,2010-02-19 12:07:00,2010-07-15 09:02:00,146,780.2275,1,4,5,145,10,At Risk High Value
17146.0,106,13,5852.64,2188,2010-02-02 09:39:00,2011-08-26 12:44:00,570,450.20307692307694,3,5,5,355,13,Potential Loyalists
17147.0,23,9,3199.95,1308,2010-01-11 09:38:00,2011-11-17 12:32:00,675,355.54999999999995,4,5,5,455,14,Champions
17148.0,52,1,124.88,82,2011-10-19 09:59:00,2011-10-19 09:59:00,0,124.88,4,2,1,421,7,New / Promising
17149.0,452,1,143.10000000000002,18,2010-09-14 14:56:00,2010-09-14 14:56:00,0,143.10000000000002,1,2,1,121,4,Hibernating
17150.0,377,6,1357.95,397,2009-12-06 10:51:00,2010-11-28 11:27:00,357,226.32500000000002,2,4,4,244,10,At Risk High Value
17151.0,736,1,231.90000000000003,42,2009-12-04 14:56:00,2009-12-04 14:56:00,0,231.90000000000003,1,2,1,121,4,Hibernating
17152.0,195,4,2016.5,577,2010-10-10 12:40:00,2011-05-29 12:19:00,231,504.125,2,4,4,244,10,At Risk High Value
17153.0,25,1,213.78,104,2011-11-15 13:42:00,2011-11-15 13:42:00,0,213.78,4,2,1,421,7,New / Promising
17154.0,76,1,329.34,490,2011-09-25 13:42:00,2011-09-25 13:42:00,0,329.34,3,2,2,322,7,Needs Attention
17155.0,18,7,892.46,987,2009-12-03 11:34:00,2011-11-22 12:38:00,719,127.49428571428572,5,4,3,543,12,Loyal Customers
17156.0,492,1,591.87,391,2010-08-05 11:30:00,2010-08-05 11:30:00,0,591.87,1,2,2,122,5,Hibernating
17157.0,8,19,5151.900000000001,2092,2009-12-04 13:00:00,2011-12-02 09:10:00,728,271.1526315789474,5,5,5,555,15,Champions
17158.0,33,5,1980.0,1147,2010-03-07 15:50:00,2011-11-07 15:15:00,610,396.0,4,4,4,444,12,Champions
17159.0,22,5,2099.59,1348,2010-03-04 14:53:00,2011-11-18 10:52:00,624,419.918,4,4,4,444,12,Champions
17160.0,32,17,10209.16,8390,2009-12-04 10:57:00,2011-11-08 14:05:00,704,600.5388235294117,4,5,5,455,14,Champions
17161.0,445,1,856.01,537,2010-09-21 16:44:00,2010-09-21 16:44:00,0,856.01,1,2,3,123,6,Hibernating
17162.0,29,10,1715.46,1001,2011-02-07 12:27:00,2011-11-11 11:34:00,277,171.546,4,5,4,454,13,Champions
17163.0,22,4,699.78,531,2010-02-02 10:39:00,2011-11-18 08:57:00,654,174.945,4,4,3,443,11,Loyal Customers
17164.0,33,7,2467.35,1501,2011-03-11 14:26:00,2011-11-07 09:14:00,241,352.4785714285714,4,4,4,444,12,Champions
17165.0,285,6,1794.32,788,2009-12-11 09:18:00,2011-02-28 16:39:00,444,299.05333333333334,2,4,4,244,10,At Risk High Value
17166.0,39,2,206.34,78,2011-05-20 08:18:00,2011-11-01 09:46:00,165,103.17,4,3,1,431,8,Loyal Customers
17167.0,380,3,867.11,429,2010-09-20 14:02:00,2010-11-25 10:05:00,66,289.0366666666667,2,3,3,233,8,At Risk
17168.0,499,1,400.2,220,2010-07-29 12:33:00,2010-07-29 12:33:00,0,400.2,1,2,2,122,5,Hibernating
17169.0,58,3,1156.73,671,2010-05-10 13:00:00,2011-10-13 10:25:00,521,385.57666666666665,4,3,3,433,10,Loyal Customers
17170.0,375,2,178.68,152,2010-11-15 16:23:00,2010-11-30 15:55:00,15,89.34,2,3,1,231,6,At Risk
17171.0,290,2,384.59000000000003,225,2010-02-16 12:02:00,2011-02-23 16:37:00,372,192.29500000000002,2,3,2,232,7,At Risk
17172.0,79,3,956.5699999999999,1215,2009-12-13 11:46:00,2011-09-22 09:36:00,648,318.8566666666666,3,3,3,333,9,Potential Loyalists
17173.0,6,8,3766.6,1122,2011-07-31 15:26:00,2011-12-04 14:40:00,126,470.825,5,5,5,555,15,Champions
17174.0,218,1,59.9,41,2011-05-06 11:47:00,2011-05-06 11:47:00,0,59.9,2,2,1,221,5,Hibernating
17175.0,45,4,1443.69,866,2011-02-16 14:56:00,2011-10-26 15:31:00,252,360.9225,4,4,4,444,12,Champions
17176.0,202,3,902.3199999999999,576,2010-01-31 15:49:00,2011-05-22 12:41:00,476,300.7733333333333,2,3,3,233,8,At Risk
17177.0,506,1,119.5,40,2010-07-22 14:53:00,2010-07-22 14:53:00,0,119.5,1,2,1,121,4,Hibernating
17178.0,732,1,432.96000000000004,100,2009-12-08 16:20:00,2009-12-08 16:20:00,0,432.96000000000004,1,2,2,122,5,Hibernating
17179.0,179,6,1507.26,625,2010-05-26 11:22:00,2011-06-14 16:48:00,384,251.21,3,4,4,344,11,Potential Loyalists
17180.0,57,11,2236.77,1809,2010-01-21 17:43:00,2011-10-14 15:46:00,631,203.34272727272727,4,5,4,454,13,Champions
17181.0,58,3,465.37,484,2010-04-23 11:21:00,2011-10-13 14:48:00,538,155.12333333333333,4,3,2,432,9,Loyal Customers
17182.0,423,2,321.3,54,2009-12-21 15:22:00,2010-10-13 10:09:00,296,160.65,1,3,2,132,6,At Risk
17183.0,8,6,3347.31,1296,2011-08-26 15:25:00,2011-12-02 10:07:00,98,557.885,5,4,5,545,14,Champions
17184.0,570,2,198.41000000000003,73,2009-12-09 14:17:00,2010-05-19 14:24:00,161,99.20500000000001,1,3,1,131,5,At Risk
17185.0,592,3,229.46,119,2010-04-20 13:49:00,2010-04-27 12:15:00,7,76.48666666666666,1,3,1,131,5,At Risk
17186.0,47,2,144.0,200,2011-10-10 12:52:00,2011-10-24 10:20:00,14,72.0,4,3,1,431,8,Loyal Customers
17187.0,227,2,467.71,426,2010-07-01 14:38:00,2011-04-27 12:39:00,300,233.855,2,3,2,232,7,At Risk
17188.0,12,13,4592.93,2569,2009-12-08 19:16:00,2011-11-28 13:53:00,720,353.3023076923077,5,5,5,555,15,Champions
17189.0,107,5,953.63,601,2009-12-02 11:45:00,2011-08-25 19:39:00,631,190.726,3,4,3,343,10,Potential Loyalists
17190.0,59,7,1726.57,2218,2010-03-05 13:21:00,2011-10-12 11:33:00,586,246.65285714285713,4,4,4,444,12,Champions
17191.0,29,15,4820.45,2528,2009-12-01 16:34:00,2011-11-11 16:58:00,710,321.36333333333334,4,5,5,455,14,Champions
17192.0,537,1,75.28,45,2010-06-21 16:07:00,2010-06-21 16:07:00,0,75.28,1,2,1,121,4,Hibernating
17193.0,36,9,2310.04,1668,2009-12-02 10:02:00,2011-11-04 12:47:00,702,256.6711111111111,4,5,4,454,13,Champions
17194.0,274,3,812.5,420,2010-06-27 13:16:00,2011-03-11 12:05:00,257,270.8333333333333,2,3,3,233,8,At Risk
17195.0,656,1,562.98,486,2010-02-22 13:05:00,2010-02-22 13:05:00,0,562.98,1,2,2,122,5,Hibernating
17196.0,428,1,327.75,154,2010-10-08 11:31:00,2010-10-08 11:31:00,0,327.75,1,2,2,122,5,Hibernating
17197.0,30,1,1013.01,191,2011-11-10 10:32:00,2011-11-10 10:32:00,0,1013.01,4,2,3,423,9,New / Promising
17198.0,24,3,1213.88,599,2010-12-03 14:54:00,2011-11-16 10:39:00,348,404.6266666666667,4,3,3,433,10,Loyal Customers
17199.0,583,1,135.04000000000002,232,2010-05-06 13:53:00,2010-05-06 13:53:00,0,135.04000000000002,1,2,1,121,4,Hibernating
17200.0,388,4,356.71,367,2010-02-25 13:23:00,2010-11-17 13:04:00,265,89.1775,2,4,2,242,8,At Risk
17201.0,54,4,1143.1,1004,2010-02-10 12:26:00,2011-10-17 11:55:00,614,285.775,4,4,3,443,11,Loyal Customers
17202.0,421,1,160.65,55,2010-10-15 11:25:00,2010-10-15 11:25:00,0,160.65,1,2,1,121,4,Hibernating
17203.0,36,10,5564.09,4597,2010-11-16 12:52:00,2011-11-04 12:27:00,353,556.409,4,5,5,455,14,Champions
17204.0,176,9,5504.6900000000005,2651,2010-06-10 11:37:00,2011-06-17 14:46:00,372,611.6322222222223,3,5,5,355,13,Potential Loyalists
17205.0,54,3,999.35,2214,2010-05-24 15:36:00,2011-10-17 12:46:00,511,333.1166666666667,4,3,3,433,10,Loyal Customers
17206.0,54,1,204.24,76,2011-10-17 13:25:00,2011-10-17 13:25:00,0,204.24,4,2,1,421,7,New / Promising
17207.0,653,1,292.62,233,2010-02-25 19:08:00,2010-02-25 19:08:00,0,292.62,1,2,2,122,5,Hibernating
17208.0,396,1,111.15,101,2010-11-09 12:50:00,2010-11-09 12:50:00,0,111.15,2,2,1,221,5,Hibernating
17209.0,650,3,595.7,723,2009-12-03 11:10:00,2010-02-28 16:01:00,87,198.5666666666667,1,3,2,132,6,At Risk
17210.0,393,1,251.72,242,2010-11-12 12:15:00,2010-11-12 12:15:00,0,251.72,2,2,1,221,5,Hibernating
17211.0,27,13,4046.65,2345,2009-12-13 13:17:00,2011-11-13 12:03:00,700,311.28076923076924,4,5,5,455,14,Champions
17212.0,254,3,794.41,727,2010-08-10 09:22:00,2011-03-31 19:42:00,233,264.80333333333334,2,3,3,233,8,At Risk
17213.0,41,13,5182.3,2179,2009-12-15 10:28:00,2011-10-30 14:53:00,684,398.63846153846157,4,5,5,455,14,Champions
17214.0,61,6,1059.1200000000001,272,2010-12-15 15:14:00,2011-10-10 13:17:00,299,176.52,3,4,3,343,10,Potential Loyalists
17215.0,465,1,186.15,104,2010-09-01 13:39:00,2010-09-01 13:39:00,0,186.15,1,2,1,121,4,Hibernating
17216.0,555,1,63.6,21,2010-06-03 13:03:00,2010-06-03 13:03:00,0,63.6,1,2,1,121,4,Hibernating
17217.0,235,2,210.1,93,2010-03-30 13:35:00,2011-04-19 17:19:00,385,105.05,2,3,1,231,6,At Risk
17218.0,5,18,4178.93,2195,2010-01-25 16:12:00,2011-12-05 13:52:00,679,232.1627777777778,5,5,5,555,15,Champions
17219.0,32,2,259.13,188,2010-10-19 11:29:00,2011-11-08 11:25:00,385,129.565,4,3,1,431,8,Loyal Customers
17220.0,25,21,4457.31,2663,2010-01-20 11:57:00,2011-11-15 13:47:00,664,212.25285714285715,4,5,5,455,14,Champions
17221.0,8,5,976.62,713,2010-04-11 15:34:00,2011-12-02 13:35:00,600,195.324,5,4,3,543,12,Loyal Customers
17222.0,66,6,1579.51,857,2010-01-10 15:24:00,2011-10-05 13:58:00,633,263.25166666666667,3,4,4,344,11,Potential Loyalists
17223.0,311,3,850.88,219,2010-11-29 17:19:00,2011-02-02 15:57:00,65,283.62666666666667,2,3,3,233,8,At Risk
17224.0,502,1,100.86000000000001,65,2010-07-26 13:30:00,2010-07-26 13:30:00,0,100.86000000000001,1,2,1,121,4,Hibernating
17225.0,582,1,131.15,36,2010-05-07 11:38:00,2010-05-07 11:38:00,0,131.15,1,2,1,121,4,Hibernating
17226.0,309,3,895.47,853,2010-02-12 14:31:00,2011-02-04 11:52:00,357,298.49,2,3,3,233,8,At Risk
17227.0,19,12,2021.18,1773,2010-01-15 15:05:00,2011-11-21 10:51:00,675,168.43166666666667,5,5,4,554,14,Champions
17228.0,16,13,3175.98,2565,2010-03-12 11:54:00,2011-11-24 10:24:00,622,244.30615384615385,5,5,5,555,15,Champions
17229.0,97,2,318.76,185,2011-07-20 12:38:00,2011-09-04 13:56:00,46,159.38,3,3,2,332,8,Potential Loyalists
17230.0,265,18,9388.49,3753,2009-12-08 13:41:00,2011-03-20 16:12:00,467,521.5827777777778,2,5,5,255,12,At Risk High Value
17231.0,13,25,7064.8,3681,2009-12-07 16:38:00,2011-11-27 15:18:00,720,282.592,5,5,5,555,15,Champions
17232.0,3,2,417.77,202,2011-11-25 12:24:00,2011-12-07 12:21:00,12,208.885,5,3,2,532,10,Loyal Customers
17233.0,36,3,560.86,298,2009-12-15 12:03:00,2011-11-04 14:06:00,689,186.95333333333335,4,3,2,432,9,Loyal Customers
17234.0,183,1,149.89,55,2011-06-10 11:20:00,2011-06-10 11:20:00,0,149.89,3,2,1,321,6,Needs Attention
17235.0,26,8,1904.88,971,2010-06-04 17:01:00,2011-11-14 15:51:00,528,238.11,4,5,4,454,13,Champions
17236.0,13,12,1929.26,804,2010-03-07 13:00:00,2011-11-27 12:00:00,630,160.77166666666668,5,5,4,554,14,Champions
17237.0,12,4,994.13,414,2010-11-23 11:45:00,2011-11-28 15:02:00,370,248.5325,5,4,3,543,12,Loyal Customers
17238.0,3,32,7701.76,3681,2009-12-01 10:59:00,2011-12-07 11:35:00,736,240.68,5,5,5,555,15,Champions
17239.0,313,4,1189.45,515,2010-07-01 10:53:00,2011-01-31 09:41:00,214,297.3625,2,4,3,243,9,At Risk
17240.0,597,1,130.60000000000002,108,2010-04-22 15:44:00,2010-04-22 15:44:00,0,130.60000000000002,1,2,1,121,4,Hibernating
17241.0,386,12,2736.64,859,2010-02-15 14:47:00,2010-11-19 13:01:00,277,228.0533333333333,2,5,4,254,11,At Risk High Value
17242.0,109,5,2889.2799999999997,1459,2010-01-24 10:27:00,2011-08-23 14:55:00,576,577.856,3,4,4,344,11,Potential Loyalists
17243.0,2,69,20460.48,8024,2009-12-01 15:36:00,2011-12-08 13:26:00,737,296.5286956521739,5,5,5,555,15,Champions
17244.0,54,5,1826.04,1419,2009-12-06 11:27:00,2011-10-17 15:19:00,680,365.20799999999997,4,4,4,444,12,Champions
17245.0,205,2,371.63,307,2010-01-19 15:39:00,2011-05-19 10:43:00,485,185.815,2,3,2,232,7,At Risk
17246.0,547,2,38.92,36,2009-12-01 17:45:00,2010-06-11 12:36:00,192,19.46,1,3,1,131,5,At Risk
17247.0,16,1,280.09000000000003,105,2011-11-24 15:21:00,2011-11-24 15:21:00,0,280.09000000000003,5,2,1,521,8,New / Promising
17248.0,121,2,500.54,276,2010-08-15 11:55:00,2011-08-11 13:34:00,361,250.27,3,3,2,332,8,Potential Loyalists
17249.0,429,1,68.03,79,2010-10-07 11:33:00,2010-10-07 11:33:00,0,68.03,1,2,1,121,4,Hibernating
17250.0,4,2,381.97,167,2011-03-23 16:45:00,2011-12-06 12:15:00,258,190.985,5,3,2,532,10,Loyal Customers
17251.0,363,3,798.98,377,2009-12-15 10:36:00,2010-12-12 11:06:00,362,266.32666666666665,2,3,3,233,8,At Risk
17252.0,117,2,348.90999999999997,192,2011-06-06 16:41:00,2011-08-15 09:45:00,70,174.45499999999998,3,3,2,332,8,Potential Loyalists
17253.0,19,1,178.26,43,2011-11-21 12:59:00,2011-11-21 12:59:00,0,178.26,5,2,1,521,8,New / Promising
17254.0,5,3,469.48,397,2010-11-03 14:00:00,2011-12-05 12:46:00,397,156.49333333333334,5,3,2,532,10,Loyal Customers
17255.0,41,4,781.7,583,2010-09-19 15:53:00,2011-10-30 12:18:00,406,195.425,4,4,3,443,11,Loyal Customers
17256.0,108,5,498.93,299,2010-04-18 13:40:00,2011-08-24 13:30:00,493,99.786,3,4,2,342,9,Potential Loyalists
17257.0,437,2,189.78,187,2010-09-29 12:49:00,2010-09-29 12:51:00,0,94.89,1,3,1,131,5,At Risk
17258.0,397,2,417.3,188,2010-02-12 15:51:00,2010-11-08 12:37:00,269,208.65,2,3,2,232,7,At Risk
17259.0,149,6,1820.34,1100,2010-02-22 13:38:00,2011-07-14 15:01:00,507,303.39,3,4,4,344,11,Potential Loyalists
17260.0,412,1,120.95,23,2010-10-24 13:21:00,2010-10-24 13:21:00,0,120.95,1,2,1,121,4,Hibernating
17261.0,510,1,221.59,95,2010-07-18 11:49:00,2010-07-18 11:49:00,0,221.59,1,2,1,121,4,Hibernating
17262.0,53,11,2757.62,709,2009-12-15 11:26:00,2011-10-18 12:56:00,672,250.69272727272727,4,5,4,454,13,Champions
17263.0,209,1,63.440000000000005,36,2011-05-15 14:32:00,2011-05-15 14:32:00,0,63.440000000000005,2,2,1,221,5,Hibernating
17264.0,425,1,268.28,217,2010-10-11 12:52:00,2010-10-11 12:52:00,0,268.28,1,2,1,121,4,Hibernating
17265.0,139,2,550.01,389,2011-06-12 12:00:00,2011-07-24 10:49:00,42,275.005,3,3,2,332,8,Potential Loyalists
17266.0,3,5,501.72,243,2010-03-09 10:42:00,2011-12-07 14:12:00,638,100.34400000000001,5,4,2,542,11,Loyal Customers
17267.0,128,2,317.2,158,2011-08-04 17:19:00,2011-08-04 17:22:00,0,158.6,3,3,2,332,8,Potential Loyalists
17268.0,108,11,1733.8899999999999,1395,2009-12-08 11:46:00,2011-08-24 10:06:00,624,157.62636363636364,3,5,4,354,12,Potential Loyalists
17269.0,386,1,491.81,314,2010-11-19 11:12:00,2010-11-19 11:12:00,0,491.81,2,2,2,222,6,Hibernating
17270.0,470,2,601.45,420,2009-12-07 17:18:00,2010-08-27 14:09:00,263,300.725,1,3,2,132,6,At Risk
17271.0,737,1,204.3,113,2009-12-03 13:49:00,2009-12-03 13:49:00,0,204.3,1,2,1,121,4,Hibernating
17272.0,43,4,2148.63,1778,2011-03-22 12:05:00,2011-10-28 16:37:00,220,537.1575,4,4,4,444,12,Champions
17273.0,425,1,141.12,133,2010-10-11 15:57:00,2010-10-11 15:57:00,0,141.12,1,2,1,121,4,Hibernating
17274.0,36,2,573.22,271,2010-11-09 12:06:00,2011-11-04 13:16:00,360,286.61,4,3,2,432,9,Loyal Customers
17275.0,384,1,114.1,71,2010-11-21 13:26:00,2010-11-21 13:26:00,0,114.1,2,2,1,221,5,Hibernating
17276.0,403,1,502.49,187,2010-11-02 16:20:00,2010-11-02 16:20:00,0,502.49,2,2,2,222,6,Hibernating
17277.0,228,2,1065.3500000000001,430,2011-01-21 12:37:00,2011-04-26 12:47:00,95,532.6750000000001,2,3,3,233,8,At Risk
17278.0,242,2,271.24,195,2010-05-23 13:49:00,2011-04-12 13:10:00,324,135.62,2,3,1,231,6,At Risk
17279.0,58,1,187.82999999999998,48,2011-10-13 11:58:00,2011-10-13 11:58:00,0,187.82999999999998,4,2,1,421,7,New / Promising
17280.0,439,1,118.86,74,2010-09-27 16:46:00,2010-09-27 16:46:00,0,118.86,1,2,1,121,4,Hibernating
17281.0,375,6,797.85,295,2010-02-04 13:00:00,2010-11-30 18:05:00,299,132.975,2,4,3,243,9,At Risk
17282.0,131,5,2308.54,2332,2010-06-09 12:07:00,2011-08-01 14:29:00,418,461.70799999999997,3,4,4,344,11,Potential Loyalists
17283.0,379,1,188.46,179,2010-11-26 11:53:00,2010-11-26 11:53:00,0,188.46,2,2,1,221,5,Hibernating
17284.0,61,8,2788.06,2069,2010-09-20 16:18:00,2011-10-10 14:38:00,385,348.5075,3,5,4,354,12,Potential Loyalists
17285.0,629,2,407.94,134,2010-02-14 14:10:00,2010-03-21 13:38:00,35,203.97,1,3,2,132,6,At Risk
17286.0,22,3,389.18,368,2010-11-04 13:43:00,2011-11-18 12:47:00,379,129.72666666666666,4,3,2,432,9,Loyal Customers
17287.0,27,21,4049.56,2063,2009-12-03 12:45:00,2011-11-13 13:27:00,710,192.83619047619047,4,5,5,455,14,Champions
17288.0,10,11,2468.43,1699,2010-11-10 14:44:00,2011-11-30 16:09:00,385,224.40272727272725,5,5,4,554,14,Champions
17289.0,32,9,2041.8,1237,2010-03-08 12:52:00,2011-11-08 12:01:00,610,226.86666666666667,4,5,4,454,13,Champions
17290.0,4,8,1487.96,1139,2009-12-13 13:28:00,2011-12-06 12:38:00,723,185.995,5,5,4,554,14,Champions
17291.0,309,1,550.8000000000001,72,2011-02-04 13:04:00,2011-02-04 13:04:00,0,550.8000000000001,2,2,2,222,6,Hibernating
17292.0,473,2,271.75,131,2010-05-09 14:52:00,2010-08-24 17:14:00,107,135.875,1,3,1,131,5,At Risk
17293.0,9,17,3750.63,2228,2009-12-03 15:09:00,2011-12-01 14:37:00,728,220.62529411764706,5,5,5,555,15,Champions
17294.0,670,2,467.79,297,2010-02-08 14:21:00,2010-02-08 16:12:00,0,233.895,1,3,2,132,6,At Risk
17295.0,29,3,547.0,293,2011-10-06 12:22:00,2011-11-11 10:49:00,36,182.33333333333334,4,3,2,432,9,Loyal Customers
17296.0,731,1,338.13,216,2009-12-09 14:01:00,2009-12-09 14:01:00,0,338.13,1,2,2,122,5,Hibernating
17297.0,18,1,128.18,65,2011-11-22 14:43:00,2011-11-22 14:43:00,0,128.18,5,2,1,521,8,New / Promising
17298.0,102,5,954.26,852,2010-03-08 08:56:00,2011-08-30 16:43:00,540,190.852,3,4,3,343,10,Potential Loyalists
17299.0,12,6,993.23,919,2010-08-15 16:00:00,2011-11-28 12:01:00,470,165.53833333333333,5,4,3,543,12,Loyal Customers
17300.0,391,2,393.64,467,2010-08-15 11:02:00,2010-11-14 10:56:00,91,196.82,2,3,2,232,7,At Risk
17301.0,22,2,294.39,216,2010-03-25 13:16:00,2011-11-18 13:43:00,603,147.195,4,3,2,432,9,Loyal Customers
17302.0,15,5,1135.63,575,2011-02-07 10:14:00,2011-11-25 09:36:00,291,227.12600000000003,5,4,3,543,12,Loyal Customers
17303.0,362,1,250.04,144,2010-12-13 13:32:00,2010-12-13 13:32:00,0,250.04,2,2,1,221,5,Hibernating
17304.0,535,1,111.5,73,2010-06-23 16:23:00,2010-06-23 16:23:00,0,111.5,1,2,1,121,4,Hibernating
17305.0,649,1,2135.46,1006,2010-03-01 12:47:00,2010-03-01 12:47:00,0,2135.46,1,2,4,124,7,Hibernating
17306.0,11,21,9782.35,13747,2010-11-01 11:38:00,2011-11-29 12:14:00,393,465.8261904761905,5,5,5,555,15,Champions
17307.0,396,11,3999.8900000000003,3667,2010-01-19 16:38:00,2010-11-09 13:40:00,294,363.6263636363637,2,5,5,255,12,At Risk High Value
17308.0,394,2,4511.76,5148,2010-09-13 09:35:00,2010-11-11 13:19:00,59,2255.88,2,3,5,235,10,At Risk
17309.0,96,3,320.39,181,2010-02-04 15:49:00,2011-09-05 15:20:00,578,106.79666666666667,3,3,2,332,8,Potential Loyalists
17310.0,388,2,1025.1,402,2010-06-23 11:38:00,2010-11-17 16:00:00,147,512.55,2,3,3,233,8,At Risk
17311.0,79,6,3566.56,2755,2010-02-03 12:38:00,2011-09-22 14:11:00,596,594.4266666666666,3,4,5,345,12,Potential Loyalists
17312.0,139,3,644.3,372,2011-07-03 13:12:00,2011-07-24 11:52:00,21,214.76666666666665,3,3,3,333,9,Potential Loyalists
17313.0,32,1,2328.84,1402,2011-11-08 15:45:00,2011-11-08 15:45:00,0,2328.84,4,2,4,424,10,New / Promising
17314.0,25,17,4904.43,3663,2009-12-03 11:25:00,2011-11-15 09:41:00,712,288.4958823529412,4,5,5,455,14,Champions
17315.0,2,43,9599.58,5088,2010-09-27 12:45:00,2011-12-08 12:15:00,437,223.2460465116279,5,5,5,555,15,Champions
17316.0,421,1,124.45,44,2010-10-15 14:35:00,2010-10-15 14:35:00,0,124.45,1,2,1,121,4,Hibernating
17317.0,47,3,2600.34,1146,2011-09-11 12:45:00,2011-10-24 17:19:00,43,866.7800000000001,4,3,4,434,11,Loyal Customers
17318.0,726,1,157.32999999999998,59,2009-12-14 13:11:00,2009-12-14 13:11:00,0,157.32999999999998,1,2,1,121,4,Hibernating
17319.0,670,1,29.099999999999998,14,2010-02-08 15:47:00,2010-02-08 15:47:00,0,29.099999999999998,1,2,1,121,4,Hibernating
17320.0,101,6,2895.77,1392,2010-01-21 16:29:00,2011-08-31 13:31:00,587,482.62833333333333,3,4,4,344,11,Potential Loyalists
17321.0,9,6,1665.21,790,2010-05-11 12:10:00,2011-12-01 13:41:00,569,277.535,5,4,4,544,13,Champions
17322.0,377,5,922.59,631,2009-12-03 11:46:00,2010-11-28 14:41:00,360,184.518,2,4,3,243,9,At Risk
17323.0,16,12,1551.04,1426,2010-01-10 11:58:00,2011-11-24 17:29:00,683,129.25333333333333,5,5,4,554,14,Champions
17324.0,18,12,2298.12,1536,2009-12-18 15:29:00,2011-11-22 10:34:00,704,191.51,5,5,4,554,14,Champions
17325.0,281,3,609.5699999999999,465,2010-03-08 11:31:00,2011-03-04 13:09:00,361,203.18999999999997,2,3,2,232,7,At Risk
17326.0,409,2,312.35,136,2010-06-28 14:05:00,2010-10-27 15:38:00,121,156.175,2,3,2,232,7,At Risk
17327.0,410,2,152.35,59,2010-05-26 11:20:00,2010-10-26 09:54:00,153,76.175,2,3,1,231,6,At Risk
17328.0,674,1,104.7,86,2010-02-04 17:11:00,2010-02-04 17:11:00,0,104.7,1,2,1,121,4,Hibernating
17329.0,15,5,998.53,430,2009-12-03 16:09:00,2011-11-25 14:24:00,722,199.706,5,4,3,543,12,Loyal Customers
17330.0,23,4,423.8,122,2010-03-02 09:20:00,2011-11-17 08:56:00,625,105.95,4,4,2,442,10,Loyal Customers
17331.0,124,1,175.2,16,2011-08-08 11:55:00,2011-08-08 11:55:00,0,175.2,3,2,1,321,6,Needs Attention
17332.0,529,5,838.27,794,2010-02-21 14:41:00,2010-06-29 16:10:00,128,167.654,1,4,3,143,8,At Risk
17333.0,86,1,494.25,375,2011-09-15 10:11:00,2011-09-15 10:11:00,0,494.25,3,2,2,322,7,Needs Attention
17334.0,303,3,635.1500000000001,566,2010-10-29 12:16:00,2011-02-10 14:59:00,104,211.7166666666667,2,3,3,233,8,At Risk
17335.0,384,2,497.04,210,2010-01-24 11:15:00,2010-11-21 10:17:00,301,248.52,2,3,2,232,7,At Risk
17336.0,473,1,81.12,48,2010-08-24 15:37:00,2010-08-24 15:37:00,0,81.12,1,2,1,121,4,Hibernating
17337.0,152,4,1981.06,1247,2011-02-02 17:06:00,2011-07-11 14:55:00,159,495.265,3,4,4,344,11,Potential Loyalists
17338.0,18,17,11889.33,5780,2010-03-10 16:09:00,2011-11-22 14:23:00,622,699.3723529411765,5,5,5,555,15,Champions
17339.0,95,3,362.36,188,2010-07-18 13:08:00,2011-09-06 13:29:00,415,120.78666666666668,3,3,2,332,8,Potential Loyalists
17340.0,30,18,22289.22,11162,2010-02-14 14:54:00,2011-11-10 10:45:00,634,1238.29,4,5,5,455,14,Champions
17341.0,157,5,1688.82,1077,2010-06-17 18:17:00,2011-07-06 12:33:00,384,337.764,3,4,4,344,11,Potential Loyalists
17342.0,380,4,1227.54,521,2010-02-08 09:16:00,2010-11-25 11:07:00,290,306.885,2,4,3,243,9,At Risk
17343.0,356,6,1259.94,454,2009-12-03 18:30:00,2010-12-19 15:07:00,381,209.99,2,4,4,244,10,At Risk High Value
17344.0,47,2,457.36,200,2009-12-11 12:31:00,2011-10-24 12:56:00,682,228.68,4,3,2,432,9,Loyal Customers
17345.0,16,10,1586.63,2008,2009-12-01 16:17:00,2011-11-24 15:03:00,723,158.663,5,5,4,554,14,Champions
17346.0,4,26,5132.72,3523,2010-04-18 12:18:00,2011-12-06 12:18:00,597,197.4123076923077,5,5,5,555,15,Champions
17347.0,87,1,228.96,216,2011-09-14 13:12:00,2011-09-14 13:12:00,0,228.96,3,2,1,321,6,Needs Attention
17348.0,15,9,2442.29,2766,2010-03-10 12:13:00,2011-11-25 11:25:00,625,271.36555555555555,5,5,4,554,14,Champions
17349.0,180,5,772.41,772,2010-03-18 14:26:00,2011-06-13 14:29:00,452,154.482,3,4,3,343,10,Potential Loyalists
17350.0,9,7,1893.701,1178,2010-02-01 15:38:00,2011-12-01 15:47:00,668,270.5287142857143,5,4,4,544,13,Champions
17351.0,37,12,1988.23,383,2009-12-10 18:43:00,2011-11-03 18:45:00,693,165.68583333333333,4,5,4,454,13,Champions
17352.0,697,1,36.25,15,2010-01-12 16:13:00,2010-01-12 16:13:00,0,36.25,1,2,1,121,4,Hibernating
17353.0,130,4,3242.0,2168,2010-03-25 12:52:00,2011-08-02 17:19:00,495,810.5,3,4,5,345,12,Potential Loyalists
17354.0,51,4,3133.96,2531,2010-10-07 13:22:00,2011-10-20 10:34:00,378,783.49,4,4,5,445,13,Champions
17355.0,387,1,273.31,249,2010-11-18 13:18:00,2010-11-18 13:18:00,0,273.31,2,2,1,221,5,Hibernating
17356.0,312,5,946.47,925,2010-01-20 12:14:00,2011-02-01 11:07:00,377,189.294,2,4,3,243,9,At Risk
17357.0,25,2,384.39,152,2011-11-15 16:29:00,2011-11-15 16:30:00,0,192.195,4,3,2,432,9,Loyal Customers
17358.0,304,5,861.01,430,2010-02-24 16:42:00,2011-02-09 16:57:00,350,172.202,2,4,3,243,9,At Risk
17359.0,12,2,284.46,237,2010-03-01 14:48:00,2011-11-28 14:37:00,637,142.23,5,3,1,531,9,Loyal Customers
17360.0,18,6,1200.51,624,2010-10-01 12:07:00,2011-11-22 13:11:00,417,200.085,5,4,3,543,12,Loyal Customers
17361.0,50,5,871.7900000000001,380,2010-02-01 14:30:00,2011-10-21 15:43:00,627,174.358,4,4,3,443,11,Loyal Customers
17362.0,240,7,1024.04,549,2010-01-06 10:53:00,2011-04-14 14:43:00,463,146.29142857142855,2,4,3,243,9,At Risk
17363.0,396,3,920.46,499,2010-11-02 17:25:00,2010-11-09 17:11:00,7,306.82,2,3,3,233,8,At Risk
17364.0,1,28,11972.92,7464,2009-12-07 15:28:00,2011-12-09 09:00:00,732,427.6042857142857,5,5,5,555,15,Champions
17365.0,13,15,8184.49,8015,2010-02-01 11:56:00,2011-11-27 12:13:00,664,545.6326666666666,5,5,5,555,15,Champions
17366.0,433,2,1077.24,504,2010-09-09 19:46:00,2010-10-03 16:04:00,24,538.62,1,3,3,133,7,At Risk
17367.0,239,1,167.55,149,2011-04-15 14:21:00,2011-04-15 14:21:00,0,167.55,2,2,1,221,5,Hibernating
17368.0,24,14,2758.29,2319,2009-12-15 17:45:00,2011-11-16 15:26:00,701,197.0207142857143,4,5,4,454,13,Champions
17369.0,456,1,979.2,1152,2010-09-10 09:49:00,2010-09-10 09:49:00,0,979.2,1,2,3,123,6,Hibernating
17370.0,73,4,446.18,540,2011-06-23 11:50:00,2011-09-28 10:14:00,97,111.545,3,4,2,342,9,Potential Loyalists
17371.0,18,6,655.37,281,2009-12-08 12:25:00,2011-11-22 13:30:00,714,109.22833333333334,5,4,3,543,12,Loyal Customers
17372.0,41,28,4347.31,1863,2009-12-03 18:41:00,2011-10-30 11:37:00,696,155.26107142857146,4,5,5,455,14,Champions
17373.0,41,7,1167.5,738,2010-02-28 14:17:00,2011-10-30 15:28:00,609,166.78571428571428,4,4,3,443,11,Loyal Customers
17374.0,219,3,727.11,155,2010-11-09 17:14:00,2011-05-05 09:05:00,177,242.37,2,3,3,233,8,At Risk
17375.0,200,4,660.55,480,2010-10-04 09:14:00,2011-05-24 15:45:00,232,165.1375,2,4,3,243,9,At Risk
17376.0,71,4,453.64,244,2010-07-05 11:11:00,2011-09-30 12:36:00,452,113.41,3,4,2,342,9,Potential Loyalists
17377.0,24,78,18232.57,7524,2009-12-02 12:39:00,2011-11-16 11:17:00,714,233.75089743589743,4,5,5,455,14,Champions
17378.0,375,1,10.95,1,2010-11-30 18:46:00,2010-11-30 18:46:00,0,10.95,2,2,1,221,5,Hibernating
17379.0,12,1,389.71999999999997,623,2011-11-28 13:56:00,2011-11-28 13:56:00,0,389.71999999999997,5,2,2,522,9,New / Promising
17380.0,435,3,645.0,252,2010-06-23 11:24:00,2010-10-01 16:42:00,100,215.0,1,3,3,133,7,At Risk
17381.0,9,38,40002.37,45767,2010-06-09 12:55:00,2011-12-01 11:59:00,540,1052.693947368421,5,5,5,555,15,Champions
17382.0,66,8,902.28,457,2010-05-19 11:33:00,2011-10-05 13:05:00,504,112.785,3,5,3,353,11,Potential Loyalists
17383.0,5,2,304.09000000000003,160,2010-09-12 14:54:00,2011-12-05 17:36:00,449,152.04500000000002,5,3,2,532,10,Loyal Customers
17384.0,20,3,507.55,121,2010-08-29 16:01:00,2011-11-20 15:48:00,448,169.18333333333334,5,3,2,532,10,Loyal Customers
17385.0,15,1,256.11,197,2011-11-25 11:02:00,2011-11-25 11:02:00,0,256.11,5,2,1,521,8,New / Promising
17386.0,8,7,2812.77,1955,2010-11-19 13:40:00,2011-12-02 11:28:00,378,401.82428571428574,5,4,4,544,13,Champions
17387.0,20,2,746.81,522,2011-11-06 11:25:00,2011-11-20 11:00:00,14,373.405,5,3,3,533,11,Loyal Customers
17388.0,78,11,2675.37,2555,2009-12-10 11:45:00,2011-09-23 10:31:00,652,243.21545454545455,3,5,4,354,12,Potential Loyalists
17389.0,1,61,57215.33,17880,2009-12-04 12:06:00,2011-12-09 09:38:00,735,937.9562295081968,5,5,5,555,15,Champions
17390.0,421,1,149.3,49,2010-10-15 11:29:00,2010-10-15 11:29:00,0,149.3,1,2,1,121,4,Hibernating
17391.0,164,2,508.8,480,2011-06-28 12:21:00,2011-06-29 09:58:00,1,254.4,3,3,2,332,8,Potential Loyalists
17392.0,307,3,585.92,450,2010-09-15 16:17:00,2011-02-06 12:48:00,144,195.30666666666664,2,3,2,232,7,At Risk
17393.0,411,2,381.15000000000003,238,2010-08-08 15:53:00,2010-10-25 11:10:00,78,190.57500000000002,2,3,2,232,7,At Risk
17394.0,220,1,203.86999999999998,241,2011-05-04 13:22:00,2011-05-04 13:22:00,0,203.86999999999998,2,2,1,221,5,Hibernating
17395.0,509,1,97.5,66,2010-07-19 15:34:00,2010-07-19 15:34:00,0,97.5,1,2,1,121,4,Hibernating
17396.0,40,14,8807.1,2419,2010-09-24 13:04:00,2011-10-31 14:12:00,402,629.0785714285714,4,5,5,455,14,Champions
17397.0,23,3,1198.28,691,2010-10-19 13:20:00,2011-11-17 14:08:00,394,399.4266666666667,4,3,3,433,10,Loyal Customers
17398.0,115,3,653.38,310,2011-03-29 13:04:00,2011-08-17 09:48:00,141,217.79333333333332,3,3,3,333,9,Potential Loyalists
17400.0,127,8,4623.28,2185,2009-12-17 15:41:00,2011-08-05 15:38:00,596,577.91,3,5,5,355,13,Potential Loyalists
17401.0,542,1,114.85,34,2010-06-16 16:54:00,2010-06-16 16:54:00,0,114.85,1,2,1,121,4,Hibernating
17402.0,5,23,5095.53,1570,2009-12-16 17:40:00,2011-12-05 10:15:00,719,221.54478260869564,5,5,5,555,15,Champions
17403.0,37,2,382.87,188,2010-09-15 12:29:00,2011-11-03 15:18:00,414,191.435,4,3,2,432,9,Loyal Customers
17404.0,5,23,47781.12,50679,2010-01-07 11:31:00,2011-12-05 16:26:00,697,2077.44,5,5,5,555,15,Champions
17405.0,2,3,1031.41,726,2011-07-12 14:17:00,2011-12-08 17:12:00,149,343.80333333333334,5,3,3,533,11,Loyal Customers
17406.0,334,13,4889.05,2117,2009-12-06 13:45:00,2011-01-10 15:07:00,400,376.08076923076925,2,5,5,255,12,At Risk High Value
17407.0,412,1,552.9,426,2010-10-24 11:57:00,2010-10-24 11:57:00,0,552.9,1,2,2,122,5,Hibernating
17408.0,164,3,316.09000000000003,163,2010-07-13 14:02:00,2011-06-29 12:53:00,351,105.36333333333334,3,3,2,332,8,Potential Loyalists
17409.0,185,10,7793.51,4089,2009-12-11 12:17:00,2011-06-08 10:36:00,544,779.351,3,5,5,355,13,Potential Loyalists
17410.0,17,5,1214.72,616,2011-05-08 15:21:00,2011-11-23 15:46:00,199,242.94400000000002,5,4,3,543,12,Loyal Customers
17411.0,13,5,1425.38,608,2009-12-03 12:02:00,2011-11-27 14:25:00,724,285.076,5,4,4,544,13,Champions
17412.0,3,16,4417.52,2604,2009-12-02 13:51:00,2011-12-07 11:36:00,735,276.095,5,5,5,555,15,Champions
17413.0,405,2,560.14,302,2010-05-19 11:11:00,2010-10-31 12:33:00,165,280.07,2,3,2,232,7,At Risk
17414.0,44,6,2249.52,6256,2009-12-03 16:49:00,2011-10-27 12:13:00,693,374.92,4,4,4,444,12,Champions
17415.0,80,1,507.84,114,2011-09-21 12:50:00,2011-09-21 12:50:00,0,507.84,3,2,2,322,7,Needs Attention
17416.0,30,22,17298.45,8769,2009-12-14 16:29:00,2011-11-10 12:47:00,696,786.2931818181819,4,5,5,455,14,Champions
17417.0,549,1,164.18,76,2010-06-09 10:00:00,2010-06-09 10:00:00,0,164.18,1,2,1,121,4,Hibernating
17418.0,43,3,670.0600000000001,521,2010-11-17 13:42:00,2011-10-28 13:00:00,345,223.35333333333335,4,3,3,433,10,Loyal Customers
17419.0,12,18,6500.52,3087,2010-01-25 13:19:00,2011-11-28 13:47:00,672,361.14000000000004,5,5,5,555,15,Champions
17420.0,51,6,1084.43,499,2010-11-03 13:09:00,2011-10-20 14:52:00,351,180.73833333333334,4,4,3,443,11,Loyal Customers
17421.0,387,3,1059.41,807,2009-12-04 15:43:00,2010-11-18 16:57:00,349,353.1366666666667,2,3,3,233,8,At Risk
17422.0,17,11,3594.76,3538,2010-06-23 10:19:00,2011-11-23 13:27:00,518,326.79636363636365,5,5,5,555,15,Champions
17423.0,47,3,1118.95,790,2010-11-11 12:26:00,2011-10-24 13:36:00,347,372.98333333333335,4,3,3,433,10,Loyal Customers
17425.0,20,2,759.1700000000001,407,2011-10-10 11:37:00,2011-11-20 15:30:00,41,379.58500000000004,5,3,3,533,11,Loyal Customers
17426.0,9,13,8077.77,5187,2010-02-17 13:39:00,2011-12-01 18:07:00,652,621.3669230769231,5,5,5,555,15,Champions
17427.0,72,1,100.8,34,2011-09-29 11:29:00,2011-09-29 11:29:00,0,100.8,3,2,1,321,6,Needs Attention
17428.0,1,45,31819.760000000002,17504,2009-12-01 17:28:00,2011-12-09 09:45:00,738,707.1057777777778,5,5,5,555,15,Champions
17429.0,129,5,1357.46,1286,2010-10-06 12:30:00,2011-08-03 13:22:00,301,271.492,3,4,4,344,11,Potential Loyalists
17430.0,33,4,735.17,515,2010-08-17 11:52:00,2011-11-07 09:24:00,447,183.7925,4,4,3,443,11,Loyal Customers
17431.0,314,1,403.3,292,2011-01-30 14:36:00,2011-01-30 14:36:00,0,403.3,2,2,2,222,6,Hibernating
17432.0,19,9,1728.99,1008,2009-12-03 19:13:00,2011-11-21 17:33:00,718,192.11,5,5,4,554,14,Champions
17433.0,89,2,569.96,305,2010-11-19 13:37:00,2011-09-12 14:24:00,297,284.98,3,3,2,332,8,Potential Loyalists
17434.0,3,7,2373.82,1693,2011-09-15 13:54:00,2011-12-07 13:16:00,83,339.1171428571429,5,4,4,544,13,Champions
17435.0,412,1,331.35,195,2010-10-24 13:55:00,2010-10-24 13:55:00,0,331.35,1,2,2,122,5,Hibernating
17436.0,2,5,534.0600000000001,178,2009-12-07 12:31:00,2011-12-08 12:30:00,731,106.81200000000001,5,4,2,542,11,Loyal Customers
17437.0,530,1,369.68,283,2010-06-28 11:11:00,2010-06-28 11:11:00,0,369.68,1,2,2,122,5,Hibernating
17438.0,254,5,1422.77,553,2010-03-08 16:53:00,2011-03-31 10:26:00,388,284.554,2,4,4,244,10,At Risk High Value
17439.0,656,1,325.74,370,2010-02-22 12:48:00,2010-02-22 12:48:00,0,325.74,1,2,2,122,5,Hibernating
17440.0,157,4,323.58,282,2010-06-08 14:40:00,2011-07-06 11:54:00,393,80.895,3,4,2,342,9,Potential Loyalists
17441.0,733,1,293.35,245,2009-12-07 13:32:00,2009-12-07 13:32:00,0,293.35,1,2,2,122,5,Hibernating
17442.0,37,15,4620.3,3134,2010-02-15 15:54:00,2011-11-03 09:17:00,626,308.02000000000004,4,5,5,455,14,Champions
17443.0,220,1,534.24,504,2011-05-04 10:47:00,2011-05-04 10:47:00,0,534.24,2,2,2,222,6,Hibernating
17444.0,148,3,2940.04,2119,2011-06-20 09:04:00,2011-07-15 12:05:00,25,980.0133333333333,3,3,4,334,10,Potential Loyalists
17446.0,177,2,120.89999999999999,198,2011-02-02 14:40:00,2011-06-16 10:42:00,134,60.449999999999996,3,3,1,331,7,Potential Loyalists
17447.0,41,2,541.53,443,2011-09-29 10:10:00,2011-10-30 14:18:00,31,270.765,4,3,2,432,9,Loyal Customers
17448.0,498,46,14523.67,11534,2010-03-04 17:29:00,2010-07-30 14:07:00,148,315.7319565217391,1,5,5,155,11,At Risk High Value
17449.0,3,13,4868.15,2483,2009-12-09 14:16:00,2011-12-07 16:56:00,728,374.4730769230769,5,5,5,555,15,Champions
17450.0,9,51,246813.09,84700,2010-09-27 16:59:00,2011-12-01 13:29:00,430,4839.472352941177,5,5,5,555,15,Champions
17451.0,2,7,1721.4,1203,2011-08-26 11:54:00,2011-12-08 15:02:00,104,245.91428571428574,5,4,4,544,13,Champions
17453.0,18,2,486.72,219,2011-10-06 17:02:00,2011-11-22 09:42:00,47,243.36,5,3,2,532,10,Loyal Customers
17454.0,193,10,1547.94,727,2010-01-15 15:40:00,2011-05-31 13:58:00,501,154.794,2,5,4,254,11,At Risk High Value
17455.0,204,1,131.7,66,2011-05-20 12:31:00,2011-05-20 12:31:00,0,131.7,2,2,1,221,5,Hibernating
17456.0,366,2,1225.42,730,2010-09-09 15:28:00,2010-12-09 15:23:00,91,612.71,2,3,3,233,8,At Risk
17457.0,127,14,5984.81,2695,2009-12-07 14:52:00,2011-08-05 12:48:00,606,427.4864285714286,3,5,5,355,13,Potential Loyalists
17458.0,16,2,529.58,282,2010-11-23 11:43:00,2011-11-24 13:01:00,366,264.79,5,3,2,532,10,Loyal Customers
17459.0,44,2,657.3,537,2011-10-10 17:00:00,2011-10-27 13:25:00,17,328.65,4,3,3,433,10,Loyal Customers
17460.0,95,16,2228.27,980,2010-01-22 13:25:00,2011-09-06 15:04:00,592,139.266875,3,5,4,354,12,Potential Loyalists
17461.0,23,3,735.82,770,2011-11-10 12:01:00,2011-11-17 10:21:00,7,245.27333333333334,4,3,3,433,10,Loyal Customers
17462.0,61,2,675.69,227,2011-02-28 17:01:00,2011-10-10 13:56:00,224,337.845,3,3,3,333,9,Potential Loyalists
17463.0,17,7,2535.26,1480,2010-04-29 17:57:00,2011-11-23 13:40:00,573,362.18,5,4,4,544,13,Champions
17464.0,159,3,907.1400000000001,608,2010-03-30 13:15:00,2011-07-04 13:19:00,461,302.38000000000005,3,3,3,333,9,Potential Loyalists
17465.0,426,7,2542.79,1477,2009-12-03 13:25:00,2010-10-10 11:56:00,311,363.2557142857143,1,4,4,144,9,At Risk High Value
17466.0,11,2,763.28,306,2011-09-22 09:16:00,2011-11-29 13:15:00,68,381.64,5,3,3,533,11,Loyal Customers
17467.0,396,1,102.6,20,2010-11-09 12:58:00,2010-11-09 12:58:00,0,102.6,2,2,1,221,5,Hibernating
17468.0,11,3,194.8,184,2010-11-29 17:25:00,2011-11-29 15:33:00,365,64.93333333333334,5,3,1,531,9,Loyal Customers
17469.0,17,17,5051.25,2304,2009-12-16 15:06:00,2011-11-23 13:15:00,707,297.13235294117646,5,5,5,555,15,Champions
17470.0,45,11,2804.87,2843,2010-07-19 16:16:00,2011-10-26 12:42:00,464,254.9881818181818,4,5,4,454,13,Champions
17471.0,475,1,321.65000000000003,153,2010-08-22 11:53:00,2010-08-22 11:53:00,0,321.65000000000003,1,2,2,122,5,Hibernating
17472.0,192,4,922.35,551,2010-03-21 13:27:00,2011-06-01 14:57:00,437,230.5875,2,4,3,243,9,At Risk
17473.0,409,2,607.0,270,2010-09-09 19:03:00,2010-10-27 11:45:00,48,303.5,2,3,2,232,7,At Risk
17474.0,600,1,1047.0,200,2010-04-19 10:43:00,2010-04-19 10:43:00,0,1047.0,1,2,3,123,6,Hibernating
17475.0,80,1,194.37,178,2011-09-21 14:55:00,2011-09-21 14:55:00,0,194.37,3,2,1,321,6,Needs Attention
17476.0,396,2,489.86,224,2009-12-02 12:09:00,2010-11-09 10:21:00,342,244.93,2,3,2,232,7,At Risk
17477.0,613,2,1144.3,225,2010-03-02 11:53:00,2010-04-06 10:06:00,35,572.15,1,3,3,133,7,At Risk
17478.0,409,2,1272.8000000000002,516,2010-03-16 14:19:00,2010-10-27 15:01:00,225,636.4000000000001,2,3,4,234,9,At Risk
17479.0,633,1,389.26000000000005,266,2010-03-17 09:26:00,2010-03-17 09:26:00,0,389.26000000000005,1,2,2,122,5,Hibernating
17480.0,78,2,882.23,581,2010-09-21 12:31:00,2011-09-23 11:39:00,367,441.115,3,3,3,333,9,Potential Loyalists
17481.0,4,4,1255.59,1061,2011-09-07 09:57:00,2011-12-06 12:28:00,90,313.8975,5,4,4,544,13,Champions
17482.0,488,2,775.64,240,2010-05-10 14:10:00,2010-08-09 15:33:00,91,387.82,1,3,3,133,7,At Risk
17483.0,66,4,591.73,265,2010-10-21 12:43:00,2011-10-05 13:10:00,349,147.9325,3,4,2,342,9,Potential Loyalists
17484.0,577,2,209.57,339,2010-03-25 16:17:00,2010-05-12 15:41:00,48,104.785,1,3,1,131,5,At Risk
17486.0,262,1,396.87,191,2011-03-23 14:00:00,2011-03-23 14:00:00,0,396.87,2,2,2,222,6,Hibernating
17487.0,729,1,160.55,37,2009-12-11 15:06:00,2009-12-11 15:06:00,0,160.55,1,2,1,121,4,Hibernating
17488.0,642,1,336.5,136,2010-03-08 14:07:00,2010-03-08 14:07:00,0,336.5,1,2,2,122,5,Hibernating
17489.0,59,2,376.64,428,2011-05-11 11:34:00,2011-10-12 08:56:00,154,188.32,4,3,2,432,9,Loyal Customers
17490.0,1,9,2750.5,1531,2010-05-19 12:40:00,2011-12-09 09:08:00,569,305.6111111111111,5,5,4,554,14,Champions
17491.0,2,17,5981.07,3630,2010-04-28 11:57:00,2011-12-08 16:18:00,589,351.8276470588235,5,5,5,555,15,Champions
17492.0,249,3,1122.42,450,2010-07-09 13:27:00,2011-04-05 15:21:00,270,374.14000000000004,2,3,3,233,8,At Risk
17493.0,386,1,100.91,62,2010-11-19 16:57:00,2010-11-19 16:57:00,0,100.91,2,2,1,221,5,Hibernating
17494.0,502,1,54.7,26,2010-07-26 10:06:00,2010-07-26 10:06:00,0,54.7,1,2,1,121,4,Hibernating
17495.0,8,3,806.72,367,2010-11-14 11:50:00,2011-12-02 12:08:00,383,268.9066666666667,5,3,3,533,11,Loyal Customers
17496.0,359,4,1412.89,675,2010-01-14 13:36:00,2010-12-16 08:39:00,336,353.2225,2,4,4,244,10,At Risk High Value
17497.0,391,2,287.25,59,2010-04-08 08:01:00,2010-11-14 14:17:00,220,143.625,2,3,1,231,6,At Risk
17498.0,76,1,272.21999999999997,394,2011-09-25 12:25:00,2011-09-25 12:25:00,0,272.21999999999997,3,2,1,321,6,Needs Attention
17499.0,290,2,1341.3899999999999,1086,2010-05-27 09:59:00,2011-02-23 09:14:00,272,670.6949999999999,2,3,4,234,9,At Risk
17500.0,18,3,1138.0,17,2011-11-10 09:08:00,2011-11-22 14:25:00,12,379.3333333333333,5,3,3,533,11,Loyal Customers
17501.0,221,2,288.6,160,2011-05-03 09:46:00,2011-05-03 09:47:00,0,144.3,2,3,1,231,6,At Risk
17502.0,10,4,689.1,376,2011-11-10 16:39:00,2011-11-30 13:13:00,20,172.275,5,4,3,543,12,Loyal Customers
17503.0,3,2,558.96,486,2011-11-01 11:12:00,2011-12-07 09:18:00,36,279.48,5,3,2,532,10,Loyal Customers
17504.0,207,18,9490.17,5420,2010-02-08 09:22:00,2011-05-17 12:59:00,463,527.2316666666667,2,5,5,255,12,At Risk High Value
17505.0,162,5,2435.48,1242,2010-04-13 16:33:00,2011-07-01 12:50:00,444,487.096,3,4,4,344,11,Potential Loyalists
17506.0,76,1,302.2,139,2011-09-25 11:39:00,2011-09-25 11:39:00,0,302.2,3,2,2,322,7,Needs Attention
17507.0,262,2,605.58,359,2011-02-03 18:08:00,2011-03-23 11:48:00,48,302.79,2,3,2,232,7,At Risk
17508.0,281,8,4579.23,2891,2009-12-07 11:46:00,2011-03-04 08:10:00,452,572.40375,2,5,5,255,12,At Risk High Value
17509.0,58,8,6083.64,3512,2011-10-07 13:14:00,2011-10-13 10:26:00,6,760.455,4,5,5,455,14,Champions
17510.0,25,2,514.56,422,2010-10-15 10:20:00,2011-11-15 10:00:00,396,257.28,4,3,2,432,9,Loyal Customers
17511.0,3,60,175603.55,119656,2009-12-02 10:52:00,2011-12-07 10:12:00,735,2926.725833333333,5,5,5,555,15,Champions
17512.0,29,18,5467.820000000001,5434,2009-12-10 19:35:00,2011-11-11 12:11:00,701,303.76777777777784,4,5,5,455,14,Champions
17513.0,73,3,1158.8,440,2010-08-17 15:08:00,2011-09-28 16:42:00,407,386.26666666666665,3,3,3,333,9,Potential Loyalists
17514.0,129,2,522.0,284,2010-02-08 14:00:00,2011-08-03 15:45:00,541,261.0,3,3,2,332,8,Potential Loyalists
17515.0,32,9,1602.51,527,2010-06-07 13:29:00,2011-11-08 14:04:00,519,178.05666666666667,4,5,4,454,13,Champions
17516.0,16,6,947.5,522,2010-11-26 12:50:00,2011-11-24 16:51:00,363,157.91666666666666,5,4,3,543,12,Loyal Customers
17517.0,309,1,153.94,102,2011-02-04 11:48:00,2011-02-04 11:48:00,0,153.94,2,2,1,221,5,Hibernating
17518.0,426,2,329.42,267,2010-03-28 13:31:00,2010-10-10 12:40:00,196,164.71,1,3,2,132,6,At Risk
17519.0,18,15,5109.47,3414,2009-12-01 09:57:00,2011-11-22 16:43:00,721,340.6313333333334,5,5,5,555,15,Champions
17520.0,54,1,546.81,365,2011-10-17 12:04:00,2011-10-17 12:04:00,0,546.81,4,2,2,422,8,New / Promising
17521.0,30,5,1278.06,806,2010-10-01 11:49:00,2011-11-10 11:22:00,405,255.612,4,4,4,444,12,Champions
17522.0,2,5,1070.71,1034,2011-05-05 16:31:00,2011-12-08 12:31:00,217,214.142,5,4,3,543,12,Loyal Customers
17523.0,12,4,652.74,872,2011-11-20 13:40:00,2011-11-28 13:20:00,8,163.185,5,4,3,543,12,Loyal Customers
17524.0,362,3,539.14,362,2010-09-27 16:20:00,2010-12-13 14:32:00,77,179.71333333333334,2,3,2,232,7,At Risk
17525.0,360,3,1161.9,338,2010-10-07 09:12:00,2010-12-15 12:05:00,69,387.3,2,3,3,233,8,At Risk
17526.0,5,12,4166.04,1482,2009-12-17 16:18:00,2011-12-05 11:05:00,718,347.17,5,5,5,555,15,Champions
17527.0,54,4,939.37,488,2011-05-05 13:43:00,2011-10-17 12:32:00,165,234.8425,4,4,3,443,11,Loyal Customers
17528.0,2,8,3628.5,2138,2011-09-29 13:04:00,2011-12-08 13:27:00,70,453.5625,5,5,5,555,15,Champions
17529.0,611,2,1240.25,790,2010-01-11 12:29:00,2010-04-08 17:51:00,87,620.125,1,3,4,134,8,At Risk
17530.0,2,12,3092.33,1935,2009-12-06 16:17:00,2011-12-08 18:42:00,732,257.69416666666666,5,5,5,555,15,Champions
17531.0,191,3,1266.82,472,2010-03-31 12:57:00,2011-06-02 19:17:00,428,422.2733333333333,2,3,4,234,9,At Risk
17532.0,386,1,65.34,30,2010-11-19 08:13:00,2010-11-19 08:13:00,0,65.34,2,2,1,221,5,Hibernating
17533.0,435,1,34.8,24,2010-10-01 09:14:00,2010-10-01 09:14:00,0,34.8,1,2,1,121,4,Hibernating
17534.0,54,5,1668.83,860,2010-02-25 16:55:00,2011-10-17 12:47:00,599,333.76599999999996,4,4,4,444,12,Champions
17535.0,281,1,164.4,136,2011-03-04 15:20:00,2011-03-04 15:20:00,0,164.4,2,2,1,221,5,Hibernating
17536.0,178,3,364.83,201,2010-01-26 12:00:00,2011-06-15 13:23:00,505,121.61,3,3,2,332,8,Potential Loyalists
17537.0,30,2,887.6700000000001,699,2011-02-09 13:37:00,2011-11-10 10:56:00,274,443.83500000000004,4,3,3,433,10,Loyal Customers
17538.0,26,1,98.42,134,2011-11-14 12:12:00,2011-11-14 12:12:00,0,98.42,4,2,1,421,7,New / Promising
17539.0,618,4,1176.84,708,2009-12-13 12:36:00,2010-04-01 12:07:00,109,294.21,1,4,3,143,8,At Risk
17540.0,25,6,1590.6000000000001,588,2010-04-19 09:47:00,2011-11-15 11:56:00,575,265.1,4,4,4,444,12,Champions
17541.0,510,1,119.86,44,2010-07-18 11:36:00,2010-07-18 11:36:00,0,119.86,1,2,1,121,4,Hibernating
17542.0,270,3,340.85,323,2010-03-08 12:08:00,2011-03-15 11:45:00,372,113.61666666666667,2,3,2,232,7,At Risk
17543.0,550,1,120.05,62,2010-06-08 12:41:00,2010-06-08 12:41:00,0,120.05,1,2,1,121,4,Hibernating
17544.0,391,3,944.82,410,2010-11-14 14:47:00,2010-11-14 15:08:00,0,314.94,2,3,3,233,8,At Risk
17545.0,44,6,1409.8600000000001,682,2010-05-11 10:04:00,2011-10-27 14:04:00,534,234.9766666666667,4,4,4,444,12,Champions
17547.0,376,2,727.85,223,2010-02-12 14:34:00,2010-11-29 09:41:00,290,363.925,2,3,3,233,8,At Risk
17548.0,234,4,731.26,494,2010-11-08 16:19:00,2011-04-20 12:01:00,163,182.815,2,4,3,243,9,At Risk
17549.0,24,2,148.86,210,2011-10-19 10:05:00,2011-11-16 09:59:00,28,74.43,4,3,1,431,8,Loyal Customers
17550.0,198,9,2506.64,968,2010-02-07 15:07:00,2011-05-26 14:09:00,473,278.5155555555555,2,5,4,254,11,At Risk High Value
17551.0,360,1,290.34,142,2010-12-15 14:12:00,2010-12-15 14:12:00,0,290.34,2,2,2,222,6,Hibernating
17552.0,61,12,3085.29,2095,2010-03-22 09:19:00,2011-10-10 17:00:00,567,257.1075,3,5,5,355,13,Potential Loyalists
17553.0,130,4,3757.6,2288,2010-04-08 09:44:00,2011-08-02 10:00:00,481,939.4,3,4,5,345,12,Potential Loyalists
17554.0,2,5,1952.45,1763,2011-07-14 20:01:00,2011-12-08 14:15:00,147,390.49,5,4,4,544,13,Champions
17555.0,20,5,1045.74,739,2010-05-02 16:02:00,2011-11-20 12:22:00,567,209.148,5,4,3,543,12,Loyal Customers
17556.0,206,2,300.67,184,2010-11-25 17:00:00,2011-05-18 10:48:00,174,150.335,2,3,2,232,7,At Risk
17557.0,15,4,575.46,310,2009-12-07 10:15:00,2011-11-25 12:57:00,718,143.865,5,4,2,542,11,Loyal Customers
17558.0,394,1,259.17,54,2010-11-11 14:36:00,2010-11-11 14:36:00,0,259.17,2,2,1,221,5,Hibernating
17559.0,513,1,167.62,270,2010-07-15 12:02:00,2010-07-15 12:02:00,0,167.62,1,2,1,121,4,Hibernating
17560.0,95,8,1895.8,1588,2010-02-17 12:11:00,2011-09-06 09:18:00,566,236.975,3,5,4,354,12,Potential Loyalists
17561.0,20,4,703.02,381,2009-12-06 13:29:00,2011-11-20 12:53:00,714,175.755,5,4,3,543,12,Loyal Customers
17562.0,15,7,1122.38,817,2011-06-19 13:06:00,2011-11-25 14:21:00,159,160.34,5,4,3,543,12,Loyal Customers
17563.0,579,2,392.38,256,2010-04-07 10:02:00,2010-05-10 14:54:00,33,196.19,1,3,2,132,6,At Risk
17564.0,25,3,454.01,146,2011-09-20 14:00:00,2011-11-15 13:27:00,56,151.33666666666667,4,3,2,432,9,Loyal Customers
17565.0,587,1,131.83,67,2010-05-02 11:54:00,2010-05-02 11:54:00,0,131.83,1,2,1,121,4,Hibernating
17566.0,9,2,869.77,497,2011-11-14 13:42:00,2011-12-01 19:54:00,17,434.885,5,3,3,533,11,Loyal Customers
17567.0,8,9,5356.03,3152,2010-09-24 10:48:00,2011-12-02 15:48:00,434,595.1144444444444,5,5,5,555,15,Champions
17568.0,634,1,374.45,275,2010-03-16 16:45:00,2010-03-16 16:45:00,0,374.45,1,2,2,122,5,Hibernating
17569.0,333,1,344.14,159,2011-01-11 14:15:00,2011-01-11 14:15:00,0,344.14,2,2,2,222,6,Hibernating
17570.0,382,1,100.0,1,2010-11-23 11:56:00,2010-11-23 11:56:00,0,100.0,2,2,1,221,5,Hibernating
17571.0,51,5,1630.91,991,2010-06-15 12:50:00,2011-10-20 15:57:00,492,326.182,4,4,4,444,12,Champions
17572.0,72,10,723.0100000000001,351,2009-12-15 10:00:00,2011-09-29 17:53:00,653,72.30100000000002,3,5,3,353,11,Potential Loyalists
17573.0,30,3,380.6,308,2011-09-07 10:36:00,2011-11-10 13:01:00,64,126.86666666666667,4,3,2,432,9,Loyal Customers
17574.0,243,1,185.65,77,2011-04-11 09:47:00,2011-04-11 09:47:00,0,185.65,2,2,1,221,5,Hibernating
17575.0,668,1,171.7,72,2010-02-10 13:48:00,2010-02-10 13:48:00,0,171.7,1,2,1,121,4,Hibernating
17576.0,9,41,8831.6,4640,2009-12-03 16:54:00,2011-12-01 17:56:00,728,215.4048780487805,5,5,5,555,15,Champions
17577.0,646,2,348.75,179,2010-02-09 10:10:00,2010-03-04 13:01:00,23,174.375,1,3,2,132,6,At Risk
17578.0,219,7,1047.33,529,2010-06-28 11:55:00,2011-05-05 18:38:00,311,149.6185714285714,2,4,3,243,9,At Risk
17579.0,5,4,753.28,375,2010-05-10 14:28:00,2011-12-05 12:28:00,574,188.32,5,4,3,543,12,Loyal Customers
17580.0,253,5,541.02,223,2010-10-13 14:28:00,2011-04-01 12:41:00,170,108.204,2,4,2,242,8,At Risk
17581.0,1,43,18737.95,9960,2009-12-03 12:34:00,2011-12-09 12:21:00,736,435.76627906976745,5,5,5,555,15,Champions
17582.0,237,5,1446.95,603,2010-03-26 12:23:00,2011-04-17 13:18:00,387,289.39,2,4,4,244,10,At Risk High Value
17583.0,561,1,135.95,55,2010-05-28 14:24:00,2010-05-28 14:24:00,0,135.95,1,2,1,121,4,Hibernating
17584.0,8,6,5309.42,2464,2010-01-25 08:17:00,2011-12-02 17:12:00,676,884.9033333333333,5,4,5,545,14,Champions
17585.0,110,7,2064.71,2510,2010-08-18 16:39:00,2011-08-22 13:30:00,369,294.9585714285714,3,4,4,344,11,Potential Loyalists
17586.0,620,1,167.4,68,2010-03-30 13:12:00,2010-03-30 13:12:00,0,167.4,1,2,1,121,4,Hibernating
17587.0,629,1,176.71,67,2010-03-21 14:16:00,2010-03-21 14:16:00,0,176.71,1,2,1,121,4,Hibernating
17588.0,101,7,2939.55,1379,2010-03-12 12:34:00,2011-08-31 13:37:00,537,419.9357142857143,3,4,4,344,11,Potential Loyalists
17589.0,61,18,13837.94,8704,2010-03-07 13:48:00,2011-10-10 16:58:00,582,768.7744444444445,3,5,5,355,13,Potential Loyalists
17590.0,3,3,1468.02,822,2011-10-30 14:05:00,2011-12-07 12:55:00,38,489.34,5,3,4,534,12,Loyal Customers
17591.0,74,8,2723.62,1152,2010-01-17 16:09:00,2011-09-27 13:42:00,618,340.4525,3,5,4,354,12,Potential Loyalists
17592.0,739,1,148.3,38,2009-12-01 10:49:00,2009-12-01 10:49:00,0,148.3,1,2,1,121,4,Hibernating
17593.0,4,11,8092.32,5595,2009-12-04 14:35:00,2011-12-06 10:30:00,732,735.6654545454545,5,5,5,555,15,Champions
17594.0,86,4,2497.88,1368,2010-04-14 08:53:00,2011-09-15 16:34:00,519,624.47,3,4,4,344,11,Potential Loyalists
17595.0,13,2,386.69,228,2011-11-02 16:19:00,2011-11-27 16:08:00,25,193.345,5,3,2,532,10,Loyal Customers
17596.0,24,13,4882.43,7539,2009-12-15 13:21:00,2011-11-16 14:11:00,701,375.57153846153847,4,5,5,455,14,Champions
17597.0,214,5,3484.09,2215,2010-05-05 15:33:00,2011-05-10 11:54:00,370,696.818,2,4,5,245,11,At Risk High Value
17598.0,382,1,409.98,126,2010-11-23 17:43:00,2010-11-23 17:43:00,0,409.98,2,2,2,222,6,Hibernating
17599.0,478,1,52.05,11,2010-08-19 12:50:00,2010-08-19 12:50:00,0,52.05,1,2,1,121,4,Hibernating
17600.0,18,1,161.67000000000002,144,2011-11-22 09:43:00,2011-11-22 09:43:00,0,161.67000000000002,5,2,1,521,8,New / Promising
17601.0,240,2,413.08,295,2010-11-24 14:29:00,2011-04-14 18:02:00,141,206.54,2,3,2,232,7,At Risk
17602.0,3,14,7354.43,5880,2010-03-30 17:25:00,2011-12-07 13:53:00,617,525.3164285714286,5,5,5,555,15,Champions
17603.0,79,4,1788.38,638,2009-12-10 09:44:00,2011-09-22 14:18:00,651,447.095,3,4,4,344,11,Potential Loyalists
17604.0,218,6,942.38,614,2010-01-27 12:19:00,2011-05-06 13:43:00,464,157.06333333333333,2,4,3,243,9,At Risk
17605.0,591,1,160.75,71,2010-04-28 14:45:00,2010-04-28 14:45:00,0,160.75,1,2,1,121,4,Hibernating
17606.0,738,1,87.30000000000001,42,2009-12-02 13:32:00,2009-12-02 13:32:00,0,87.30000000000001,1,2,1,121,4,Hibernating
17607.0,377,1,333.81,269,2010-11-28 13:11:00,2010-11-28 13:11:00,0,333.81,2,2,2,222,6,Hibernating
17608.0,34,4,488.06,528,2010-04-11 13:37:00,2011-11-06 13:06:00,574,122.015,4,4,2,442,10,Loyal Customers
17609.0,41,11,1887.8999999999999,1321,2010-04-09 16:54:00,2011-10-30 12:28:00,569,171.62727272727273,4,5,4,454,13,Champions
17610.0,541,5,1511.94,893,2009-12-06 16:07:00,2010-06-17 16:34:00,193,302.38800000000003,1,4,4,144,9,At Risk High Value
17611.0,8,28,8337.53,5341,2009-12-01 13:29:00,2011-12-02 13:29:00,731,297.7689285714286,5,5,5,555,15,Champions
17612.0,54,18,5394.86,3521,2009-12-17 11:59:00,2011-10-17 14:59:00,669,299.71444444444444,4,5,5,455,14,Champions
17613.0,23,14,4544.55,2490,2011-02-07 11:20:00,2011-11-17 10:51:00,283,324.6107142857143,4,5,5,455,14,Champions
17614.0,58,1,386.32,235,2011-10-13 16:01:00,2011-10-13 16:01:00,0,386.32,4,2,2,422,8,New / Promising
17615.0,131,6,721.8000000000001,378,2010-08-11 12:54:00,2011-08-01 14:06:00,355,120.30000000000001,3,4,3,343,10,Potential Loyalists
17616.0,174,4,1060.8,416,2010-09-14 10:43:00,2011-06-19 10:11:00,278,265.2,3,4,3,343,10,Potential Loyalists
17617.0,559,1,385.19,249,2010-05-30 12:48:00,2010-05-30 12:48:00,0,385.19,1,2,2,122,5,Hibernating
17618.0,6,11,4001.64,1798,2010-01-24 11:03:00,2011-12-04 11:50:00,679,363.7854545454545,5,5,5,555,15,Champions
17619.0,313,1,214.37,124,2011-01-31 14:18:00,2011-01-31 14:18:00,0,214.37,2,2,1,221,5,Hibernating
17620.0,60,1,81.44,60,2011-10-11 12:08:00,2011-10-11 12:08:00,0,81.44,3,2,1,321,6,Needs Attention
17621.0,22,6,3175.12,1110,2010-10-04 09:37:00,2011-11-18 17:11:00,410,529.1866666666666,4,4,5,445,13,Champions
17622.0,598,2,1130.21,379,2010-04-20 13:38:00,2010-04-21 12:36:00,1,565.105,1,3,3,133,7,At Risk
17623.0,33,7,2365.77,799,2009-12-14 14:36:00,2011-11-07 11:32:00,693,337.96714285714285,4,4,4,444,12,Champions
17624.0,15,4,1568.63,958,2009-12-20 12:35:00,2011-11-25 10:52:00,705,392.1575,5,4,4,544,13,Champions
17625.0,19,8,5978.9,3505,2009-12-15 11:49:00,2011-11-21 13:36:00,706,747.3625,5,5,5,555,15,Champions
17626.0,603,1,254.0,202,2010-04-16 12:15:00,2010-04-16 12:15:00,0,254.0,1,2,1,121,4,Hibernating
17627.0,479,1,296.36,676,2010-08-18 11:27:00,2010-08-18 11:27:00,0,296.36,1,2,2,122,5,Hibernating
17628.0,82,1,75.75,79,2011-09-19 15:21:00,2011-09-19 15:21:00,0,75.75,3,2,1,321,6,Needs Attention
17629.0,6,10,2455.52,1903,2010-10-14 13:35:00,2011-12-04 10:56:00,416,245.552,5,5,4,554,14,Champions
17630.0,170,2,503.6,158,2011-04-21 14:03:00,2011-06-23 11:58:00,63,251.8,3,3,2,332,8,Potential Loyalists
17631.0,2,7,998.49,591,2009-12-09 14:15:00,2011-12-08 09:47:00,729,142.64142857142858,5,4,3,543,12,Loyal Customers
17633.0,32,7,2057.39,899,2010-11-15 14:55:00,2011-11-08 13:25:00,358,293.91285714285715,4,4,4,444,12,Champions
17634.0,37,9,2358.59,838,2011-01-06 12:45:00,2011-11-03 13:09:00,301,262.0655555555556,4,5,4,454,13,Champions
17635.0,425,3,1265.58,770,2010-04-28 10:51:00,2010-10-11 15:12:00,166,421.85999999999996,1,3,4,134,8,At Risk
17636.0,20,1,285.56,182,2011-11-20 14:40:00,2011-11-20 14:40:00,0,285.56,5,2,1,521,8,New / Promising
17637.0,32,2,547.0600000000001,280,2011-08-16 13:25:00,2011-11-08 12:51:00,84,273.53000000000003,4,3,2,432,9,Loyal Customers
17638.0,648,2,842.4000000000001,432,2009-12-18 09:58:00,2010-03-02 14:32:00,74,421.20000000000005,1,3,3,133,7,At Risk
17639.0,277,6,615.17,576,2010-08-13 11:59:00,2011-03-08 15:22:00,207,102.52833333333332,2,4,3,243,9,At Risk
17640.0,87,6,3168.94,1692,2010-03-23 09:15:00,2011-09-14 09:13:00,540,528.1566666666666,3,4,5,345,12,Potential Loyalists
17642.0,120,5,1824.49,1475,2009-12-05 16:01:00,2011-08-12 09:11:00,615,364.898,3,4,4,344,11,Potential Loyalists
17643.0,374,2,541.25,297,2010-07-22 13:07:00,2010-12-01 14:38:00,132,270.625,2,3,2,232,7,At Risk
17644.0,2,20,6028.6,3469,2010-02-16 08:44:00,2011-12-08 13:43:00,660,301.43,5,5,5,555,15,Champions
17646.0,220,12,4149.79,1418,2009-12-16 09:37:00,2011-05-04 13:17:00,504,345.81583333333333,2,5,5,255,12,At Risk High Value
17647.0,66,3,331.65999999999997,82,2010-02-08 14:39:00,2011-10-05 15:38:00,604,110.55333333333333,3,3,2,332,8,Potential Loyalists
17648.0,61,5,2216.37,954,2010-11-19 16:41:00,2011-10-10 09:41:00,325,443.274,3,4,4,344,11,Potential Loyalists
17649.0,139,3,1578.89,723,2010-08-24 13:01:00,2011-07-24 15:53:00,334,526.2966666666667,3,3,4,334,10,Potential Loyalists
17650.0,22,1,166.07999999999998,150,2011-11-18 14:52:00,2011-11-18 14:52:00,0,166.07999999999998,4,2,1,421,7,New / Promising
17651.0,12,16,5703.52,4086,2010-07-01 12:17:00,2011-11-28 10:29:00,515,356.47,5,5,5,555,15,Champions
17652.0,26,12,4867.72,2509,2011-03-03 14:05:00,2011-11-14 12:55:00,256,405.6433333333334,4,5,5,455,14,Champions
17653.0,37,4,1207.56,1409,2011-08-11 15:24:00,2011-11-03 12:46:00,84,301.89,4,4,3,443,11,Loyal Customers
17654.0,278,1,117.55,41,2011-03-07 13:17:00,2011-03-07 13:17:00,0,117.55,2,2,1,221,5,Hibernating
17655.0,11,9,3652.48,1542,2010-10-19 10:20:00,2011-11-29 11:34:00,406,405.8311111111111,5,5,5,555,15,Champions
17656.0,74,5,1674.69,1399,2011-08-03 10:45:00,2011-09-27 13:04:00,55,334.938,3,4,4,344,11,Potential Loyalists
17657.0,431,1,126.0,60,2010-10-05 14:52:00,2010-10-05 14:52:00,0,126.0,1,2,1,121,4,Hibernating
17658.0,26,2,595.42,616,2011-05-12 15:23:00,2011-11-14 12:07:00,186,297.71,4,3,2,432,9,Loyal Customers
17659.0,18,14,3834.79,1816,2010-11-18 14:20:00,2011-11-22 13:29:00,369,273.9135714285714,5,5,5,555,15,Champions
17660.0,142,2,342.22,259,2009-12-02 16:02:00,2011-07-21 13:37:00,596,171.11,3,3,2,332,8,Potential Loyalists
17662.0,662,2,412.92,184,2009-12-17 09:54:00,2010-02-16 09:38:00,61,206.46,1,3,2,132,6,At Risk
17663.0,26,17,5175.83,2297,2010-03-04 11:42:00,2011-11-14 08:56:00,620,304.4605882352941,4,5,5,455,14,Champions
17664.0,19,4,1166.23,1058,2010-03-29 17:17:00,2011-11-21 11:29:00,602,291.5575,5,4,3,543,12,Loyal Customers
17665.0,494,1,563.1,690,2010-08-03 13:12:00,2010-08-03 13:12:00,0,563.1,1,2,2,122,5,Hibernating
17666.0,4,5,2047.8,1552,2010-06-30 12:03:00,2011-12-06 09:06:00,524,409.56,5,4,4,544,13,Champions
17667.0,67,9,3950.7,2192,2010-02-23 09:57:00,2011-10-04 14:32:00,588,438.96666666666664,3,5,5,355,13,Potential Loyalists
17668.0,2,2,347.75,93,2011-11-01 14:45:00,2011-12-08 13:25:00,37,173.875,5,3,2,532,10,Loyal Customers
17669.0,43,10,6142.35,3505,2010-04-01 18:48:00,2011-10-28 08:53:00,575,614.235,4,5,5,455,14,Champions
17670.0,228,1,205.7,110,2011-04-26 09:12:00,2011-04-26 09:12:00,0,205.7,2,2,1,221,5,Hibernating
17671.0,16,5,2403.34,1177,2010-11-29 11:53:00,2011-11-24 12:21:00,360,480.668,5,4,4,544,13,Champions
17672.0,51,7,5778.63,2758,2010-01-26 17:20:00,2011-10-20 14:18:00,632,825.5185714285715,4,4,5,445,13,Champions
17673.0,2,13,4173.88,3284,2010-03-19 14:02:00,2011-12-08 12:50:00,629,321.0676923076923,5,5,5,555,15,Champions
17674.0,75,2,851.7,1021,2010-12-06 10:20:00,2011-09-26 13:35:00,294,425.85,3,3,3,333,9,Potential Loyalists
17675.0,2,70,38259.6,16416,2009-12-10 16:10:00,2011-12-08 18:03:00,728,546.5657142857143,5,5,5,555,15,Champions
17676.0,5,10,2749.34,1922,2010-03-30 10:49:00,2011-12-05 15:16:00,615,274.934,5,5,4,554,14,Champions
17677.0,2,54,36675.06,21933,2009-12-16 11:23:00,2011-12-08 09:56:00,722,679.1677777777777,5,5,5,555,15,Champions
17678.0,264,2,599.76,368,2010-04-15 13:54:00,2011-03-21 11:52:00,340,299.88,2,3,2,232,7,At Risk
17679.0,53,7,3577.61,1755,2009-12-03 17:32:00,2011-10-18 07:43:00,684,511.08714285714285,4,4,5,445,13,Champions
17680.0,24,3,497.45000000000005,155,2010-07-16 16:07:00,2011-11-16 12:42:00,488,165.8166666666667,4,3,2,432,9,Loyal Customers
17681.0,598,5,731.2,450,2010-01-15 11:53:00,2010-04-21 17:22:00,96,146.24,1,4,3,143,8,At Risk
17682.0,11,11,4456.78,2491,2010-03-08 09:49:00,2011-11-29 15:59:00,631,405.16181818181815,5,5,5,555,15,Champions
17683.0,386,3,819.01,781,2010-06-03 17:15:00,2010-11-19 10:11:00,169,273.00333333333333,2,3,3,233,8,At Risk
17684.0,44,1,239.41,145,2011-10-27 11:10:00,2011-10-27 11:10:00,0,239.41,4,2,1,421,7,New / Promising
17685.0,17,12,5907.47,3805,2010-02-11 13:44:00,2011-11-23 11:36:00,650,492.2891666666667,5,5,5,555,15,Champions
17686.0,8,9,8296.81,3583,2010-06-24 09:49:00,2011-12-02 15:39:00,526,921.8677777777777,5,5,5,555,15,Champions
17687.0,421,1,432.68,210,2010-10-15 12:30:00,2010-10-15 12:30:00,0,432.68,1,2,2,122,5,Hibernating
17688.0,394,1,304.2,114,2010-11-11 10:41:00,2010-11-11 10:41:00,0,304.2,2,2,2,222,6,Hibernating
17689.0,389,2,317.08,300,2010-08-22 13:54:00,2010-11-16 13:22:00,86,158.54,2,3,2,232,7,At Risk
17690.0,31,20,7412.0,3121,2010-02-03 14:26:00,2011-11-09 15:17:00,644,370.6,4,5,5,455,14,Champions
17691.0,359,4,780.0500000000001,373,2010-06-11 11:50:00,2010-12-16 17:20:00,188,195.01250000000002,2,4,3,243,9,At Risk
17692.0,128,12,2975.8,2338,2010-06-17 11:14:00,2011-08-04 14:01:00,413,247.98333333333335,3,5,5,355,13,Potential Loyalists
17693.0,138,1,200.47,231,2011-07-25 15:48:00,2011-07-25 15:48:00,0,200.47,3,2,1,321,6,Needs Attention
17694.0,142,3,1695.97,1493,2010-05-26 08:27:00,2011-07-21 12:00:00,421,565.3233333333334,3,3,4,334,10,Potential Loyalists
17695.0,132,5,1746.04,1809,2010-01-28 09:27:00,2011-07-31 10:40:00,549,349.20799999999997,3,4,4,344,11,Potential Loyalists
17696.0,39,27,7679.59,5891,2009-12-10 17:09:00,2011-11-01 13:43:00,691,284.42925925925925,4,5,5,455,14,Champions
17697.0,237,1,338.95,93,2011-04-17 15:40:00,2011-04-17 15:40:00,0,338.95,2,2,2,222,6,Hibernating
17698.0,261,1,154.95,93,2011-03-24 11:34:00,2011-03-24 11:34:00,0,154.95,2,2,1,221,5,Hibernating
17699.0,477,2,442.0,208,2010-05-27 11:53:00,2010-08-20 09:39:00,85,221.0,1,3,2,132,6,At Risk
17700.0,17,14,6679.97,3469,2009-12-01 11:37:00,2011-11-23 11:51:00,722,477.1407142857143,5,5,5,555,15,Champions
17701.0,253,1,417.95,109,2011-04-01 12:25:00,2011-04-01 12:25:00,0,417.95,2,2,2,222,6,Hibernating
17702.0,31,6,3144.04,2153,2010-11-04 12:09:00,2011-11-09 16:03:00,370,524.0066666666667,4,4,5,445,13,Champions
17703.0,36,4,1094.84,897,2010-10-17 16:16:00,2011-11-04 15:51:00,383,273.71,4,4,3,443,11,Loyal Customers
17704.0,169,2,885.19,343,2011-04-14 09:28:00,2011-06-24 09:40:00,71,442.595,3,3,3,333,9,Potential Loyalists
17705.0,4,11,2083.9,1301,2010-05-12 09:47:00,2011-12-06 13:45:00,573,189.44545454545457,5,5,4,554,14,Champions
17706.0,5,31,20749.98,8049,2010-01-19 12:13:00,2011-12-05 13:34:00,685,669.3541935483871,5,5,5,555,15,Champions
17707.0,186,8,609.3,546,2009-12-07 12:19:00,2011-06-07 15:03:00,547,76.1625,3,5,2,352,10,Potential Loyalists
17708.0,188,4,884.1800000000001,387,2010-10-12 12:13:00,2011-06-05 10:12:00,236,221.04500000000002,3,4,3,343,10,Potential Loyalists
17709.0,170,5,671.01,295,2010-04-15 14:48:00,2011-06-23 11:55:00,434,134.202,3,4,3,343,10,Potential Loyalists
17710.0,424,1,293.5,158,2010-10-12 07:49:00,2010-10-12 07:49:00,0,293.5,1,2,2,122,5,Hibernating
17711.0,11,2,385.1,246,2011-02-23 11:32:00,2011-11-29 11:40:00,279,192.55,5,3,2,532,10,Loyal Customers
17712.0,45,1,522.91,215,2011-10-26 12:28:00,2011-10-26 12:28:00,0,522.91,4,2,2,422,8,New / Promising
17713.0,383,4,1198.09,989,2010-06-09 09:33:00,2010-11-22 16:50:00,166,299.5225,2,4,3,243,9,At Risk
17714.0,321,5,1410.18,608,2010-07-14 10:41:00,2011-01-23 10:32:00,193,282.036,2,4,4,244,10,At Risk High Value
17715.0,201,2,489.59999999999997,576,2010-04-26 12:17:00,2011-05-23 12:32:00,392,244.79999999999998,2,3,2,232,7,At Risk
17716.0,23,24,15956.970000000001,8819,2009-12-02 17:18:00,2011-11-17 12:00:00,715,664.8737500000001,4,5,5,455,14,Champions
17717.0,422,1,376.92,344,2010-10-14 12:54:00,2010-10-14 12:54:00,0,376.92,1,2,2,122,5,Hibernating
17718.0,233,2,439.18,274,2010-03-05 08:01:00,2011-04-21 13:39:00,412,219.59,2,3,2,232,7,At Risk
17719.0,38,15,5396.04,2466,2011-03-29 11:29:00,2011-11-02 10:36:00,218,359.736,4,5,5,455,14,Champions
17720.0,27,10,2768.91,1613,2010-05-10 09:58:00,2011-11-13 15:04:00,552,276.89099999999996,4,5,4,454,13,Champions
17721.0,660,1,307.21000000000004,107,2010-02-18 15:18:00,2010-02-18 15:18:00,0,307.21000000000004,1,2,2,122,5,Hibernating
17722.0,97,5,4430.36,2937,2010-11-29 09:44:00,2011-09-04 15:22:00,279,886.0719999999999,3,4,5,345,12,Potential Loyalists
17723.0,128,7,3378.4000000000005,912,2010-11-29 10:35:00,2011-08-04 18:37:00,248,482.6285714285715,3,4,5,345,12,Potential Loyalists
17724.0,72,3,1033.0,300,2011-07-24 13:26:00,2011-09-29 15:26:00,67,344.3333333333333,3,3,3,333,9,Potential Loyalists
17725.0,17,11,3439.08,2162,2011-03-17 19:47:00,2011-11-23 16:34:00,251,312.64363636363635,5,5,5,555,15,Champions
17726.0,396,7,1092.06,444,2010-01-26 14:58:00,2010-11-09 13:37:00,287,156.00857142857143,2,4,3,243,9,At Risk
17727.0,16,1,1060.25,645,2011-11-24 17:06:00,2011-11-24 17:06:00,0,1060.25,5,2,3,523,10,New / Promising
17728.0,4,5,4238.76,2146,2010-09-12 14:58:00,2011-12-06 08:52:00,450,847.7520000000001,5,4,5,545,14,Champions
17729.0,597,1,438.65000000000003,247,2010-04-22 15:03:00,2010-04-22 15:03:00,0,438.65000000000003,1,2,2,122,5,Hibernating
17730.0,4,20,7773.8,5300,2010-04-29 11:48:00,2011-12-06 15:43:00,586,388.69,5,5,5,555,15,Champions
17731.0,80,6,1708.99,707,2010-02-09 12:37:00,2011-09-21 15:02:00,589,284.83166666666665,3,4,4,344,11,Potential Loyalists
17732.0,373,8,2470.39,1151,2010-08-09 08:41:00,2010-12-02 09:29:00,115,308.79875,2,5,4,254,11,At Risk High Value
17733.0,39,2,692.19,463,2011-03-23 09:54:00,2011-11-01 08:16:00,223,346.095,4,3,3,433,10,Loyal Customers
17734.0,54,6,1442.32,741,2010-03-07 13:55:00,2011-10-17 12:33:00,589,240.38666666666666,4,4,4,444,12,Champions
17735.0,3,26,17244.93,10901,2010-07-30 13:25:00,2011-12-07 16:47:00,495,663.2665384615385,5,5,5,555,15,Champions
17736.0,10,3,377.44,238,2011-08-18 14:33:00,2011-11-30 15:36:00,104,125.81333333333333,5,3,2,532,10,Loyal Customers
17737.0,10,2,168.24,108,2011-10-12 14:42:00,2011-11-30 15:16:00,49,84.12,5,3,1,531,9,Loyal Customers
17738.0,20,13,4183.56,2776,2010-03-19 10:07:00,2011-11-20 15:05:00,611,321.81230769230774,5,5,5,555,15,Champions
17739.0,12,18,7730.59,2335,2009-12-07 10:48:00,2011-11-28 09:12:00,721,429.4772222222222,5,5,5,555,15,Champions
17740.0,390,6,426.90000000000003,222,2010-01-11 13:11:00,2010-11-15 16:33:00,308,71.15,2,4,2,242,8,At Risk
17741.0,407,2,101.1,114,2010-05-28 12:11:00,2010-10-29 11:59:00,154,50.55,2,3,1,231,6,At Risk
17742.0,114,11,2098.48,653,2009-12-01 13:16:00,2011-08-18 15:28:00,625,190.7709090909091,3,5,4,354,12,Potential Loyalists
17743.0,449,1,229.2,96,2010-09-17 14:54:00,2010-09-17 14:54:00,0,229.2,1,2,1,121,4,Hibernating
17744.0,4,7,2649.14,3826,2010-11-24 09:34:00,2011-12-06 12:11:00,377,378.4485714285714,5,4,4,544,13,Champions
17745.0,478,2,600.34,164,2010-06-02 09:03:00,2010-08-19 12:30:00,78,300.17,1,3,2,132,6,At Risk
17746.0,241,4,904.1800000000001,688,2010-04-08 12:54:00,2011-04-13 14:31:00,370,226.04500000000002,2,4,3,243,9,At Risk
17747.0,113,1,71.4,12,2011-08-19 08:13:00,2011-08-19 08:13:00,0,71.4,3,2,1,321,6,Needs Attention
17748.0,528,1,358.15,111,2010-06-30 13:49:00,2010-06-30 13:49:00,0,358.15,1,2,2,122,5,Hibernating
17749.0,179,3,1026.18,446,2010-06-11 14:56:00,2011-06-14 15:45:00,368,342.06,3,3,3,333,9,Potential Loyalists
17750.0,6,9,1710.45,3747,2011-06-28 15:44:00,2011-12-04 14:09:00,159,190.05,5,5,4,554,14,Champions
17751.0,422,1,157.85999999999999,147,2010-10-14 13:57:00,2010-10-14 13:57:00,0,157.85999999999999,1,2,1,121,4,Hibernating
17752.0,360,1,80.64,192,2010-12-15 16:19:00,2010-12-15 16:19:00,0,80.64,2,2,1,221,5,Hibernating
17753.0,465,4,382.06,124,2010-01-06 14:20:00,2010-09-01 15:49:00,238,95.515,1,4,2,142,7,At Risk
17754.0,1,13,4451.22,4366,2009-12-11 15:52:00,2011-12-09 11:20:00,728,342.4015384615385,5,5,5,555,15,Champions
17756.0,376,3,728.75,399,2010-11-10 12:54:00,2010-11-29 12:20:00,19,242.91666666666666,2,3,3,233,8,At Risk
17757.0,2,56,9366.5,5151,2010-01-13 15:56:00,2011-12-08 15:31:00,694,167.25892857142858,5,5,5,555,15,Champions
17758.0,20,12,4964.03,3199,2010-05-20 13:18:00,2011-11-20 14:45:00,549,413.6691666666666,5,5,5,555,15,Champions
17759.0,18,5,1261.88,965,2010-05-05 11:40:00,2011-11-22 16:02:00,566,252.37600000000003,5,4,4,544,13,Champions
17760.0,22,6,918.93,696,2010-02-28 12:15:00,2011-11-18 10:56:00,628,153.155,4,4,3,443,11,Loyal Customers
17761.0,33,1,712.78,398,2011-11-07 10:23:00,2011-11-07 10:23:00,0,712.78,4,2,3,423,9,New / Promising
17762.0,457,1,129.75,129,2010-09-09 17:40:00,2010-09-09 17:40:00,0,129.75,1,2,1,121,4,Hibernating
17763.0,264,4,86.15,41,2010-02-18 14:32:00,2011-03-21 14:25:00,396,21.5375,2,4,1,241,7,At Risk
17764.0,51,5,1513.57,674,2009-12-03 14:28:00,2011-10-20 11:03:00,686,302.714,4,4,4,444,12,Champions
17765.0,159,4,524.0,195,2010-09-17 12:45:00,2011-07-04 12:41:00,290,131.0,3,4,2,342,9,Potential Loyalists
17766.0,382,2,299.61,155,2010-11-23 14:17:00,2010-11-23 14:29:00,0,149.805,2,3,2,232,7,At Risk
17767.0,16,2,413.05,198,2010-10-25 16:22:00,2011-11-24 14:42:00,395,206.525,5,3,2,532,10,Loyal Customers
17768.0,9,7,3292.73,2339,2009-12-02 12:26:00,2011-12-01 13:22:00,729,470.39,5,4,5,545,14,Champions
17769.0,13,17,7053.38,3157,2010-01-19 11:33:00,2011-11-27 11:18:00,677,414.90470588235297,5,5,5,555,15,Champions
17770.0,199,5,1143.27,365,2011-03-02 13:35:00,2011-05-25 12:34:00,84,228.654,2,4,3,243,9,At Risk
17771.0,57,4,387.41,373,2010-04-29 13:21:00,2011-10-14 11:43:00,533,96.8525,4,4,2,442,10,Loyal Customers
17772.0,11,3,360.75,113,2010-11-12 11:31:00,2011-11-29 11:05:00,382,120.25,5,3,2,532,10,Loyal Customers
17773.0,515,2,575.37,254,2010-01-18 14:32:00,2010-07-13 14:07:00,176,287.685,1,3,2,132,6,At Risk
17774.0,97,9,3273.83,1585,2010-02-08 16:06:00,2011-09-04 12:49:00,573,363.75888888888886,3,5,5,355,13,Potential Loyalists
17775.0,255,1,56.4,72,2011-03-30 10:50:00,2011-03-30 10:50:00,0,56.4,2,2,1,221,5,Hibernating
17776.0,387,2,330.56,273,2009-12-16 14:59:00,2010-11-18 12:14:00,337,165.28,2,3,2,232,7,At Risk
17777.0,25,3,647.56,501,2011-08-31 14:35:00,2011-11-15 12:02:00,76,215.85333333333332,4,3,3,433,10,Loyal Customers
17778.0,662,1,197.70000000000002,214,2010-02-16 12:44:00,2010-02-16 12:44:00,0,197.70000000000002,1,2,1,121,4,Hibernating
17779.0,22,3,650.32,396,2011-07-19 12:19:00,2011-11-18 14:15:00,122,216.77333333333334,4,3,3,433,10,Loyal Customers
17780.0,668,3,346.56,156,2010-01-24 11:21:00,2010-02-10 13:43:00,17,115.52,1,3,2,132,6,At Risk
17781.0,160,2,188.02,34,2011-03-31 19:54:00,2011-07-03 16:00:00,94,94.01,3,3,1,331,7,Potential Loyalists
17782.0,383,2,679.02,538,2010-11-22 10:03:00,2010-11-22 11:15:00,0,339.51,2,3,3,233,8,At Risk
17783.0,73,3,376.96,438,2010-07-15 12:50:00,2011-09-28 16:07:00,440,125.65333333333332,3,3,2,332,8,Potential Loyalists
17784.0,551,1,112.86,72,2010-06-07 16:08:00,2010-06-07 16:08:00,0,112.86,1,2,1,121,4,Hibernating
17785.0,54,3,403.38,227,2010-05-23 13:01:00,2011-10-17 13:43:00,512,134.46,4,3,2,432,9,Loyal Customers
17786.0,86,2,266.85,195,2011-01-26 14:35:00,2011-09-15 12:51:00,232,133.425,3,3,1,331,7,Potential Loyalists
17787.0,153,4,2553.82,1252,2010-12-03 13:43:00,2011-07-10 11:24:00,219,638.455,3,4,4,344,11,Potential Loyalists
17788.0,74,2,1117.9,211,2011-08-02 10:38:00,2011-09-27 10:09:00,56,558.95,3,3,3,333,9,Potential Loyalists
17789.0,282,2,397.15,199,2010-02-16 13:16:00,2011-03-03 13:14:00,380,198.575,2,3,2,232,7,At Risk
17790.0,27,20,2779.41,1387,2010-06-13 13:30:00,2011-11-13 11:30:00,518,138.9705,4,5,4,454,13,Champions
17791.0,30,1,106.1,46,2011-11-10 12:09:00,2011-11-10 12:09:00,0,106.1,4,2,1,421,7,New / Promising
17792.0,468,2,368.35,149,2010-08-18 13:08:00,2010-08-29 14:30:00,11,184.175,1,3,2,132,6,At Risk
17793.0,26,1,300.34,226,2011-11-14 14:24:00,2011-11-14 14:24:00,0,300.34,4,2,2,422,8,New / Promising
17794.0,687,2,147.3,46,2010-01-20 12:17:00,2010-01-22 10:18:00,2,73.65,1,3,1,131,5,At Risk
17795.0,180,2,342.83,305,2011-03-20 12:02:00,2011-06-13 12:36:00,85,171.415,3,3,2,332,8,Potential Loyalists
17796.0,41,7,1351.04,375,2010-10-14 13:37:00,2011-10-30 15:38:00,381,193.00571428571428,4,4,4,444,12,Champions
17797.0,23,8,1971.8700000000001,1086,2009-12-15 14:30:00,2011-11-17 13:21:00,702,246.48375000000001,4,5,4,454,13,Champions
17798.0,582,1,178.07,138,2010-05-07 11:42:00,2010-05-07 11:42:00,0,178.07,1,2,1,121,4,Hibernating
17799.0,23,20,6246.93,3674,2009-12-13 16:03:00,2011-11-17 15:16:00,704,312.3465,4,5,5,455,14,Champions
17800.0,38,9,1187.21,732,2011-01-09 13:50:00,2011-11-02 12:57:00,297,131.91222222222223,4,5,3,453,12,Loyal Customers
17801.0,452,3,770.03,820,2010-01-17 11:31:00,2010-09-14 14:32:00,240,256.6766666666667,1,3,3,133,7,At Risk
17802.0,83,10,5046.42,2780,2009-12-13 13:39:00,2011-09-18 14:56:00,644,504.642,3,5,5,355,13,Potential Loyalists
17803.0,393,1,184.66,98,2010-11-12 13:53:00,2010-11-12 13:53:00,0,184.66,2,2,1,221,5,Hibernating
17804.0,377,3,383.78000000000003,194,2009-12-01 12:22:00,2010-11-28 14:01:00,362,127.92666666666668,2,3,2,232,7,At Risk
17805.0,74,2,927.03,1126,2010-04-08 14:36:00,2011-09-27 11:49:00,537,463.515,3,3,3,333,9,Potential Loyalists
17806.0,12,1,546.04,727,2011-11-28 14:12:00,2011-11-28 14:12:00,0,546.04,5,2,2,522,9,New / Promising
17807.0,396,3,437.87,262,2010-01-04 14:00:00,2010-11-09 16:21:00,309,145.95666666666668,2,3,2,232,7,At Risk
17808.0,549,4,262.64,143,2010-05-07 16:26:00,2010-06-09 10:44:00,33,65.66,1,4,1,141,6,At Risk
17809.0,17,20,11337.39,3353,2009-12-02 14:52:00,2011-11-23 12:59:00,721,566.8695,5,5,5,555,15,Champions
17810.0,669,2,373.16,118,2010-01-25 10:26:00,2010-02-09 10:47:00,15,186.58,1,3,2,132,6,At Risk
17811.0,5,47,9519.8,5278,2010-09-20 11:24:00,2011-12-05 13:46:00,441,202.54893617021276,5,5,5,555,15,Champions
17812.0,13,7,1105.29,571,2010-06-27 13:34:00,2011-11-27 11:47:00,518,157.89857142857142,5,4,3,543,12,Loyal Customers
17813.0,15,5,1698.07,752,2011-09-29 15:57:00,2011-11-25 16:13:00,57,339.614,5,4,4,544,13,Champions
17814.0,376,2,1609.37,1435,2010-10-13 14:03:00,2010-11-29 14:21:00,47,804.685,2,3,4,234,9,At Risk
17815.0,394,1,591.96,612,2010-11-11 14:39:00,2010-11-11 14:39:00,0,591.96,2,2,2,222,6,Hibernating
17816.0,37,6,112.32,96,2009-12-15 15:27:00,2011-11-03 11:34:00,688,18.72,4,4,1,441,9,Loyal Customers
17817.0,5,6,788.15,353,2010-10-13 15:07:00,2011-12-05 14:39:00,418,131.35833333333332,5,4,3,543,12,Loyal Customers
17818.0,738,1,124.78,86,2009-12-02 11:34:00,2009-12-02 11:34:00,0,124.78,1,2,1,121,4,Hibernating
17819.0,72,12,6612.52,1849,2009-12-13 15:24:00,2011-09-29 10:52:00,655,551.0433333333334,3,5,5,355,13,Potential Loyalists
17820.0,375,1,180.60999999999999,111,2010-11-30 17:43:00,2010-11-30 17:43:00,0,180.60999999999999,2,2,1,221,5,Hibernating
17821.0,407,1,334.62,162,2010-10-29 13:20:00,2010-10-29 13:20:00,0,334.62,2,2,2,222,6,Hibernating
17822.0,421,5,2162.93,1375,2010-05-28 12:15:00,2010-10-15 13:47:00,140,432.58599999999996,1,4,4,144,9,At Risk High Value
17823.0,422,2,449.25,252,2010-10-14 16:14:00,2010-10-14 16:24:00,0,224.625,1,3,2,132,6,At Risk
17824.0,52,1,298.4,408,2011-10-19 14:14:00,2011-10-19 14:14:00,0,298.4,4,2,2,422,8,New / Promising
17825.0,599,4,701.96,516,2009-12-14 12:09:00,2010-04-20 12:01:00,127,175.49,1,4,3,143,8,At Risk
17826.0,375,1,133.34,84,2010-11-30 13:23:00,2010-11-30 13:23:00,0,133.34,2,2,1,221,5,Hibernating
17827.0,6,6,2376.17,1582,2010-03-28 12:20:00,2011-12-04 15:00:00,616,396.02833333333336,5,4,4,544,13,Champions
17828.0,23,4,1820.09,667,2011-06-08 08:31:00,2011-11-17 08:41:00,162,455.0225,4,4,4,444,12,Champions
17829.0,299,5,4756.74,3009,2010-02-22 15:39:00,2011-02-14 12:46:00,357,951.348,2,4,5,245,11,At Risk High Value
17830.0,2,3,398.7,92,2011-02-24 10:15:00,2011-12-08 12:28:00,287,132.9,5,3,2,532,10,Loyal Customers
17831.0,34,1,35.400000000000006,12,2011-11-06 15:09:00,2011-11-06 15:09:00,0,35.400000000000006,4,2,1,421,7,New / Promising
17832.0,50,1,155.37,208,2011-10-21 11:43:00,2011-10-21 11:43:00,0,155.37,4,2,1,421,7,New / Promising
17833.0,724,1,338.46000000000004,143,2009-12-16 13:40:00,2009-12-16 13:40:00,0,338.46000000000004,1,2,2,122,5,Hibernating
17834.0,415,2,689.6700000000001,639,2010-09-20 15:32:00,2010-10-21 12:09:00,31,344.83500000000004,1,3,3,133,7,At Risk
17835.0,3,3,342.24,344,2011-11-16 16:30:00,2011-12-07 11:48:00,21,114.08,5,3,2,532,10,Loyal Customers
17836.0,48,1,110.21000000000001,88,2011-10-23 16:13:00,2011-10-23 16:13:00,0,110.21000000000001,4,2,1,421,7,New / Promising
17837.0,43,8,1541.23,510,2011-06-29 16:44:00,2011-10-28 16:13:00,121,192.65375,4,5,4,454,13,Champions
17838.0,27,13,6507.5,4023,2010-03-19 09:53:00,2011-11-13 11:20:00,604,500.5769230769231,4,5,5,455,14,Champions
17839.0,43,1,318.15,257,2011-10-28 17:27:00,2011-10-28 17:27:00,0,318.15,4,2,2,422,8,New / Promising
17840.0,444,1,175.9,128,2010-09-22 12:24:00,2010-09-22 12:24:00,0,175.9,1,2,1,121,4,Hibernating
17841.0,2,211,70081.86,37166,2009-12-02 15:41:00,2011-12-08 12:07:00,736,332.1415165876777,5,5,5,555,15,Champions
17842.0,603,1,430.69,89,2010-04-16 14:23:00,2010-04-16 14:23:00,0,430.69,1,2,2,122,5,Hibernating
17843.0,304,2,320.4,251,2010-10-24 10:56:00,2011-02-09 15:33:00,108,160.2,2,3,2,232,7,At Risk
17844.0,107,1,51.559999999999995,52,2011-08-25 11:27:00,2011-08-25 11:27:00,0,51.559999999999995,3,2,1,321,6,Needs Attention
17845.0,556,4,596.09,195,2010-05-12 13:04:00,2010-06-02 15:20:00,21,149.0225,1,4,2,142,7,At Risk
17846.0,86,1,2033.1,1,2011-09-15 15:20:00,2011-09-15 15:20:00,0,2033.1,3,2,4,324,9,Needs Attention
17847.0,516,2,129.69,29,2010-03-04 12:57:00,2010-07-12 10:00:00,130,64.845,1,3,1,131,5,At Risk
17848.0,82,30,3559.11,1404,2009-12-06 13:19:00,2011-09-19 16:49:00,652,118.637,3,5,5,355,13,Potential Loyalists
17849.0,219,8,1063.76,224,2010-03-14 15:17:00,2011-05-05 13:46:00,417,132.97,2,5,3,253,10,At Risk
17850.0,373,155,56600.08,22785,2009-12-05 12:28:00,2010-12-02 15:27:00,362,365.1618064516129,2,5,5,255,12,At Risk High Value
17851.0,423,6,1552.35,933,2009-12-03 17:46:00,2010-10-13 15:13:00,314,258.72499999999997,1,4,4,144,9,At Risk High Value
17852.0,12,5,657.8100000000001,372,2009-12-08 12:51:00,2011-11-28 12:36:00,720,131.562,5,4,3,543,12,Loyal Customers
17853.0,408,3,1596.29,625,2009-12-03 15:09:00,2010-10-28 15:29:00,329,532.0966666666667,2,3,4,234,9,At Risk
17854.0,186,6,1068.5,607,2009-12-08 11:13:00,2011-06-07 16:21:00,546,178.08333333333334,3,4,3,343,10,Potential Loyalists
17855.0,373,1,417.94,394,2010-12-02 09:44:00,2010-12-02 09:44:00,0,417.94,2,2,2,222,6,Hibernating
17856.0,2,4,1418.03,842,2011-03-03 11:40:00,2011-12-08 09:40:00,280,354.5075,5,4,4,544,13,Champions
17857.0,5,24,28682.24,22060,2010-03-08 12:09:00,2011-12-05 13:13:00,637,1195.0933333333335,5,5,5,555,15,Champions
17858.0,6,30,12754.9,5458,2009-12-06 15:41:00,2011-12-04 11:56:00,728,425.1633333333333,5,5,5,555,15,Champions
17859.0,305,1,141.92,102,2011-02-08 10:32:00,2011-02-08 10:32:00,0,141.92,2,2,1,221,5,Hibernating
17860.0,369,4,943.84,789,2009-12-11 16:48:00,2010-12-06 12:41:00,360,235.96,2,4,3,243,9,At Risk
17861.0,4,18,5088.29,4541,2009-12-10 11:27:00,2011-12-06 16:21:00,726,282.6827777777778,5,5,5,555,15,Champions
17862.0,324,4,1254.89,440,2010-05-25 17:22:00,2011-01-20 12:23:00,240,313.7225,2,4,4,244,10,At Risk High Value
17863.0,60,12,5745.2,4952,2010-02-25 12:01:00,2011-10-11 13:45:00,593,478.76666666666665,3,5,5,355,13,Potential Loyalists
17864.0,13,5,876.57,1015,2010-10-08 11:49:00,2011-11-27 11:15:00,415,175.31400000000002,5,4,3,543,12,Loyal Customers
17865.0,31,46,26312.190000000002,12950,2009-12-01 10:49:00,2011-11-09 12:08:00,708,572.0041304347826,4,5,5,455,14,Champions
17866.0,143,3,1134.95,535,2009-12-14 16:01:00,2011-07-20 11:07:00,583,378.31666666666666,3,3,3,333,9,Potential Loyalists
17867.0,31,15,1582.0500000000002,638,2009-12-02 13:39:00,2011-11-09 14:15:00,707,105.47000000000001,4,5,4,454,13,Champions
17868.0,387,1,227.15,85,2010-11-18 18:55:00,2010-11-18 18:55:00,0,227.15,2,2,1,221,5,Hibernating
17869.0,108,7,1027.96,558,2010-06-10 13:47:00,2011-08-24 16:16:00,440,146.85142857142858,3,4,3,343,10,Potential Loyalists
17870.0,3,13,3079.69,1827,2010-11-23 11:39:00,2011-12-07 15:07:00,379,236.89923076923077,5,5,5,555,15,Champions
17871.0,205,5,1068.95,665,2010-01-15 14:48:00,2011-05-19 11:32:00,489,213.79000000000002,2,4,3,243,9,At Risk
17872.0,382,1,235.87,176,2010-11-23 12:02:00,2010-11-23 12:02:00,0,235.87,2,2,1,221,5,Hibernating
17873.0,81,18,6470.280000000001,4276,2009-12-16 15:11:00,2011-09-20 16:41:00,643,359.46000000000004,3,5,5,355,13,Potential Loyalists
17874.0,186,6,683.46,221,2011-03-29 11:25:00,2011-06-07 12:54:00,70,113.91000000000001,3,4,3,343,10,Potential Loyalists
17875.0,689,1,167.1,98,2010-01-20 15:30:00,2010-01-20 15:30:00,0,167.1,1,2,1,121,4,Hibernating
17876.0,400,3,3424.02,1958,2010-02-02 13:00:00,2010-11-05 10:52:00,276,1141.34,2,3,5,235,10,At Risk
17877.0,171,1,237.61,98,2011-06-22 13:00:00,2011-06-22 13:00:00,0,237.61,3,2,1,321,6,Needs Attention
17878.0,44,3,1378.93,1014,2010-11-09 13:50:00,2011-10-27 11:24:00,352,459.6433333333334,4,3,4,434,11,Loyal Customers
17879.0,174,1,178.52,45,2011-06-19 12:36:00,2011-06-19 12:36:00,0,178.52,3,2,1,321,6,Needs Attention
17880.0,365,3,824.9200000000001,466,2009-12-09 16:13:00,2010-12-10 10:21:00,366,274.97333333333336,2,3,3,233,8,At Risk
17881.0,305,1,133.35,32,2011-02-08 17:16:00,2011-02-08 17:16:00,0,133.35,2,2,1,221,5,Hibernating
17882.0,380,2,291.56,130,2010-11-25 14:35:00,2010-11-25 14:40:00,0,145.78,2,3,2,232,7,At Risk
17883.0,4,7,988.42,476,2010-02-25 20:07:00,2011-12-06 17:49:00,649,141.20285714285714,5,4,3,543,12,Loyal Customers
17884.0,4,20,3020.99,2984,2009-12-04 16:23:00,2011-12-06 11:33:00,732,151.0495,5,5,5,555,15,Champions
17885.0,13,1,156.34,110,2011-11-27 14:40:00,2011-11-27 14:40:00,0,156.34,5,2,1,521,8,New / Promising
17886.0,32,6,1572.55,711,2010-04-29 11:10:00,2011-11-08 10:09:00,558,262.09166666666664,4,4,4,444,12,Champions
17887.0,130,1,111.35,30,2011-08-02 17:29:00,2011-08-02 17:29:00,0,111.35,3,2,1,321,6,Needs Attention
17888.0,22,25,1807.44,1536,2009-12-21 16:34:00,2011-11-18 13:45:00,697,72.2976,4,5,4,454,13,Champions
17889.0,213,7,746.42,403,2010-03-31 10:54:00,2011-05-11 16:26:00,406,106.63142857142857,2,4,3,243,9,At Risk
17890.0,323,2,586.89,402,2010-12-13 15:12:00,2011-01-21 11:19:00,39,293.445,2,3,2,232,7,At Risk
17891.0,163,1,203.85999999999999,393,2011-06-30 20:08:00,2011-06-30 20:08:00,0,203.85999999999999,3,2,1,321,6,Needs Attention
17892.0,57,3,244.1,109,2011-07-07 12:56:00,2011-10-14 16:49:00,99,81.36666666666666,4,3,1,431,8,Loyal Customers
17893.0,226,1,107.21,149,2011-04-28 13:50:00,2011-04-28 13:50:00,0,107.21,2,2,1,221,5,Hibernating
17894.0,72,18,2411.35,977,2010-08-27 14:13:00,2011-09-29 09:23:00,398,133.96388888888887,3,5,4,354,12,Potential Loyalists
17895.0,45,1,95.45,127,2011-10-26 17:00:00,2011-10-26 17:00:00,0,95.45,4,2,1,421,7,New / Promising
17896.0,24,1,256.32,288,2011-11-16 13:59:00,2011-11-16 13:59:00,0,256.32,4,2,1,421,7,New / Promising
17897.0,173,9,2510.56,1015,2010-05-12 16:03:00,2011-06-20 11:23:00,404,278.9511111111111,3,5,4,354,12,Potential Loyalists
17898.0,86,4,299.18,251,2010-05-21 17:22:00,2011-09-15 14:56:00,482,74.795,3,4,2,342,9,Potential Loyalists
17899.0,160,1,154.55,170,2011-07-03 14:58:00,2011-07-03 14:58:00,0,154.55,3,2,1,321,6,Needs Attention
17900.0,191,2,112.19999999999999,73,2011-06-02 14:28:00,2011-06-02 14:38:00,0,56.099999999999994,2,3,1,231,6,At Risk
17901.0,30,3,260.08,38,2010-07-06 10:54:00,2011-11-10 17:29:00,492,86.69333333333333,4,3,1,431,8,Loyal Customers
17902.0,547,1,216.4,526,2010-06-11 12:25:00,2010-06-11 12:25:00,0,216.4,1,2,1,121,4,Hibernating
17903.0,395,1,381.09000000000003,142,2010-11-10 15:39:00,2010-11-10 15:39:00,0,381.09000000000003,2,2,2,222,6,Hibernating
17904.0,22,1,181.07,59,2011-11-18 12:57:00,2011-11-18 12:57:00,0,181.07,4,2,1,421,7,New / Promising
17905.0,72,13,2379.37,1370,2010-01-28 17:54:00,2011-09-29 17:33:00,609,183.02846153846153,3,5,4,354,12,Potential Loyalists
17906.0,248,1,72.9,26,2011-04-06 17:25:00,2011-04-06 17:25:00,0,72.9,2,2,1,221,5,Hibernating
17907.0,641,1,291.76,1046,2010-03-09 12:33:00,2010-03-09 12:33:00,0,291.76,1,2,2,122,5,Hibernating
17908.0,374,5,1374.5,839,2009-12-14 12:24:00,2010-12-01 11:45:00,352,274.9,2,4,4,244,10,At Risk High Value
17909.0,738,1,110.05,35,2009-12-02 13:10:00,2009-12-02 13:10:00,0,110.05,1,2,1,121,4,Hibernating
17910.0,727,1,261.7,121,2009-12-13 16:04:00,2009-12-13 16:04:00,0,261.7,1,2,1,121,4,Hibernating
17911.0,10,1,366.23,223,2011-11-30 14:52:00,2011-11-30 14:52:00,0,366.23,5,2,2,522,9,New / Promising
17912.0,311,6,374.55,215,2010-11-29 13:53:00,2011-02-02 14:25:00,65,62.425000000000004,2,4,2,242,8,At Risk
17913.0,59,14,3429.29,1725,2009-12-03 13:02:00,2011-10-12 10:45:00,678,244.9492857142857,4,5,5,455,14,Champions
17914.0,4,1,329.36,457,2011-12-06 11:58:00,2011-12-06 11:58:00,0,329.36,5,2,2,522,9,New / Promising
17915.0,552,1,225.78,184,2010-06-06 13:22:00,2010-06-06 13:22:00,0,225.78,1,2,1,121,4,Hibernating
17916.0,629,2,43.87,90,2009-12-06 14:10:00,2010-03-21 12:26:00,105,21.935,1,3,1,131,5,At Risk
17917.0,46,3,335.03,184,2010-12-12 12:08:00,2011-10-25 13:20:00,317,111.67666666666666,4,3,2,432,9,Loyal Customers
17918.0,501,3,396.39,352,2010-07-22 14:20:00,2010-07-27 11:51:00,5,132.13,1,3,2,132,6,At Risk
17919.0,89,2,1840.3200000000002,1452,2010-09-27 10:40:00,2011-09-12 13:41:00,350,920.1600000000001,3,3,4,334,10,Potential Loyalists
17920.0,5,54,24256.74,12544,2009-12-06 10:37:00,2011-12-05 14:29:00,729,449.1988888888889,5,5,5,555,15,Champions
17921.0,65,10,2394.36,991,2010-07-15 20:05:00,2011-10-06 18:56:00,448,239.436,3,5,4,354,12,Potential Loyalists
17922.0,544,1,170.4,49,2010-06-14 16:32:00,2010-06-14 16:32:00,0,170.4,1,2,1,121,4,Hibernating
17923.0,283,3,497.0,140,2010-06-13 13:58:00,2011-03-02 15:15:00,262,165.66666666666666,2,3,2,232,7,At Risk
17924.0,12,8,3536.7000000000003,1268,2010-10-21 12:17:00,2011-11-28 09:11:00,403,442.08750000000003,5,5,5,555,15,Champions
17925.0,373,1,488.16,144,2010-12-02 10:10:00,2010-12-02 10:10:00,0,488.16,2,2,2,222,6,Hibernating
17926.0,134,5,1035.49,572,2010-05-09 14:07:00,2011-07-29 14:39:00,446,207.098,3,4,3,343,10,Potential Loyalists
17927.0,722,1,294.0,108,2009-12-18 11:03:00,2009-12-18 11:03:00,0,294.0,1,2,2,122,5,Hibernating
17928.0,46,3,341.24,222,2010-05-17 15:30:00,2011-10-25 13:52:00,526,113.74666666666667,4,3,2,432,9,Loyal Customers
17929.0,12,12,3082.1,434,2009-12-09 11:40:00,2011-11-28 16:01:00,719,256.84166666666664,5,5,5,555,15,Champions
17930.0,36,13,4275.22,3795,2010-03-04 10:41:00,2011-11-04 10:23:00,610,328.86307692307696,4,5,5,455,14,Champions
17931.0,135,14,3402.2400000000002,1919,2010-02-16 15:47:00,2011-07-28 18:33:00,527,243.0171428571429,3,5,5,355,13,Potential Loyalists
17932.0,30,3,1331.57,789,2011-05-12 13:58:00,2011-11-10 19:49:00,182,443.8566666666666,4,3,4,434,11,Loyal Customers
17933.0,633,1,114.69,63,2010-03-17 15:11:00,2010-03-17 15:11:00,0,114.69,1,2,1,121,4,Hibernating
17934.0,52,3,1049.15,628,2010-10-29 12:23:00,2011-10-19 11:16:00,355,349.7166666666667,4,3,3,433,10,Loyal Customers
17935.0,139,7,686.14,244,2009-12-04 14:33:00,2011-07-24 13:18:00,597,98.02,3,4,3,343,10,Potential Loyalists
17936.0,6,1,380.13,257,2011-12-04 13:32:00,2011-12-04 13:32:00,0,380.13,5,2,2,522,9,New / Promising
17937.0,9,7,4301.22,1754,2010-12-12 14:43:00,2011-12-01 11:45:00,354,614.46,5,4,5,545,14,Champions
17938.0,421,1,144.29,53,2010-10-15 14:27:00,2010-10-15 14:27:00,0,144.29,1,2,1,121,4,Hibernating
17939.0,160,1,99.14,40,2011-07-03 12:27:00,2011-07-03 12:27:00,0,99.14,3,2,1,321,6,Needs Attention
17940.0,50,16,30306.79,85148,2009-12-03 12:31:00,2011-10-21 13:27:00,687,1894.174375,4,5,5,455,14,Champions
17941.0,131,4,1433.28,1108,2010-01-06 15:37:00,2011-08-01 08:30:00,572,358.32,3,4,4,344,11,Potential Loyalists
17942.0,8,1,77.50000000000001,38,2011-12-02 10:45:00,2011-12-02 10:45:00,0,77.50000000000001,5,2,1,521,8,New / Promising
17944.0,424,1,74.99,84,2010-10-12 16:25:00,2010-10-12 16:25:00,0,74.99,1,2,1,121,4,Hibernating
17945.0,697,3,360.35,244,2010-01-12 11:33:00,2010-01-12 11:40:00,0,120.11666666666667,1,3,2,132,6,At Risk
17946.0,234,2,149.57999999999998,75,2011-03-25 14:34:00,2011-04-20 17:00:00,26,74.78999999999999,2,3,1,231,6,At Risk
17947.0,38,1,176.68,168,2011-11-02 13:05:00,2011-11-02 13:05:00,0,176.68,4,2,1,421,7,New / Promising
17948.0,148,1,358.56000000000006,144,2011-07-15 12:58:00,2011-07-15 12:58:00,0,358.56000000000006,3,2,2,322,7,Needs Attention
17949.0,2,118,118628.08,60658,2009-12-02 11:07:00,2011-12-08 18:46:00,736,1005.3227118644068,5,5,5,555,15,Champions
17950.0,73,7,1429.46,845,2010-01-04 17:39:00,2011-09-28 15:18:00,632,204.20857142857145,3,4,4,344,11,Potential Loyalists
17951.0,40,4,1636.0800000000002,898,2010-10-31 15:15:00,2011-10-31 12:30:00,365,409.02000000000004,4,4,4,444,12,Champions
17952.0,379,4,788.46,477,2010-06-16 11:54:00,2010-11-26 13:54:00,163,197.115,2,4,3,243,9,At Risk
17953.0,541,1,159.17000000000002,98,2010-06-17 15:08:00,2010-06-17 15:08:00,0,159.17000000000002,1,2,1,121,4,Hibernating
17954.0,6,19,3933.06,3242,2009-12-09 13:22:00,2011-12-04 14:15:00,725,207.00315789473683,5,5,5,555,15,Champions
17955.0,199,6,949.9,681,2010-02-12 16:27:00,2011-05-25 12:00:00,467,158.31666666666666,2,4,3,243,9,At Risk
17956.0,250,1,12.75,1,2011-04-04 13:47:00,2011-04-04 13:47:00,0,12.75,2,2,1,221,5,Hibernating
17957.0,67,1,111.68,287,2011-10-04 14:58:00,2011-10-04 14:58:00,0,111.68,3,2,1,321,6,Needs Attention
17958.0,117,2,973.88,284,2009-12-11 15:37:00,2011-08-15 12:19:00,612,486.94,3,3,3,333,9,Potential Loyalists
17959.0,593,1,140.75,49,2010-04-26 14:12:00,2010-04-26 14:12:00,0,140.75,1,2,1,121,4,Hibernating
17960.0,172,3,135.08,60,2010-03-08 12:22:00,2011-06-21 14:15:00,470,45.02666666666667,3,3,1,331,7,Potential Loyalists
17961.0,22,100,2994.29,1536,2009-12-01 14:48:00,2011-11-18 16:55:00,717,29.942899999999998,4,5,5,455,14,Champions
17962.0,143,4,666.96,633,2010-01-13 15:24:00,2011-07-20 14:16:00,553,166.74,3,4,3,343,10,Potential Loyalists
17963.0,472,4,643.16,341,2010-01-19 17:25:00,2010-08-25 15:58:00,218,160.79,1,4,3,143,8,At Risk
17964.0,32,2,724.97,489,2010-12-02 13:32:00,2011-11-08 10:44:00,341,362.485,4,3,3,433,10,Loyal Customers
17965.0,38,29,7157.2,4440,2009-12-14 13:19:00,2011-11-02 09:31:00,688,246.79999999999998,4,5,5,455,14,Champions
17966.0,38,10,1963.92,3918,2010-01-18 13:24:00,2011-11-02 10:26:00,653,196.392,4,5,4,454,13,Champions
17967.0,372,2,335.69,184,2010-10-19 13:19:00,2010-12-03 11:19:00,45,167.845,2,3,2,232,7,At Risk
17968.0,374,4,855.54,503,2010-07-15 15:01:00,2010-12-01 12:23:00,139,213.885,2,4,3,243,9,At Risk
17969.0,167,20,2354.29,1014,2009-12-06 13:53:00,2011-06-26 13:00:00,567,117.7145,3,5,4,354,12,Potential Loyalists
17970.0,212,1,562.79,513,2011-05-12 20:03:00,2011-05-12 20:03:00,0,562.79,2,2,2,222,6,Hibernating
17971.0,549,1,161.94,62,2010-06-09 14:04:00,2010-06-09 14:04:00,0,161.94,1,2,1,121,4,Hibernating
17972.0,242,1,135.19,36,2011-04-12 12:16:00,2011-04-12 12:16:00,0,135.19,2,2,1,221,5,Hibernating
17973.0,52,1,337.04,176,2011-10-19 10:34:00,2011-10-19 10:34:00,0,337.04,4,2,2,422,8,New / Promising
17974.0,25,6,1739.09,1189,2010-10-28 20:03:00,2011-11-15 11:37:00,383,289.8483333333333,4,4,4,444,12,Champions
17975.0,16,24,7010.43,2265,2010-08-06 11:24:00,2011-11-24 13:27:00,475,292.10125,5,5,5,555,15,Champions
17976.0,373,1,643.58,186,2010-12-02 13:49:00,2010-12-02 13:49:00,0,643.58,2,2,3,223,7,Hibernating
17977.0,30,2,1511.45,1948,2010-11-04 14:26:00,2011-11-10 13:28:00,371,755.725,4,3,4,434,11,Loyal Customers
17978.0,366,4,1460.9099999999999,1796,2009-12-08 13:27:00,2010-12-09 14:05:00,366,365.22749999999996,2,4,4,244,10,At Risk High Value
17979.0,36,4,732.41,383,2011-03-25 11:34:00,2011-11-04 12:05:00,224,183.1025,4,4,3,443,11,Loyal Customers
17980.0,166,4,1012.72,771,2010-11-11 14:42:00,2011-06-27 12:01:00,228,253.18,3,4,3,343,10,Potential Loyalists
17981.0,411,1,239.12,260,2010-10-25 10:40:00,2010-10-25 10:40:00,0,239.12,2,2,1,221,5,Hibernating
17982.0,681,1,138.18,117,2010-01-28 09:38:00,2010-01-28 09:38:00,0,138.18,1,2,1,121,4,Hibernating
17983.0,396,1,171.71,108,2010-11-09 13:23:00,2010-11-09 13:24:00,0,171.71,2,2,1,221,5,Hibernating
17984.0,146,5,1152.19,939,2009-12-01 11:51:00,2011-07-17 15:59:00,593,230.43800000000002,3,4,3,343,10,Potential Loyalists
17985.0,23,1,631.35,171,2011-11-17 14:24:00,2011-11-17 14:24:00,0,631.35,4,2,3,423,9,New / Promising
17986.0,57,1,20.8,10,2011-10-14 14:22:00,2011-10-14 14:22:00,0,20.8,4,2,1,421,7,New / Promising
17987.0,186,5,965.4399999999999,981,2010-06-07 11:23:00,2011-06-07 14:22:00,365,193.088,3,4,3,343,10,Potential Loyalists
17988.0,12,14,489.54,186,2009-12-07 13:35:00,2011-11-28 11:00:00,721,34.96714285714286,5,5,2,552,12,Loyal Customers
17989.0,380,1,207.33,300,2010-11-25 13:49:00,2010-11-25 13:49:00,0,207.33,2,2,1,221,5,Hibernating
17990.0,237,6,1527.6100000000001,777,2009-12-07 15:19:00,2011-04-17 11:44:00,496,254.6016666666667,2,4,4,244,10,At Risk High Value
17991.0,226,3,300.3,93,2010-04-27 12:46:00,2011-04-28 15:58:00,366,100.10000000000001,2,3,2,232,7,At Risk
17992.0,390,1,252.88,130,2010-11-15 13:04:00,2010-11-15 13:04:00,0,252.88,2,2,1,221,5,Hibernating
17993.0,618,1,225.99,108,2010-04-01 14:23:00,2010-04-01 14:23:00,0,225.99,1,2,1,121,4,Hibernating
17994.0,122,11,2270.0299999999997,2181,2010-03-29 10:37:00,2011-08-10 11:41:00,499,206.36636363636362,3,5,4,354,12,Potential Loyalists
17995.0,282,3,495.48,263,2010-11-17 17:01:00,2011-03-03 12:30:00,106,165.16,2,3,2,232,7,At Risk
17996.0,380,3,482.33,587,2010-06-11 11:48:00,2010-11-25 11:00:00,167,160.77666666666667,2,3,2,232,7,At Risk
17997.0,75,8,1962.46,2273,2011-06-28 17:28:00,2011-09-26 16:13:00,90,245.3075,3,5,4,354,12,Potential Loyalists
17998.0,381,3,639.24,561,2009-12-01 13:07:00,2010-11-24 15:31:00,358,213.08,2,3,3,233,8,At Risk
17999.0,38,3,718.8,380,2010-11-26 13:16:00,2011-11-02 15:56:00,341,239.6,4,3,3,433,10,Loyal Customers
18000.0,565,1,124.25,109,2010-05-24 17:34:00,2010-05-24 17:34:00,0,124.25,1,2,1,121,4,Hibernating
18001.0,13,6,924.14,874,2009-12-02 15:38:00,2011-11-27 16:02:00,725,154.02333333333334,5,4,3,543,12,Loyal Customers
18002.0,376,4,244.37,71,2009-12-08 11:07:00,2010-11-29 10:57:00,356,61.0925,2,4,1,241,7,At Risk
18003.0,377,1,353.51,297,2010-11-28 15:09:00,2010-11-28 15:09:00,0,353.51,2,2,2,222,6,Hibernating
18004.0,363,1,157.92,75,2010-12-12 13:47:00,2010-12-12 13:47:00,0,157.92,2,2,1,221,5,Hibernating
18005.0,4,2,226.47,86,2011-10-23 14:40:00,2011-12-06 11:51:00,44,113.235,5,3,1,531,9,Loyal Customers
18006.0,24,4,969.51,395,2009-12-17 12:27:00,2011-11-16 16:52:00,699,242.3775,4,4,3,443,11,Loyal Customers
18007.0,393,1,215.22,246,2010-11-12 11:08:00,2010-11-12 11:08:00,0,215.22,2,2,1,221,5,Hibernating
18008.0,71,23,19759.079999999998,7825,2010-01-06 12:35:00,2011-09-30 15:17:00,632,859.0904347826087,3,5,5,355,13,Potential Loyalists
18009.0,236,8,2144.23,651,2010-02-25 11:49:00,2011-04-18 13:36:00,417,268.02875,2,5,4,254,11,At Risk High Value
18010.0,257,1,174.8,60,2011-03-28 12:27:00,2011-03-28 12:27:00,0,174.8,2,2,1,221,5,Hibernating
18011.0,374,2,513.58,196,2010-05-21 13:28:00,2010-12-01 17:35:00,194,256.79,2,3,2,232,7,At Risk
18012.0,724,1,115.3,63,2009-12-16 13:16:00,2009-12-16 13:16:00,0,115.3,1,2,1,121,4,Hibernating
18013.0,156,2,187.29,285,2011-07-07 14:08:00,2011-07-07 14:11:00,0,93.645,3,3,1,331,7,Potential Loyalists
18014.0,29,1,162.22,66,2011-11-11 15:28:00,2011-11-11 15:28:00,0,162.22,4,2,1,421,7,New / Promising
18015.0,5,1,120.03,157,2011-12-05 14:49:00,2011-12-05 14:49:00,0,120.03,5,2,1,521,8,New / Promising
18016.0,33,7,1954.56,1207,2010-01-27 16:00:00,2011-11-07 13:25:00,649,279.22285714285715,4,4,4,444,12,Champions
18017.0,82,4,688.0,400,2010-10-04 15:11:00,2011-09-19 16:15:00,350,172.0,3,4,3,343,10,Potential Loyalists
18018.0,109,4,297.99,186,2010-10-15 11:05:00,2011-08-23 17:37:00,312,74.4975,3,4,2,342,9,Potential Loyalists
18019.0,52,1,38.45,7,2011-10-19 12:10:00,2011-10-19 12:10:00,0,38.45,4,2,1,421,7,New / Promising
18020.0,544,1,190.48000000000002,67,2010-06-14 12:31:00,2010-06-14 12:31:00,0,190.48000000000002,1,2,1,121,4,Hibernating
18021.0,510,2,216.41,168,2010-07-15 18:47:00,2010-07-18 10:52:00,3,108.205,1,3,1,131,5,At Risk
18022.0,36,5,1507.25,1311,2010-06-11 13:59:00,2011-11-04 12:45:00,511,301.45,4,4,4,444,12,Champions
18024.0,153,2,389.78,184,2011-07-10 12:28:00,2011-07-10 12:40:00,0,194.89,3,3,2,332,8,Potential Loyalists
18025.0,380,6,1177.72,1053,2010-03-30 17:33:00,2010-11-25 12:37:00,240,196.28666666666666,2,4,3,243,9,At Risk
18026.0,501,2,2074.07,530,2010-07-22 16:21:00,2010-07-27 10:37:00,5,1037.035,1,3,4,134,8,At Risk
18027.0,99,1,115.31,78,2011-09-02 10:38:00,2011-09-02 10:38:00,0,115.31,3,2,1,321,6,Needs Attention
18028.0,584,1,192.05,133,2010-05-05 13:28:00,2010-05-05 13:28:00,0,192.05,1,2,1,121,4,Hibernating
18029.0,643,1,433.77,253,2010-03-07 15:30:00,2010-03-07 15:30:00,0,433.77,1,2,2,122,5,Hibernating
18030.0,5,2,230.64999999999998,67,2011-10-28 13:55:00,2011-12-05 16:37:00,38,115.32499999999999,5,3,1,531,9,Loyal Customers
18031.0,379,1,451.3,298,2010-11-26 11:00:00,2010-11-26 11:00:00,0,451.3,2,2,2,222,6,Hibernating
18032.0,335,1,73.5,42,2011-01-09 15:32:00,2011-01-09 15:32:00,0,73.5,2,2,1,221,5,Hibernating
18033.0,66,1,93.82000000000001,252,2011-10-05 17:28:00,2011-10-05 17:28:00,0,93.82000000000001,3,2,1,321,6,Needs Attention
18034.0,22,3,754.2,951,2010-11-29 12:36:00,2011-11-18 12:22:00,354,251.4,4,3,3,433,10,Loyal Customers
18035.0,36,5,1260.23,1134,2010-11-19 13:42:00,2011-11-04 12:39:00,350,252.046,4,4,4,444,12,Champions
18036.0,33,11,1545.49,741,2009-12-18 12:04:00,2011-11-07 14:40:00,689,140.4990909090909,4,5,4,454,13,Champions
18037.0,155,15,167.42,37,2009-12-01 13:48:00,2011-07-08 13:39:00,584,11.161333333333333,3,5,1,351,9,Potential Loyalists
18038.0,557,1,141.48,80,2010-06-01 15:59:00,2010-06-01 15:59:00,0,141.48,1,2,1,121,4,Hibernating
18039.0,375,4,548.22,555,2010-03-09 11:19:00,2010-11-30 13:07:00,266,137.055,2,4,2,242,8,At Risk
18040.0,20,2,357.20000000000005,148,2011-04-08 08:27:00,2011-11-20 14:20:00,226,178.60000000000002,5,3,2,532,10,Loyal Customers
18041.0,12,38,8633.66,7784,2010-01-14 10:04:00,2011-11-28 11:39:00,683,227.2015789473684,5,5,5,555,15,Champions
18042.0,54,2,281.15,69,2010-06-16 10:53:00,2011-10-17 11:49:00,488,140.575,4,3,1,431,8,Loyal Customers
18043.0,25,3,817.2,422,2010-12-08 12:35:00,2011-11-15 12:48:00,342,272.40000000000003,4,3,3,433,10,Loyal Customers
18044.0,5,18,3505.61,1598,2010-05-28 15:31:00,2011-12-05 14:26:00,556,194.75611111111112,5,5,5,555,15,Champions
18045.0,46,1,178.34,138,2011-10-25 13:07:00,2011-10-25 13:07:00,0,178.34,4,2,1,421,7,New / Promising
18046.0,650,1,189.63,44,2010-02-28 11:36:00,2010-02-28 11:36:00,0,189.63,1,2,1,121,4,Hibernating
18047.0,382,2,326.09,130,2010-11-23 12:57:00,2010-11-23 13:11:00,0,163.045,2,3,2,232,7,At Risk
18048.0,204,3,394.93,256,2010-08-03 13:03:00,2011-05-20 14:58:00,290,131.64333333333335,2,3,2,232,7,At Risk
18049.0,438,2,500.92,402,2010-04-28 13:24:00,2010-09-28 14:26:00,153,250.46,1,3,2,132,6,At Risk
18050.0,360,2,412.06,250,2010-11-11 15:51:00,2010-12-15 14:25:00,34,206.03,2,3,2,232,7,At Risk
18051.0,635,7,2282.28,1661,2009-12-09 12:17:00,2010-03-15 13:58:00,96,326.04,1,4,4,144,9,At Risk High Value
18052.0,565,1,10877.18,17766,2010-05-24 11:11:00,2010-05-24 11:11:00,0,10877.18,1,2,5,125,8,Hibernating
18053.0,71,3,571.07,409,2010-06-30 12:36:00,2011-09-30 09:05:00,457,190.35666666666668,3,3,2,332,8,Potential Loyalists
18054.0,393,1,176.5,96,2010-11-12 08:18:00,2010-11-12 08:18:00,0,176.5,2,2,1,221,5,Hibernating
18055.0,8,14,11143.12,3828,2010-10-22 13:27:00,2011-12-02 14:25:00,406,795.9371428571429,5,5,5,555,15,Champions
18056.0,289,2,554.6,334,2010-03-31 12:29:00,2011-02-24 14:27:00,330,277.3,2,3,2,232,7,At Risk
18057.0,394,3,1188.46,970,2010-01-18 12:42:00,2010-11-11 16:55:00,297,396.15333333333336,2,3,3,233,8,At Risk
18058.0,10,3,774.06,394,2010-02-10 09:38:00,2011-11-30 08:38:00,658,258.02,5,3,3,533,11,Loyal Customers
18059.0,24,3,306.46,258,2011-10-03 09:30:00,2011-11-16 16:49:00,44,102.15333333333332,4,3,2,432,9,Loyal Customers
18060.0,409,2,1185.46,902,2010-05-24 08:34:00,2010-10-27 16:41:00,156,592.73,2,3,3,233,8,At Risk
18061.0,22,28,6488.97,3607,2009-12-04 11:36:00,2011-11-18 11:20:00,714,231.7489285714286,4,5,5,455,14,Champions
18062.0,174,6,1632.67,831,2010-04-21 08:55:00,2011-06-19 14:47:00,424,272.1116666666667,3,4,4,344,11,Potential Loyalists
18063.0,391,2,186.60000000000002,48,2010-03-16 13:05:00,2010-11-14 10:46:00,243,93.30000000000001,2,3,1,231,6,At Risk
18064.0,134,11,4481.83,2685,2010-02-01 15:01:00,2011-07-29 16:39:00,543,407.4390909090909,3,5,5,355,13,Potential Loyalists
18065.0,6,29,5866.63,2265,2009-12-09 16:00:00,2011-12-04 10:30:00,725,202.29758620689657,5,5,5,555,15,Champions
18066.0,76,3,1440.4,535,2010-10-20 11:42:00,2011-09-25 15:30:00,340,480.1333333333334,3,3,4,334,10,Potential Loyalists
18067.0,41,1,396.33,189,2011-10-30 15:58:00,2011-10-30 15:58:00,0,396.33,4,2,2,422,8,New / Promising
18068.0,290,1,101.7,6,2011-02-23 14:50:00,2011-02-23 14:50:00,0,101.7,2,2,1,221,5,Hibernating
18069.0,27,11,4464.92,3168,2010-02-28 16:14:00,2011-11-13 16:03:00,623,405.9018181818182,4,5,5,455,14,Champions
18070.0,670,1,314.1,86,2010-02-08 13:28:00,2010-02-08 13:28:00,0,314.1,1,2,2,122,5,Hibernating
18071.0,258,6,1428.63,835,2009-12-05 10:31:00,2011-03-27 11:59:00,477,238.10500000000002,2,4,4,244,10,At Risk High Value
18072.0,186,1,247.44,288,2011-06-07 10:44:00,2011-06-07 10:44:00,0,247.44,3,2,1,321,6,Needs Attention
18073.0,115,12,3859.82,3102,2011-05-26 19:38:00,2011-08-17 14:02:00,83,321.6516666666667,3,5,5,355,13,Potential Loyalists
18074.0,374,2,1509.04,551,2010-07-22 10:31:00,2010-12-01 09:53:00,132,754.52,2,3,4,234,9,At Risk
18075.0,24,20,5783.29,3281,2010-07-29 11:47:00,2011-11-16 15:21:00,475,289.1645,4,5,5,455,14,Champions
18076.0,381,1,151.49,164,2010-11-24 14:02:00,2010-11-24 14:02:00,0,151.49,2,2,1,221,5,Hibernating
18077.0,9,18,4283.66,3191,2009-12-07 11:40:00,2011-12-01 13:32:00,724,237.9811111111111,5,5,5,555,15,Champions
18078.0,218,4,725.53,370,2010-03-21 15:50:00,2011-05-06 14:32:00,411,181.3825,2,4,3,243,9,At Risk
18079.0,46,5,4203.93,8730,2010-08-05 12:19:00,2011-10-25 15:27:00,446,840.7860000000001,4,4,5,445,13,Champions
18080.0,19,2,1231.5,642,2011-04-11 10:10:00,2011-11-21 08:02:00,224,615.75,5,3,3,533,11,Loyal Customers
18081.0,37,3,343.45,195,2011-07-29 11:56:00,2011-11-03 16:30:00,97,114.48333333333333,4,3,2,432,9,Loyal Customers
18082.0,26,1,680.84,608,2011-11-14 12:45:00,2011-11-14 12:45:00,0,680.84,4,2,3,423,9,New / Promising
18083.0,398,1,463.53,268,2010-11-07 11:44:00,2010-11-07 11:44:00,0,463.53,2,2,2,222,6,Hibernating
18084.0,17,3,795.23,755,2010-11-16 08:09:00,2011-11-23 13:57:00,372,265.07666666666665,5,3,3,533,11,Loyal Customers
18085.0,331,4,1645.75,585,2010-03-21 11:57:00,2011-01-13 15:17:00,298,411.4375,2,4,4,244,10,At Risk High Value
18086.0,275,1,101.34,106,2011-03-10 13:34:00,2011-03-10 13:34:00,0,101.34,2,2,1,221,5,Hibernating
18087.0,99,17,14761.52,7775,2009-12-01 09:43:00,2011-09-02 15:12:00,640,868.324705882353,3,5,5,355,13,Potential Loyalists
18088.0,62,1,166.03,107,2011-10-09 13:41:00,2011-10-09 13:41:00,0,166.03,3,2,1,321,6,Needs Attention
18089.0,447,1,428.45,95,2010-09-19 11:57:00,2010-09-19 11:57:00,0,428.45,1,2,2,122,5,Hibernating
18090.0,422,1,321.9,307,2010-10-14 12:32:00,2010-10-14 12:32:00,0,321.9,1,2,2,122,5,Hibernating
18091.0,594,1,360.85,539,2010-04-25 13:18:00,2010-04-25 13:18:00,0,360.85,1,2,2,122,5,Hibernating
18092.0,3,18,16179.44,8830,2009-12-04 12:37:00,2011-12-07 13:14:00,733,898.8577777777778,5,5,5,555,15,Champions
18093.0,94,8,4452.71,3429,2010-03-31 10:27:00,2011-09-07 15:43:00,525,556.58875,3,5,5,355,13,Potential Loyalists
18094.0,82,13,6391.52,4164,2010-01-07 11:16:00,2011-09-19 09:28:00,620,491.65538461538466,3,5,5,355,13,Potential Loyalists
18095.0,313,5,2303.09,1623,2010-04-19 14:09:00,2011-01-31 12:50:00,287,460.61800000000005,2,4,4,244,10,At Risk High Value
18096.0,12,6,1657.87,1409,2010-07-14 14:30:00,2011-11-28 12:44:00,502,276.31166666666667,5,4,4,544,13,Champions
18097.0,8,11,4627.92,2716,2009-12-17 11:06:00,2011-12-02 11:16:00,715,420.72,5,5,5,555,15,Champions
18098.0,397,1,527.94,215,2010-11-08 16:31:00,2010-11-08 16:31:00,0,527.94,2,2,2,222,6,Hibernating
18099.0,128,1,168.31,149,2011-08-04 15:52:00,2011-08-04 15:52:00,0,168.31,3,2,1,321,6,Needs Attention
18100.0,551,1,451.56,440,2010-06-07 14:19:00,2010-06-07 14:19:00,0,451.56,1,2,2,122,5,Hibernating
18101.0,12,5,622.01,247,2010-02-03 13:52:00,2011-11-28 13:37:00,663,124.402,5,4,3,543,12,Loyal Customers
18102.0,1,145,608821.65,188340,2009-12-01 09:24:00,2011-12-09 11:50:00,738,4198.77,5,5,5,555,15,Champions
18103.0,550,1,105.8,23,2010-06-08 13:36:00,2010-06-08 13:36:00,0,105.8,1,2,1,121,4,Hibernating
18104.0,38,1,754.64,362,2011-11-02 14:07:00,2011-11-02 14:07:00,0,754.64,4,2,3,423,9,New / Promising
18105.0,38,1,113.48000000000002,46,2011-11-02 12:04:00,2011-11-02 12:04:00,0,113.48000000000002,4,2,1,421,7,New / Promising
18106.0,330,6,1441.06,506,2010-01-15 11:36:00,2011-01-14 12:23:00,364,240.17666666666665,2,4,4,244,10,At Risk High Value
18107.0,443,1,165.88,65,2010-09-23 13:03:00,2010-09-23 13:03:00,0,165.88,1,2,1,121,4,Hibernating
18108.0,255,3,848.8100000000001,261,2009-12-02 12:47:00,2011-03-30 13:56:00,483,282.93666666666667,2,3,3,233,8,At Risk
18109.0,2,38,9833.16,4877,2010-07-01 12:13:00,2011-12-08 11:36:00,525,258.76736842105265,5,5,5,555,15,Champions
18110.0,20,2,392.28000000000003,169,2010-10-24 14:21:00,2011-11-20 12:34:00,392,196.14000000000001,5,3,2,532,10,Loyal Customers
18111.0,590,1,405.85,232,2010-04-29 12:58:00,2010-04-29 12:58:00,0,405.85,1,2,2,122,5,Hibernating
18112.0,13,4,773.36,443,2010-06-06 12:40:00,2011-11-27 14:43:00,539,193.34,5,4,3,543,12,Loyal Customers
18113.0,369,1,152.64000000000001,144,2010-12-06 12:31:00,2010-12-06 12:31:00,0,152.64000000000001,2,2,1,221,5,Hibernating
18114.0,291,1,220.1,55,2011-02-22 13:20:00,2011-02-22 13:20:00,0,220.1,2,2,1,221,5,Hibernating
18115.0,698,1,9.700000000000001,3,2010-01-11 11:57:00,2010-01-11 11:57:00,0,9.700000000000001,1,2,1,121,4,Hibernating
18116.0,68,13,2134.4900000000002,1267,2010-10-24 15:29:00,2011-10-03 11:00:00,344,164.19153846153847,3,5,4,354,12,Potential Loyalists
18117.0,26,1,315.65,605,2011-11-14 12:47:00,2011-11-14 12:47:00,0,315.65,4,2,2,422,8,New / Promising
18118.0,11,29,6693.13,3395,2010-11-23 13:36:00,2011-11-29 11:32:00,371,230.79758620689657,5,5,5,555,15,Champions
18119.0,368,1,361.4,248,2010-12-07 11:59:00,2010-12-07 11:59:00,0,361.4,2,2,2,222,6,Hibernating
18120.0,215,1,111.15,31,2011-05-09 13:45:00,2011-05-09 13:45:00,0,111.15,2,2,1,221,5,Hibernating
18121.0,150,2,653.3000000000001,438,2011-07-08 12:14:00,2011-07-13 12:53:00,5,326.65000000000003,3,3,3,333,9,Potential Loyalists
18122.0,9,6,1793.06,1225,2011-07-12 11:37:00,2011-12-01 13:08:00,142,298.8433333333333,5,4,4,544,13,Champions
18123.0,25,3,666.64,616,2010-07-14 12:47:00,2011-11-15 14:23:00,489,222.21333333333334,4,3,3,433,10,Loyal Customers
18124.0,473,1,102.65,47,2010-08-24 17:21:00,2010-08-24 17:21:00,0,102.65,1,2,1,121,4,Hibernating
18125.0,30,4,1131.75,800,2011-01-27 15:02:00,2011-11-10 12:29:00,287,282.9375,4,4,3,443,11,Loyal Customers
18126.0,61,1,200.92,135,2011-10-10 12:19:00,2011-10-10 12:19:00,0,200.92,3,2,1,321,6,Needs Attention
18127.0,20,4,556.13,250,2010-11-01 13:56:00,2011-11-20 14:05:00,384,139.0325,5,4,2,542,11,Loyal Customers
18128.0,538,1,399.29,216,2010-06-20 13:19:00,2010-06-20 13:19:00,0,399.29,1,2,2,122,5,Hibernating
18129.0,244,1,112.55000000000001,48,2011-04-10 14:16:00,2011-04-10 14:16:00,0,112.55000000000001,2,2,1,221,5,Hibernating
18130.0,16,3,1059.39,824,2011-10-13 15:58:00,2011-11-24 14:40:00,42,353.13000000000005,5,3,3,533,11,Loyal Customers
18131.0,632,1,222.95999999999998,552,2010-03-18 08:48:00,2010-03-18 08:48:00,0,222.95999999999998,1,2,1,121,4,Hibernating
18132.0,505,1,220.13,212,2010-07-23 16:54:00,2010-07-23 16:54:00,0,220.13,1,2,1,121,4,Hibernating
18133.0,213,1,931.5,1350,2011-05-11 14:14:00,2011-05-11 14:14:00,0,931.5,2,2,3,223,7,Hibernating
18134.0,599,2,445.0,128,2010-01-14 11:59:00,2010-04-20 14:02:00,96,222.5,1,3,2,132,6,At Risk
18135.0,30,10,1249.6200000000001,753,2010-03-15 13:55:00,2011-11-10 19:32:00,605,124.96200000000002,4,5,4,454,13,Champions
18136.0,64,5,1631.3600000000001,860,2010-09-14 15:50:00,2011-10-07 15:40:00,388,326.27200000000005,3,4,4,344,11,Potential Loyalists
18137.0,552,2,145.99,59,2010-06-06 13:45:00,2010-06-06 14:18:00,0,72.995,1,3,1,131,5,At Risk
18138.0,296,1,152.65,38,2011-02-17 14:51:00,2011-02-17 14:51:00,0,152.65,2,2,1,221,5,Hibernating
18139.0,18,6,8438.34,5557,2011-11-21 14:06:00,2011-11-22 10:44:00,1,1406.39,5,4,5,545,14,Champions
18140.0,474,1,536.41,395,2010-08-23 11:58:00,2010-08-23 11:58:00,0,536.41,1,2,2,122,5,Hibernating
18141.0,402,2,882.47,433,2010-04-29 15:32:00,2010-11-03 11:44:00,188,441.235,2,3,3,233,8,At Risk
18142.0,158,2,1019.52,1276,2011-05-08 12:31:00,2011-07-05 13:19:00,58,509.76,3,3,3,333,9,Potential Loyalists
18143.0,117,2,1000.16,570,2011-07-21 10:44:00,2011-08-15 12:07:00,25,500.08,3,3,3,333,9,Potential Loyalists
18144.0,8,19,5058.0,2239,2009-12-16 15:57:00,2011-12-02 12:46:00,716,266.2105263157895,5,5,5,555,15,Champions
18145.0,13,11,5609.74,5104,2009-12-08 12:30:00,2011-11-27 11:22:00,719,509.9763636363636,5,5,5,555,15,Champions
18146.0,141,2,160.35,153,2011-05-03 16:35:00,2011-07-22 12:08:00,80,80.175,3,3,1,331,7,Potential Loyalists
18147.0,46,2,179.34,203,2011-08-23 12:22:00,2011-10-25 11:46:00,63,89.67,4,3,1,431,8,Loyal Customers
18148.0,647,1,112.85000000000001,63,2010-03-03 11:40:00,2010-03-03 11:40:00,0,112.85000000000001,1,2,1,121,4,Hibernating
18149.0,51,7,1553.96,869,2010-03-14 12:41:00,2011-10-20 12:04:00,585,221.99428571428572,4,4,4,444,12,Champions
18150.0,33,3,566.58,332,2011-05-22 10:47:00,2011-11-07 16:49:00,169,188.86,4,3,2,432,9,Loyal Customers
18151.0,135,6,1879.44,986,2010-03-04 10:47:00,2011-07-28 11:35:00,511,313.24,3,4,4,344,11,Potential Loyalists
18152.0,647,1,426.69,75,2010-03-03 15:26:00,2010-03-03 15:26:00,0,426.69,1,2,2,122,5,Hibernating
18153.0,660,1,246.22,200,2010-02-18 15:50:00,2010-02-18 15:50:00,0,246.22,1,2,1,121,4,Hibernating
18154.0,4,5,932.6,626,2010-08-06 09:18:00,2011-12-06 16:41:00,487,186.52,5,4,3,543,12,Loyal Customers
18155.0,76,3,371.62,266,2011-02-21 10:36:00,2011-09-25 13:32:00,216,123.87333333333333,3,3,2,332,8,Potential Loyalists
18156.0,13,2,862.52,351,2010-12-05 12:29:00,2011-11-27 12:24:00,357,431.26,5,3,3,533,11,Loyal Customers
18157.0,572,1,213.9,145,2010-05-17 14:09:00,2010-05-17 14:09:00,0,213.9,1,2,1,121,4,Hibernating
18158.0,10,2,453.4,354,2011-09-12 09:03:00,2011-11-30 16:19:00,79,226.7,5,3,2,532,10,Loyal Customers
18159.0,302,1,530.15,139,2011-02-11 14:26:00,2011-02-11 14:26:00,0,530.15,2,2,2,222,6,Hibernating
18160.0,58,3,1003.88,519,2010-11-18 16:33:00,2011-10-13 15:50:00,329,334.62666666666667,4,3,3,433,10,Loyal Customers
18161.0,16,6,1803.1000000000001,965,2010-11-25 15:55:00,2011-11-24 16:40:00,364,300.5166666666667,5,4,4,544,13,Champions
18162.0,733,1,371.51,332,2009-12-07 13:24:00,2009-12-07 13:24:00,0,371.51,1,2,2,122,5,Hibernating
18163.0,585,1,728.84,452,2010-05-04 14:51:00,2010-05-04 14:51:00,0,728.84,1,2,3,123,6,Hibernating
18164.0,38,1,399.65,184,2011-11-02 12:56:00,2011-11-02 12:56:00,0,399.65,4,2,2,422,8,New / Promising
18165.0,178,1,302.46,254,2011-06-15 13:23:00,2011-06-15 13:23:00,0,302.46,3,2,2,322,7,Needs Attention
18166.0,624,1,175.5,90,2010-03-26 12:26:00,2010-03-26 12:26:00,0,175.5,1,2,1,121,4,Hibernating
18167.0,24,3,1384.8600000000001,382,2011-08-26 11:40:00,2011-11-16 15:56:00,82,461.62000000000006,4,3,4,434,11,Loyal Customers
18168.0,177,16,3698.8,2128,2009-12-03 17:29:00,2011-06-16 19:21:00,560,231.175,3,5,5,355,13,Potential Loyalists
18169.0,61,1,202.65,61,2011-10-10 12:18:00,2011-10-10 12:18:00,0,202.65,3,2,1,321,6,Needs Attention
18170.0,34,9,2878.0,1184,2010-01-08 14:10:00,2011-11-06 14:35:00,667,319.77777777777777,4,5,4,454,13,Champions
18171.0,59,9,2437.31,991,2010-01-05 10:46:00,2011-10-12 09:13:00,645,270.8122222222222,4,5,4,454,13,Champions
18172.0,15,52,17467.24,7407,2009-12-11 09:58:00,2011-11-25 11:12:00,714,335.90846153846155,5,5,5,555,15,Champions
18173.0,87,5,2696.36,1730,2010-04-06 10:43:00,2011-09-14 11:26:00,526,539.272,3,4,4,344,11,Potential Loyalists
18174.0,8,2,162.5,80,2010-04-15 12:17:00,2011-12-02 16:56:00,596,81.25,5,3,1,531,9,Loyal Customers
18175.0,676,1,176.10000000000002,70,2010-02-02 10:25:00,2010-02-02 10:25:00,0,176.10000000000002,1,2,1,121,4,Hibernating
18176.0,359,1,476.35,283,2010-12-16 15:45:00,2010-12-16 15:45:00,0,476.35,2,2,2,222,6,Hibernating
18177.0,32,9,2216.32,1238,2009-12-15 18:57:00,2011-11-08 14:44:00,693,246.2577777777778,4,5,4,454,13,Champions
18178.0,129,11,6103.74,3850,2010-02-18 14:25:00,2011-08-03 09:30:00,531,554.8854545454545,3,5,5,355,13,Potential Loyalists
18179.0,10,8,2547.55,1811,2010-02-14 15:51:00,2011-11-30 16:23:00,654,318.44375,5,5,4,554,14,Champions
18180.0,5,6,1843.75,1721,2011-07-20 08:59:00,2011-12-05 08:39:00,138,307.2916666666667,5,4,4,544,13,Champions
18181.0,25,5,1188.34,510,2009-12-04 15:30:00,2011-11-15 15:08:00,711,237.66799999999998,4,4,3,443,11,Loyal Customers
18182.0,464,1,291.13,167,2010-09-02 14:25:00,2010-09-02 14:25:00,0,291.13,1,2,2,122,5,Hibernating
18183.0,228,2,632.07,371,2011-03-10 10:08:00,2011-04-26 15:26:00,47,316.035,2,3,3,233,8,At Risk
18184.0,16,1,49.8,60,2011-11-24 15:28:00,2011-11-24 15:28:00,0,49.8,5,2,1,521,8,New / Promising
18185.0,250,1,304.25,183,2011-04-04 13:42:00,2011-04-04 13:42:00,0,304.25,2,2,2,222,6,Hibernating
18186.0,723,1,329.58000000000004,338,2009-12-17 10:22:00,2009-12-17 10:22:00,0,329.58000000000004,1,2,2,122,5,Hibernating
18187.0,632,1,724.89,310,2010-03-18 09:49:00,2010-03-18 09:49:00,0,724.89,1,2,3,123,6,Hibernating
18188.0,16,6,3280.59,1888,2010-03-26 11:37:00,2011-11-24 16:46:00,608,546.765,5,4,5,545,14,Champions
18189.0,78,3,1403.73,836,2010-03-24 09:57:00,2011-09-23 12:40:00,548,467.91,3,3,4,334,10,Potential Loyalists
18190.0,193,5,745.62,490,2009-12-22 12:05:00,2011-05-31 14:48:00,525,149.124,2,4,3,243,9,At Risk
18191.0,262,2,529.4,332,2010-08-19 17:42:00,2011-03-23 12:08:00,216,264.7,2,3,2,232,7,At Risk
18192.0,72,1,957.97,339,2011-09-29 09:53:00,2011-09-29 09:53:00,0,957.97,3,2,3,323,8,Needs Attention
18193.0,166,3,1207.3500000000001,926,2010-09-23 13:33:00,2011-06-27 13:58:00,277,402.45000000000005,3,3,3,333,9,Potential Loyalists
18194.0,83,6,4162.04,1774,2010-01-28 15:30:00,2011-09-18 13:29:00,598,693.6733333333333,3,4,5,345,12,Potential Loyalists
18195.0,388,1,101.16,60,2010-11-17 15:03:00,2010-11-17 15:03:00,0,101.16,2,2,1,221,5,Hibernating
18196.0,96,4,1457.19,1038,2010-03-17 14:55:00,2011-09-05 16:22:00,537,364.2975,3,4,4,344,11,Potential Loyalists
18197.0,576,1,230.1,166,2010-05-13 10:46:00,2010-05-13 10:46:00,0,230.1,1,2,1,121,4,Hibernating
18198.0,5,17,5425.56,4074,2011-01-07 13:39:00,2011-12-05 14:49:00,332,319.15058823529415,5,5,5,555,15,Champions
18199.0,684,1,344.75,99,2010-01-25 11:32:00,2010-01-25 11:32:00,0,344.75,1,2,2,122,5,Hibernating
18200.0,107,1,150.35,104,2011-08-25 18:45:00,2011-08-25 18:45:00,0,150.35,3,2,1,321,6,Needs Attention
18201.0,723,1,447.53000000000003,191,2009-12-17 08:55:00,2009-12-17 08:55:00,0,447.53000000000003,1,2,2,122,5,Hibernating
18202.0,200,3,1396.99,581,2011-02-01 13:36:00,2011-05-24 12:12:00,112,465.66333333333336,2,3,4,234,9,At Risk
18203.0,158,4,492.52,111,2009-12-08 13:19:00,2011-07-05 13:07:00,574,123.13,3,4,2,342,9,Potential Loyalists
18204.0,72,3,1975.3500000000001,1190,2011-05-31 15:26:00,2011-09-29 16:44:00,121,658.45,3,3,4,334,10,Potential Loyalists
18205.0,37,2,517.36,192,2011-09-26 12:02:00,2011-11-03 13:22:00,38,258.68,4,3,2,432,9,Loyal Customers
18206.0,554,1,314.65999999999997,246,2010-06-04 13:47:00,2010-06-04 13:47:00,0,314.65999999999997,1,2,2,122,5,Hibernating
18207.0,500,1,544.47,325,2010-07-28 14:26:00,2010-07-28 14:26:00,0,544.47,1,2,2,122,5,Hibernating
18208.0,566,1,360.08,82,2010-05-23 11:54:00,2010-05-23 11:54:00,0,360.08,1,2,2,122,5,Hibernating
18209.0,29,1,139.10000000000002,58,2011-11-11 12:07:00,2011-11-11 12:07:00,0,139.10000000000002,4,2,1,421,7,New / Promising
18210.0,2,7,2768.83,1499,2010-11-22 09:39:00,2011-12-08 11:02:00,381,395.54714285714283,5,4,4,544,13,Champions
18211.0,26,5,600.07,359,2011-03-06 12:09:00,2011-11-14 08:10:00,253,120.01400000000001,4,4,2,442,10,Loyal Customers
18212.0,327,2,514.37,158,2010-01-31 14:42:00,2011-01-17 16:14:00,351,257.185,2,3,2,232,7,At Risk
18213.0,237,1,232.48000000000002,232,2011-04-17 10:21:00,2011-04-17 10:21:00,0,232.48000000000002,2,2,1,221,5,Hibernating
18214.0,531,4,1780.34,989,2010-06-03 19:47:00,2010-06-27 11:21:00,24,445.085,1,4,4,144,9,At Risk High Value
18215.0,90,5,2232.4900000000002,1131,2010-03-26 13:03:00,2011-09-11 16:05:00,534,446.49800000000005,3,4,4,344,11,Potential Loyalists
18216.0,32,1,481.75,200,2011-11-08 16:55:00,2011-11-08 16:55:00,0,481.75,4,2,2,422,8,New / Promising
18217.0,30,4,945.04,740,2010-07-01 15:39:00,2011-11-10 13:18:00,497,236.26,4,4,3,443,11,Loyal Customers
18218.0,212,4,1121.84,1028,2010-02-17 15:11:00,2011-05-12 12:53:00,449,280.46,2,4,3,243,9,At Risk
18219.0,3,17,3562.89,1653,2009-12-07 13:17:00,2011-12-07 11:43:00,730,209.58176470588234,5,5,5,555,15,Champions
18220.0,227,6,1921.76,1352,2009-12-15 11:42:00,2011-04-27 09:03:00,498,320.29333333333335,2,4,4,244,10,At Risk High Value
18221.0,23,6,1424.94,1000,2010-11-14 15:46:00,2011-11-17 14:40:00,368,237.49,4,4,4,444,12,Champions
18222.0,93,1,443.0,335,2011-09-08 10:45:00,2011-09-08 10:45:00,0,443.0,3,2,2,322,7,Needs Attention
18223.0,5,26,14000.85,6644,2009-12-04 12:20:00,2011-12-05 09:11:00,731,538.4942307692307,5,5,5,555,15,Champions
18224.0,264,1,158.95000000000002,69,2011-03-21 10:30:00,2011-03-21 10:30:00,0,158.95000000000002,2,2,1,221,5,Hibernating
18225.0,4,26,13044.8,7298,2009-12-04 16:52:00,2011-12-06 13:27:00,732,501.7230769230769,5,5,5,555,15,Champions
18226.0,45,26,11878.88,7883,2010-03-05 10:05:00,2011-10-26 13:36:00,600,456.88,4,5,5,455,14,Champions
18227.0,218,2,388.75,22,2010-08-12 16:45:00,2011-05-06 12:23:00,267,194.375,2,3,2,232,7,At Risk
18228.0,57,2,779.9,238,2011-09-21 10:48:00,2011-10-14 09:21:00,23,389.95,4,3,3,433,10,Loyal Customers
18229.0,12,28,10803.71,3183,2009-12-03 14:42:00,2011-11-28 09:48:00,725,385.84678571428566,5,5,5,555,15,Champions
18230.0,10,9,4291.06,1996,2010-07-02 10:01:00,2011-11-30 13:22:00,516,476.7844444444445,5,5,5,555,15,Champions
18231.0,193,28,6854.17,2915,2010-01-10 12:13:00,2011-05-31 14:18:00,506,244.7917857142857,2,5,5,255,12,At Risk High Value
18232.0,82,4,592.97,302,2011-05-26 16:30:00,2011-09-19 11:49:00,116,148.2425,3,4,2,342,9,Potential Loyalists
18233.0,326,1,440.0,4,2011-01-18 08:44:00,2011-01-18 08:44:00,0,440.0,2,2,2,222,6,Hibernating
18234.0,552,1,179.6,80,2010-06-06 11:22:00,2010-06-06 11:22:00,0,179.6,1,2,1,121,4,Hibernating
18235.0,72,3,1796.48,1578,2011-05-06 13:35:00,2011-09-29 08:27:00,146,598.8266666666667,3,3,4,334,10,Potential Loyalists
18236.0,30,12,1795.3500000000001,696,2010-04-15 13:39:00,2011-11-10 08:06:00,574,149.6125,4,5,4,454,13,Champions
18237.0,3,5,987.1,622,2011-07-28 13:05:00,2011-12-07 12:49:00,132,197.42000000000002,5,4,3,543,12,Loyal Customers
18238.0,516,1,270.92,114,2010-07-12 12:51:00,2010-07-12 12:51:00,0,270.92,1,2,1,121,4,Hibernating
18239.0,219,6,2150.36,1052,2010-10-13 10:11:00,2011-05-05 12:38:00,204,358.3933333333334,2,4,4,244,10,At Risk High Value
18240.0,47,1,422.58,126,2011-10-24 13:06:00,2011-10-24 13:06:00,0,422.58,4,2,2,422,8,New / Promising
18241.0,10,21,2986.9900000000002,1471,2010-04-01 11:55:00,2011-11-30 12:10:00,608,142.23761904761906,5,5,5,555,15,Champions
18242.0,73,8,3605.21,2021,2010-01-11 08:49:00,2011-09-28 13:43:00,625,450.65125,3,5,5,355,13,Potential Loyalists
18243.0,415,1,515.78,221,2010-10-21 14:29:00,2010-10-21 14:29:00,0,515.78,1,2,2,122,5,Hibernating
18244.0,431,2,568.64,856,2010-07-25 10:30:00,2010-10-05 11:15:00,72,284.32,1,3,2,132,6,At Risk
18245.0,8,20,6324.9800000000005,5098,2010-03-08 15:26:00,2011-12-02 14:48:00,634,316.249,5,5,5,555,15,Champions
18246.0,24,3,758.8199999999999,214,2010-04-09 10:19:00,2011-11-16 11:49:00,586,252.93999999999997,4,3,3,433,10,Loyal Customers
18247.0,415,3,839.73,335,2010-03-18 15:52:00,2010-10-21 09:49:00,217,279.91,1,3,3,133,7,At Risk
18248.0,123,2,804.02,511,2011-06-06 13:18:00,2011-08-09 10:19:00,64,402.01,3,3,3,333,9,Potential Loyalists
18249.0,18,1,95.34,128,2011-11-22 15:07:00,2011-11-22 15:07:00,0,95.34,5,2,1,521,8,New / Promising
18250.0,311,1,349.27,199,2011-02-02 13:16:00,2011-02-02 13:16:00,0,349.27,2,2,2,222,6,Hibernating
18251.0,88,9,26278.86,39639,2009-12-22 12:01:00,2011-09-13 15:03:00,630,2919.8733333333334,3,5,5,355,13,Potential Loyalists
18252.0,51,7,1533.69,932,2009-12-18 16:13:00,2011-10-20 12:43:00,671,219.09857142857143,4,4,4,444,12,Champions
18253.0,643,1,317.88,128,2010-03-07 12:38:00,2010-03-07 12:38:00,0,317.88,1,2,2,122,5,Hibernating
18254.0,582,1,267.9,188,2010-05-07 14:37:00,2010-05-07 14:37:00,0,267.9,1,2,1,121,4,Hibernating
18255.0,90,2,303.15,201,2010-09-09 16:31:00,2011-09-11 13:16:00,367,151.575,3,3,2,332,8,Potential Loyalists
18256.0,388,1,110.69999999999999,180,2010-11-17 08:53:00,2010-11-17 08:53:00,0,110.69999999999999,2,2,1,221,5,Hibernating
18257.0,40,12,4600.15,2369,2010-02-18 16:20:00,2011-10-31 14:48:00,620,383.3458333333333,4,5,5,455,14,Champions
18258.0,465,6,2059.67,1981,2010-05-16 11:35:00,2010-09-01 14:20:00,108,343.27833333333336,1,4,4,144,9,At Risk High Value
18259.0,25,7,4318.2,1390,2009-12-08 08:38:00,2011-11-15 12:34:00,707,616.8857142857142,4,4,5,445,13,Champions
18260.0,173,23,9947.26,5244,2009-12-15 13:50:00,2011-06-20 12:37:00,552,432.4895652173913,3,5,5,355,13,Potential Loyalists
18261.0,44,2,324.24,146,2011-09-05 09:34:00,2011-10-27 15:36:00,52,162.12,4,3,2,432,9,Loyal Customers
18262.0,141,3,577.54,552,2010-04-16 09:05:00,2011-07-22 16:04:00,462,192.51333333333332,3,3,2,332,8,Potential Loyalists
18263.0,26,3,1213.16,1468,2011-04-01 11:48:00,2011-11-14 09:00:00,227,404.3866666666667,4,3,3,433,10,Loyal Customers
18264.0,499,1,603.25,241,2010-07-29 10:02:00,2010-07-29 10:02:00,0,603.25,1,2,2,122,5,Hibernating
18265.0,73,2,801.51,311,2011-07-04 15:26:00,2011-09-28 14:10:00,86,400.755,3,3,3,333,9,Potential Loyalists
18266.0,435,1,251.1,138,2010-10-01 15:33:00,2010-10-01 15:33:00,0,251.1,1,2,1,121,4,Hibernating
18267.0,673,1,269.37,135,2010-02-05 08:43:00,2010-02-05 08:43:00,0,269.37,1,2,1,121,4,Hibernating
18268.0,135,6,1490.23,711,2009-12-11 10:27:00,2011-07-28 19:13:00,594,248.37166666666667,3,4,4,344,11,Potential Loyalists
18269.0,367,1,337.20000000000005,152,2010-12-08 13:53:00,2010-12-08 13:53:00,0,337.20000000000005,2,2,2,222,6,Hibernating
18270.0,39,3,444.55,209,2010-10-03 10:49:00,2011-11-01 13:57:00,394,148.18333333333334,4,3,2,432,9,Loyal Customers
18271.0,610,2,680.85,319,2009-12-08 11:27:00,2010-04-09 09:26:00,122,340.425,1,3,3,133,7,At Risk
18272.0,3,9,4385.9800000000005,2880,2010-03-04 12:53:00,2011-12-07 12:43:00,643,487.33111111111117,5,5,5,555,15,Champions
18273.0,3,4,357.0,140,2010-04-28 12:24:00,2011-12-07 13:16:00,588,89.25,5,4,2,542,11,Loyal Customers
18274.0,31,1,175.92,88,2011-11-09 17:03:00,2011-11-09 17:03:00,0,175.92,4,2,1,421,7,New / Promising
18275.0,579,2,741.85,417,2009-12-08 16:23:00,2010-05-10 15:46:00,153,370.925,1,3,3,133,7,At Risk
18276.0,44,6,1656.52,1246,2009-12-10 17:14:00,2011-10-27 10:54:00,686,276.08666666666664,4,4,4,444,12,Champions
18277.0,59,5,1180.05,449,2010-08-02 10:26:00,2011-10-12 15:22:00,436,236.01,4,4,3,443,11,Loyal Customers
18278.0,74,2,414.20000000000005,140,2010-10-31 12:13:00,2011-09-27 11:58:00,331,207.10000000000002,3,3,2,332,8,Potential Loyalists
18279.0,520,1,231.34,630,2010-07-08 14:48:00,2010-07-08 14:48:00,0,231.34,1,2,1,121,4,Hibernating
18280.0,278,2,488.15000000000003,194,2010-11-10 15:51:00,2011-03-07 09:52:00,117,244.07500000000002,2,3,2,232,7,At Risk
18281.0,181,2,201.14,146,2010-05-11 10:49:00,2011-06-12 10:53:00,397,100.57,3,3,1,331,7,Potential Loyalists
18282.0,8,2,178.05,103,2011-08-05 13:35:00,2011-12-02 11:43:00,119,89.025,5,3,1,531,9,Loyal Customers
18283.0,4,22,2664.9,1679,2010-02-19 17:16:00,2011-12-06 12:02:00,655,121.13181818181819,5,5,4,554,14,Champions
18284.0,432,1,461.68,494,2010-10-04 11:33:00,2010-10-04 11:33:00,0,461.68,1,2,2,122,5,Hibernating
18285.0,661,1,427.0,145,2010-02-17 10:24:00,2010-02-17 10:24:00,0,427.0,1,2,2,122,5,Hibernating
18286.0,477,2,1296.43,608,2009-12-16 10:45:00,2010-08-20 11:57:00,247,648.215,1,3,4,134,8,At Risk
18287.0,43,7,4182.99,3013,2010-05-17 11:55:00,2011-10-28 09:29:00,529,597.5699999999999,4,4,5,445,13,Champions
